 0.00000000e+00  3.30000000e+00  0.00000000e+00  3.30000000e+00  0.00000000e+00  3.29999988e+00  0.00000000e+00  3.29999989e+00  0.00000000e+00  0.00000000e+00  0.00000000e+00  0.00000000e+00 
 2.00000000e-13  3.30000000e+00  2.00000000e-13  3.30000000e+00  2.00000000e-13  3.29999988e+00  2.00000000e-13  3.29999989e+00  2.00000000e-13  0.00000000e+00  2.00000000e-13  0.00000000e+00 
 4.00000000e-13  3.30000000e+00  4.00000000e-13  3.30000000e+00  4.00000000e-13  3.29999988e+00  4.00000000e-13  3.29999989e+00  4.00000000e-13  0.00000000e+00  4.00000000e-13  0.00000000e+00 
 8.00000000e-13  3.30000000e+00  8.00000000e-13  3.30000000e+00  8.00000000e-13  3.29999988e+00  8.00000000e-13  3.29999989e+00  8.00000000e-13  0.00000000e+00  8.00000000e-13  0.00000000e+00 
 1.60000000e-12  3.30000000e+00  1.60000000e-12  3.30000000e+00  1.60000000e-12  3.29999988e+00  1.60000000e-12  3.29999990e+00  1.60000000e-12  0.00000000e+00  1.60000000e-12  0.00000000e+00 
 3.20000000e-12  3.30000000e+00  3.20000000e-12  3.30000000e+00  3.20000000e-12  3.29999988e+00  3.20000000e-12  3.29999990e+00  3.20000000e-12  0.00000000e+00  3.20000000e-12  0.00000000e+00 
 6.40000000e-12  3.30000000e+00  6.40000000e-12  3.30000000e+00  6.40000000e-12  3.29999988e+00  6.40000000e-12  3.29999991e+00  6.40000000e-12  0.00000000e+00  6.40000000e-12  0.00000000e+00 
 1.28000000e-11  3.30000000e+00  1.28000000e-11  3.30000000e+00  1.28000000e-11  3.29999988e+00  1.28000000e-11  3.29999992e+00  1.28000000e-11  0.00000000e+00  1.28000000e-11  0.00000000e+00 
 2.56000000e-11  3.30000000e+00  2.56000000e-11  3.30000000e+00  2.56000000e-11  3.29999988e+00  2.56000000e-11  3.29999995e+00  2.56000000e-11  0.00000000e+00  2.56000000e-11  0.00000000e+00 
 4.56000000e-11  3.30000000e+00  4.56000000e-11  3.30000000e+00  4.56000000e-11  3.29999988e+00  4.56000000e-11  3.29999999e+00  4.56000000e-11  0.00000000e+00  4.56000000e-11  0.00000000e+00 
 6.56000000e-11  3.30000000e+00  6.56000000e-11  3.30000000e+00  6.56000000e-11  3.29999988e+00  6.56000000e-11  3.30000002e+00  6.56000000e-11  0.00000000e+00  6.56000000e-11  0.00000000e+00 
 8.56000000e-11  3.30000000e+00  8.56000000e-11  3.30000000e+00  8.56000000e-11  3.29999988e+00  8.56000000e-11  3.30000005e+00  8.56000000e-11  0.00000000e+00  8.56000000e-11  0.00000000e+00 
 1.05600000e-10  3.30000000e+00  1.05600000e-10  3.30000000e+00  1.05600000e-10  3.29999988e+00  1.05600000e-10  3.30000007e+00  1.05600000e-10  0.00000000e+00  1.05600000e-10  0.00000000e+00 
 1.25600000e-10  3.30000000e+00  1.25600000e-10  3.30000000e+00  1.25600000e-10  3.29999988e+00  1.25600000e-10  3.30000009e+00  1.25600000e-10  0.00000000e+00  1.25600000e-10  0.00000000e+00 
 1.45600000e-10  3.30000000e+00  1.45600000e-10  3.30000000e+00  1.45600000e-10  3.29999988e+00  1.45600000e-10  3.30000010e+00  1.45600000e-10  0.00000000e+00  1.45600000e-10  0.00000000e+00 
 1.65600000e-10  3.30000000e+00  1.65600000e-10  3.30000000e+00  1.65600000e-10  3.29999988e+00  1.65600000e-10  3.30000011e+00  1.65600000e-10  0.00000000e+00  1.65600000e-10  0.00000000e+00 
 1.85600000e-10  3.30000000e+00  1.85600000e-10  3.30000000e+00  1.85600000e-10  3.29999988e+00  1.85600000e-10  3.30000012e+00  1.85600000e-10  0.00000000e+00  1.85600000e-10  0.00000000e+00 
 2.05600000e-10  3.30000000e+00  2.05600000e-10  3.30000000e+00  2.05600000e-10  3.29999988e+00  2.05600000e-10  3.30000013e+00  2.05600000e-10  0.00000000e+00  2.05600000e-10  0.00000000e+00 
 2.25600000e-10  3.30000000e+00  2.25600000e-10  3.30000000e+00  2.25600000e-10  3.29999988e+00  2.25600000e-10  3.30000013e+00  2.25600000e-10  0.00000000e+00  2.25600000e-10  0.00000000e+00 
 2.45600000e-10  3.30000000e+00  2.45600000e-10  3.30000000e+00  2.45600000e-10  3.29999988e+00  2.45600000e-10  3.30000014e+00  2.45600000e-10  0.00000000e+00  2.45600000e-10  0.00000000e+00 
 2.65600000e-10  3.30000000e+00  2.65600000e-10  3.30000000e+00  2.65600000e-10  3.29999988e+00  2.65600000e-10  3.30000014e+00  2.65600000e-10  0.00000000e+00  2.65600000e-10  0.00000000e+00 
 2.85600000e-10  3.30000000e+00  2.85600000e-10  3.30000000e+00  2.85600000e-10  3.29999988e+00  2.85600000e-10  3.30000014e+00  2.85600000e-10  0.00000000e+00  2.85600000e-10  0.00000000e+00 
 3.05600000e-10  3.30000000e+00  3.05600000e-10  3.30000000e+00  3.05600000e-10  3.29999988e+00  3.05600000e-10  3.30000014e+00  3.05600000e-10  0.00000000e+00  3.05600000e-10  0.00000000e+00 
 3.25600000e-10  3.30000000e+00  3.25600000e-10  3.30000000e+00  3.25600000e-10  3.29999988e+00  3.25600000e-10  3.30000015e+00  3.25600000e-10  0.00000000e+00  3.25600000e-10  0.00000000e+00 
 3.45600000e-10  3.30000000e+00  3.45600000e-10  3.30000000e+00  3.45600000e-10  3.29999988e+00  3.45600000e-10  3.30000015e+00  3.45600000e-10  0.00000000e+00  3.45600000e-10  0.00000000e+00 
 3.65600000e-10  3.30000000e+00  3.65600000e-10  3.30000000e+00  3.65600000e-10  3.29999988e+00  3.65600000e-10  3.30000015e+00  3.65600000e-10  0.00000000e+00  3.65600000e-10  0.00000000e+00 
 3.85600000e-10  3.30000000e+00  3.85600000e-10  3.30000000e+00  3.85600000e-10  3.29999988e+00  3.85600000e-10  3.30000015e+00  3.85600000e-10  0.00000000e+00  3.85600000e-10  0.00000000e+00 
 4.05600000e-10  3.30000000e+00  4.05600000e-10  3.30000000e+00  4.05600000e-10  3.29999988e+00  4.05600000e-10  3.30000015e+00  4.05600000e-10  0.00000000e+00  4.05600000e-10  0.00000000e+00 
 4.25600000e-10  3.30000000e+00  4.25600000e-10  3.30000000e+00  4.25600000e-10  3.29999988e+00  4.25600000e-10  3.30000015e+00  4.25600000e-10  0.00000000e+00  4.25600000e-10  0.00000000e+00 
 4.45600000e-10  3.30000000e+00  4.45600000e-10  3.30000000e+00  4.45600000e-10  3.29999988e+00  4.45600000e-10  3.30000015e+00  4.45600000e-10  0.00000000e+00  4.45600000e-10  0.00000000e+00 
 4.65600000e-10  3.30000000e+00  4.65600000e-10  3.30000000e+00  4.65600000e-10  3.29999988e+00  4.65600000e-10  3.30000015e+00  4.65600000e-10  0.00000000e+00  4.65600000e-10  0.00000000e+00 
 4.85600000e-10  3.30000000e+00  4.85600000e-10  3.30000000e+00  4.85600000e-10  3.29999988e+00  4.85600000e-10  3.30000015e+00  4.85600000e-10  0.00000000e+00  4.85600000e-10  0.00000000e+00 
 5.05600000e-10  3.30000000e+00  5.05600000e-10  3.30000000e+00  5.05600000e-10  3.29999988e+00  5.05600000e-10  3.30000015e+00  5.05600000e-10  0.00000000e+00  5.05600000e-10  0.00000000e+00 
 5.25600000e-10  3.30000000e+00  5.25600000e-10  3.30000000e+00  5.25600000e-10  3.29999988e+00  5.25600000e-10  3.30000015e+00  5.25600000e-10  0.00000000e+00  5.25600000e-10  0.00000000e+00 
 5.45600000e-10  3.30000000e+00  5.45600000e-10  3.30000000e+00  5.45600000e-10  3.29999988e+00  5.45600000e-10  3.30000015e+00  5.45600000e-10  0.00000000e+00  5.45600000e-10  0.00000000e+00 
 5.65600000e-10  3.30000000e+00  5.65600000e-10  3.30000000e+00  5.65600000e-10  3.29999988e+00  5.65600000e-10  3.30000015e+00  5.65600000e-10  0.00000000e+00  5.65600000e-10  0.00000000e+00 
 5.85600000e-10  3.30000000e+00  5.85600000e-10  3.30000000e+00  5.85600000e-10  3.29999988e+00  5.85600000e-10  3.30000015e+00  5.85600000e-10  0.00000000e+00  5.85600000e-10  0.00000000e+00 
 6.05600000e-10  3.30000000e+00  6.05600000e-10  3.30000000e+00  6.05600000e-10  3.29999988e+00  6.05600000e-10  3.30000015e+00  6.05600000e-10  0.00000000e+00  6.05600000e-10  0.00000000e+00 
 6.25600000e-10  3.30000000e+00  6.25600000e-10  3.30000000e+00  6.25600000e-10  3.29999988e+00  6.25600000e-10  3.30000015e+00  6.25600000e-10  0.00000000e+00  6.25600000e-10  0.00000000e+00 
 6.45600000e-10  3.30000000e+00  6.45600000e-10  3.30000000e+00  6.45600000e-10  3.29999988e+00  6.45600000e-10  3.30000015e+00  6.45600000e-10  0.00000000e+00  6.45600000e-10  0.00000000e+00 
 6.65600000e-10  3.30000000e+00  6.65600000e-10  3.30000000e+00  6.65600000e-10  3.29999988e+00  6.65600000e-10  3.30000015e+00  6.65600000e-10  0.00000000e+00  6.65600000e-10  0.00000000e+00 
 6.85600000e-10  3.30000000e+00  6.85600000e-10  3.30000000e+00  6.85600000e-10  3.29999988e+00  6.85600000e-10  3.30000015e+00  6.85600000e-10  0.00000000e+00  6.85600000e-10  0.00000000e+00 
 7.05600000e-10  3.30000000e+00  7.05600000e-10  3.30000000e+00  7.05600000e-10  3.29999988e+00  7.05600000e-10  3.30000015e+00  7.05600000e-10  0.00000000e+00  7.05600000e-10  0.00000000e+00 
 7.25600000e-10  3.30000000e+00  7.25600000e-10  3.30000000e+00  7.25600000e-10  3.29999988e+00  7.25600000e-10  3.30000015e+00  7.25600000e-10  0.00000000e+00  7.25600000e-10  0.00000000e+00 
 7.45600000e-10  3.30000000e+00  7.45600000e-10  3.30000000e+00  7.45600000e-10  3.29999988e+00  7.45600000e-10  3.30000015e+00  7.45600000e-10  0.00000000e+00  7.45600000e-10  0.00000000e+00 
 7.65600000e-10  3.30000000e+00  7.65600000e-10  3.30000000e+00  7.65600000e-10  3.29999988e+00  7.65600000e-10  3.30000015e+00  7.65600000e-10  0.00000000e+00  7.65600000e-10  0.00000000e+00 
 7.85600000e-10  3.30000000e+00  7.85600000e-10  3.30000000e+00  7.85600000e-10  3.29999988e+00  7.85600000e-10  3.30000015e+00  7.85600000e-10  0.00000000e+00  7.85600000e-10  0.00000000e+00 
 8.05600000e-10  3.30000000e+00  8.05600000e-10  3.30000000e+00  8.05600000e-10  3.29999988e+00  8.05600000e-10  3.30000015e+00  8.05600000e-10  0.00000000e+00  8.05600000e-10  0.00000000e+00 
 8.25600000e-10  3.30000000e+00  8.25600000e-10  3.30000000e+00  8.25600000e-10  3.29999988e+00  8.25600000e-10  3.30000015e+00  8.25600000e-10  0.00000000e+00  8.25600000e-10  0.00000000e+00 
 8.45600000e-10  3.30000000e+00  8.45600000e-10  3.30000000e+00  8.45600000e-10  3.29999988e+00  8.45600000e-10  3.30000015e+00  8.45600000e-10  0.00000000e+00  8.45600000e-10  0.00000000e+00 
 8.65600000e-10  3.30000000e+00  8.65600000e-10  3.30000000e+00  8.65600000e-10  3.29999988e+00  8.65600000e-10  3.30000015e+00  8.65600000e-10  0.00000000e+00  8.65600000e-10  0.00000000e+00 
 8.85600000e-10  3.30000000e+00  8.85600000e-10  3.30000000e+00  8.85600000e-10  3.29999988e+00  8.85600000e-10  3.30000015e+00  8.85600000e-10  0.00000000e+00  8.85600000e-10  0.00000000e+00 
 9.05600000e-10  3.30000000e+00  9.05600000e-10  3.30000000e+00  9.05600000e-10  3.29999988e+00  9.05600000e-10  3.30000015e+00  9.05600000e-10  0.00000000e+00  9.05600000e-10  0.00000000e+00 
 9.25600000e-10  3.30000000e+00  9.25600000e-10  3.30000000e+00  9.25600000e-10  3.29999988e+00  9.25600000e-10  3.30000015e+00  9.25600000e-10  0.00000000e+00  9.25600000e-10  0.00000000e+00 
 9.45600000e-10  3.30000000e+00  9.45600000e-10  3.30000000e+00  9.45600000e-10  3.29999988e+00  9.45600000e-10  3.30000015e+00  9.45600000e-10  0.00000000e+00  9.45600000e-10  0.00000000e+00 
 9.65600000e-10  3.30000000e+00  9.65600000e-10  3.30000000e+00  9.65600000e-10  3.29999988e+00  9.65600000e-10  3.30000015e+00  9.65600000e-10  0.00000000e+00  9.65600000e-10  0.00000000e+00 
 9.85600000e-10  3.30000000e+00  9.85600000e-10  3.30000000e+00  9.85600000e-10  3.29999988e+00  9.85600000e-10  3.30000015e+00  9.85600000e-10  0.00000000e+00  9.85600000e-10  0.00000000e+00 
 1.00560000e-09  3.30000000e+00  1.00560000e-09  3.30000000e+00  1.00560000e-09  3.29999988e+00  1.00560000e-09  3.30000015e+00  1.00560000e-09  0.00000000e+00  1.00560000e-09  0.00000000e+00 
 1.02560000e-09  3.30000000e+00  1.02560000e-09  3.30000000e+00  1.02560000e-09  3.29999988e+00  1.02560000e-09  3.30000015e+00  1.02560000e-09  0.00000000e+00  1.02560000e-09  0.00000000e+00 
 1.04560000e-09  3.30000000e+00  1.04560000e-09  3.30000000e+00  1.04560000e-09  3.29999988e+00  1.04560000e-09  3.30000015e+00  1.04560000e-09  0.00000000e+00  1.04560000e-09  0.00000000e+00 
 1.06560000e-09  3.30000000e+00  1.06560000e-09  3.30000000e+00  1.06560000e-09  3.29999988e+00  1.06560000e-09  3.30000015e+00  1.06560000e-09  0.00000000e+00  1.06560000e-09  0.00000000e+00 
 1.08560000e-09  3.30000000e+00  1.08560000e-09  3.30000000e+00  1.08560000e-09  3.29999988e+00  1.08560000e-09  3.30000015e+00  1.08560000e-09  0.00000000e+00  1.08560000e-09  0.00000000e+00 
 1.10560000e-09  3.30000000e+00  1.10560000e-09  3.30000000e+00  1.10560000e-09  3.29999988e+00  1.10560000e-09  3.30000015e+00  1.10560000e-09  0.00000000e+00  1.10560000e-09  0.00000000e+00 
 1.12560000e-09  3.30000000e+00  1.12560000e-09  3.30000000e+00  1.12560000e-09  3.29999988e+00  1.12560000e-09  3.30000015e+00  1.12560000e-09  0.00000000e+00  1.12560000e-09  0.00000000e+00 
 1.14560000e-09  3.30000000e+00  1.14560000e-09  3.30000000e+00  1.14560000e-09  3.29999988e+00  1.14560000e-09  3.30000015e+00  1.14560000e-09  0.00000000e+00  1.14560000e-09  0.00000000e+00 
 1.16560000e-09  3.30000000e+00  1.16560000e-09  3.30000000e+00  1.16560000e-09  3.29999988e+00  1.16560000e-09  3.30000015e+00  1.16560000e-09  0.00000000e+00  1.16560000e-09  0.00000000e+00 
 1.18560000e-09  3.30000000e+00  1.18560000e-09  3.30000000e+00  1.18560000e-09  3.29999988e+00  1.18560000e-09  3.30000015e+00  1.18560000e-09  0.00000000e+00  1.18560000e-09  0.00000000e+00 
 1.20560000e-09  3.30000000e+00  1.20560000e-09  3.30000000e+00  1.20560000e-09  3.29999988e+00  1.20560000e-09  3.30000015e+00  1.20560000e-09  0.00000000e+00  1.20560000e-09  0.00000000e+00 
 1.22560000e-09  3.30000000e+00  1.22560000e-09  3.30000000e+00  1.22560000e-09  3.29999988e+00  1.22560000e-09  3.30000015e+00  1.22560000e-09  0.00000000e+00  1.22560000e-09  0.00000000e+00 
 1.24560000e-09  3.30000000e+00  1.24560000e-09  3.30000000e+00  1.24560000e-09  3.29999988e+00  1.24560000e-09  3.30000015e+00  1.24560000e-09  0.00000000e+00  1.24560000e-09  0.00000000e+00 
 1.26560000e-09  3.30000000e+00  1.26560000e-09  3.30000000e+00  1.26560000e-09  3.29999988e+00  1.26560000e-09  3.30000015e+00  1.26560000e-09  0.00000000e+00  1.26560000e-09  0.00000000e+00 
 1.28560000e-09  3.30000000e+00  1.28560000e-09  3.30000000e+00  1.28560000e-09  3.29999988e+00  1.28560000e-09  3.30000015e+00  1.28560000e-09  0.00000000e+00  1.28560000e-09  0.00000000e+00 
 1.30560000e-09  3.30000000e+00  1.30560000e-09  3.30000000e+00  1.30560000e-09  3.29999988e+00  1.30560000e-09  3.30000015e+00  1.30560000e-09  0.00000000e+00  1.30560000e-09  0.00000000e+00 
 1.32560000e-09  3.30000000e+00  1.32560000e-09  3.30000000e+00  1.32560000e-09  3.29999988e+00  1.32560000e-09  3.30000015e+00  1.32560000e-09  0.00000000e+00  1.32560000e-09  0.00000000e+00 
 1.34560000e-09  3.30000000e+00  1.34560000e-09  3.30000000e+00  1.34560000e-09  3.29999988e+00  1.34560000e-09  3.30000015e+00  1.34560000e-09  0.00000000e+00  1.34560000e-09  0.00000000e+00 
 1.36560000e-09  3.30000000e+00  1.36560000e-09  3.30000000e+00  1.36560000e-09  3.29999988e+00  1.36560000e-09  3.30000015e+00  1.36560000e-09  0.00000000e+00  1.36560000e-09  0.00000000e+00 
 1.38560000e-09  3.30000000e+00  1.38560000e-09  3.30000000e+00  1.38560000e-09  3.29999988e+00  1.38560000e-09  3.30000015e+00  1.38560000e-09  0.00000000e+00  1.38560000e-09  0.00000000e+00 
 1.40560000e-09  3.30000000e+00  1.40560000e-09  3.30000000e+00  1.40560000e-09  3.29999988e+00  1.40560000e-09  3.30000015e+00  1.40560000e-09  0.00000000e+00  1.40560000e-09  0.00000000e+00 
 1.42560000e-09  3.30000000e+00  1.42560000e-09  3.30000000e+00  1.42560000e-09  3.29999988e+00  1.42560000e-09  3.30000015e+00  1.42560000e-09  0.00000000e+00  1.42560000e-09  0.00000000e+00 
 1.44560000e-09  3.30000000e+00  1.44560000e-09  3.30000000e+00  1.44560000e-09  3.29999988e+00  1.44560000e-09  3.30000015e+00  1.44560000e-09  0.00000000e+00  1.44560000e-09  0.00000000e+00 
 1.46560000e-09  3.30000000e+00  1.46560000e-09  3.30000000e+00  1.46560000e-09  3.29999988e+00  1.46560000e-09  3.30000015e+00  1.46560000e-09  0.00000000e+00  1.46560000e-09  0.00000000e+00 
 1.48560000e-09  3.30000000e+00  1.48560000e-09  3.30000000e+00  1.48560000e-09  3.29999988e+00  1.48560000e-09  3.30000015e+00  1.48560000e-09  0.00000000e+00  1.48560000e-09  0.00000000e+00 
 1.50560000e-09  3.30000000e+00  1.50560000e-09  3.30000000e+00  1.50560000e-09  3.29999988e+00  1.50560000e-09  3.30000015e+00  1.50560000e-09  0.00000000e+00  1.50560000e-09  0.00000000e+00 
 1.52560000e-09  3.30000000e+00  1.52560000e-09  3.30000000e+00  1.52560000e-09  3.29999988e+00  1.52560000e-09  3.30000015e+00  1.52560000e-09  0.00000000e+00  1.52560000e-09  0.00000000e+00 
 1.54560000e-09  3.30000000e+00  1.54560000e-09  3.30000000e+00  1.54560000e-09  3.29999988e+00  1.54560000e-09  3.30000015e+00  1.54560000e-09  0.00000000e+00  1.54560000e-09  0.00000000e+00 
 1.56560000e-09  3.30000000e+00  1.56560000e-09  3.30000000e+00  1.56560000e-09  3.29999988e+00  1.56560000e-09  3.30000015e+00  1.56560000e-09  0.00000000e+00  1.56560000e-09  0.00000000e+00 
 1.58560000e-09  3.30000000e+00  1.58560000e-09  3.30000000e+00  1.58560000e-09  3.29999988e+00  1.58560000e-09  3.30000015e+00  1.58560000e-09  0.00000000e+00  1.58560000e-09  0.00000000e+00 
 1.60560000e-09  3.30000000e+00  1.60560000e-09  3.30000000e+00  1.60560000e-09  3.29999988e+00  1.60560000e-09  3.30000015e+00  1.60560000e-09  0.00000000e+00  1.60560000e-09  0.00000000e+00 
 1.62560000e-09  3.30000000e+00  1.62560000e-09  3.30000000e+00  1.62560000e-09  3.29999988e+00  1.62560000e-09  3.30000015e+00  1.62560000e-09  0.00000000e+00  1.62560000e-09  0.00000000e+00 
 1.64560000e-09  3.30000000e+00  1.64560000e-09  3.30000000e+00  1.64560000e-09  3.29999988e+00  1.64560000e-09  3.30000015e+00  1.64560000e-09  0.00000000e+00  1.64560000e-09  0.00000000e+00 
 1.66560000e-09  3.30000000e+00  1.66560000e-09  3.30000000e+00  1.66560000e-09  3.29999988e+00  1.66560000e-09  3.30000015e+00  1.66560000e-09  0.00000000e+00  1.66560000e-09  0.00000000e+00 
 1.68560000e-09  3.30000000e+00  1.68560000e-09  3.30000000e+00  1.68560000e-09  3.29999988e+00  1.68560000e-09  3.30000015e+00  1.68560000e-09  0.00000000e+00  1.68560000e-09  0.00000000e+00 
 1.70560000e-09  3.30000000e+00  1.70560000e-09  3.30000000e+00  1.70560000e-09  3.29999988e+00  1.70560000e-09  3.30000015e+00  1.70560000e-09  0.00000000e+00  1.70560000e-09  0.00000000e+00 
 1.72560000e-09  3.30000000e+00  1.72560000e-09  3.30000000e+00  1.72560000e-09  3.29999988e+00  1.72560000e-09  3.30000015e+00  1.72560000e-09  0.00000000e+00  1.72560000e-09  0.00000000e+00 
 1.74560000e-09  3.30000000e+00  1.74560000e-09  3.30000000e+00  1.74560000e-09  3.29999988e+00  1.74560000e-09  3.30000015e+00  1.74560000e-09  0.00000000e+00  1.74560000e-09  0.00000000e+00 
 1.76560000e-09  3.30000000e+00  1.76560000e-09  3.30000000e+00  1.76560000e-09  3.29999988e+00  1.76560000e-09  3.30000015e+00  1.76560000e-09  0.00000000e+00  1.76560000e-09  0.00000000e+00 
 1.78560000e-09  3.30000000e+00  1.78560000e-09  3.30000000e+00  1.78560000e-09  3.29999988e+00  1.78560000e-09  3.30000015e+00  1.78560000e-09  0.00000000e+00  1.78560000e-09  0.00000000e+00 
 1.80560000e-09  3.30000000e+00  1.80560000e-09  3.30000000e+00  1.80560000e-09  3.29999988e+00  1.80560000e-09  3.30000015e+00  1.80560000e-09  0.00000000e+00  1.80560000e-09  0.00000000e+00 
 1.82560000e-09  3.30000000e+00  1.82560000e-09  3.30000000e+00  1.82560000e-09  3.29999988e+00  1.82560000e-09  3.30000015e+00  1.82560000e-09  0.00000000e+00  1.82560000e-09  0.00000000e+00 
 1.84560000e-09  3.30000000e+00  1.84560000e-09  3.30000000e+00  1.84560000e-09  3.29999988e+00  1.84560000e-09  3.30000015e+00  1.84560000e-09  0.00000000e+00  1.84560000e-09  0.00000000e+00 
 1.86560000e-09  3.30000000e+00  1.86560000e-09  3.30000000e+00  1.86560000e-09  3.29999988e+00  1.86560000e-09  3.30000015e+00  1.86560000e-09  0.00000000e+00  1.86560000e-09  0.00000000e+00 
 1.88560000e-09  3.30000000e+00  1.88560000e-09  3.30000000e+00  1.88560000e-09  3.29999988e+00  1.88560000e-09  3.30000015e+00  1.88560000e-09  0.00000000e+00  1.88560000e-09  0.00000000e+00 
 1.90560000e-09  3.30000000e+00  1.90560000e-09  3.30000000e+00  1.90560000e-09  3.29999988e+00  1.90560000e-09  3.30000015e+00  1.90560000e-09  0.00000000e+00  1.90560000e-09  0.00000000e+00 
 1.92560000e-09  3.30000000e+00  1.92560000e-09  3.30000000e+00  1.92560000e-09  3.29999988e+00  1.92560000e-09  3.30000015e+00  1.92560000e-09  0.00000000e+00  1.92560000e-09  0.00000000e+00 
 1.94560000e-09  3.30000000e+00  1.94560000e-09  3.30000000e+00  1.94560000e-09  3.29999988e+00  1.94560000e-09  3.30000015e+00  1.94560000e-09  0.00000000e+00  1.94560000e-09  0.00000000e+00 
 1.96560000e-09  3.30000000e+00  1.96560000e-09  3.30000000e+00  1.96560000e-09  3.29999988e+00  1.96560000e-09  3.30000015e+00  1.96560000e-09  0.00000000e+00  1.96560000e-09  0.00000000e+00 
 1.98280000e-09  3.30000000e+00  1.98280000e-09  3.30000000e+00  1.98280000e-09  3.29999988e+00  1.98280000e-09  3.30000015e+00  1.98280000e-09  0.00000000e+00  1.98280000e-09  0.00000000e+00 
 2.00000000e-09  3.30000000e+00  2.00000000e-09  3.30000000e+00  2.00000000e-09  3.29999988e+00  2.00000000e-09  3.30000015e+00  2.00000000e-09  0.00000000e+00  2.00000000e-09  0.00000000e+00 
 2.00200000e-09  3.30000713e+00  2.00200000e-09  3.30000713e+00  2.00200000e-09  3.30263575e+00  2.00200000e-09  3.30263627e+00  2.00200000e-09  6.60000000e-02  2.00200000e-09  0.00000000e+00 
 2.00600000e-09  3.30001662e+00  2.00600000e-09  3.30001662e+00  2.00600000e-09  3.30780902e+00  2.00600000e-09  3.30781003e+00  2.00600000e-09  1.98000000e-01  2.00600000e-09  0.00000000e+00 
 2.01400000e-09  3.30001846e+00  2.01400000e-09  3.30001846e+00  2.01400000e-09  3.31759756e+00  2.01400000e-09  3.31759942e+00  2.01400000e-09  4.62000000e-01  2.01400000e-09  0.00000000e+00 
 2.03000000e-09  3.30000706e+00  2.03000000e-09  3.30000706e+00  2.03000000e-09  3.33554958e+00  2.03000000e-09  3.33555284e+00  2.03000000e-09  9.90000000e-01  2.03000000e-09  0.00000000e+00 
 2.05000000e-09  3.29999981e+00  2.05000000e-09  3.29999980e+00  2.05000000e-09  3.35654884e+00  2.05000000e-09  3.35655217e+00  2.05000000e-09  1.65000000e+00  2.05000000e-09  0.00000000e+00 
 2.07000000e-09  3.30000119e+00  2.07000000e-09  3.30000118e+00  2.07000000e-09  3.37849284e+00  2.07000000e-09  3.37848985e+00  2.07000000e-09  2.31000000e+00  2.07000000e-09  0.00000000e+00 
 2.08500000e-09  3.29999971e+00  2.08500000e-09  3.29999968e+00  2.08500000e-09  3.39443655e+00  2.08500000e-09  3.39441075e+00  2.08500000e-09  2.80500000e+00  2.08500000e-09  0.00000000e+00 
 2.10000000e-09  3.29998824e+00  2.10000000e-09  3.29998815e+00  2.10000000e-09  3.40127626e+00  2.10000000e-09  3.40116519e+00  2.10000000e-09  3.30000000e+00  2.10000000e-09  0.00000000e+00 
 2.10200000e-09  3.29998751e+00  2.10200000e-09  3.29998740e+00  2.10200000e-09  3.40146004e+00  2.10200000e-09  3.40132485e+00  2.10200000e-09  3.30000000e+00  2.10200000e-09  0.00000000e+00 
 2.10600000e-09  3.29998729e+00  2.10600000e-09  3.29998713e+00  2.10600000e-09  3.40193515e+00  2.10600000e-09  3.40173802e+00  2.10600000e-09  3.30000000e+00  2.10600000e-09  0.00000000e+00 
 2.11400000e-09  3.29999084e+00  2.11400000e-09  3.29999053e+00  2.11400000e-09  3.40347022e+00  2.11400000e-09  3.40307542e+00  2.11400000e-09  3.30000000e+00  2.11400000e-09  0.00000000e+00 
 2.13000000e-09  3.30000114e+00  2.13000000e-09  3.30000041e+00  2.13000000e-09  3.41029560e+00  2.13000000e-09  3.40907250e+00  2.13000000e-09  3.30000000e+00  2.13000000e-09  0.00000000e+00 
 2.15000000e-09  3.30000910e+00  2.15000000e-09  3.30000832e+00  2.15000000e-09  3.42698423e+00  2.15000000e-09  3.42413764e+00  2.15000000e-09  3.30000000e+00  2.15000000e-09  0.00000000e+00 
 2.17000000e-09  3.30000331e+00  2.17000000e-09  3.30000379e+00  2.17000000e-09  3.44600818e+00  2.17000000e-09  3.44216584e+00  2.17000000e-09  3.30000000e+00  2.17000000e-09  0.00000000e+00 
 2.19000000e-09  3.29999341e+00  2.19000000e-09  3.29999489e+00  2.19000000e-09  3.45811478e+00  2.19000000e-09  3.45476723e+00  2.19000000e-09  3.30000000e+00  2.19000000e-09  0.00000000e+00 
 2.21000000e-09  3.29998704e+00  2.21000000e-09  3.29998873e+00  2.21000000e-09  3.45825770e+00  2.21000000e-09  3.45686308e+00  2.21000000e-09  3.30000000e+00  2.21000000e-09  0.00000000e+00 
 2.23000000e-09  3.29998517e+00  2.23000000e-09  3.29998646e+00  2.23000000e-09  3.44496844e+00  2.23000000e-09  3.44667629e+00  2.23000000e-09  3.30000000e+00  2.23000000e-09  0.00000000e+00 
 2.25000000e-09  3.29998520e+00  2.25000000e-09  3.29998629e+00  2.25000000e-09  3.41878897e+00  2.25000000e-09  3.42444863e+00  2.25000000e-09  3.30000000e+00  2.25000000e-09  0.00000000e+00 
 2.27000000e-09  3.29998683e+00  2.27000000e-09  3.29998754e+00  2.27000000e-09  3.38123764e+00  2.27000000e-09  3.39146068e+00  2.27000000e-09  3.30000000e+00  2.27000000e-09  0.00000000e+00 
 2.29000000e-09  3.29998926e+00  2.29000000e-09  3.29998965e+00  2.29000000e-09  3.33418061e+00  2.29000000e-09  3.34940090e+00  2.29000000e-09  3.30000000e+00  2.29000000e-09  0.00000000e+00 
 2.31000000e-09  3.29999191e+00  2.31000000e-09  3.29999203e+00  2.31000000e-09  3.27947171e+00  2.31000000e-09  3.29999273e+00  2.31000000e-09  3.30000000e+00  2.31000000e-09  0.00000000e+00 
 2.33000000e-09  3.29999450e+00  2.33000000e-09  3.29999438e+00  2.33000000e-09  3.21877344e+00  2.33000000e-09  3.24480425e+00  2.33000000e-09  3.30000000e+00  2.33000000e-09  0.00000000e+00 
 2.35000000e-09  3.29999678e+00  2.35000000e-09  3.29999649e+00  2.35000000e-09  3.15349584e+00  2.35000000e-09  3.18517185e+00  2.35000000e-09  3.30000000e+00  2.35000000e-09  0.00000000e+00 
 2.37000000e-09  3.29999853e+00  2.37000000e-09  3.29999820e+00  2.37000000e-09  3.08478780e+00  2.37000000e-09  3.12218994e+00  2.37000000e-09  3.30000000e+00  2.37000000e-09  0.00000000e+00 
 2.39000000e-09  3.29999968e+00  2.39000000e-09  3.29999941e+00  2.39000000e-09  3.01356730e+00  2.39000000e-09  3.05673311e+00  2.39000000e-09  3.30000000e+00  2.39000000e-09  0.00000000e+00 
 2.41000000e-09  3.30000038e+00  2.41000000e-09  3.30000018e+00  2.41000000e-09  2.94055884e+00  2.41000000e-09  2.98949200e+00  2.41000000e-09  3.30000000e+00  2.41000000e-09  0.00000000e+00 
 2.43000000e-09  3.30000075e+00  2.43000000e-09  3.30000061e+00  2.43000000e-09  2.86632396e+00  2.43000000e-09  2.92100261e+00  2.43000000e-09  3.30000000e+00  2.43000000e-09  0.00000000e+00 
 2.45000000e-09  3.30000092e+00  2.45000000e-09  3.30000082e+00  2.45000000e-09  2.79129419e+00  2.45000000e-09  2.85167692e+00  2.45000000e-09  3.30000000e+00  2.45000000e-09  0.00000000e+00 
 2.47000000e-09  3.30000100e+00  2.47000000e-09  3.30000091e+00  2.47000000e-09  2.71579937e+00  2.47000000e-09  2.78182973e+00  2.47000000e-09  3.30000000e+00  2.47000000e-09  0.00000000e+00 
 2.49000000e-09  3.30000103e+00  2.49000000e-09  3.30000095e+00  2.49000000e-09  2.64009154e+00  2.49000000e-09  2.71170096e+00  2.49000000e-09  3.30000000e+00  2.49000000e-09  0.00000000e+00 
 2.51000000e-09  3.30000103e+00  2.51000000e-09  3.30000095e+00  2.51000000e-09  2.56436365e+00  2.51000000e-09  2.64147373e+00  2.51000000e-09  3.30000000e+00  2.51000000e-09  0.00000000e+00 
 2.53000000e-09  3.30000102e+00  2.53000000e-09  3.30000094e+00  2.53000000e-09  2.48876449e+00  2.53000000e-09  2.57128840e+00  2.53000000e-09  3.30000000e+00  2.53000000e-09  0.00000000e+00 
 2.55000000e-09  3.30000100e+00  2.55000000e-09  3.30000092e+00  2.55000000e-09  2.41340971e+00  2.55000000e-09  2.50125353e+00  2.55000000e-09  3.30000000e+00  2.55000000e-09  0.00000000e+00 
 2.57000000e-09  3.30000098e+00  2.57000000e-09  3.30000089e+00  2.57000000e-09  2.33839071e+00  2.57000000e-09  2.43145407e+00  2.57000000e-09  3.30000000e+00  2.57000000e-09  0.00000000e+00 
 2.59000000e-09  3.30000095e+00  2.59000000e-09  3.30000087e+00  2.59000000e-09  2.26378131e+00  2.59000000e-09  2.36195769e+00  2.59000000e-09  3.30000000e+00  2.59000000e-09  0.00000000e+00 
 2.61000000e-09  3.30000093e+00  2.61000000e-09  3.30000084e+00  2.61000000e-09  2.18964439e+00  2.61000000e-09  2.29281935e+00  2.61000000e-09  3.30000000e+00  2.61000000e-09  0.00000000e+00 
 2.63000000e-09  3.30000092e+00  2.63000000e-09  3.30000082e+00  2.63000000e-09  2.11603788e+00  2.63000000e-09  2.22408522e+00  2.63000000e-09  3.30000000e+00  2.63000000e-09  0.00000000e+00 
 2.65000000e-09  3.30000091e+00  2.65000000e-09  3.30000080e+00  2.65000000e-09  2.04301655e+00  2.65000000e-09  2.15579613e+00  2.65000000e-09  3.30000000e+00  2.65000000e-09  0.00000000e+00 
 2.67000000e-09  3.30000091e+00  2.67000000e-09  3.30000079e+00  2.67000000e-09  1.97064162e+00  2.67000000e-09  2.08799142e+00  2.67000000e-09  3.30000000e+00  2.67000000e-09  0.00000000e+00 
 2.69000000e-09  3.30000092e+00  2.69000000e-09  3.30000078e+00  2.69000000e-09  1.89898000e+00  2.69000000e-09  2.02070888e+00  2.69000000e-09  3.30000000e+00  2.69000000e-09  0.00000000e+00 
 2.71000000e-09  3.30000093e+00  2.71000000e-09  3.30000078e+00  2.71000000e-09  1.82809664e+00  2.71000000e-09  1.95399266e+00  2.71000000e-09  3.30000000e+00  2.71000000e-09  0.00000000e+00 
 2.73000000e-09  3.30000094e+00  2.73000000e-09  3.30000078e+00  2.73000000e-09  1.75804145e+00  2.73000000e-09  1.88789184e+00  2.73000000e-09  3.30000000e+00  2.73000000e-09  0.00000000e+00 
 2.75000000e-09  3.30000092e+00  2.75000000e-09  3.30000079e+00  2.75000000e-09  1.68882760e+00  2.75000000e-09  1.82245474e+00  2.75000000e-09  3.30000000e+00  2.75000000e-09  0.00000000e+00 
 2.77000000e-09  3.30000087e+00  2.77000000e-09  3.30000079e+00  2.77000000e-09  1.62041572e+00  2.77000000e-09  1.75771936e+00  2.77000000e-09  3.30000000e+00  2.77000000e-09  0.00000000e+00 
 2.79000000e-09  3.30000079e+00  2.79000000e-09  3.30000078e+00  2.79000000e-09  1.55272596e+00  2.79000000e-09  1.69369866e+00  2.79000000e-09  3.30000000e+00  2.79000000e-09  0.00000000e+00 
 2.81000000e-09  3.30000071e+00  2.81000000e-09  3.30000075e+00  2.81000000e-09  1.48567442e+00  2.81000000e-09  1.63036796e+00  2.81000000e-09  3.30000000e+00  2.81000000e-09  0.00000000e+00 
 2.83000000e-09  3.30000064e+00  2.83000000e-09  3.30000069e+00  2.83000000e-09  1.41920030e+00  2.83000000e-09  1.56766896e+00  2.83000000e-09  3.30000000e+00  2.83000000e-09  0.00000000e+00 
 2.85000000e-09  3.30000060e+00  2.85000000e-09  3.30000062e+00  2.85000000e-09  1.35327121e+00  2.85000000e-09  1.50553236e+00  2.85000000e-09  3.30000000e+00  2.85000000e-09  0.00000000e+00 
 2.87000000e-09  3.30000058e+00  2.87000000e-09  3.30000056e+00  2.87000000e-09  1.28787692e+00  2.87000000e-09  1.44390088e+00  2.87000000e-09  3.30000000e+00  2.87000000e-09  0.00000000e+00 
 2.89000000e-09  3.30000057e+00  2.89000000e-09  3.30000052e+00  2.89000000e-09  1.22302325e+00  2.89000000e-09  1.38273799e+00  2.89000000e-09  3.30000000e+00  2.89000000e-09  0.00000000e+00 
 2.91000000e-09  3.30000057e+00  2.91000000e-09  3.30000049e+00  2.91000000e-09  1.15872911e+00  2.91000000e-09  1.32202605e+00  2.91000000e-09  3.30000000e+00  2.91000000e-09  0.00000000e+00 
 2.93000000e-09  3.30000058e+00  2.93000000e-09  3.30000048e+00  2.93000000e-09  1.09502831e+00  2.93000000e-09  1.26176129e+00  2.93000000e-09  3.30000000e+00  2.93000000e-09  0.00000000e+00 
 2.95000000e-09  3.30000061e+00  2.95000000e-09  3.30000047e+00  2.95000000e-09  1.03197745e+00  2.95000000e-09  1.20195040e+00  2.95000000e-09  3.30000000e+00  2.95000000e-09  0.00000000e+00 
 2.97000000e-09  3.30000067e+00  2.97000000e-09  3.30000048e+00  2.97000000e-09  9.69677532e-01  2.97000000e-09  1.14260940e+00  2.97000000e-09  3.30000000e+00  2.97000000e-09  0.00000000e+00 
 2.99000000e-09  3.30000080e+00  2.99000000e-09  3.30000049e+00  2.99000000e-09  9.08331244e-01  2.99000000e-09  1.08376589e+00  2.99000000e-09  3.30000000e+00  2.99000000e-09  0.00000000e+00 
 3.01000000e-09  3.30000111e+00  3.01000000e-09  3.30000053e+00  3.01000000e-09  8.48419104e-01  3.01000000e-09  1.02546838e+00  3.01000000e-09  3.30000000e+00  3.01000000e-09  0.00000000e+00 
 3.03000000e-09  3.30000202e+00  3.03000000e-09  3.30000062e+00  3.03000000e-09  7.91317043e-01  3.03000000e-09  9.67826059e-01  3.03000000e-09  3.30000000e+00  3.03000000e-09  0.00000000e+00 
 3.05000000e-09  3.30000433e+00  3.05000000e-09  3.30000084e+00  3.05000000e-09  7.40501043e-01  3.05000000e-09  9.11097554e-01  3.05000000e-09  3.30000000e+00  3.05000000e-09  0.00000000e+00 
 3.07000000e-09  3.30000720e+00  3.07000000e-09  3.30000111e+00  3.07000000e-09  7.00061454e-01  3.07000000e-09  8.55658716e-01  3.07000000e-09  3.30000000e+00  3.07000000e-09  0.00000000e+00 
 3.09000000e-09  3.30000767e+00  3.09000000e-09  3.30000145e+00  3.09000000e-09  6.70170428e-01  3.09000000e-09  8.02153901e-01  3.09000000e-09  3.30000000e+00  3.09000000e-09  0.00000000e+00 
 3.11000000e-09  3.30000587e+00  3.11000000e-09  3.30000259e+00  3.11000000e-09  6.47841884e-01  3.11000000e-09  7.52440131e-01  3.11000000e-09  3.30000000e+00  3.11000000e-09  0.00000000e+00 
 3.13000000e-09  3.30000397e+00  3.13000000e-09  3.30000486e+00  3.13000000e-09  6.30385554e-01  3.13000000e-09  7.09888182e-01  3.13000000e-09  3.30000000e+00  3.13000000e-09  0.00000000e+00 
 3.15000000e-09  3.30000258e+00  3.15000000e-09  3.30000633e+00  3.15000000e-09  6.16067113e-01  3.15000000e-09  6.76344146e-01  3.15000000e-09  3.30000000e+00  3.15000000e-09  0.00000000e+00 
 3.17000000e-09  3.30000159e+00  3.17000000e-09  3.30000554e+00  3.17000000e-09  6.03761990e-01  3.17000000e-09  6.50247186e-01  3.17000000e-09  3.30000000e+00  3.17000000e-09  0.00000000e+00 
 3.19000000e-09  3.30000095e+00  3.19000000e-09  3.30000388e+00  3.19000000e-09  5.92715323e-01  3.19000000e-09  6.29102935e-01  3.19000000e-09  3.30000000e+00  3.19000000e-09  0.00000000e+00 
 3.21000000e-09  3.30000057e+00  3.21000000e-09  3.30000254e+00  3.21000000e-09  5.82429067e-01  3.21000000e-09  6.11142041e-01  3.21000000e-09  3.30000000e+00  3.21000000e-09  0.00000000e+00 
 3.23000000e-09  3.30000034e+00  3.23000000e-09  3.30000169e+00  3.23000000e-09  5.72591225e-01  3.23000000e-09  5.95315333e-01  3.23000000e-09  3.30000000e+00  3.23000000e-09  0.00000000e+00 
 3.25000000e-09  3.30000020e+00  3.25000000e-09  3.30000119e+00  3.25000000e-09  5.63017953e-01  3.25000000e-09  5.81004025e-01  3.25000000e-09  3.30000000e+00  3.25000000e-09  0.00000000e+00 
 3.27000000e-09  3.30000012e+00  3.27000000e-09  3.30000088e+00  3.27000000e-09  5.53608195e-01  3.27000000e-09  5.67826772e-01  3.27000000e-09  3.30000000e+00  3.27000000e-09  0.00000000e+00 
 3.28500000e-09  3.30000009e+00  3.28500000e-09  3.30000072e+00  3.28500000e-09  5.46626964e-01  3.28500000e-09  5.58537610e-01  3.28500000e-09  3.30000000e+00  3.28500000e-09  0.00000000e+00 
 3.30000000e-09  3.30000007e+00  3.30000000e-09  3.30000060e+00  3.30000000e-09  5.39698840e-01  3.30000000e-09  5.49668914e-01  3.30000000e-09  3.30000000e+00  3.30000000e-09  0.00000000e+00 
 3.30200000e-09  3.32133509e+00  3.30200000e-09  3.32133540e+00  3.30200000e-09  5.38876626e-01  3.30200000e-09  5.48618402e-01  3.30200000e-09  3.30000000e+00  3.30200000e-09  6.60000000e-02 
 3.30600000e-09  3.35609998e+00  3.30600000e-09  3.35610037e+00  3.30600000e-09  5.37201060e-01  3.30600000e-09  5.46496509e-01  3.30600000e-09  3.30000000e+00  3.30600000e-09  1.98000000e-01 
 3.31400000e-09  3.39509868e+00  3.31400000e-09  3.39509911e+00  3.31400000e-09  5.33724525e-01  3.31400000e-09  5.42184204e-01  3.31400000e-09  3.30000000e+00  3.31400000e-09  4.62000000e-01 
 3.33000000e-09  3.43011167e+00  3.33000000e-09  3.43011199e+00  3.33000000e-09  5.26434289e-01  3.33000000e-09  5.33432725e-01  3.33000000e-09  3.30000000e+00  3.33000000e-09  9.90000000e-01 
 3.35000000e-09  3.46573190e+00  3.35000000e-09  3.46573202e+00  3.35000000e-09  5.16336066e-01  3.35000000e-09  5.21840180e-01  3.35000000e-09  3.30000000e+00  3.35000000e-09  1.65000000e+00 
 3.37000000e-09  3.53471591e+00  3.37000000e-09  3.53471580e+00  3.37000000e-09  5.05193543e-01  3.37000000e-09  5.09505315e-01  3.37000000e-09  3.30000000e+00  3.37000000e-09  2.31000000e+00 
 3.38500000e-09  3.62530790e+00  3.38500000e-09  3.62530741e+00  3.38500000e-09  4.96831831e-01  3.38500000e-09  5.00418311e-01  3.38500000e-09  3.30000000e+00  3.38500000e-09  2.80500000e+00 
 3.40000000e-09  3.74050800e+00  3.40000000e-09  3.74050588e+00  3.40000000e-09  4.89251658e-01  3.40000000e-09  4.92243823e-01  3.40000000e-09  3.30000000e+00  3.40000000e-09  3.30000000e+00 
 3.40200000e-09  3.74048153e+00  3.40200000e-09  3.74047925e+00  3.40200000e-09  4.88259888e-01  3.40200000e-09  4.91182609e-01  3.40200000e-09  3.30000000e+00  3.40200000e-09  3.30000000e+00 
 3.40600000e-09  3.74042357e+00  3.40600000e-09  3.74042100e+00  3.40600000e-09  4.86341113e-01  3.40600000e-09  4.89129241e-01  3.40600000e-09  3.30000000e+00  3.40600000e-09  3.30000000e+00 
 3.41400000e-09  3.74031012e+00  3.41400000e-09  3.74030706e+00  3.41400000e-09  4.82788474e-01  3.41400000e-09  4.85330220e-01  3.41400000e-09  3.30000000e+00  3.41400000e-09  3.30000000e+00 
 3.43000000e-09  3.74009906e+00  3.43000000e-09  3.74009548e+00  3.43000000e-09  4.76216983e-01  3.43000000e-09  4.78343726e-01  3.43000000e-09  3.30000000e+00  3.43000000e-09  3.30000000e+00 
 3.45000000e-09  3.73983988e+00  3.45000000e-09  3.73983579e+00  3.45000000e-09  4.68290998e-01  3.45000000e-09  4.70018976e-01  3.45000000e-09  3.30000000e+00  3.45000000e-09  3.30000000e+00 
 3.47000000e-09  3.73956456e+00  3.47000000e-09  3.73955974e+00  3.47000000e-09  4.60367716e-01  3.47000000e-09  4.61798391e-01  3.47000000e-09  3.30000000e+00  3.47000000e-09  3.30000000e+00 
 3.49000000e-09  3.73928240e+00  3.49000000e-09  3.73927691e+00  3.49000000e-09  4.52431449e-01  3.49000000e-09  4.53637356e-01  3.49000000e-09  3.30000000e+00  3.49000000e-09  3.30000000e+00 
 3.51000000e-09  3.73900032e+00  3.51000000e-09  3.73899430e+00  3.51000000e-09  4.44549083e-01  3.51000000e-09  4.45582654e-01  3.51000000e-09  3.30000000e+00  3.51000000e-09  3.30000000e+00 
 3.53000000e-09  3.73872057e+00  3.53000000e-09  3.73871414e+00  3.53000000e-09  4.36766570e-01  3.53000000e-09  4.37666303e-01  3.53000000e-09  3.30000000e+00  3.53000000e-09  3.30000000e+00 
 3.55000000e-09  3.73844373e+00  3.55000000e-09  3.73843700e+00  3.55000000e-09  4.29104292e-01  3.55000000e-09  4.29898746e-01  3.55000000e-09  3.30000000e+00  3.55000000e-09  3.30000000e+00 
 3.57000000e-09  3.73816987e+00  3.57000000e-09  3.73816291e+00  3.57000000e-09  4.21569238e-01  3.57000000e-09  4.22279730e-01  3.57000000e-09  3.30000000e+00  3.57000000e-09  3.30000000e+00 
 3.59000000e-09  3.73789892e+00  3.59000000e-09  3.73789180e+00  3.59000000e-09  4.14162652e-01  3.59000000e-09  4.14805164e-01  3.59000000e-09  3.30000000e+00  3.59000000e-09  3.30000000e+00 
 3.61000000e-09  3.73763079e+00  3.61000000e-09  3.73762354e+00  3.61000000e-09  4.06883464e-01  3.61000000e-09  4.07470045e-01  3.61000000e-09  3.30000000e+00  3.61000000e-09  3.30000000e+00 
 3.63000000e-09  3.73736540e+00  3.63000000e-09  3.73735804e+00  3.63000000e-09  3.99729801e-01  3.63000000e-09  4.00269593e-01  3.63000000e-09  3.30000000e+00  3.63000000e-09  3.30000000e+00 
 3.65000000e-09  3.73710264e+00  3.65000000e-09  3.73709521e+00  3.65000000e-09  3.92699458e-01  3.65000000e-09  3.93199466e-01  3.65000000e-09  3.30000000e+00  3.65000000e-09  3.30000000e+00 
 3.67000000e-09  3.73684244e+00  3.67000000e-09  3.73683495e+00  3.67000000e-09  3.85790163e-01  3.67000000e-09  3.86255820e-01  3.67000000e-09  3.30000000e+00  3.67000000e-09  3.30000000e+00 
 3.69000000e-09  3.73658472e+00  3.69000000e-09  3.73657719e+00  3.69000000e-09  3.78999602e-01  3.69000000e-09  3.79435180e-01  3.69000000e-09  3.30000000e+00  3.69000000e-09  3.30000000e+00 
 3.71000000e-09  3.73632943e+00  3.71000000e-09  3.73632186e+00  3.71000000e-09  3.72325521e-01  3.71000000e-09  3.72734435e-01  3.71000000e-09  3.30000000e+00  3.71000000e-09  3.30000000e+00 
 3.73000000e-09  3.73607649e+00  3.73000000e-09  3.73606890e+00  3.73000000e-09  3.65765682e-01  3.73000000e-09  3.66150710e-01  3.73000000e-09  3.30000000e+00  3.73000000e-09  3.30000000e+00 
 3.75000000e-09  3.73582585e+00  3.75000000e-09  3.73581824e+00  3.75000000e-09  3.59317940e-01  3.75000000e-09  3.59681380e-01  3.75000000e-09  3.30000000e+00  3.75000000e-09  3.30000000e+00 
 3.77000000e-09  3.73557745e+00  3.77000000e-09  3.73556983e+00  3.77000000e-09  3.52980180e-01  3.77000000e-09  3.53323968e-01  3.77000000e-09  3.30000000e+00  3.77000000e-09  3.30000000e+00 
 3.79000000e-09  3.73533124e+00  3.79000000e-09  3.73532362e+00  3.79000000e-09  3.46750389e-01  3.79000000e-09  3.47076179e-01  3.79000000e-09  3.30000000e+00  3.79000000e-09  3.30000000e+00 
 3.81000000e-09  3.73508718e+00  3.81000000e-09  3.73507956e+00  3.81000000e-09  3.40626587e-01  3.81000000e-09  3.40935810e-01  3.81000000e-09  3.30000000e+00  3.81000000e-09  3.30000000e+00 
 3.83000000e-09  3.73484522e+00  3.83000000e-09  3.73483760e+00  3.83000000e-09  3.34606886e-01  3.83000000e-09  3.34900801e-01  3.83000000e-09  3.30000000e+00  3.83000000e-09  3.30000000e+00 
 3.85000000e-09  3.73460531e+00  3.85000000e-09  3.73459770e+00  3.85000000e-09  3.28689430e-01  3.85000000e-09  3.28969150e-01  3.85000000e-09  3.30000000e+00  3.85000000e-09  3.30000000e+00 
 3.87000000e-09  3.73436742e+00  3.87000000e-09  3.73435981e+00  3.87000000e-09  3.22872449e-01  3.87000000e-09  3.23138969e-01  3.87000000e-09  3.30000000e+00  3.87000000e-09  3.30000000e+00 
 3.89000000e-09  3.73413151e+00  3.89000000e-09  3.73412391e+00  3.89000000e-09  3.17154194e-01  3.89000000e-09  3.17408409e-01  3.89000000e-09  3.30000000e+00  3.89000000e-09  3.30000000e+00 
 3.91000000e-09  3.73389754e+00  3.91000000e-09  3.73388995e+00  3.91000000e-09  3.11532998e-01  3.91000000e-09  3.11775717e-01  3.91000000e-09  3.30000000e+00  3.91000000e-09  3.30000000e+00 
 3.93000000e-09  3.73366547e+00  3.93000000e-09  3.73365790e+00  3.93000000e-09  3.06007204e-01  3.93000000e-09  3.06239165e-01  3.93000000e-09  3.30000000e+00  3.93000000e-09  3.30000000e+00 
 3.95000000e-09  3.73343527e+00  3.95000000e-09  3.73342772e+00  3.95000000e-09  3.00575234e-01  3.95000000e-09  3.00797108e-01  3.95000000e-09  3.30000000e+00  3.95000000e-09  3.30000000e+00 
 3.97000000e-09  3.73320692e+00  3.97000000e-09  3.73319938e+00  3.97000000e-09  2.95235513e-01  3.97000000e-09  2.95447916e-01  3.97000000e-09  3.30000000e+00  3.97000000e-09  3.30000000e+00 
 3.99000000e-09  3.73298037e+00  3.99000000e-09  3.73297285e+00  3.99000000e-09  2.89986537e-01  3.99000000e-09  2.90190034e-01  3.99000000e-09  3.30000000e+00  3.99000000e-09  3.30000000e+00 
 4.01000000e-09  3.73275560e+00  4.01000000e-09  3.73274810e+00  4.01000000e-09  2.84826803e-01  4.01000000e-09  2.85021914e-01  4.01000000e-09  3.30000000e+00  4.01000000e-09  3.30000000e+00 
 4.03000000e-09  3.73253257e+00  4.03000000e-09  3.73252509e+00  4.03000000e-09  2.79754874e-01  4.03000000e-09  2.79942077e-01  4.03000000e-09  3.30000000e+00  4.03000000e-09  3.30000000e+00 
 4.05000000e-09  3.73231127e+00  4.05000000e-09  3.73230381e+00  4.05000000e-09  2.74769307e-01  4.05000000e-09  2.74949048e-01  4.05000000e-09  3.30000000e+00  4.05000000e-09  3.30000000e+00 
 4.07000000e-09  3.73209166e+00  4.07000000e-09  3.73208422e+00  4.07000000e-09  2.69868724e-01  4.07000000e-09  2.70041411e-01  4.07000000e-09  3.30000000e+00  4.07000000e-09  3.30000000e+00 
 4.09000000e-09  3.73187371e+00  4.09000000e-09  3.73186630e+00  4.09000000e-09  2.65051738e-01  4.09000000e-09  2.65217753e-01  4.09000000e-09  3.30000000e+00  4.09000000e-09  3.30000000e+00 
 4.11000000e-09  3.73165741e+00  4.11000000e-09  3.73165002e+00  4.11000000e-09  2.60317021e-01  4.11000000e-09  2.60476718e-01  4.11000000e-09  3.30000000e+00  4.11000000e-09  3.30000000e+00 
 4.13000000e-09  3.73144272e+00  4.13000000e-09  3.73143535e+00  4.13000000e-09  2.55663237e-01  4.13000000e-09  2.55816945e-01  4.13000000e-09  3.30000000e+00  4.13000000e-09  3.30000000e+00 
 4.15000000e-09  3.73122962e+00  4.15000000e-09  3.73122228e+00  4.15000000e-09  2.51089106e-01  4.15000000e-09  2.51237131e-01  4.15000000e-09  3.30000000e+00  4.15000000e-09  3.30000000e+00 
 4.17000000e-09  3.73101808e+00  4.17000000e-09  3.73101077e+00  4.17000000e-09  2.46593336e-01  4.17000000e-09  2.46735964e-01  4.17000000e-09  3.30000000e+00  4.17000000e-09  3.30000000e+00 
 4.19000000e-09  3.73080810e+00  4.19000000e-09  3.73080081e+00  4.19000000e-09  2.42174689e-01  4.19000000e-09  2.42312188e-01  4.19000000e-09  3.30000000e+00  4.19000000e-09  3.30000000e+00 
 4.21000000e-09  3.73059963e+00  4.21000000e-09  3.73059236e+00  4.21000000e-09  2.37831916e-01  4.21000000e-09  2.37964536e-01  4.21000000e-09  3.30000000e+00  4.21000000e-09  3.30000000e+00 
 4.23000000e-09  3.73039266e+00  4.23000000e-09  3.73038542e+00  4.23000000e-09  2.33563820e-01  4.23000000e-09  2.33691795e-01  4.23000000e-09  3.30000000e+00  4.23000000e-09  3.30000000e+00 
 4.25000000e-09  3.73018717e+00  4.25000000e-09  3.73017996e+00  4.25000000e-09  2.29369190e-01  4.25000000e-09  2.29492738e-01  4.25000000e-09  3.30000000e+00  4.25000000e-09  3.30000000e+00 
 4.27000000e-09  3.72998314e+00  4.27000000e-09  3.72997595e+00  4.27000000e-09  2.25246867e-01  4.27000000e-09  2.25366194e-01  4.27000000e-09  3.30000000e+00  4.27000000e-09  3.30000000e+00 
 4.29000000e-09  3.72978054e+00  4.29000000e-09  3.72977338e+00  4.29000000e-09  2.21195674e-01  4.29000000e-09  2.21310975e-01  4.29000000e-09  3.30000000e+00  4.29000000e-09  3.30000000e+00 
 4.31000000e-09  3.72957937e+00  4.31000000e-09  3.72957223e+00  4.31000000e-09  2.17214490e-01  4.31000000e-09  2.17325944e-01  4.31000000e-09  3.30000000e+00  4.31000000e-09  3.30000000e+00 
 4.33000000e-09  3.72937958e+00  4.33000000e-09  3.72937247e+00  4.33000000e-09  2.13302172e-01  4.33000000e-09  2.13409952e-01  4.33000000e-09  3.30000000e+00  4.33000000e-09  3.30000000e+00 
 4.35000000e-09  3.72918118e+00  4.35000000e-09  3.72917410e+00  4.35000000e-09  2.09457631e-01  4.35000000e-09  2.09561898e-01  4.35000000e-09  3.30000000e+00  4.35000000e-09  3.30000000e+00 
 4.37000000e-09  3.72898414e+00  4.37000000e-09  3.72897708e+00  4.37000000e-09  2.05679760e-01  4.37000000e-09  2.05780665e-01  4.37000000e-09  3.30000000e+00  4.37000000e-09  3.30000000e+00 
 4.39000000e-09  3.72878843e+00  4.39000000e-09  3.72878141e+00  4.39000000e-09  2.01967500e-01  4.39000000e-09  2.02065187e-01  4.39000000e-09  3.30000000e+00  4.39000000e-09  3.30000000e+00 
 4.41000000e-09  3.72859405e+00  4.41000000e-09  3.72858705e+00  4.41000000e-09  1.98319776e-01  4.41000000e-09  1.98414380e-01  4.41000000e-09  3.30000000e+00  4.41000000e-09  3.30000000e+00 
 4.43000000e-09  3.72840098e+00  4.43000000e-09  3.72839400e+00  4.43000000e-09  1.94735560e-01  4.43000000e-09  1.94827210e-01  4.43000000e-09  3.30000000e+00  4.43000000e-09  3.30000000e+00 
 4.45000000e-09  3.72820919e+00  4.45000000e-09  3.72820224e+00  4.45000000e-09  1.91213807e-01  4.45000000e-09  1.91302623e-01  4.45000000e-09  3.30000000e+00  4.45000000e-09  3.30000000e+00 
 4.47000000e-09  3.72801868e+00  4.47000000e-09  3.72801176e+00  4.47000000e-09  1.87753520e-01  4.47000000e-09  1.87839617e-01  4.47000000e-09  3.30000000e+00  4.47000000e-09  3.30000000e+00 
 4.49000000e-09  3.72782941e+00  4.49000000e-09  3.72782252e+00  4.49000000e-09  1.84353682e-01  4.49000000e-09  1.84437170e-01  4.49000000e-09  3.30000000e+00  4.49000000e-09  3.30000000e+00 
 4.51000000e-09  3.72764139e+00  4.51000000e-09  3.72763453e+00  4.51000000e-09  1.81013326e-01  4.51000000e-09  1.81094306e-01  4.51000000e-09  3.30000000e+00  4.51000000e-09  3.30000000e+00 
 4.53000000e-09  3.72745459e+00  4.53000000e-09  3.72744775e+00  4.53000000e-09  1.77731463e-01  4.53000000e-09  1.77810035e-01  4.53000000e-09  3.30000000e+00  4.53000000e-09  3.30000000e+00 
 4.55000000e-09  3.72726900e+00  4.55000000e-09  3.72726219e+00  4.55000000e-09  1.74507154e-01  4.55000000e-09  1.74583410e-01  4.55000000e-09  3.30000000e+00  4.55000000e-09  3.30000000e+00 
 4.57000000e-09  3.72708460e+00  4.57000000e-09  3.72707781e+00  4.57000000e-09  1.71339439e-01  4.57000000e-09  1.71413467e-01  4.57000000e-09  3.30000000e+00  4.57000000e-09  3.30000000e+00 
 4.59000000e-09  3.72690138e+00  4.59000000e-09  3.72689461e+00  4.59000000e-09  1.68227405e-01  4.59000000e-09  1.68299288e-01  4.59000000e-09  3.30000000e+00  4.59000000e-09  3.30000000e+00 
 4.61000000e-09  3.72671931e+00  4.61000000e-09  3.72671258e+00  4.61000000e-09  1.65170118e-01  4.61000000e-09  1.65239938e-01  4.61000000e-09  3.30000000e+00  4.61000000e-09  3.30000000e+00 
 4.63000000e-09  3.72653840e+00  4.63000000e-09  3.72653169e+00  4.63000000e-09  1.62166694e-01  4.63000000e-09  1.62234525e-01  4.63000000e-09  3.30000000e+00  4.63000000e-09  3.30000000e+00 
 4.65000000e-09  3.72635861e+00  4.65000000e-09  3.72635193e+00  4.65000000e-09  1.59216224e-01  4.65000000e-09  1.59282140e-01  4.65000000e-09  3.30000000e+00  4.65000000e-09  3.30000000e+00 
 4.67000000e-09  3.72617995e+00  4.67000000e-09  3.72617329e+00  4.67000000e-09  1.56317849e-01  4.67000000e-09  1.56381919e-01  4.67000000e-09  3.30000000e+00  4.67000000e-09  3.30000000e+00 
 4.69000000e-09  3.72600239e+00  4.69000000e-09  3.72599576e+00  4.69000000e-09  1.53470689e-01  4.69000000e-09  1.53532978e-01  4.69000000e-09  3.30000000e+00  4.69000000e-09  3.30000000e+00 
 4.71000000e-09  3.72582592e+00  4.71000000e-09  3.72581932e+00  4.71000000e-09  1.50673907e-01  4.71000000e-09  1.50734478e-01  4.71000000e-09  3.30000000e+00  4.71000000e-09  3.30000000e+00 
 4.73000000e-09  3.72565053e+00  4.73000000e-09  3.72564395e+00  4.73000000e-09  1.47926649e-01  4.73000000e-09  1.47985562e-01  4.73000000e-09  3.30000000e+00  4.73000000e-09  3.30000000e+00 
 4.75000000e-09  3.72547621e+00  4.75000000e-09  3.72546966e+00  4.75000000e-09  1.45228103e-01  4.75000000e-09  1.45285416e-01  4.75000000e-09  3.30000000e+00  4.75000000e-09  3.30000000e+00 
 4.77000000e-09  3.72530293e+00  4.77000000e-09  3.72529641e+00  4.77000000e-09  1.42577439e-01  4.77000000e-09  1.42633207e-01  4.77000000e-09  3.30000000e+00  4.77000000e-09  3.30000000e+00 
 4.79000000e-09  3.72513070e+00  4.79000000e-09  3.72512420e+00  4.79000000e-09  1.39973871e-01  4.79000000e-09  1.40028145e-01  4.79000000e-09  3.30000000e+00  4.79000000e-09  3.30000000e+00 
 4.81000000e-09  3.72495950e+00  4.81000000e-09  3.72495302e+00  4.81000000e-09  1.37416592e-01  4.81000000e-09  1.37469423e-01  4.81000000e-09  3.30000000e+00  4.81000000e-09  3.30000000e+00 
 4.83000000e-09  3.72478931e+00  4.83000000e-09  3.72478286e+00  4.83000000e-09  1.34904838e-01  4.83000000e-09  1.34956274e-01  4.83000000e-09  3.30000000e+00  4.83000000e-09  3.30000000e+00 
 4.85000000e-09  3.72462012e+00  4.85000000e-09  3.72461370e+00  4.85000000e-09  1.32437826e-01  4.85000000e-09  1.32487913e-01  4.85000000e-09  3.30000000e+00  4.85000000e-09  3.30000000e+00 
 4.87000000e-09  3.72445193e+00  4.87000000e-09  3.72444553e+00  4.87000000e-09  1.30014817e-01  4.87000000e-09  1.30063599e-01  4.87000000e-09  3.30000000e+00  4.87000000e-09  3.30000000e+00 
 4.89000000e-09  3.72428471e+00  4.89000000e-09  3.72427834e+00  4.89000000e-09  1.27635050e-01  4.89000000e-09  1.27682569e-01  4.89000000e-09  3.30000000e+00  4.89000000e-09  3.30000000e+00 
 4.91000000e-09  3.72411847e+00  4.91000000e-09  3.72411212e+00  4.91000000e-09  1.25297807e-01  4.91000000e-09  1.25344105e-01  4.91000000e-09  3.30000000e+00  4.91000000e-09  3.30000000e+00 
 4.93000000e-09  3.72395318e+00  4.93000000e-09  3.72394685e+00  4.93000000e-09  1.23002351e-01  4.93000000e-09  1.23047466e-01  4.93000000e-09  3.30000000e+00  4.93000000e-09  3.30000000e+00 
 4.95000000e-09  3.72378884e+00  4.95000000e-09  3.72378254e+00  4.95000000e-09  1.20747987e-01  4.95000000e-09  1.20791955e-01  4.95000000e-09  3.30000000e+00  4.95000000e-09  3.30000000e+00 
 4.97000000e-09  3.72362543e+00  4.97000000e-09  3.72361915e+00  4.97000000e-09  1.18533998e-01  4.97000000e-09  1.18576856e-01  4.97000000e-09  3.30000000e+00  4.97000000e-09  3.30000000e+00 
 4.99000000e-09  3.72346295e+00  4.99000000e-09  3.72345670e+00  4.99000000e-09  1.16359710e-01  4.99000000e-09  1.16401492e-01  4.99000000e-09  3.30000000e+00  4.99000000e-09  3.30000000e+00 
 5.01000000e-09  3.72330138e+00  5.01000000e-09  3.72329515e+00  5.01000000e-09  1.14224428e-01  5.01000000e-09  1.14265168e-01  5.01000000e-09  3.30000000e+00  5.01000000e-09  3.30000000e+00 
 5.03000000e-09  3.72314072e+00  5.03000000e-09  3.72313451e+00  5.03000000e-09  1.12127501e-01  5.03000000e-09  1.12167230e-01  5.03000000e-09  3.30000000e+00  5.03000000e-09  3.30000000e+00 
 5.05000000e-09  3.72298095e+00  5.05000000e-09  3.72297477e+00  5.05000000e-09  1.10068253e-01  5.05000000e-09  1.10107002e-01  5.05000000e-09  3.30000000e+00  5.05000000e-09  3.30000000e+00 
 5.07000000e-09  3.72282206e+00  5.07000000e-09  3.72281591e+00  5.07000000e-09  1.08046053e-01  5.07000000e-09  1.08083852e-01  5.07000000e-09  3.30000000e+00  5.07000000e-09  3.30000000e+00 
 5.09000000e-09  3.72266405e+00  5.09000000e-09  3.72265792e+00  5.09000000e-09  1.06060248e-01  5.09000000e-09  1.06097124e-01  5.09000000e-09  3.30000000e+00  5.09000000e-09  3.30000000e+00 
 5.11000000e-09  3.72250690e+00  5.11000000e-09  3.72250079e+00  5.11000000e-09  1.04110224e-01  5.11000000e-09  1.04146205e-01  5.11000000e-09  3.30000000e+00  5.11000000e-09  3.30000000e+00 
 5.13000000e-09  3.72235061e+00  5.13000000e-09  3.72234452e+00  5.13000000e-09  1.02195348e-01  5.13000000e-09  1.02230460e-01  5.13000000e-09  3.30000000e+00  5.13000000e-09  3.30000000e+00 
 5.15000000e-09  3.72219516e+00  5.15000000e-09  3.72218910e+00  5.15000000e-09  1.00315028e-01  5.15000000e-09  1.00349297e-01  5.15000000e-09  3.30000000e+00  5.15000000e-09  3.30000000e+00 
 5.17000000e-09  3.72204055e+00  5.17000000e-09  3.72203451e+00  5.17000000e-09  9.84686495e-02  5.17000000e-09  9.85020992e-02  5.17000000e-09  3.30000000e+00  5.17000000e-09  3.30000000e+00 
 5.19000000e-09  3.72188676e+00  5.19000000e-09  3.72188075e+00  5.19000000e-09  9.66556386e-02  5.19000000e-09  9.66882927e-02  5.19000000e-09  3.30000000e+00  5.19000000e-09  3.30000000e+00 
 5.21000000e-09  3.72173379e+00  5.21000000e-09  3.72172780e+00  5.21000000e-09  9.48753998e-02  5.21000000e-09  9.49072811e-02  5.21000000e-09  3.30000000e+00  5.21000000e-09  3.30000000e+00 
 5.23000000e-09  3.72158164e+00  5.23000000e-09  3.72157567e+00  5.23000000e-09  9.31273786e-02  5.23000000e-09  9.31585088e-02  5.23000000e-09  3.30000000e+00  5.23000000e-09  3.30000000e+00 
 5.25000000e-09  3.72143028e+00  5.25000000e-09  3.72142434e+00  5.25000000e-09  9.14109973e-02  5.25000000e-09  9.14413979e-02  5.25000000e-09  3.30000000e+00  5.25000000e-09  3.30000000e+00 
 5.27000000e-09  3.72127972e+00  5.27000000e-09  3.72127379e+00  5.27000000e-09  8.97257199e-02  5.27000000e-09  8.97554109e-02  5.27000000e-09  3.30000000e+00  5.27000000e-09  3.30000000e+00 
 5.29000000e-09  3.72112993e+00  5.29000000e-09  3.72112403e+00  5.29000000e-09  8.80709865e-02  5.29000000e-09  8.80999878e-02  5.29000000e-09  3.30000000e+00  5.29000000e-09  3.30000000e+00 
 5.31000000e-09  3.72098093e+00  5.31000000e-09  3.72097505e+00  5.31000000e-09  8.64462786e-02  5.31000000e-09  8.64746092e-02  5.31000000e-09  3.30000000e+00  5.31000000e-09  3.30000000e+00 
 5.33000000e-09  3.72083269e+00  5.33000000e-09  3.72082683e+00  5.33000000e-09  8.48510539e-02  5.33000000e-09  8.48787322e-02  5.33000000e-09  3.30000000e+00  5.33000000e-09  3.30000000e+00 
 5.35000000e-09  3.72068521e+00  5.35000000e-09  3.72067938e+00  5.35000000e-09  8.32848111e-02  5.35000000e-09  8.33118548e-02  5.35000000e-09  3.30000000e+00  5.35000000e-09  3.30000000e+00 
 5.37000000e-09  3.72053848e+00  5.37000000e-09  3.72053267e+00  5.37000000e-09  8.17470249e-02  5.37000000e-09  8.17734513e-02  5.37000000e-09  3.30000000e+00  5.37000000e-09  3.30000000e+00 
 5.39000000e-09  3.72039250e+00  5.39000000e-09  3.72038671e+00  5.39000000e-09  8.02372107e-02  5.39000000e-09  8.02630363e-02  5.39000000e-09  3.30000000e+00  5.39000000e-09  3.30000000e+00 
 5.41000000e-09  3.72024725e+00  5.41000000e-09  3.72024148e+00  5.41000000e-09  7.87548598e-02  5.41000000e-09  7.87801008e-02  5.41000000e-09  3.30000000e+00  5.41000000e-09  3.30000000e+00 
 5.43000000e-09  3.72010273e+00  5.43000000e-09  3.72009698e+00  5.43000000e-09  7.72995038e-02  5.43000000e-09  7.73241756e-02  5.43000000e-09  3.30000000e+00  5.43000000e-09  3.30000000e+00 
 5.45000000e-09  3.71995893e+00  5.45000000e-09  3.71995320e+00  5.45000000e-09  7.58706501e-02  5.45000000e-09  7.58947678e-02  5.45000000e-09  3.30000000e+00  5.45000000e-09  3.30000000e+00 
 5.47000000e-09  3.71981584e+00  5.47000000e-09  3.71981014e+00  5.47000000e-09  7.44678462e-02  5.47000000e-09  7.44914243e-02  5.47000000e-09  3.30000000e+00  5.47000000e-09  3.30000000e+00 
 5.49000000e-09  3.71967346e+00  5.49000000e-09  3.71966778e+00  5.49000000e-09  7.30906150e-02  5.49000000e-09  7.31136677e-02  5.49000000e-09  3.30000000e+00  5.49000000e-09  3.30000000e+00 
 5.51000000e-09  3.71953178e+00  5.51000000e-09  3.71952612e+00  5.51000000e-09  7.17385195e-02  5.51000000e-09  7.17610604e-02  5.51000000e-09  3.30000000e+00  5.51000000e-09  3.30000000e+00 
 5.53000000e-09  3.71939079e+00  5.53000000e-09  3.71938515e+00  5.53000000e-09  7.04110979e-02  5.53000000e-09  7.04331403e-02  5.53000000e-09  3.30000000e+00  5.53000000e-09  3.30000000e+00 
 5.55000000e-09  3.71925048e+00  5.55000000e-09  3.71924486e+00  5.55000000e-09  6.91079281e-02  5.55000000e-09  6.91294847e-02  5.55000000e-09  3.30000000e+00  5.55000000e-09  3.30000000e+00 
 5.57000000e-09  3.71911086e+00  5.57000000e-09  3.71910526e+00  5.57000000e-09  6.78285630e-02  5.57000000e-09  6.78496462e-02  5.57000000e-09  3.30000000e+00  5.57000000e-09  3.30000000e+00 
 5.59000000e-09  3.71897190e+00  5.59000000e-09  3.71896632e+00  5.59000000e-09  6.65725950e-02  5.59000000e-09  6.65932169e-02  5.59000000e-09  3.30000000e+00  5.59000000e-09  3.30000000e+00 
 5.61000000e-09  3.71883361e+00  5.61000000e-09  3.71882805e+00  5.61000000e-09  6.53395914e-02  5.61000000e-09  6.53597638e-02  5.61000000e-09  3.30000000e+00  5.61000000e-09  3.30000000e+00 
 5.63000000e-09  3.71869598e+00  5.63000000e-09  3.71869044e+00  5.63000000e-09  6.41291588e-02  5.63000000e-09  6.41488928e-02  5.63000000e-09  3.30000000e+00  5.63000000e-09  3.30000000e+00 
 5.65000000e-09  3.71855900e+00  5.65000000e-09  3.71855348e+00  5.65000000e-09  6.29408784e-02  5.65000000e-09  6.29601851e-02  5.65000000e-09  3.30000000e+00  5.65000000e-09  3.30000000e+00 
 5.67000000e-09  3.71842266e+00  5.67000000e-09  3.71841716e+00  5.67000000e-09  6.17743704e-02  5.67000000e-09  6.17932605e-02  5.67000000e-09  3.30000000e+00  5.67000000e-09  3.30000000e+00 
 5.69000000e-09  3.71828696e+00  5.69000000e-09  3.71828149e+00  5.69000000e-09  6.06292296e-02  5.69000000e-09  6.06477134e-02  5.69000000e-09  3.30000000e+00  5.69000000e-09  3.30000000e+00 
 5.71000000e-09  3.71815190e+00  5.71000000e-09  3.71814645e+00  5.71000000e-09  5.95050896e-02  5.71000000e-09  5.95231771e-02  5.71000000e-09  3.30000000e+00  5.71000000e-09  3.30000000e+00 
 5.73000000e-09  3.71801747e+00  5.73000000e-09  3.71801203e+00  5.73000000e-09  5.84015582e-02  5.73000000e-09  5.84192592e-02  5.73000000e-09  3.30000000e+00  5.73000000e-09  3.30000000e+00 
 5.75000000e-09  3.71788365e+00  5.75000000e-09  3.71787823e+00  5.75000000e-09  5.73182819e-02  5.75000000e-09  5.73356058e-02  5.75000000e-09  3.30000000e+00  5.75000000e-09  3.30000000e+00 
 5.77000000e-09  3.71775045e+00  5.77000000e-09  3.71774505e+00  5.77000000e-09  5.62548813e-02  5.77000000e-09  5.62718373e-02  5.77000000e-09  3.30000000e+00  5.77000000e-09  3.30000000e+00 
 5.79000000e-09  3.71761786e+00  5.79000000e-09  3.71761248e+00  5.79000000e-09  5.52110153e-02  5.79000000e-09  5.52276123e-02  5.79000000e-09  3.30000000e+00  5.79000000e-09  3.30000000e+00 
 5.81000000e-09  3.71748587e+00  5.81000000e-09  3.71748051e+00  5.81000000e-09  5.41863170e-02  5.81000000e-09  5.42025637e-02  5.81000000e-09  3.30000000e+00  5.81000000e-09  3.30000000e+00 
 5.83000000e-09  3.71735448e+00  5.83000000e-09  3.71734914e+00  5.83000000e-09  5.31804574e-02  5.83000000e-09  5.31963621e-02  5.83000000e-09  3.30000000e+00  5.83000000e-09  3.30000000e+00 
 5.85000000e-09  3.71722368e+00  5.85000000e-09  3.71721836e+00  5.85000000e-09  5.21930814e-02  5.85000000e-09  5.22086525e-02  5.85000000e-09  3.30000000e+00  5.85000000e-09  3.30000000e+00 
 5.87000000e-09  3.71709347e+00  5.87000000e-09  3.71708817e+00  5.87000000e-09  5.12238719e-02  5.87000000e-09  5.12391172e-02  5.87000000e-09  3.30000000e+00  5.87000000e-09  3.30000000e+00 
 5.89000000e-09  3.71696384e+00  5.89000000e-09  3.71695856e+00  5.89000000e-09  5.02724855e-02  5.89000000e-09  5.02874128e-02  5.89000000e-09  3.30000000e+00  5.89000000e-09  3.30000000e+00 
 5.91000000e-09  3.71683479e+00  5.91000000e-09  3.71682952e+00  5.91000000e-09  4.93386165e-02  5.91000000e-09  4.93532332e-02  5.91000000e-09  3.30000000e+00  5.91000000e-09  3.30000000e+00 
 5.93000000e-09  3.71670630e+00  5.93000000e-09  3.71670106e+00  5.93000000e-09  4.84219325e-02  5.93000000e-09  4.84362461e-02  5.93000000e-09  3.30000000e+00  5.93000000e-09  3.30000000e+00 
 5.95000000e-09  3.71657839e+00  5.95000000e-09  3.71657316e+00  5.95000000e-09  4.75221389e-02  5.95000000e-09  4.75361564e-02  5.95000000e-09  3.30000000e+00  5.95000000e-09  3.30000000e+00 
 5.97000000e-09  3.71645103e+00  5.97000000e-09  3.71644582e+00  5.97000000e-09  4.66389144e-02  5.97000000e-09  4.66526428e-02  5.97000000e-09  3.30000000e+00  5.97000000e-09  3.30000000e+00 
 5.99000000e-09  3.71632422e+00  5.99000000e-09  3.71631903e+00  5.99000000e-09  4.57719751e-02  5.99000000e-09  4.57854210e-02  5.99000000e-09  3.30000000e+00  5.99000000e-09  3.30000000e+00 
 6.01000000e-09  3.71619797e+00  6.01000000e-09  3.71619280e+00  6.01000000e-09  4.49210100e-02  6.01000000e-09  4.49341801e-02  6.01000000e-09  3.30000000e+00  6.01000000e-09  3.30000000e+00 
 6.03000000e-09  3.71607226e+00  6.03000000e-09  3.71606711e+00  6.03000000e-09  4.40857457e-02  6.03000000e-09  4.40986462e-02  6.03000000e-09  3.30000000e+00  6.03000000e-09  3.30000000e+00 
 6.05000000e-09  3.71594709e+00  6.05000000e-09  3.71594195e+00  6.05000000e-09  4.32658814e-02  6.05000000e-09  4.32785187e-02  6.05000000e-09  3.30000000e+00  6.05000000e-09  3.30000000e+00 
 6.07000000e-09  3.71582246e+00  6.07000000e-09  3.71581734e+00  6.07000000e-09  4.24611538e-02  6.07000000e-09  4.24735337e-02  6.07000000e-09  3.30000000e+00  6.07000000e-09  3.30000000e+00 
 6.09000000e-09  3.71569836e+00  6.09000000e-09  3.71569325e+00  6.09000000e-09  4.16712719e-02  6.09000000e-09  4.16834006e-02  6.09000000e-09  3.30000000e+00  6.09000000e-09  3.30000000e+00 
 6.11000000e-09  3.71557478e+00  6.11000000e-09  3.71556970e+00  6.11000000e-09  4.08959821e-02  6.11000000e-09  4.09078651e-02  6.11000000e-09  3.30000000e+00  6.11000000e-09  3.30000000e+00 
 6.13000000e-09  3.71545172e+00  6.13000000e-09  3.71544666e+00  6.13000000e-09  4.01350031e-02  6.13000000e-09  4.01466461e-02  6.13000000e-09  3.30000000e+00  6.13000000e-09  3.30000000e+00 
 6.15000000e-09  3.71532919e+00  6.15000000e-09  3.71532414e+00  6.15000000e-09  3.93880906e-02  6.15000000e-09  3.93994989e-02  6.15000000e-09  3.30000000e+00  6.15000000e-09  3.30000000e+00 
 6.17000000e-09  3.71520716e+00  6.17000000e-09  3.71520213e+00  6.17000000e-09  3.86549725e-02  6.17000000e-09  3.86661515e-02  6.17000000e-09  3.30000000e+00  6.17000000e-09  3.30000000e+00 
 6.19000000e-09  3.71508564e+00  6.19000000e-09  3.71508063e+00  6.19000000e-09  3.79354137e-02  6.19000000e-09  3.79463685e-02  6.19000000e-09  3.30000000e+00  6.19000000e-09  3.30000000e+00 
 6.21000000e-09  3.71496462e+00  6.21000000e-09  3.71495963e+00  6.21000000e-09  3.72291511e-02  6.21000000e-09  3.72398868e-02  6.21000000e-09  3.30000000e+00  6.21000000e-09  3.30000000e+00 
 6.23000000e-09  3.71484411e+00  6.23000000e-09  3.71483913e+00  6.23000000e-09  3.65359583e-02  6.23000000e-09  3.65464796e-02  6.23000000e-09  3.30000000e+00  6.23000000e-09  3.30000000e+00 
 6.25000000e-09  3.71472408e+00  6.25000000e-09  3.71471912e+00  6.25000000e-09  3.58555809e-02  6.25000000e-09  3.58658928e-02  6.25000000e-09  3.30000000e+00  6.25000000e-09  3.30000000e+00 
 6.27000000e-09  3.71460455e+00  6.27000000e-09  3.71459961e+00  6.27000000e-09  3.51878009e-02  6.27000000e-09  3.51979079e-02  6.27000000e-09  3.30000000e+00  6.27000000e-09  3.30000000e+00 
 6.29000000e-09  3.71448551e+00  6.29000000e-09  3.71448058e+00  6.29000000e-09  3.45323724e-02  6.29000000e-09  3.45422792e-02  6.29000000e-09  3.30000000e+00  6.29000000e-09  3.30000000e+00 
 6.31000000e-09  3.71436694e+00  6.31000000e-09  3.71436203e+00  6.31000000e-09  3.38890857e-02  6.31000000e-09  3.38987965e-02  6.31000000e-09  3.30000000e+00  6.31000000e-09  3.30000000e+00 
 6.33000000e-09  3.71424886e+00  6.33000000e-09  3.71424396e+00  6.33000000e-09  3.32577029e-02  6.33000000e-09  3.32672222e-02  6.33000000e-09  3.30000000e+00  6.33000000e-09  3.30000000e+00 
 6.35000000e-09  3.71413125e+00  6.35000000e-09  3.71412637e+00  6.35000000e-09  3.26380222e-02  6.35000000e-09  3.26473541e-02  6.35000000e-09  3.30000000e+00  6.35000000e-09  3.30000000e+00 
 6.37000000e-09  3.71401411e+00  6.37000000e-09  3.71400924e+00  6.37000000e-09  3.20298136e-02  6.37000000e-09  3.20389624e-02  6.37000000e-09  3.30000000e+00  6.37000000e-09  3.30000000e+00 
 6.39000000e-09  3.71389743e+00  6.39000000e-09  3.71389259e+00  6.39000000e-09  3.14328831e-02  6.39000000e-09  3.14418525e-02  6.39000000e-09  3.30000000e+00  6.39000000e-09  3.30000000e+00 
 6.41000000e-09  3.71378122e+00  6.41000000e-09  3.71377639e+00  6.41000000e-09  3.08470081e-02  6.41000000e-09  3.08558023e-02  6.41000000e-09  3.30000000e+00  6.41000000e-09  3.30000000e+00 
 6.43000000e-09  3.71366547e+00  6.43000000e-09  3.71366065e+00  6.43000000e-09  3.02720022e-02  6.43000000e-09  3.02806247e-02  6.43000000e-09  3.30000000e+00  6.43000000e-09  3.30000000e+00 
 6.45000000e-09  3.71355017e+00  6.45000000e-09  3.71354537e+00  6.45000000e-09  2.97076499e-02  6.45000000e-09  2.97161048e-02  6.45000000e-09  3.30000000e+00  6.45000000e-09  3.30000000e+00 
 6.47000000e-09  3.71343532e+00  6.47000000e-09  3.71343054e+00  6.47000000e-09  2.91537721e-02  6.47000000e-09  2.91620627e-02  6.47000000e-09  3.30000000e+00  6.47000000e-09  3.30000000e+00 
 6.49000000e-09  3.71332092e+00  6.49000000e-09  3.71331615e+00  6.49000000e-09  2.86101606e-02  6.49000000e-09  2.86182905e-02  6.49000000e-09  3.30000000e+00  6.49000000e-09  3.30000000e+00 
 6.51000000e-09  3.71320696e+00  6.51000000e-09  3.71320221e+00  6.51000000e-09  2.80766428e-02  6.51000000e-09  2.80846155e-02  6.51000000e-09  3.30000000e+00  6.51000000e-09  3.30000000e+00 
 6.53000000e-09  3.71309344e+00  6.53000000e-09  3.71308871e+00  6.53000000e-09  2.75530176e-02  6.53000000e-09  2.75608365e-02  6.53000000e-09  3.30000000e+00  6.53000000e-09  3.30000000e+00 
 6.55000000e-09  3.71298036e+00  6.55000000e-09  3.71297565e+00  6.55000000e-09  2.70391191e-02  6.55000000e-09  2.70467875e-02  6.55000000e-09  3.30000000e+00  6.55000000e-09  3.30000000e+00 
 6.57000000e-09  3.71286772e+00  6.57000000e-09  3.71286301e+00  6.57000000e-09  2.65347528e-02  6.57000000e-09  2.65422739e-02  6.57000000e-09  3.30000000e+00  6.57000000e-09  3.30000000e+00 
 6.59000000e-09  3.71275550e+00  6.59000000e-09  3.71275081e+00  6.59000000e-09  2.60397593e-02  6.59000000e-09  2.60471361e-02  6.59000000e-09  3.30000000e+00  6.59000000e-09  3.30000000e+00 
 6.61000000e-09  3.71264371e+00  6.61000000e-09  3.71263904e+00  6.61000000e-09  2.55539502e-02  6.61000000e-09  2.55611861e-02  6.61000000e-09  3.30000000e+00  6.61000000e-09  3.30000000e+00 
 6.63000000e-09  3.71253234e+00  6.63000000e-09  3.71252768e+00  6.63000000e-09  2.50771727e-02  6.63000000e-09  2.50842704e-02  6.63000000e-09  3.30000000e+00  6.63000000e-09  3.30000000e+00 
 6.65000000e-09  3.71242139e+00  6.65000000e-09  3.71241675e+00  6.65000000e-09  2.46092446e-02  6.65000000e-09  2.46162071e-02  6.65000000e-09  3.30000000e+00  6.65000000e-09  3.30000000e+00 
 6.67000000e-09  3.71231086e+00  6.67000000e-09  3.71230623e+00  6.67000000e-09  2.41500189e-02  6.67000000e-09  2.41568490e-02  6.67000000e-09  3.30000000e+00  6.67000000e-09  3.30000000e+00 
 6.69000000e-09  3.71220074e+00  6.69000000e-09  3.71219613e+00  6.69000000e-09  2.36993193e-02  6.69000000e-09  2.37060200e-02  6.69000000e-09  3.30000000e+00  6.69000000e-09  3.30000000e+00 
 6.71000000e-09  3.71209103e+00  6.71000000e-09  3.71208643e+00  6.71000000e-09  2.32570049e-02  6.71000000e-09  2.32635786e-02  6.71000000e-09  3.30000000e+00  6.71000000e-09  3.30000000e+00 
 6.73000000e-09  3.71198172e+00  6.73000000e-09  3.71197714e+00  6.73000000e-09  2.28229050e-02  6.73000000e-09  2.28293547e-02  6.73000000e-09  3.30000000e+00  6.73000000e-09  3.30000000e+00 
 6.75000000e-09  3.71187282e+00  6.75000000e-09  3.71186826e+00  6.75000000e-09  2.23968843e-02  6.75000000e-09  2.24032123e-02  6.75000000e-09  3.30000000e+00  6.75000000e-09  3.30000000e+00 
 6.77000000e-09  3.71176432e+00  6.77000000e-09  3.71175977e+00  6.77000000e-09  2.19787778e-02  6.77000000e-09  2.19849868e-02  6.77000000e-09  3.30000000e+00  6.77000000e-09  3.30000000e+00 
 6.79000000e-09  3.71165622e+00  6.79000000e-09  3.71165168e+00  6.79000000e-09  2.15684554e-02  6.79000000e-09  2.15745479e-02  6.79000000e-09  3.30000000e+00  6.79000000e-09  3.30000000e+00 
 6.81000000e-09  3.71154851e+00  6.81000000e-09  3.71154399e+00  6.81000000e-09  2.11657577e-02  6.81000000e-09  2.11717361e-02  6.81000000e-09  3.30000000e+00  6.81000000e-09  3.30000000e+00 
 6.83000000e-09  3.71144119e+00  6.83000000e-09  3.71143669e+00  6.83000000e-09  2.07705597e-02  6.83000000e-09  2.07764263e-02  6.83000000e-09  3.30000000e+00  6.83000000e-09  3.30000000e+00 
 6.85000000e-09  3.71133426e+00  6.85000000e-09  3.71132977e+00  6.85000000e-09  2.03827072e-02  6.85000000e-09  2.03884644e-02  6.85000000e-09  3.30000000e+00  6.85000000e-09  3.30000000e+00 
 6.87000000e-09  3.71122772e+00  6.87000000e-09  3.71122324e+00  6.87000000e-09  2.00020803e-02  6.87000000e-09  2.00077304e-02  6.87000000e-09  3.30000000e+00  6.87000000e-09  3.30000000e+00 
 6.89000000e-09  3.71112156e+00  6.89000000e-09  3.71111710e+00  6.89000000e-09  1.96285298e-02  6.89000000e-09  1.96340749e-02  6.89000000e-09  3.30000000e+00  6.89000000e-09  3.30000000e+00 
 6.91000000e-09  3.71101578e+00  6.91000000e-09  3.71101133e+00  6.91000000e-09  1.92619406e-02  6.91000000e-09  1.92673829e-02  6.91000000e-09  3.30000000e+00  6.91000000e-09  3.30000000e+00 
 6.93000000e-09  3.71091037e+00  6.93000000e-09  3.71090594e+00  6.93000000e-09  1.89021683e-02  6.93000000e-09  1.89075100e-02  6.93000000e-09  3.30000000e+00  6.93000000e-09  3.30000000e+00 
 6.95000000e-09  3.71080534e+00  6.95000000e-09  3.71080092e+00  6.95000000e-09  1.85491028e-02  6.95000000e-09  1.85543458e-02  6.95000000e-09  3.30000000e+00  6.95000000e-09  3.30000000e+00 
 6.97000000e-09  3.71070068e+00  6.97000000e-09  3.71069627e+00  6.97000000e-09  1.82026040e-02  6.97000000e-09  1.82077506e-02  6.97000000e-09  3.30000000e+00  6.97000000e-09  3.30000000e+00 
 6.99000000e-09  3.71059639e+00  6.99000000e-09  3.71059200e+00  6.99000000e-09  1.78625664e-02  6.99000000e-09  1.78676184e-02  6.99000000e-09  3.30000000e+00  6.99000000e-09  3.30000000e+00 
 7.01000000e-09  3.71049246e+00  7.01000000e-09  3.71048809e+00  7.01000000e-09  1.75288547e-02  7.01000000e-09  1.75338140e-02  7.01000000e-09  3.30000000e+00  7.01000000e-09  3.30000000e+00 
 7.03000000e-09  3.71038890e+00  7.03000000e-09  3.71038454e+00  7.03000000e-09  1.72013675e-02  7.03000000e-09  1.72062360e-02  7.03000000e-09  3.30000000e+00  7.03000000e-09  3.30000000e+00 
 7.05000000e-09  3.71028570e+00  7.05000000e-09  3.71028135e+00  7.05000000e-09  1.68799738e-02  7.05000000e-09  1.68847535e-02  7.05000000e-09  3.30000000e+00  7.05000000e-09  3.30000000e+00 
 7.07000000e-09  3.71018286e+00  7.07000000e-09  3.71017852e+00  7.07000000e-09  1.65645766e-02  7.07000000e-09  1.65692691e-02  7.07000000e-09  3.30000000e+00  7.07000000e-09  3.30000000e+00 
 7.09000000e-09  3.71008037e+00  7.09000000e-09  3.71007604e+00  7.09000000e-09  1.62550490e-02  7.09000000e-09  1.62596563e-02  7.09000000e-09  3.30000000e+00  7.09000000e-09  3.30000000e+00 
 7.11000000e-09  3.70997823e+00  7.11000000e-09  3.70997392e+00  7.11000000e-09  1.59512981e-02  7.11000000e-09  1.59558218e-02  7.11000000e-09  3.30000000e+00  7.11000000e-09  3.30000000e+00 
 7.13000000e-09  3.70987645e+00  7.13000000e-09  3.70987215e+00  7.13000000e-09  1.56532011e-02  7.13000000e-09  1.56576429e-02  7.13000000e-09  3.30000000e+00  7.13000000e-09  3.30000000e+00 
 7.15000000e-09  3.70977501e+00  7.15000000e-09  3.70977073e+00  7.15000000e-09  1.53606689e-02  7.15000000e-09  1.53650305e-02  7.15000000e-09  3.30000000e+00  7.15000000e-09  3.30000000e+00 
 7.17000000e-09  3.70967391e+00  7.17000000e-09  3.70966964e+00  7.17000000e-09  1.50735827e-02  7.17000000e-09  1.50778657e-02  7.17000000e-09  3.30000000e+00  7.17000000e-09  3.30000000e+00 
 7.19000000e-09  3.70957317e+00  7.19000000e-09  3.70956891e+00  7.19000000e-09  1.47918572e-02  7.19000000e-09  1.47960631e-02  7.19000000e-09  3.30000000e+00  7.19000000e-09  3.30000000e+00 
 7.21000000e-09  3.70947276e+00  7.21000000e-09  3.70946851e+00  7.21000000e-09  1.45153771e-02  7.21000000e-09  1.45195077e-02  7.21000000e-09  3.30000000e+00  7.21000000e-09  3.30000000e+00 
 7.23000000e-09  3.70937268e+00  7.23000000e-09  3.70936845e+00  7.23000000e-09  1.42440612e-02  7.23000000e-09  1.42481177e-02  7.23000000e-09  3.30000000e+00  7.23000000e-09  3.30000000e+00 
 7.25000000e-09  3.70927295e+00  7.25000000e-09  3.70926873e+00  7.25000000e-09  1.39777976e-02  7.25000000e-09  1.39817817e-02  7.25000000e-09  3.30000000e+00  7.25000000e-09  3.30000000e+00 
 7.27000000e-09  3.70917355e+00  7.27000000e-09  3.70916934e+00  7.27000000e-09  1.37165085e-02  7.27000000e-09  1.37204216e-02  7.27000000e-09  3.30000000e+00  7.27000000e-09  3.30000000e+00 
 7.29000000e-09  3.70907447e+00  7.29000000e-09  3.70907028e+00  7.29000000e-09  1.34600857e-02  7.29000000e-09  1.34639293e-02  7.29000000e-09  3.30000000e+00  7.29000000e-09  3.30000000e+00 
 7.31000000e-09  3.70897573e+00  7.31000000e-09  3.70897155e+00  7.31000000e-09  1.32084548e-02  7.31000000e-09  1.32122301e-02  7.31000000e-09  3.30000000e+00  7.31000000e-09  3.30000000e+00 
 7.33000000e-09  3.70887731e+00  7.33000000e-09  3.70887315e+00  7.33000000e-09  1.29615108e-02  7.33000000e-09  1.29652194e-02  7.33000000e-09  3.30000000e+00  7.33000000e-09  3.30000000e+00 
 7.35000000e-09  3.70877922e+00  7.35000000e-09  3.70877507e+00  7.35000000e-09  1.27191827e-02  7.35000000e-09  1.27228257e-02  7.35000000e-09  3.30000000e+00  7.35000000e-09  3.30000000e+00 
 7.37000000e-09  3.70868145e+00  7.37000000e-09  3.70867731e+00  7.37000000e-09  1.24813687e-02  7.37000000e-09  1.24849477e-02  7.37000000e-09  3.30000000e+00  7.37000000e-09  3.30000000e+00 
 7.39000000e-09  3.70858400e+00  7.39000000e-09  3.70857987e+00  7.39000000e-09  1.22480010e-02  7.39000000e-09  1.22515170e-02  7.39000000e-09  3.30000000e+00  7.39000000e-09  3.30000000e+00 
 7.41000000e-09  3.70848687e+00  7.41000000e-09  3.70848275e+00  7.41000000e-09  1.20189810e-02  7.41000000e-09  1.20224355e-02  7.41000000e-09  3.30000000e+00  7.41000000e-09  3.30000000e+00 
 7.43000000e-09  3.70839005e+00  7.43000000e-09  3.70838595e+00  7.43000000e-09  1.17942439e-02  7.43000000e-09  1.17976379e-02  7.43000000e-09  3.30000000e+00  7.43000000e-09  3.30000000e+00 
 7.45000000e-09  3.70829355e+00  7.45000000e-09  3.70828946e+00  7.45000000e-09  1.15736941e-02  7.45000000e-09  1.15770289e-02  7.45000000e-09  3.30000000e+00  7.45000000e-09  3.30000000e+00 
 7.47000000e-09  3.70819735e+00  7.47000000e-09  3.70819328e+00  7.47000000e-09  1.13572697e-02  7.47000000e-09  1.13605465e-02  7.47000000e-09  3.30000000e+00  7.47000000e-09  3.30000000e+00 
 7.49000000e-09  3.70810147e+00  7.49000000e-09  3.70809740e+00  7.49000000e-09  1.11448781e-02  7.49000000e-09  1.11480980e-02  7.49000000e-09  3.30000000e+00  7.49000000e-09  3.30000000e+00 
 7.51000000e-09  3.70800589e+00  7.51000000e-09  3.70800184e+00  7.51000000e-09  1.09364601e-02  7.51000000e-09  1.09396243e-02  7.51000000e-09  3.30000000e+00  7.51000000e-09  3.30000000e+00 
 7.53000000e-09  3.70791062e+00  7.53000000e-09  3.70790658e+00  7.53000000e-09  1.07319261e-02  7.53000000e-09  1.07350357e-02  7.53000000e-09  3.30000000e+00  7.53000000e-09  3.30000000e+00 
 7.55000000e-09  3.70781565e+00  7.55000000e-09  3.70781163e+00  7.55000000e-09  1.05312196e-02  7.55000000e-09  1.05342756e-02  7.55000000e-09  3.30000000e+00  7.55000000e-09  3.30000000e+00 
 7.57000000e-09  3.70772099e+00  7.57000000e-09  3.70771697e+00  7.57000000e-09  1.03342536e-02  7.57000000e-09  1.03372571e-02  7.57000000e-09  3.30000000e+00  7.57000000e-09  3.30000000e+00 
 7.59000000e-09  3.70762662e+00  7.59000000e-09  3.70762261e+00  7.59000000e-09  1.01409743e-02  7.59000000e-09  1.01439263e-02  7.59000000e-09  3.30000000e+00  7.59000000e-09  3.30000000e+00 
 7.61000000e-09  3.70753255e+00  7.61000000e-09  3.70752855e+00  7.61000000e-09  9.95129728e-03  7.61000000e-09  9.95419889e-03  7.61000000e-09  3.30000000e+00  7.61000000e-09  3.30000000e+00 
 7.63000000e-09  3.70743877e+00  7.63000000e-09  3.70743479e+00  7.63000000e-09  9.76517134e-03  7.63000000e-09  9.76802344e-03  7.63000000e-09  3.30000000e+00  7.63000000e-09  3.30000000e+00 
 7.65000000e-09  3.70734529e+00  7.65000000e-09  3.70734132e+00  7.65000000e-09  9.58251449e-03  7.65000000e-09  9.58531817e-03  7.65000000e-09  3.30000000e+00  7.65000000e-09  3.30000000e+00 
 7.67000000e-09  3.70725210e+00  7.67000000e-09  3.70724814e+00  7.67000000e-09  9.40327805e-03  7.67000000e-09  9.40603416e-03  7.67000000e-09  3.30000000e+00  7.67000000e-09  3.30000000e+00 
 7.69000000e-09  3.70715920e+00  7.69000000e-09  3.70715525e+00  7.69000000e-09  9.22738245e-03  7.69000000e-09  9.23009202e-03  7.69000000e-09  3.30000000e+00  7.69000000e-09  3.30000000e+00 
 7.71000000e-09  3.70706659e+00  7.71000000e-09  3.70706265e+00  7.71000000e-09  9.05478136e-03  7.71000000e-09  9.05744521e-03  7.71000000e-09  3.30000000e+00  7.71000000e-09  3.30000000e+00 
 7.73000000e-09  3.70697426e+00  7.73000000e-09  3.70697033e+00  7.73000000e-09  8.88539753e-03  7.73000000e-09  8.88801666e-03  7.73000000e-09  3.30000000e+00  7.73000000e-09  3.30000000e+00 
 7.75000000e-09  3.70688221e+00  7.75000000e-09  3.70687830e+00  7.75000000e-09  8.71918693e-03  7.75000000e-09  8.72176211e-03  7.75000000e-09  3.30000000e+00  7.75000000e-09  3.30000000e+00 
 7.77000000e-09  3.70679045e+00  7.77000000e-09  3.70678655e+00  7.77000000e-09  8.55607456e-03  7.77000000e-09  8.55860676e-03  7.77000000e-09  3.30000000e+00  7.77000000e-09  3.30000000e+00 
 7.79000000e-09  3.70669897e+00  7.79000000e-09  3.70669508e+00  7.79000000e-09  8.39601859e-03  7.79000000e-09  8.39850854e-03  7.79000000e-09  3.30000000e+00  7.79000000e-09  3.30000000e+00 
 7.81000000e-09  3.70660777e+00  7.81000000e-09  3.70660389e+00  7.81000000e-09  8.23894617e-03  7.81000000e-09  8.24139481e-03  7.81000000e-09  3.30000000e+00  7.81000000e-09  3.30000000e+00 
 7.83000000e-09  3.70651684e+00  7.83000000e-09  3.70651298e+00  7.83000000e-09  8.08481760e-03  7.83000000e-09  8.08722563e-03  7.83000000e-09  3.30000000e+00  7.83000000e-09  3.30000000e+00 
 7.85000000e-09  3.70642619e+00  7.85000000e-09  3.70642234e+00  7.85000000e-09  7.93356212e-03  7.85000000e-09  7.93593044e-03  7.85000000e-09  3.30000000e+00  7.85000000e-09  3.30000000e+00 
 7.87000000e-09  3.70633582e+00  7.87000000e-09  3.70633198e+00  7.87000000e-09  7.78514207e-03  7.87000000e-09  7.78747134e-03  7.87000000e-09  3.30000000e+00  7.87000000e-09  3.30000000e+00 
 7.89000000e-09  3.70624571e+00  7.89000000e-09  3.70624188e+00  7.89000000e-09  7.63948871e-03  7.89000000e-09  7.64177981e-03  7.89000000e-09  3.30000000e+00  7.89000000e-09  3.30000000e+00 
 7.91000000e-09  3.70615588e+00  7.91000000e-09  3.70615206e+00  7.91000000e-09  7.49656634e-03  7.91000000e-09  7.49881990e-03  7.91000000e-09  3.30000000e+00  7.91000000e-09  3.30000000e+00 
 7.93000000e-09  3.70606631e+00  7.93000000e-09  3.70606250e+00  7.93000000e-09  7.35630815e-03  7.93000000e-09  7.35852502e-03  7.93000000e-09  3.30000000e+00  7.93000000e-09  3.30000000e+00 
 7.95000000e-09  3.70597701e+00  7.95000000e-09  3.70597322e+00  7.95000000e-09  7.21868036e-03  7.95000000e-09  7.22086114e-03  7.95000000e-09  3.30000000e+00  7.95000000e-09  3.30000000e+00 
 7.97000000e-09  3.70588798e+00  7.97000000e-09  3.70588419e+00  7.97000000e-09  7.08361803e-03  7.97000000e-09  7.08576353e-03  7.97000000e-09  3.30000000e+00  7.97000000e-09  3.30000000e+00 
 7.99000000e-09  3.70579921e+00  7.99000000e-09  3.70579543e+00  7.99000000e-09  6.95108918e-03  7.99000000e-09  6.95319998e-03  7.99000000e-09  3.30000000e+00  7.99000000e-09  3.30000000e+00 
 8.01000000e-09  3.70571070e+00  8.01000000e-09  3.70570693e+00  8.01000000e-09  6.82103069e-03  8.01000000e-09  6.82310757e-03  8.01000000e-09  3.30000000e+00  8.01000000e-09  3.30000000e+00 
 8.03000000e-09  3.70562245e+00  8.03000000e-09  3.70561870e+00  8.03000000e-09  6.69341235e-03  8.03000000e-09  6.69545586e-03  8.03000000e-09  3.30000000e+00  8.03000000e-09  3.30000000e+00 
 8.05000000e-09  3.70553446e+00  8.05000000e-09  3.70553072e+00  8.05000000e-09  6.56817276e-03  8.05000000e-09  6.57018366e-03  8.05000000e-09  3.30000000e+00  8.05000000e-09  3.30000000e+00 
 8.07000000e-09  3.70544673e+00  8.07000000e-09  3.70544300e+00  8.07000000e-09  6.44528341e-03  8.07000000e-09  6.44726222e-03  8.07000000e-09  3.30000000e+00  8.07000000e-09  3.30000000e+00 
 8.09000000e-09  3.70535925e+00  8.09000000e-09  3.70535553e+00  8.09000000e-09  6.32468457e-03  8.09000000e-09  6.32663203e-03  8.09000000e-09  3.30000000e+00  8.09000000e-09  3.30000000e+00 
 8.11000000e-09  3.70527203e+00  8.11000000e-09  3.70526832e+00  8.11000000e-09  6.20634938e-03  8.11000000e-09  6.20826598e-03  8.11000000e-09  3.30000000e+00  8.11000000e-09  3.30000000e+00 
 8.13000000e-09  3.70518506e+00  8.13000000e-09  3.70518136e+00  8.13000000e-09  6.09021971e-03  8.13000000e-09  6.09210616e-03  8.13000000e-09  3.30000000e+00  8.13000000e-09  3.30000000e+00 
 8.15000000e-09  3.70509834e+00  8.15000000e-09  3.70509465e+00  8.15000000e-09  5.97627028e-03  8.15000000e-09  5.97812705e-03  8.15000000e-09  3.30000000e+00  8.15000000e-09  3.30000000e+00 
 8.17000000e-09  3.70501187e+00  8.17000000e-09  3.70500819e+00  8.17000000e-09  5.86444451e-03  8.17000000e-09  5.86627229e-03  8.17000000e-09  3.30000000e+00  8.17000000e-09  3.30000000e+00 
 8.19000000e-09  3.70492565e+00  8.19000000e-09  3.70492199e+00  8.19000000e-09  5.75471864e-03  8.19000000e-09  5.75651788e-03  8.19000000e-09  3.30000000e+00  8.19000000e-09  3.30000000e+00 
 8.21000000e-09  3.70483968e+00  8.21000000e-09  3.70483602e+00  8.21000000e-09  5.64703759e-03  8.21000000e-09  5.64880894e-03  8.21000000e-09  3.30000000e+00  8.21000000e-09  3.30000000e+00 
 8.23000000e-09  3.70475395e+00  8.23000000e-09  3.70475030e+00  8.23000000e-09  5.54137906e-03  8.23000000e-09  5.54312296e-03  8.23000000e-09  3.30000000e+00  8.23000000e-09  3.30000000e+00 
 8.25000000e-09  3.70466847e+00  8.25000000e-09  3.70466483e+00  8.25000000e-09  5.43768940e-03  8.25000000e-09  5.43940649e-03  8.25000000e-09  3.30000000e+00  8.25000000e-09  3.30000000e+00 
 8.27000000e-09  3.70458323e+00  8.27000000e-09  3.70457960e+00  8.27000000e-09  5.33594773e-03  8.27000000e-09  5.33763841e-03  8.27000000e-09  3.30000000e+00  8.27000000e-09  3.30000000e+00 
 8.29000000e-09  3.70449822e+00  8.29000000e-09  3.70449461e+00  8.29000000e-09  5.23610180e-03  8.29000000e-09  5.23776669e-03  8.29000000e-09  3.30000000e+00  8.29000000e-09  3.30000000e+00 
 8.31000000e-09  3.70441346e+00  8.31000000e-09  3.70440986e+00  8.31000000e-09  5.13813207e-03  8.31000000e-09  5.13977157e-03  8.31000000e-09  3.30000000e+00  8.31000000e-09  3.30000000e+00 
 8.33000000e-09  3.70432894e+00  8.33000000e-09  3.70432534e+00  8.33000000e-09  5.04198763e-03  8.33000000e-09  5.04360233e-03  8.33000000e-09  3.30000000e+00  8.33000000e-09  3.30000000e+00 
 8.35000000e-09  3.70424465e+00  8.35000000e-09  3.70424107e+00  8.35000000e-09  4.94765026e-03  8.35000000e-09  4.94924053e-03  8.35000000e-09  3.30000000e+00  8.35000000e-09  3.30000000e+00 
 8.37000000e-09  3.70416060e+00  8.37000000e-09  3.70415703e+00  8.37000000e-09  4.85507033e-03  8.37000000e-09  4.85663675e-03  8.37000000e-09  3.30000000e+00  8.37000000e-09  3.30000000e+00 
 8.38500000e-09  3.70409772e+00  8.38500000e-09  3.70409415e+00  8.38500000e-09  4.78678199e-03  8.38500000e-09  4.78833072e-03  8.38500000e-09  3.30000000e+00  8.38500000e-09  3.30000000e+00 
 8.40000000e-09  3.70403496e+00  8.40000000e-09  3.70403140e+00  8.40000000e-09  4.71944643e-03  8.40000000e-09  4.72097784e-03  8.40000000e-09  3.30000000e+00  8.40000000e-09  3.30000000e+00 
 8.40200000e-09  3.69050488e+00  8.40200000e-09  3.69050177e+00  8.40200000e-09  4.65049950e-03  8.40200000e-09  4.65201231e-03  8.40200000e-09  3.30000000e+00  8.40200000e-09  3.23400000e+00 
 8.40600000e-09  3.65977118e+00  8.40600000e-09  3.65976895e+00  8.40600000e-09  4.51454939e-03  8.40600000e-09  4.51602132e-03  8.40600000e-09  3.30000000e+00  8.40600000e-09  3.10200000e+00 
 8.41400000e-09  3.58623377e+00  8.41400000e-09  3.58623269e+00  8.41400000e-09  4.27407513e-03  8.41400000e-09  4.27499103e-03  8.41400000e-09  3.30000000e+00  8.41400000e-09  2.83800000e+00 
 8.43000000e-09  3.39416298e+00  8.43000000e-09  3.39416358e+00  8.43000000e-09  3.81840690e-03  8.43000000e-09  3.81783967e-03  8.43000000e-09  3.30000000e+00  8.43000000e-09  2.31000000e+00 
 8.45000000e-09  3.18453822e+00  8.45000000e-09  3.18454105e+00  8.45000000e-09  3.38798917e-03  8.45000000e-09  3.38625226e-03  8.45000000e-09  3.30000000e+00  8.45000000e-09  1.65000000e+00 
 8.47000000e-09  3.12911629e+00  8.47000000e-09  3.12911894e+00  8.47000000e-09  3.24289899e-03  8.47000000e-09  3.24119960e-03  8.47000000e-09  3.30000000e+00  8.47000000e-09  9.90000000e-01 
 8.48500000e-09  3.14829332e+00  8.48500000e-09  3.14829500e+00  8.48500000e-09  3.18322485e-03  8.48500000e-09  3.18216532e-03  8.48500000e-09  3.30000000e+00  8.48500000e-09  4.95000000e-01 
 8.50000000e-09  3.17150364e+00  8.50000000e-09  3.17150445e+00  8.50000000e-09  3.17390567e-03  8.50000000e-09  3.17358677e-03  8.50000000e-09  3.30000000e+00  8.50000000e-09  0.00000000e+00 
 8.50200000e-09  3.19386215e+00  8.50200000e-09  3.19386287e+00  8.50200000e-09  3.24338209e-03  8.50200000e-09  3.24322418e-03  8.50200000e-09  3.30000000e+00  8.50200000e-09  0.00000000e+00 
 8.50600000e-09  3.23083383e+00  8.50600000e-09  3.23083439e+00  8.50600000e-09  3.34675351e-03  8.50600000e-09  3.34696470e-03  8.50600000e-09  3.30000000e+00  8.50600000e-09  0.00000000e+00 
 8.51400000e-09  3.27211887e+00  8.51400000e-09  3.27211921e+00  8.51400000e-09  3.41688407e-03  8.51400000e-09  3.41785397e-03  8.51400000e-09  3.30000000e+00  8.51400000e-09  0.00000000e+00 
 8.53000000e-09  3.29798218e+00  8.53000000e-09  3.29798229e+00  8.53000000e-09  3.37760953e-03  8.53000000e-09  3.37937930e-03  8.53000000e-09  3.30000000e+00  8.53000000e-09  0.00000000e+00 
 8.55000000e-09  3.30021651e+00  8.55000000e-09  3.30021653e+00  8.55000000e-09  3.28841370e-03  8.55000000e-09  3.29015559e-03  8.55000000e-09  3.30000000e+00  8.55000000e-09  0.00000000e+00 
 8.57000000e-09  3.30001298e+00  8.57000000e-09  3.30001299e+00  8.57000000e-09  3.22239405e-03  8.57000000e-09  3.22384618e-03  8.57000000e-09  3.30000000e+00  8.57000000e-09  0.00000000e+00 
 8.59000000e-09  3.30000360e+00  8.59000000e-09  3.30000360e+00  8.59000000e-09  3.16152860e-03  8.59000000e-09  3.16280123e-03  8.59000000e-09  3.30000000e+00  8.59000000e-09  0.00000000e+00 
 8.61000000e-09  3.30000048e+00  8.61000000e-09  3.30000048e+00  8.61000000e-09  3.10230850e-03  8.61000000e-09  3.10348769e-03  8.61000000e-09  3.30000000e+00  8.61000000e-09  0.00000000e+00 
 8.63000000e-09  3.30000007e+00  8.63000000e-09  3.30000007e+00  8.63000000e-09  3.04427459e-03  8.63000000e-09  3.04540367e-03  8.63000000e-09  3.30000000e+00  8.63000000e-09  0.00000000e+00 
 8.65000000e-09  3.30000002e+00  8.65000000e-09  3.30000002e+00  8.65000000e-09  2.98733280e-03  8.65000000e-09  2.98843178e-03  8.65000000e-09  3.30000000e+00  8.65000000e-09  0.00000000e+00 
 8.67000000e-09  3.29999999e+00  8.67000000e-09  3.29999999e+00  8.67000000e-09  2.93145579e-03  8.67000000e-09  2.93253370e-03  8.67000000e-09  3.30000000e+00  8.67000000e-09  0.00000000e+00 
 8.69000000e-09  3.30000001e+00  8.69000000e-09  3.30000001e+00  8.69000000e-09  2.87662396e-03  8.69000000e-09  2.87768490e-03  8.69000000e-09  3.30000000e+00  8.69000000e-09  0.00000000e+00 
 8.71000000e-09  3.29999999e+00  8.71000000e-09  3.29999999e+00  8.71000000e-09  2.82281846e-03  8.71000000e-09  2.82386437e-03  8.71000000e-09  3.30000000e+00  8.71000000e-09  0.00000000e+00 
 8.73000000e-09  3.30000000e+00  8.73000000e-09  3.30000000e+00  8.73000000e-09  2.77002050e-03  8.73000000e-09  2.77105238e-03  8.73000000e-09  3.30000000e+00  8.73000000e-09  0.00000000e+00 
 8.75000000e-09  3.29999999e+00  8.75000000e-09  3.29999999e+00  8.75000000e-09  2.71821140e-03  8.75000000e-09  2.71922982e-03  8.75000000e-09  3.30000000e+00  8.75000000e-09  0.00000000e+00 
 8.77000000e-09  3.30000000e+00  8.77000000e-09  3.30000000e+00  8.77000000e-09  2.66737276e-03  8.77000000e-09  2.66837811e-03  8.77000000e-09  3.30000000e+00  8.77000000e-09  0.00000000e+00 
 8.79000000e-09  3.29999999e+00  8.79000000e-09  3.29999999e+00  8.79000000e-09  2.61748643e-03  8.79000000e-09  2.61847903e-03  8.79000000e-09  3.30000000e+00  8.79000000e-09  0.00000000e+00 
 8.81000000e-09  3.30000000e+00  8.81000000e-09  3.30000000e+00  8.81000000e-09  2.56853463e-03  8.81000000e-09  2.56951474e-03  8.81000000e-09  3.30000000e+00  8.81000000e-09  0.00000000e+00 
 8.83000000e-09  3.29999999e+00  8.83000000e-09  3.29999999e+00  8.83000000e-09  2.52049985e-03  8.83000000e-09  2.52146772e-03  8.83000000e-09  3.30000000e+00  8.83000000e-09  0.00000000e+00 
 8.85000000e-09  3.30000000e+00  8.85000000e-09  3.30000000e+00  8.85000000e-09  2.47336496e-03  8.85000000e-09  2.47432082e-03  8.85000000e-09  3.30000000e+00  8.85000000e-09  0.00000000e+00 
 8.87000000e-09  3.29999999e+00  8.87000000e-09  3.29999999e+00  8.87000000e-09  2.42711309e-03  8.87000000e-09  2.42805718e-03  8.87000000e-09  3.30000000e+00  8.87000000e-09  0.00000000e+00 
 8.89000000e-09  3.30000000e+00  8.89000000e-09  3.30000000e+00  8.89000000e-09  2.38172774e-03  8.89000000e-09  2.38266028e-03  8.89000000e-09  3.30000000e+00  8.89000000e-09  0.00000000e+00 
 8.91000000e-09  3.29999999e+00  8.91000000e-09  3.29999999e+00  8.91000000e-09  2.33719266e-03  8.91000000e-09  2.33811386e-03  8.91000000e-09  3.30000000e+00  8.91000000e-09  0.00000000e+00 
 8.93000000e-09  3.30000000e+00  8.93000000e-09  3.30000000e+00  8.93000000e-09  2.29349195e-03  8.93000000e-09  2.29440204e-03  8.93000000e-09  3.30000000e+00  8.93000000e-09  0.00000000e+00 
 8.95000000e-09  3.29999999e+00  8.95000000e-09  3.29999999e+00  8.95000000e-09  2.25060998e-03  8.95000000e-09  2.25150917e-03  8.95000000e-09  3.30000000e+00  8.95000000e-09  0.00000000e+00 
 8.97000000e-09  3.30000000e+00  8.97000000e-09  3.30000000e+00  8.97000000e-09  2.20853145e-03  8.97000000e-09  2.20941994e-03  8.97000000e-09  3.30000000e+00  8.97000000e-09  0.00000000e+00 
 8.99000000e-09  3.29999999e+00  8.99000000e-09  3.29999999e+00  8.99000000e-09  2.16724128e-03  8.99000000e-09  2.16811928e-03  8.99000000e-09  3.30000000e+00  8.99000000e-09  0.00000000e+00 
 9.01000000e-09  3.30000000e+00  9.01000000e-09  3.30000000e+00  9.01000000e-09  2.12672475e-03  9.01000000e-09  2.12759246e-03  9.01000000e-09  3.30000000e+00  9.01000000e-09  0.00000000e+00 
 9.03000000e-09  3.29999999e+00  9.03000000e-09  3.29999999e+00  9.03000000e-09  2.08696734e-03  9.03000000e-09  2.08782495e-03  9.03000000e-09  3.30000000e+00  9.03000000e-09  0.00000000e+00 
 9.05000000e-09  3.30000000e+00  9.05000000e-09  3.30000000e+00  9.05000000e-09  2.04795486e-03  9.05000000e-09  2.04880257e-03  9.05000000e-09  3.30000000e+00  9.05000000e-09  0.00000000e+00 
 9.07000000e-09  3.29999999e+00  9.07000000e-09  3.29999999e+00  9.07000000e-09  2.00967335e-03  9.07000000e-09  2.01051134e-03  9.07000000e-09  3.30000000e+00  9.07000000e-09  0.00000000e+00 
 9.09000000e-09  3.30000000e+00  9.09000000e-09  3.30000000e+00  9.09000000e-09  1.97210914e-03  9.09000000e-09  1.97293760e-03  9.09000000e-09  3.30000000e+00  9.09000000e-09  0.00000000e+00 
 9.11000000e-09  3.29999999e+00  9.11000000e-09  3.29999999e+00  9.11000000e-09  1.93524878e-03  9.11000000e-09  1.93606788e-03  9.11000000e-09  3.30000000e+00  9.11000000e-09  0.00000000e+00 
 9.13000000e-09  3.30000000e+00  9.13000000e-09  3.30000000e+00  9.13000000e-09  1.89907911e-03  9.13000000e-09  1.89988903e-03  9.13000000e-09  3.30000000e+00  9.13000000e-09  0.00000000e+00 
 9.15000000e-09  3.29999999e+00  9.15000000e-09  3.29999999e+00  9.15000000e-09  1.86358717e-03  9.15000000e-09  1.86438809e-03  9.15000000e-09  3.30000000e+00  9.15000000e-09  0.00000000e+00 
 9.17000000e-09  3.30000000e+00  9.17000000e-09  3.30000000e+00  9.17000000e-09  1.82876030e-03  9.17000000e-09  1.82955239e-03  9.17000000e-09  3.30000000e+00  9.17000000e-09  0.00000000e+00 
 9.19000000e-09  3.29999999e+00  9.19000000e-09  3.29999999e+00  9.19000000e-09  1.79458602e-03  9.19000000e-09  1.79536945e-03  9.19000000e-09  3.30000000e+00  9.19000000e-09  0.00000000e+00 
 9.21000000e-09  3.30000000e+00  9.21000000e-09  3.30000000e+00  9.21000000e-09  1.76105213e-03  9.21000000e-09  1.76182706e-03  9.21000000e-09  3.30000000e+00  9.21000000e-09  0.00000000e+00 
 9.23000000e-09  3.29999999e+00  9.23000000e-09  3.29999999e+00  9.23000000e-09  1.72814661e-03  9.23000000e-09  1.72891321e-03  9.23000000e-09  3.30000000e+00  9.23000000e-09  0.00000000e+00 
 9.25000000e-09  3.30000000e+00  9.25000000e-09  3.30000000e+00  9.25000000e-09  1.69585773e-03  9.25000000e-09  1.69661615e-03  9.25000000e-09  3.30000000e+00  9.25000000e-09  0.00000000e+00 
 9.27000000e-09  3.29999999e+00  9.27000000e-09  3.29999999e+00  9.27000000e-09  1.66417391e-03  9.27000000e-09  1.66492430e-03  9.27000000e-09  3.30000000e+00  9.27000000e-09  0.00000000e+00 
 9.29000000e-09  3.30000000e+00  9.29000000e-09  3.30000000e+00  9.29000000e-09  1.63308384e-03  9.29000000e-09  1.63382636e-03  9.29000000e-09  3.30000000e+00  9.29000000e-09  0.00000000e+00 
 9.31000000e-09  3.29999999e+00  9.31000000e-09  3.29999999e+00  9.31000000e-09  1.60257637e-03  9.31000000e-09  1.60331117e-03  9.31000000e-09  3.30000000e+00  9.31000000e-09  0.00000000e+00 
 9.33000000e-09  3.30000000e+00  9.33000000e-09  3.30000000e+00  9.33000000e-09  1.57264063e-03  9.33000000e-09  1.57336785e-03  9.33000000e-09  3.30000000e+00  9.33000000e-09  0.00000000e+00 
 9.35000000e-09  3.29999999e+00  9.35000000e-09  3.29999999e+00  9.35000000e-09  1.54326587e-03  9.35000000e-09  1.54398566e-03  9.35000000e-09  3.30000000e+00  9.35000000e-09  0.00000000e+00 
 9.37000000e-09  3.30000000e+00  9.37000000e-09  3.30000000e+00  9.37000000e-09  1.51444162e-03  9.37000000e-09  1.51515411e-03  9.37000000e-09  3.30000000e+00  9.37000000e-09  0.00000000e+00 
 9.39000000e-09  3.29999999e+00  9.39000000e-09  3.29999999e+00  9.39000000e-09  1.48615754e-03  9.39000000e-09  1.48686287e-03  9.39000000e-09  3.30000000e+00  9.39000000e-09  0.00000000e+00 
 9.41000000e-09  3.30000000e+00  9.41000000e-09  3.30000000e+00  9.41000000e-09  1.45840353e-03  9.41000000e-09  1.45910185e-03  9.41000000e-09  3.30000000e+00  9.41000000e-09  0.00000000e+00 
 9.43000000e-09  3.29999999e+00  9.43000000e-09  3.29999999e+00  9.43000000e-09  1.43116965e-03  9.43000000e-09  1.43186108e-03  9.43000000e-09  3.30000000e+00  9.43000000e-09  0.00000000e+00 
 9.45000000e-09  3.30000000e+00  9.45000000e-09  3.30000000e+00  9.45000000e-09  1.40444617e-03  9.45000000e-09  1.40513084e-03  9.45000000e-09  3.30000000e+00  9.45000000e-09  0.00000000e+00 
 9.47000000e-09  3.29999999e+00  9.47000000e-09  3.29999999e+00  9.47000000e-09  1.37822350e-03  9.47000000e-09  1.37890155e-03  9.47000000e-09  3.30000000e+00  9.47000000e-09  0.00000000e+00 
 9.49000000e-09  3.30000000e+00  9.49000000e-09  3.30000000e+00  9.49000000e-09  1.35249231e-03  9.49000000e-09  1.35316385e-03  9.49000000e-09  3.30000000e+00  9.49000000e-09  0.00000000e+00 
 9.51000000e-09  3.29999999e+00  9.51000000e-09  3.29999999e+00  9.51000000e-09  1.32724334e-03  9.51000000e-09  1.32790850e-03  9.51000000e-09  3.30000000e+00  9.51000000e-09  0.00000000e+00 
 9.53000000e-09  3.30000000e+00  9.53000000e-09  3.30000000e+00  9.53000000e-09  1.30246759e-03  9.53000000e-09  1.30312649e-03  9.53000000e-09  3.30000000e+00  9.53000000e-09  0.00000000e+00 
 9.55000000e-09  3.29999999e+00  9.55000000e-09  3.29999999e+00  9.55000000e-09  1.27815618e-03  9.55000000e-09  1.27880894e-03  9.55000000e-09  3.30000000e+00  9.55000000e-09  0.00000000e+00 
 9.57000000e-09  3.30000000e+00  9.57000000e-09  3.30000000e+00  9.57000000e-09  1.25430042e-03  9.57000000e-09  1.25494716e-03  9.57000000e-09  3.30000000e+00  9.57000000e-09  0.00000000e+00 
 9.59000000e-09  3.29999999e+00  9.59000000e-09  3.29999999e+00  9.59000000e-09  1.23089177e-03  9.59000000e-09  1.23153259e-03  9.59000000e-09  3.30000000e+00  9.59000000e-09  0.00000000e+00 
 9.61000000e-09  3.30000000e+00  9.61000000e-09  3.30000000e+00  9.61000000e-09  1.20792186e-03  9.61000000e-09  1.20855688e-03  9.61000000e-09  3.30000000e+00  9.61000000e-09  0.00000000e+00 
 9.63000000e-09  3.29999999e+00  9.63000000e-09  3.29999999e+00  9.63000000e-09  1.18538245e-03  9.63000000e-09  1.18601178e-03  9.63000000e-09  3.30000000e+00  9.63000000e-09  0.00000000e+00 
 9.65000000e-09  3.30000000e+00  9.65000000e-09  3.30000000e+00  9.65000000e-09  1.16326550e-03  9.65000000e-09  1.16388926e-03  9.65000000e-09  3.30000000e+00  9.65000000e-09  0.00000000e+00 
 9.67000000e-09  3.29999999e+00  9.67000000e-09  3.29999999e+00  9.67000000e-09  1.14156308e-03  9.67000000e-09  1.14218135e-03  9.67000000e-09  3.30000000e+00  9.67000000e-09  0.00000000e+00 
 9.69000000e-09  3.30000000e+00  9.69000000e-09  3.30000000e+00  9.69000000e-09  1.12026743e-03  9.69000000e-09  1.12088034e-03  9.69000000e-09  3.30000000e+00  9.69000000e-09  0.00000000e+00 
 9.71000000e-09  3.29999999e+00  9.71000000e-09  3.29999999e+00  9.71000000e-09  1.09937092e-03  9.71000000e-09  1.09997856e-03  9.71000000e-09  3.30000000e+00  9.71000000e-09  0.00000000e+00 
 9.73000000e-09  3.30000000e+00  9.73000000e-09  3.30000000e+00  9.73000000e-09  1.07886610e-03  9.73000000e-09  1.07946856e-03  9.73000000e-09  3.30000000e+00  9.73000000e-09  0.00000000e+00 
 9.75000000e-09  3.29999999e+00  9.75000000e-09  3.29999999e+00  9.75000000e-09  1.05874558e-03  9.75000000e-09  1.05934297e-03  9.75000000e-09  3.30000000e+00  9.75000000e-09  0.00000000e+00 
 9.77000000e-09  3.30000000e+00  9.77000000e-09  3.30000000e+00  9.77000000e-09  1.03900222e-03  9.77000000e-09  1.03959462e-03  9.77000000e-09  3.30000000e+00  9.77000000e-09  0.00000000e+00 
 9.79000000e-09  3.29999999e+00  9.79000000e-09  3.29999999e+00  9.79000000e-09  1.01962890e-03  9.79000000e-09  1.02021642e-03  9.79000000e-09  3.30000000e+00  9.79000000e-09  0.00000000e+00 
 9.81000000e-09  3.30000000e+00  9.81000000e-09  3.30000000e+00  9.81000000e-09  1.00061872e-03  9.81000000e-09  1.00120145e-03  9.81000000e-09  3.30000000e+00  9.81000000e-09  0.00000000e+00 
 9.83000000e-09  3.29999999e+00  9.83000000e-09  3.29999999e+00  9.83000000e-09  9.81964855e-04  9.83000000e-09  9.82542885e-04  9.83000000e-09  3.30000000e+00  9.83000000e-09  0.00000000e+00 
 9.85000000e-09  3.30000000e+00  9.85000000e-09  3.30000000e+00  9.85000000e-09  9.63660654e-04  9.85000000e-09  9.64234072e-04  9.85000000e-09  3.30000000e+00  9.85000000e-09  0.00000000e+00 
 9.87000000e-09  3.29999999e+00  9.87000000e-09  3.29999999e+00  9.87000000e-09  9.45699534e-04  9.87000000e-09  9.46268426e-04  9.87000000e-09  3.30000000e+00  9.87000000e-09  0.00000000e+00 
 9.89000000e-09  3.30000000e+00  9.89000000e-09  3.30000000e+00  9.89000000e-09  9.28075099e-04  9.89000000e-09  9.28639550e-04  9.89000000e-09  3.30000000e+00  9.89000000e-09  0.00000000e+00 
 9.91000000e-09  3.29999999e+00  9.91000000e-09  3.29999999e+00  9.91000000e-09  9.10781006e-04  9.91000000e-09  9.11341101e-04  9.91000000e-09  3.30000000e+00  9.91000000e-09  0.00000000e+00 
 9.93000000e-09  3.30000000e+00  9.93000000e-09  3.30000000e+00  9.93000000e-09  8.93811099e-04  9.93000000e-09  8.94366920e-04  9.93000000e-09  3.30000000e+00  9.93000000e-09  0.00000000e+00 
 9.95000000e-09  3.29999999e+00  9.95000000e-09  3.29999999e+00  9.95000000e-09  8.77159270e-04  9.95000000e-09  8.77710897e-04  9.95000000e-09  3.30000000e+00  9.95000000e-09  0.00000000e+00 
 9.97000000e-09  3.30000000e+00  9.97000000e-09  3.30000000e+00  9.97000000e-09  8.60819592e-04  9.97000000e-09  8.61367105e-04  9.97000000e-09  3.30000000e+00  9.97000000e-09  0.00000000e+00 
 9.99000000e-09  3.29999999e+00  9.99000000e-09  3.29999999e+00  9.99000000e-09  8.44786182e-04  9.99000000e-09  8.45329658e-04  9.99000000e-09  3.30000000e+00  9.99000000e-09  0.00000000e+00 
 1.00100000e-08  3.30000000e+00  1.00100000e-08  3.30000000e+00  1.00100000e-08  8.29053334e-04  1.00100000e-08  8.29592849e-04  1.00100000e-08  3.30000000e+00  1.00100000e-08  0.00000000e+00 
 1.00300000e-08  3.29999999e+00  1.00300000e-08  3.29999999e+00  1.00300000e-08  8.13615382e-04  1.00300000e-08  8.14151011e-04  1.00300000e-08  3.30000000e+00  1.00300000e-08  0.00000000e+00 
 1.00500000e-08  3.30000000e+00  1.00500000e-08  3.30000000e+00  1.00500000e-08  7.98466834e-04  1.00500000e-08  7.98998650e-04  1.00500000e-08  3.30000000e+00  1.00500000e-08  0.00000000e+00 
 1.00700000e-08  3.29999999e+00  1.00700000e-08  3.29999999e+00  1.00700000e-08  7.83602232e-04  1.00700000e-08  7.84130308e-04  1.00700000e-08  3.30000000e+00  1.00700000e-08  0.00000000e+00 
 1.00850000e-08  3.30000000e+00  1.00850000e-08  3.30000000e+00  1.00850000e-08  7.72637084e-04  1.00850000e-08  7.73162400e-04  1.00850000e-08  3.30000000e+00  1.00850000e-08  0.00000000e+00 
 1.01000000e-08  3.29999999e+00  1.01000000e-08  3.29999999e+00  1.01000000e-08  7.61826440e-04  1.01000000e-08  7.62349037e-04  1.01000000e-08  3.30000000e+00  1.01000000e-08  0.00000000e+00 
 1.01020000e-08  3.29999989e+00  1.01020000e-08  3.29999989e+00  1.01020000e-08  6.92418400e-04  1.01020000e-08  6.93081406e-04  1.01020000e-08  3.23400000e+00  1.01020000e-08  0.00000000e+00 
 1.01060000e-08  3.29999967e+00  1.01060000e-08  3.29999967e+00  1.01060000e-08  5.08828021e-04  1.01060000e-08  5.09964323e-04  1.01060000e-08  3.10200000e+00  1.01060000e-08  0.00000000e+00 
 1.01140000e-08  3.29999928e+00  1.01140000e-08  3.29999928e+00  1.01140000e-08 -1.07107481e-04  1.01140000e-08 -1.04538080e-04  1.01140000e-08  2.83800000e+00  1.01140000e-08  0.00000000e+00 
 1.01300000e-08  3.29999887e+00  1.01300000e-08  3.29999887e+00  1.01300000e-08 -2.21969581e-03  1.01300000e-08 -2.21598120e-03  1.01300000e-08  2.31000000e+00  1.01300000e-08  0.00000000e+00 
 1.01500000e-08  3.30000293e+00  1.01500000e-08  3.30000294e+00  1.01500000e-08  5.69117524e-05  1.01500000e-08  7.06003387e-05  1.01500000e-08  1.65000000e+00  1.01500000e-08  0.00000000e+00 
 1.01700000e-08  3.30000638e+00  1.01700000e-08  3.30000640e+00  1.01700000e-08  1.15064324e-02  1.01700000e-08  1.15597554e-02  1.01700000e-08  9.90000000e-01  1.01700000e-08  0.00000000e+00 
 1.01850000e-08  3.30000672e+00  1.01850000e-08  3.30000675e+00  1.01850000e-08  2.63464973e-02  1.01850000e-08  2.64522103e-02  1.01850000e-08  4.95000000e-01  1.01850000e-08  0.00000000e+00 
 1.02000000e-08  3.30000722e+00  1.02000000e-08  3.30000724e+00  1.02000000e-08  4.69898256e-02  1.02000000e-08  4.71639385e-02  1.02000000e-08  0.00000000e+00  1.02000000e-08  0.00000000e+00 
 1.02020000e-08  3.30000772e+00  1.02020000e-08  3.30000775e+00  1.02020000e-08  5.04950219e-02  1.02020000e-08  5.06798719e-02  1.02020000e-08  0.00000000e+00  1.02020000e-08  0.00000000e+00 
 1.02060000e-08  3.30000757e+00  1.02060000e-08  3.30000760e+00  1.02060000e-08  5.72407014e-02  1.02060000e-08  5.74474173e-02  1.02060000e-08  0.00000000e+00  1.02060000e-08  0.00000000e+00 
 1.02140000e-08  3.30000432e+00  1.02140000e-08  3.30000434e+00  1.02140000e-08  6.96382198e-02  1.02140000e-08  6.98880590e-02  1.02140000e-08  0.00000000e+00  1.02140000e-08  0.00000000e+00 
 1.02300000e-08  3.29999979e+00  1.02300000e-08  3.29999979e+00  1.02300000e-08  9.27220679e-02  1.02300000e-08  9.30459678e-02  1.02300000e-08  0.00000000e+00  1.02300000e-08  0.00000000e+00 
 1.02500000e-08  3.29999952e+00  1.02500000e-08  3.29999951e+00  1.02500000e-08  1.20883367e-01  1.02500000e-08  1.21277535e-01  1.02500000e-08  0.00000000e+00  1.02500000e-08  0.00000000e+00 
 1.02700000e-08  3.30000012e+00  1.02700000e-08  3.30000011e+00  1.02700000e-08  1.49202445e-01  1.02700000e-08  1.49653379e-01  1.02700000e-08  0.00000000e+00  1.02700000e-08  0.00000000e+00 
 1.02900000e-08  3.30000025e+00  1.02900000e-08  3.30000025e+00  1.02900000e-08  1.77738975e-01  1.02900000e-08  1.78243800e-01  1.02900000e-08  0.00000000e+00  1.02900000e-08  0.00000000e+00 
 1.03100000e-08  3.30000030e+00  1.03100000e-08  3.30000030e+00  1.03100000e-08  2.06499887e-01  1.03100000e-08  2.07061403e-01  1.03100000e-08  0.00000000e+00  1.03100000e-08  0.00000000e+00 
 1.03300000e-08  3.30000035e+00  1.03300000e-08  3.30000036e+00  1.03300000e-08  2.35499110e-01  1.03300000e-08  2.36123646e-01  1.03300000e-08  0.00000000e+00  1.03300000e-08  0.00000000e+00 
 1.03500000e-08  3.30000043e+00  1.03500000e-08  3.30000044e+00  1.03500000e-08  2.64755606e-01  1.03500000e-08  2.65452304e-01  1.03500000e-08  0.00000000e+00  1.03500000e-08  0.00000000e+00 
 1.03700000e-08  3.30000052e+00  1.03700000e-08  3.30000054e+00  1.03700000e-08  2.94294423e-01  1.03700000e-08  2.95075289e-01  1.03700000e-08  0.00000000e+00  1.03700000e-08  0.00000000e+00 
 1.03900000e-08  3.30000065e+00  1.03900000e-08  3.30000067e+00  1.03900000e-08  3.24148535e-01  1.03900000e-08  3.25028984e-01  1.03900000e-08  0.00000000e+00  1.03900000e-08  0.00000000e+00 
 1.04100000e-08  3.30000082e+00  1.04100000e-08  3.30000085e+00  1.04100000e-08  3.54361639e-01  1.04100000e-08  3.55361520e-01  1.04100000e-08  0.00000000e+00  1.04100000e-08  0.00000000e+00 
 1.04300000e-08  3.30000105e+00  1.04300000e-08  3.30000109e+00  1.04300000e-08  3.84992505e-01  1.04300000e-08  3.86137776e-01  1.04300000e-08  0.00000000e+00  1.04300000e-08  0.00000000e+00 
 1.04500000e-08  3.30000134e+00  1.04500000e-08  3.30000140e+00  1.04500000e-08  4.16121816e-01  1.04500000e-08  4.17447230e-01  1.04500000e-08  0.00000000e+00  1.04500000e-08  0.00000000e+00 
 1.04700000e-08  3.30000173e+00  1.04700000e-08  3.30000181e+00  1.04700000e-08  4.47863454e-01  1.04700000e-08  4.49417074e-01  1.04700000e-08  0.00000000e+00  1.04700000e-08  0.00000000e+00 
 1.04900000e-08  3.30000221e+00  1.04900000e-08  3.30000234e+00  1.04900000e-08  4.80384027e-01  1.04900000e-08  4.82235255e-01  1.04900000e-08  0.00000000e+00  1.04900000e-08  0.00000000e+00 
 1.05100000e-08  3.30000280e+00  1.05100000e-08  3.30000302e+00  1.05100000e-08  5.13938906e-01  1.05100000e-08  5.16193947e-01  1.05100000e-08  0.00000000e+00  1.05100000e-08  0.00000000e+00 
 1.05300000e-08  3.30000355e+00  1.05300000e-08  3.30000392e+00  1.05300000e-08  5.48943906e-01  1.05300000e-08  5.51778345e-01  1.05300000e-08  0.00000000e+00  1.05300000e-08  0.00000000e+00 
 1.05500000e-08  3.30000457e+00  1.05500000e-08  3.30000527e+00  1.05500000e-08  5.86138940e-01  1.05500000e-08  5.89876290e-01  1.05500000e-08  0.00000000e+00  1.05500000e-08  0.00000000e+00 
 1.05700000e-08  3.30000622e+00  1.05700000e-08  3.30000770e+00  1.05700000e-08  6.26957989e-01  1.05700000e-08  6.32257608e-01  1.05700000e-08  0.00000000e+00  1.05700000e-08  0.00000000e+00 
 1.05900000e-08  3.30000957e+00  1.05900000e-08  3.30001295e+00  1.05900000e-08  6.74426170e-01  1.05900000e-08  6.82638194e-01  1.05900000e-08  0.00000000e+00  1.05900000e-08  0.00000000e+00 
 1.06100000e-08  3.30001640e+00  1.06100000e-08  3.30002218e+00  1.06100000e-08  7.34431932e-01  1.06100000e-08  7.47327458e-01  1.06100000e-08  0.00000000e+00  1.06100000e-08  0.00000000e+00 
 1.06300000e-08  3.30002333e+00  1.06300000e-08  3.30002640e+00  1.06300000e-08  8.13430757e-01  1.06300000e-08  8.31300185e-01  1.06300000e-08  0.00000000e+00  1.06300000e-08  0.00000000e+00 
 1.06500000e-08  3.30001673e+00  1.06500000e-08  3.30001222e+00  1.06500000e-08  9.12064515e-01  1.06500000e-08  9.34140092e-01  1.06500000e-08  0.00000000e+00  1.06500000e-08  0.00000000e+00 
 1.06700000e-08  3.29999537e+00  1.06700000e-08  3.29998304e+00  1.06700000e-08  1.02657783e+00  1.06700000e-08  1.05206452e+00  1.06700000e-08  0.00000000e+00  1.06700000e-08  0.00000000e+00 
 1.06900000e-08  3.29997130e+00  1.06900000e-08  3.29995283e+00  1.06900000e-08  1.15292263e+00  1.06900000e-08  1.18132064e+00  1.06900000e-08  0.00000000e+00  1.06900000e-08  0.00000000e+00 
 1.07100000e-08  3.29995235e+00  1.07100000e-08  3.29993110e+00  1.07100000e-08  1.28824909e+00  1.07100000e-08  1.31919389e+00  1.07100000e-08  0.00000000e+00  1.07100000e-08  0.00000000e+00 
 1.07300000e-08  3.29994238e+00  1.07300000e-08  3.29992219e+00  1.07300000e-08  1.43029605e+00  1.07300000e-08  1.46345606e+00  1.07300000e-08  0.00000000e+00  1.07300000e-08  0.00000000e+00 
 1.07500000e-08  3.29993939e+00  1.07500000e-08  3.29991757e+00  1.07500000e-08  1.57702751e+00  1.07500000e-08  1.61208824e+00  1.07500000e-08  0.00000000e+00  1.07500000e-08  0.00000000e+00 
 1.07700000e-08  3.29994044e+00  1.07700000e-08  3.29992133e+00  1.07700000e-08  1.72658198e+00  1.07700000e-08  1.76323752e+00  1.07700000e-08  0.00000000e+00  1.07700000e-08  0.00000000e+00 
 1.07900000e-08  3.29994620e+00  1.07900000e-08  3.29992898e+00  1.07900000e-08  1.87686921e+00  1.07900000e-08  1.91458354e+00  1.07900000e-08  0.00000000e+00  1.07900000e-08  0.00000000e+00 
 1.08100000e-08  3.29995315e+00  1.08100000e-08  3.29993875e+00  1.08100000e-08  2.02501603e+00  1.08100000e-08  2.06309393e+00  1.08100000e-08  0.00000000e+00  1.08100000e-08  0.00000000e+00 
 1.08300000e-08  3.29996124e+00  1.08300000e-08  3.29995139e+00  1.08300000e-08  2.16813313e+00  1.08300000e-08  2.20594286e+00  1.08300000e-08  0.00000000e+00  1.08300000e-08  0.00000000e+00 
 1.08500000e-08  3.29997067e+00  1.08500000e-08  3.29996575e+00  1.08500000e-08  2.30387571e+00  1.08500000e-08  2.34088193e+00  1.08500000e-08  0.00000000e+00  1.08500000e-08  0.00000000e+00 
 1.08700000e-08  3.29998049e+00  1.08700000e-08  3.29998007e+00  1.08700000e-08  2.43047199e+00  1.08700000e-08  2.46623003e+00  1.08700000e-08  0.00000000e+00  1.08700000e-08  0.00000000e+00 
 1.08900000e-08  3.29998975e+00  1.08900000e-08  3.29999320e+00  1.08900000e-08  2.54669617e+00  1.08900000e-08  2.58085215e+00  1.08900000e-08  0.00000000e+00  1.08900000e-08  0.00000000e+00 
 1.09100000e-08  3.29999786e+00  1.09100000e-08  3.30000460e+00  1.09100000e-08  2.65184650e+00  1.09100000e-08  2.68413821e+00  1.09100000e-08  0.00000000e+00  1.09100000e-08  0.00000000e+00 
 1.09300000e-08  3.30000479e+00  1.09300000e-08  3.30001381e+00  1.09300000e-08  2.74570087e+00  1.09300000e-08  2.77595478e+00  1.09300000e-08  0.00000000e+00  1.09300000e-08  0.00000000e+00 
 1.09500000e-08  3.30001013e+00  1.09500000e-08  3.30002053e+00  1.09500000e-08  2.82844562e+00  1.09500000e-08  2.85656920e+00  1.09500000e-08  0.00000000e+00  1.09500000e-08  0.00000000e+00 
 1.09700000e-08  3.30001402e+00  1.09700000e-08  3.30002518e+00  1.09700000e-08  2.90059085e+00  1.09700000e-08  2.92656149e+00  1.09700000e-08  0.00000000e+00  1.09700000e-08  0.00000000e+00 
 1.09900000e-08  3.30001667e+00  1.09900000e-08  3.30002801e+00  1.09900000e-08  2.96287839e+00  1.09900000e-08  2.98673031e+00  1.09900000e-08  0.00000000e+00  1.09900000e-08  0.00000000e+00 
 1.10100000e-08  3.30001826e+00  1.10100000e-08  3.30002934e+00  1.10100000e-08  3.01619436e+00  1.10100000e-08  3.03800501e+00  1.10100000e-08  0.00000000e+00  1.10100000e-08  0.00000000e+00 
 1.10300000e-08  3.30001900e+00  1.10300000e-08  3.30002949e+00  1.10300000e-08  3.06149336e+00  1.10300000e-08  3.08137067e+00  1.10300000e-08  0.00000000e+00  1.10300000e-08  0.00000000e+00 
 1.10500000e-08  3.30001909e+00  1.10500000e-08  3.30002878e+00  1.10500000e-08  3.09973839e+00  1.10500000e-08  3.11780954e+00  1.10500000e-08  0.00000000e+00  1.10500000e-08  0.00000000e+00 
 1.10700000e-08  3.30001869e+00  1.10700000e-08  3.30002749e+00  1.10700000e-08  3.13185691e+00  1.10700000e-08  3.14825922e+00  1.10700000e-08  0.00000000e+00  1.10700000e-08  0.00000000e+00 
 1.10900000e-08  3.30001797e+00  1.10900000e-08  3.30002583e+00  1.10900000e-08  3.15871212e+00  1.10900000e-08  3.17358596e+00  1.10900000e-08  0.00000000e+00  1.10900000e-08  0.00000000e+00 
 1.11100000e-08  3.30001703e+00  1.11100000e-08  3.30002397e+00  1.11100000e-08  3.18108650e+00  1.11100000e-08  3.19457022e+00  1.11100000e-08  0.00000000e+00  1.11100000e-08  0.00000000e+00 
 1.11300000e-08  3.30001596e+00  1.11300000e-08  3.30002203e+00  1.11300000e-08  3.19967503e+00  1.11300000e-08  3.21190143e+00  1.11300000e-08  0.00000000e+00  1.11300000e-08  0.00000000e+00 
 1.11500000e-08  3.30001484e+00  1.11500000e-08  3.30002010e+00  1.11500000e-08  3.21508492e+00  1.11500000e-08  3.22617913e+00  1.11500000e-08  0.00000000e+00  1.11500000e-08  0.00000000e+00 
 1.11700000e-08  3.30001369e+00  1.11700000e-08  3.30001823e+00  1.11700000e-08  3.22783997e+00  1.11700000e-08  3.23791811e+00  1.11700000e-08  0.00000000e+00  1.11700000e-08  0.00000000e+00 
 1.11900000e-08  3.30001257e+00  1.11900000e-08  3.30001645e+00  1.11900000e-08  3.23838715e+00  1.11900000e-08  3.24755590e+00  1.11900000e-08  0.00000000e+00  1.11900000e-08  0.00000000e+00 
 1.12100000e-08  3.30001148e+00  1.12100000e-08  3.30001480e+00  1.12100000e-08  3.24710480e+00  1.12100000e-08  3.25546122e+00  1.12100000e-08  0.00000000e+00  1.12100000e-08  0.00000000e+00 
 1.12300000e-08  3.30001045e+00  1.12300000e-08  3.30001327e+00  1.12300000e-08  3.25431075e+00  1.12300000e-08  3.26194266e+00  1.12300000e-08  0.00000000e+00  1.12300000e-08  0.00000000e+00 
 1.12500000e-08  3.30000949e+00  1.12500000e-08  3.30001188e+00  1.12500000e-08  3.26027067e+00  1.12500000e-08  3.26725699e+00  1.12500000e-08  0.00000000e+00  1.12500000e-08  0.00000000e+00 
 1.12700000e-08  3.30000859e+00  1.12700000e-08  3.30001062e+00  1.12700000e-08  3.26520539e+00  1.12700000e-08  3.27161684e+00  1.12700000e-08  0.00000000e+00  1.12700000e-08  0.00000000e+00 
 1.12900000e-08  3.30000777e+00  1.12900000e-08  3.30000949e+00  1.12900000e-08  3.26929790e+00  1.12900000e-08  3.27519752e+00  1.12900000e-08  0.00000000e+00  1.12900000e-08  0.00000000e+00 
 1.13100000e-08  3.30000702e+00  1.13100000e-08  3.30000847e+00  1.13100000e-08  3.27269923e+00  1.13100000e-08  3.27814313e+00  1.13100000e-08  0.00000000e+00  1.13100000e-08  0.00000000e+00 
 1.13300000e-08  3.30000633e+00  1.13300000e-08  3.30000756e+00  1.13300000e-08  3.27553380e+00  1.13300000e-08  3.28057172e+00  1.13300000e-08  0.00000000e+00  1.13300000e-08  0.00000000e+00 
 1.13500000e-08  3.30000571e+00  1.13500000e-08  3.30000675e+00  1.13500000e-08  3.27790376e+00  1.13500000e-08  3.28257977e+00  1.13500000e-08  0.00000000e+00  1.13500000e-08  0.00000000e+00 
 1.13700000e-08  3.30000515e+00  1.13700000e-08  3.30000603e+00  1.13700000e-08  3.27989293e+00  1.13700000e-08  3.28424596e+00  1.13700000e-08  0.00000000e+00  1.13700000e-08  0.00000000e+00 
 1.13900000e-08  3.30000464e+00  1.13900000e-08  3.30000539e+00  1.13900000e-08  3.28156988e+00  1.13900000e-08  3.28563433e+00  1.13900000e-08  0.00000000e+00  1.13900000e-08  0.00000000e+00 
 1.14100000e-08  3.30000419e+00  1.14100000e-08  3.30000483e+00  1.14100000e-08  3.28299075e+00  1.14100000e-08  3.28679691e+00  1.14100000e-08  0.00000000e+00  1.14100000e-08  0.00000000e+00 
 1.14300000e-08  3.30000379e+00  1.14300000e-08  3.30000433e+00  1.14300000e-08  3.28420133e+00  1.14300000e-08  3.28777593e+00  1.14300000e-08  0.00000000e+00  1.14300000e-08  0.00000000e+00 
 1.14500000e-08  3.30000342e+00  1.14500000e-08  3.30000389e+00  1.14500000e-08  3.28523904e+00  1.14500000e-08  3.28860560e+00  1.14500000e-08  0.00000000e+00  1.14500000e-08  0.00000000e+00 
 1.14700000e-08  3.30000310e+00  1.14700000e-08  3.30000349e+00  1.14700000e-08  3.28613437e+00  1.14700000e-08  3.28931363e+00  1.14700000e-08  0.00000000e+00  1.14700000e-08  0.00000000e+00 
 1.14900000e-08  3.30000280e+00  1.14900000e-08  3.30000315e+00  1.14900000e-08  3.28691223e+00  1.14900000e-08  3.28992243e+00  1.14900000e-08  0.00000000e+00  1.14900000e-08  0.00000000e+00 
 1.15100000e-08  3.30000254e+00  1.15100000e-08  3.30000284e+00  1.15100000e-08  3.28759286e+00  1.15100000e-08  3.29045011e+00  1.15100000e-08  0.00000000e+00  1.15100000e-08  0.00000000e+00 
 1.15300000e-08  3.30000231e+00  1.15300000e-08  3.30000257e+00  1.15300000e-08  3.28819285e+00  1.15300000e-08  3.29091131e+00  1.15300000e-08  0.00000000e+00  1.15300000e-08  0.00000000e+00 
 1.15500000e-08  3.30000210e+00  1.15500000e-08  3.30000232e+00  1.15500000e-08  3.28872565e+00  1.15500000e-08  3.29131785e+00  1.15500000e-08  0.00000000e+00  1.15500000e-08  0.00000000e+00 
 1.15700000e-08  3.30000192e+00  1.15700000e-08  3.30000211e+00  1.15700000e-08  3.28920230e+00  1.15700000e-08  3.29167930e+00  1.15700000e-08  0.00000000e+00  1.15700000e-08  0.00000000e+00 
 1.15900000e-08  3.30000175e+00  1.15900000e-08  3.30000192e+00  1.15900000e-08  3.28963176e+00  1.15900000e-08  3.29200336e+00  1.15900000e-08  0.00000000e+00  1.15900000e-08  0.00000000e+00 
 1.16100000e-08  3.30000160e+00  1.16100000e-08  3.30000175e+00  1.16100000e-08  3.29002141e+00  1.16100000e-08  3.29229627e+00  1.16100000e-08  0.00000000e+00  1.16100000e-08  0.00000000e+00 
 1.16300000e-08  3.30000147e+00  1.16300000e-08  3.30000160e+00  1.16300000e-08  3.29037724e+00  1.16300000e-08  3.29256308e+00  1.16300000e-08  0.00000000e+00  1.16300000e-08  0.00000000e+00 
 1.16500000e-08  3.30000134e+00  1.16500000e-08  3.30000146e+00  1.16500000e-08  3.29070421e+00  1.16500000e-08  3.29280787e+00  1.16500000e-08  0.00000000e+00  1.16500000e-08  0.00000000e+00 
 1.16700000e-08  3.30000124e+00  1.16700000e-08  3.30000134e+00  1.16700000e-08  3.29100634e+00  1.16700000e-08  3.29303395e+00  1.16700000e-08  0.00000000e+00  1.16700000e-08  0.00000000e+00 
 1.16900000e-08  3.30000114e+00  1.16900000e-08  3.30000123e+00  1.16900000e-08  3.29128702e+00  1.16900000e-08  3.29324403e+00  1.16900000e-08  0.00000000e+00  1.16900000e-08  0.00000000e+00 
 1.17100000e-08  3.30000105e+00  1.17100000e-08  3.30000113e+00  1.17100000e-08  3.29154897e+00  1.17100000e-08  3.29344028e+00  1.17100000e-08  0.00000000e+00  1.17100000e-08  0.00000000e+00 
 1.17300000e-08  3.30000097e+00  1.17300000e-08  3.30000104e+00  1.17300000e-08  3.29179450e+00  1.17300000e-08  3.29362450e+00  1.17300000e-08  0.00000000e+00  1.17300000e-08  0.00000000e+00 
 1.17500000e-08  3.30000090e+00  1.17500000e-08  3.30000096e+00  1.17500000e-08  3.29202550e+00  1.17500000e-08  3.29379816e+00  1.17500000e-08  0.00000000e+00  1.17500000e-08  0.00000000e+00 
 1.17700000e-08  3.30000083e+00  1.17700000e-08  3.30000089e+00  1.17700000e-08  3.29224360e+00  1.17700000e-08  3.29396247e+00  1.17700000e-08  0.00000000e+00  1.17700000e-08  0.00000000e+00 
 1.17900000e-08  3.30000077e+00  1.17900000e-08  3.30000082e+00  1.17900000e-08  3.29245008e+00  1.17900000e-08  3.29411843e+00  1.17900000e-08  0.00000000e+00  1.17900000e-08  0.00000000e+00 
 1.18100000e-08  3.30000072e+00  1.18100000e-08  3.30000077e+00  1.18100000e-08  3.29264613e+00  1.18100000e-08  3.29426687e+00  1.18100000e-08  0.00000000e+00  1.18100000e-08  0.00000000e+00 
 1.18300000e-08  3.30000067e+00  1.18300000e-08  3.30000071e+00  1.18300000e-08  3.29283266e+00  1.18300000e-08  3.29440849e+00  1.18300000e-08  0.00000000e+00  1.18300000e-08  0.00000000e+00 
 1.18500000e-08  3.30000062e+00  1.18500000e-08  3.30000066e+00  1.18500000e-08  3.29301053e+00  1.18500000e-08  3.29454388e+00  1.18500000e-08  0.00000000e+00  1.18500000e-08  0.00000000e+00 
 1.18700000e-08  3.30000058e+00  1.18700000e-08  3.30000062e+00  1.18700000e-08  3.29318042e+00  1.18700000e-08  3.29467354e+00  1.18700000e-08  0.00000000e+00  1.18700000e-08  0.00000000e+00 
 1.18900000e-08  3.30000055e+00  1.18900000e-08  3.30000058e+00  1.18900000e-08  3.29334296e+00  1.18900000e-08  3.29479789e+00  1.18900000e-08  0.00000000e+00  1.18900000e-08  0.00000000e+00 
 1.19100000e-08  3.30000051e+00  1.19100000e-08  3.30000054e+00  1.19100000e-08  3.29349867e+00  1.19100000e-08  3.29491732e+00  1.19100000e-08  0.00000000e+00  1.19100000e-08  0.00000000e+00 
 1.19300000e-08  3.30000048e+00  1.19300000e-08  3.30000051e+00  1.19300000e-08  3.29364804e+00  1.19300000e-08  3.29503214e+00  1.19300000e-08  0.00000000e+00  1.19300000e-08  0.00000000e+00 
 1.19500000e-08  3.30000045e+00  1.19500000e-08  3.30000048e+00  1.19500000e-08  3.29379146e+00  1.19500000e-08  3.29514263e+00  1.19500000e-08  0.00000000e+00  1.19500000e-08  0.00000000e+00 
 1.19700000e-08  3.30000042e+00  1.19700000e-08  3.30000045e+00  1.19700000e-08  3.29392932e+00  1.19700000e-08  3.29524906e+00  1.19700000e-08  0.00000000e+00  1.19700000e-08  0.00000000e+00 
 1.19900000e-08  3.30000040e+00  1.19900000e-08  3.30000042e+00  1.19900000e-08  3.29406194e+00  1.19900000e-08  3.29535164e+00  1.19900000e-08  0.00000000e+00  1.19900000e-08  0.00000000e+00 
 1.20100000e-08  3.30000038e+00  1.20100000e-08  3.30000040e+00  1.20100000e-08  3.29418964e+00  1.20100000e-08  3.29545058e+00  1.20100000e-08  0.00000000e+00  1.20100000e-08  0.00000000e+00 
 1.20300000e-08  3.30000036e+00  1.20300000e-08  3.30000037e+00  1.20300000e-08  3.29431265e+00  1.20300000e-08  3.29554607e+00  1.20300000e-08  0.00000000e+00  1.20300000e-08  0.00000000e+00 
 1.20500000e-08  3.30000034e+00  1.20500000e-08  3.30000035e+00  1.20500000e-08  3.29443127e+00  1.20500000e-08  3.29563828e+00  1.20500000e-08  0.00000000e+00  1.20500000e-08  0.00000000e+00 
 1.20700000e-08  3.30000032e+00  1.20700000e-08  3.30000033e+00  1.20700000e-08  3.29454568e+00  1.20700000e-08  3.29572736e+00  1.20700000e-08  0.00000000e+00  1.20700000e-08  0.00000000e+00 
 1.20900000e-08  3.30000030e+00  1.20900000e-08  3.30000032e+00  1.20900000e-08  3.29465614e+00  1.20900000e-08  3.29581345e+00  1.20900000e-08  0.00000000e+00  1.20900000e-08  0.00000000e+00 
 1.21100000e-08  3.30000029e+00  1.21100000e-08  3.30000030e+00  1.21100000e-08  3.29476279e+00  1.21100000e-08  3.29589671e+00  1.21100000e-08  0.00000000e+00  1.21100000e-08  0.00000000e+00 
 1.21300000e-08  3.30000027e+00  1.21300000e-08  3.30000028e+00  1.21300000e-08  3.29486587e+00  1.21300000e-08  3.29597724e+00  1.21300000e-08  0.00000000e+00  1.21300000e-08  0.00000000e+00 
 1.21500000e-08  3.30000026e+00  1.21500000e-08  3.30000027e+00  1.21500000e-08  3.29496549e+00  1.21500000e-08  3.29605517e+00  1.21500000e-08  0.00000000e+00  1.21500000e-08  0.00000000e+00 
 1.21700000e-08  3.30000025e+00  1.21700000e-08  3.30000026e+00  1.21700000e-08  3.29506185e+00  1.21700000e-08  3.29613060e+00  1.21700000e-08  0.00000000e+00  1.21700000e-08  0.00000000e+00 
 1.21900000e-08  3.30000023e+00  1.21900000e-08  3.30000024e+00  1.21900000e-08  3.29515507e+00  1.21900000e-08  3.29620366e+00  1.21900000e-08  0.00000000e+00  1.21900000e-08  0.00000000e+00 
 1.22100000e-08  3.30000022e+00  1.22100000e-08  3.30000023e+00  1.22100000e-08  3.29524532e+00  1.22100000e-08  3.29627442e+00  1.22100000e-08  0.00000000e+00  1.22100000e-08  0.00000000e+00 
 1.22300000e-08  3.30000021e+00  1.22300000e-08  3.30000022e+00  1.22300000e-08  3.29533269e+00  1.22300000e-08  3.29634300e+00  1.22300000e-08  0.00000000e+00  1.22300000e-08  0.00000000e+00 
 1.22500000e-08  3.30000020e+00  1.22500000e-08  3.30000021e+00  1.22500000e-08  3.29541734e+00  1.22500000e-08  3.29640947e+00  1.22500000e-08  0.00000000e+00  1.22500000e-08  0.00000000e+00 
 1.22700000e-08  3.30000019e+00  1.22700000e-08  3.30000020e+00  1.22700000e-08  3.29549935e+00  1.22700000e-08  3.29647393e+00  1.22700000e-08  0.00000000e+00  1.22700000e-08  0.00000000e+00 
 1.22900000e-08  3.30000019e+00  1.22900000e-08  3.30000019e+00  1.22900000e-08  3.29557888e+00  1.22900000e-08  3.29653644e+00  1.22900000e-08  0.00000000e+00  1.22900000e-08  0.00000000e+00 
 1.23100000e-08  3.30000018e+00  1.23100000e-08  3.30000019e+00  1.23100000e-08  3.29565598e+00  1.23100000e-08  3.29659710e+00  1.23100000e-08  0.00000000e+00  1.23100000e-08  0.00000000e+00 
 1.23300000e-08  3.30000017e+00  1.23300000e-08  3.30000018e+00  1.23300000e-08  3.29573080e+00  1.23300000e-08  3.29665597e+00  1.23300000e-08  0.00000000e+00  1.23300000e-08  0.00000000e+00 
 1.23500000e-08  3.30000016e+00  1.23500000e-08  3.30000017e+00  1.23500000e-08  3.29580338e+00  1.23500000e-08  3.29671312e+00  1.23500000e-08  0.00000000e+00  1.23500000e-08  0.00000000e+00 
 1.23700000e-08  3.30000016e+00  1.23700000e-08  3.30000016e+00  1.23700000e-08  3.29587386e+00  1.23700000e-08  3.29676862e+00  1.23700000e-08  0.00000000e+00  1.23700000e-08  0.00000000e+00 
 1.23900000e-08  3.30000015e+00  1.23900000e-08  3.30000016e+00  1.23900000e-08  3.29594227e+00  1.23900000e-08  3.29682253e+00  1.23900000e-08  0.00000000e+00  1.23900000e-08  0.00000000e+00 
 1.24100000e-08  3.30000014e+00  1.24100000e-08  3.30000015e+00  1.24100000e-08  3.29600875e+00  1.24100000e-08  3.29687491e+00  1.24100000e-08  0.00000000e+00  1.24100000e-08  0.00000000e+00 
 1.24300000e-08  3.30000014e+00  1.24300000e-08  3.30000014e+00  1.24300000e-08  3.29607333e+00  1.24300000e-08  3.29692583e+00  1.24300000e-08  0.00000000e+00  1.24300000e-08  0.00000000e+00 
 1.24500000e-08  3.30000013e+00  1.24500000e-08  3.30000014e+00  1.24500000e-08  3.29613612e+00  1.24500000e-08  3.29697533e+00  1.24500000e-08  0.00000000e+00  1.24500000e-08  0.00000000e+00 
 1.24700000e-08  3.30000013e+00  1.24700000e-08  3.30000013e+00  1.24700000e-08  3.29619714e+00  1.24700000e-08  3.29702346e+00  1.24700000e-08  0.00000000e+00  1.24700000e-08  0.00000000e+00 
 1.24900000e-08  3.30000012e+00  1.24900000e-08  3.30000013e+00  1.24900000e-08  3.29625651e+00  1.24900000e-08  3.29707029e+00  1.24900000e-08  0.00000000e+00  1.24900000e-08  0.00000000e+00 
 1.25100000e-08  3.30000012e+00  1.25100000e-08  3.30000012e+00  1.25100000e-08  3.29631425e+00  1.25100000e-08  3.29711585e+00  1.25100000e-08  0.00000000e+00  1.25100000e-08  0.00000000e+00 
 1.25300000e-08  3.30000011e+00  1.25300000e-08  3.30000012e+00  1.25300000e-08  3.29637046e+00  1.25300000e-08  3.29716019e+00  1.25300000e-08  0.00000000e+00  1.25300000e-08  0.00000000e+00 
 1.25500000e-08  3.30000011e+00  1.25500000e-08  3.30000011e+00  1.25500000e-08  3.29642515e+00  1.25500000e-08  3.29720336e+00  1.25500000e-08  0.00000000e+00  1.25500000e-08  0.00000000e+00 
 1.25700000e-08  3.30000011e+00  1.25700000e-08  3.30000011e+00  1.25700000e-08  3.29647842e+00  1.25700000e-08  3.29724539e+00  1.25700000e-08  0.00000000e+00  1.25700000e-08  0.00000000e+00 
 1.25900000e-08  3.30000010e+00  1.25900000e-08  3.30000011e+00  1.25900000e-08  3.29653028e+00  1.25900000e-08  3.29728634e+00  1.25900000e-08  0.00000000e+00  1.25900000e-08  0.00000000e+00 
 1.26100000e-08  3.30000010e+00  1.26100000e-08  3.30000010e+00  1.26100000e-08  3.29658082e+00  1.26100000e-08  3.29732623e+00  1.26100000e-08  0.00000000e+00  1.26100000e-08  0.00000000e+00 
 1.26300000e-08  3.30000010e+00  1.26300000e-08  3.30000010e+00  1.26300000e-08  3.29663006e+00  1.26300000e-08  3.29736510e+00  1.26300000e-08  0.00000000e+00  1.26300000e-08  0.00000000e+00 
 1.26500000e-08  3.30000009e+00  1.26500000e-08  3.30000009e+00  1.26500000e-08  3.29667806e+00  1.26500000e-08  3.29740300e+00  1.26500000e-08  0.00000000e+00  1.26500000e-08  0.00000000e+00 
 1.26700000e-08  3.30000009e+00  1.26700000e-08  3.30000009e+00  1.26700000e-08  3.29672485e+00  1.26700000e-08  3.29743994e+00  1.26700000e-08  0.00000000e+00  1.26700000e-08  0.00000000e+00 
 1.26900000e-08  3.30000009e+00  1.26900000e-08  3.30000009e+00  1.26900000e-08  3.29677049e+00  1.26900000e-08  3.29747598e+00  1.26900000e-08  0.00000000e+00  1.26900000e-08  0.00000000e+00 
 1.27100000e-08  3.30000008e+00  1.27100000e-08  3.30000009e+00  1.27100000e-08  3.29681500e+00  1.27100000e-08  3.29751112e+00  1.27100000e-08  0.00000000e+00  1.27100000e-08  0.00000000e+00 
 1.27300000e-08  3.30000008e+00  1.27300000e-08  3.30000008e+00  1.27300000e-08  3.29685844e+00  1.27300000e-08  3.29754542e+00  1.27300000e-08  0.00000000e+00  1.27300000e-08  0.00000000e+00 
 1.27500000e-08  3.30000008e+00  1.27500000e-08  3.30000008e+00  1.27500000e-08  3.29690082e+00  1.27500000e-08  3.29757888e+00  1.27500000e-08  0.00000000e+00  1.27500000e-08  0.00000000e+00 
 1.27700000e-08  3.30000008e+00  1.27700000e-08  3.30000008e+00  1.27700000e-08  3.29694221e+00  1.27700000e-08  3.29761156e+00  1.27700000e-08  0.00000000e+00  1.27700000e-08  0.00000000e+00 
 1.27900000e-08  3.30000007e+00  1.27900000e-08  3.30000008e+00  1.27900000e-08  3.29698260e+00  1.27900000e-08  3.29764345e+00  1.27900000e-08  0.00000000e+00  1.27900000e-08  0.00000000e+00 
 1.28100000e-08  3.30000007e+00  1.28100000e-08  3.30000007e+00  1.28100000e-08  3.29702206e+00  1.28100000e-08  3.29767460e+00  1.28100000e-08  0.00000000e+00  1.28100000e-08  0.00000000e+00 
 1.28300000e-08  3.30000007e+00  1.28300000e-08  3.30000007e+00  1.28300000e-08  3.29706059e+00  1.28300000e-08  3.29770503e+00  1.28300000e-08  0.00000000e+00  1.28300000e-08  0.00000000e+00 
 1.28500000e-08  3.30000007e+00  1.28500000e-08  3.30000007e+00  1.28500000e-08  3.29709825e+00  1.28500000e-08  3.29773476e+00  1.28500000e-08  0.00000000e+00  1.28500000e-08  0.00000000e+00 
 1.28700000e-08  3.30000006e+00  1.28700000e-08  3.30000007e+00  1.28700000e-08  3.29713504e+00  1.28700000e-08  3.29776381e+00  1.28700000e-08  0.00000000e+00  1.28700000e-08  0.00000000e+00 
 1.28900000e-08  3.30000006e+00  1.28900000e-08  3.30000006e+00  1.28900000e-08  3.29717102e+00  1.28900000e-08  3.29779221e+00  1.28900000e-08  0.00000000e+00  1.28900000e-08  0.00000000e+00 
 1.29100000e-08  3.30000006e+00  1.29100000e-08  3.30000006e+00  1.29100000e-08  3.29720618e+00  1.29100000e-08  3.29781997e+00  1.29100000e-08  0.00000000e+00  1.29100000e-08  0.00000000e+00 
 1.29300000e-08  3.30000006e+00  1.29300000e-08  3.30000006e+00  1.29300000e-08  3.29724057e+00  1.29300000e-08  3.29784711e+00  1.29300000e-08  0.00000000e+00  1.29300000e-08  0.00000000e+00 
 1.29500000e-08  3.30000006e+00  1.29500000e-08  3.30000006e+00  1.29500000e-08  3.29727420e+00  1.29500000e-08  3.29787366e+00  1.29500000e-08  0.00000000e+00  1.29500000e-08  0.00000000e+00 
 1.29700000e-08  3.30000006e+00  1.29700000e-08  3.30000006e+00  1.29700000e-08  3.29730711e+00  1.29700000e-08  3.29789963e+00  1.29700000e-08  0.00000000e+00  1.29700000e-08  0.00000000e+00 
 1.29900000e-08  3.30000005e+00  1.29900000e-08  3.30000006e+00  1.29900000e-08  3.29733930e+00  1.29900000e-08  3.29792503e+00  1.29900000e-08  0.00000000e+00  1.29900000e-08  0.00000000e+00 
 1.30100000e-08  3.30000005e+00  1.30100000e-08  3.30000005e+00  1.30100000e-08  3.29737081e+00  1.30100000e-08  3.29794990e+00  1.30100000e-08  0.00000000e+00  1.30100000e-08  0.00000000e+00 
 1.30300000e-08  3.30000005e+00  1.30300000e-08  3.30000005e+00  1.30300000e-08  3.29740164e+00  1.30300000e-08  3.29797423e+00  1.30300000e-08  0.00000000e+00  1.30300000e-08  0.00000000e+00 
 1.30500000e-08  3.30000005e+00  1.30500000e-08  3.30000005e+00  1.30500000e-08  3.29743185e+00  1.30500000e-08  3.29799806e+00  1.30500000e-08  0.00000000e+00  1.30500000e-08  0.00000000e+00 
 1.30700000e-08  3.30000005e+00  1.30700000e-08  3.30000005e+00  1.30700000e-08  3.29746140e+00  1.30700000e-08  3.29802138e+00  1.30700000e-08  0.00000000e+00  1.30700000e-08  0.00000000e+00 
 1.30900000e-08  3.30000005e+00  1.30900000e-08  3.30000005e+00  1.30900000e-08  3.29749037e+00  1.30900000e-08  3.29804423e+00  1.30900000e-08  0.00000000e+00  1.30900000e-08  0.00000000e+00 
 1.31100000e-08  3.30000005e+00  1.31100000e-08  3.30000005e+00  1.31100000e-08  3.29751872e+00  1.31100000e-08  3.29806660e+00  1.31100000e-08  0.00000000e+00  1.31100000e-08  0.00000000e+00 
 1.31300000e-08  3.30000004e+00  1.31300000e-08  3.30000005e+00  1.31300000e-08  3.29754652e+00  1.31300000e-08  3.29808852e+00  1.31300000e-08  0.00000000e+00  1.31300000e-08  0.00000000e+00 
 1.31500000e-08  3.30000004e+00  1.31500000e-08  3.30000004e+00  1.31500000e-08  3.29757374e+00  1.31500000e-08  3.29811000e+00  1.31500000e-08  0.00000000e+00  1.31500000e-08  0.00000000e+00 
 1.31700000e-08  3.30000004e+00  1.31700000e-08  3.30000004e+00  1.31700000e-08  3.29760044e+00  1.31700000e-08  3.29813105e+00  1.31700000e-08  0.00000000e+00  1.31700000e-08  0.00000000e+00 
 1.31900000e-08  3.30000004e+00  1.31900000e-08  3.30000004e+00  1.31900000e-08  3.29762659e+00  1.31900000e-08  3.29815168e+00  1.31900000e-08  0.00000000e+00  1.31900000e-08  0.00000000e+00 
 1.32100000e-08  3.30000004e+00  1.32100000e-08  3.30000004e+00  1.32100000e-08  3.29765225e+00  1.32100000e-08  3.29817190e+00  1.32100000e-08  0.00000000e+00  1.32100000e-08  0.00000000e+00 
 1.32300000e-08  3.30000004e+00  1.32300000e-08  3.30000004e+00  1.32300000e-08  3.29767739e+00  1.32300000e-08  3.29819173e+00  1.32300000e-08  0.00000000e+00  1.32300000e-08  0.00000000e+00 
 1.32500000e-08  3.30000004e+00  1.32500000e-08  3.30000004e+00  1.32500000e-08  3.29770207e+00  1.32500000e-08  3.29821118e+00  1.32500000e-08  0.00000000e+00  1.32500000e-08  0.00000000e+00 
 1.32700000e-08  3.30000004e+00  1.32700000e-08  3.30000004e+00  1.32700000e-08  3.29772625e+00  1.32700000e-08  3.29823025e+00  1.32700000e-08  0.00000000e+00  1.32700000e-08  0.00000000e+00 
 1.32900000e-08  3.30000004e+00  1.32900000e-08  3.30000004e+00  1.32900000e-08  3.29775000e+00  1.32900000e-08  3.29824896e+00  1.32900000e-08  0.00000000e+00  1.32900000e-08  0.00000000e+00 
 1.33100000e-08  3.30000004e+00  1.33100000e-08  3.30000004e+00  1.33100000e-08  3.29777328e+00  1.33100000e-08  3.29826731e+00  1.33100000e-08  0.00000000e+00  1.33100000e-08  0.00000000e+00 
 1.33300000e-08  3.30000003e+00  1.33300000e-08  3.30000004e+00  1.33300000e-08  3.29779614e+00  1.33300000e-08  3.29828532e+00  1.33300000e-08  0.00000000e+00  1.33300000e-08  0.00000000e+00 
 1.33500000e-08  3.30000003e+00  1.33500000e-08  3.30000003e+00  1.33500000e-08  3.29781856e+00  1.33500000e-08  3.29830299e+00  1.33500000e-08  0.00000000e+00  1.33500000e-08  0.00000000e+00 
 1.33700000e-08  3.30000003e+00  1.33700000e-08  3.30000003e+00  1.33700000e-08  3.29784059e+00  1.33700000e-08  3.29832034e+00  1.33700000e-08  0.00000000e+00  1.33700000e-08  0.00000000e+00 
 1.33900000e-08  3.30000003e+00  1.33900000e-08  3.30000003e+00  1.33900000e-08  3.29786220e+00  1.33900000e-08  3.29833737e+00  1.33900000e-08  0.00000000e+00  1.33900000e-08  0.00000000e+00 
 1.34100000e-08  3.30000003e+00  1.34100000e-08  3.30000003e+00  1.34100000e-08  3.29788343e+00  1.34100000e-08  3.29835409e+00  1.34100000e-08  0.00000000e+00  1.34100000e-08  0.00000000e+00 
 1.34300000e-08  3.30000003e+00  1.34300000e-08  3.30000003e+00  1.34300000e-08  3.29790427e+00  1.34300000e-08  3.29837051e+00  1.34300000e-08  0.00000000e+00  1.34300000e-08  0.00000000e+00 
 1.34500000e-08  3.30000003e+00  1.34500000e-08  3.30000003e+00  1.34500000e-08  3.29792475e+00  1.34500000e-08  3.29838663e+00  1.34500000e-08  0.00000000e+00  1.34500000e-08  0.00000000e+00 
 1.34700000e-08  3.30000003e+00  1.34700000e-08  3.30000003e+00  1.34700000e-08  3.29794485e+00  1.34700000e-08  3.29840247e+00  1.34700000e-08  0.00000000e+00  1.34700000e-08  0.00000000e+00 
 1.34900000e-08  3.30000003e+00  1.34900000e-08  3.30000003e+00  1.34900000e-08  3.29796462e+00  1.34900000e-08  3.29841803e+00  1.34900000e-08  0.00000000e+00  1.34900000e-08  0.00000000e+00 
 1.35100000e-08  3.30000003e+00  1.35100000e-08  3.30000003e+00  1.35100000e-08  3.29798403e+00  1.35100000e-08  3.29843331e+00  1.35100000e-08  0.00000000e+00  1.35100000e-08  0.00000000e+00 
 1.35300000e-08  3.30000003e+00  1.35300000e-08  3.30000003e+00  1.35300000e-08  3.29800311e+00  1.35300000e-08  3.29844833e+00  1.35300000e-08  0.00000000e+00  1.35300000e-08  0.00000000e+00 
 1.35500000e-08  3.30000003e+00  1.35500000e-08  3.30000003e+00  1.35500000e-08  3.29802186e+00  1.35500000e-08  3.29846309e+00  1.35500000e-08  0.00000000e+00  1.35500000e-08  0.00000000e+00 
 1.35700000e-08  3.30000003e+00  1.35700000e-08  3.30000003e+00  1.35700000e-08  3.29804030e+00  1.35700000e-08  3.29847760e+00  1.35700000e-08  0.00000000e+00  1.35700000e-08  0.00000000e+00 
 1.35900000e-08  3.30000003e+00  1.35900000e-08  3.30000003e+00  1.35900000e-08  3.29805841e+00  1.35900000e-08  3.29849186e+00  1.35900000e-08  0.00000000e+00  1.35900000e-08  0.00000000e+00 
 1.36100000e-08  3.30000002e+00  1.36100000e-08  3.30000003e+00  1.36100000e-08  3.29807623e+00  1.36100000e-08  3.29850588e+00  1.36100000e-08  0.00000000e+00  1.36100000e-08  0.00000000e+00 
 1.36300000e-08  3.30000002e+00  1.36300000e-08  3.30000002e+00  1.36300000e-08  3.29809375e+00  1.36300000e-08  3.29851966e+00  1.36300000e-08  0.00000000e+00  1.36300000e-08  0.00000000e+00 
 1.36500000e-08  3.30000002e+00  1.36500000e-08  3.30000002e+00  1.36500000e-08  3.29811098e+00  1.36500000e-08  3.29853321e+00  1.36500000e-08  0.00000000e+00  1.36500000e-08  0.00000000e+00 
 1.36700000e-08  3.30000002e+00  1.36700000e-08  3.30000002e+00  1.36700000e-08  3.29812792e+00  1.36700000e-08  3.29854654e+00  1.36700000e-08  0.00000000e+00  1.36700000e-08  0.00000000e+00 
 1.36900000e-08  3.30000002e+00  1.36900000e-08  3.30000002e+00  1.36900000e-08  3.29814460e+00  1.36900000e-08  3.29855966e+00  1.36900000e-08  0.00000000e+00  1.36900000e-08  0.00000000e+00 
 1.37100000e-08  3.30000002e+00  1.37100000e-08  3.30000002e+00  1.37100000e-08  3.29816099e+00  1.37100000e-08  3.29857255e+00  1.37100000e-08  0.00000000e+00  1.37100000e-08  0.00000000e+00 
 1.37300000e-08  3.30000002e+00  1.37300000e-08  3.30000002e+00  1.37300000e-08  3.29817714e+00  1.37300000e-08  3.29858524e+00  1.37300000e-08  0.00000000e+00  1.37300000e-08  0.00000000e+00 
 1.37500000e-08  3.30000002e+00  1.37500000e-08  3.30000002e+00  1.37500000e-08  3.29819301e+00  1.37500000e-08  3.29859772e+00  1.37500000e-08  0.00000000e+00  1.37500000e-08  0.00000000e+00 
 1.37700000e-08  3.30000002e+00  1.37700000e-08  3.30000002e+00  1.37700000e-08  3.29820864e+00  1.37700000e-08  3.29861001e+00  1.37700000e-08  0.00000000e+00  1.37700000e-08  0.00000000e+00 
 1.37900000e-08  3.30000002e+00  1.37900000e-08  3.30000002e+00  1.37900000e-08  3.29822401e+00  1.37900000e-08  3.29862210e+00  1.37900000e-08  0.00000000e+00  1.37900000e-08  0.00000000e+00 
 1.38100000e-08  3.30000002e+00  1.38100000e-08  3.30000002e+00  1.38100000e-08  3.29823916e+00  1.38100000e-08  3.29863400e+00  1.38100000e-08  0.00000000e+00  1.38100000e-08  0.00000000e+00 
 1.38300000e-08  3.30000002e+00  1.38300000e-08  3.30000002e+00  1.38300000e-08  3.29825406e+00  1.38300000e-08  3.29864571e+00  1.38300000e-08  0.00000000e+00  1.38300000e-08  0.00000000e+00 
 1.38500000e-08  3.30000002e+00  1.38500000e-08  3.30000002e+00  1.38500000e-08  3.29826874e+00  1.38500000e-08  3.29865725e+00  1.38500000e-08  0.00000000e+00  1.38500000e-08  0.00000000e+00 
 1.38700000e-08  3.30000002e+00  1.38700000e-08  3.30000002e+00  1.38700000e-08  3.29828318e+00  1.38700000e-08  3.29866860e+00  1.38700000e-08  0.00000000e+00  1.38700000e-08  0.00000000e+00 
 1.38900000e-08  3.30000002e+00  1.38900000e-08  3.30000002e+00  1.38900000e-08  3.29829742e+00  1.38900000e-08  3.29867978e+00  1.38900000e-08  0.00000000e+00  1.38900000e-08  0.00000000e+00 
 1.39100000e-08  3.30000002e+00  1.39100000e-08  3.30000002e+00  1.39100000e-08  3.29831142e+00  1.39100000e-08  3.29869079e+00  1.39100000e-08  0.00000000e+00  1.39100000e-08  0.00000000e+00 
 1.39300000e-08  3.30000002e+00  1.39300000e-08  3.30000002e+00  1.39300000e-08  3.29832524e+00  1.39300000e-08  3.29870163e+00  1.39300000e-08  0.00000000e+00  1.39300000e-08  0.00000000e+00 
 1.39500000e-08  3.30000002e+00  1.39500000e-08  3.30000002e+00  1.39500000e-08  3.29833883e+00  1.39500000e-08  3.29871231e+00  1.39500000e-08  0.00000000e+00  1.39500000e-08  0.00000000e+00 
 1.39700000e-08  3.30000002e+00  1.39700000e-08  3.30000002e+00  1.39700000e-08  3.29835223e+00  1.39700000e-08  3.29872283e+00  1.39700000e-08  0.00000000e+00  1.39700000e-08  0.00000000e+00 
 1.39900000e-08  3.30000002e+00  1.39900000e-08  3.30000002e+00  1.39900000e-08  3.29836542e+00  1.39900000e-08  3.29873319e+00  1.39900000e-08  0.00000000e+00  1.39900000e-08  0.00000000e+00 
 1.40100000e-08  3.30000002e+00  1.40100000e-08  3.30000002e+00  1.40100000e-08  3.29837843e+00  1.40100000e-08  3.29874340e+00  1.40100000e-08  0.00000000e+00  1.40100000e-08  0.00000000e+00 
 1.40300000e-08  3.30000002e+00  1.40300000e-08  3.30000002e+00  1.40300000e-08  3.29839124e+00  1.40300000e-08  3.29875346e+00  1.40300000e-08  0.00000000e+00  1.40300000e-08  0.00000000e+00 
 1.40500000e-08  3.30000002e+00  1.40500000e-08  3.30000002e+00  1.40500000e-08  3.29840388e+00  1.40500000e-08  3.29876337e+00  1.40500000e-08  0.00000000e+00  1.40500000e-08  0.00000000e+00 
 1.40700000e-08  3.30000002e+00  1.40700000e-08  3.30000002e+00  1.40700000e-08  3.29841632e+00  1.40700000e-08  3.29877314e+00  1.40700000e-08  0.00000000e+00  1.40700000e-08  0.00000000e+00 
 1.40900000e-08  3.30000001e+00  1.40900000e-08  3.30000002e+00  1.40900000e-08  3.29842859e+00  1.40900000e-08  3.29878277e+00  1.40900000e-08  0.00000000e+00  1.40900000e-08  0.00000000e+00 
 1.41100000e-08  3.30000001e+00  1.41100000e-08  3.30000002e+00  1.41100000e-08  3.29844068e+00  1.41100000e-08  3.29879226e+00  1.41100000e-08  0.00000000e+00  1.41100000e-08  0.00000000e+00 
 1.41300000e-08  3.30000001e+00  1.41300000e-08  3.30000001e+00  1.41300000e-08  3.29845262e+00  1.41300000e-08  3.29880162e+00  1.41300000e-08  0.00000000e+00  1.41300000e-08  0.00000000e+00 
 1.41500000e-08  3.30000001e+00  1.41500000e-08  3.30000001e+00  1.41500000e-08  3.29846437e+00  1.41500000e-08  3.29881085e+00  1.41500000e-08  0.00000000e+00  1.41500000e-08  0.00000000e+00 
 1.41700000e-08  3.30000001e+00  1.41700000e-08  3.30000001e+00  1.41700000e-08  3.29847597e+00  1.41700000e-08  3.29881994e+00  1.41700000e-08  0.00000000e+00  1.41700000e-08  0.00000000e+00 
 1.41900000e-08  3.30000001e+00  1.41900000e-08  3.30000001e+00  1.41900000e-08  3.29848739e+00  1.41900000e-08  3.29882891e+00  1.41900000e-08  0.00000000e+00  1.41900000e-08  0.00000000e+00 
 1.42100000e-08  3.30000001e+00  1.42100000e-08  3.30000001e+00  1.42100000e-08  3.29849868e+00  1.42100000e-08  3.29883776e+00  1.42100000e-08  0.00000000e+00  1.42100000e-08  0.00000000e+00 
 1.42300000e-08  3.30000001e+00  1.42300000e-08  3.30000001e+00  1.42300000e-08  3.29850979e+00  1.42300000e-08  3.29884648e+00  1.42300000e-08  0.00000000e+00  1.42300000e-08  0.00000000e+00 
 1.42500000e-08  3.30000001e+00  1.42500000e-08  3.30000001e+00  1.42500000e-08  3.29852077e+00  1.42500000e-08  3.29885508e+00  1.42500000e-08  0.00000000e+00  1.42500000e-08  0.00000000e+00 
 1.42700000e-08  3.30000001e+00  1.42700000e-08  3.30000001e+00  1.42700000e-08  3.29853159e+00  1.42700000e-08  3.29886356e+00  1.42700000e-08  0.00000000e+00  1.42700000e-08  0.00000000e+00 
 1.42900000e-08  3.30000001e+00  1.42900000e-08  3.30000001e+00  1.42900000e-08  3.29854227e+00  1.42900000e-08  3.29887194e+00  1.42900000e-08  0.00000000e+00  1.42900000e-08  0.00000000e+00 
 1.43100000e-08  3.30000001e+00  1.43100000e-08  3.30000001e+00  1.43100000e-08  3.29855280e+00  1.43100000e-08  3.29888019e+00  1.43100000e-08  0.00000000e+00  1.43100000e-08  0.00000000e+00 
 1.43300000e-08  3.30000001e+00  1.43300000e-08  3.30000001e+00  1.43300000e-08  3.29856320e+00  1.43300000e-08  3.29888834e+00  1.43300000e-08  0.00000000e+00  1.43300000e-08  0.00000000e+00 
 1.43500000e-08  3.30000001e+00  1.43500000e-08  3.30000001e+00  1.43500000e-08  3.29857345e+00  1.43500000e-08  3.29889638e+00  1.43500000e-08  0.00000000e+00  1.43500000e-08  0.00000000e+00 
 1.43700000e-08  3.30000001e+00  1.43700000e-08  3.30000001e+00  1.43700000e-08  3.29858358e+00  1.43700000e-08  3.29890431e+00  1.43700000e-08  0.00000000e+00  1.43700000e-08  0.00000000e+00 
 1.43900000e-08  3.30000001e+00  1.43900000e-08  3.30000001e+00  1.43900000e-08  3.29859356e+00  1.43900000e-08  3.29891214e+00  1.43900000e-08  0.00000000e+00  1.43900000e-08  0.00000000e+00 
 1.44100000e-08  3.30000001e+00  1.44100000e-08  3.30000001e+00  1.44100000e-08  3.29860343e+00  1.44100000e-08  3.29891987e+00  1.44100000e-08  0.00000000e+00  1.44100000e-08  0.00000000e+00 
 1.44300000e-08  3.30000001e+00  1.44300000e-08  3.30000001e+00  1.44300000e-08  3.29861316e+00  1.44300000e-08  3.29892749e+00  1.44300000e-08  0.00000000e+00  1.44300000e-08  0.00000000e+00 
 1.44500000e-08  3.30000001e+00  1.44500000e-08  3.30000001e+00  1.44500000e-08  3.29862278e+00  1.44500000e-08  3.29893502e+00  1.44500000e-08  0.00000000e+00  1.44500000e-08  0.00000000e+00 
 1.44700000e-08  3.30000001e+00  1.44700000e-08  3.30000001e+00  1.44700000e-08  3.29863225e+00  1.44700000e-08  3.29894245e+00  1.44700000e-08  0.00000000e+00  1.44700000e-08  0.00000000e+00 
 1.44900000e-08  3.30000001e+00  1.44900000e-08  3.30000001e+00  1.44900000e-08  3.29864163e+00  1.44900000e-08  3.29894978e+00  1.44900000e-08  0.00000000e+00  1.44900000e-08  0.00000000e+00 
 1.45100000e-08  3.30000001e+00  1.45100000e-08  3.30000001e+00  1.45100000e-08  3.29865087e+00  1.45100000e-08  3.29895702e+00  1.45100000e-08  0.00000000e+00  1.45100000e-08  0.00000000e+00 
 1.45300000e-08  3.30000001e+00  1.45300000e-08  3.30000001e+00  1.45300000e-08  3.29866001e+00  1.45300000e-08  3.29896417e+00  1.45300000e-08  0.00000000e+00  1.45300000e-08  0.00000000e+00 
 1.45500000e-08  3.30000001e+00  1.45500000e-08  3.30000001e+00  1.45500000e-08  3.29866902e+00  1.45500000e-08  3.29897123e+00  1.45500000e-08  0.00000000e+00  1.45500000e-08  0.00000000e+00 
 1.45700000e-08  3.30000001e+00  1.45700000e-08  3.30000001e+00  1.45700000e-08  3.29867793e+00  1.45700000e-08  3.29897821e+00  1.45700000e-08  0.00000000e+00  1.45700000e-08  0.00000000e+00 
 1.45900000e-08  3.30000001e+00  1.45900000e-08  3.30000001e+00  1.45900000e-08  3.29868672e+00  1.45900000e-08  3.29898509e+00  1.45900000e-08  0.00000000e+00  1.45900000e-08  0.00000000e+00 
 1.46100000e-08  3.30000001e+00  1.46100000e-08  3.30000001e+00  1.46100000e-08  3.29869542e+00  1.46100000e-08  3.29899189e+00  1.46100000e-08  0.00000000e+00  1.46100000e-08  0.00000000e+00 
 1.46300000e-08  3.30000001e+00  1.46300000e-08  3.30000001e+00  1.46300000e-08  3.29870399e+00  1.46300000e-08  3.29899861e+00  1.46300000e-08  0.00000000e+00  1.46300000e-08  0.00000000e+00 
 1.46500000e-08  3.30000001e+00  1.46500000e-08  3.30000001e+00  1.46500000e-08  3.29871247e+00  1.46500000e-08  3.29900524e+00  1.46500000e-08  0.00000000e+00  1.46500000e-08  0.00000000e+00 
 1.46700000e-08  3.30000001e+00  1.46700000e-08  3.30000001e+00  1.46700000e-08  3.29872084e+00  1.46700000e-08  3.29901179e+00  1.46700000e-08  0.00000000e+00  1.46700000e-08  0.00000000e+00 
 1.46900000e-08  3.30000001e+00  1.46900000e-08  3.30000001e+00  1.46900000e-08  3.29872913e+00  1.46900000e-08  3.29901827e+00  1.46900000e-08  0.00000000e+00  1.46900000e-08  0.00000000e+00 
 1.47100000e-08  3.30000001e+00  1.47100000e-08  3.30000001e+00  1.47100000e-08  3.29873729e+00  1.47100000e-08  3.29902466e+00  1.47100000e-08  0.00000000e+00  1.47100000e-08  0.00000000e+00 
 1.47300000e-08  3.30000001e+00  1.47300000e-08  3.30000001e+00  1.47300000e-08  3.29874538e+00  1.47300000e-08  3.29903098e+00  1.47300000e-08  0.00000000e+00  1.47300000e-08  0.00000000e+00 
 1.47500000e-08  3.30000001e+00  1.47500000e-08  3.30000001e+00  1.47500000e-08  3.29875335e+00  1.47500000e-08  3.29903723e+00  1.47500000e-08  0.00000000e+00  1.47500000e-08  0.00000000e+00 
 1.47700000e-08  3.30000001e+00  1.47700000e-08  3.30000001e+00  1.47700000e-08  3.29876125e+00  1.47700000e-08  3.29904340e+00  1.47700000e-08  0.00000000e+00  1.47700000e-08  0.00000000e+00 
 1.47900000e-08  3.30000001e+00  1.47900000e-08  3.30000001e+00  1.47900000e-08  3.29876904e+00  1.47900000e-08  3.29904950e+00  1.47900000e-08  0.00000000e+00  1.47900000e-08  0.00000000e+00 
 1.48100000e-08  3.30000001e+00  1.48100000e-08  3.30000001e+00  1.48100000e-08  3.29877676e+00  1.48100000e-08  3.29905552e+00  1.48100000e-08  0.00000000e+00  1.48100000e-08  0.00000000e+00 
 1.48300000e-08  3.30000001e+00  1.48300000e-08  3.30000001e+00  1.48300000e-08  3.29878436e+00  1.48300000e-08  3.29906148e+00  1.48300000e-08  0.00000000e+00  1.48300000e-08  0.00000000e+00 
 1.48500000e-08  3.30000001e+00  1.48500000e-08  3.30000001e+00  1.48500000e-08  3.29879190e+00  1.48500000e-08  3.29906736e+00  1.48500000e-08  0.00000000e+00  1.48500000e-08  0.00000000e+00 
 1.48700000e-08  3.30000001e+00  1.48700000e-08  3.30000001e+00  1.48700000e-08  3.29879934e+00  1.48700000e-08  3.29907318e+00  1.48700000e-08  0.00000000e+00  1.48700000e-08  0.00000000e+00 
 1.48900000e-08  3.30000001e+00  1.48900000e-08  3.30000001e+00  1.48900000e-08  3.29880670e+00  1.48900000e-08  3.29907893e+00  1.48900000e-08  0.00000000e+00  1.48900000e-08  0.00000000e+00 
 1.49100000e-08  3.30000001e+00  1.49100000e-08  3.30000001e+00  1.49100000e-08  3.29881397e+00  1.49100000e-08  3.29908462e+00  1.49100000e-08  0.00000000e+00  1.49100000e-08  0.00000000e+00 
 1.49300000e-08  3.30000001e+00  1.49300000e-08  3.30000001e+00  1.49300000e-08  3.29882117e+00  1.49300000e-08  3.29909024e+00  1.49300000e-08  0.00000000e+00  1.49300000e-08  0.00000000e+00 
 1.49500000e-08  3.30000001e+00  1.49500000e-08  3.30000001e+00  1.49500000e-08  3.29882827e+00  1.49500000e-08  3.29909580e+00  1.49500000e-08  0.00000000e+00  1.49500000e-08  0.00000000e+00 
 1.49700000e-08  3.30000001e+00  1.49700000e-08  3.30000001e+00  1.49700000e-08  3.29883532e+00  1.49700000e-08  3.29910129e+00  1.49700000e-08  0.00000000e+00  1.49700000e-08  0.00000000e+00 
 1.49900000e-08  3.30000001e+00  1.49900000e-08  3.30000001e+00  1.49900000e-08  3.29884226e+00  1.49900000e-08  3.29910672e+00  1.49900000e-08  0.00000000e+00  1.49900000e-08  0.00000000e+00 
 1.50100000e-08  3.30000001e+00  1.50100000e-08  3.30000001e+00  1.50100000e-08  3.29884915e+00  1.50100000e-08  3.29911210e+00  1.50100000e-08  0.00000000e+00  1.50100000e-08  0.00000000e+00 
 1.50300000e-08  3.30000001e+00  1.50300000e-08  3.30000001e+00  1.50300000e-08  3.29885594e+00  1.50300000e-08  3.29911741e+00  1.50300000e-08  0.00000000e+00  1.50300000e-08  0.00000000e+00 
 1.50500000e-08  3.30000001e+00  1.50500000e-08  3.30000001e+00  1.50500000e-08  3.29886268e+00  1.50500000e-08  3.29912267e+00  1.50500000e-08  0.00000000e+00  1.50500000e-08  0.00000000e+00 
 1.50700000e-08  3.30000001e+00  1.50700000e-08  3.30000001e+00  1.50700000e-08  3.29886932e+00  1.50700000e-08  3.29912786e+00  1.50700000e-08  0.00000000e+00  1.50700000e-08  0.00000000e+00 
 1.50900000e-08  3.30000001e+00  1.50900000e-08  3.30000001e+00  1.50900000e-08  3.29887591e+00  1.50900000e-08  3.29913300e+00  1.50900000e-08  0.00000000e+00  1.50900000e-08  0.00000000e+00 
 1.51100000e-08  3.30000001e+00  1.51100000e-08  3.30000001e+00  1.51100000e-08  3.29888241e+00  1.51100000e-08  3.29913808e+00  1.51100000e-08  0.00000000e+00  1.51100000e-08  0.00000000e+00 
 1.51300000e-08  3.30000001e+00  1.51300000e-08  3.30000001e+00  1.51300000e-08  3.29888886e+00  1.51300000e-08  3.29914311e+00  1.51300000e-08  0.00000000e+00  1.51300000e-08  0.00000000e+00 
 1.51500000e-08  3.30000001e+00  1.51500000e-08  3.30000001e+00  1.51500000e-08  3.29889523e+00  1.51500000e-08  3.29914809e+00  1.51500000e-08  0.00000000e+00  1.51500000e-08  0.00000000e+00 
 1.51700000e-08  3.30000001e+00  1.51700000e-08  3.30000001e+00  1.51700000e-08  3.29890154e+00  1.51700000e-08  3.29915301e+00  1.51700000e-08  0.00000000e+00  1.51700000e-08  0.00000000e+00 
 1.51900000e-08  3.30000001e+00  1.51900000e-08  3.30000001e+00  1.51900000e-08  3.29890777e+00  1.51900000e-08  3.29915788e+00  1.51900000e-08  0.00000000e+00  1.51900000e-08  0.00000000e+00 
 1.52100000e-08  3.30000001e+00  1.52100000e-08  3.30000001e+00  1.52100000e-08  3.29891395e+00  1.52100000e-08  3.29916269e+00  1.52100000e-08  0.00000000e+00  1.52100000e-08  0.00000000e+00 
 1.52300000e-08  3.30000001e+00  1.52300000e-08  3.30000001e+00  1.52300000e-08  3.29892004e+00  1.52300000e-08  3.29916746e+00  1.52300000e-08  0.00000000e+00  1.52300000e-08  0.00000000e+00 
 1.52500000e-08  3.30000000e+00  1.52500000e-08  3.30000001e+00  1.52500000e-08  3.29892610e+00  1.52500000e-08  3.29917218e+00  1.52500000e-08  0.00000000e+00  1.52500000e-08  0.00000000e+00 
 1.52700000e-08  3.30000001e+00  1.52700000e-08  3.30000001e+00  1.52700000e-08  3.29893207e+00  1.52700000e-08  3.29917684e+00  1.52700000e-08  0.00000000e+00  1.52700000e-08  0.00000000e+00 
 1.52900000e-08  3.30000000e+00  1.52900000e-08  3.30000000e+00  1.52900000e-08  3.29893799e+00  1.52900000e-08  3.29918146e+00  1.52900000e-08  0.00000000e+00  1.52900000e-08  0.00000000e+00 
 1.53100000e-08  3.30000000e+00  1.53100000e-08  3.30000000e+00  1.53100000e-08  3.29894384e+00  1.53100000e-08  3.29918603e+00  1.53100000e-08  0.00000000e+00  1.53100000e-08  0.00000000e+00 
 1.53300000e-08  3.30000000e+00  1.53300000e-08  3.30000000e+00  1.53300000e-08  3.29894965e+00  1.53300000e-08  3.29919055e+00  1.53300000e-08  0.00000000e+00  1.53300000e-08  0.00000000e+00 
 1.53500000e-08  3.30000000e+00  1.53500000e-08  3.30000000e+00  1.53500000e-08  3.29895538e+00  1.53500000e-08  3.29919503e+00  1.53500000e-08  0.00000000e+00  1.53500000e-08  0.00000000e+00 
 1.53700000e-08  3.30000000e+00  1.53700000e-08  3.30000000e+00  1.53700000e-08  3.29896107e+00  1.53700000e-08  3.29919946e+00  1.53700000e-08  0.00000000e+00  1.53700000e-08  0.00000000e+00 
 1.53900000e-08  3.30000000e+00  1.53900000e-08  3.30000000e+00  1.53900000e-08  3.29896668e+00  1.53900000e-08  3.29920384e+00  1.53900000e-08  0.00000000e+00  1.53900000e-08  0.00000000e+00 
 1.54100000e-08  3.30000000e+00  1.54100000e-08  3.30000000e+00  1.54100000e-08  3.29897225e+00  1.54100000e-08  3.29920818e+00  1.54100000e-08  0.00000000e+00  1.54100000e-08  0.00000000e+00 
 1.54300000e-08  3.30000000e+00  1.54300000e-08  3.30000000e+00  1.54300000e-08  3.29897776e+00  1.54300000e-08  3.29921248e+00  1.54300000e-08  0.00000000e+00  1.54300000e-08  0.00000000e+00 
 1.54500000e-08  3.30000000e+00  1.54500000e-08  3.30000000e+00  1.54500000e-08  3.29898322e+00  1.54500000e-08  3.29921673e+00  1.54500000e-08  0.00000000e+00  1.54500000e-08  0.00000000e+00 
 1.54700000e-08  3.30000000e+00  1.54700000e-08  3.30000000e+00  1.54700000e-08  3.29898861e+00  1.54700000e-08  3.29922094e+00  1.54700000e-08  0.00000000e+00  1.54700000e-08  0.00000000e+00 
 1.54900000e-08  3.30000000e+00  1.54900000e-08  3.30000000e+00  1.54900000e-08  3.29899397e+00  1.54900000e-08  3.29922511e+00  1.54900000e-08  0.00000000e+00  1.54900000e-08  0.00000000e+00 
 1.55100000e-08  3.30000000e+00  1.55100000e-08  3.30000000e+00  1.55100000e-08  3.29899925e+00  1.55100000e-08  3.29922924e+00  1.55100000e-08  0.00000000e+00  1.55100000e-08  0.00000000e+00 
 1.55300000e-08  3.30000000e+00  1.55300000e-08  3.30000000e+00  1.55300000e-08  3.29900451e+00  1.55300000e-08  3.29923333e+00  1.55300000e-08  0.00000000e+00  1.55300000e-08  0.00000000e+00 
 1.55500000e-08  3.30000000e+00  1.55500000e-08  3.30000000e+00  1.55500000e-08  3.29900969e+00  1.55500000e-08  3.29923737e+00  1.55500000e-08  0.00000000e+00  1.55500000e-08  0.00000000e+00 
 1.55700000e-08  3.30000000e+00  1.55700000e-08  3.30000000e+00  1.55700000e-08  3.29901484e+00  1.55700000e-08  3.29924138e+00  1.55700000e-08  0.00000000e+00  1.55700000e-08  0.00000000e+00 
 1.55900000e-08  3.30000000e+00  1.55900000e-08  3.30000000e+00  1.55900000e-08  3.29901992e+00  1.55900000e-08  3.29924535e+00  1.55900000e-08  0.00000000e+00  1.55900000e-08  0.00000000e+00 
 1.56100000e-08  3.30000000e+00  1.56100000e-08  3.30000000e+00  1.56100000e-08  3.29902497e+00  1.56100000e-08  3.29924928e+00  1.56100000e-08  0.00000000e+00  1.56100000e-08  0.00000000e+00 
 1.56300000e-08  3.30000000e+00  1.56300000e-08  3.30000000e+00  1.56300000e-08  3.29902996e+00  1.56300000e-08  3.29925317e+00  1.56300000e-08  0.00000000e+00  1.56300000e-08  0.00000000e+00 
 1.56500000e-08  3.30000000e+00  1.56500000e-08  3.30000000e+00  1.56500000e-08  3.29903491e+00  1.56500000e-08  3.29925702e+00  1.56500000e-08  0.00000000e+00  1.56500000e-08  0.00000000e+00 
 1.56700000e-08  3.30000000e+00  1.56700000e-08  3.30000000e+00  1.56700000e-08  3.29903981e+00  1.56700000e-08  3.29926084e+00  1.56700000e-08  0.00000000e+00  1.56700000e-08  0.00000000e+00 
 1.56900000e-08  3.30000000e+00  1.56900000e-08  3.30000000e+00  1.56900000e-08  3.29904467e+00  1.56900000e-08  3.29926462e+00  1.56900000e-08  0.00000000e+00  1.56900000e-08  0.00000000e+00 
 1.57100000e-08  3.30000000e+00  1.57100000e-08  3.30000000e+00  1.57100000e-08  3.29904947e+00  1.57100000e-08  3.29926836e+00  1.57100000e-08  0.00000000e+00  1.57100000e-08  0.00000000e+00 
 1.57300000e-08  3.30000000e+00  1.57300000e-08  3.30000000e+00  1.57300000e-08  3.29905424e+00  1.57300000e-08  3.29927207e+00  1.57300000e-08  0.00000000e+00  1.57300000e-08  0.00000000e+00 
 1.57500000e-08  3.30000000e+00  1.57500000e-08  3.30000000e+00  1.57500000e-08  3.29905895e+00  1.57500000e-08  3.29927574e+00  1.57500000e-08  0.00000000e+00  1.57500000e-08  0.00000000e+00 
 1.57700000e-08  3.30000000e+00  1.57700000e-08  3.30000000e+00  1.57700000e-08  3.29906363e+00  1.57700000e-08  3.29927938e+00  1.57700000e-08  0.00000000e+00  1.57700000e-08  0.00000000e+00 
 1.57900000e-08  3.30000000e+00  1.57900000e-08  3.30000000e+00  1.57900000e-08  3.29906825e+00  1.57900000e-08  3.29928299e+00  1.57900000e-08  0.00000000e+00  1.57900000e-08  0.00000000e+00 
 1.58100000e-08  3.30000000e+00  1.58100000e-08  3.30000000e+00  1.58100000e-08  3.29907285e+00  1.58100000e-08  3.29928656e+00  1.58100000e-08  0.00000000e+00  1.58100000e-08  0.00000000e+00 
 1.58300000e-08  3.30000000e+00  1.58300000e-08  3.30000000e+00  1.58300000e-08  3.29907738e+00  1.58300000e-08  3.29929010e+00  1.58300000e-08  0.00000000e+00  1.58300000e-08  0.00000000e+00 
 1.58500000e-08  3.30000000e+00  1.58500000e-08  3.30000000e+00  1.58500000e-08  3.29908190e+00  1.58500000e-08  3.29929361e+00  1.58500000e-08  0.00000000e+00  1.58500000e-08  0.00000000e+00 
 1.58700000e-08  3.30000000e+00  1.58700000e-08  3.30000000e+00  1.58700000e-08  3.29908635e+00  1.58700000e-08  3.29929708e+00  1.58700000e-08  0.00000000e+00  1.58700000e-08  0.00000000e+00 
 1.58900000e-08  3.30000000e+00  1.58900000e-08  3.30000000e+00  1.58900000e-08  3.29909078e+00  1.58900000e-08  3.29930052e+00  1.58900000e-08  0.00000000e+00  1.58900000e-08  0.00000000e+00 
 1.59100000e-08  3.30000000e+00  1.59100000e-08  3.30000000e+00  1.59100000e-08  3.29909516e+00  1.59100000e-08  3.29930393e+00  1.59100000e-08  0.00000000e+00  1.59100000e-08  0.00000000e+00 
 1.59300000e-08  3.30000000e+00  1.59300000e-08  3.30000000e+00  1.59300000e-08  3.29909951e+00  1.59300000e-08  3.29930732e+00  1.59300000e-08  0.00000000e+00  1.59300000e-08  0.00000000e+00 
 1.59500000e-08  3.30000000e+00  1.59500000e-08  3.30000000e+00  1.59500000e-08  3.29910380e+00  1.59500000e-08  3.29931066e+00  1.59500000e-08  0.00000000e+00  1.59500000e-08  0.00000000e+00 
 1.59700000e-08  3.30000000e+00  1.59700000e-08  3.30000000e+00  1.59700000e-08  3.29910808e+00  1.59700000e-08  3.29931398e+00  1.59700000e-08  0.00000000e+00  1.59700000e-08  0.00000000e+00 
 1.59900000e-08  3.30000000e+00  1.59900000e-08  3.30000000e+00  1.59900000e-08  3.29911230e+00  1.59900000e-08  3.29931727e+00  1.59900000e-08  0.00000000e+00  1.59900000e-08  0.00000000e+00 
 1.60100000e-08  3.30000000e+00  1.60100000e-08  3.30000000e+00  1.60100000e-08  3.29911650e+00  1.60100000e-08  3.29932053e+00  1.60100000e-08  0.00000000e+00  1.60100000e-08  0.00000000e+00 
 1.60300000e-08  3.30000000e+00  1.60300000e-08  3.30000000e+00  1.60300000e-08  3.29912064e+00  1.60300000e-08  3.29932376e+00  1.60300000e-08  0.00000000e+00  1.60300000e-08  0.00000000e+00 
 1.60500000e-08  3.30000000e+00  1.60500000e-08  3.30000000e+00  1.60500000e-08  3.29912477e+00  1.60500000e-08  3.29932697e+00  1.60500000e-08  0.00000000e+00  1.60500000e-08  0.00000000e+00 
 1.60700000e-08  3.30000000e+00  1.60700000e-08  3.30000000e+00  1.60700000e-08  3.29912884e+00  1.60700000e-08  3.29933014e+00  1.60700000e-08  0.00000000e+00  1.60700000e-08  0.00000000e+00 
 1.60900000e-08  3.30000000e+00  1.60900000e-08  3.30000000e+00  1.60900000e-08  3.29913289e+00  1.60900000e-08  3.29933329e+00  1.60900000e-08  0.00000000e+00  1.60900000e-08  0.00000000e+00 
 1.61100000e-08  3.30000000e+00  1.61100000e-08  3.30000000e+00  1.61100000e-08  3.29913690e+00  1.61100000e-08  3.29933640e+00  1.61100000e-08  0.00000000e+00  1.61100000e-08  0.00000000e+00 
 1.61300000e-08  3.30000000e+00  1.61300000e-08  3.30000000e+00  1.61300000e-08  3.29914088e+00  1.61300000e-08  3.29933950e+00  1.61300000e-08  0.00000000e+00  1.61300000e-08  0.00000000e+00 
 1.61500000e-08  3.30000000e+00  1.61500000e-08  3.30000000e+00  1.61500000e-08  3.29914481e+00  1.61500000e-08  3.29934256e+00  1.61500000e-08  0.00000000e+00  1.61500000e-08  0.00000000e+00 
 1.61700000e-08  3.30000000e+00  1.61700000e-08  3.30000000e+00  1.61700000e-08  3.29914873e+00  1.61700000e-08  3.29934560e+00  1.61700000e-08  0.00000000e+00  1.61700000e-08  0.00000000e+00 
 1.61900000e-08  3.30000000e+00  1.61900000e-08  3.30000000e+00  1.61900000e-08  3.29915259e+00  1.61900000e-08  3.29934861e+00  1.61900000e-08  0.00000000e+00  1.61900000e-08  0.00000000e+00 
 1.62100000e-08  3.30000000e+00  1.62100000e-08  3.30000000e+00  1.62100000e-08  3.29915644e+00  1.62100000e-08  3.29935160e+00  1.62100000e-08  0.00000000e+00  1.62100000e-08  0.00000000e+00 
 1.62300000e-08  3.30000000e+00  1.62300000e-08  3.30000000e+00  1.62300000e-08  3.29916024e+00  1.62300000e-08  3.29935456e+00  1.62300000e-08  0.00000000e+00  1.62300000e-08  0.00000000e+00 
 1.62500000e-08  3.30000000e+00  1.62500000e-08  3.30000000e+00  1.62500000e-08  3.29916403e+00  1.62500000e-08  3.29935749e+00  1.62500000e-08  0.00000000e+00  1.62500000e-08  0.00000000e+00 
 1.62700000e-08  3.30000000e+00  1.62700000e-08  3.30000000e+00  1.62700000e-08  3.29916776e+00  1.62700000e-08  3.29936040e+00  1.62700000e-08  0.00000000e+00  1.62700000e-08  0.00000000e+00 
 1.62900000e-08  3.30000000e+00  1.62900000e-08  3.30000000e+00  1.62900000e-08  3.29917149e+00  1.62900000e-08  3.29936329e+00  1.62900000e-08  0.00000000e+00  1.62900000e-08  0.00000000e+00 
 1.63100000e-08  3.30000000e+00  1.63100000e-08  3.30000000e+00  1.63100000e-08  3.29917516e+00  1.63100000e-08  3.29936615e+00  1.63100000e-08  0.00000000e+00  1.63100000e-08  0.00000000e+00 
 1.63300000e-08  3.30000000e+00  1.63300000e-08  3.30000000e+00  1.63300000e-08  3.29917882e+00  1.63300000e-08  3.29936899e+00  1.63300000e-08  0.00000000e+00  1.63300000e-08  0.00000000e+00 
 1.63500000e-08  3.30000000e+00  1.63500000e-08  3.30000000e+00  1.63500000e-08  3.29918243e+00  1.63500000e-08  3.29937180e+00  1.63500000e-08  0.00000000e+00  1.63500000e-08  0.00000000e+00 
 1.63700000e-08  3.30000000e+00  1.63700000e-08  3.30000000e+00  1.63700000e-08  3.29918603e+00  1.63700000e-08  3.29937459e+00  1.63700000e-08  0.00000000e+00  1.63700000e-08  0.00000000e+00 
 1.63900000e-08  3.30000000e+00  1.63900000e-08  3.30000000e+00  1.63900000e-08  3.29918958e+00  1.63900000e-08  3.29937736e+00  1.63900000e-08  0.00000000e+00  1.63900000e-08  0.00000000e+00 
 1.64100000e-08  3.30000000e+00  1.64100000e-08  3.30000000e+00  1.64100000e-08  3.29919313e+00  1.64100000e-08  3.29938011e+00  1.64100000e-08  0.00000000e+00  1.64100000e-08  0.00000000e+00 
 1.64300000e-08  3.30000000e+00  1.64300000e-08  3.30000000e+00  1.64300000e-08  3.29919662e+00  1.64300000e-08  3.29938283e+00  1.64300000e-08  0.00000000e+00  1.64300000e-08  0.00000000e+00 
 1.64500000e-08  3.30000000e+00  1.64500000e-08  3.30000000e+00  1.64500000e-08  3.29920010e+00  1.64500000e-08  3.29938553e+00  1.64500000e-08  0.00000000e+00  1.64500000e-08  0.00000000e+00 
 1.64700000e-08  3.30000000e+00  1.64700000e-08  3.30000000e+00  1.64700000e-08  3.29920354e+00  1.64700000e-08  3.29938820e+00  1.64700000e-08  0.00000000e+00  1.64700000e-08  0.00000000e+00 
 1.64900000e-08  3.30000000e+00  1.64900000e-08  3.30000000e+00  1.64900000e-08  3.29920697e+00  1.64900000e-08  3.29939086e+00  1.64900000e-08  0.00000000e+00  1.64900000e-08  0.00000000e+00 
 1.65100000e-08  3.30000000e+00  1.65100000e-08  3.30000000e+00  1.65100000e-08  3.29921035e+00  1.65100000e-08  3.29939349e+00  1.65100000e-08  0.00000000e+00  1.65100000e-08  0.00000000e+00 
 1.65300000e-08  3.30000000e+00  1.65300000e-08  3.30000000e+00  1.65300000e-08  3.29921373e+00  1.65300000e-08  3.29939611e+00  1.65300000e-08  0.00000000e+00  1.65300000e-08  0.00000000e+00 
 1.65500000e-08  3.30000000e+00  1.65500000e-08  3.30000000e+00  1.65500000e-08  3.29921705e+00  1.65500000e-08  3.29939870e+00  1.65500000e-08  0.00000000e+00  1.65500000e-08  0.00000000e+00 
 1.65700000e-08  3.30000000e+00  1.65700000e-08  3.30000000e+00  1.65700000e-08  3.29922037e+00  1.65700000e-08  3.29940127e+00  1.65700000e-08  0.00000000e+00  1.65700000e-08  0.00000000e+00 
 1.65900000e-08  3.30000000e+00  1.65900000e-08  3.30000000e+00  1.65900000e-08  3.29922365e+00  1.65900000e-08  3.29940382e+00  1.65900000e-08  0.00000000e+00  1.65900000e-08  0.00000000e+00 
 1.66100000e-08  3.30000000e+00  1.66100000e-08  3.30000000e+00  1.66100000e-08  3.29922692e+00  1.66100000e-08  3.29940635e+00  1.66100000e-08  0.00000000e+00  1.66100000e-08  0.00000000e+00 
 1.66300000e-08  3.30000000e+00  1.66300000e-08  3.30000000e+00  1.66300000e-08  3.29923014e+00  1.66300000e-08  3.29940886e+00  1.66300000e-08  0.00000000e+00  1.66300000e-08  0.00000000e+00 
 1.66500000e-08  3.30000000e+00  1.66500000e-08  3.30000000e+00  1.66500000e-08  3.29923336e+00  1.66500000e-08  3.29941135e+00  1.66500000e-08  0.00000000e+00  1.66500000e-08  0.00000000e+00 
 1.66700000e-08  3.30000000e+00  1.66700000e-08  3.30000000e+00  1.66700000e-08  3.29923653e+00  1.66700000e-08  3.29941382e+00  1.66700000e-08  0.00000000e+00  1.66700000e-08  0.00000000e+00 
 1.66900000e-08  3.30000000e+00  1.66900000e-08  3.30000000e+00  1.66900000e-08  3.29923970e+00  1.66900000e-08  3.29941627e+00  1.66900000e-08  0.00000000e+00  1.66900000e-08  0.00000000e+00 
 1.67100000e-08  3.30000000e+00  1.67100000e-08  3.30000000e+00  1.67100000e-08  3.29924282e+00  1.67100000e-08  3.29941870e+00  1.67100000e-08  0.00000000e+00  1.67100000e-08  0.00000000e+00 
 1.67300000e-08  3.30000000e+00  1.67300000e-08  3.30000000e+00  1.67300000e-08  3.29924594e+00  1.67300000e-08  3.29942111e+00  1.67300000e-08  0.00000000e+00  1.67300000e-08  0.00000000e+00 
 1.67500000e-08  3.30000000e+00  1.67500000e-08  3.30000000e+00  1.67500000e-08  3.29924902e+00  1.67500000e-08  3.29942351e+00  1.67500000e-08  0.00000000e+00  1.67500000e-08  0.00000000e+00 
 1.67700000e-08  3.30000000e+00  1.67700000e-08  3.30000000e+00  1.67700000e-08  3.29925209e+00  1.67700000e-08  3.29942588e+00  1.67700000e-08  0.00000000e+00  1.67700000e-08  0.00000000e+00 
 1.67900000e-08  3.30000000e+00  1.67900000e-08  3.30000000e+00  1.67900000e-08  3.29925512e+00  1.67900000e-08  3.29942824e+00  1.67900000e-08  0.00000000e+00  1.67900000e-08  0.00000000e+00 
 1.68100000e-08  3.30000000e+00  1.68100000e-08  3.30000000e+00  1.68100000e-08  3.29925814e+00  1.68100000e-08  3.29943058e+00  1.68100000e-08  0.00000000e+00  1.68100000e-08  0.00000000e+00 
 1.68300000e-08  3.30000000e+00  1.68300000e-08  3.30000000e+00  1.68300000e-08  3.29926112e+00  1.68300000e-08  3.29943290e+00  1.68300000e-08  0.00000000e+00  1.68300000e-08  0.00000000e+00 
 1.68500000e-08  3.30000000e+00  1.68500000e-08  3.30000000e+00  1.68500000e-08  3.29926410e+00  1.68500000e-08  3.29943520e+00  1.68500000e-08  0.00000000e+00  1.68500000e-08  0.00000000e+00 
 1.68700000e-08  3.30000000e+00  1.68700000e-08  3.30000000e+00  1.68700000e-08  3.29926704e+00  1.68700000e-08  3.29943749e+00  1.68700000e-08  0.00000000e+00  1.68700000e-08  0.00000000e+00 
 1.68900000e-08  3.30000000e+00  1.68900000e-08  3.30000000e+00  1.68900000e-08  3.29926997e+00  1.68900000e-08  3.29943976e+00  1.68900000e-08  0.00000000e+00  1.68900000e-08  0.00000000e+00 
 1.69100000e-08  3.30000000e+00  1.69100000e-08  3.30000000e+00  1.69100000e-08  3.29927287e+00  1.69100000e-08  3.29944201e+00  1.69100000e-08  0.00000000e+00  1.69100000e-08  0.00000000e+00 
 1.69300000e-08  3.30000000e+00  1.69300000e-08  3.30000000e+00  1.69300000e-08  3.29927576e+00  1.69300000e-08  3.29944424e+00  1.69300000e-08  0.00000000e+00  1.69300000e-08  0.00000000e+00 
 1.69500000e-08  3.30000000e+00  1.69500000e-08  3.30000000e+00  1.69500000e-08  3.29927861e+00  1.69500000e-08  3.29944646e+00  1.69500000e-08  0.00000000e+00  1.69500000e-08  0.00000000e+00 
 1.69700000e-08  3.30000000e+00  1.69700000e-08  3.30000000e+00  1.69700000e-08  3.29928145e+00  1.69700000e-08  3.29944866e+00  1.69700000e-08  0.00000000e+00  1.69700000e-08  0.00000000e+00 
 1.69900000e-08  3.30000000e+00  1.69900000e-08  3.30000000e+00  1.69900000e-08  3.29928426e+00  1.69900000e-08  3.29945085e+00  1.69900000e-08  0.00000000e+00  1.69900000e-08  0.00000000e+00 
 1.70100000e-08  3.30000000e+00  1.70100000e-08  3.30000000e+00  1.70100000e-08  3.29928707e+00  1.70100000e-08  3.29945302e+00  1.70100000e-08  0.00000000e+00  1.70100000e-08  0.00000000e+00 
 1.70300000e-08  3.30000000e+00  1.70300000e-08  3.30000000e+00  1.70300000e-08  3.29928983e+00  1.70300000e-08  3.29945517e+00  1.70300000e-08  0.00000000e+00  1.70300000e-08  0.00000000e+00 
 1.70500000e-08  3.30000000e+00  1.70500000e-08  3.30000000e+00  1.70500000e-08  3.29929260e+00  1.70500000e-08  3.29945730e+00  1.70500000e-08  0.00000000e+00  1.70500000e-08  0.00000000e+00 
 1.70700000e-08  3.30000000e+00  1.70700000e-08  3.30000000e+00  1.70700000e-08  3.29929533e+00  1.70700000e-08  3.29945942e+00  1.70700000e-08  0.00000000e+00  1.70700000e-08  0.00000000e+00 
 1.70900000e-08  3.30000000e+00  1.70900000e-08  3.30000000e+00  1.70900000e-08  3.29929805e+00  1.70900000e-08  3.29946153e+00  1.70900000e-08  0.00000000e+00  1.70900000e-08  0.00000000e+00 
 1.71100000e-08  3.30000000e+00  1.71100000e-08  3.30000000e+00  1.71100000e-08  3.29930074e+00  1.71100000e-08  3.29946362e+00  1.71100000e-08  0.00000000e+00  1.71100000e-08  0.00000000e+00 
 1.71300000e-08  3.30000000e+00  1.71300000e-08  3.30000000e+00  1.71300000e-08  3.29930342e+00  1.71300000e-08  3.29946569e+00  1.71300000e-08  0.00000000e+00  1.71300000e-08  0.00000000e+00 
 1.71500000e-08  3.30000000e+00  1.71500000e-08  3.30000000e+00  1.71500000e-08  3.29930607e+00  1.71500000e-08  3.29946775e+00  1.71500000e-08  0.00000000e+00  1.71500000e-08  0.00000000e+00 
 1.71700000e-08  3.30000000e+00  1.71700000e-08  3.30000000e+00  1.71700000e-08  3.29930872e+00  1.71700000e-08  3.29946980e+00  1.71700000e-08  0.00000000e+00  1.71700000e-08  0.00000000e+00 
 1.71900000e-08  3.30000000e+00  1.71900000e-08  3.30000000e+00  1.71900000e-08  3.29931133e+00  1.71900000e-08  3.29947183e+00  1.71900000e-08  0.00000000e+00  1.71900000e-08  0.00000000e+00 
 1.72100000e-08  3.30000000e+00  1.72100000e-08  3.30000000e+00  1.72100000e-08  3.29931394e+00  1.72100000e-08  3.29947384e+00  1.72100000e-08  0.00000000e+00  1.72100000e-08  0.00000000e+00 
 1.72300000e-08  3.30000000e+00  1.72300000e-08  3.30000000e+00  1.72300000e-08  3.29931651e+00  1.72300000e-08  3.29947584e+00  1.72300000e-08  0.00000000e+00  1.72300000e-08  0.00000000e+00 
 1.72500000e-08  3.30000000e+00  1.72500000e-08  3.30000000e+00  1.72500000e-08  3.29931908e+00  1.72500000e-08  3.29947783e+00  1.72500000e-08  0.00000000e+00  1.72500000e-08  0.00000000e+00 
 1.72700000e-08  3.30000000e+00  1.72700000e-08  3.30000000e+00  1.72700000e-08  3.29932162e+00  1.72700000e-08  3.29947980e+00  1.72700000e-08  0.00000000e+00  1.72700000e-08  0.00000000e+00 
 1.72900000e-08  3.30000000e+00  1.72900000e-08  3.30000000e+00  1.72900000e-08  3.29932416e+00  1.72900000e-08  3.29948176e+00  1.72900000e-08  0.00000000e+00  1.72900000e-08  0.00000000e+00 
 1.73100000e-08  3.30000000e+00  1.73100000e-08  3.30000000e+00  1.73100000e-08  3.29932666e+00  1.73100000e-08  3.29948370e+00  1.73100000e-08  0.00000000e+00  1.73100000e-08  0.00000000e+00 
 1.73300000e-08  3.30000000e+00  1.73300000e-08  3.30000000e+00  1.73300000e-08  3.29932916e+00  1.73300000e-08  3.29948564e+00  1.73300000e-08  0.00000000e+00  1.73300000e-08  0.00000000e+00 
 1.73500000e-08  3.30000000e+00  1.73500000e-08  3.30000000e+00  1.73500000e-08  3.29933163e+00  1.73500000e-08  3.29948755e+00  1.73500000e-08  0.00000000e+00  1.73500000e-08  0.00000000e+00 
 1.73700000e-08  3.30000000e+00  1.73700000e-08  3.30000000e+00  1.73700000e-08  3.29933409e+00  1.73700000e-08  3.29948946e+00  1.73700000e-08  0.00000000e+00  1.73700000e-08  0.00000000e+00 
 1.73900000e-08  3.30000000e+00  1.73900000e-08  3.30000000e+00  1.73900000e-08  3.29933652e+00  1.73900000e-08  3.29949135e+00  1.73900000e-08  0.00000000e+00  1.73900000e-08  0.00000000e+00 
 1.74100000e-08  3.30000000e+00  1.74100000e-08  3.30000000e+00  1.74100000e-08  3.29933896e+00  1.74100000e-08  3.29949323e+00  1.74100000e-08  0.00000000e+00  1.74100000e-08  0.00000000e+00 
 1.74300000e-08  3.30000000e+00  1.74300000e-08  3.30000000e+00  1.74300000e-08  3.29934136e+00  1.74300000e-08  3.29949509e+00  1.74300000e-08  0.00000000e+00  1.74300000e-08  0.00000000e+00 
 1.74500000e-08  3.30000000e+00  1.74500000e-08  3.30000000e+00  1.74500000e-08  3.29934375e+00  1.74500000e-08  3.29949694e+00  1.74500000e-08  0.00000000e+00  1.74500000e-08  0.00000000e+00 
 1.74700000e-08  3.30000000e+00  1.74700000e-08  3.30000000e+00  1.74700000e-08  3.29934612e+00  1.74700000e-08  3.29949878e+00  1.74700000e-08  0.00000000e+00  1.74700000e-08  0.00000000e+00 
 1.74900000e-08  3.30000000e+00  1.74900000e-08  3.30000000e+00  1.74900000e-08  3.29934849e+00  1.74900000e-08  3.29950061e+00  1.74900000e-08  0.00000000e+00  1.74900000e-08  0.00000000e+00 
 1.75100000e-08  3.30000000e+00  1.75100000e-08  3.30000000e+00  1.75100000e-08  3.29935082e+00  1.75100000e-08  3.29950242e+00  1.75100000e-08  0.00000000e+00  1.75100000e-08  0.00000000e+00 
 1.75300000e-08  3.30000000e+00  1.75300000e-08  3.30000000e+00  1.75300000e-08  3.29935316e+00  1.75300000e-08  3.29950422e+00  1.75300000e-08  0.00000000e+00  1.75300000e-08  0.00000000e+00 
 1.75500000e-08  3.30000000e+00  1.75500000e-08  3.30000000e+00  1.75500000e-08  3.29935546e+00  1.75500000e-08  3.29950601e+00  1.75500000e-08  0.00000000e+00  1.75500000e-08  0.00000000e+00 
 1.75700000e-08  3.30000000e+00  1.75700000e-08  3.30000000e+00  1.75700000e-08  3.29935776e+00  1.75700000e-08  3.29950779e+00  1.75700000e-08  0.00000000e+00  1.75700000e-08  0.00000000e+00 
 1.75900000e-08  3.30000000e+00  1.75900000e-08  3.30000000e+00  1.75900000e-08  3.29936003e+00  1.75900000e-08  3.29950955e+00  1.75900000e-08  0.00000000e+00  1.75900000e-08  0.00000000e+00 
 1.76100000e-08  3.30000000e+00  1.76100000e-08  3.30000000e+00  1.76100000e-08  3.29936231e+00  1.76100000e-08  3.29951130e+00  1.76100000e-08  0.00000000e+00  1.76100000e-08  0.00000000e+00 
 1.76300000e-08  3.30000000e+00  1.76300000e-08  3.30000000e+00  1.76300000e-08  3.29936455e+00  1.76300000e-08  3.29951304e+00  1.76300000e-08  0.00000000e+00  1.76300000e-08  0.00000000e+00 
 1.76500000e-08  3.30000000e+00  1.76500000e-08  3.30000000e+00  1.76500000e-08  3.29936679e+00  1.76500000e-08  3.29951477e+00  1.76500000e-08  0.00000000e+00  1.76500000e-08  0.00000000e+00 
 1.76700000e-08  3.30000000e+00  1.76700000e-08  3.30000000e+00  1.76700000e-08  3.29936900e+00  1.76700000e-08  3.29951649e+00  1.76700000e-08  0.00000000e+00  1.76700000e-08  0.00000000e+00 
 1.76900000e-08  3.30000000e+00  1.76900000e-08  3.30000000e+00  1.76900000e-08  3.29937121e+00  1.76900000e-08  3.29951820e+00  1.76900000e-08  0.00000000e+00  1.76900000e-08  0.00000000e+00 
 1.77100000e-08  3.30000000e+00  1.77100000e-08  3.30000000e+00  1.77100000e-08  3.29937340e+00  1.77100000e-08  3.29951989e+00  1.77100000e-08  0.00000000e+00  1.77100000e-08  0.00000000e+00 
 1.77300000e-08  3.30000000e+00  1.77300000e-08  3.30000000e+00  1.77300000e-08  3.29937558e+00  1.77300000e-08  3.29952158e+00  1.77300000e-08  0.00000000e+00  1.77300000e-08  0.00000000e+00 
 1.77500000e-08  3.30000000e+00  1.77500000e-08  3.30000000e+00  1.77500000e-08  3.29937773e+00  1.77500000e-08  3.29952325e+00  1.77500000e-08  0.00000000e+00  1.77500000e-08  0.00000000e+00 
 1.77700000e-08  3.30000000e+00  1.77700000e-08  3.30000000e+00  1.77700000e-08  3.29937989e+00  1.77700000e-08  3.29952491e+00  1.77700000e-08  0.00000000e+00  1.77700000e-08  0.00000000e+00 
 1.77900000e-08  3.30000000e+00  1.77900000e-08  3.30000000e+00  1.77900000e-08  3.29938201e+00  1.77900000e-08  3.29952656e+00  1.77900000e-08  0.00000000e+00  1.77900000e-08  0.00000000e+00 
 1.78100000e-08  3.30000000e+00  1.78100000e-08  3.30000000e+00  1.78100000e-08  3.29938414e+00  1.78100000e-08  3.29952820e+00  1.78100000e-08  0.00000000e+00  1.78100000e-08  0.00000000e+00 
 1.78300000e-08  3.30000000e+00  1.78300000e-08  3.30000000e+00  1.78300000e-08  3.29938624e+00  1.78300000e-08  3.29952983e+00  1.78300000e-08  0.00000000e+00  1.78300000e-08  0.00000000e+00 
 1.78500000e-08  3.30000000e+00  1.78500000e-08  3.30000000e+00  1.78500000e-08  3.29938834e+00  1.78500000e-08  3.29953145e+00  1.78500000e-08  0.00000000e+00  1.78500000e-08  0.00000000e+00 
 1.78700000e-08  3.30000000e+00  1.78700000e-08  3.30000000e+00  1.78700000e-08  3.29939041e+00  1.78700000e-08  3.29953305e+00  1.78700000e-08  0.00000000e+00  1.78700000e-08  0.00000000e+00 
 1.78900000e-08  3.30000000e+00  1.78900000e-08  3.30000000e+00  1.78900000e-08  3.29939248e+00  1.78900000e-08  3.29953465e+00  1.78900000e-08  0.00000000e+00  1.78900000e-08  0.00000000e+00 
 1.79100000e-08  3.30000000e+00  1.79100000e-08  3.30000000e+00  1.79100000e-08  3.29939453e+00  1.79100000e-08  3.29953624e+00  1.79100000e-08  0.00000000e+00  1.79100000e-08  0.00000000e+00 
 1.79300000e-08  3.30000000e+00  1.79300000e-08  3.30000000e+00  1.79300000e-08  3.29939658e+00  1.79300000e-08  3.29953782e+00  1.79300000e-08  0.00000000e+00  1.79300000e-08  0.00000000e+00 
 1.79500000e-08  3.30000000e+00  1.79500000e-08  3.30000000e+00  1.79500000e-08  3.29939859e+00  1.79500000e-08  3.29953938e+00  1.79500000e-08  0.00000000e+00  1.79500000e-08  0.00000000e+00 
 1.79700000e-08  3.30000000e+00  1.79700000e-08  3.30000000e+00  1.79700000e-08  3.29940062e+00  1.79700000e-08  3.29954094e+00  1.79700000e-08  0.00000000e+00  1.79700000e-08  0.00000000e+00 
 1.79900000e-08  3.30000000e+00  1.79900000e-08  3.30000000e+00  1.79900000e-08  3.29940261e+00  1.79900000e-08  3.29954249e+00  1.79900000e-08  0.00000000e+00  1.79900000e-08  0.00000000e+00 
 1.80100000e-08  3.30000000e+00  1.80100000e-08  3.30000000e+00  1.80100000e-08  3.29940460e+00  1.80100000e-08  3.29954403e+00  1.80100000e-08  0.00000000e+00  1.80100000e-08  0.00000000e+00 
 1.80300000e-08  3.30000000e+00  1.80300000e-08  3.30000000e+00  1.80300000e-08  3.29940657e+00  1.80300000e-08  3.29954555e+00  1.80300000e-08  0.00000000e+00  1.80300000e-08  0.00000000e+00 
 1.80500000e-08  3.30000000e+00  1.80500000e-08  3.30000000e+00  1.80500000e-08  3.29940854e+00  1.80500000e-08  3.29954707e+00  1.80500000e-08  0.00000000e+00  1.80500000e-08  0.00000000e+00 
 1.80700000e-08  3.30000000e+00  1.80700000e-08  3.30000000e+00  1.80700000e-08  3.29941049e+00  1.80700000e-08  3.29954858e+00  1.80700000e-08  0.00000000e+00  1.80700000e-08  0.00000000e+00 
 1.80900000e-08  3.30000000e+00  1.80900000e-08  3.30000000e+00  1.80900000e-08  3.29941243e+00  1.80900000e-08  3.29955008e+00  1.80900000e-08  0.00000000e+00  1.80900000e-08  0.00000000e+00 
 1.81100000e-08  3.30000000e+00  1.81100000e-08  3.30000000e+00  1.81100000e-08  3.29941435e+00  1.81100000e-08  3.29955157e+00  1.81100000e-08  0.00000000e+00  1.81100000e-08  0.00000000e+00 
 1.81300000e-08  3.30000000e+00  1.81300000e-08  3.30000000e+00  1.81300000e-08  3.29941627e+00  1.81300000e-08  3.29955305e+00  1.81300000e-08  0.00000000e+00  1.81300000e-08  0.00000000e+00 
 1.81500000e-08  3.30000000e+00  1.81500000e-08  3.30000000e+00  1.81500000e-08  3.29941817e+00  1.81500000e-08  3.29955452e+00  1.81500000e-08  0.00000000e+00  1.81500000e-08  0.00000000e+00 
 1.81700000e-08  3.30000000e+00  1.81700000e-08  3.30000000e+00  1.81700000e-08  3.29942007e+00  1.81700000e-08  3.29955598e+00  1.81700000e-08  0.00000000e+00  1.81700000e-08  0.00000000e+00 
 1.81900000e-08  3.30000000e+00  1.81900000e-08  3.30000000e+00  1.81900000e-08  3.29942194e+00  1.81900000e-08  3.29955743e+00  1.81900000e-08  0.00000000e+00  1.81900000e-08  0.00000000e+00 
 1.82100000e-08  3.30000000e+00  1.82100000e-08  3.30000000e+00  1.82100000e-08  3.29942382e+00  1.82100000e-08  3.29955888e+00  1.82100000e-08  0.00000000e+00  1.82100000e-08  0.00000000e+00 
 1.82300000e-08  3.30000000e+00  1.82300000e-08  3.30000000e+00  1.82300000e-08  3.29942566e+00  1.82300000e-08  3.29956031e+00  1.82300000e-08  0.00000000e+00  1.82300000e-08  0.00000000e+00 
 1.82500000e-08  3.30000000e+00  1.82500000e-08  3.30000000e+00  1.82500000e-08  3.29942752e+00  1.82500000e-08  3.29956174e+00  1.82500000e-08  0.00000000e+00  1.82500000e-08  0.00000000e+00 
 1.82700000e-08  3.30000000e+00  1.82700000e-08  3.30000000e+00  1.82700000e-08  3.29942934e+00  1.82700000e-08  3.29956315e+00  1.82700000e-08  0.00000000e+00  1.82700000e-08  0.00000000e+00 
 1.82900000e-08  3.30000000e+00  1.82900000e-08  3.30000000e+00  1.82900000e-08  3.29943117e+00  1.82900000e-08  3.29956456e+00  1.82900000e-08  0.00000000e+00  1.82900000e-08  0.00000000e+00 
 1.83100000e-08  3.30000000e+00  1.83100000e-08  3.30000000e+00  1.83100000e-08  3.29943298e+00  1.83100000e-08  3.29956596e+00  1.83100000e-08  0.00000000e+00  1.83100000e-08  0.00000000e+00 
 1.83300000e-08  3.30000000e+00  1.83300000e-08  3.30000000e+00  1.83300000e-08  3.29943479e+00  1.83300000e-08  3.29956735e+00  1.83300000e-08  0.00000000e+00  1.83300000e-08  0.00000000e+00 
 1.83500000e-08  3.30000000e+00  1.83500000e-08  3.30000000e+00  1.83500000e-08  3.29943657e+00  1.83500000e-08  3.29956874e+00  1.83500000e-08  0.00000000e+00  1.83500000e-08  0.00000000e+00 
 1.83700000e-08  3.30000000e+00  1.83700000e-08  3.30000000e+00  1.83700000e-08  3.29943836e+00  1.83700000e-08  3.29957011e+00  1.83700000e-08  0.00000000e+00  1.83700000e-08  0.00000000e+00 
 1.83900000e-08  3.30000000e+00  1.83900000e-08  3.30000000e+00  1.83900000e-08  3.29944012e+00  1.83900000e-08  3.29957148e+00  1.83900000e-08  0.00000000e+00  1.83900000e-08  0.00000000e+00 
 1.84100000e-08  3.30000000e+00  1.84100000e-08  3.30000000e+00  1.84100000e-08  3.29944188e+00  1.84100000e-08  3.29957284e+00  1.84100000e-08  0.00000000e+00  1.84100000e-08  0.00000000e+00 
 1.84300000e-08  3.30000000e+00  1.84300000e-08  3.30000000e+00  1.84300000e-08  3.29944362e+00  1.84300000e-08  3.29957419e+00  1.84300000e-08  0.00000000e+00  1.84300000e-08  0.00000000e+00 
 1.84500000e-08  3.30000000e+00  1.84500000e-08  3.30000000e+00  1.84500000e-08  3.29944537e+00  1.84500000e-08  3.29957553e+00  1.84500000e-08  0.00000000e+00  1.84500000e-08  0.00000000e+00 
 1.84700000e-08  3.30000000e+00  1.84700000e-08  3.30000000e+00  1.84700000e-08  3.29944709e+00  1.84700000e-08  3.29957686e+00  1.84700000e-08  0.00000000e+00  1.84700000e-08  0.00000000e+00 
 1.84900000e-08  3.30000000e+00  1.84900000e-08  3.30000000e+00  1.84900000e-08  3.29944881e+00  1.84900000e-08  3.29957819e+00  1.84900000e-08  0.00000000e+00  1.84900000e-08  0.00000000e+00 
 1.85100000e-08  3.30000000e+00  1.85100000e-08  3.30000000e+00  1.85100000e-08  3.29945051e+00  1.85100000e-08  3.29957951e+00  1.85100000e-08  0.00000000e+00  1.85100000e-08  0.00000000e+00 
 1.85300000e-08  3.30000000e+00  1.85300000e-08  3.30000000e+00  1.85300000e-08  3.29945222e+00  1.85300000e-08  3.29958082e+00  1.85300000e-08  0.00000000e+00  1.85300000e-08  0.00000000e+00 
 1.85500000e-08  3.30000000e+00  1.85500000e-08  3.30000000e+00  1.85500000e-08  3.29945390e+00  1.85500000e-08  3.29958212e+00  1.85500000e-08  0.00000000e+00  1.85500000e-08  0.00000000e+00 
 1.85700000e-08  3.30000000e+00  1.85700000e-08  3.30000000e+00  1.85700000e-08  3.29945558e+00  1.85700000e-08  3.29958342e+00  1.85700000e-08  0.00000000e+00  1.85700000e-08  0.00000000e+00 
 1.85900000e-08  3.30000000e+00  1.85900000e-08  3.30000000e+00  1.85900000e-08  3.29945724e+00  1.85900000e-08  3.29958470e+00  1.85900000e-08  0.00000000e+00  1.85900000e-08  0.00000000e+00 
 1.86100000e-08  3.30000000e+00  1.86100000e-08  3.30000000e+00  1.86100000e-08  3.29945891e+00  1.86100000e-08  3.29958598e+00  1.86100000e-08  0.00000000e+00  1.86100000e-08  0.00000000e+00 
 1.86300000e-08  3.30000000e+00  1.86300000e-08  3.30000000e+00  1.86300000e-08  3.29946055e+00  1.86300000e-08  3.29958726e+00  1.86300000e-08  0.00000000e+00  1.86300000e-08  0.00000000e+00 
 1.86500000e-08  3.30000000e+00  1.86500000e-08  3.30000000e+00  1.86500000e-08  3.29946220e+00  1.86500000e-08  3.29958852e+00  1.86500000e-08  0.00000000e+00  1.86500000e-08  0.00000000e+00 
 1.86700000e-08  3.30000000e+00  1.86700000e-08  3.30000000e+00  1.86700000e-08  3.29946382e+00  1.86700000e-08  3.29958978e+00  1.86700000e-08  0.00000000e+00  1.86700000e-08  0.00000000e+00 
 1.86900000e-08  3.30000000e+00  1.86900000e-08  3.30000000e+00  1.86900000e-08  3.29946544e+00  1.86900000e-08  3.29959103e+00  1.86900000e-08  0.00000000e+00  1.86900000e-08  0.00000000e+00 
 1.87100000e-08  3.30000000e+00  1.87100000e-08  3.30000000e+00  1.87100000e-08  3.29946705e+00  1.87100000e-08  3.29959227e+00  1.87100000e-08  0.00000000e+00  1.87100000e-08  0.00000000e+00 
 1.87300000e-08  3.30000000e+00  1.87300000e-08  3.30000000e+00  1.87300000e-08  3.29946866e+00  1.87300000e-08  3.29959351e+00  1.87300000e-08  0.00000000e+00  1.87300000e-08  0.00000000e+00 
 1.87500000e-08  3.30000000e+00  1.87500000e-08  3.30000000e+00  1.87500000e-08  3.29947024e+00  1.87500000e-08  3.29959474e+00  1.87500000e-08  0.00000000e+00  1.87500000e-08  0.00000000e+00 
 1.87700000e-08  3.30000000e+00  1.87700000e-08  3.30000000e+00  1.87700000e-08  3.29947183e+00  1.87700000e-08  3.29959596e+00  1.87700000e-08  0.00000000e+00  1.87700000e-08  0.00000000e+00 
 1.87900000e-08  3.30000000e+00  1.87900000e-08  3.30000000e+00  1.87900000e-08  3.29947340e+00  1.87900000e-08  3.29959717e+00  1.87900000e-08  0.00000000e+00  1.87900000e-08  0.00000000e+00 
 1.88100000e-08  3.30000000e+00  1.88100000e-08  3.30000000e+00  1.88100000e-08  3.29947497e+00  1.88100000e-08  3.29959838e+00  1.88100000e-08  0.00000000e+00  1.88100000e-08  0.00000000e+00 
 1.88300000e-08  3.30000000e+00  1.88300000e-08  3.30000000e+00  1.88300000e-08  3.29947652e+00  1.88300000e-08  3.29959958e+00  1.88300000e-08  0.00000000e+00  1.88300000e-08  0.00000000e+00 
 1.88500000e-08  3.30000000e+00  1.88500000e-08  3.30000000e+00  1.88500000e-08  3.29947808e+00  1.88500000e-08  3.29960078e+00  1.88500000e-08  0.00000000e+00  1.88500000e-08  0.00000000e+00 
 1.88700000e-08  3.30000000e+00  1.88700000e-08  3.30000000e+00  1.88700000e-08  3.29947961e+00  1.88700000e-08  3.29960197e+00  1.88700000e-08  0.00000000e+00  1.88700000e-08  0.00000000e+00 
 1.88900000e-08  3.30000000e+00  1.88900000e-08  3.30000000e+00  1.88900000e-08  3.29948115e+00  1.88900000e-08  3.29960315e+00  1.88900000e-08  0.00000000e+00  1.88900000e-08  0.00000000e+00 
 1.89100000e-08  3.30000000e+00  1.89100000e-08  3.30000000e+00  1.89100000e-08  3.29948266e+00  1.89100000e-08  3.29960432e+00  1.89100000e-08  0.00000000e+00  1.89100000e-08  0.00000000e+00 
 1.89300000e-08  3.30000000e+00  1.89300000e-08  3.30000000e+00  1.89300000e-08  3.29948418e+00  1.89300000e-08  3.29960549e+00  1.89300000e-08  0.00000000e+00  1.89300000e-08  0.00000000e+00 
 1.89500000e-08  3.30000000e+00  1.89500000e-08  3.30000000e+00  1.89500000e-08  3.29948568e+00  1.89500000e-08  3.29960665e+00  1.89500000e-08  0.00000000e+00  1.89500000e-08  0.00000000e+00 
 1.89700000e-08  3.30000000e+00  1.89700000e-08  3.30000000e+00  1.89700000e-08  3.29948718e+00  1.89700000e-08  3.29960781e+00  1.89700000e-08  0.00000000e+00  1.89700000e-08  0.00000000e+00 
 1.89900000e-08  3.30000000e+00  1.89900000e-08  3.30000000e+00  1.89900000e-08  3.29948866e+00  1.89900000e-08  3.29960895e+00  1.89900000e-08  0.00000000e+00  1.89900000e-08  0.00000000e+00 
 1.90100000e-08  3.30000000e+00  1.90100000e-08  3.30000000e+00  1.90100000e-08  3.29949015e+00  1.90100000e-08  3.29961010e+00  1.90100000e-08  0.00000000e+00  1.90100000e-08  0.00000000e+00 
 1.90300000e-08  3.30000000e+00  1.90300000e-08  3.30000000e+00  1.90300000e-08  3.29949162e+00  1.90300000e-08  3.29961123e+00  1.90300000e-08  0.00000000e+00  1.90300000e-08  0.00000000e+00 
 1.90500000e-08  3.30000000e+00  1.90500000e-08  3.30000000e+00  1.90500000e-08  3.29949309e+00  1.90500000e-08  3.29961236e+00  1.90500000e-08  0.00000000e+00  1.90500000e-08  0.00000000e+00 
 1.90700000e-08  3.30000000e+00  1.90700000e-08  3.30000000e+00  1.90700000e-08  3.29949454e+00  1.90700000e-08  3.29961348e+00  1.90700000e-08  0.00000000e+00  1.90700000e-08  0.00000000e+00 
 1.90900000e-08  3.30000000e+00  1.90900000e-08  3.30000000e+00  1.90900000e-08  3.29949599e+00  1.90900000e-08  3.29961460e+00  1.90900000e-08  0.00000000e+00  1.90900000e-08  0.00000000e+00 
 1.91100000e-08  3.30000000e+00  1.91100000e-08  3.30000000e+00  1.91100000e-08  3.29949743e+00  1.91100000e-08  3.29961571e+00  1.91100000e-08  0.00000000e+00  1.91100000e-08  0.00000000e+00 
 1.91300000e-08  3.30000000e+00  1.91300000e-08  3.30000000e+00  1.91300000e-08  3.29949887e+00  1.91300000e-08  3.29961682e+00  1.91300000e-08  0.00000000e+00  1.91300000e-08  0.00000000e+00 
 1.91500000e-08  3.30000000e+00  1.91500000e-08  3.30000000e+00  1.91500000e-08  3.29950028e+00  1.91500000e-08  3.29961792e+00  1.91500000e-08  0.00000000e+00  1.91500000e-08  0.00000000e+00 
 1.91700000e-08  3.30000000e+00  1.91700000e-08  3.30000000e+00  1.91700000e-08  3.29950171e+00  1.91700000e-08  3.29961901e+00  1.91700000e-08  0.00000000e+00  1.91700000e-08  0.00000000e+00 
 1.91900000e-08  3.30000000e+00  1.91900000e-08  3.30000000e+00  1.91900000e-08  3.29950311e+00  1.91900000e-08  3.29962010e+00  1.91900000e-08  0.00000000e+00  1.91900000e-08  0.00000000e+00 
 1.92100000e-08  3.30000000e+00  1.92100000e-08  3.30000000e+00  1.92100000e-08  3.29950452e+00  1.92100000e-08  3.29962118e+00  1.92100000e-08  0.00000000e+00  1.92100000e-08  0.00000000e+00 
 1.92300000e-08  3.30000000e+00  1.92300000e-08  3.30000000e+00  1.92300000e-08  3.29950591e+00  1.92300000e-08  3.29962225e+00  1.92300000e-08  0.00000000e+00  1.92300000e-08  0.00000000e+00 
 1.92500000e-08  3.30000000e+00  1.92500000e-08  3.30000000e+00  1.92500000e-08  3.29950730e+00  1.92500000e-08  3.29962332e+00  1.92500000e-08  0.00000000e+00  1.92500000e-08  0.00000000e+00 
 1.92700000e-08  3.30000000e+00  1.92700000e-08  3.30000000e+00  1.92700000e-08  3.29950867e+00  1.92700000e-08  3.29962439e+00  1.92700000e-08  0.00000000e+00  1.92700000e-08  0.00000000e+00 
 1.92900000e-08  3.30000000e+00  1.92900000e-08  3.30000000e+00  1.92900000e-08  3.29951005e+00  1.92900000e-08  3.29962544e+00  1.92900000e-08  0.00000000e+00  1.92900000e-08  0.00000000e+00 
 1.93100000e-08  3.30000000e+00  1.93100000e-08  3.30000000e+00  1.93100000e-08  3.29951141e+00  1.93100000e-08  3.29962650e+00  1.93100000e-08  0.00000000e+00  1.93100000e-08  0.00000000e+00 
 1.93300000e-08  3.30000000e+00  1.93300000e-08  3.30000000e+00  1.93300000e-08  3.29951278e+00  1.93300000e-08  3.29962754e+00  1.93300000e-08  0.00000000e+00  1.93300000e-08  0.00000000e+00 
 1.93500000e-08  3.30000000e+00  1.93500000e-08  3.30000000e+00  1.93500000e-08  3.29951412e+00  1.93500000e-08  3.29962858e+00  1.93500000e-08  0.00000000e+00  1.93500000e-08  0.00000000e+00 
 1.93700000e-08  3.30000000e+00  1.93700000e-08  3.30000000e+00  1.93700000e-08  3.29951547e+00  1.93700000e-08  3.29962962e+00  1.93700000e-08  0.00000000e+00  1.93700000e-08  0.00000000e+00 
 1.93900000e-08  3.30000000e+00  1.93900000e-08  3.30000000e+00  1.93900000e-08  3.29951680e+00  1.93900000e-08  3.29963065e+00  1.93900000e-08  0.00000000e+00  1.93900000e-08  0.00000000e+00 
 1.94100000e-08  3.30000000e+00  1.94100000e-08  3.30000000e+00  1.94100000e-08  3.29951814e+00  1.94100000e-08  3.29963168e+00  1.94100000e-08  0.00000000e+00  1.94100000e-08  0.00000000e+00 
 1.94300000e-08  3.30000000e+00  1.94300000e-08  3.30000000e+00  1.94300000e-08  3.29951945e+00  1.94300000e-08  3.29963269e+00  1.94300000e-08  0.00000000e+00  1.94300000e-08  0.00000000e+00 
 1.94500000e-08  3.30000000e+00  1.94500000e-08  3.30000000e+00  1.94500000e-08  3.29952078e+00  1.94500000e-08  3.29963371e+00  1.94500000e-08  0.00000000e+00  1.94500000e-08  0.00000000e+00 
 1.94700000e-08  3.30000000e+00  1.94700000e-08  3.30000000e+00  1.94700000e-08  3.29952208e+00  1.94700000e-08  3.29963472e+00  1.94700000e-08  0.00000000e+00  1.94700000e-08  0.00000000e+00 
 1.94900000e-08  3.30000000e+00  1.94900000e-08  3.30000000e+00  1.94900000e-08  3.29952339e+00  1.94900000e-08  3.29963572e+00  1.94900000e-08  0.00000000e+00  1.94900000e-08  0.00000000e+00 
 1.95100000e-08  3.30000000e+00  1.95100000e-08  3.30000000e+00  1.95100000e-08  3.29952467e+00  1.95100000e-08  3.29963672e+00  1.95100000e-08  0.00000000e+00  1.95100000e-08  0.00000000e+00 
 1.95300000e-08  3.30000000e+00  1.95300000e-08  3.30000000e+00  1.95300000e-08  3.29952597e+00  1.95300000e-08  3.29963771e+00  1.95300000e-08  0.00000000e+00  1.95300000e-08  0.00000000e+00 
 1.95500000e-08  3.30000000e+00  1.95500000e-08  3.30000000e+00  1.95500000e-08  3.29952724e+00  1.95500000e-08  3.29963870e+00  1.95500000e-08  0.00000000e+00  1.95500000e-08  0.00000000e+00 
 1.95700000e-08  3.30000000e+00  1.95700000e-08  3.30000000e+00  1.95700000e-08  3.29952853e+00  1.95700000e-08  3.29963968e+00  1.95700000e-08  0.00000000e+00  1.95700000e-08  0.00000000e+00 
 1.95900000e-08  3.30000000e+00  1.95900000e-08  3.30000000e+00  1.95900000e-08  3.29952979e+00  1.95900000e-08  3.29964066e+00  1.95900000e-08  0.00000000e+00  1.95900000e-08  0.00000000e+00 
 1.96100000e-08  3.30000000e+00  1.96100000e-08  3.30000000e+00  1.96100000e-08  3.29953106e+00  1.96100000e-08  3.29964163e+00  1.96100000e-08  0.00000000e+00  1.96100000e-08  0.00000000e+00 
 1.96300000e-08  3.30000000e+00  1.96300000e-08  3.30000000e+00  1.96300000e-08  3.29953231e+00  1.96300000e-08  3.29964260e+00  1.96300000e-08  0.00000000e+00  1.96300000e-08  0.00000000e+00 
 1.96500000e-08  3.30000000e+00  1.96500000e-08  3.30000000e+00  1.96500000e-08  3.29953356e+00  1.96500000e-08  3.29964356e+00  1.96500000e-08  0.00000000e+00  1.96500000e-08  0.00000000e+00 
 1.96700000e-08  3.30000000e+00  1.96700000e-08  3.30000000e+00  1.96700000e-08  3.29953480e+00  1.96700000e-08  3.29964452e+00  1.96700000e-08  0.00000000e+00  1.96700000e-08  0.00000000e+00 
 1.96900000e-08  3.30000000e+00  1.96900000e-08  3.30000000e+00  1.96900000e-08  3.29953604e+00  1.96900000e-08  3.29964547e+00  1.96900000e-08  0.00000000e+00  1.96900000e-08  0.00000000e+00 
 1.97100000e-08  3.30000000e+00  1.97100000e-08  3.30000000e+00  1.97100000e-08  3.29953727e+00  1.97100000e-08  3.29964642e+00  1.97100000e-08  0.00000000e+00  1.97100000e-08  0.00000000e+00 
 1.97300000e-08  3.30000000e+00  1.97300000e-08  3.30000000e+00  1.97300000e-08  3.29953850e+00  1.97300000e-08  3.29964736e+00  1.97300000e-08  0.00000000e+00  1.97300000e-08  0.00000000e+00 
 1.97500000e-08  3.30000000e+00  1.97500000e-08  3.30000000e+00  1.97500000e-08  3.29953971e+00  1.97500000e-08  3.29964830e+00  1.97500000e-08  0.00000000e+00  1.97500000e-08  0.00000000e+00 
 1.97700000e-08  3.30000000e+00  1.97700000e-08  3.30000000e+00  1.97700000e-08  3.29954093e+00  1.97700000e-08  3.29964924e+00  1.97700000e-08  0.00000000e+00  1.97700000e-08  0.00000000e+00 
 1.97900000e-08  3.30000000e+00  1.97900000e-08  3.30000000e+00  1.97900000e-08  3.29954213e+00  1.97900000e-08  3.29965016e+00  1.97900000e-08  0.00000000e+00  1.97900000e-08  0.00000000e+00 
 1.98100000e-08  3.30000000e+00  1.98100000e-08  3.30000000e+00  1.98100000e-08  3.29954334e+00  1.98100000e-08  3.29965109e+00  1.98100000e-08  0.00000000e+00  1.98100000e-08  0.00000000e+00 
 1.98300000e-08  3.30000000e+00  1.98300000e-08  3.30000000e+00  1.98300000e-08  3.29954452e+00  1.98300000e-08  3.29965201e+00  1.98300000e-08  0.00000000e+00  1.98300000e-08  0.00000000e+00 
 1.98500000e-08  3.30000000e+00  1.98500000e-08  3.30000000e+00  1.98500000e-08  3.29954572e+00  1.98500000e-08  3.29965292e+00  1.98500000e-08  0.00000000e+00  1.98500000e-08  0.00000000e+00 
 1.98700000e-08  3.30000000e+00  1.98700000e-08  3.30000000e+00  1.98700000e-08  3.29954689e+00  1.98700000e-08  3.29965383e+00  1.98700000e-08  0.00000000e+00  1.98700000e-08  0.00000000e+00 
 1.98900000e-08  3.30000000e+00  1.98900000e-08  3.30000000e+00  1.98900000e-08  3.29954808e+00  1.98900000e-08  3.29965474e+00  1.98900000e-08  0.00000000e+00  1.98900000e-08  0.00000000e+00 
 1.99100000e-08  3.30000000e+00  1.99100000e-08  3.30000000e+00  1.99100000e-08  3.29954924e+00  1.99100000e-08  3.29965564e+00  1.99100000e-08  0.00000000e+00  1.99100000e-08  0.00000000e+00 
 1.99300000e-08  3.30000000e+00  1.99300000e-08  3.30000000e+00  1.99300000e-08  3.29955041e+00  1.99300000e-08  3.29965654e+00  1.99300000e-08  0.00000000e+00  1.99300000e-08  0.00000000e+00 
 1.99500000e-08  3.30000000e+00  1.99500000e-08  3.30000000e+00  1.99500000e-08  3.29955156e+00  1.99500000e-08  3.29965743e+00  1.99500000e-08  0.00000000e+00  1.99500000e-08  0.00000000e+00 
 1.99700000e-08  3.30000000e+00  1.99700000e-08  3.30000000e+00  1.99700000e-08  3.29955273e+00  1.99700000e-08  3.29965832e+00  1.99700000e-08  0.00000000e+00  1.99700000e-08  0.00000000e+00 
 1.99900000e-08  3.30000000e+00  1.99900000e-08  3.30000000e+00  1.99900000e-08  3.29955387e+00  1.99900000e-08  3.29965920e+00  1.99900000e-08  0.00000000e+00  1.99900000e-08  0.00000000e+00 
 2.00100000e-08  3.30000000e+00  2.00100000e-08  3.30000000e+00  2.00100000e-08  3.29955502e+00  2.00100000e-08  3.29966008e+00  2.00100000e-08  0.00000000e+00  2.00100000e-08  0.00000000e+00 
 2.00300000e-08  3.30000000e+00  2.00300000e-08  3.30000000e+00  2.00300000e-08  3.29955614e+00  2.00300000e-08  3.29966096e+00  2.00300000e-08  0.00000000e+00  2.00300000e-08  0.00000000e+00 
 2.00500000e-08  3.30000000e+00  2.00500000e-08  3.30000000e+00  2.00500000e-08  3.29955728e+00  2.00500000e-08  3.29966183e+00  2.00500000e-08  0.00000000e+00  2.00500000e-08  0.00000000e+00 
 2.00700000e-08  3.30000000e+00  2.00700000e-08  3.30000000e+00  2.00700000e-08  3.29955840e+00  2.00700000e-08  3.29966269e+00  2.00700000e-08  0.00000000e+00  2.00700000e-08  0.00000000e+00 
 2.00900000e-08  3.30000000e+00  2.00900000e-08  3.30000000e+00  2.00900000e-08  3.29955953e+00  2.00900000e-08  3.29966356e+00  2.00900000e-08  0.00000000e+00  2.00900000e-08  0.00000000e+00 
 2.01100000e-08  3.30000000e+00  2.01100000e-08  3.30000000e+00  2.01100000e-08  3.29956064e+00  2.01100000e-08  3.29966441e+00  2.01100000e-08  0.00000000e+00  2.01100000e-08  0.00000000e+00 
 2.01300000e-08  3.30000000e+00  2.01300000e-08  3.30000000e+00  2.01300000e-08  3.29956175e+00  2.01300000e-08  3.29966527e+00  2.01300000e-08  0.00000000e+00  2.01300000e-08  0.00000000e+00 
 2.01500000e-08  3.30000000e+00  2.01500000e-08  3.30000000e+00  2.01500000e-08  3.29956285e+00  2.01500000e-08  3.29966612e+00  2.01500000e-08  0.00000000e+00  2.01500000e-08  0.00000000e+00 
 2.01700000e-08  3.30000000e+00  2.01700000e-08  3.30000000e+00  2.01700000e-08  3.29956396e+00  2.01700000e-08  3.29966697e+00  2.01700000e-08  0.00000000e+00  2.01700000e-08  0.00000000e+00 
 2.01900000e-08  3.30000000e+00  2.01900000e-08  3.30000000e+00  2.01900000e-08  3.29956504e+00  2.01900000e-08  3.29966781e+00  2.01900000e-08  0.00000000e+00  2.01900000e-08  0.00000000e+00 
 2.02100000e-08  3.30000000e+00  2.02100000e-08  3.30000000e+00  2.02100000e-08  3.29956614e+00  2.02100000e-08  3.29966864e+00  2.02100000e-08  0.00000000e+00  2.02100000e-08  0.00000000e+00 
 2.02300000e-08  3.30000000e+00  2.02300000e-08  3.30000000e+00  2.02300000e-08  3.29956721e+00  2.02300000e-08  3.29966948e+00  2.02300000e-08  0.00000000e+00  2.02300000e-08  0.00000000e+00 
 2.02500000e-08  3.30000000e+00  2.02500000e-08  3.30000000e+00  2.02500000e-08  3.29956830e+00  2.02500000e-08  3.29967031e+00  2.02500000e-08  0.00000000e+00  2.02500000e-08  0.00000000e+00 
 2.02700000e-08  3.30000000e+00  2.02700000e-08  3.30000000e+00  2.02700000e-08  3.29956936e+00  2.02700000e-08  3.29967113e+00  2.02700000e-08  0.00000000e+00  2.02700000e-08  0.00000000e+00 
 2.02900000e-08  3.30000000e+00  2.02900000e-08  3.30000000e+00  2.02900000e-08  3.29957044e+00  2.02900000e-08  3.29967195e+00  2.02900000e-08  0.00000000e+00  2.02900000e-08  0.00000000e+00 
 2.03100000e-08  3.30000000e+00  2.03100000e-08  3.30000000e+00  2.03100000e-08  3.29957149e+00  2.03100000e-08  3.29967277e+00  2.03100000e-08  0.00000000e+00  2.03100000e-08  0.00000000e+00 
 2.03300000e-08  3.30000000e+00  2.03300000e-08  3.30000000e+00  2.03300000e-08  3.29957256e+00  2.03300000e-08  3.29967359e+00  2.03300000e-08  0.00000000e+00  2.03300000e-08  0.00000000e+00 
 2.03500000e-08  3.30000000e+00  2.03500000e-08  3.30000000e+00  2.03500000e-08  3.29957361e+00  2.03500000e-08  3.29967440e+00  2.03500000e-08  0.00000000e+00  2.03500000e-08  0.00000000e+00 
 2.03700000e-08  3.30000000e+00  2.03700000e-08  3.30000000e+00  2.03700000e-08  3.29957466e+00  2.03700000e-08  3.29967520e+00  2.03700000e-08  0.00000000e+00  2.03700000e-08  0.00000000e+00 
 2.03900000e-08  3.30000000e+00  2.03900000e-08  3.30000000e+00  2.03900000e-08  3.29957570e+00  2.03900000e-08  3.29967600e+00  2.03900000e-08  0.00000000e+00  2.03900000e-08  0.00000000e+00 
 2.04100000e-08  3.30000000e+00  2.04100000e-08  3.30000000e+00  2.04100000e-08  3.29957674e+00  2.04100000e-08  3.29967680e+00  2.04100000e-08  0.00000000e+00  2.04100000e-08  0.00000000e+00 
 2.04300000e-08  3.30000000e+00  2.04300000e-08  3.30000000e+00  2.04300000e-08  3.29957777e+00  2.04300000e-08  3.29967760e+00  2.04300000e-08  0.00000000e+00  2.04300000e-08  0.00000000e+00 
 2.04500000e-08  3.30000000e+00  2.04500000e-08  3.30000000e+00  2.04500000e-08  3.29957880e+00  2.04500000e-08  3.29967839e+00  2.04500000e-08  0.00000000e+00  2.04500000e-08  0.00000000e+00 
 2.04700000e-08  3.30000000e+00  2.04700000e-08  3.30000000e+00  2.04700000e-08  3.29957982e+00  2.04700000e-08  3.29967918e+00  2.04700000e-08  0.00000000e+00  2.04700000e-08  0.00000000e+00 
 2.04900000e-08  3.30000000e+00  2.04900000e-08  3.30000000e+00  2.04900000e-08  3.29958085e+00  2.04900000e-08  3.29967996e+00  2.04900000e-08  0.00000000e+00  2.04900000e-08  0.00000000e+00 
 2.05100000e-08  3.30000000e+00  2.05100000e-08  3.30000000e+00  2.05100000e-08  3.29958185e+00  2.05100000e-08  3.29968074e+00  2.05100000e-08  0.00000000e+00  2.05100000e-08  0.00000000e+00 
 2.05300000e-08  3.30000000e+00  2.05300000e-08  3.30000000e+00  2.05300000e-08  3.29958287e+00  2.05300000e-08  3.29968152e+00  2.05300000e-08  0.00000000e+00  2.05300000e-08  0.00000000e+00 
 2.05500000e-08  3.30000000e+00  2.05500000e-08  3.30000000e+00  2.05500000e-08  3.29958387e+00  2.05500000e-08  3.29968229e+00  2.05500000e-08  0.00000000e+00  2.05500000e-08  0.00000000e+00 
 2.05700000e-08  3.30000000e+00  2.05700000e-08  3.30000000e+00  2.05700000e-08  3.29958488e+00  2.05700000e-08  3.29968306e+00  2.05700000e-08  0.00000000e+00  2.05700000e-08  0.00000000e+00 
 2.05900000e-08  3.30000000e+00  2.05900000e-08  3.30000000e+00  2.05900000e-08  3.29958586e+00  2.05900000e-08  3.29968382e+00  2.05900000e-08  0.00000000e+00  2.05900000e-08  0.00000000e+00 
 2.06100000e-08  3.30000000e+00  2.06100000e-08  3.30000000e+00  2.06100000e-08  3.29958686e+00  2.06100000e-08  3.29968459e+00  2.06100000e-08  0.00000000e+00  2.06100000e-08  0.00000000e+00 
 2.06300000e-08  3.30000000e+00  2.06300000e-08  3.30000000e+00  2.06300000e-08  3.29958784e+00  2.06300000e-08  3.29968535e+00  2.06300000e-08  0.00000000e+00  2.06300000e-08  0.00000000e+00 
 2.06500000e-08  3.30000000e+00  2.06500000e-08  3.30000000e+00  2.06500000e-08  3.29958883e+00  2.06500000e-08  3.29968610e+00  2.06500000e-08  0.00000000e+00  2.06500000e-08  0.00000000e+00 
 2.06700000e-08  3.30000000e+00  2.06700000e-08  3.30000000e+00  2.06700000e-08  3.29958980e+00  2.06700000e-08  3.29968685e+00  2.06700000e-08  0.00000000e+00  2.06700000e-08  0.00000000e+00 
 2.06900000e-08  3.30000000e+00  2.06900000e-08  3.30000000e+00  2.06900000e-08  3.29959078e+00  2.06900000e-08  3.29968760e+00  2.06900000e-08  0.00000000e+00  2.06900000e-08  0.00000000e+00 
 2.07100000e-08  3.30000000e+00  2.07100000e-08  3.30000000e+00  2.07100000e-08  3.29959174e+00  2.07100000e-08  3.29968835e+00  2.07100000e-08  0.00000000e+00  2.07100000e-08  0.00000000e+00 
 2.07300000e-08  3.30000000e+00  2.07300000e-08  3.30000000e+00  2.07300000e-08  3.29959272e+00  2.07300000e-08  3.29968909e+00  2.07300000e-08  0.00000000e+00  2.07300000e-08  0.00000000e+00 
 2.07500000e-08  3.30000000e+00  2.07500000e-08  3.30000000e+00  2.07500000e-08  3.29959367e+00  2.07500000e-08  3.29968983e+00  2.07500000e-08  0.00000000e+00  2.07500000e-08  0.00000000e+00 
 2.07700000e-08  3.30000000e+00  2.07700000e-08  3.30000000e+00  2.07700000e-08  3.29959463e+00  2.07700000e-08  3.29969056e+00  2.07700000e-08  0.00000000e+00  2.07700000e-08  0.00000000e+00 
 2.07900000e-08  3.30000000e+00  2.07900000e-08  3.30000000e+00  2.07900000e-08  3.29959558e+00  2.07900000e-08  3.29969129e+00  2.07900000e-08  0.00000000e+00  2.07900000e-08  0.00000000e+00 
 2.08100000e-08  3.30000000e+00  2.08100000e-08  3.30000000e+00  2.08100000e-08  3.29959653e+00  2.08100000e-08  3.29969202e+00  2.08100000e-08  0.00000000e+00  2.08100000e-08  0.00000000e+00 
 2.08300000e-08  3.30000000e+00  2.08300000e-08  3.30000000e+00  2.08300000e-08  3.29959747e+00  2.08300000e-08  3.29969275e+00  2.08300000e-08  0.00000000e+00  2.08300000e-08  0.00000000e+00 
 2.08500000e-08  3.30000000e+00  2.08500000e-08  3.30000000e+00  2.08500000e-08  3.29959841e+00  2.08500000e-08  3.29969347e+00  2.08500000e-08  0.00000000e+00  2.08500000e-08  0.00000000e+00 
 2.08700000e-08  3.30000000e+00  2.08700000e-08  3.30000000e+00  2.08700000e-08  3.29959934e+00  2.08700000e-08  3.29969419e+00  2.08700000e-08  0.00000000e+00  2.08700000e-08  0.00000000e+00 
 2.08900000e-08  3.30000000e+00  2.08900000e-08  3.30000000e+00  2.08900000e-08  3.29960028e+00  2.08900000e-08  3.29969490e+00  2.08900000e-08  0.00000000e+00  2.08900000e-08  0.00000000e+00 
 2.09100000e-08  3.30000000e+00  2.09100000e-08  3.30000000e+00  2.09100000e-08  3.29960120e+00  2.09100000e-08  3.29969561e+00  2.09100000e-08  0.00000000e+00  2.09100000e-08  0.00000000e+00 
 2.09300000e-08  3.30000000e+00  2.09300000e-08  3.30000000e+00  2.09300000e-08  3.29960213e+00  2.09300000e-08  3.29969632e+00  2.09300000e-08  0.00000000e+00  2.09300000e-08  0.00000000e+00 
 2.09500000e-08  3.30000000e+00  2.09500000e-08  3.30000000e+00  2.09500000e-08  3.29960304e+00  2.09500000e-08  3.29969703e+00  2.09500000e-08  0.00000000e+00  2.09500000e-08  0.00000000e+00 
 2.09700000e-08  3.30000000e+00  2.09700000e-08  3.30000000e+00  2.09700000e-08  3.29960396e+00  2.09700000e-08  3.29969773e+00  2.09700000e-08  0.00000000e+00  2.09700000e-08  0.00000000e+00 
 2.09900000e-08  3.30000000e+00  2.09900000e-08  3.30000000e+00  2.09900000e-08  3.29960486e+00  2.09900000e-08  3.29969843e+00  2.09900000e-08  0.00000000e+00  2.09900000e-08  0.00000000e+00 
 2.10100000e-08  3.30000000e+00  2.10100000e-08  3.30000000e+00  2.10100000e-08  3.29960578e+00  2.10100000e-08  3.29969913e+00  2.10100000e-08  0.00000000e+00  2.10100000e-08  0.00000000e+00 
 2.10300000e-08  3.30000000e+00  2.10300000e-08  3.30000000e+00  2.10300000e-08  3.29960667e+00  2.10300000e-08  3.29969982e+00  2.10300000e-08  0.00000000e+00  2.10300000e-08  0.00000000e+00 
 2.10500000e-08  3.30000000e+00  2.10500000e-08  3.30000000e+00  2.10500000e-08  3.29960758e+00  2.10500000e-08  3.29970051e+00  2.10500000e-08  0.00000000e+00  2.10500000e-08  0.00000000e+00 
 2.10700000e-08  3.30000000e+00  2.10700000e-08  3.30000000e+00  2.10700000e-08  3.29960846e+00  2.10700000e-08  3.29970120e+00  2.10700000e-08  0.00000000e+00  2.10700000e-08  0.00000000e+00 
 2.10900000e-08  3.30000000e+00  2.10900000e-08  3.30000000e+00  2.10900000e-08  3.29960936e+00  2.10900000e-08  3.29970188e+00  2.10900000e-08  0.00000000e+00  2.10900000e-08  0.00000000e+00 
 2.11100000e-08  3.30000000e+00  2.11100000e-08  3.30000000e+00  2.11100000e-08  3.29961024e+00  2.11100000e-08  3.29970256e+00  2.11100000e-08  0.00000000e+00  2.11100000e-08  0.00000000e+00 
 2.11300000e-08  3.30000000e+00  2.11300000e-08  3.30000000e+00  2.11300000e-08  3.29961113e+00  2.11300000e-08  3.29970324e+00  2.11300000e-08  0.00000000e+00  2.11300000e-08  0.00000000e+00 
 2.11500000e-08  3.30000000e+00  2.11500000e-08  3.30000000e+00  2.11500000e-08  3.29961200e+00  2.11500000e-08  3.29970392e+00  2.11500000e-08  0.00000000e+00  2.11500000e-08  0.00000000e+00 
 2.11700000e-08  3.30000000e+00  2.11700000e-08  3.30000000e+00  2.11700000e-08  3.29961288e+00  2.11700000e-08  3.29970459e+00  2.11700000e-08  0.00000000e+00  2.11700000e-08  0.00000000e+00 
 2.11900000e-08  3.30000000e+00  2.11900000e-08  3.30000000e+00  2.11900000e-08  3.29961375e+00  2.11900000e-08  3.29970526e+00  2.11900000e-08  0.00000000e+00  2.11900000e-08  0.00000000e+00 
 2.12100000e-08  3.30000000e+00  2.12100000e-08  3.30000000e+00  2.12100000e-08  3.29961462e+00  2.12100000e-08  3.29970593e+00  2.12100000e-08  0.00000000e+00  2.12100000e-08  0.00000000e+00 
 2.12300000e-08  3.30000000e+00  2.12300000e-08  3.30000000e+00  2.12300000e-08  3.29961548e+00  2.12300000e-08  3.29970659e+00  2.12300000e-08  0.00000000e+00  2.12300000e-08  0.00000000e+00 
 2.12500000e-08  3.30000000e+00  2.12500000e-08  3.30000000e+00  2.12500000e-08  3.29961635e+00  2.12500000e-08  3.29970725e+00  2.12500000e-08  0.00000000e+00  2.12500000e-08  0.00000000e+00 
 2.12700000e-08  3.30000000e+00  2.12700000e-08  3.30000000e+00  2.12700000e-08  3.29961720e+00  2.12700000e-08  3.29970791e+00  2.12700000e-08  0.00000000e+00  2.12700000e-08  0.00000000e+00 
 2.12900000e-08  3.30000000e+00  2.12900000e-08  3.30000000e+00  2.12900000e-08  3.29961806e+00  2.12900000e-08  3.29970856e+00  2.12900000e-08  0.00000000e+00  2.12900000e-08  0.00000000e+00 
 2.13100000e-08  3.30000000e+00  2.13100000e-08  3.30000000e+00  2.13100000e-08  3.29961890e+00  2.13100000e-08  3.29970922e+00  2.13100000e-08  0.00000000e+00  2.13100000e-08  0.00000000e+00 
 2.13300000e-08  3.30000000e+00  2.13300000e-08  3.30000000e+00  2.13300000e-08  3.29961975e+00  2.13300000e-08  3.29970987e+00  2.13300000e-08  0.00000000e+00  2.13300000e-08  0.00000000e+00 
 2.13500000e-08  3.30000000e+00  2.13500000e-08  3.30000000e+00  2.13500000e-08  3.29962059e+00  2.13500000e-08  3.29971051e+00  2.13500000e-08  0.00000000e+00  2.13500000e-08  0.00000000e+00 
 2.13700000e-08  3.30000000e+00  2.13700000e-08  3.30000000e+00  2.13700000e-08  3.29962143e+00  2.13700000e-08  3.29971116e+00  2.13700000e-08  0.00000000e+00  2.13700000e-08  0.00000000e+00 
 2.13900000e-08  3.30000000e+00  2.13900000e-08  3.30000000e+00  2.13900000e-08  3.29962226e+00  2.13900000e-08  3.29971180e+00  2.13900000e-08  0.00000000e+00  2.13900000e-08  0.00000000e+00 
 2.14100000e-08  3.30000000e+00  2.14100000e-08  3.30000000e+00  2.14100000e-08  3.29962310e+00  2.14100000e-08  3.29971244e+00  2.14100000e-08  0.00000000e+00  2.14100000e-08  0.00000000e+00 
 2.14300000e-08  3.30000000e+00  2.14300000e-08  3.30000000e+00  2.14300000e-08  3.29962392e+00  2.14300000e-08  3.29971307e+00  2.14300000e-08  0.00000000e+00  2.14300000e-08  0.00000000e+00 
 2.14500000e-08  3.30000000e+00  2.14500000e-08  3.30000000e+00  2.14500000e-08  3.29962475e+00  2.14500000e-08  3.29971371e+00  2.14500000e-08  0.00000000e+00  2.14500000e-08  0.00000000e+00 
 2.14700000e-08  3.30000000e+00  2.14700000e-08  3.30000000e+00  2.14700000e-08  3.29962557e+00  2.14700000e-08  3.29971434e+00  2.14700000e-08  0.00000000e+00  2.14700000e-08  0.00000000e+00 
 2.14900000e-08  3.30000000e+00  2.14900000e-08  3.30000000e+00  2.14900000e-08  3.29962639e+00  2.14900000e-08  3.29971497e+00  2.14900000e-08  0.00000000e+00  2.14900000e-08  0.00000000e+00 
 2.15100000e-08  3.30000000e+00  2.15100000e-08  3.30000000e+00  2.15100000e-08  3.29962720e+00  2.15100000e-08  3.29971559e+00  2.15100000e-08  0.00000000e+00  2.15100000e-08  0.00000000e+00 
 2.15300000e-08  3.30000000e+00  2.15300000e-08  3.30000000e+00  2.15300000e-08  3.29962802e+00  2.15300000e-08  3.29971621e+00  2.15300000e-08  0.00000000e+00  2.15300000e-08  0.00000000e+00 
 2.15500000e-08  3.30000000e+00  2.15500000e-08  3.30000000e+00  2.15500000e-08  3.29962882e+00  2.15500000e-08  3.29971683e+00  2.15500000e-08  0.00000000e+00  2.15500000e-08  0.00000000e+00 
 2.15700000e-08  3.30000000e+00  2.15700000e-08  3.30000000e+00  2.15700000e-08  3.29962963e+00  2.15700000e-08  3.29971745e+00  2.15700000e-08  0.00000000e+00  2.15700000e-08  0.00000000e+00 
 2.15900000e-08  3.30000000e+00  2.15900000e-08  3.30000000e+00  2.15900000e-08  3.29963042e+00  2.15900000e-08  3.29971807e+00  2.15900000e-08  0.00000000e+00  2.15900000e-08  0.00000000e+00 
 2.16100000e-08  3.30000000e+00  2.16100000e-08  3.30000000e+00  2.16100000e-08  3.29963123e+00  2.16100000e-08  3.29971868e+00  2.16100000e-08  0.00000000e+00  2.16100000e-08  0.00000000e+00 
 2.16300000e-08  3.30000000e+00  2.16300000e-08  3.30000000e+00  2.16300000e-08  3.29963201e+00  2.16300000e-08  3.29971929e+00  2.16300000e-08  0.00000000e+00  2.16300000e-08  0.00000000e+00 
 2.16500000e-08  3.30000000e+00  2.16500000e-08  3.30000000e+00  2.16500000e-08  3.29963281e+00  2.16500000e-08  3.29971990e+00  2.16500000e-08  0.00000000e+00  2.16500000e-08  0.00000000e+00 
 2.16700000e-08  3.30000000e+00  2.16700000e-08  3.30000000e+00  2.16700000e-08  3.29963359e+00  2.16700000e-08  3.29972050e+00  2.16700000e-08  0.00000000e+00  2.16700000e-08  0.00000000e+00 
 2.16900000e-08  3.30000000e+00  2.16900000e-08  3.30000000e+00  2.16900000e-08  3.29963439e+00  2.16900000e-08  3.29972110e+00  2.16900000e-08  0.00000000e+00  2.16900000e-08  0.00000000e+00 
 2.17100000e-08  3.30000000e+00  2.17100000e-08  3.30000000e+00  2.17100000e-08  3.29963516e+00  2.17100000e-08  3.29972170e+00  2.17100000e-08  0.00000000e+00  2.17100000e-08  0.00000000e+00 
 2.17300000e-08  3.30000000e+00  2.17300000e-08  3.30000000e+00  2.17300000e-08  3.29963594e+00  2.17300000e-08  3.29972230e+00  2.17300000e-08  0.00000000e+00  2.17300000e-08  0.00000000e+00 
 2.17500000e-08  3.30000000e+00  2.17500000e-08  3.30000000e+00  2.17500000e-08  3.29963671e+00  2.17500000e-08  3.29972289e+00  2.17500000e-08  0.00000000e+00  2.17500000e-08  0.00000000e+00 
 2.17700000e-08  3.30000000e+00  2.17700000e-08  3.30000000e+00  2.17700000e-08  3.29963749e+00  2.17700000e-08  3.29972349e+00  2.17700000e-08  0.00000000e+00  2.17700000e-08  0.00000000e+00 
 2.17900000e-08  3.30000000e+00  2.17900000e-08  3.30000000e+00  2.17900000e-08  3.29963825e+00  2.17900000e-08  3.29972408e+00  2.17900000e-08  0.00000000e+00  2.17900000e-08  0.00000000e+00 
 2.18100000e-08  3.30000000e+00  2.18100000e-08  3.30000000e+00  2.18100000e-08  3.29963903e+00  2.18100000e-08  3.29972467e+00  2.18100000e-08  0.00000000e+00  2.18100000e-08  0.00000000e+00 
 2.18300000e-08  3.30000000e+00  2.18300000e-08  3.30000000e+00  2.18300000e-08  3.29963978e+00  2.18300000e-08  3.29972525e+00  2.18300000e-08  0.00000000e+00  2.18300000e-08  0.00000000e+00 
 2.18500000e-08  3.30000000e+00  2.18500000e-08  3.30000000e+00  2.18500000e-08  3.29964055e+00  2.18500000e-08  3.29972583e+00  2.18500000e-08  0.00000000e+00  2.18500000e-08  0.00000000e+00 
 2.18700000e-08  3.30000000e+00  2.18700000e-08  3.30000000e+00  2.18700000e-08  3.29964130e+00  2.18700000e-08  3.29972641e+00  2.18700000e-08  0.00000000e+00  2.18700000e-08  0.00000000e+00 
 2.18900000e-08  3.30000000e+00  2.18900000e-08  3.30000000e+00  2.18900000e-08  3.29964206e+00  2.18900000e-08  3.29972699e+00  2.18900000e-08  0.00000000e+00  2.18900000e-08  0.00000000e+00 
 2.19100000e-08  3.30000000e+00  2.19100000e-08  3.30000000e+00  2.19100000e-08  3.29964280e+00  2.19100000e-08  3.29972757e+00  2.19100000e-08  0.00000000e+00  2.19100000e-08  0.00000000e+00 
 2.19300000e-08  3.30000000e+00  2.19300000e-08  3.30000000e+00  2.19300000e-08  3.29964355e+00  2.19300000e-08  3.29972814e+00  2.19300000e-08  0.00000000e+00  2.19300000e-08  0.00000000e+00 
 2.19500000e-08  3.30000000e+00  2.19500000e-08  3.30000000e+00  2.19500000e-08  3.29964429e+00  2.19500000e-08  3.29972871e+00  2.19500000e-08  0.00000000e+00  2.19500000e-08  0.00000000e+00 
 2.19700000e-08  3.30000000e+00  2.19700000e-08  3.30000000e+00  2.19700000e-08  3.29964504e+00  2.19700000e-08  3.29972928e+00  2.19700000e-08  0.00000000e+00  2.19700000e-08  0.00000000e+00 
 2.19850000e-08  3.30000000e+00  2.19850000e-08  3.30000000e+00  2.19850000e-08  3.29964559e+00  2.19850000e-08  3.29972971e+00  2.19850000e-08  0.00000000e+00  2.19850000e-08  0.00000000e+00 
 2.20000000e-08  3.30000000e+00  2.20000000e-08  3.30000000e+00  2.20000000e-08  3.29964615e+00  2.20000000e-08  3.29973013e+00  2.20000000e-08  0.00000000e+00  2.20000000e-08  0.00000000e+00 
 2.20020000e-08  3.30000799e+00  2.20020000e-08  3.30000799e+00  2.20020000e-08  3.30225664e+00  2.20020000e-08  3.30234269e+00  2.20020000e-08  6.60000000e-02  2.20020000e-08  0.00000000e+00 
 2.20060000e-08  3.30001877e+00  2.20060000e-08  3.30001878e+00  2.20060000e-08  3.30738656e+00  2.20060000e-08  3.30747499e+00  2.20060000e-08  1.98000000e-01  2.20060000e-08  0.00000000e+00 
 2.20140000e-08  3.30002102e+00  2.20140000e-08  3.30002104e+00  2.20140000e-08  3.31708805e+00  2.20140000e-08  3.31718142e+00  2.20140000e-08  4.62000000e-01  2.20140000e-08  0.00000000e+00 
 2.20300000e-08  3.30000835e+00  2.20300000e-08  3.30000836e+00  2.20300000e-08  3.33487746e+00  2.20300000e-08  3.33497987e+00  2.20300000e-08  9.90000000e-01  2.20300000e-08  0.00000000e+00 
 2.20500000e-08  3.30000109e+00  2.20500000e-08  3.30000097e+00  2.20500000e-08  3.35641993e+00  2.20500000e-08  3.35644216e+00  2.20500000e-08  1.65000000e+00  2.20500000e-08  0.00000000e+00 
 2.20700000e-08  3.30000510e+00  2.20700000e-08  3.30000470e+00  2.20700000e-08  3.38126585e+00  2.20700000e-08  3.38092916e+00  2.20700000e-08  2.31000000e+00  2.20700000e-08  0.00000000e+00 
 2.20850000e-08  3.30000689e+00  2.20850000e-08  3.30000607e+00  2.20850000e-08  3.40278296e+00  2.20850000e-08  3.40182344e+00  2.20850000e-08  2.80500000e+00  2.20850000e-08  0.00000000e+00 
 2.21000000e-08  3.29999450e+00  2.21000000e-08  3.29999355e+00  2.21000000e-08  3.41938440e+00  2.21000000e-08  3.41749417e+00  2.21000000e-08  3.30000000e+00  2.21000000e-08  0.00000000e+00 
 2.21020000e-08  3.29999398e+00  2.21020000e-08  3.29999302e+00  2.21020000e-08  3.42129664e+00  2.21020000e-08  3.41925942e+00  2.21020000e-08  3.30000000e+00  2.21020000e-08  0.00000000e+00 
 2.21060000e-08  3.29999399e+00  2.21060000e-08  3.29999309e+00  2.21060000e-08  3.42525277e+00  2.21060000e-08  3.42293458e+00  2.21060000e-08  3.30000000e+00  2.21060000e-08  0.00000000e+00 
 2.21140000e-08  3.29999503e+00  2.21140000e-08  3.29999467e+00  2.21140000e-08  3.43309340e+00  2.21140000e-08  3.43033764e+00  2.21140000e-08  3.30000000e+00  2.21140000e-08  0.00000000e+00 
 2.21300000e-08  3.29999351e+00  2.21300000e-08  3.29999471e+00  2.21300000e-08  3.44630415e+00  2.21300000e-08  3.44332611e+00  2.21300000e-08  3.30000000e+00  2.21300000e-08  0.00000000e+00 
 2.21500000e-08  3.29998567e+00  2.21500000e-08  3.29998825e+00  2.21500000e-08  3.45407248e+00  2.21500000e-08  3.45210838e+00  2.21500000e-08  3.30000000e+00  2.21500000e-08  0.00000000e+00 
 2.21700000e-08  3.29998033e+00  2.21700000e-08  3.29998266e+00  2.21700000e-08  3.44925449e+00  2.21700000e-08  3.44954430e+00  2.21700000e-08  3.30000000e+00  2.21700000e-08  0.00000000e+00 
 2.21900000e-08  3.29998038e+00  2.21900000e-08  3.29998189e+00  2.21900000e-08  3.43127780e+00  2.21900000e-08  3.43479045e+00  2.21900000e-08  3.30000000e+00  2.21900000e-08  0.00000000e+00 
 2.22100000e-08  3.29998355e+00  2.22100000e-08  3.29998389e+00  2.22100000e-08  3.40104847e+00  2.22100000e-08  3.40852934e+00  2.22100000e-08  3.30000000e+00  2.22100000e-08  0.00000000e+00 
 2.22300000e-08  3.29998839e+00  2.22300000e-08  3.29998796e+00  2.22300000e-08  3.36015237e+00  2.22300000e-08  3.37216752e+00  2.22300000e-08  3.30000000e+00  2.22300000e-08  0.00000000e+00 
 2.22500000e-08  3.29999288e+00  2.22500000e-08  3.29999225e+00  2.22500000e-08  3.31039361e+00  2.22500000e-08  3.32735369e+00  2.22500000e-08  3.30000000e+00  2.22500000e-08  0.00000000e+00 
 2.22700000e-08  3.29999615e+00  2.22700000e-08  3.29999569e+00  2.22700000e-08  3.25353691e+00  2.22700000e-08  3.27571830e+00  2.22700000e-08  3.30000000e+00  2.22700000e-08  0.00000000e+00 
 2.22900000e-08  3.29999822e+00  2.22900000e-08  3.29999798e+00  2.22900000e-08  3.19116645e+00  2.22900000e-08  3.21874035e+00  2.22900000e-08  3.30000000e+00  2.22900000e-08  0.00000000e+00 
 2.23100000e-08  3.29999948e+00  2.23100000e-08  3.29999937e+00  2.23100000e-08  3.12462166e+00  2.23100000e-08  3.15768655e+00  2.23100000e-08  3.30000000e+00  2.23100000e-08  0.00000000e+00 
 2.23300000e-08  3.30000024e+00  2.23300000e-08  3.30000018e+00  2.23300000e-08  3.05498836e+00  2.23300000e-08  3.09359237e+00  2.23300000e-08  3.30000000e+00  2.23300000e-08  0.00000000e+00 
 2.23500000e-08  3.30000066e+00  2.23500000e-08  3.30000064e+00  2.23500000e-08  2.98312444e+00  2.23500000e-08  3.02727952e+00  2.23500000e-08  3.30000000e+00  2.23500000e-08  0.00000000e+00 
 2.23700000e-08  3.30000086e+00  2.23700000e-08  3.30000085e+00  2.23700000e-08  2.90969663e+00  2.23700000e-08  2.95938861e+00  2.23700000e-08  3.30000000e+00  2.23700000e-08  0.00000000e+00 
 2.23900000e-08  3.30000096e+00  2.23900000e-08  3.30000094e+00  2.23900000e-08  2.83521855e+00  2.23900000e-08  2.89041375e+00  2.23900000e-08  3.30000000e+00  2.23900000e-08  0.00000000e+00 
 2.24100000e-08  3.30000101e+00  2.24100000e-08  3.30000098e+00  2.24100000e-08  2.76008206e+00  2.24100000e-08  2.82073171e+00  2.24100000e-08  3.30000000e+00  2.24100000e-08  0.00000000e+00 
 2.24300000e-08  3.30000103e+00  2.24300000e-08  3.30000098e+00  2.24300000e-08  2.68458590e+00  2.24300000e-08  2.75062884e+00  2.24300000e-08  3.30000000e+00  2.24300000e-08  0.00000000e+00 
 2.24500000e-08  3.30000104e+00  2.24500000e-08  3.30000098e+00  2.24500000e-08  2.60895822e+00  2.24500000e-08  2.68032282e+00  2.24500000e-08  3.30000000e+00  2.24500000e-08  0.00000000e+00 
 2.24700000e-08  3.30000103e+00  2.24700000e-08  3.30000096e+00  2.24700000e-08  2.53337457e+00  2.24700000e-08  2.60997989e+00  2.24700000e-08  3.30000000e+00  2.24700000e-08  0.00000000e+00 
 2.24900000e-08  3.30000101e+00  2.24900000e-08  3.30000094e+00  2.24900000e-08  2.45797139e+00  2.24900000e-08  2.53972792e+00  2.24900000e-08  3.30000000e+00  2.24900000e-08  0.00000000e+00 
 2.25100000e-08  3.30000099e+00  2.25100000e-08  3.30000091e+00  2.25100000e-08  2.38285673e+00  2.25100000e-08  2.46966667e+00  2.25100000e-08  3.30000000e+00  2.25100000e-08  0.00000000e+00 
 2.25300000e-08  3.30000097e+00  2.25300000e-08  3.30000089e+00  2.25300000e-08  2.30811813e+00  2.25300000e-08  2.39987524e+00  2.25300000e-08  3.30000000e+00  2.25300000e-08  0.00000000e+00 
 2.25500000e-08  3.30000095e+00  2.25500000e-08  3.30000086e+00  2.25500000e-08  2.23382907e+00  2.25500000e-08  2.33041816e+00  2.25500000e-08  3.30000000e+00  2.25500000e-08  0.00000000e+00 
 2.25700000e-08  3.30000094e+00  2.25700000e-08  3.30000084e+00  2.25700000e-08  2.16005363e+00  2.25700000e-08  2.26134970e+00  2.25700000e-08  3.30000000e+00  2.25700000e-08  0.00000000e+00 
 2.25900000e-08  3.30000093e+00  2.25900000e-08  3.30000082e+00  2.25900000e-08  2.08685059e+00  2.25900000e-08  2.19271756e+00  2.25900000e-08  3.30000000e+00  2.25900000e-08  0.00000000e+00 
 2.26100000e-08  3.30000092e+00  2.26100000e-08  3.30000081e+00  2.26100000e-08  2.01427631e+00  2.26100000e-08  2.12456552e+00  2.26100000e-08  3.30000000e+00  2.26100000e-08  0.00000000e+00 
 2.26300000e-08  3.30000092e+00  2.26300000e-08  3.30000080e+00  2.26300000e-08  1.94238731e+00  2.26300000e-08  2.05693567e+00  2.26300000e-08  3.30000000e+00  2.26300000e-08  0.00000000e+00 
 2.26500000e-08  3.30000093e+00  2.26500000e-08  3.30000079e+00  2.26500000e-08  1.87124055e+00  2.26500000e-08  1.98986986e+00  2.26500000e-08  3.30000000e+00  2.26500000e-08  0.00000000e+00 
 2.26700000e-08  3.30000093e+00  2.26700000e-08  3.30000079e+00  2.26700000e-08  1.80088764e+00  2.26700000e-08  1.92341058e+00  2.26700000e-08  3.30000000e+00  2.26700000e-08  0.00000000e+00 
 2.26900000e-08  3.30000092e+00  2.26900000e-08  3.30000079e+00  2.26900000e-08  1.73135781e+00  2.26900000e-08  1.85760020e+00  2.26900000e-08  3.30000000e+00  2.26900000e-08  0.00000000e+00 
 2.27100000e-08  3.30000089e+00  2.27100000e-08  3.30000080e+00  2.27100000e-08  1.66264360e+00  2.27100000e-08  1.79247656e+00  2.27100000e-08  3.30000000e+00  2.27100000e-08  0.00000000e+00 
 2.27300000e-08  3.30000083e+00  2.27300000e-08  3.30000079e+00  2.27300000e-08  1.59468832e+00  2.27300000e-08  1.72805923e+00  2.27300000e-08  3.30000000e+00  2.27300000e-08  0.00000000e+00 
 2.27500000e-08  3.30000075e+00  2.27500000e-08  3.30000076e+00  2.27500000e-08  1.52740861e+00  2.27500000e-08  1.66434112e+00  2.27500000e-08  3.30000000e+00  2.27500000e-08  0.00000000e+00 
 2.27700000e-08  3.30000067e+00  2.27700000e-08  3.30000071e+00  2.27700000e-08  1.46072961e+00  2.27700000e-08  1.60127963e+00  2.27700000e-08  3.30000000e+00  2.27700000e-08  0.00000000e+00 
 2.27900000e-08  3.30000062e+00  2.27900000e-08  3.30000065e+00  2.27900000e-08  1.39460345e+00  2.27900000e-08  1.53880875e+00  2.27900000e-08  3.30000000e+00  2.27900000e-08  0.00000000e+00 
 2.28100000e-08  3.30000058e+00  2.28100000e-08  3.30000059e+00  2.28100000e-08  1.32900821e+00  2.28100000e-08  1.47686382e+00  2.28100000e-08  3.30000000e+00  2.28100000e-08  0.00000000e+00 
 2.28300000e-08  3.30000056e+00  2.28300000e-08  3.30000054e+00  2.28300000e-08  1.26394128e+00  2.28300000e-08  1.41539831e+00  2.28300000e-08  3.30000000e+00  2.28300000e-08  0.00000000e+00 
 2.28500000e-08  3.30000056e+00  2.28500000e-08  3.30000050e+00  2.28500000e-08  1.19941408e+00  2.28500000e-08  1.35438624e+00  2.28500000e-08  3.30000000e+00  2.28500000e-08  0.00000000e+00 
 2.28700000e-08  3.30000057e+00  2.28700000e-08  3.30000048e+00  2.28700000e-08  1.13545113e+00  2.28700000e-08  1.29381810e+00  2.28700000e-08  3.30000000e+00  2.28700000e-08  0.00000000e+00 
 2.28900000e-08  3.30000058e+00  2.28900000e-08  3.30000047e+00  2.28900000e-08  1.07209336e+00  2.28900000e-08  1.23369617e+00  2.28900000e-08  3.30000000e+00  2.28900000e-08  0.00000000e+00 
 2.29100000e-08  3.30000062e+00  2.29100000e-08  3.30000047e+00  2.29100000e-08  1.00940997e+00  2.29100000e-08  1.17403233e+00  2.29100000e-08  3.30000000e+00  2.29100000e-08  0.00000000e+00 
 2.29300000e-08  3.30000070e+00  2.29300000e-08  3.30000048e+00  2.29300000e-08  9.47528350e-01  2.29300000e-08  1.11484817e+00  2.29300000e-08  3.30000000e+00  2.29300000e-08  0.00000000e+00 
 2.29500000e-08  3.30000088e+00  2.29500000e-08  3.30000050e+00  2.29500000e-08  8.86717907e-01  2.29500000e-08  1.05617963e+00  2.29500000e-08  3.30000000e+00  2.29500000e-08  0.00000000e+00 
 2.29700000e-08  3.30000133e+00  2.29700000e-08  3.30000055e+00  2.29700000e-08  8.27661781e-01  2.29700000e-08  9.98093307e-01  2.29700000e-08  3.30000000e+00  2.29700000e-08  0.00000000e+00 
 2.29900000e-08  3.30000264e+00  2.29900000e-08  3.30000069e+00  2.29900000e-08  7.72361006e-01  2.29900000e-08  9.40751314e-01  2.29900000e-08  3.30000000e+00  2.29900000e-08  0.00000000e+00 
 2.30100000e-08  3.30000541e+00  2.30100000e-08  3.30000096e+00  2.30100000e-08  7.24942534e-01  2.30100000e-08  8.84484200e-01  2.30100000e-08  3.30000000e+00  2.30100000e-08  0.00000000e+00 
 2.30300000e-08  3.30000772e+00  2.30300000e-08  3.30000127e+00  2.30300000e-08  6.88512937e-01  2.30300000e-08  8.29771729e-01  2.30300000e-08  3.30000000e+00  2.30300000e-08  0.00000000e+00 
 2.30500000e-08  3.30000716e+00  2.30500000e-08  3.30000189e+00  2.30500000e-08  6.61693214e-01  2.30500000e-08  7.77717496e-01  2.30500000e-08  3.30000000e+00  2.30500000e-08  0.00000000e+00 
 2.30700000e-08  3.30000515e+00  2.30700000e-08  3.30000366e+00  2.30700000e-08  6.41361007e-01  2.30700000e-08  7.31076485e-01  2.30700000e-08  3.30000000e+00  2.30700000e-08  0.00000000e+00 
 2.30900000e-08  3.30000341e+00  2.30900000e-08  3.30000586e+00  2.30900000e-08  6.25181137e-01  2.30900000e-08  6.92960490e-01  2.30900000e-08  3.30000000e+00  2.30900000e-08  0.00000000e+00 
 2.31100000e-08  3.30000215e+00  2.31100000e-08  3.30000619e+00  2.31100000e-08  6.11664727e-01  2.31100000e-08  6.63417092e-01  2.31100000e-08  3.30000000e+00  2.31100000e-08  0.00000000e+00 
 2.31300000e-08  3.30000130e+00  2.31300000e-08  3.30000473e+00  2.31300000e-08  5.99835890e-01  2.31300000e-08  6.40059275e-01  2.31300000e-08  3.30000000e+00  2.31300000e-08  0.00000000e+00 
 2.31500000e-08  3.30000078e+00  2.31500000e-08  3.30000315e+00  2.31500000e-08  5.89046950e-01  2.31500000e-08  6.20678956e-01  2.31500000e-08  3.30000000e+00  2.31500000e-08  0.00000000e+00 
 2.31700000e-08  3.30000047e+00  2.31700000e-08  3.30000207e+00  2.31700000e-08  5.78882318e-01  2.31700000e-08  6.03892686e-01  2.31700000e-08  3.30000000e+00  2.31700000e-08  0.00000000e+00 
 2.31900000e-08  3.30000028e+00  2.31900000e-08  3.30000141e+00  2.31900000e-08  5.69089188e-01  2.31900000e-08  5.88891765e-01  2.31900000e-08  3.30000000e+00  2.31900000e-08  0.00000000e+00 
 2.32100000e-08  3.30000017e+00  2.32100000e-08  3.30000101e+00  2.32100000e-08  5.59522432e-01  2.32100000e-08  5.75190927e-01  2.32100000e-08  3.30000000e+00  2.32100000e-08  0.00000000e+00 
 2.32300000e-08  3.30000011e+00  2.32300000e-08  3.30000076e+00  2.32300000e-08  5.50104752e-01  2.32300000e-08  5.62482342e-01  2.32300000e-08  3.30000000e+00  2.32300000e-08  0.00000000e+00 
 2.32500000e-08  3.30000008e+00  2.32500000e-08  3.30000060e+00  2.32500000e-08  5.40799410e-01  2.32500000e-08  5.50562123e-01  2.32500000e-08  3.30000000e+00  2.32500000e-08  0.00000000e+00 
 2.32700000e-08  3.30000007e+00  2.32700000e-08  3.30000049e+00  2.32700000e-08  5.31592970e-01  2.32700000e-08  5.39287684e-01  2.32700000e-08  3.30000000e+00  2.32700000e-08  0.00000000e+00 
 2.32850000e-08  3.30000007e+00  2.32850000e-08  3.30000042e+00  2.32850000e-08  5.24751794e-01  2.32850000e-08  5.31191369e-01  2.32850000e-08  3.30000000e+00  2.32850000e-08  0.00000000e+00 
 2.33000000e-08  3.30000007e+00  2.33000000e-08  3.30000037e+00  2.33000000e-08  5.17967478e-01  2.33000000e-08  5.23361404e-01  2.33000000e-08  3.30000000e+00  2.33000000e-08  0.00000000e+00 
 2.33020000e-08  3.32133513e+00  2.33020000e-08  3.32133531e+00  2.33020000e-08  5.17163063e-01  2.33020000e-08  5.22434778e-01  2.33020000e-08  3.30000000e+00  2.33020000e-08  6.60000000e-02 
 2.33060000e-08  3.35610002e+00  2.33060000e-08  3.35610025e+00  2.33060000e-08  5.15523560e-01  2.33060000e-08  5.20556664e-01  2.33060000e-08  3.30000000e+00  2.33060000e-08  1.98000000e-01 
 2.33140000e-08  3.39509871e+00  2.33140000e-08  3.39509896e+00  2.33140000e-08  5.12122708e-01  2.33140000e-08  5.16711077e-01  2.33140000e-08  3.30000000e+00  2.33140000e-08  4.62000000e-01 
 2.33300000e-08  3.43011171e+00  2.33300000e-08  3.43011189e+00  2.33300000e-08  5.05013207e-01  2.33300000e-08  5.08829896e-01  2.33300000e-08  3.30000000e+00  2.33300000e-08  9.90000000e-01 
 2.33500000e-08  3.46573204e+00  2.33500000e-08  3.46573212e+00  2.33500000e-08  4.95222498e-01  2.33500000e-08  4.98256122e-01  2.33500000e-08  3.30000000e+00  2.33500000e-08  1.65000000e+00 
 2.33700000e-08  3.53471625e+00  2.33700000e-08  3.53471620e+00  2.33700000e-08  4.84485890e-01  2.33700000e-08  4.86895505e-01  2.33700000e-08  3.30000000e+00  2.33700000e-08  2.31000000e+00 
 2.33850000e-08  3.62530878e+00  2.33850000e-08  3.62530853e+00  2.33850000e-08  4.76608077e-01  2.33850000e-08  4.78638525e-01  2.33850000e-08  3.30000000e+00  2.33850000e-08  2.80500000e+00 
 2.34000000e-08  3.74051083e+00  2.34000000e-08  3.74050974e+00  2.34000000e-08  4.69592838e-01  2.34000000e-08  4.71315859e-01  2.34000000e-08  3.30000000e+00  2.34000000e-08  3.30000000e+00 
 2.34020000e-08  3.74048463e+00  2.34020000e-08  3.74048345e+00  2.34020000e-08  4.68664747e-01  2.34020000e-08  4.70351950e-01  2.34020000e-08  3.30000000e+00  2.34020000e-08  3.30000000e+00 
 2.34060000e-08  3.74042730e+00  2.34060000e-08  3.74042599e+00  2.34060000e-08  4.66860941e-01  2.34060000e-08  4.68478736e-01  2.34060000e-08  3.30000000e+00  2.34060000e-08  3.30000000e+00 
 2.34140000e-08  3.74031530e+00  2.34140000e-08  3.74031375e+00  2.34140000e-08  4.63478426e-01  2.34140000e-08  4.64969547e-01  2.34140000e-08  3.30000000e+00  2.34140000e-08  3.30000000e+00 
 2.34300000e-08  3.74010333e+00  2.34300000e-08  3.74010154e+00  2.34300000e-08  4.57127869e-01  2.34300000e-08  4.58407425e-01  2.34300000e-08  3.30000000e+00  2.34300000e-08  3.30000000e+00 
 2.34500000e-08  3.73983742e+00  2.34500000e-08  3.73983533e+00  2.34500000e-08  4.49423455e-01  2.34500000e-08  4.50501891e-01  2.34500000e-08  3.30000000e+00  2.34500000e-08  3.30000000e+00 
 2.34700000e-08  3.73955975e+00  2.34700000e-08  3.73955729e+00  2.34700000e-08  4.41736253e-01  2.34700000e-08  4.42664861e-01  2.34700000e-08  3.30000000e+00  2.34700000e-08  3.30000000e+00 
 2.34900000e-08  3.73927851e+00  2.34900000e-08  3.73927572e+00  2.34900000e-08  4.34068845e-01  2.34900000e-08  4.34882746e-01  2.34900000e-08  3.30000000e+00  2.34900000e-08  3.30000000e+00 
 2.35100000e-08  3.73899835e+00  2.35100000e-08  3.73899530e+00  2.35100000e-08  4.26477275e-01  2.35100000e-08  4.27201111e-01  2.35100000e-08  3.30000000e+00  2.35100000e-08  3.30000000e+00 
 2.35300000e-08  3.73872068e+00  2.35300000e-08  3.73871741e+00  2.35300000e-08  4.18994791e-01  2.35300000e-08  4.19646399e-01  2.35300000e-08  3.30000000e+00  2.35300000e-08  3.30000000e+00 
 2.35500000e-08  3.73844581e+00  2.35500000e-08  3.73844238e+00  2.35500000e-08  4.11634040e-01  2.35500000e-08  4.12226632e-01  2.35500000e-08  3.30000000e+00  2.35500000e-08  3.30000000e+00 
 2.35700000e-08  3.73817377e+00  2.35700000e-08  3.73817022e+00  2.35700000e-08  4.04398228e-01  2.35700000e-08  4.04941753e-01  2.35700000e-08  3.30000000e+00  2.35700000e-08  3.30000000e+00 
 2.35900000e-08  3.73790450e+00  2.35900000e-08  3.73790084e+00  2.35900000e-08  3.97286828e-01  2.35900000e-08  3.97788875e-01  2.35900000e-08  3.30000000e+00  2.35900000e-08  3.30000000e+00 
 2.36100000e-08  3.73763791e+00  2.36100000e-08  3.73763416e+00  2.36100000e-08  3.90298005e-01  2.36100000e-08  3.90764436e-01  2.36100000e-08  3.30000000e+00  2.36100000e-08  3.30000000e+00 
 2.36300000e-08  3.73737392e+00  2.36300000e-08  3.73737010e+00  2.36300000e-08  3.83429543e-01  2.36300000e-08  3.83864950e-01  2.36300000e-08  3.30000000e+00  2.36300000e-08  3.30000000e+00 
 2.36500000e-08  3.73711246e+00  2.36500000e-08  3.73710859e+00  2.36500000e-08  3.76679136e-01  2.36500000e-08  3.77087174e-01  2.36500000e-08  3.30000000e+00  2.36500000e-08  3.30000000e+00 
 2.36700000e-08  3.73685347e+00  2.36700000e-08  3.73684955e+00  2.36700000e-08  3.70044512e-01  2.36700000e-08  3.70428135e-01  2.36700000e-08  3.30000000e+00  2.36700000e-08  3.30000000e+00 
 2.36900000e-08  3.73659688e+00  2.36900000e-08  3.73659292e+00  2.36900000e-08  3.63523441e-01  2.36900000e-08  3.63885081e-01  2.36900000e-08  3.30000000e+00  2.36900000e-08  3.30000000e+00 
 2.37100000e-08  3.73634264e+00  2.37100000e-08  3.73633865e+00  2.37100000e-08  3.57113773e-01  2.37100000e-08  3.57455464e-01  2.37100000e-08  3.30000000e+00  2.37100000e-08  3.30000000e+00 
 2.37300000e-08  3.73609068e+00  2.37300000e-08  3.73608666e+00  2.37300000e-08  3.50813418e-01  2.37300000e-08  3.51136889e-01  2.37300000e-08  3.30000000e+00  2.37300000e-08  3.30000000e+00 
 2.37500000e-08  3.73584096e+00  2.37500000e-08  3.73583692e+00  2.37500000e-08  3.44620365e-01  2.37500000e-08  3.44927106e-01  2.37500000e-08  3.30000000e+00  2.37500000e-08  3.30000000e+00 
 2.37700000e-08  3.73559343e+00  2.37700000e-08  3.73558937e+00  2.37700000e-08  3.38532661e-01  2.37700000e-08  3.38823972e-01  2.37700000e-08  3.30000000e+00  2.37700000e-08  3.30000000e+00 
 2.37900000e-08  3.73534805e+00  2.37900000e-08  3.73534398e+00  2.37900000e-08  3.32548426e-01  2.37900000e-08  3.32825455e-01  2.37900000e-08  3.30000000e+00  2.37900000e-08  3.30000000e+00 
 2.38100000e-08  3.73510476e+00  2.38100000e-08  3.73510068e+00  2.38100000e-08  3.26665829e-01  2.38100000e-08  3.26929598e-01  2.38100000e-08  3.30000000e+00  2.38100000e-08  3.30000000e+00 
 2.38300000e-08  3.73486354e+00  2.38300000e-08  3.73485945e+00  2.38300000e-08  3.20883109e-01  2.38300000e-08  3.21134533e-01  2.38300000e-08  3.30000000e+00  2.38300000e-08  3.30000000e+00 
 2.38500000e-08  3.73462433e+00  2.38500000e-08  3.73462023e+00  2.38500000e-08  3.15198541e-01  2.38500000e-08  3.15438447e-01  2.38500000e-08  3.30000000e+00  2.38500000e-08  3.30000000e+00 
 2.38700000e-08  3.73438711e+00  2.38700000e-08  3.73438301e+00  2.38700000e-08  3.09610461e-01  2.38700000e-08  3.09839601e-01  2.38700000e-08  3.30000000e+00  2.38700000e-08  3.30000000e+00 
 2.38900000e-08  3.73415184e+00  2.38900000e-08  3.73414773e+00  2.38900000e-08  3.04117241e-01  2.38900000e-08  3.04336296e-01  2.38900000e-08  3.30000000e+00  2.38900000e-08  3.30000000e+00 
 2.39100000e-08  3.73391848e+00  2.39100000e-08  3.73391437e+00  2.39100000e-08  2.98717302e-01  2.39100000e-08  2.98926896e-01  2.39100000e-08  3.30000000e+00  2.39100000e-08  3.30000000e+00 
 2.39300000e-08  3.73368699e+00  2.39300000e-08  3.73368288e+00  2.39300000e-08  2.93409093e-01  2.39300000e-08  2.93609799e-01  2.39300000e-08  3.30000000e+00  2.39300000e-08  3.30000000e+00 
 2.39500000e-08  3.73345736e+00  2.39500000e-08  3.73345325e+00  2.39500000e-08  2.88191111e-01  2.39500000e-08  2.88383454e-01  2.39500000e-08  3.30000000e+00  2.39500000e-08  3.30000000e+00 
 2.39700000e-08  3.73322954e+00  2.39700000e-08  3.73322543e+00  2.39700000e-08  2.83061875e-01  2.39700000e-08  2.83246340e-01  2.39700000e-08  3.30000000e+00  2.39700000e-08  3.30000000e+00 
 2.39900000e-08  3.73300351e+00  2.39900000e-08  3.73299940e+00  2.39900000e-08  2.78019945e-01  2.39900000e-08  2.78196979e-01  2.39900000e-08  3.30000000e+00  2.39900000e-08  3.30000000e+00 
 2.40100000e-08  3.73277923e+00  2.40100000e-08  3.73277513e+00  2.40100000e-08  2.73063901e-01  2.40100000e-08  2.73233919e-01  2.40100000e-08  3.30000000e+00  2.40100000e-08  3.30000000e+00 
 2.40300000e-08  3.73255668e+00  2.40300000e-08  3.73255259e+00  2.40300000e-08  2.68192362e-01  2.40300000e-08  2.68355746e-01  2.40300000e-08  3.30000000e+00  2.40300000e-08  3.30000000e+00 
 2.40500000e-08  3.73233584e+00  2.40500000e-08  3.73233175e+00  2.40500000e-08  2.63403961e-01  2.40500000e-08  2.63561067e-01  2.40500000e-08  3.30000000e+00  2.40500000e-08  3.30000000e+00 
 2.40700000e-08  3.73211667e+00  2.40700000e-08  3.73211260e+00  2.40700000e-08  2.58697367e-01  2.40700000e-08  2.58848526e-01  2.40700000e-08  3.30000000e+00  2.40700000e-08  3.30000000e+00 
 2.40900000e-08  3.73189915e+00  2.40900000e-08  3.73189508e+00  2.40900000e-08  2.54071263e-01  2.40900000e-08  2.54216783e-01  2.40900000e-08  3.30000000e+00  2.40900000e-08  3.30000000e+00 
 2.41100000e-08  3.73168326e+00  2.41100000e-08  3.73167920e+00  2.41100000e-08  2.49524365e-01  2.41100000e-08  2.49664533e-01  2.41100000e-08  3.30000000e+00  2.41100000e-08  3.30000000e+00 
 2.41300000e-08  3.73146897e+00  2.41300000e-08  3.73146492e+00  2.41300000e-08  2.45055399e-01  2.41300000e-08  2.45190483e-01  2.41300000e-08  3.30000000e+00  2.41300000e-08  3.30000000e+00 
 2.41500000e-08  3.73125626e+00  2.41500000e-08  3.73125222e+00  2.41500000e-08  2.40663125e-01  2.41500000e-08  2.40793374e-01  2.41500000e-08  3.30000000e+00  2.41500000e-08  3.30000000e+00 
 2.41700000e-08  3.73104510e+00  2.41700000e-08  3.73104106e+00  2.41700000e-08  2.36346311e-01  2.41700000e-08  2.36471959e-01  2.41700000e-08  3.30000000e+00  2.41700000e-08  3.30000000e+00 
 2.41900000e-08  3.73083547e+00  2.41900000e-08  3.73083145e+00  2.41900000e-08  2.32103754e-01  2.41900000e-08  2.32225021e-01  2.41900000e-08  3.30000000e+00  2.41900000e-08  3.30000000e+00 
 2.42100000e-08  3.73062735e+00  2.42100000e-08  3.73062334e+00  2.42100000e-08  2.27934261e-01  2.42100000e-08  2.28051353e-01  2.42100000e-08  3.30000000e+00  2.42100000e-08  3.30000000e+00 
 2.42300000e-08  3.73042072e+00  2.42300000e-08  3.73041672e+00  2.42300000e-08  2.23836667e-01  2.42300000e-08  2.23949777e-01  2.42300000e-08  3.30000000e+00  2.42300000e-08  3.30000000e+00 
 2.42500000e-08  3.73021556e+00  2.42500000e-08  3.73021157e+00  2.42500000e-08  2.19809815e-01  2.42500000e-08  2.19919125e-01  2.42500000e-08  3.30000000e+00  2.42500000e-08  3.30000000e+00 
 2.42700000e-08  3.73001185e+00  2.42700000e-08  3.73000787e+00  2.42700000e-08  2.15852576e-01  2.42700000e-08  2.15958255e-01  2.42700000e-08  3.30000000e+00  2.42700000e-08  3.30000000e+00 
 2.42900000e-08  3.72980955e+00  2.42900000e-08  3.72980559e+00  2.42900000e-08  2.11963826e-01  2.42900000e-08  2.12066036e-01  2.42900000e-08  3.30000000e+00  2.42900000e-08  3.30000000e+00 
 2.43100000e-08  3.72960867e+00  2.43100000e-08  3.72960472e+00  2.43100000e-08  2.08142469e-01  2.43100000e-08  2.08241361e-01  2.43100000e-08  3.30000000e+00  2.43100000e-08  3.30000000e+00 
 2.43300000e-08  3.72940918e+00  2.43300000e-08  3.72940523e+00  2.43300000e-08  2.04387415e-01  2.43300000e-08  2.04483131e-01  2.43300000e-08  3.30000000e+00  2.43300000e-08  3.30000000e+00 
 2.43500000e-08  3.72921105e+00  2.43500000e-08  3.72920712e+00  2.43500000e-08  2.00697599e-01  2.43500000e-08  2.00790274e-01  2.43500000e-08  3.30000000e+00  2.43500000e-08  3.30000000e+00 
 2.43700000e-08  3.72901427e+00  2.43700000e-08  3.72901036e+00  2.43700000e-08  1.97071962e-01  2.43700000e-08  1.97161724e-01  2.43700000e-08  3.30000000e+00  2.43700000e-08  3.30000000e+00 
 2.43900000e-08  3.72881883e+00  2.43900000e-08  3.72881493e+00  2.43900000e-08  1.93509471e-01  2.43900000e-08  1.93596441e-01  2.43900000e-08  3.30000000e+00  2.43900000e-08  3.30000000e+00 
 2.44100000e-08  3.72862470e+00  2.44100000e-08  3.72862081e+00  2.44100000e-08  1.90009097e-01  2.44100000e-08  1.90093388e-01  2.44100000e-08  3.30000000e+00  2.44100000e-08  3.30000000e+00 
 2.44300000e-08  3.72843187e+00  2.44300000e-08  3.72842799e+00  2.44300000e-08  1.86569836e-01  2.44300000e-08  1.86651556e-01  2.44300000e-08  3.30000000e+00  2.44300000e-08  3.30000000e+00 
 2.44500000e-08  3.72824032e+00  2.44500000e-08  3.72823645e+00  2.44500000e-08  1.83190689e-01  2.44500000e-08  1.83269940e-01  2.44500000e-08  3.30000000e+00  2.44500000e-08  3.30000000e+00 
 2.44700000e-08  3.72805003e+00  2.44700000e-08  3.72804618e+00  2.44700000e-08  1.79870680e-01  2.44700000e-08  1.79947561e-01  2.44700000e-08  3.30000000e+00  2.44700000e-08  3.30000000e+00 
 2.44900000e-08  3.72786099e+00  2.44900000e-08  3.72785715e+00  2.44900000e-08  1.76608839e-01  2.44900000e-08  1.76683440e-01  2.44900000e-08  3.30000000e+00  2.44900000e-08  3.30000000e+00 
 2.45100000e-08  3.72767319e+00  2.45100000e-08  3.72766936e+00  2.45100000e-08  1.73404219e-01  2.45100000e-08  1.73476628e-01  2.45100000e-08  3.30000000e+00  2.45100000e-08  3.30000000e+00 
 2.45300000e-08  3.72748659e+00  2.45300000e-08  3.72748278e+00  2.45300000e-08  1.70255875e-01  2.45300000e-08  1.70326175e-01  2.45300000e-08  3.30000000e+00  2.45300000e-08  3.30000000e+00 
 2.45500000e-08  3.72730120e+00  2.45500000e-08  3.72729740e+00  2.45500000e-08  1.67162888e-01  2.45500000e-08  1.67231159e-01  2.45500000e-08  3.30000000e+00  2.45500000e-08  3.30000000e+00 
 2.45700000e-08  3.72711699e+00  2.45700000e-08  3.72711320e+00  2.45700000e-08  1.64124341e-01  2.45700000e-08  1.64190658e-01  2.45700000e-08  3.30000000e+00  2.45700000e-08  3.30000000e+00 
 2.45900000e-08  3.72693395e+00  2.45900000e-08  3.72693018e+00  2.45900000e-08  1.61139342e-01  2.45900000e-08  1.61203776e-01  2.45900000e-08  3.30000000e+00  2.45900000e-08  3.30000000e+00 
 2.46100000e-08  3.72675206e+00  2.46100000e-08  3.72674830e+00  2.46100000e-08  1.58206998e-01  2.46100000e-08  1.58269619e-01  2.46100000e-08  3.30000000e+00  2.46100000e-08  3.30000000e+00 
 2.46300000e-08  3.72657132e+00  2.46300000e-08  3.72656758e+00  2.46300000e-08  1.55326444e-01  2.46300000e-08  1.55387316e-01  2.46300000e-08  3.30000000e+00  2.46300000e-08  3.30000000e+00 
 2.46500000e-08  3.72639171e+00  2.46500000e-08  3.72638797e+00  2.46500000e-08  1.52496813e-01  2.46500000e-08  1.52555998e-01  2.46500000e-08  3.30000000e+00  2.46500000e-08  3.30000000e+00 
 2.46700000e-08  3.72621320e+00  2.46700000e-08  3.72620948e+00  2.46700000e-08  1.49717265e-01  2.46700000e-08  1.49774822e-01  2.46700000e-08  3.30000000e+00  2.46700000e-08  3.30000000e+00 
 2.46900000e-08  3.72603580e+00  2.46900000e-08  3.72603209e+00  2.46900000e-08  1.46986958e-01  2.46900000e-08  1.47042944e-01  2.46900000e-08  3.30000000e+00  2.46900000e-08  3.30000000e+00 
 2.47100000e-08  3.72585948e+00  2.47100000e-08  3.72585579e+00  2.47100000e-08  1.44305075e-01  2.47100000e-08  1.44359545e-01  2.47100000e-08  3.30000000e+00  2.47100000e-08  3.30000000e+00 
 2.47300000e-08  3.72568423e+00  2.47300000e-08  3.72568055e+00  2.47300000e-08  1.41670800e-01  2.47300000e-08  1.41723806e-01  2.47300000e-08  3.30000000e+00  2.47300000e-08  3.30000000e+00 
 2.47500000e-08  3.72551005e+00  2.47500000e-08  3.72550638e+00  2.47500000e-08  1.39083341e-01  2.47500000e-08  1.39134932e-01  2.47500000e-08  3.30000000e+00  2.47500000e-08  3.30000000e+00 
 2.47700000e-08  3.72533691e+00  2.47700000e-08  3.72533326e+00  2.47700000e-08  1.36541906e-01  2.47700000e-08  1.36592128e-01  2.47700000e-08  3.30000000e+00  2.47700000e-08  3.30000000e+00 
 2.47900000e-08  3.72516481e+00  2.47900000e-08  3.72516117e+00  2.47900000e-08  1.34045724e-01  2.47900000e-08  1.34094623e-01  2.47900000e-08  3.30000000e+00  2.47900000e-08  3.30000000e+00 
 2.48100000e-08  3.72499372e+00  2.48100000e-08  3.72499010e+00  2.48100000e-08  1.31594026e-01  2.48100000e-08  1.31641647e-01  2.48100000e-08  3.30000000e+00  2.48100000e-08  3.30000000e+00 
 2.48300000e-08  3.72482365e+00  2.48300000e-08  3.72482004e+00  2.48300000e-08  1.29186068e-01  2.48300000e-08  1.29232451e-01  2.48300000e-08  3.30000000e+00  2.48300000e-08  3.30000000e+00 
 2.48500000e-08  3.72465458e+00  2.48500000e-08  3.72465098e+00  2.48500000e-08  1.26821101e-01  2.48500000e-08  1.26866287e-01  2.48500000e-08  3.30000000e+00  2.48500000e-08  3.30000000e+00 
 2.48700000e-08  3.72448650e+00  2.48700000e-08  3.72448291e+00  2.48700000e-08  1.24498403e-01  2.48700000e-08  1.24542430e-01  2.48700000e-08  3.30000000e+00  2.48700000e-08  3.30000000e+00 
 2.48900000e-08  3.72431938e+00  2.48900000e-08  3.72431581e+00  2.48900000e-08  1.22217250e-01  2.48900000e-08  1.22260154e-01  2.48900000e-08  3.30000000e+00  2.48900000e-08  3.30000000e+00 
 2.49100000e-08  3.72415324e+00  2.49100000e-08  3.72414968e+00  2.49100000e-08  1.19976940e-01  2.49100000e-08  1.20018757e-01  2.49100000e-08  3.30000000e+00  2.49100000e-08  3.30000000e+00 
 2.49300000e-08  3.72398804e+00  2.49300000e-08  3.72398449e+00  2.49300000e-08  1.17776770e-01  2.49300000e-08  1.17817533e-01  2.49300000e-08  3.30000000e+00  2.49300000e-08  3.30000000e+00 
 2.49500000e-08  3.72382379e+00  2.49500000e-08  3.72382025e+00  2.49500000e-08  1.15616060e-01  2.49500000e-08  1.15655803e-01  2.49500000e-08  3.30000000e+00  2.49500000e-08  3.30000000e+00 
 2.49700000e-08  3.72366047e+00  2.49700000e-08  3.72365695e+00  2.49700000e-08  1.13494129e-01  2.49700000e-08  1.13532883e-01  2.49700000e-08  3.30000000e+00  2.49700000e-08  3.30000000e+00 
 2.49900000e-08  3.72349807e+00  2.49900000e-08  3.72349456e+00  2.49900000e-08  1.11410318e-01  2.49900000e-08  1.11448113e-01  2.49900000e-08  3.30000000e+00  2.49900000e-08  3.30000000e+00 
 2.50100000e-08  3.72333658e+00  2.50100000e-08  3.72333308e+00  2.50100000e-08  1.09363967e-01  2.50100000e-08  1.09400832e-01  2.50100000e-08  3.30000000e+00  2.50100000e-08  3.30000000e+00 
 2.50300000e-08  3.72317599e+00  2.50300000e-08  3.72317250e+00  2.50300000e-08  1.07354437e-01  2.50300000e-08  1.07390399e-01  2.50300000e-08  3.30000000e+00  2.50300000e-08  3.30000000e+00 
 2.50500000e-08  3.72301629e+00  2.50500000e-08  3.72301281e+00  2.50500000e-08  1.05381088e-01  2.50500000e-08  1.05416174e-01  2.50500000e-08  3.30000000e+00  2.50500000e-08  3.30000000e+00 
 2.50700000e-08  3.72285747e+00  2.50700000e-08  3.72285401e+00  2.50700000e-08  1.03443300e-01  2.50700000e-08  1.03477537e-01  2.50700000e-08  3.30000000e+00  2.50700000e-08  3.30000000e+00 
 2.50900000e-08  3.72269952e+00  2.50900000e-08  3.72269607e+00  2.50900000e-08  1.01540455e-01  2.50900000e-08  1.01573866e-01  2.50900000e-08  3.30000000e+00  2.50900000e-08  3.30000000e+00 
 2.51100000e-08  3.72254243e+00  2.51100000e-08  3.72253899e+00  2.51100000e-08  9.96719511e-02  2.51100000e-08  9.97045618e-02  2.51100000e-08  3.30000000e+00  2.51100000e-08  3.30000000e+00 
 2.51300000e-08  3.72238619e+00  2.51300000e-08  3.72238277e+00  2.51300000e-08  9.78371891e-02  2.51300000e-08  9.78690220e-02  2.51300000e-08  3.30000000e+00  2.51300000e-08  3.30000000e+00 
 2.51500000e-08  3.72223079e+00  2.51500000e-08  3.72222738e+00  2.51500000e-08  9.60355880e-02  2.51500000e-08  9.60666654e-02  2.51500000e-08  3.30000000e+00  2.51500000e-08  3.30000000e+00 
 2.51700000e-08  3.72207623e+00  2.51700000e-08  3.72207283e+00  2.51700000e-08  9.42665659e-02  2.51700000e-08  9.42969093e-02  2.51700000e-08  3.30000000e+00  2.51700000e-08  3.30000000e+00 
 2.51900000e-08  3.72192249e+00  2.51900000e-08  3.72191911e+00  2.51900000e-08  9.25295607e-02  2.51900000e-08  9.25591908e-02  2.51900000e-08  3.30000000e+00  2.51900000e-08  3.30000000e+00 
 2.52100000e-08  3.72176956e+00  2.52100000e-08  3.72176619e+00  2.52100000e-08  9.08240086e-02  2.52100000e-08  9.08529456e-02  2.52100000e-08  3.30000000e+00  2.52100000e-08  3.30000000e+00 
 2.52300000e-08  3.72161744e+00  2.52300000e-08  3.72161409e+00  2.52300000e-08  8.91493659e-02  2.52300000e-08  8.91776289e-02  2.52300000e-08  3.30000000e+00  2.52300000e-08  3.30000000e+00 
 2.52500000e-08  3.72146612e+00  2.52500000e-08  3.72146277e+00  2.52500000e-08  8.75050866e-02  2.52500000e-08  8.75326944e-02  2.52500000e-08  3.30000000e+00  2.52500000e-08  3.30000000e+00 
 2.52700000e-08  3.72131559e+00  2.52700000e-08  3.72131225e+00  2.52700000e-08  8.58906443e-02  2.52700000e-08  8.59176149e-02  2.52700000e-08  3.30000000e+00  2.52700000e-08  3.30000000e+00 
 2.52900000e-08  3.72116583e+00  2.52900000e-08  3.72116251e+00  2.52900000e-08  8.43055106e-02  2.52900000e-08  8.43318615e-02  2.52900000e-08  3.30000000e+00  2.52900000e-08  3.30000000e+00 
 2.53100000e-08  3.72101686e+00  2.53100000e-08  3.72101355e+00  2.53100000e-08  8.27491763e-02  2.53100000e-08  8.27749242e-02  2.53100000e-08  3.30000000e+00  2.53100000e-08  3.30000000e+00 
 2.53300000e-08  3.72086864e+00  2.53300000e-08  3.72086534e+00  2.53300000e-08  8.12211297e-02  2.53300000e-08  8.12462910e-02  2.53300000e-08  3.30000000e+00  2.53300000e-08  3.30000000e+00 
 2.53500000e-08  3.72072118e+00  2.53500000e-08  3.72071790e+00  2.53500000e-08  7.97208783e-02  2.53500000e-08  7.97454687e-02  2.53500000e-08  3.30000000e+00  2.53500000e-08  3.30000000e+00 
 2.53700000e-08  3.72057447e+00  2.53700000e-08  3.72057120e+00  2.53700000e-08  7.82479270e-02  2.53700000e-08  7.82719618e-02  2.53700000e-08  3.30000000e+00  2.53700000e-08  3.30000000e+00 
 2.53900000e-08  3.72042850e+00  2.53900000e-08  3.72042524e+00  2.53900000e-08  7.68017994e-02  2.53900000e-08  7.68252932e-02  2.53900000e-08  3.30000000e+00  2.53900000e-08  3.30000000e+00 
 2.54100000e-08  3.72028326e+00  2.54100000e-08  3.72028001e+00  2.54100000e-08  7.53820164e-02  2.54100000e-08  7.54049836e-02  2.54100000e-08  3.30000000e+00  2.54100000e-08  3.30000000e+00 
 2.54300000e-08  3.72013875e+00  2.54300000e-08  3.72013551e+00  2.54300000e-08  7.39881174e-02  2.54300000e-08  7.40105718e-02  2.54300000e-08  3.30000000e+00  2.54300000e-08  3.30000000e+00 
 2.54500000e-08  3.71999496e+00  2.54500000e-08  3.71999173e+00  2.54500000e-08  7.26196389e-02  2.54500000e-08  7.26415938e-02  2.54500000e-08  3.30000000e+00  2.54500000e-08  3.30000000e+00 
 2.54700000e-08  3.71985188e+00  2.54700000e-08  3.71984866e+00  2.54700000e-08  7.12761356e-02  2.54700000e-08  7.12976039e-02  2.54700000e-08  3.30000000e+00  2.54700000e-08  3.30000000e+00 
 2.54900000e-08  3.71970950e+00  2.54900000e-08  3.71970629e+00  2.54900000e-08  6.99571589e-02  2.54900000e-08  6.99781534e-02  2.54900000e-08  3.30000000e+00  2.54900000e-08  3.30000000e+00 
 2.55100000e-08  3.71956781e+00  2.55100000e-08  3.71956462e+00  2.55100000e-08  6.86622787e-02  2.55100000e-08  6.86828114e-02  2.55100000e-08  3.30000000e+00  2.55100000e-08  3.30000000e+00 
 2.55300000e-08  3.71942682e+00  2.55300000e-08  3.71942364e+00  2.55300000e-08  6.73910611e-02  2.55300000e-08  6.74111438e-02  2.55300000e-08  3.30000000e+00  2.55300000e-08  3.30000000e+00 
 2.55500000e-08  3.71928651e+00  2.55500000e-08  3.71928334e+00  2.55500000e-08  6.61430903e-02  2.55500000e-08  6.61627344e-02  2.55500000e-08  3.30000000e+00  2.55500000e-08  3.30000000e+00 
 2.55700000e-08  3.71914688e+00  2.55700000e-08  3.71914372e+00  2.55700000e-08  6.49179467e-02  2.55700000e-08  6.49371633e-02  2.55700000e-08  3.30000000e+00  2.55700000e-08  3.30000000e+00 
 2.55900000e-08  3.71900791e+00  2.55900000e-08  3.71900477e+00  2.55900000e-08  6.37152286e-02  2.55900000e-08  6.37340284e-02  2.55900000e-08  3.30000000e+00  2.55900000e-08  3.30000000e+00 
 2.56100000e-08  3.71886961e+00  2.56100000e-08  3.71886648e+00  2.56100000e-08  6.25345302e-02  2.56100000e-08  6.25529237e-02  2.56100000e-08  3.30000000e+00  2.56100000e-08  3.30000000e+00 
 2.56300000e-08  3.71873197e+00  2.56300000e-08  3.71872884e+00  2.56300000e-08  6.13754635e-02  2.56300000e-08  6.13934608e-02  2.56300000e-08  3.30000000e+00  2.56300000e-08  3.30000000e+00 
 2.56500000e-08  3.71859497e+00  2.56500000e-08  3.71859186e+00  2.56500000e-08  6.02376362e-02  2.56500000e-08  6.02552471e-02  2.56500000e-08  3.30000000e+00  2.56500000e-08  3.30000000e+00 
 2.56700000e-08  3.71845862e+00  2.56700000e-08  3.71845552e+00  2.56700000e-08  5.91206733e-02  2.56700000e-08  5.91379073e-02  2.56700000e-08  3.30000000e+00  2.56700000e-08  3.30000000e+00 
 2.56900000e-08  3.71832290e+00  2.56900000e-08  3.71831981e+00  2.56900000e-08  5.80241958e-02  2.56900000e-08  5.80410622e-02  2.56900000e-08  3.30000000e+00  2.56900000e-08  3.30000000e+00 
 2.57100000e-08  3.71818782e+00  2.57100000e-08  3.71818474e+00  2.57100000e-08  5.69478416e-02  2.57100000e-08  5.69643493e-02  2.57100000e-08  3.30000000e+00  2.57100000e-08  3.30000000e+00 
 2.57300000e-08  3.71805336e+00  2.57300000e-08  3.71805029e+00  2.57300000e-08  5.58912440e-02  2.57300000e-08  5.59074019e-02  2.57300000e-08  3.30000000e+00  2.57300000e-08  3.30000000e+00 
 2.57500000e-08  3.71791952e+00  2.57500000e-08  3.71791646e+00  2.57500000e-08  5.48540536e-02  2.57500000e-08  5.48698700e-02  2.57500000e-08  3.30000000e+00  2.57500000e-08  3.30000000e+00 
 2.57700000e-08  3.71778629e+00  2.57700000e-08  3.71778325e+00  2.57700000e-08  5.38359161e-02  2.57700000e-08  5.38513993e-02  2.57700000e-08  3.30000000e+00  2.57700000e-08  3.30000000e+00 
 2.57900000e-08  3.71765368e+00  2.57900000e-08  3.71765064e+00  2.57900000e-08  5.28364939e-02  2.57900000e-08  5.28516518e-02  2.57900000e-08  3.30000000e+00  2.57900000e-08  3.30000000e+00 
 2.58100000e-08  3.71752166e+00  2.58100000e-08  3.71751863e+00  2.58100000e-08  5.18554448e-02  2.58100000e-08  5.18702853e-02  2.58100000e-08  3.30000000e+00  2.58100000e-08  3.30000000e+00 
 2.58300000e-08  3.71739024e+00  2.58300000e-08  3.71738722e+00  2.58300000e-08  5.08924428e-02  2.58300000e-08  5.09069733e-02  2.58300000e-08  3.30000000e+00  2.58300000e-08  3.30000000e+00 
 2.58500000e-08  3.71725941e+00  2.58500000e-08  3.71725640e+00  2.58500000e-08  4.99471572e-02  2.58500000e-08  4.99613852e-02  2.58500000e-08  3.30000000e+00  2.58500000e-08  3.30000000e+00 
 2.58700000e-08  3.71712916e+00  2.58700000e-08  3.71712617e+00  2.58700000e-08  4.90192735e-02  2.58700000e-08  4.90332061e-02  2.58700000e-08  3.30000000e+00  2.58700000e-08  3.30000000e+00 
 2.58900000e-08  3.71699950e+00  2.58900000e-08  3.71699651e+00  2.58900000e-08  4.81084720e-02  2.58900000e-08  4.81221162e-02  2.58900000e-08  3.30000000e+00  2.58900000e-08  3.30000000e+00 
 2.59100000e-08  3.71687041e+00  2.59100000e-08  3.71686743e+00  2.59100000e-08  4.72144494e-02  2.59100000e-08  4.72278118e-02  2.59100000e-08  3.30000000e+00  2.59100000e-08  3.30000000e+00 
 2.59300000e-08  3.71674188e+00  2.59300000e-08  3.71673892e+00  2.59300000e-08  4.63368967e-02  2.59300000e-08  4.63499840e-02  2.59300000e-08  3.30000000e+00  2.59300000e-08  3.30000000e+00 
 2.59500000e-08  3.71661393e+00  2.59500000e-08  3.71661097e+00  2.59500000e-08  4.54755211e-02  2.59500000e-08  4.54883397e-02  2.59500000e-08  3.30000000e+00  2.59500000e-08  3.30000000e+00 
 2.59700000e-08  3.71648653e+00  2.59700000e-08  3.71648358e+00  2.59700000e-08  4.46300244e-02  2.59700000e-08  4.46425805e-02  2.59700000e-08  3.30000000e+00  2.59700000e-08  3.30000000e+00 
 2.59900000e-08  3.71635968e+00  2.59900000e-08  3.71635675e+00  2.59900000e-08  4.38001239e-02  2.59900000e-08  4.38124236e-02  2.59900000e-08  3.30000000e+00  2.59900000e-08  3.30000000e+00 
 2.60100000e-08  3.71623338e+00  2.60100000e-08  3.71623046e+00  2.60100000e-08  4.29855316e-02  2.60100000e-08  4.29975807e-02  2.60100000e-08  3.30000000e+00  2.60100000e-08  3.30000000e+00 
 2.60300000e-08  3.71610763e+00  2.60300000e-08  3.71610472e+00  2.60300000e-08  4.21859748e-02  2.60300000e-08  4.21977791e-02  2.60300000e-08  3.30000000e+00  2.60300000e-08  3.30000000e+00 
 2.60500000e-08  3.71598241e+00  2.60500000e-08  3.71597951e+00  2.60500000e-08  4.14011752e-02  2.60500000e-08  4.14127404e-02  2.60500000e-08  3.30000000e+00  2.60500000e-08  3.30000000e+00 
 2.60700000e-08  3.71585774e+00  2.60700000e-08  3.71585484e+00  2.60700000e-08  4.06308700e-02  2.60700000e-08  4.06422014e-02  2.60700000e-08  3.30000000e+00  2.60700000e-08  3.30000000e+00 
 2.60900000e-08  3.71573358e+00  2.60900000e-08  3.71573070e+00  2.60900000e-08  3.98747903e-02  2.60900000e-08  3.98858932e-02  2.60900000e-08  3.30000000e+00  2.60900000e-08  3.30000000e+00 
 2.61100000e-08  3.71560996e+00  2.61100000e-08  3.71560709e+00  2.61100000e-08  3.91326826e-02  2.61100000e-08  3.91435622e-02  2.61100000e-08  3.30000000e+00  2.61100000e-08  3.30000000e+00 
 2.61300000e-08  3.71548685e+00  2.61300000e-08  3.71548399e+00  2.61300000e-08  3.84042872e-02  2.61300000e-08  3.84149486e-02  2.61300000e-08  3.30000000e+00  2.61300000e-08  3.30000000e+00 
 2.61500000e-08  3.71536426e+00  2.61500000e-08  3.71536141e+00  2.61500000e-08  3.76893598e-02  2.61500000e-08  3.76998077e-02  2.61500000e-08  3.30000000e+00  2.61500000e-08  3.30000000e+00 
 2.61700000e-08  3.71524218e+00  2.61700000e-08  3.71523934e+00  2.61700000e-08  3.69876494e-02  2.61700000e-08  3.69978888e-02  2.61700000e-08  3.30000000e+00  2.61700000e-08  3.30000000e+00 
 2.61900000e-08  3.71512061e+00  2.61900000e-08  3.71511778e+00  2.61900000e-08  3.62989204e-02  2.61900000e-08  3.63089558e-02  2.61900000e-08  3.30000000e+00  2.61900000e-08  3.30000000e+00 
 2.62100000e-08  3.71499954e+00  2.62100000e-08  3.71499672e+00  2.62100000e-08  3.56229307e-02  2.62100000e-08  3.56327668e-02  2.62100000e-08  3.30000000e+00  2.62100000e-08  3.30000000e+00 
 2.62300000e-08  3.71487897e+00  2.62300000e-08  3.71487616e+00  2.62300000e-08  3.49594531e-02  2.62300000e-08  3.49690942e-02  2.62300000e-08  3.30000000e+00  2.62300000e-08  3.30000000e+00 
 2.62500000e-08  3.71475889e+00  2.62500000e-08  3.71475609e+00  2.62500000e-08  3.43082537e-02  2.62500000e-08  3.43177041e-02  2.62500000e-08  3.30000000e+00  2.62500000e-08  3.30000000e+00 
 2.62700000e-08  3.71463930e+00  2.62700000e-08  3.71463651e+00  2.62700000e-08  3.36691134e-02  2.62700000e-08  3.36783774e-02  2.62700000e-08  3.30000000e+00  2.62700000e-08  3.30000000e+00 
 2.62900000e-08  3.71452020e+00  2.62900000e-08  3.71451741e+00  2.62900000e-08  3.30418066e-02  2.62900000e-08  3.30508883e-02  2.62900000e-08  3.30000000e+00  2.62900000e-08  3.30000000e+00 
 2.63100000e-08  3.71440158e+00  2.63100000e-08  3.71439880e+00  2.63100000e-08  3.24261220e-02  2.63100000e-08  3.24350253e-02  2.63100000e-08  3.30000000e+00  2.63100000e-08  3.30000000e+00 
 2.63300000e-08  3.71428343e+00  2.63300000e-08  3.71428067e+00  2.63300000e-08  3.18218417e-02  2.63300000e-08  3.18305706e-02  2.63300000e-08  3.30000000e+00  2.63300000e-08  3.30000000e+00 
 2.63500000e-08  3.71416576e+00  2.63500000e-08  3.71416301e+00  2.63500000e-08  3.12287623e-02  2.63500000e-08  3.12373205e-02  2.63500000e-08  3.30000000e+00  2.63500000e-08  3.30000000e+00 
 2.63700000e-08  3.71404856e+00  2.63700000e-08  3.71404581e+00  2.63700000e-08  3.06466731e-02  2.63700000e-08  3.06550644e-02  2.63700000e-08  3.30000000e+00  2.63700000e-08  3.30000000e+00 
 2.63900000e-08  3.71393183e+00  2.63900000e-08  3.71392909e+00  2.63900000e-08  3.00753783e-02  2.63900000e-08  3.00836062e-02  2.63900000e-08  3.30000000e+00  2.63900000e-08  3.30000000e+00 
 2.64100000e-08  3.71381555e+00  2.64100000e-08  3.71381282e+00  2.64100000e-08  2.95146745e-02  2.64100000e-08  2.95227427e-02  2.64100000e-08  3.30000000e+00  2.64100000e-08  3.30000000e+00 
 2.64300000e-08  3.71369973e+00  2.64300000e-08  3.71369701e+00  2.64300000e-08  2.89643728e-02  2.64300000e-08  2.89722847e-02  2.64300000e-08  3.30000000e+00  2.64300000e-08  3.30000000e+00 
 2.64500000e-08  3.71358437e+00  2.64500000e-08  3.71358166e+00  2.64500000e-08  2.84242771e-02  2.64500000e-08  2.84320361e-02  2.64500000e-08  3.30000000e+00  2.64500000e-08  3.30000000e+00 
 2.64700000e-08  3.71346946e+00  2.64700000e-08  3.71346676e+00  2.64700000e-08  2.78942054e-02  2.64700000e-08  2.79018147e-02  2.64700000e-08  3.30000000e+00  2.64700000e-08  3.30000000e+00 
 2.64900000e-08  3.71335499e+00  2.64900000e-08  3.71335230e+00  2.64900000e-08  2.73739682e-02  2.64900000e-08  2.73814311e-02  2.64900000e-08  3.30000000e+00  2.64900000e-08  3.30000000e+00 
 2.65100000e-08  3.71324097e+00  2.65100000e-08  3.71323829e+00  2.65100000e-08  2.68633903e-02  2.65100000e-08  2.68707097e-02  2.65100000e-08  3.30000000e+00  2.65100000e-08  3.30000000e+00 
 2.65300000e-08  3.71312739e+00  2.65300000e-08  3.71312471e+00  2.65300000e-08  2.63622887e-02  2.65300000e-08  2.63694680e-02  2.65300000e-08  3.30000000e+00  2.65300000e-08  3.30000000e+00 
 2.65500000e-08  3.71301424e+00  2.65500000e-08  3.71301157e+00  2.65500000e-08  2.58704946e-02  2.65500000e-08  2.58775365e-02  2.65500000e-08  3.30000000e+00  2.65500000e-08  3.30000000e+00 
 2.65700000e-08  3.71290152e+00  2.65700000e-08  3.71289887e+00  2.65700000e-08  2.53878315e-02  2.65700000e-08  2.53947391e-02  2.65700000e-08  3.30000000e+00  2.65700000e-08  3.30000000e+00 
 2.65900000e-08  3.71278924e+00  2.65900000e-08  3.71278659e+00  2.65900000e-08  2.49141367e-02  2.65900000e-08  2.49209128e-02  2.65900000e-08  3.30000000e+00  2.65900000e-08  3.30000000e+00 
 2.66100000e-08  3.71267738e+00  2.66100000e-08  3.71267474e+00  2.66100000e-08  2.44492398e-02  2.66100000e-08  2.44558872e-02  2.66100000e-08  3.30000000e+00  2.66100000e-08  3.30000000e+00 
 2.66300000e-08  3.71256594e+00  2.66300000e-08  3.71256331e+00  2.66300000e-08  2.39929842e-02  2.66300000e-08  2.39995056e-02  2.66300000e-08  3.30000000e+00  2.66300000e-08  3.30000000e+00 
 2.66500000e-08  3.71245492e+00  2.66500000e-08  3.71245230e+00  2.66500000e-08  2.35452054e-02  2.66500000e-08  2.35516035e-02  2.66500000e-08  3.30000000e+00  2.66500000e-08  3.30000000e+00 
 2.66700000e-08  3.71234432e+00  2.66700000e-08  3.71234171e+00  2.66700000e-08  2.31057526e-02  2.66700000e-08  2.31120298e-02  2.66700000e-08  3.30000000e+00  2.66700000e-08  3.30000000e+00 
 2.66900000e-08  3.71223413e+00  2.66900000e-08  3.71223153e+00  2.66900000e-08  2.26744670e-02  2.66900000e-08  2.26806260e-02  2.66900000e-08  3.30000000e+00  2.66900000e-08  3.30000000e+00 
 2.67100000e-08  3.71212435e+00  2.67100000e-08  3.71212175e+00  2.67100000e-08  2.22512033e-02  2.67100000e-08  2.22572465e-02  2.67100000e-08  3.30000000e+00  2.67100000e-08  3.30000000e+00 
 2.67300000e-08  3.71201498e+00  2.67300000e-08  3.71201239e+00  2.67300000e-08  2.18358082e-02  2.67300000e-08  2.18417381e-02  2.67300000e-08  3.30000000e+00  2.67300000e-08  3.30000000e+00 
 2.67500000e-08  3.71190601e+00  2.67500000e-08  3.71190343e+00  2.67500000e-08  2.14281420e-02  2.67500000e-08  2.14339609e-02  2.67500000e-08  3.30000000e+00  2.67500000e-08  3.30000000e+00 
 2.67700000e-08  3.71179743e+00  2.67700000e-08  3.71179486e+00  2.67700000e-08  2.10280566e-02  2.67700000e-08  2.10337669e-02  2.67700000e-08  3.30000000e+00  2.67700000e-08  3.30000000e+00 
 2.67900000e-08  3.71168926e+00  2.67900000e-08  3.71168670e+00  2.67900000e-08  2.06354176e-02  2.67900000e-08  2.06410214e-02  2.67900000e-08  3.30000000e+00  2.67900000e-08  3.30000000e+00 
 2.68100000e-08  3.71158148e+00  2.68100000e-08  3.71157892e+00  2.68100000e-08  2.02500820e-02  2.68100000e-08  2.02555817e-02  2.68100000e-08  3.30000000e+00  2.68100000e-08  3.30000000e+00 
 2.68300000e-08  3.71147409e+00  2.68300000e-08  3.71147154e+00  2.68300000e-08  1.98719203e-02  2.68300000e-08  1.98773179e-02  2.68300000e-08  3.30000000e+00  2.68300000e-08  3.30000000e+00 
 2.68500000e-08  3.71136709e+00  2.68500000e-08  3.71136455e+00  2.68500000e-08  1.95007946e-02  2.68500000e-08  1.95060923e-02  2.68500000e-08  3.30000000e+00  2.68500000e-08  3.30000000e+00 
 2.68700000e-08  3.71126047e+00  2.68700000e-08  3.71125794e+00  2.68700000e-08  1.91365803e-02  2.68700000e-08  1.91417800e-02  2.68700000e-08  3.30000000e+00  2.68700000e-08  3.30000000e+00 
 2.68900000e-08  3.71115424e+00  2.68900000e-08  3.71115171e+00  2.68900000e-08  1.87791442e-02  2.68900000e-08  1.87842481e-02  2.68900000e-08  3.30000000e+00  2.68900000e-08  3.30000000e+00 
 2.69100000e-08  3.71104838e+00  2.69100000e-08  3.71104587e+00  2.69100000e-08  1.84283663e-02  2.69100000e-08  1.84333763e-02  2.69100000e-08  3.30000000e+00  2.69100000e-08  3.30000000e+00 
 2.69300000e-08  3.71094290e+00  2.69300000e-08  3.71094039e+00  2.69300000e-08  1.80841182e-02  2.69300000e-08  1.80890363e-02  2.69300000e-08  3.30000000e+00  2.69300000e-08  3.30000000e+00 
 2.69500000e-08  3.71083780e+00  2.69500000e-08  3.71083530e+00  2.69500000e-08  1.77462844e-02  2.69500000e-08  1.77511124e-02  2.69500000e-08  3.30000000e+00  2.69500000e-08  3.30000000e+00 
 2.69700000e-08  3.71073306e+00  2.69700000e-08  3.71073057e+00  2.69700000e-08  1.74147409e-02  2.69700000e-08  1.74194807e-02  2.69700000e-08  3.30000000e+00  2.69700000e-08  3.30000000e+00 
 2.69900000e-08  3.71062870e+00  2.69900000e-08  3.71062621e+00  2.69900000e-08  1.70893765e-02  2.69900000e-08  1.70940299e-02  2.69900000e-08  3.30000000e+00  2.69900000e-08  3.30000000e+00 
 2.70100000e-08  3.71052470e+00  2.70100000e-08  3.71052222e+00  2.70100000e-08  1.67700716e-02  2.70100000e-08  1.67746404e-02  2.70100000e-08  3.30000000e+00  2.70100000e-08  3.30000000e+00 
 2.70300000e-08  3.71042106e+00  2.70300000e-08  3.71041859e+00  2.70300000e-08  1.64567193e-02  2.70300000e-08  1.64612050e-02  2.70300000e-08  3.30000000e+00  2.70300000e-08  3.30000000e+00 
 2.70500000e-08  3.71031778e+00  2.70500000e-08  3.71031532e+00  2.70500000e-08  1.61492039e-02  2.70500000e-08  1.61536085e-02  2.70500000e-08  3.30000000e+00  2.70500000e-08  3.30000000e+00 
 2.70700000e-08  3.71021486e+00  2.70700000e-08  3.71021241e+00  2.70700000e-08  1.58474228e-02  2.70700000e-08  1.58517477e-02  2.70700000e-08  3.30000000e+00  2.70700000e-08  3.30000000e+00 
 2.70900000e-08  3.71011230e+00  2.70900000e-08  3.71010985e+00  2.70900000e-08  1.55512642e-02  2.70900000e-08  1.55555111e-02  2.70900000e-08  3.30000000e+00  2.70900000e-08  3.30000000e+00 
 2.71100000e-08  3.71001009e+00  2.71100000e-08  3.71000765e+00  2.71100000e-08  1.52606293e-02  2.71100000e-08  1.52647998e-02  2.71100000e-08  3.30000000e+00  2.71100000e-08  3.30000000e+00 
 2.71300000e-08  3.70990823e+00  2.71300000e-08  3.70990579e+00  2.71300000e-08  1.49754104e-02  2.71300000e-08  1.49795061e-02  2.71300000e-08  3.30000000e+00  2.71300000e-08  3.30000000e+00 
 2.71500000e-08  3.70980671e+00  2.71500000e-08  3.70980429e+00  2.71500000e-08  1.46955124e-02  2.71500000e-08  1.46995346e-02  2.71500000e-08  3.30000000e+00  2.71500000e-08  3.30000000e+00 
 2.71700000e-08  3.70970554e+00  2.71700000e-08  3.70970313e+00  2.71700000e-08  1.44208312e-02  2.71700000e-08  1.44247816e-02  2.71700000e-08  3.30000000e+00  2.71700000e-08  3.30000000e+00 
 2.71900000e-08  3.70960472e+00  2.71900000e-08  3.70960231e+00  2.71900000e-08  1.41512754e-02  2.71900000e-08  1.41551554e-02  2.71900000e-08  3.30000000e+00  2.71900000e-08  3.30000000e+00 
 2.72100000e-08  3.70950423e+00  2.72100000e-08  3.70950183e+00  2.72100000e-08  1.38867447e-02  2.72100000e-08  1.38905557e-02  2.72100000e-08  3.30000000e+00  2.72100000e-08  3.30000000e+00 
 2.72300000e-08  3.70940408e+00  2.72300000e-08  3.70940169e+00  2.72300000e-08  1.36271510e-02  2.72300000e-08  1.36308943e-02  2.72300000e-08  3.30000000e+00  2.72300000e-08  3.30000000e+00 
 2.72500000e-08  3.70930427e+00  2.72500000e-08  3.70930188e+00  2.72500000e-08  1.33723973e-02  2.72500000e-08  1.33760745e-02  2.72500000e-08  3.30000000e+00  2.72500000e-08  3.30000000e+00 
 2.72700000e-08  3.70920479e+00  2.72700000e-08  3.70920241e+00  2.72700000e-08  1.31223993e-02  2.72700000e-08  1.31260114e-02  2.72700000e-08  3.30000000e+00  2.72700000e-08  3.30000000e+00 
 2.72900000e-08  3.70910564e+00  2.72900000e-08  3.70910327e+00  2.72900000e-08  1.28770632e-02  2.72900000e-08  1.28806117e-02  2.72900000e-08  3.30000000e+00  2.72900000e-08  3.30000000e+00 
 2.73100000e-08  3.70900682e+00  2.73100000e-08  3.70900446e+00  2.73100000e-08  1.26363078e-02  2.73100000e-08  1.26397939e-02  2.73100000e-08  3.30000000e+00  2.73100000e-08  3.30000000e+00 
 2.73300000e-08  3.70890833e+00  2.73300000e-08  3.70890597e+00  2.73300000e-08  1.24000426e-02  2.73300000e-08  1.24034677e-02  2.73300000e-08  3.30000000e+00  2.73300000e-08  3.30000000e+00 
 2.73500000e-08  3.70881016e+00  2.73500000e-08  3.70880781e+00  2.73500000e-08  1.21681897e-02  2.73500000e-08  1.21715548e-02  2.73500000e-08  3.30000000e+00  2.73500000e-08  3.30000000e+00 
 2.73700000e-08  3.70871231e+00  2.73700000e-08  3.70870997e+00  2.73700000e-08  1.19406616e-02  2.73700000e-08  1.19439681e-02  2.73700000e-08  3.30000000e+00  2.73700000e-08  3.30000000e+00 
 2.73900000e-08  3.70861479e+00  2.73900000e-08  3.70861245e+00  2.73900000e-08  1.17173833e-02  2.73900000e-08  1.17206322e-02  2.73900000e-08  3.30000000e+00  2.73900000e-08  3.30000000e+00 
 2.74100000e-08  3.70851758e+00  2.74100000e-08  3.70851525e+00  2.74100000e-08  1.14982706e-02  2.74100000e-08  1.15014631e-02  2.74100000e-08  3.30000000e+00  2.74100000e-08  3.30000000e+00 
 2.74300000e-08  3.70842068e+00  2.74300000e-08  3.70841836e+00  2.74300000e-08  1.12832512e-02  2.74300000e-08  1.12863884e-02  2.74300000e-08  3.30000000e+00  2.74300000e-08  3.30000000e+00 
 2.74500000e-08  3.70832410e+00  2.74500000e-08  3.70832179e+00  2.74500000e-08  1.10722438e-02  2.74500000e-08  1.10753268e-02  2.74500000e-08  3.30000000e+00  2.74500000e-08  3.30000000e+00 
 2.74700000e-08  3.70822783e+00  2.74700000e-08  3.70822553e+00  2.74700000e-08  1.08651790e-02  2.74700000e-08  1.08682089e-02  2.74700000e-08  3.30000000e+00  2.74700000e-08  3.30000000e+00 
 2.74900000e-08  3.70813187e+00  2.74900000e-08  3.70812957e+00  2.74900000e-08  1.06619783e-02  2.74900000e-08  1.06649562e-02  2.74900000e-08  3.30000000e+00  2.74900000e-08  3.30000000e+00 
 2.75100000e-08  3.70803622e+00  2.75100000e-08  3.70803393e+00  2.75100000e-08  1.04625750e-02  2.75100000e-08  1.04655019e-02  2.75100000e-08  3.30000000e+00  2.75100000e-08  3.30000000e+00 
 2.75300000e-08  3.70794087e+00  2.75300000e-08  3.70793858e+00  2.75300000e-08  1.02668932e-02  2.75300000e-08  1.02697701e-02  2.75300000e-08  3.30000000e+00  2.75300000e-08  3.30000000e+00 
 2.75500000e-08  3.70784583e+00  2.75500000e-08  3.70784355e+00  2.75500000e-08  1.00748690e-02  2.75500000e-08  1.00776968e-02  2.75500000e-08  3.30000000e+00  2.75500000e-08  3.30000000e+00 
 2.75700000e-08  3.70775108e+00  2.75700000e-08  3.70774881e+00  2.75700000e-08  9.88642890e-03  2.75700000e-08  9.88920874e-03  2.75700000e-08  3.30000000e+00  2.75700000e-08  3.30000000e+00 
 2.75900000e-08  3.70765664e+00  2.75900000e-08  3.70765437e+00  2.75900000e-08  9.70151165e-03  2.75900000e-08  9.70424432e-03  2.75900000e-08  3.30000000e+00  2.75900000e-08  3.30000000e+00 
 2.76100000e-08  3.70756249e+00  2.76100000e-08  3.70756023e+00  2.76100000e-08  9.52004624e-03  2.76100000e-08  9.52273280e-03  2.76100000e-08  3.30000000e+00  2.76100000e-08  3.30000000e+00 
 2.76300000e-08  3.70746864e+00  2.76300000e-08  3.70746639e+00  2.76300000e-08  9.34197381e-03  2.76300000e-08  9.34461503e-03  2.76300000e-08  3.30000000e+00  2.76300000e-08  3.30000000e+00 
 2.76500000e-08  3.70737508e+00  2.76500000e-08  3.70737283e+00  2.76500000e-08  9.16722579e-03  2.76500000e-08  9.16982270e-03  2.76500000e-08  3.30000000e+00  2.76500000e-08  3.30000000e+00 
 2.76700000e-08  3.70728181e+00  2.76700000e-08  3.70727957e+00  2.76700000e-08  8.99574566e-03  2.76700000e-08  8.99829900e-03  2.76700000e-08  3.30000000e+00  2.76700000e-08  3.30000000e+00 
 2.76900000e-08  3.70718883e+00  2.76900000e-08  3.70718660e+00  2.76900000e-08  8.82746718e-03  2.76900000e-08  8.82997792e-03  2.76900000e-08  3.30000000e+00  2.76900000e-08  3.30000000e+00 
 2.77100000e-08  3.70709614e+00  2.77100000e-08  3.70709392e+00  2.77100000e-08  8.66233607e-03  2.77100000e-08  8.66480494e-03  2.77100000e-08  3.30000000e+00  2.77100000e-08  3.30000000e+00 
 2.77300000e-08  3.70700374e+00  2.77300000e-08  3.70700152e+00  2.77300000e-08  8.50028834e-03  2.77300000e-08  8.50271627e-03  2.77300000e-08  3.30000000e+00  2.77300000e-08  3.30000000e+00 
 2.77500000e-08  3.70691162e+00  2.77500000e-08  3.70690941e+00  2.77500000e-08  8.34127191e-03  2.77500000e-08  8.34365959e-03  2.77500000e-08  3.30000000e+00  2.77500000e-08  3.30000000e+00 
 2.77700000e-08  3.70681978e+00  2.77700000e-08  3.70681758e+00  2.77700000e-08  8.18522493e-03  2.77700000e-08  8.18757326e-03  2.77700000e-08  3.30000000e+00  2.77700000e-08  3.30000000e+00 
 2.77900000e-08  3.70672823e+00  2.77900000e-08  3.70672603e+00  2.77900000e-08  8.03209742e-03  2.77900000e-08  8.03440705e-03  2.77900000e-08  3.30000000e+00  2.77900000e-08  3.30000000e+00 
 2.78100000e-08  3.70663695e+00  2.78100000e-08  3.70663475e+00  2.78100000e-08  7.88182961e-03  2.78100000e-08  7.88410142e-03  2.78100000e-08  3.30000000e+00  2.78100000e-08  3.30000000e+00 
 2.78300000e-08  3.70654595e+00  2.78300000e-08  3.70654376e+00  2.78300000e-08  7.73437356e-03  2.78300000e-08  7.73660816e-03  2.78300000e-08  3.30000000e+00  2.78300000e-08  3.30000000e+00 
 2.78500000e-08  3.70645522e+00  2.78500000e-08  3.70645304e+00  2.78500000e-08  7.58967147e-03  2.78500000e-08  7.59186973e-03  2.78500000e-08  3.30000000e+00  2.78500000e-08  3.30000000e+00 
 2.78700000e-08  3.70636477e+00  2.78700000e-08  3.70636259e+00  2.78700000e-08  7.44767740e-03  2.78700000e-08  7.44983988e-03  2.78700000e-08  3.30000000e+00  2.78700000e-08  3.30000000e+00 
 2.78900000e-08  3.70627459e+00  2.78900000e-08  3.70627242e+00  2.78900000e-08  7.30833545e-03  2.78900000e-08  7.31046298e-03  2.78900000e-08  3.30000000e+00  2.78900000e-08  3.30000000e+00 
 2.79100000e-08  3.70618468e+00  2.79100000e-08  3.70618252e+00  2.79100000e-08  7.17160156e-03  2.79100000e-08  7.17369470e-03  2.79100000e-08  3.30000000e+00  2.79100000e-08  3.30000000e+00 
 2.79300000e-08  3.70609504e+00  2.79300000e-08  3.70609288e+00  2.79300000e-08  7.03742170e-03  2.79300000e-08  7.03948124e-03  2.79300000e-08  3.30000000e+00  2.79300000e-08  3.30000000e+00 
 2.79500000e-08  3.70600566e+00  2.79500000e-08  3.70600351e+00  2.79500000e-08  6.90575363e-03  2.79500000e-08  6.90778010e-03  2.79500000e-08  3.30000000e+00  2.79500000e-08  3.30000000e+00 
 2.79700000e-08  3.70591655e+00  2.79700000e-08  3.70591441e+00  2.79700000e-08  6.77654510e-03  2.79700000e-08  6.77853927e-03  2.79700000e-08  3.30000000e+00  2.79700000e-08  3.30000000e+00 
 2.79900000e-08  3.70582771e+00  2.79900000e-08  3.70582557e+00  2.79900000e-08  6.64975561e-03  2.79900000e-08  6.65171798e-03  2.79900000e-08  3.30000000e+00  2.79900000e-08  3.30000000e+00 
 2.80100000e-08  3.70573912e+00  2.80100000e-08  3.70573699e+00  2.80100000e-08  6.52533466e-03  2.80100000e-08  6.52726597e-03  2.80100000e-08  3.30000000e+00  2.80100000e-08  3.30000000e+00 
 2.80300000e-08  3.70565080e+00  2.80300000e-08  3.70564868e+00  2.80300000e-08  6.40324343e-03  2.80300000e-08  6.40514416e-03  2.80300000e-08  3.30000000e+00  2.80300000e-08  3.30000000e+00 
 2.80500000e-08  3.70556274e+00  2.80500000e-08  3.70556062e+00  2.80500000e-08  6.28343307e-03  2.80500000e-08  6.28530394e-03  2.80500000e-08  3.30000000e+00  2.80500000e-08  3.30000000e+00 
 2.80700000e-08  3.70547493e+00  2.80700000e-08  3.70547282e+00  2.80700000e-08  6.16586639e-03  2.80700000e-08  6.16770785e-03  2.80700000e-08  3.30000000e+00  2.80700000e-08  3.30000000e+00 
 2.80900000e-08  3.70538738e+00  2.80900000e-08  3.70538527e+00  2.80900000e-08  6.05049614e-03  2.80900000e-08  6.05230889e-03  2.80900000e-08  3.30000000e+00  2.80900000e-08  3.30000000e+00 
 2.81100000e-08  3.70530008e+00  2.81100000e-08  3.70529798e+00  2.81100000e-08  5.93728670e-03  2.81100000e-08  5.93907117e-03  2.81100000e-08  3.30000000e+00  2.81100000e-08  3.30000000e+00 
 2.81300000e-08  3.70521304e+00  2.81300000e-08  3.70521094e+00  2.81300000e-08  5.82619236e-03  2.81300000e-08  5.82794922e-03  2.81300000e-08  3.30000000e+00  2.81300000e-08  3.30000000e+00 
 2.81500000e-08  3.70512625e+00  2.81500000e-08  3.70512416e+00  2.81500000e-08  5.71717902e-03  2.81500000e-08  5.71890867e-03  2.81500000e-08  3.30000000e+00  2.81500000e-08  3.30000000e+00 
 2.81700000e-08  3.70503970e+00  2.81700000e-08  3.70503762e+00  2.81700000e-08  5.61020244e-03  2.81700000e-08  5.61190554e-03  2.81700000e-08  3.30000000e+00  2.81700000e-08  3.30000000e+00 
 2.81900000e-08  3.70495341e+00  2.81900000e-08  3.70495134e+00  2.81900000e-08  5.50522998e-03  2.81900000e-08  5.50690691e-03  2.81900000e-08  3.30000000e+00  2.81900000e-08  3.30000000e+00 
 2.82100000e-08  3.70486736e+00  2.82100000e-08  3.70486529e+00  2.82100000e-08  5.40221883e-03  2.82100000e-08  5.40387023e-03  2.82100000e-08  3.30000000e+00  2.82100000e-08  3.30000000e+00 
 2.82300000e-08  3.70478156e+00  2.82300000e-08  3.70477950e+00  2.82300000e-08  5.30113775e-03  2.82300000e-08  5.30276399e-03  2.82300000e-08  3.30000000e+00  2.82300000e-08  3.30000000e+00 
 2.82500000e-08  3.70469600e+00  2.82500000e-08  3.70469394e+00  2.82500000e-08  5.20194532e-03  2.82500000e-08  5.20354700e-03  2.82500000e-08  3.30000000e+00  2.82500000e-08  3.30000000e+00 
 2.82700000e-08  3.70461069e+00  2.82700000e-08  3.70460864e+00  2.82700000e-08  5.10461164e-03  2.82700000e-08  5.10618912e-03  2.82700000e-08  3.30000000e+00  2.82700000e-08  3.30000000e+00 
 2.82900000e-08  3.70452561e+00  2.82900000e-08  3.70452357e+00  2.82900000e-08  5.00909662e-03  2.82900000e-08  5.01065048e-03  2.82900000e-08  3.30000000e+00  2.82900000e-08  3.30000000e+00 
 2.83100000e-08  3.70444078e+00  2.83100000e-08  3.70443874e+00  2.83100000e-08  4.91537167e-03  2.83100000e-08  4.91690224e-03  2.83100000e-08  3.30000000e+00  2.83100000e-08  3.30000000e+00 
 2.83300000e-08  3.70435618e+00  2.83300000e-08  3.70435415e+00  2.83300000e-08  4.82339796e-03  2.83300000e-08  4.82490582e-03  2.83300000e-08  3.30000000e+00  2.83300000e-08  3.30000000e+00 
 2.83500000e-08  3.70427183e+00  2.83500000e-08  3.70426980e+00  2.83500000e-08  4.73314816e-03  2.83500000e-08  4.73463362e-03  2.83500000e-08  3.30000000e+00  2.83500000e-08  3.30000000e+00 
 2.83700000e-08  3.70418770e+00  2.83700000e-08  3.70418568e+00  2.83700000e-08  4.64458469e-03  2.83700000e-08  4.64604830e-03  2.83700000e-08  3.30000000e+00  2.83700000e-08  3.30000000e+00 
 2.83850000e-08  3.70412477e+00  2.83850000e-08  3.70412275e+00  2.83850000e-08  4.57925473e-03  2.83850000e-08  4.58070213e-03  2.83850000e-08  3.30000000e+00  2.83850000e-08  3.30000000e+00 
 2.84000000e-08  3.70406196e+00  2.84000000e-08  3.70405994e+00  2.84000000e-08  4.51484126e-03  2.84000000e-08  4.51627279e-03  2.84000000e-08  3.30000000e+00  2.84000000e-08  3.30000000e+00 
 2.84020000e-08  3.69052921e+00  2.84020000e-08  3.69052745e+00  2.84020000e-08  4.44611064e-03  2.84020000e-08  4.44750770e-03  2.84020000e-08  3.30000000e+00  2.84020000e-08  3.23400000e+00 
 2.84060000e-08  3.65979061e+00  2.84060000e-08  3.65978933e+00  2.84060000e-08  4.31038919e-03  2.84060000e-08  4.31170911e-03  2.84060000e-08  3.30000000e+00  2.84060000e-08  3.10200000e+00 
 2.84140000e-08  3.58624681e+00  2.84140000e-08  3.58624617e+00  2.84140000e-08  4.07115045e-03  2.84140000e-08  4.07189988e-03  2.84140000e-08  3.30000000e+00  2.84140000e-08  2.83800000e+00 
 2.84300000e-08  3.39416631e+00  2.84300000e-08  3.39416661e+00  2.84300000e-08  3.61820183e-03  2.84300000e-08  3.61750126e-03  2.84300000e-08  3.30000000e+00  2.84300000e-08  2.31000000e+00 
 2.84500000e-08  3.18452844e+00  2.84500000e-08  3.18452997e+00  2.84500000e-08  3.19036639e-03  2.84500000e-08  3.18845842e-03  2.84500000e-08  3.30000000e+00  2.84500000e-08  1.65000000e+00 
 2.84700000e-08  3.12910610e+00  2.84700000e-08  3.12910755e+00  2.84700000e-08  3.04843185e-03  2.84700000e-08  3.04655789e-03  2.84700000e-08  3.30000000e+00  2.84700000e-08  9.90000000e-01 
 2.84850000e-08  3.14828715e+00  2.84850000e-08  3.14828806e+00  2.84850000e-08  2.99132888e-03  2.84850000e-08  2.99010877e-03  2.84850000e-08  3.30000000e+00  2.84850000e-08  4.95000000e-01 
 2.85000000e-08  3.17150088e+00  2.85000000e-08  3.17150132e+00  2.85000000e-08  2.98486478e-03  2.85000000e-08  2.98441063e-03  2.85000000e-08  3.30000000e+00  2.85000000e-08  0.00000000e+00 
 2.85020000e-08  3.19385971e+00  2.85020000e-08  3.19386010e+00  2.85020000e-08  3.05469309e-03  2.85020000e-08  3.05439942e-03  2.85020000e-08  3.30000000e+00  2.85020000e-08  0.00000000e+00 
 2.85060000e-08  3.23083194e+00  2.85060000e-08  3.23083225e+00  2.85060000e-08  3.15876816e-03  2.85060000e-08  3.15884034e-03  2.85060000e-08  3.30000000e+00  2.85060000e-08  0.00000000e+00 
 2.85140000e-08  3.27211777e+00  2.85140000e-08  3.27211796e+00  2.85140000e-08  3.23030821e-03  2.85140000e-08  3.23112943e-03  2.85140000e-08  3.30000000e+00  2.85140000e-08  0.00000000e+00 
 2.85300000e-08  3.29798186e+00  2.85300000e-08  3.29798192e+00  2.85300000e-08  3.19384810e-03  2.85300000e-08  3.19546908e-03  2.85300000e-08  3.30000000e+00  2.85300000e-08  0.00000000e+00 
 2.85500000e-08  3.30021645e+00  2.85500000e-08  3.30021646e+00  2.85500000e-08  3.10811146e-03  2.85500000e-08  3.10973018e-03  2.85500000e-08  3.30000000e+00  2.85500000e-08  0.00000000e+00 
 2.85700000e-08  3.30001298e+00  2.85700000e-08  3.30001298e+00  2.85700000e-08  3.04546821e-03  2.85700000e-08  3.04682147e-03  2.85700000e-08  3.30000000e+00  2.85700000e-08  0.00000000e+00 
 2.85900000e-08  3.30000360e+00  2.85900000e-08  3.30000360e+00  2.85900000e-08  2.98791202e-03  2.85900000e-08  2.98909927e-03  2.85900000e-08  3.30000000e+00  2.85900000e-08  0.00000000e+00 
 2.86100000e-08  3.30000048e+00  2.86100000e-08  3.30000048e+00  2.86100000e-08  2.93194136e-03  2.86100000e-08  2.93304218e-03  2.86100000e-08  3.30000000e+00  2.86100000e-08  0.00000000e+00 
 2.86300000e-08  3.30000007e+00  2.86300000e-08  3.30000007e+00  2.86300000e-08  2.87709739e-03  2.86300000e-08  2.87815200e-03  2.86300000e-08  3.30000000e+00  2.86300000e-08  0.00000000e+00 
 2.86500000e-08  3.30000002e+00  2.86500000e-08  3.30000002e+00  2.86500000e-08  2.82328649e-03  2.86500000e-08  2.82431348e-03  2.86500000e-08  3.30000000e+00  2.86500000e-08  0.00000000e+00 
 2.86700000e-08  3.29999999e+00  2.86700000e-08  3.29999999e+00  2.86700000e-08  2.77048208e-03  2.86700000e-08  2.77148983e-03  2.86700000e-08  3.30000000e+00  2.86700000e-08  0.00000000e+00 
 2.86900000e-08  3.30000000e+00  2.86900000e-08  3.30000000e+00  2.86900000e-08  2.71866548e-03  2.86900000e-08  2.71965780e-03  2.86900000e-08  3.30000000e+00  2.86900000e-08  0.00000000e+00 
 2.87100000e-08  3.29999999e+00  2.87100000e-08  3.29999999e+00  2.87100000e-08  2.66781884e-03  2.87100000e-08  2.66879752e-03  2.87100000e-08  3.30000000e+00  2.87100000e-08  0.00000000e+00 
 2.87300000e-08  3.30000000e+00  2.87300000e-08  3.30000000e+00  2.87300000e-08  2.61792440e-03  2.87300000e-08  2.61889036e-03  2.87300000e-08  3.30000000e+00  2.87300000e-08  0.00000000e+00 
 2.87500000e-08  3.29999999e+00  2.87500000e-08  3.29999999e+00  2.87500000e-08  2.56896449e-03  2.87500000e-08  2.56991825e-03  2.87500000e-08  3.30000000e+00  2.87500000e-08  0.00000000e+00 
 2.87700000e-08  3.30000000e+00  2.87700000e-08  3.30000000e+00  2.87700000e-08  2.52092172e-03  2.87700000e-08  2.52186365e-03  2.87700000e-08  3.30000000e+00  2.87700000e-08  0.00000000e+00 
 2.87900000e-08  3.29999999e+00  2.87900000e-08  3.29999999e+00  2.87900000e-08  2.47377893e-03  2.87900000e-08  2.47470931e-03  2.87900000e-08  3.30000000e+00  2.87900000e-08  0.00000000e+00 
 2.88100000e-08  3.30000000e+00  2.88100000e-08  3.30000000e+00  2.88100000e-08  2.42751933e-03  2.88100000e-08  2.42843839e-03  2.88100000e-08  3.30000000e+00  2.88100000e-08  0.00000000e+00 
 2.88300000e-08  3.29999999e+00  2.88300000e-08  3.29999999e+00  2.88300000e-08  2.38212635e-03  2.88300000e-08  2.38303433e-03  2.88300000e-08  3.30000000e+00  2.88300000e-08  0.00000000e+00 
 2.88500000e-08  3.30000000e+00  2.88500000e-08  3.30000000e+00  2.88500000e-08  2.33758382e-03  2.88500000e-08  2.33848092e-03  2.88500000e-08  3.30000000e+00  2.88500000e-08  0.00000000e+00 
 2.88700000e-08  3.29999999e+00  2.88700000e-08  3.29999999e+00  2.88700000e-08  2.29387578e-03  2.88700000e-08  2.29476222e-03  2.88700000e-08  3.30000000e+00  2.88700000e-08  0.00000000e+00 
 2.88900000e-08  3.30000000e+00  2.88900000e-08  3.30000000e+00  2.88900000e-08  2.25098663e-03  2.88900000e-08  2.25186261e-03  2.88900000e-08  3.30000000e+00  2.88900000e-08  0.00000000e+00 
 2.89100000e-08  3.29999999e+00  2.89100000e-08  3.29999999e+00  2.89100000e-08  2.20890103e-03  2.89100000e-08  2.20976675e-03  2.89100000e-08  3.30000000e+00  2.89100000e-08  0.00000000e+00 
 2.89300000e-08  3.30000000e+00  2.89300000e-08  3.30000000e+00  2.89300000e-08  2.16760395e-03  2.89300000e-08  2.16845961e-03  2.89300000e-08  3.30000000e+00  2.89300000e-08  0.00000000e+00 
 2.89500000e-08  3.29999999e+00  2.89500000e-08  3.29999999e+00  2.89500000e-08  2.12708061e-03  2.89500000e-08  2.12792639e-03  2.89500000e-08  3.30000000e+00  2.89500000e-08  0.00000000e+00 
 2.89700000e-08  3.30000000e+00  2.89700000e-08  3.30000000e+00  2.89700000e-08  2.08731655e-03  2.89700000e-08  2.08815264e-03  2.89700000e-08  3.30000000e+00  2.89700000e-08  0.00000000e+00 
 2.89900000e-08  3.29999999e+00  2.89900000e-08  3.29999999e+00  2.89900000e-08  2.04829752e-03  2.89900000e-08  2.04912411e-03  2.89900000e-08  3.30000000e+00  2.89900000e-08  0.00000000e+00 
 2.90100000e-08  3.30000000e+00  2.90100000e-08  3.30000000e+00  2.90100000e-08  2.01000960e-03  2.90100000e-08  2.01082687e-03  2.90100000e-08  3.30000000e+00  2.90100000e-08  0.00000000e+00 
 2.90300000e-08  3.29999999e+00  2.90300000e-08  3.29999999e+00  2.90300000e-08  1.97243908e-03  2.90300000e-08  1.97324721e-03  2.90300000e-08  3.30000000e+00  2.90300000e-08  0.00000000e+00 
 2.90500000e-08  3.30000000e+00  2.90500000e-08  3.30000000e+00  2.90500000e-08  1.93557255e-03  2.90500000e-08  1.93637170e-03  2.90500000e-08  3.30000000e+00  2.90500000e-08  0.00000000e+00 
 2.90700000e-08  3.29999999e+00  2.90700000e-08  3.29999999e+00  2.90700000e-08  1.89939680e-03  2.90700000e-08  1.90018715e-03  2.90700000e-08  3.30000000e+00  2.90700000e-08  0.00000000e+00 
 2.90900000e-08  3.30000000e+00  2.90900000e-08  3.30000000e+00  2.90900000e-08  1.86389892e-03  2.90900000e-08  1.86468064e-03  2.90900000e-08  3.30000000e+00  2.90900000e-08  0.00000000e+00 
 2.91100000e-08  3.29999999e+00  2.91100000e-08  3.29999999e+00  2.91100000e-08  1.82906620e-03  2.91100000e-08  1.82983945e-03  2.91100000e-08  3.30000000e+00  2.91100000e-08  0.00000000e+00 
 2.91300000e-08  3.30000000e+00  2.91300000e-08  3.30000000e+00  2.91300000e-08  1.79488620e-03  2.91300000e-08  1.79565114e-03  2.91300000e-08  3.30000000e+00  2.91300000e-08  0.00000000e+00 
 2.91500000e-08  3.29999999e+00  2.91500000e-08  3.29999999e+00  2.91500000e-08  1.76134667e-03  2.91500000e-08  1.76210346e-03  2.91500000e-08  3.30000000e+00  2.91500000e-08  0.00000000e+00 
 2.91700000e-08  3.30000000e+00  2.91700000e-08  3.30000000e+00  2.91700000e-08  1.72843566e-03  2.91700000e-08  1.72918444e-03  2.91700000e-08  3.30000000e+00  2.91700000e-08  0.00000000e+00 
 2.91900000e-08  3.29999999e+00  2.91900000e-08  3.29999999e+00  2.91900000e-08  1.69614135e-03  2.91900000e-08  1.69688229e-03  2.91900000e-08  3.30000000e+00  2.91900000e-08  0.00000000e+00 
 2.92100000e-08  3.30000000e+00  2.92100000e-08  3.30000000e+00  2.92100000e-08  1.66445222e-03  2.92100000e-08  1.66518547e-03  2.92100000e-08  3.30000000e+00  2.92100000e-08  0.00000000e+00 
 2.92300000e-08  3.29999999e+00  2.92300000e-08  3.29999999e+00  2.92300000e-08  1.63335692e-03  2.92300000e-08  1.63408262e-03  2.92300000e-08  3.30000000e+00  2.92300000e-08  0.00000000e+00 
 2.92500000e-08  3.30000000e+00  2.92500000e-08  3.30000000e+00  2.92500000e-08  1.60284436e-03  2.92500000e-08  1.60356264e-03  2.92500000e-08  3.30000000e+00  2.92500000e-08  0.00000000e+00 
 2.92700000e-08  3.29999999e+00  2.92700000e-08  3.29999999e+00  2.92700000e-08  1.57290358e-03  2.92700000e-08  1.57361459e-03  2.92700000e-08  3.30000000e+00  2.92700000e-08  0.00000000e+00 
 2.92900000e-08  3.30000000e+00  2.92900000e-08  3.30000000e+00  2.92900000e-08  1.54352391e-03  2.92900000e-08  1.54422779e-03  2.92900000e-08  3.30000000e+00  2.92900000e-08  0.00000000e+00 
 2.93100000e-08  3.29999999e+00  2.93100000e-08  3.29999999e+00  2.93100000e-08  1.51469481e-03  2.93100000e-08  1.51539170e-03  2.93100000e-08  3.30000000e+00  2.93100000e-08  0.00000000e+00 
 2.93300000e-08  3.30000000e+00  2.93300000e-08  3.30000000e+00  2.93300000e-08  1.48640600e-03  2.93300000e-08  1.48709602e-03  2.93300000e-08  3.30000000e+00  2.93300000e-08  0.00000000e+00 
 2.93500000e-08  3.29999999e+00  2.93500000e-08  3.29999999e+00  2.93500000e-08  1.45864732e-03  2.93500000e-08  1.45933061e-03  2.93500000e-08  3.30000000e+00  2.93500000e-08  0.00000000e+00 
 2.93700000e-08  3.30000000e+00  2.93700000e-08  3.30000000e+00  2.93700000e-08  1.43140888e-03  2.93700000e-08  1.43208557e-03  2.93700000e-08  3.30000000e+00  2.93700000e-08  0.00000000e+00 
 2.93900000e-08  3.29999999e+00  2.93900000e-08  3.29999999e+00  2.93900000e-08  1.40468091e-03  2.93900000e-08  1.40535111e-03  2.93900000e-08  3.30000000e+00  2.93900000e-08  0.00000000e+00 
 2.94100000e-08  3.30000000e+00  2.94100000e-08  3.30000000e+00  2.94100000e-08  1.37845386e-03  2.94100000e-08  1.37911771e-03  2.94100000e-08  3.30000000e+00  2.94100000e-08  0.00000000e+00 
 2.94300000e-08  3.29999999e+00  2.94300000e-08  3.29999999e+00  2.94300000e-08  1.35271833e-03  2.94300000e-08  1.35337594e-03  2.94300000e-08  3.30000000e+00  2.94300000e-08  0.00000000e+00 
 2.94500000e-08  3.30000000e+00  2.94500000e-08  3.30000000e+00  2.94500000e-08  1.32746514e-03  2.94500000e-08  1.32811663e-03  2.94500000e-08  3.30000000e+00  2.94500000e-08  0.00000000e+00 
 2.94700000e-08  3.29999999e+00  2.94700000e-08  3.29999999e+00  2.94700000e-08  1.30268523e-03  2.94700000e-08  1.30333071e-03  2.94700000e-08  3.30000000e+00  2.94700000e-08  0.00000000e+00 
 2.94900000e-08  3.30000000e+00  2.94900000e-08  3.30000000e+00  2.94900000e-08  1.27836975e-03  2.94900000e-08  1.27900934e-03  2.94900000e-08  3.30000000e+00  2.94900000e-08  0.00000000e+00 
 2.95100000e-08  3.29999999e+00  2.95100000e-08  3.29999999e+00  2.95100000e-08  1.25450998e-03  2.95100000e-08  1.25514379e-03  2.95100000e-08  3.30000000e+00  2.95100000e-08  0.00000000e+00 
 2.95300000e-08  3.30000000e+00  2.95300000e-08  3.30000000e+00  2.95300000e-08  1.23109741e-03  2.95300000e-08  1.23172555e-03  2.95300000e-08  3.30000000e+00  2.95300000e-08  0.00000000e+00 
 2.95500000e-08  3.29999999e+00  2.95500000e-08  3.29999999e+00  2.95500000e-08  1.20812363e-03  2.95500000e-08  1.20874621e-03  2.95500000e-08  3.30000000e+00  2.95500000e-08  0.00000000e+00 
 2.95700000e-08  3.30000000e+00  2.95700000e-08  3.30000000e+00  2.95700000e-08  1.18558046e-03  2.95700000e-08  1.18619758e-03  2.95700000e-08  3.30000000e+00  2.95700000e-08  0.00000000e+00 
 2.95900000e-08  3.29999999e+00  2.95900000e-08  3.29999999e+00  2.95900000e-08  1.16345979e-03  2.95900000e-08  1.16407156e-03  2.95900000e-08  3.30000000e+00  2.95900000e-08  0.00000000e+00 
 2.96100000e-08  3.30000000e+00  2.96100000e-08  3.30000000e+00  2.96100000e-08  1.14175374e-03  2.96100000e-08  1.14236025e-03  2.96100000e-08  3.30000000e+00  2.96100000e-08  0.00000000e+00 
 2.96300000e-08  3.29999999e+00  2.96300000e-08  3.29999999e+00  2.96300000e-08  1.12045451e-03  2.96300000e-08  1.12105587e-03  2.96300000e-08  3.30000000e+00  2.96300000e-08  0.00000000e+00 
 2.96500000e-08  3.30000000e+00  2.96500000e-08  3.30000000e+00  2.96500000e-08  1.09955450e-03  2.96500000e-08  1.10015081e-03  2.96500000e-08  3.30000000e+00  2.96500000e-08  0.00000000e+00 
 2.96700000e-08  3.29999999e+00  2.96700000e-08  3.29999999e+00  2.96700000e-08  1.07904622e-03  2.96700000e-08  1.07963757e-03  2.96700000e-08  3.30000000e+00  2.96700000e-08  0.00000000e+00 
 2.96900000e-08  3.30000000e+00  2.96900000e-08  3.30000000e+00  2.96900000e-08  1.05892235e-03  2.96900000e-08  1.05950883e-03  2.96900000e-08  3.30000000e+00  2.96900000e-08  0.00000000e+00 
 2.97100000e-08  3.29999999e+00  2.97100000e-08  3.29999999e+00  2.97100000e-08  1.03917566e-03  2.97100000e-08  1.03975736e-03  2.97100000e-08  3.30000000e+00  2.97100000e-08  0.00000000e+00 
 2.97300000e-08  3.30000000e+00  2.97300000e-08  3.30000000e+00  2.97300000e-08  1.01979910e-03  2.97300000e-08  1.02037612e-03  2.97300000e-08  3.30000000e+00  2.97300000e-08  0.00000000e+00 
 2.97500000e-08  3.29999999e+00  2.97500000e-08  3.29999999e+00  2.97500000e-08  1.00078572e-03  2.97500000e-08  1.00135814e-03  2.97500000e-08  3.30000000e+00  2.97500000e-08  0.00000000e+00 
 2.97700000e-08  3.30000000e+00  2.97700000e-08  3.30000000e+00  2.97700000e-08  9.82128743e-04  2.97700000e-08  9.82696652e-04  2.97700000e-08  3.30000000e+00  2.97700000e-08  0.00000000e+00 
 2.97900000e-08  3.29999999e+00  2.97900000e-08  3.29999999e+00  2.97900000e-08  9.63821456e-04  2.97900000e-08  9.64384940e-04  2.97900000e-08  3.30000000e+00  2.97900000e-08  0.00000000e+00 
 2.98100000e-08  3.30000000e+00  2.98100000e-08  3.30000000e+00  2.98100000e-08  9.45857339e-04  2.98100000e-08  9.46416482e-04  2.98100000e-08  3.30000000e+00  2.98100000e-08  0.00000000e+00 
 2.98300000e-08  3.29999999e+00  2.98300000e-08  3.29999999e+00  2.98300000e-08  9.28229930e-04  2.98300000e-08  9.28784814e-04  2.98300000e-08  3.30000000e+00  2.98300000e-08  0.00000000e+00 
 2.98500000e-08  3.30000000e+00  2.98500000e-08  3.30000000e+00  2.98500000e-08  9.10932953e-04  2.98500000e-08  9.11483658e-04  2.98500000e-08  3.30000000e+00  2.98500000e-08  0.00000000e+00 
 2.98700000e-08  3.29999999e+00  2.98700000e-08  3.29999999e+00  2.98700000e-08  8.93960183e-04  2.98700000e-08  8.94506788e-04  2.98700000e-08  3.30000000e+00  2.98700000e-08  0.00000000e+00 
 2.98900000e-08  3.30000000e+00  2.98900000e-08  3.30000000e+00  2.98900000e-08  8.77305577e-04  2.98900000e-08  8.77848159e-04  2.98900000e-08  3.30000000e+00  2.98900000e-08  0.00000000e+00 
 2.99100000e-08  3.29999999e+00  2.99100000e-08  3.29999999e+00  2.99100000e-08  8.60963141e-04  2.99100000e-08  8.61501777e-04  2.99100000e-08  3.30000000e+00  2.99100000e-08  0.00000000e+00 
 2.99300000e-08  3.30000000e+00  2.99300000e-08  3.30000000e+00  2.99300000e-08  8.44927057e-04  2.99300000e-08  8.45461821e-04  2.99300000e-08  3.30000000e+00  2.99300000e-08  0.00000000e+00 
 2.99500000e-08  3.29999999e+00  2.99500000e-08  3.29999999e+00  2.99500000e-08  8.29191553e-04  2.99500000e-08  8.29722518e-04  2.99500000e-08  3.30000000e+00  2.99500000e-08  0.00000000e+00 
 2.99700000e-08  3.30000000e+00  2.99700000e-08  3.30000000e+00  2.99700000e-08  8.13751028e-04  2.99700000e-08  8.14278265e-04  2.99700000e-08  3.30000000e+00  2.99700000e-08  0.00000000e+00 
 2.99900000e-08  3.29999999e+00  2.99900000e-08  3.29999999e+00  2.99900000e-08  7.98599921e-04  2.99900000e-08  7.99123502e-04  2.99900000e-08  3.30000000e+00  2.99900000e-08  0.00000000e+00 
 3.00100000e-08  3.30000000e+00  3.00100000e-08  3.30000000e+00  3.00100000e-08  7.83732843e-04  3.00100000e-08  7.84252835e-04  3.00100000e-08  3.30000000e+00  3.00100000e-08  0.00000000e+00 
 3.00300000e-08  3.29999999e+00  3.00300000e-08  3.29999999e+00  3.00300000e-08  7.69144436e-04  3.00300000e-08  7.69660908e-04  3.00300000e-08  3.30000000e+00  3.00300000e-08  0.00000000e+00 
 3.00500000e-08  3.30000000e+00  3.00500000e-08  3.30000000e+00  3.00500000e-08  7.54829512e-04  3.00500000e-08  7.55342530e-04  3.00500000e-08  3.30000000e+00  3.00500000e-08  0.00000000e+00 
 3.00700000e-08  3.29999999e+00  3.00700000e-08  3.29999999e+00  3.00700000e-08  7.40782912e-04  3.00700000e-08  7.41292541e-04  3.00700000e-08  3.30000000e+00  3.00700000e-08  0.00000000e+00 
 3.00850000e-08  3.30000000e+00  3.00850000e-08  3.30000000e+00  3.00850000e-08  7.30421182e-04  3.00850000e-08  7.30928311e-04  3.00850000e-08  3.30000000e+00  3.00850000e-08  0.00000000e+00 
 3.01000000e-08  3.29999999e+00  3.01000000e-08  3.29999999e+00  3.01000000e-08  7.20205455e-04  3.01000000e-08  7.20710120e-04  3.01000000e-08  3.30000000e+00  3.01000000e-08  0.00000000e+00 
 3.01020000e-08  3.29999989e+00  3.01020000e-08  3.29999989e+00  3.01020000e-08  6.50875468e-04  3.01020000e-08  6.51514806e-04  3.01020000e-08  3.23400000e+00  3.01020000e-08  0.00000000e+00 
 3.01060000e-08  3.29999967e+00  3.01060000e-08  3.29999967e+00  3.01060000e-08  4.67445812e-04  3.01060000e-08  4.68539094e-04  3.01060000e-08  3.10200000e+00  3.01060000e-08  0.00000000e+00 
 3.01140000e-08  3.29999928e+00  3.01140000e-08  3.29999928e+00  3.01140000e-08 -1.48187253e-04  3.01140000e-08 -1.45719599e-04  3.01140000e-08  2.83800000e+00  3.01140000e-08  0.00000000e+00 
 3.01300000e-08  3.29999887e+00  3.01300000e-08  3.29999887e+00  3.01300000e-08 -2.26014841e-03  3.01300000e-08 -2.25658242e-03  3.01300000e-08  2.31000000e+00  3.01300000e-08  0.00000000e+00 
 3.01500000e-08  3.30000293e+00  3.01500000e-08  3.30000294e+00  3.01500000e-08  1.70782080e-05  3.01500000e-08  3.02085448e-05  3.01500000e-08  1.65000000e+00  3.01500000e-08  0.00000000e+00 
 3.01700000e-08  3.30000638e+00  3.01700000e-08  3.30000640e+00  3.01700000e-08  1.14669934e-02  3.01700000e-08  1.15181271e-02  3.01700000e-08  9.90000000e-01  3.01700000e-08  0.00000000e+00 
 3.01850000e-08  3.30000672e+00  3.01850000e-08  3.30000674e+00  3.01850000e-08  2.63073027e-02  3.01850000e-08  2.64086674e-02  3.01850000e-08  4.95000000e-01  3.01850000e-08  0.00000000e+00 
 3.02000000e-08  3.30000722e+00  3.02000000e-08  3.30000724e+00  3.02000000e-08  4.69508388e-02  3.02000000e-08  4.71177803e-02  3.02000000e-08  7.94919686e-14  3.02000000e-08  0.00000000e+00 
 3.02020000e-08  3.30000772e+00  3.02020000e-08  3.30000774e+00  3.02020000e-08  5.04560582e-02  3.02020000e-08  5.06332933e-02  3.02020000e-08  0.00000000e+00  3.02020000e-08  0.00000000e+00 
 3.02060000e-08  3.30000757e+00  3.02060000e-08  3.30000759e+00  3.02060000e-08  5.72017916e-02  3.02060000e-08  5.73999892e-02  3.02060000e-08  0.00000000e+00  3.02060000e-08  0.00000000e+00 
 3.02140000e-08  3.30000432e+00  3.02140000e-08  3.30000433e+00  3.02140000e-08  6.95994790e-02  3.02140000e-08  6.98390168e-02  3.02140000e-08  0.00000000e+00  3.02140000e-08  0.00000000e+00 
 3.02300000e-08  3.29999979e+00  3.02300000e-08  3.29999979e+00  3.02300000e-08  9.26838100e-02  3.02300000e-08  9.29943395e-02  3.02300000e-08  0.00000000e+00  3.02300000e-08  0.00000000e+00 
 3.02500000e-08  3.29999952e+00  3.02500000e-08  3.29999951e+00  3.02500000e-08  1.20845658e-01  3.02500000e-08  1.21223534e-01  3.02500000e-08  0.00000000e+00  3.02500000e-08  0.00000000e+00 
 3.02700000e-08  3.30000012e+00  3.02700000e-08  3.30000011e+00  3.02700000e-08  1.49165055e-01  3.02700000e-08  1.49597330e-01  3.02700000e-08  0.00000000e+00  3.02700000e-08  0.00000000e+00 
 3.02900000e-08  3.30000025e+00  3.02900000e-08  3.30000025e+00  3.02900000e-08  1.77701751e-01  3.02900000e-08  1.78185666e-01  3.02900000e-08  0.00000000e+00  3.02900000e-08  0.00000000e+00 
 3.03100000e-08  3.30000030e+00  3.03100000e-08  3.30000030e+00  3.03100000e-08  2.06462769e-01  3.03100000e-08  2.07001007e-01  3.03100000e-08  0.00000000e+00  3.03100000e-08  0.00000000e+00 
 3.03300000e-08  3.30000035e+00  3.03300000e-08  3.30000036e+00  3.03300000e-08  2.35462085e-01  3.03300000e-08  2.36060705e-01  3.03300000e-08  0.00000000e+00  3.03300000e-08  0.00000000e+00 
 3.03500000e-08  3.30000043e+00  3.03500000e-08  3.30000044e+00  3.03500000e-08  2.64718682e-01  3.03500000e-08  2.65386442e-01  3.03500000e-08  0.00000000e+00  3.03500000e-08  0.00000000e+00 
 3.03700000e-08  3.30000052e+00  3.03700000e-08  3.30000053e+00  3.03700000e-08  2.94257621e-01  3.03700000e-08  2.95006019e-01  3.03700000e-08  0.00000000e+00  3.03700000e-08  0.00000000e+00 
 3.03900000e-08  3.30000065e+00  3.03900000e-08  3.30000067e+00  3.03900000e-08  3.24111880e-01  3.03900000e-08  3.24955676e-01  3.03900000e-08  0.00000000e+00  3.03900000e-08  0.00000000e+00 
 3.04100000e-08  3.30000082e+00  3.04100000e-08  3.30000085e+00  3.04100000e-08  3.54325158e-01  3.04100000e-08  3.55283359e-01  3.04100000e-08  0.00000000e+00  3.04100000e-08  0.00000000e+00 
 3.04300000e-08  3.30000105e+00  3.04300000e-08  3.30000108e+00  3.04300000e-08  3.84956221e-01  3.04300000e-08  3.86053674e-01  3.04300000e-08  0.00000000e+00  3.04300000e-08  0.00000000e+00 
 3.04500000e-08  3.30000134e+00  3.04500000e-08  3.30000140e+00  3.04500000e-08  4.16085738e-01  3.04500000e-08  4.17355707e-01  3.04500000e-08  0.00000000e+00  3.04500000e-08  0.00000000e+00 
 3.04700000e-08  3.30000173e+00  3.04700000e-08  3.30000181e+00  3.04700000e-08  4.47827566e-01  3.04700000e-08  4.49316039e-01  3.04700000e-08  0.00000000e+00  3.04700000e-08  0.00000000e+00 
 3.04900000e-08  3.30000221e+00  3.04900000e-08  3.30000233e+00  3.04900000e-08  4.80348257e-01  3.04900000e-08  4.82121619e-01  3.04900000e-08  0.00000000e+00  3.04900000e-08  0.00000000e+00 
 3.05100000e-08  3.30000281e+00  3.05100000e-08  3.30000301e+00  3.05100000e-08  5.13903077e-01  3.05100000e-08  5.16062864e-01  3.05100000e-08  0.00000000e+00  3.05100000e-08  0.00000000e+00 
 3.05300000e-08  3.30000355e+00  3.05300000e-08  3.30000391e+00  3.05300000e-08  5.48907633e-01  3.05300000e-08  5.51621604e-01  3.05300000e-08  0.00000000e+00  3.05300000e-08  0.00000000e+00 
 3.05500000e-08  3.30000457e+00  3.05500000e-08  3.30000524e+00  3.05500000e-08  5.86101400e-01  3.05500000e-08  5.89678400e-01  3.05500000e-08  0.00000000e+00  3.05500000e-08  0.00000000e+00 
 3.05700000e-08  3.30000623e+00  3.05700000e-08  3.30000765e+00  3.05700000e-08  6.26917366e-01  3.05700000e-08  6.31986457e-01  3.05700000e-08  0.00000000e+00  3.05700000e-08  0.00000000e+00 
 3.05900000e-08  3.30000960e+00  3.05900000e-08  3.30001282e+00  3.05900000e-08  6.74377841e-01  3.05900000e-08  6.82228503e-01  3.05900000e-08  0.00000000e+00  3.05900000e-08  0.00000000e+00 
 3.06100000e-08  3.30001646e+00  3.06100000e-08  3.30002199e+00  3.06100000e-08  7.34363009e-01  3.06100000e-08  7.46697317e-01  3.06100000e-08  0.00000000e+00  3.06100000e-08  0.00000000e+00 
 3.06300000e-08  3.30002339e+00  3.06300000e-08  3.30002637e+00  3.06300000e-08  8.13325284e-01  3.06300000e-08  8.30434247e-01  3.06300000e-08  0.00000000e+00  3.06300000e-08  0.00000000e+00 
 3.06500000e-08  3.30001676e+00  3.06500000e-08  3.30001249e+00  3.06500000e-08  9.11925415e-01  3.06500000e-08  9.33074372e-01  3.06500000e-08  0.00000000e+00  3.06500000e-08  0.00000000e+00 
 3.06700000e-08  3.29999530e+00  3.06700000e-08  3.29998352e+00  3.06700000e-08  1.02641960e+00  3.06700000e-08  1.05084417e+00  3.06700000e-08  0.00000000e+00  3.06700000e-08  0.00000000e+00 
 3.06900000e-08  3.29997109e+00  3.06900000e-08  3.29995341e+00  3.06900000e-08  1.15275667e+00  3.06900000e-08  1.17997610e+00  3.06900000e-08  0.00000000e+00  3.06900000e-08  0.00000000e+00 
 3.07100000e-08  3.29995202e+00  3.07100000e-08  3.29993161e+00  3.07100000e-08  1.28808359e+00  3.07100000e-08  1.31774778e+00  3.07100000e-08  0.00000000e+00  3.07100000e-08  0.00000000e+00 
 3.07300000e-08  3.29994202e+00  3.07300000e-08  3.29992271e+00  3.07300000e-08  1.43013733e+00  3.07300000e-08  1.46192820e+00  3.07300000e-08  0.00000000e+00  3.07300000e-08  0.00000000e+00 
 3.07500000e-08  3.29993896e+00  3.07500000e-08  3.29991800e+00  3.07500000e-08  1.57688052e+00  3.07500000e-08  1.61049597e+00  3.07500000e-08  0.00000000e+00  3.07500000e-08  0.00000000e+00 
 3.07700000e-08  3.29994002e+00  3.07700000e-08  3.29992167e+00  3.07700000e-08  1.72645089e+00  3.07700000e-08  1.76159816e+00  3.07700000e-08  0.00000000e+00  3.07700000e-08  0.00000000e+00 
 3.07900000e-08  3.29994580e+00  3.07900000e-08  3.29992928e+00  3.07900000e-08  1.87675901e+00  3.07900000e-08  1.91292594e+00  3.07900000e-08  0.00000000e+00  3.07900000e-08  0.00000000e+00 
 3.08100000e-08  3.29995280e+00  3.08100000e-08  3.29993897e+00  3.08100000e-08  2.02493191e+00  3.08100000e-08  2.06145181e+00  3.08100000e-08  0.00000000e+00  3.08100000e-08  0.00000000e+00 
 3.08300000e-08  3.29996097e+00  3.08300000e-08  3.29995149e+00  3.08300000e-08  2.16807887e+00  3.08300000e-08  2.20434521e+00  3.08300000e-08  0.00000000e+00  3.08300000e-08  0.00000000e+00 
 3.08500000e-08  3.29997049e+00  3.08500000e-08  3.29996574e+00  3.08500000e-08  2.30385339e+00  3.08500000e-08  2.33935216e+00  3.08500000e-08  0.00000000e+00  3.08500000e-08  0.00000000e+00 
 3.08700000e-08  3.29998040e+00  3.08700000e-08  3.29997998e+00  3.08700000e-08  2.43048207e+00  3.08700000e-08  2.46478623e+00  3.08700000e-08  0.00000000e+00  3.08700000e-08  0.00000000e+00 
 3.08900000e-08  3.29998975e+00  3.08900000e-08  3.29999304e+00  3.08900000e-08  2.54673761e+00  3.08900000e-08  2.57950719e+00  3.08900000e-08  0.00000000e+00  3.08900000e-08  0.00000000e+00 
 3.09100000e-08  3.29999793e+00  3.09100000e-08  3.30000438e+00  3.09100000e-08  2.65191697e+00  3.09100000e-08  2.68289994e+00  3.09100000e-08  0.00000000e+00  3.09100000e-08  0.00000000e+00 
 3.09300000e-08  3.30000493e+00  3.09300000e-08  3.30001357e+00  3.09300000e-08  2.74579705e+00  3.09300000e-08  2.77482644e+00  3.09300000e-08  0.00000000e+00  3.09300000e-08  0.00000000e+00 
 3.09500000e-08  3.30001030e+00  3.09500000e-08  3.30002027e+00  3.09500000e-08  2.82856354e+00  3.09500000e-08  2.85555015e+00  3.09500000e-08  0.00000000e+00  3.09500000e-08  0.00000000e+00 
 3.09700000e-08  3.30001421e+00  3.09700000e-08  3.30002492e+00  3.09700000e-08  2.90072623e+00  3.09700000e-08  2.92564799e+00  3.09700000e-08  0.00000000e+00  3.09700000e-08  0.00000000e+00 
 3.09900000e-08  3.30001688e+00  3.09900000e-08  3.30002776e+00  3.09900000e-08  2.96302695e+00  3.09900000e-08  2.98591637e+00  3.09900000e-08  0.00000000e+00  3.09900000e-08  0.00000000e+00 
 3.10100000e-08  3.30001848e+00  3.10100000e-08  3.30002910e+00  3.10100000e-08  3.01635205e+00  3.10100000e-08  3.03728318e+00  3.10100000e-08  0.00000000e+00  3.10100000e-08  0.00000000e+00 
 3.10300000e-08  3.30001921e+00  3.10300000e-08  3.30002928e+00  3.10300000e-08  3.06165653e+00  3.10300000e-08  3.08073273e+00  3.10300000e-08  0.00000000e+00  3.10300000e-08  0.00000000e+00 
 3.10500000e-08  3.30001929e+00  3.10500000e-08  3.30002859e+00  3.10500000e-08  3.09990388e+00  3.10500000e-08  3.11724703e+00  3.10500000e-08  0.00000000e+00  3.10500000e-08  0.00000000e+00 
 3.10700000e-08  3.30001888e+00  3.10700000e-08  3.30002732e+00  3.10700000e-08  3.13202207e+00  3.10700000e-08  3.14776384e+00  3.10700000e-08  0.00000000e+00  3.10700000e-08  0.00000000e+00 
 3.10900000e-08  3.30001814e+00  3.10900000e-08  3.30002568e+00  3.10900000e-08  3.15887485e+00  3.10900000e-08  3.17314984e+00  3.10900000e-08  0.00000000e+00  3.10900000e-08  0.00000000e+00 
 3.11100000e-08  3.30001718e+00  3.11100000e-08  3.30002384e+00  3.11100000e-08  3.18124516e+00  3.11100000e-08  3.19418609e+00  3.11100000e-08  0.00000000e+00  3.11100000e-08  0.00000000e+00 
 3.11300000e-08  3.30001610e+00  3.11300000e-08  3.30002192e+00  3.11300000e-08  3.19982842e+00  3.11300000e-08  3.21156270e+00  3.11300000e-08  0.00000000e+00  3.11300000e-08  0.00000000e+00 
 3.11500000e-08  3.30001495e+00  3.11500000e-08  3.30002000e+00  3.11500000e-08  3.21523221e+00  3.11500000e-08  3.22587988e+00  3.11500000e-08  0.00000000e+00  3.11500000e-08  0.00000000e+00 
 3.11700000e-08  3.30001379e+00  3.11700000e-08  3.30001815e+00  3.11700000e-08  3.22798063e+00  3.11700000e-08  3.23765312e+00  3.11700000e-08  0.00000000e+00  3.11700000e-08  0.00000000e+00 
 3.11900000e-08  3.30001266e+00  3.11900000e-08  3.30001639e+00  3.11900000e-08  3.23852092e+00  3.11900000e-08  3.24732058e+00  3.11900000e-08  0.00000000e+00  3.11900000e-08  0.00000000e+00 
 3.12100000e-08  3.30001156e+00  3.12100000e-08  3.30001474e+00  3.12100000e-08  3.24723158e+00  3.12100000e-08  3.25525157e+00  3.12100000e-08  0.00000000e+00  3.12100000e-08  0.00000000e+00 
 3.12300000e-08  3.30001052e+00  3.12300000e-08  3.30001323e+00  3.12300000e-08  3.25443063e+00  3.12300000e-08  3.26175522e+00  3.12300000e-08  0.00000000e+00  3.12300000e-08  0.00000000e+00 
 3.12500000e-08  3.30000954e+00  3.12500000e-08  3.30001184e+00  3.12500000e-08  3.26038382e+00  3.12500000e-08  3.26708877e+00  3.12500000e-08  0.00000000e+00  3.12500000e-08  0.00000000e+00 
 3.12700000e-08  3.30000864e+00  3.12700000e-08  3.30001059e+00  3.12700000e-08  3.26531208e+00  3.12700000e-08  3.27146525e+00  3.12700000e-08  0.00000000e+00  3.12700000e-08  0.00000000e+00 
 3.12900000e-08  3.30000781e+00  3.12900000e-08  3.30000946e+00  3.12900000e-08  3.26939844e+00  3.12900000e-08  3.27506034e+00  3.12900000e-08  0.00000000e+00  3.12900000e-08  0.00000000e+00 
 3.13100000e-08  3.30000705e+00  3.13100000e-08  3.30000845e+00  3.13100000e-08  3.27279398e+00  3.13100000e-08  3.27801845e+00  3.13100000e-08  0.00000000e+00  3.13100000e-08  0.00000000e+00 
 3.13300000e-08  3.30000636e+00  3.13300000e-08  3.30000754e+00  3.13300000e-08  3.27562312e+00  3.13300000e-08  3.28045791e+00  3.13300000e-08  0.00000000e+00  3.13300000e-08  0.00000000e+00 
 3.13500000e-08  3.30000574e+00  3.13500000e-08  3.30000674e+00  3.13500000e-08  3.27798801e+00  3.13500000e-08  3.28247543e+00  3.13500000e-08  0.00000000e+00  3.13500000e-08  0.00000000e+00 
 3.13700000e-08  3.30000517e+00  3.13700000e-08  3.30000602e+00  3.13700000e-08  3.27997248e+00  3.13700000e-08  3.28414988e+00  3.13700000e-08  0.00000000e+00  3.13700000e-08  0.00000000e+00 
 3.13900000e-08  3.30000466e+00  3.13900000e-08  3.30000538e+00  3.13900000e-08  3.28164507e+00  3.13900000e-08  3.28554549e+00  3.13900000e-08  0.00000000e+00  3.13900000e-08  0.00000000e+00 
 3.14100000e-08  3.30000421e+00  3.14100000e-08  3.30000482e+00  3.14100000e-08  3.28306192e+00  3.14100000e-08  3.28671442e+00  3.14100000e-08  0.00000000e+00  3.14100000e-08  0.00000000e+00 
 3.14300000e-08  3.30000380e+00  3.14300000e-08  3.30000432e+00  3.14300000e-08  3.28426879e+00  3.14300000e-08  3.28769903e+00  3.14300000e-08  0.00000000e+00  3.14300000e-08  0.00000000e+00 
 3.14500000e-08  3.30000343e+00  3.14500000e-08  3.30000388e+00  3.14500000e-08  3.28530308e+00  3.14500000e-08  3.28853364e+00  3.14500000e-08  0.00000000e+00  3.14500000e-08  0.00000000e+00 
 3.14700000e-08  3.30000311e+00  3.14700000e-08  3.30000349e+00  3.14700000e-08  3.28619526e+00  3.14700000e-08  3.28924604e+00  3.14700000e-08  0.00000000e+00  3.14700000e-08  0.00000000e+00 
 3.14900000e-08  3.30000281e+00  3.14900000e-08  3.30000314e+00  3.14900000e-08  3.28697022e+00  3.14900000e-08  3.28985873e+00  3.14900000e-08  0.00000000e+00  3.14900000e-08  0.00000000e+00 
 3.15100000e-08  3.30000255e+00  3.15100000e-08  3.30000284e+00  3.15100000e-08  3.28764818e+00  3.15100000e-08  3.29038989e+00  3.15100000e-08  0.00000000e+00  3.15100000e-08  0.00000000e+00 
 3.15300000e-08  3.30000232e+00  3.15300000e-08  3.30000256e+00  3.15300000e-08  3.28824571e+00  3.15300000e-08  3.29085421e+00  3.15300000e-08  0.00000000e+00  3.15300000e-08  0.00000000e+00 
 3.15500000e-08  3.30000211e+00  3.15500000e-08  3.30000232e+00  3.15500000e-08  3.28877624e+00  3.15500000e-08  3.29126357e+00  3.15500000e-08  0.00000000e+00  3.15500000e-08  0.00000000e+00 
 3.15700000e-08  3.30000192e+00  3.15700000e-08  3.30000211e+00  3.15700000e-08  3.28925079e+00  3.15700000e-08  3.29162755e+00  3.15700000e-08  0.00000000e+00  3.15700000e-08  0.00000000e+00 
 3.15900000e-08  3.30000175e+00  3.15900000e-08  3.30000192e+00  3.15900000e-08  3.28967831e+00  3.15900000e-08  3.29195391e+00  3.15900000e-08  0.00000000e+00  3.15900000e-08  0.00000000e+00 
 3.16100000e-08  3.30000160e+00  3.16100000e-08  3.30000175e+00  3.16100000e-08  3.29006616e+00  3.16100000e-08  3.29224892e+00  3.16100000e-08  0.00000000e+00  3.16100000e-08  0.00000000e+00 
 3.16300000e-08  3.30000147e+00  3.16300000e-08  3.30000159e+00  3.16300000e-08  3.29042032e+00  3.16300000e-08  3.29251764e+00  3.16300000e-08  0.00000000e+00  3.16300000e-08  0.00000000e+00 
 3.16500000e-08  3.30000135e+00  3.16500000e-08  3.30000146e+00  3.16500000e-08  3.29074574e+00  3.16500000e-08  3.29276419e+00  3.16500000e-08  0.00000000e+00  3.16500000e-08  0.00000000e+00 
 3.16700000e-08  3.30000124e+00  3.16700000e-08  3.30000134e+00  3.16700000e-08  3.29104643e+00  3.16700000e-08  3.29299190e+00  3.16700000e-08  0.00000000e+00  3.16700000e-08  0.00000000e+00 
 3.16900000e-08  3.30000114e+00  3.16900000e-08  3.30000123e+00  3.16900000e-08  3.29132575e+00  3.16900000e-08  3.29320347e+00  3.16900000e-08  0.00000000e+00  3.16900000e-08  0.00000000e+00 
 3.17100000e-08  3.30000105e+00  3.17100000e-08  3.30000113e+00  3.17100000e-08  3.29158644e+00  3.17100000e-08  3.29340111e+00  3.17100000e-08  0.00000000e+00  3.17100000e-08  0.00000000e+00 
 3.17300000e-08  3.30000097e+00  3.17300000e-08  3.30000104e+00  3.17300000e-08  3.29183079e+00  3.17300000e-08  3.29358662e+00  3.17300000e-08  0.00000000e+00  3.17300000e-08  0.00000000e+00 
 3.17500000e-08  3.30000090e+00  3.17500000e-08  3.30000096e+00  3.17500000e-08  3.29206068e+00  3.17500000e-08  3.29376149e+00  3.17500000e-08  0.00000000e+00  3.17500000e-08  0.00000000e+00 
 3.17700000e-08  3.30000083e+00  3.17700000e-08  3.30000089e+00  3.17700000e-08  3.29227773e+00  3.17700000e-08  3.29392693e+00  3.17700000e-08  0.00000000e+00  3.17700000e-08  0.00000000e+00 
 3.17900000e-08  3.30000077e+00  3.17900000e-08  3.30000082e+00  3.17900000e-08  3.29248324e+00  3.17900000e-08  3.29408394e+00  3.17900000e-08  0.00000000e+00  3.17900000e-08  0.00000000e+00 
 3.18100000e-08  3.30000072e+00  3.18100000e-08  3.30000077e+00  3.18100000e-08  3.29267835e+00  3.18100000e-08  3.29423338e+00  3.18100000e-08  0.00000000e+00  3.18100000e-08  0.00000000e+00 
 3.18300000e-08  3.30000067e+00  3.18300000e-08  3.30000071e+00  3.18300000e-08  3.29286401e+00  3.18300000e-08  3.29437594e+00  3.18300000e-08  0.00000000e+00  3.18300000e-08  0.00000000e+00 
 3.18500000e-08  3.30000063e+00  3.18500000e-08  3.30000066e+00  3.18500000e-08  3.29304105e+00  3.18500000e-08  3.29451221e+00  3.18500000e-08  0.00000000e+00  3.18500000e-08  0.00000000e+00 
 3.18700000e-08  3.30000058e+00  3.18700000e-08  3.30000062e+00  3.18700000e-08  3.29321015e+00  3.18700000e-08  3.29464271e+00  3.18700000e-08  0.00000000e+00  3.18700000e-08  0.00000000e+00 
 3.18900000e-08  3.30000055e+00  3.18900000e-08  3.30000058e+00  3.18900000e-08  3.29337195e+00  3.18900000e-08  3.29476786e+00  3.18900000e-08  0.00000000e+00  3.18900000e-08  0.00000000e+00 
 3.19100000e-08  3.30000051e+00  3.19100000e-08  3.30000054e+00  3.19100000e-08  3.29352695e+00  3.19100000e-08  3.29488804e+00  3.19100000e-08  0.00000000e+00  3.19100000e-08  0.00000000e+00 
 3.19300000e-08  3.30000048e+00  3.19300000e-08  3.30000051e+00  3.19300000e-08  3.29367564e+00  3.19300000e-08  3.29500358e+00  3.19300000e-08  0.00000000e+00  3.19300000e-08  0.00000000e+00 
 3.19500000e-08  3.30000045e+00  3.19500000e-08  3.30000048e+00  3.19500000e-08  3.29381841e+00  3.19500000e-08  3.29511476e+00  3.19500000e-08  0.00000000e+00  3.19500000e-08  0.00000000e+00 
 3.19700000e-08  3.30000042e+00  3.19700000e-08  3.30000045e+00  3.19700000e-08  3.29395566e+00  3.19700000e-08  3.29522184e+00  3.19700000e-08  0.00000000e+00  3.19700000e-08  0.00000000e+00 
 3.19900000e-08  3.30000040e+00  3.19900000e-08  3.30000042e+00  3.19900000e-08  3.29408768e+00  3.19900000e-08  3.29532505e+00  3.19900000e-08  0.00000000e+00  3.19900000e-08  0.00000000e+00 
 3.20100000e-08  3.30000038e+00  3.20100000e-08  3.30000040e+00  3.20100000e-08  3.29421482e+00  3.20100000e-08  3.29542459e+00  3.20100000e-08  0.00000000e+00  3.20100000e-08  0.00000000e+00 
 3.20300000e-08  3.30000036e+00  3.20300000e-08  3.30000037e+00  3.20300000e-08  3.29433729e+00  3.20300000e-08  3.29552065e+00  3.20300000e-08  0.00000000e+00  3.20300000e-08  0.00000000e+00 
 3.20500000e-08  3.30000034e+00  3.20500000e-08  3.30000035e+00  3.20500000e-08  3.29445539e+00  3.20500000e-08  3.29561341e+00  3.20500000e-08  0.00000000e+00  3.20500000e-08  0.00000000e+00 
 3.20700000e-08  3.30000032e+00  3.20700000e-08  3.30000033e+00  3.20700000e-08  3.29456931e+00  3.20700000e-08  3.29570302e+00  3.20700000e-08  0.00000000e+00  3.20700000e-08  0.00000000e+00 
 3.20900000e-08  3.30000030e+00  3.20900000e-08  3.30000032e+00  3.20900000e-08  3.29467928e+00  3.20900000e-08  3.29578962e+00  3.20900000e-08  0.00000000e+00  3.20900000e-08  0.00000000e+00 
 3.21100000e-08  3.30000029e+00  3.21100000e-08  3.30000030e+00  3.21100000e-08  3.29478548e+00  3.21100000e-08  3.29587336e+00  3.21100000e-08  0.00000000e+00  3.21100000e-08  0.00000000e+00 
 3.21300000e-08  3.30000027e+00  3.21300000e-08  3.30000028e+00  3.21300000e-08  3.29488811e+00  3.21300000e-08  3.29595436e+00  3.21300000e-08  0.00000000e+00  3.21300000e-08  0.00000000e+00 
 3.21500000e-08  3.30000026e+00  3.21500000e-08  3.30000027e+00  3.21500000e-08  3.29498730e+00  3.21500000e-08  3.29603274e+00  3.21500000e-08  0.00000000e+00  3.21500000e-08  0.00000000e+00 
 3.21700000e-08  3.30000025e+00  3.21700000e-08  3.30000026e+00  3.21700000e-08  3.29508325e+00  3.21700000e-08  3.29610861e+00  3.21700000e-08  0.00000000e+00  3.21700000e-08  0.00000000e+00 
 3.21900000e-08  3.30000023e+00  3.21900000e-08  3.30000024e+00  3.21900000e-08  3.29517607e+00  3.21900000e-08  3.29618209e+00  3.21900000e-08  0.00000000e+00  3.21900000e-08  0.00000000e+00 
 3.22100000e-08  3.30000022e+00  3.22100000e-08  3.30000023e+00  3.22100000e-08  3.29526593e+00  3.22100000e-08  3.29625326e+00  3.22100000e-08  0.00000000e+00  3.22100000e-08  0.00000000e+00 
 3.22300000e-08  3.30000021e+00  3.22300000e-08  3.30000022e+00  3.22300000e-08  3.29535293e+00  3.22300000e-08  3.29632222e+00  3.22300000e-08  0.00000000e+00  3.22300000e-08  0.00000000e+00 
 3.22500000e-08  3.30000020e+00  3.22500000e-08  3.30000021e+00  3.22500000e-08  3.29543723e+00  3.22500000e-08  3.29638908e+00  3.22500000e-08  0.00000000e+00  3.22500000e-08  0.00000000e+00 
 3.22700000e-08  3.30000019e+00  3.22700000e-08  3.30000020e+00  3.22700000e-08  3.29551890e+00  3.22700000e-08  3.29645389e+00  3.22700000e-08  0.00000000e+00  3.22700000e-08  0.00000000e+00 
 3.22900000e-08  3.30000019e+00  3.22900000e-08  3.30000019e+00  3.22900000e-08  3.29559809e+00  3.22900000e-08  3.29651677e+00  3.22900000e-08  0.00000000e+00  3.22900000e-08  0.00000000e+00 
 3.23100000e-08  3.30000018e+00  3.23100000e-08  3.30000018e+00  3.23100000e-08  3.29567487e+00  3.23100000e-08  3.29657776e+00  3.23100000e-08  0.00000000e+00  3.23100000e-08  0.00000000e+00 
 3.23300000e-08  3.30000017e+00  3.23300000e-08  3.30000018e+00  3.23300000e-08  3.29574937e+00  3.23300000e-08  3.29663696e+00  3.23300000e-08  0.00000000e+00  3.23300000e-08  0.00000000e+00 
 3.23500000e-08  3.30000016e+00  3.23500000e-08  3.30000017e+00  3.23500000e-08  3.29582164e+00  3.23500000e-08  3.29669444e+00  3.23500000e-08  0.00000000e+00  3.23500000e-08  0.00000000e+00 
 3.23700000e-08  3.30000016e+00  3.23700000e-08  3.30000016e+00  3.23700000e-08  3.29589183e+00  3.23700000e-08  3.29675025e+00  3.23700000e-08  0.00000000e+00  3.23700000e-08  0.00000000e+00 
 3.23900000e-08  3.30000015e+00  3.23900000e-08  3.30000016e+00  3.23900000e-08  3.29595996e+00  3.23900000e-08  3.29680446e+00  3.23900000e-08  0.00000000e+00  3.23900000e-08  0.00000000e+00 
 3.24100000e-08  3.30000014e+00  3.24100000e-08  3.30000015e+00  3.24100000e-08  3.29602616e+00  3.24100000e-08  3.29685714e+00  3.24100000e-08  0.00000000e+00  3.24100000e-08  0.00000000e+00 
 3.24300000e-08  3.30000014e+00  3.24300000e-08  3.30000014e+00  3.24300000e-08  3.29609047e+00  3.24300000e-08  3.29690833e+00  3.24300000e-08  0.00000000e+00  3.24300000e-08  0.00000000e+00 
 3.24500000e-08  3.30000013e+00  3.24500000e-08  3.30000014e+00  3.24500000e-08  3.29615299e+00  3.24500000e-08  3.29695811e+00  3.24500000e-08  0.00000000e+00  3.24500000e-08  0.00000000e+00 
 3.24700000e-08  3.30000013e+00  3.24700000e-08  3.30000013e+00  3.24700000e-08  3.29621376e+00  3.24700000e-08  3.29700651e+00  3.24700000e-08  0.00000000e+00  3.24700000e-08  0.00000000e+00 
 3.24900000e-08  3.30000012e+00  3.24900000e-08  3.30000013e+00  3.24900000e-08  3.29627288e+00  3.24900000e-08  3.29705359e+00  3.24900000e-08  0.00000000e+00  3.24900000e-08  0.00000000e+00 
 3.25100000e-08  3.30000012e+00  3.25100000e-08  3.30000012e+00  3.25100000e-08  3.29633038e+00  3.25100000e-08  3.29709941e+00  3.25100000e-08  0.00000000e+00  3.25100000e-08  0.00000000e+00 
 3.25300000e-08  3.30000011e+00  3.25300000e-08  3.30000012e+00  3.25300000e-08  3.29638635e+00  3.25300000e-08  3.29714400e+00  3.25300000e-08  0.00000000e+00  3.25300000e-08  0.00000000e+00 
 3.25500000e-08  3.30000011e+00  3.25500000e-08  3.30000011e+00  3.25500000e-08  3.29644081e+00  3.25500000e-08  3.29718740e+00  3.25500000e-08  0.00000000e+00  3.25500000e-08  0.00000000e+00 
 3.25700000e-08  3.30000011e+00  3.25700000e-08  3.30000011e+00  3.25700000e-08  3.29649386e+00  3.25700000e-08  3.29722967e+00  3.25700000e-08  0.00000000e+00  3.25700000e-08  0.00000000e+00 
 3.25900000e-08  3.30000010e+00  3.25900000e-08  3.30000011e+00  3.25900000e-08  3.29654551e+00  3.25900000e-08  3.29727084e+00  3.25900000e-08  0.00000000e+00  3.25900000e-08  0.00000000e+00 
 3.26100000e-08  3.30000010e+00  3.26100000e-08  3.30000010e+00  3.26100000e-08  3.29659584e+00  3.26100000e-08  3.29731095e+00  3.26100000e-08  0.00000000e+00  3.26100000e-08  0.00000000e+00 
 3.26300000e-08  3.30000010e+00  3.26300000e-08  3.30000010e+00  3.26300000e-08  3.29664487e+00  3.26300000e-08  3.29735004e+00  3.26300000e-08  0.00000000e+00  3.26300000e-08  0.00000000e+00 
 3.26500000e-08  3.30000009e+00  3.26500000e-08  3.30000009e+00  3.26500000e-08  3.29669267e+00  3.26500000e-08  3.29738815e+00  3.26500000e-08  0.00000000e+00  3.26500000e-08  0.00000000e+00 
 3.26700000e-08  3.30000009e+00  3.26700000e-08  3.30000009e+00  3.26700000e-08  3.29673926e+00  3.26700000e-08  3.29742530e+00  3.26700000e-08  0.00000000e+00  3.26700000e-08  0.00000000e+00 
 3.26900000e-08  3.30000009e+00  3.26900000e-08  3.30000009e+00  3.26900000e-08  3.29678472e+00  3.26900000e-08  3.29746153e+00  3.26900000e-08  0.00000000e+00  3.26900000e-08  0.00000000e+00 
 3.27100000e-08  3.30000008e+00  3.27100000e-08  3.30000009e+00  3.27100000e-08  3.29682904e+00  3.27100000e-08  3.29749687e+00  3.27100000e-08  0.00000000e+00  3.27100000e-08  0.00000000e+00 
 3.27300000e-08  3.30000008e+00  3.27300000e-08  3.30000008e+00  3.27300000e-08  3.29687230e+00  3.27300000e-08  3.29753135e+00  3.27300000e-08  0.00000000e+00  3.27300000e-08  0.00000000e+00 
 3.27500000e-08  3.30000008e+00  3.27500000e-08  3.30000008e+00  3.27500000e-08  3.29691450e+00  3.27500000e-08  3.29756500e+00  3.27500000e-08  0.00000000e+00  3.27500000e-08  0.00000000e+00 
 3.27700000e-08  3.30000008e+00  3.27700000e-08  3.30000008e+00  3.27700000e-08  3.29695571e+00  3.27700000e-08  3.29759785e+00  3.27700000e-08  0.00000000e+00  3.27700000e-08  0.00000000e+00 
 3.27900000e-08  3.30000007e+00  3.27900000e-08  3.30000008e+00  3.27900000e-08  3.29699593e+00  3.27900000e-08  3.29762993e+00  3.27900000e-08  0.00000000e+00  3.27900000e-08  0.00000000e+00 
 3.28100000e-08  3.30000007e+00  3.28100000e-08  3.30000007e+00  3.28100000e-08  3.29703523e+00  3.28100000e-08  3.29766125e+00  3.28100000e-08  0.00000000e+00  3.28100000e-08  0.00000000e+00 
 3.28300000e-08  3.30000007e+00  3.28300000e-08  3.30000007e+00  3.28300000e-08  3.29707360e+00  3.28300000e-08  3.29769184e+00  3.28300000e-08  0.00000000e+00  3.28300000e-08  0.00000000e+00 
 3.28500000e-08  3.30000007e+00  3.28500000e-08  3.30000007e+00  3.28500000e-08  3.29711111e+00  3.28500000e-08  3.29772174e+00  3.28500000e-08  0.00000000e+00  3.28500000e-08  0.00000000e+00 
 3.28700000e-08  3.30000006e+00  3.28700000e-08  3.30000007e+00  3.28700000e-08  3.29714774e+00  3.28700000e-08  3.29775095e+00  3.28700000e-08  0.00000000e+00  3.28700000e-08  0.00000000e+00 
 3.28900000e-08  3.30000006e+00  3.28900000e-08  3.30000006e+00  3.28900000e-08  3.29718357e+00  3.28900000e-08  3.29777950e+00  3.28900000e-08  0.00000000e+00  3.28900000e-08  0.00000000e+00 
 3.29100000e-08  3.30000006e+00  3.29100000e-08  3.30000006e+00  3.29100000e-08  3.29721858e+00  3.29100000e-08  3.29780741e+00  3.29100000e-08  0.00000000e+00  3.29100000e-08  0.00000000e+00 
 3.29300000e-08  3.30000006e+00  3.29300000e-08  3.30000006e+00  3.29300000e-08  3.29725283e+00  3.29300000e-08  3.29783471e+00  3.29300000e-08  0.00000000e+00  3.29300000e-08  0.00000000e+00 
 3.29500000e-08  3.30000006e+00  3.29500000e-08  3.30000006e+00  3.29500000e-08  3.29728631e+00  3.29500000e-08  3.29786140e+00  3.29500000e-08  0.00000000e+00  3.29500000e-08  0.00000000e+00 
 3.29700000e-08  3.30000006e+00  3.29700000e-08  3.30000006e+00  3.29700000e-08  3.29731909e+00  3.29700000e-08  3.29788751e+00  3.29700000e-08  0.00000000e+00  3.29700000e-08  0.00000000e+00 
 3.29900000e-08  3.30000005e+00  3.29900000e-08  3.30000006e+00  3.29900000e-08  3.29735114e+00  3.29900000e-08  3.29791306e+00  3.29900000e-08  0.00000000e+00  3.29900000e-08  0.00000000e+00 
 3.30100000e-08  3.30000005e+00  3.30100000e-08  3.30000005e+00  3.30100000e-08  3.29738252e+00  3.30100000e-08  3.29793806e+00  3.30100000e-08  0.00000000e+00  3.30100000e-08  0.00000000e+00 
 3.30300000e-08  3.30000005e+00  3.30300000e-08  3.30000005e+00  3.30300000e-08  3.29741322e+00  3.30300000e-08  3.29796253e+00  3.30300000e-08  0.00000000e+00  3.30300000e-08  0.00000000e+00 
 3.30500000e-08  3.30000005e+00  3.30500000e-08  3.30000005e+00  3.30500000e-08  3.29744330e+00  3.30500000e-08  3.29798649e+00  3.30500000e-08  0.00000000e+00  3.30500000e-08  0.00000000e+00 
 3.30700000e-08  3.30000005e+00  3.30700000e-08  3.30000005e+00  3.30700000e-08  3.29747273e+00  3.30700000e-08  3.29800994e+00  3.30700000e-08  0.00000000e+00  3.30700000e-08  0.00000000e+00 
 3.30900000e-08  3.30000005e+00  3.30900000e-08  3.30000005e+00  3.30900000e-08  3.29750157e+00  3.30900000e-08  3.29803291e+00  3.30900000e-08  0.00000000e+00  3.30900000e-08  0.00000000e+00 
 3.31100000e-08  3.30000005e+00  3.31100000e-08  3.30000005e+00  3.31100000e-08  3.29752981e+00  3.31100000e-08  3.29805541e+00  3.31100000e-08  0.00000000e+00  3.31100000e-08  0.00000000e+00 
 3.31300000e-08  3.30000004e+00  3.31300000e-08  3.30000005e+00  3.31300000e-08  3.29755749e+00  3.31300000e-08  3.29807745e+00  3.31300000e-08  0.00000000e+00  3.31300000e-08  0.00000000e+00 
 3.31500000e-08  3.30000004e+00  3.31500000e-08  3.30000004e+00  3.31500000e-08  3.29758460e+00  3.31500000e-08  3.29809905e+00  3.31500000e-08  0.00000000e+00  3.31500000e-08  0.00000000e+00 
 3.31700000e-08  3.30000004e+00  3.31700000e-08  3.30000004e+00  3.31700000e-08  3.29761118e+00  3.31700000e-08  3.29812021e+00  3.31700000e-08  0.00000000e+00  3.31700000e-08  0.00000000e+00 
 3.31900000e-08  3.30000004e+00  3.31900000e-08  3.30000004e+00  3.31900000e-08  3.29763723e+00  3.31900000e-08  3.29814095e+00  3.31900000e-08  0.00000000e+00  3.31900000e-08  0.00000000e+00 
 3.32100000e-08  3.30000004e+00  3.32100000e-08  3.30000004e+00  3.32100000e-08  3.29766278e+00  3.32100000e-08  3.29816129e+00  3.32100000e-08  0.00000000e+00  3.32100000e-08  0.00000000e+00 
 3.32300000e-08  3.30000004e+00  3.32300000e-08  3.30000004e+00  3.32300000e-08  3.29768781e+00  3.32300000e-08  3.29818123e+00  3.32300000e-08  0.00000000e+00  3.32300000e-08  0.00000000e+00 
 3.32500000e-08  3.30000004e+00  3.32500000e-08  3.30000004e+00  3.32500000e-08  3.29771238e+00  3.32500000e-08  3.29820078e+00  3.32500000e-08  0.00000000e+00  3.32500000e-08  0.00000000e+00 
 3.32700000e-08  3.30000004e+00  3.32700000e-08  3.30000004e+00  3.32700000e-08  3.29773646e+00  3.32700000e-08  3.29821996e+00  3.32700000e-08  0.00000000e+00  3.32700000e-08  0.00000000e+00 
 3.32900000e-08  3.30000004e+00  3.32900000e-08  3.30000004e+00  3.32900000e-08  3.29776011e+00  3.32900000e-08  3.29823877e+00  3.32900000e-08  0.00000000e+00  3.32900000e-08  0.00000000e+00 
 3.33100000e-08  3.30000004e+00  3.33100000e-08  3.30000004e+00  3.33100000e-08  3.29778329e+00  3.33100000e-08  3.29825722e+00  3.33100000e-08  0.00000000e+00  3.33100000e-08  0.00000000e+00 
 3.33300000e-08  3.30000003e+00  3.33300000e-08  3.30000004e+00  3.33300000e-08  3.29780605e+00  3.33300000e-08  3.29827533e+00  3.33300000e-08  0.00000000e+00  3.33300000e-08  0.00000000e+00 
 3.33500000e-08  3.30000003e+00  3.33500000e-08  3.30000003e+00  3.33500000e-08  3.29782838e+00  3.33500000e-08  3.29829310e+00  3.33500000e-08  0.00000000e+00  3.33500000e-08  0.00000000e+00 
 3.33700000e-08  3.30000003e+00  3.33700000e-08  3.30000003e+00  3.33700000e-08  3.29785031e+00  3.33700000e-08  3.29831055e+00  3.33700000e-08  0.00000000e+00  3.33700000e-08  0.00000000e+00 
 3.33900000e-08  3.30000003e+00  3.33900000e-08  3.30000003e+00  3.33900000e-08  3.29787183e+00  3.33900000e-08  3.29832767e+00  3.33900000e-08  0.00000000e+00  3.33900000e-08  0.00000000e+00 
 3.34100000e-08  3.30000003e+00  3.34100000e-08  3.30000003e+00  3.34100000e-08  3.29789298e+00  3.34100000e-08  3.29834449e+00  3.34100000e-08  0.00000000e+00  3.34100000e-08  0.00000000e+00 
 3.34300000e-08  3.30000003e+00  3.34300000e-08  3.30000003e+00  3.34300000e-08  3.29791372e+00  3.34300000e-08  3.29836099e+00  3.34300000e-08  0.00000000e+00  3.34300000e-08  0.00000000e+00 
 3.34500000e-08  3.30000003e+00  3.34500000e-08  3.30000003e+00  3.34500000e-08  3.29793412e+00  3.34500000e-08  3.29837721e+00  3.34500000e-08  0.00000000e+00  3.34500000e-08  0.00000000e+00 
 3.34700000e-08  3.30000003e+00  3.34700000e-08  3.30000003e+00  3.34700000e-08  3.29795414e+00  3.34700000e-08  3.29839313e+00  3.34700000e-08  0.00000000e+00  3.34700000e-08  0.00000000e+00 
 3.34900000e-08  3.30000003e+00  3.34900000e-08  3.30000003e+00  3.34900000e-08  3.29797382e+00  3.34900000e-08  3.29840878e+00  3.34900000e-08  0.00000000e+00  3.34900000e-08  0.00000000e+00 
 3.35100000e-08  3.30000003e+00  3.35100000e-08  3.30000003e+00  3.35100000e-08  3.29799314e+00  3.35100000e-08  3.29842414e+00  3.35100000e-08  0.00000000e+00  3.35100000e-08  0.00000000e+00 
 3.35300000e-08  3.30000003e+00  3.35300000e-08  3.30000003e+00  3.35300000e-08  3.29801215e+00  3.35300000e-08  3.29843925e+00  3.35300000e-08  0.00000000e+00  3.35300000e-08  0.00000000e+00 
 3.35500000e-08  3.30000003e+00  3.35500000e-08  3.30000003e+00  3.35500000e-08  3.29803081e+00  3.35500000e-08  3.29845409e+00  3.35500000e-08  0.00000000e+00  3.35500000e-08  0.00000000e+00 
 3.35700000e-08  3.30000003e+00  3.35700000e-08  3.30000003e+00  3.35700000e-08  3.29804917e+00  3.35700000e-08  3.29846868e+00  3.35700000e-08  0.00000000e+00  3.35700000e-08  0.00000000e+00 
 3.35900000e-08  3.30000003e+00  3.35900000e-08  3.30000003e+00  3.35900000e-08  3.29806721e+00  3.35900000e-08  3.29848301e+00  3.35900000e-08  0.00000000e+00  3.35900000e-08  0.00000000e+00 
 3.36100000e-08  3.30000002e+00  3.36100000e-08  3.30000003e+00  3.36100000e-08  3.29808496e+00  3.36100000e-08  3.29849711e+00  3.36100000e-08  0.00000000e+00  3.36100000e-08  0.00000000e+00 
 3.36300000e-08  3.30000002e+00  3.36300000e-08  3.30000002e+00  3.36300000e-08  3.29810239e+00  3.36300000e-08  3.29851097e+00  3.36300000e-08  0.00000000e+00  3.36300000e-08  0.00000000e+00 
 3.36500000e-08  3.30000002e+00  3.36500000e-08  3.30000002e+00  3.36500000e-08  3.29811956e+00  3.36500000e-08  3.29852460e+00  3.36500000e-08  0.00000000e+00  3.36500000e-08  0.00000000e+00 
 3.36700000e-08  3.30000002e+00  3.36700000e-08  3.30000002e+00  3.36700000e-08  3.29813642e+00  3.36700000e-08  3.29853801e+00  3.36700000e-08  0.00000000e+00  3.36700000e-08  0.00000000e+00 
 3.36900000e-08  3.30000002e+00  3.36900000e-08  3.30000002e+00  3.36900000e-08  3.29815303e+00  3.36900000e-08  3.29855119e+00  3.36900000e-08  0.00000000e+00  3.36900000e-08  0.00000000e+00 
 3.37100000e-08  3.30000002e+00  3.37100000e-08  3.30000002e+00  3.37100000e-08  3.29816935e+00  3.37100000e-08  3.29856416e+00  3.37100000e-08  0.00000000e+00  3.37100000e-08  0.00000000e+00 
 3.37300000e-08  3.30000002e+00  3.37300000e-08  3.30000002e+00  3.37300000e-08  3.29818543e+00  3.37300000e-08  3.29857692e+00  3.37300000e-08  0.00000000e+00  3.37300000e-08  0.00000000e+00 
 3.37500000e-08  3.30000002e+00  3.37500000e-08  3.30000002e+00  3.37500000e-08  3.29820123e+00  3.37500000e-08  3.29858947e+00  3.37500000e-08  0.00000000e+00  3.37500000e-08  0.00000000e+00 
 3.37700000e-08  3.30000002e+00  3.37700000e-08  3.30000002e+00  3.37700000e-08  3.29821680e+00  3.37700000e-08  3.29860183e+00  3.37700000e-08  0.00000000e+00  3.37700000e-08  0.00000000e+00 
 3.37900000e-08  3.30000002e+00  3.37900000e-08  3.30000002e+00  3.37900000e-08  3.29823210e+00  3.37900000e-08  3.29861398e+00  3.37900000e-08  0.00000000e+00  3.37900000e-08  0.00000000e+00 
 3.38100000e-08  3.30000002e+00  3.38100000e-08  3.30000002e+00  3.38100000e-08  3.29824719e+00  3.38100000e-08  3.29862595e+00  3.38100000e-08  0.00000000e+00  3.38100000e-08  0.00000000e+00 
 3.38300000e-08  3.30000002e+00  3.38300000e-08  3.30000002e+00  3.38300000e-08  3.29826202e+00  3.38300000e-08  3.29863773e+00  3.38300000e-08  0.00000000e+00  3.38300000e-08  0.00000000e+00 
 3.38500000e-08  3.30000002e+00  3.38500000e-08  3.30000002e+00  3.38500000e-08  3.29827664e+00  3.38500000e-08  3.29864933e+00  3.38500000e-08  0.00000000e+00  3.38500000e-08  0.00000000e+00 
 3.38700000e-08  3.30000002e+00  3.38700000e-08  3.30000002e+00  3.38700000e-08  3.29829102e+00  3.38700000e-08  3.29866074e+00  3.38700000e-08  0.00000000e+00  3.38700000e-08  0.00000000e+00 
 3.38900000e-08  3.30000002e+00  3.38900000e-08  3.30000002e+00  3.38900000e-08  3.29830519e+00  3.38900000e-08  3.29867198e+00  3.38900000e-08  0.00000000e+00  3.38900000e-08  0.00000000e+00 
 3.39100000e-08  3.30000002e+00  3.39100000e-08  3.30000002e+00  3.39100000e-08  3.29831914e+00  3.39100000e-08  3.29868305e+00  3.39100000e-08  0.00000000e+00  3.39100000e-08  0.00000000e+00 
 3.39300000e-08  3.30000002e+00  3.39300000e-08  3.30000002e+00  3.39300000e-08  3.29833289e+00  3.39300000e-08  3.29869396e+00  3.39300000e-08  0.00000000e+00  3.39300000e-08  0.00000000e+00 
 3.39500000e-08  3.30000002e+00  3.39500000e-08  3.30000002e+00  3.39500000e-08  3.29834642e+00  3.39500000e-08  3.29870469e+00  3.39500000e-08  0.00000000e+00  3.39500000e-08  0.00000000e+00 
 3.39700000e-08  3.30000002e+00  3.39700000e-08  3.30000002e+00  3.39700000e-08  3.29835977e+00  3.39700000e-08  3.29871527e+00  3.39700000e-08  0.00000000e+00  3.39700000e-08  0.00000000e+00 
 3.39900000e-08  3.30000002e+00  3.39900000e-08  3.30000002e+00  3.39900000e-08  3.29837290e+00  3.39900000e-08  3.29872569e+00  3.39900000e-08  0.00000000e+00  3.39900000e-08  0.00000000e+00 
 3.40100000e-08  3.30000002e+00  3.40100000e-08  3.30000002e+00  3.40100000e-08  3.29838586e+00  3.40100000e-08  3.29873596e+00  3.40100000e-08  0.00000000e+00  3.40100000e-08  0.00000000e+00 
 3.40300000e-08  3.30000002e+00  3.40300000e-08  3.30000002e+00  3.40300000e-08  3.29839861e+00  3.40300000e-08  3.29874608e+00  3.40300000e-08  0.00000000e+00  3.40300000e-08  0.00000000e+00 
 3.40500000e-08  3.30000002e+00  3.40500000e-08  3.30000002e+00  3.40500000e-08  3.29841119e+00  3.40500000e-08  3.29875605e+00  3.40500000e-08  0.00000000e+00  3.40500000e-08  0.00000000e+00 
 3.40700000e-08  3.30000002e+00  3.40700000e-08  3.30000002e+00  3.40700000e-08  3.29842358e+00  3.40700000e-08  3.29876587e+00  3.40700000e-08  0.00000000e+00  3.40700000e-08  0.00000000e+00 
 3.40900000e-08  3.30000001e+00  3.40900000e-08  3.30000002e+00  3.40900000e-08  3.29843580e+00  3.40900000e-08  3.29877556e+00  3.40900000e-08  0.00000000e+00  3.40900000e-08  0.00000000e+00 
 3.41100000e-08  3.30000001e+00  3.41100000e-08  3.30000002e+00  3.41100000e-08  3.29844784e+00  3.41100000e-08  3.29878510e+00  3.41100000e-08  0.00000000e+00  3.41100000e-08  0.00000000e+00 
 3.41300000e-08  3.30000001e+00  3.41300000e-08  3.30000001e+00  3.41300000e-08  3.29845972e+00  3.41300000e-08  3.29879451e+00  3.41300000e-08  0.00000000e+00  3.41300000e-08  0.00000000e+00 
 3.41500000e-08  3.30000001e+00  3.41500000e-08  3.30000001e+00  3.41500000e-08  3.29847142e+00  3.41500000e-08  3.29880379e+00  3.41500000e-08  0.00000000e+00  3.41500000e-08  0.00000000e+00 
 3.41700000e-08  3.30000001e+00  3.41700000e-08  3.30000001e+00  3.41700000e-08  3.29848297e+00  3.41700000e-08  3.29881293e+00  3.41700000e-08  0.00000000e+00  3.41700000e-08  0.00000000e+00 
 3.41900000e-08  3.30000001e+00  3.41900000e-08  3.30000001e+00  3.41900000e-08  3.29849435e+00  3.41900000e-08  3.29882195e+00  3.41900000e-08  0.00000000e+00  3.41900000e-08  0.00000000e+00 
 3.42100000e-08  3.30000001e+00  3.42100000e-08  3.30000001e+00  3.42100000e-08  3.29850558e+00  3.42100000e-08  3.29883085e+00  3.42100000e-08  0.00000000e+00  3.42100000e-08  0.00000000e+00 
 3.42300000e-08  3.30000001e+00  3.42300000e-08  3.30000001e+00  3.42300000e-08  3.29851665e+00  3.42300000e-08  3.29883962e+00  3.42300000e-08  0.00000000e+00  3.42300000e-08  0.00000000e+00 
 3.42500000e-08  3.30000001e+00  3.42500000e-08  3.30000001e+00  3.42500000e-08  3.29852758e+00  3.42500000e-08  3.29884827e+00  3.42500000e-08  0.00000000e+00  3.42500000e-08  0.00000000e+00 
 3.42700000e-08  3.30000001e+00  3.42700000e-08  3.30000001e+00  3.42700000e-08  3.29853835e+00  3.42700000e-08  3.29885680e+00  3.42700000e-08  0.00000000e+00  3.42700000e-08  0.00000000e+00 
 3.42900000e-08  3.30000001e+00  3.42900000e-08  3.30000001e+00  3.42900000e-08  3.29854899e+00  3.42900000e-08  3.29886522e+00  3.42900000e-08  0.00000000e+00  3.42900000e-08  0.00000000e+00 
 3.43100000e-08  3.30000001e+00  3.43100000e-08  3.30000001e+00  3.43100000e-08  3.29855947e+00  3.43100000e-08  3.29887352e+00  3.43100000e-08  0.00000000e+00  3.43100000e-08  0.00000000e+00 
 3.43300000e-08  3.30000001e+00  3.43300000e-08  3.30000001e+00  3.43300000e-08  3.29856983e+00  3.43300000e-08  3.29888172e+00  3.43300000e-08  0.00000000e+00  3.43300000e-08  0.00000000e+00 
 3.43500000e-08  3.30000001e+00  3.43500000e-08  3.30000001e+00  3.43500000e-08  3.29858003e+00  3.43500000e-08  3.29888980e+00  3.43500000e-08  0.00000000e+00  3.43500000e-08  0.00000000e+00 
 3.43700000e-08  3.30000001e+00  3.43700000e-08  3.30000001e+00  3.43700000e-08  3.29859012e+00  3.43700000e-08  3.29889778e+00  3.43700000e-08  0.00000000e+00  3.43700000e-08  0.00000000e+00 
 3.43900000e-08  3.30000001e+00  3.43900000e-08  3.30000001e+00  3.43900000e-08  3.29860006e+00  3.43900000e-08  3.29890565e+00  3.43900000e-08  0.00000000e+00  3.43900000e-08  0.00000000e+00 
 3.44100000e-08  3.30000001e+00  3.44100000e-08  3.30000001e+00  3.44100000e-08  3.29860988e+00  3.44100000e-08  3.29891342e+00  3.44100000e-08  0.00000000e+00  3.44100000e-08  0.00000000e+00 
 3.44300000e-08  3.30000001e+00  3.44300000e-08  3.30000001e+00  3.44300000e-08  3.29861956e+00  3.44300000e-08  3.29892109e+00  3.44300000e-08  0.00000000e+00  3.44300000e-08  0.00000000e+00 
 3.44500000e-08  3.30000001e+00  3.44500000e-08  3.30000001e+00  3.44500000e-08  3.29862914e+00  3.44500000e-08  3.29892866e+00  3.44500000e-08  0.00000000e+00  3.44500000e-08  0.00000000e+00 
 3.44700000e-08  3.30000001e+00  3.44700000e-08  3.30000001e+00  3.44700000e-08  3.29863858e+00  3.44700000e-08  3.29893613e+00  3.44700000e-08  0.00000000e+00  3.44700000e-08  0.00000000e+00 
 3.44900000e-08  3.30000001e+00  3.44900000e-08  3.30000001e+00  3.44900000e-08  3.29864791e+00  3.44900000e-08  3.29894351e+00  3.44900000e-08  0.00000000e+00  3.44900000e-08  0.00000000e+00 
 3.45100000e-08  3.30000001e+00  3.45100000e-08  3.30000001e+00  3.45100000e-08  3.29865711e+00  3.45100000e-08  3.29895079e+00  3.45100000e-08  0.00000000e+00  3.45100000e-08  0.00000000e+00 
 3.45300000e-08  3.30000001e+00  3.45300000e-08  3.30000001e+00  3.45300000e-08  3.29866621e+00  3.45300000e-08  3.29895798e+00  3.45300000e-08  0.00000000e+00  3.45300000e-08  0.00000000e+00 
 3.45500000e-08  3.30000001e+00  3.45500000e-08  3.30000001e+00  3.45500000e-08  3.29867518e+00  3.45500000e-08  3.29896508e+00  3.45500000e-08  0.00000000e+00  3.45500000e-08  0.00000000e+00 
 3.45700000e-08  3.30000001e+00  3.45700000e-08  3.30000001e+00  3.45700000e-08  3.29868405e+00  3.45700000e-08  3.29897209e+00  3.45700000e-08  0.00000000e+00  3.45700000e-08  0.00000000e+00 
 3.45900000e-08  3.30000001e+00  3.45900000e-08  3.30000001e+00  3.45900000e-08  3.29869280e+00  3.45900000e-08  3.29897901e+00  3.45900000e-08  0.00000000e+00  3.45900000e-08  0.00000000e+00 
 3.46100000e-08  3.30000001e+00  3.46100000e-08  3.30000001e+00  3.46100000e-08  3.29870146e+00  3.46100000e-08  3.29898585e+00  3.46100000e-08  0.00000000e+00  3.46100000e-08  0.00000000e+00 
 3.46300000e-08  3.30000001e+00  3.46300000e-08  3.30000001e+00  3.46300000e-08  3.29871000e+00  3.46300000e-08  3.29899261e+00  3.46300000e-08  0.00000000e+00  3.46300000e-08  0.00000000e+00 
 3.46500000e-08  3.30000001e+00  3.46500000e-08  3.30000001e+00  3.46500000e-08  3.29871845e+00  3.46500000e-08  3.29899928e+00  3.46500000e-08  0.00000000e+00  3.46500000e-08  0.00000000e+00 
 3.46700000e-08  3.30000001e+00  3.46700000e-08  3.30000001e+00  3.46700000e-08  3.29872678e+00  3.46700000e-08  3.29900587e+00  3.46700000e-08  0.00000000e+00  3.46700000e-08  0.00000000e+00 
 3.46900000e-08  3.30000001e+00  3.46900000e-08  3.30000001e+00  3.46900000e-08  3.29873502e+00  3.46900000e-08  3.29901238e+00  3.46900000e-08  0.00000000e+00  3.46900000e-08  0.00000000e+00 
 3.47100000e-08  3.30000001e+00  3.47100000e-08  3.30000001e+00  3.47100000e-08  3.29874315e+00  3.47100000e-08  3.29901881e+00  3.47100000e-08  0.00000000e+00  3.47100000e-08  0.00000000e+00 
 3.47300000e-08  3.30000001e+00  3.47300000e-08  3.30000001e+00  3.47300000e-08  3.29875121e+00  3.47300000e-08  3.29902517e+00  3.47300000e-08  0.00000000e+00  3.47300000e-08  0.00000000e+00 
 3.47500000e-08  3.30000001e+00  3.47500000e-08  3.30000001e+00  3.47500000e-08  3.29875915e+00  3.47500000e-08  3.29903145e+00  3.47500000e-08  0.00000000e+00  3.47500000e-08  0.00000000e+00 
 3.47700000e-08  3.30000001e+00  3.47700000e-08  3.30000001e+00  3.47700000e-08  3.29876701e+00  3.47700000e-08  3.29903765e+00  3.47700000e-08  0.00000000e+00  3.47700000e-08  0.00000000e+00 
 3.47900000e-08  3.30000001e+00  3.47900000e-08  3.30000001e+00  3.47900000e-08  3.29877476e+00  3.47900000e-08  3.29904378e+00  3.47900000e-08  0.00000000e+00  3.47900000e-08  0.00000000e+00 
 3.48100000e-08  3.30000001e+00  3.48100000e-08  3.30000001e+00  3.48100000e-08  3.29878244e+00  3.48100000e-08  3.29904984e+00  3.48100000e-08  0.00000000e+00  3.48100000e-08  0.00000000e+00 
 3.48300000e-08  3.30000001e+00  3.48300000e-08  3.30000001e+00  3.48300000e-08  3.29879002e+00  3.48300000e-08  3.29905583e+00  3.48300000e-08  0.00000000e+00  3.48300000e-08  0.00000000e+00 
 3.48500000e-08  3.30000001e+00  3.48500000e-08  3.30000001e+00  3.48500000e-08  3.29879752e+00  3.48500000e-08  3.29906175e+00  3.48500000e-08  0.00000000e+00  3.48500000e-08  0.00000000e+00 
 3.48700000e-08  3.30000001e+00  3.48700000e-08  3.30000001e+00  3.48700000e-08  3.29880493e+00  3.48700000e-08  3.29906760e+00  3.48700000e-08  0.00000000e+00  3.48700000e-08  0.00000000e+00 
 3.48900000e-08  3.30000001e+00  3.48900000e-08  3.30000001e+00  3.48900000e-08  3.29881226e+00  3.48900000e-08  3.29907339e+00  3.48900000e-08  0.00000000e+00  3.48900000e-08  0.00000000e+00 
 3.49100000e-08  3.30000001e+00  3.49100000e-08  3.30000001e+00  3.49100000e-08  3.29881949e+00  3.49100000e-08  3.29907911e+00  3.49100000e-08  0.00000000e+00  3.49100000e-08  0.00000000e+00 
 3.49300000e-08  3.30000001e+00  3.49300000e-08  3.30000001e+00  3.49300000e-08  3.29882666e+00  3.49300000e-08  3.29908476e+00  3.49300000e-08  0.00000000e+00  3.49300000e-08  0.00000000e+00 
 3.49500000e-08  3.30000001e+00  3.49500000e-08  3.30000001e+00  3.49500000e-08  3.29883374e+00  3.49500000e-08  3.29909035e+00  3.49500000e-08  0.00000000e+00  3.49500000e-08  0.00000000e+00 
 3.49700000e-08  3.30000001e+00  3.49700000e-08  3.30000001e+00  3.49700000e-08  3.29884075e+00  3.49700000e-08  3.29909588e+00  3.49700000e-08  0.00000000e+00  3.49700000e-08  0.00000000e+00 
 3.49900000e-08  3.30000001e+00  3.49900000e-08  3.30000001e+00  3.49900000e-08  3.29884766e+00  3.49900000e-08  3.29910134e+00  3.49900000e-08  0.00000000e+00  3.49900000e-08  0.00000000e+00 
 3.50100000e-08  3.30000001e+00  3.50100000e-08  3.30000001e+00  3.50100000e-08  3.29885452e+00  3.50100000e-08  3.29910674e+00  3.50100000e-08  0.00000000e+00  3.50100000e-08  0.00000000e+00 
 3.50300000e-08  3.30000001e+00  3.50300000e-08  3.30000001e+00  3.50300000e-08  3.29886128e+00  3.50300000e-08  3.29911208e+00  3.50300000e-08  0.00000000e+00  3.50300000e-08  0.00000000e+00 
 3.50500000e-08  3.30000001e+00  3.50500000e-08  3.30000001e+00  3.50500000e-08  3.29886799e+00  3.50500000e-08  3.29911737e+00  3.50500000e-08  0.00000000e+00  3.50500000e-08  0.00000000e+00 
 3.50700000e-08  3.30000001e+00  3.50700000e-08  3.30000001e+00  3.50700000e-08  3.29887460e+00  3.50700000e-08  3.29912259e+00  3.50700000e-08  0.00000000e+00  3.50700000e-08  0.00000000e+00 
 3.50900000e-08  3.30000001e+00  3.50900000e-08  3.30000001e+00  3.50900000e-08  3.29888116e+00  3.50900000e-08  3.29912777e+00  3.50900000e-08  0.00000000e+00  3.50900000e-08  0.00000000e+00 
 3.51100000e-08  3.30000001e+00  3.51100000e-08  3.30000001e+00  3.51100000e-08  3.29888764e+00  3.51100000e-08  3.29913288e+00  3.51100000e-08  0.00000000e+00  3.51100000e-08  0.00000000e+00 
 3.51300000e-08  3.30000001e+00  3.51300000e-08  3.30000001e+00  3.51300000e-08  3.29889406e+00  3.51300000e-08  3.29913794e+00  3.51300000e-08  0.00000000e+00  3.51300000e-08  0.00000000e+00 
 3.51500000e-08  3.30000001e+00  3.51500000e-08  3.30000001e+00  3.51500000e-08  3.29890039e+00  3.51500000e-08  3.29914294e+00  3.51500000e-08  0.00000000e+00  3.51500000e-08  0.00000000e+00 
 3.51700000e-08  3.30000001e+00  3.51700000e-08  3.30000001e+00  3.51700000e-08  3.29890668e+00  3.51700000e-08  3.29914789e+00  3.51700000e-08  0.00000000e+00  3.51700000e-08  0.00000000e+00 
 3.51900000e-08  3.30000001e+00  3.51900000e-08  3.30000001e+00  3.51900000e-08  3.29891288e+00  3.51900000e-08  3.29915278e+00  3.51900000e-08  0.00000000e+00  3.51900000e-08  0.00000000e+00 
 3.52100000e-08  3.30000001e+00  3.52100000e-08  3.30000001e+00  3.52100000e-08  3.29891903e+00  3.52100000e-08  3.29915763e+00  3.52100000e-08  0.00000000e+00  3.52100000e-08  0.00000000e+00 
 3.52300000e-08  3.30000001e+00  3.52300000e-08  3.30000001e+00  3.52300000e-08  3.29892510e+00  3.52300000e-08  3.29916242e+00  3.52300000e-08  0.00000000e+00  3.52300000e-08  0.00000000e+00 
 3.52500000e-08  3.30000000e+00  3.52500000e-08  3.30000001e+00  3.52500000e-08  3.29893112e+00  3.52500000e-08  3.29916716e+00  3.52500000e-08  0.00000000e+00  3.52500000e-08  0.00000000e+00 
 3.52700000e-08  3.30000001e+00  3.52700000e-08  3.30000001e+00  3.52700000e-08  3.29893707e+00  3.52700000e-08  3.29917186e+00  3.52700000e-08  0.00000000e+00  3.52700000e-08  0.00000000e+00 
 3.52900000e-08  3.30000000e+00  3.52900000e-08  3.30000000e+00  3.52900000e-08  3.29894297e+00  3.52900000e-08  3.29917650e+00  3.52900000e-08  0.00000000e+00  3.52900000e-08  0.00000000e+00 
 3.53100000e-08  3.30000000e+00  3.53100000e-08  3.30000001e+00  3.53100000e-08  3.29894879e+00  3.53100000e-08  3.29918110e+00  3.53100000e-08  0.00000000e+00  3.53100000e-08  0.00000000e+00 
 3.53300000e-08  3.30000000e+00  3.53300000e-08  3.30000000e+00  3.53300000e-08  3.29895457e+00  3.53300000e-08  3.29918565e+00  3.53300000e-08  0.00000000e+00  3.53300000e-08  0.00000000e+00 
 3.53500000e-08  3.30000000e+00  3.53500000e-08  3.30000000e+00  3.53500000e-08  3.29896028e+00  3.53500000e-08  3.29919015e+00  3.53500000e-08  0.00000000e+00  3.53500000e-08  0.00000000e+00 
 3.53700000e-08  3.30000000e+00  3.53700000e-08  3.30000000e+00  3.53700000e-08  3.29896594e+00  3.53700000e-08  3.29919460e+00  3.53700000e-08  0.00000000e+00  3.53700000e-08  0.00000000e+00 
 3.53900000e-08  3.30000000e+00  3.53900000e-08  3.30000000e+00  3.53900000e-08  3.29897153e+00  3.53900000e-08  3.29919901e+00  3.53900000e-08  0.00000000e+00  3.53900000e-08  0.00000000e+00 
 3.54100000e-08  3.30000000e+00  3.54100000e-08  3.30000000e+00  3.54100000e-08  3.29897708e+00  3.54100000e-08  3.29920338e+00  3.54100000e-08  0.00000000e+00  3.54100000e-08  0.00000000e+00 
 3.54300000e-08  3.30000000e+00  3.54300000e-08  3.30000000e+00  3.54300000e-08  3.29898255e+00  3.54300000e-08  3.29920770e+00  3.54300000e-08  0.00000000e+00  3.54300000e-08  0.00000000e+00 
 3.54500000e-08  3.30000000e+00  3.54500000e-08  3.30000000e+00  3.54500000e-08  3.29898799e+00  3.54500000e-08  3.29921198e+00  3.54500000e-08  0.00000000e+00  3.54500000e-08  0.00000000e+00 
 3.54700000e-08  3.30000000e+00  3.54700000e-08  3.30000000e+00  3.54700000e-08  3.29899336e+00  3.54700000e-08  3.29921621e+00  3.54700000e-08  0.00000000e+00  3.54700000e-08  0.00000000e+00 
 3.54900000e-08  3.30000000e+00  3.54900000e-08  3.30000000e+00  3.54900000e-08  3.29899869e+00  3.54900000e-08  3.29922040e+00  3.54900000e-08  0.00000000e+00  3.54900000e-08  0.00000000e+00 
 3.55100000e-08  3.30000000e+00  3.55100000e-08  3.30000000e+00  3.55100000e-08  3.29900396e+00  3.55100000e-08  3.29922455e+00  3.55100000e-08  0.00000000e+00  3.55100000e-08  0.00000000e+00 
 3.55300000e-08  3.30000000e+00  3.55300000e-08  3.30000000e+00  3.55300000e-08  3.29900919e+00  3.55300000e-08  3.29922867e+00  3.55300000e-08  0.00000000e+00  3.55300000e-08  0.00000000e+00 
 3.55500000e-08  3.30000000e+00  3.55500000e-08  3.30000000e+00  3.55500000e-08  3.29901435e+00  3.55500000e-08  3.29923273e+00  3.55500000e-08  0.00000000e+00  3.55500000e-08  0.00000000e+00 
 3.55700000e-08  3.30000000e+00  3.55700000e-08  3.30000000e+00  3.55700000e-08  3.29901947e+00  3.55700000e-08  3.29923676e+00  3.55700000e-08  0.00000000e+00  3.55700000e-08  0.00000000e+00 
 3.55900000e-08  3.30000000e+00  3.55900000e-08  3.30000000e+00  3.55900000e-08  3.29902453e+00  3.55900000e-08  3.29924075e+00  3.55900000e-08  0.00000000e+00  3.55900000e-08  0.00000000e+00 
 3.56100000e-08  3.30000000e+00  3.56100000e-08  3.30000000e+00  3.56100000e-08  3.29902956e+00  3.56100000e-08  3.29924471e+00  3.56100000e-08  0.00000000e+00  3.56100000e-08  0.00000000e+00 
 3.56300000e-08  3.30000000e+00  3.56300000e-08  3.30000000e+00  3.56300000e-08  3.29903452e+00  3.56300000e-08  3.29924862e+00  3.56300000e-08  0.00000000e+00  3.56300000e-08  0.00000000e+00 
 3.56500000e-08  3.30000000e+00  3.56500000e-08  3.30000000e+00  3.56500000e-08  3.29903946e+00  3.56500000e-08  3.29925250e+00  3.56500000e-08  0.00000000e+00  3.56500000e-08  0.00000000e+00 
 3.56700000e-08  3.30000000e+00  3.56700000e-08  3.30000000e+00  3.56700000e-08  3.29904433e+00  3.56700000e-08  3.29925633e+00  3.56700000e-08  0.00000000e+00  3.56700000e-08  0.00000000e+00 
 3.56900000e-08  3.30000000e+00  3.56900000e-08  3.30000000e+00  3.56900000e-08  3.29904917e+00  3.56900000e-08  3.29926014e+00  3.56900000e-08  0.00000000e+00  3.56900000e-08  0.00000000e+00 
 3.57100000e-08  3.30000000e+00  3.57100000e-08  3.30000000e+00  3.57100000e-08  3.29905394e+00  3.57100000e-08  3.29926390e+00  3.57100000e-08  0.00000000e+00  3.57100000e-08  0.00000000e+00 
 3.57300000e-08  3.30000000e+00  3.57300000e-08  3.30000000e+00  3.57300000e-08  3.29905869e+00  3.57300000e-08  3.29926763e+00  3.57300000e-08  0.00000000e+00  3.57300000e-08  0.00000000e+00 
 3.57500000e-08  3.30000000e+00  3.57500000e-08  3.30000000e+00  3.57500000e-08  3.29906338e+00  3.57500000e-08  3.29927133e+00  3.57500000e-08  0.00000000e+00  3.57500000e-08  0.00000000e+00 
 3.57700000e-08  3.30000000e+00  3.57700000e-08  3.30000000e+00  3.57700000e-08  3.29906804e+00  3.57700000e-08  3.29927499e+00  3.57700000e-08  0.00000000e+00  3.57700000e-08  0.00000000e+00 
 3.57900000e-08  3.30000000e+00  3.57900000e-08  3.30000000e+00  3.57900000e-08  3.29907265e+00  3.57900000e-08  3.29927862e+00  3.57900000e-08  0.00000000e+00  3.57900000e-08  0.00000000e+00 
 3.58100000e-08  3.30000000e+00  3.58100000e-08  3.30000000e+00  3.58100000e-08  3.29907722e+00  3.58100000e-08  3.29928221e+00  3.58100000e-08  0.00000000e+00  3.58100000e-08  0.00000000e+00 
 3.58300000e-08  3.30000000e+00  3.58300000e-08  3.30000000e+00  3.58300000e-08  3.29908174e+00  3.58300000e-08  3.29928577e+00  3.58300000e-08  0.00000000e+00  3.58300000e-08  0.00000000e+00 
 3.58500000e-08  3.30000000e+00  3.58500000e-08  3.30000000e+00  3.58500000e-08  3.29908623e+00  3.58500000e-08  3.29928930e+00  3.58500000e-08  0.00000000e+00  3.58500000e-08  0.00000000e+00 
 3.58700000e-08  3.30000000e+00  3.58700000e-08  3.30000000e+00  3.58700000e-08  3.29909067e+00  3.58700000e-08  3.29929279e+00  3.58700000e-08  0.00000000e+00  3.58700000e-08  0.00000000e+00 
 3.58900000e-08  3.30000000e+00  3.58900000e-08  3.30000000e+00  3.58900000e-08  3.29909508e+00  3.58900000e-08  3.29929625e+00  3.58900000e-08  0.00000000e+00  3.58900000e-08  0.00000000e+00 
 3.59100000e-08  3.30000000e+00  3.59100000e-08  3.30000000e+00  3.59100000e-08  3.29909943e+00  3.59100000e-08  3.29929968e+00  3.59100000e-08  0.00000000e+00  3.59100000e-08  0.00000000e+00 
 3.59300000e-08  3.30000000e+00  3.59300000e-08  3.30000000e+00  3.59300000e-08  3.29910376e+00  3.59300000e-08  3.29930308e+00  3.59300000e-08  0.00000000e+00  3.59300000e-08  0.00000000e+00 
 3.59500000e-08  3.30000000e+00  3.59500000e-08  3.30000000e+00  3.59500000e-08  3.29910804e+00  3.59500000e-08  3.29930645e+00  3.59500000e-08  0.00000000e+00  3.59500000e-08  0.00000000e+00 
 3.59700000e-08  3.30000000e+00  3.59700000e-08  3.30000000e+00  3.59700000e-08  3.29911229e+00  3.59700000e-08  3.29930979e+00  3.59700000e-08  0.00000000e+00  3.59700000e-08  0.00000000e+00 
 3.59900000e-08  3.30000000e+00  3.59900000e-08  3.30000000e+00  3.59900000e-08  3.29911649e+00  3.59900000e-08  3.29931310e+00  3.59900000e-08  0.00000000e+00  3.59900000e-08  0.00000000e+00 
 3.60100000e-08  3.30000000e+00  3.60100000e-08  3.30000000e+00  3.60100000e-08  3.29912067e+00  3.60100000e-08  3.29931638e+00  3.60100000e-08  0.00000000e+00  3.60100000e-08  0.00000000e+00 
 3.60300000e-08  3.30000000e+00  3.60300000e-08  3.30000000e+00  3.60300000e-08  3.29912480e+00  3.60300000e-08  3.29931962e+00  3.60300000e-08  0.00000000e+00  3.60300000e-08  0.00000000e+00 
 3.60500000e-08  3.30000000e+00  3.60500000e-08  3.30000000e+00  3.60500000e-08  3.29912891e+00  3.60500000e-08  3.29932285e+00  3.60500000e-08  0.00000000e+00  3.60500000e-08  0.00000000e+00 
 3.60700000e-08  3.30000000e+00  3.60700000e-08  3.30000000e+00  3.60700000e-08  3.29913296e+00  3.60700000e-08  3.29932604e+00  3.60700000e-08  0.00000000e+00  3.60700000e-08  0.00000000e+00 
 3.60900000e-08  3.30000000e+00  3.60900000e-08  3.30000000e+00  3.60900000e-08  3.29913700e+00  3.60900000e-08  3.29932920e+00  3.60900000e-08  0.00000000e+00  3.60900000e-08  0.00000000e+00 
 3.61100000e-08  3.30000000e+00  3.61100000e-08  3.30000000e+00  3.61100000e-08  3.29914098e+00  3.61100000e-08  3.29933234e+00  3.61100000e-08  0.00000000e+00  3.61100000e-08  0.00000000e+00 
 3.61300000e-08  3.30000000e+00  3.61300000e-08  3.30000000e+00  3.61300000e-08  3.29914495e+00  3.61300000e-08  3.29933545e+00  3.61300000e-08  0.00000000e+00  3.61300000e-08  0.00000000e+00 
 3.61500000e-08  3.30000000e+00  3.61500000e-08  3.30000000e+00  3.61500000e-08  3.29914886e+00  3.61500000e-08  3.29933853e+00  3.61500000e-08  0.00000000e+00  3.61500000e-08  0.00000000e+00 
 3.61700000e-08  3.30000000e+00  3.61700000e-08  3.30000000e+00  3.61700000e-08  3.29915276e+00  3.61700000e-08  3.29934159e+00  3.61700000e-08  0.00000000e+00  3.61700000e-08  0.00000000e+00 
 3.61900000e-08  3.30000000e+00  3.61900000e-08  3.30000000e+00  3.61900000e-08  3.29915661e+00  3.61900000e-08  3.29934462e+00  3.61900000e-08  0.00000000e+00  3.61900000e-08  0.00000000e+00 
 3.62100000e-08  3.30000000e+00  3.62100000e-08  3.30000000e+00  3.62100000e-08  3.29916044e+00  3.62100000e-08  3.29934762e+00  3.62100000e-08  0.00000000e+00  3.62100000e-08  0.00000000e+00 
 3.62300000e-08  3.30000000e+00  3.62300000e-08  3.30000000e+00  3.62300000e-08  3.29916422e+00  3.62300000e-08  3.29935060e+00  3.62300000e-08  0.00000000e+00  3.62300000e-08  0.00000000e+00 
 3.62500000e-08  3.30000000e+00  3.62500000e-08  3.30000000e+00  3.62500000e-08  3.29916799e+00  3.62500000e-08  3.29935355e+00  3.62500000e-08  0.00000000e+00  3.62500000e-08  0.00000000e+00 
 3.62700000e-08  3.30000000e+00  3.62700000e-08  3.30000000e+00  3.62700000e-08  3.29917171e+00  3.62700000e-08  3.29935648e+00  3.62700000e-08  0.00000000e+00  3.62700000e-08  0.00000000e+00 
 3.62900000e-08  3.30000000e+00  3.62900000e-08  3.30000000e+00  3.62900000e-08  3.29917542e+00  3.62900000e-08  3.29935938e+00  3.62900000e-08  0.00000000e+00  3.62900000e-08  0.00000000e+00 
 3.63100000e-08  3.30000000e+00  3.63100000e-08  3.30000000e+00  3.63100000e-08  3.29917907e+00  3.63100000e-08  3.29936226e+00  3.63100000e-08  0.00000000e+00  3.63100000e-08  0.00000000e+00 
 3.63300000e-08  3.30000000e+00  3.63300000e-08  3.30000000e+00  3.63300000e-08  3.29918272e+00  3.63300000e-08  3.29936511e+00  3.63300000e-08  0.00000000e+00  3.63300000e-08  0.00000000e+00 
 3.63500000e-08  3.30000000e+00  3.63500000e-08  3.30000000e+00  3.63500000e-08  3.29918631e+00  3.63500000e-08  3.29936794e+00  3.63500000e-08  0.00000000e+00  3.63500000e-08  0.00000000e+00 
 3.63700000e-08  3.30000000e+00  3.63700000e-08  3.30000000e+00  3.63700000e-08  3.29918990e+00  3.63700000e-08  3.29937075e+00  3.63700000e-08  0.00000000e+00  3.63700000e-08  0.00000000e+00 
 3.63900000e-08  3.30000000e+00  3.63900000e-08  3.30000000e+00  3.63900000e-08  3.29919343e+00  3.63900000e-08  3.29937353e+00  3.63900000e-08  0.00000000e+00  3.63900000e-08  0.00000000e+00 
 3.64100000e-08  3.30000000e+00  3.64100000e-08  3.30000000e+00  3.64100000e-08  3.29919696e+00  3.64100000e-08  3.29937629e+00  3.64100000e-08  0.00000000e+00  3.64100000e-08  0.00000000e+00 
 3.64300000e-08  3.30000000e+00  3.64300000e-08  3.30000000e+00  3.64300000e-08  3.29920044e+00  3.64300000e-08  3.29937903e+00  3.64300000e-08  0.00000000e+00  3.64300000e-08  0.00000000e+00 
 3.64500000e-08  3.30000000e+00  3.64500000e-08  3.30000000e+00  3.64500000e-08  3.29920390e+00  3.64500000e-08  3.29938175e+00  3.64500000e-08  0.00000000e+00  3.64500000e-08  0.00000000e+00 
 3.64700000e-08  3.30000000e+00  3.64700000e-08  3.30000000e+00  3.64700000e-08  3.29920733e+00  3.64700000e-08  3.29938444e+00  3.64700000e-08  0.00000000e+00  3.64700000e-08  0.00000000e+00 
 3.64900000e-08  3.30000000e+00  3.64900000e-08  3.30000000e+00  3.64900000e-08  3.29921074e+00  3.64900000e-08  3.29938711e+00  3.64900000e-08  0.00000000e+00  3.64900000e-08  0.00000000e+00 
 3.65100000e-08  3.30000000e+00  3.65100000e-08  3.30000000e+00  3.65100000e-08  3.29921411e+00  3.65100000e-08  3.29938976e+00  3.65100000e-08  0.00000000e+00  3.65100000e-08  0.00000000e+00 
 3.65300000e-08  3.30000000e+00  3.65300000e-08  3.30000000e+00  3.65300000e-08  3.29921746e+00  3.65300000e-08  3.29939239e+00  3.65300000e-08  0.00000000e+00  3.65300000e-08  0.00000000e+00 
 3.65500000e-08  3.30000000e+00  3.65500000e-08  3.30000000e+00  3.65500000e-08  3.29922078e+00  3.65500000e-08  3.29939499e+00  3.65500000e-08  0.00000000e+00  3.65500000e-08  0.00000000e+00 
 3.65700000e-08  3.30000000e+00  3.65700000e-08  3.30000000e+00  3.65700000e-08  3.29922408e+00  3.65700000e-08  3.29939758e+00  3.65700000e-08  0.00000000e+00  3.65700000e-08  0.00000000e+00 
 3.65900000e-08  3.30000000e+00  3.65900000e-08  3.30000000e+00  3.65900000e-08  3.29922734e+00  3.65900000e-08  3.29940014e+00  3.65900000e-08  0.00000000e+00  3.65900000e-08  0.00000000e+00 
 3.66100000e-08  3.30000000e+00  3.66100000e-08  3.30000000e+00  3.66100000e-08  3.29923060e+00  3.66100000e-08  3.29940269e+00  3.66100000e-08  0.00000000e+00  3.66100000e-08  0.00000000e+00 
 3.66300000e-08  3.30000000e+00  3.66300000e-08  3.30000000e+00  3.66300000e-08  3.29923381e+00  3.66300000e-08  3.29940521e+00  3.66300000e-08  0.00000000e+00  3.66300000e-08  0.00000000e+00 
 3.66500000e-08  3.30000000e+00  3.66500000e-08  3.30000000e+00  3.66500000e-08  3.29923701e+00  3.66500000e-08  3.29940772e+00  3.66500000e-08  0.00000000e+00  3.66500000e-08  0.00000000e+00 
 3.66700000e-08  3.30000000e+00  3.66700000e-08  3.30000000e+00  3.66700000e-08  3.29924017e+00  3.66700000e-08  3.29941020e+00  3.66700000e-08  0.00000000e+00  3.66700000e-08  0.00000000e+00 
 3.66900000e-08  3.30000000e+00  3.66900000e-08  3.30000000e+00  3.66900000e-08  3.29924332e+00  3.66900000e-08  3.29941267e+00  3.66900000e-08  0.00000000e+00  3.66900000e-08  0.00000000e+00 
 3.67100000e-08  3.30000000e+00  3.67100000e-08  3.30000000e+00  3.67100000e-08  3.29924643e+00  3.67100000e-08  3.29941511e+00  3.67100000e-08  0.00000000e+00  3.67100000e-08  0.00000000e+00 
 3.67300000e-08  3.30000000e+00  3.67300000e-08  3.30000000e+00  3.67300000e-08  3.29924953e+00  3.67300000e-08  3.29941754e+00  3.67300000e-08  0.00000000e+00  3.67300000e-08  0.00000000e+00 
 3.67500000e-08  3.30000000e+00  3.67500000e-08  3.30000000e+00  3.67500000e-08  3.29925260e+00  3.67500000e-08  3.29941995e+00  3.67500000e-08  0.00000000e+00  3.67500000e-08  0.00000000e+00 
 3.67700000e-08  3.30000000e+00  3.67700000e-08  3.30000000e+00  3.67700000e-08  3.29925565e+00  3.67700000e-08  3.29942234e+00  3.67700000e-08  0.00000000e+00  3.67700000e-08  0.00000000e+00 
 3.67900000e-08  3.30000000e+00  3.67900000e-08  3.30000000e+00  3.67900000e-08  3.29925867e+00  3.67900000e-08  3.29942471e+00  3.67900000e-08  0.00000000e+00  3.67900000e-08  0.00000000e+00 
 3.68100000e-08  3.30000000e+00  3.68100000e-08  3.30000000e+00  3.68100000e-08  3.29926168e+00  3.68100000e-08  3.29942706e+00  3.68100000e-08  0.00000000e+00  3.68100000e-08  0.00000000e+00 
 3.68300000e-08  3.30000000e+00  3.68300000e-08  3.30000000e+00  3.68300000e-08  3.29926465e+00  3.68300000e-08  3.29942940e+00  3.68300000e-08  0.00000000e+00  3.68300000e-08  0.00000000e+00 
 3.68500000e-08  3.30000000e+00  3.68500000e-08  3.30000000e+00  3.68500000e-08  3.29926761e+00  3.68500000e-08  3.29943172e+00  3.68500000e-08  0.00000000e+00  3.68500000e-08  0.00000000e+00 
 3.68700000e-08  3.30000000e+00  3.68700000e-08  3.30000000e+00  3.68700000e-08  3.29927054e+00  3.68700000e-08  3.29943401e+00  3.68700000e-08  0.00000000e+00  3.68700000e-08  0.00000000e+00 
 3.68900000e-08  3.30000000e+00  3.68900000e-08  3.30000000e+00  3.68900000e-08  3.29927346e+00  3.68900000e-08  3.29943630e+00  3.68900000e-08  0.00000000e+00  3.68900000e-08  0.00000000e+00 
 3.69100000e-08  3.30000000e+00  3.69100000e-08  3.30000000e+00  3.69100000e-08  3.29927634e+00  3.69100000e-08  3.29943856e+00  3.69100000e-08  0.00000000e+00  3.69100000e-08  0.00000000e+00 
 3.69300000e-08  3.30000000e+00  3.69300000e-08  3.30000000e+00  3.69300000e-08  3.29927921e+00  3.69300000e-08  3.29944081e+00  3.69300000e-08  0.00000000e+00  3.69300000e-08  0.00000000e+00 
 3.69500000e-08  3.30000000e+00  3.69500000e-08  3.30000000e+00  3.69500000e-08  3.29928205e+00  3.69500000e-08  3.29944304e+00  3.69500000e-08  0.00000000e+00  3.69500000e-08  0.00000000e+00 
 3.69700000e-08  3.30000000e+00  3.69700000e-08  3.30000000e+00  3.69700000e-08  3.29928488e+00  3.69700000e-08  3.29944525e+00  3.69700000e-08  0.00000000e+00  3.69700000e-08  0.00000000e+00 
 3.69900000e-08  3.30000000e+00  3.69900000e-08  3.30000000e+00  3.69900000e-08  3.29928768e+00  3.69900000e-08  3.29944745e+00  3.69900000e-08  0.00000000e+00  3.69900000e-08  0.00000000e+00 
 3.70100000e-08  3.30000000e+00  3.70100000e-08  3.30000000e+00  3.70100000e-08  3.29929047e+00  3.70100000e-08  3.29944963e+00  3.70100000e-08  0.00000000e+00  3.70100000e-08  0.00000000e+00 
 3.70300000e-08  3.30000000e+00  3.70300000e-08  3.30000000e+00  3.70300000e-08  3.29929323e+00  3.70300000e-08  3.29945180e+00  3.70300000e-08  0.00000000e+00  3.70300000e-08  0.00000000e+00 
 3.70500000e-08  3.30000000e+00  3.70500000e-08  3.30000000e+00  3.70500000e-08  3.29929598e+00  3.70500000e-08  3.29945395e+00  3.70500000e-08  0.00000000e+00  3.70500000e-08  0.00000000e+00 
 3.70700000e-08  3.30000000e+00  3.70700000e-08  3.30000000e+00  3.70700000e-08  3.29929869e+00  3.70700000e-08  3.29945608e+00  3.70700000e-08  0.00000000e+00  3.70700000e-08  0.00000000e+00 
 3.70900000e-08  3.30000000e+00  3.70900000e-08  3.30000000e+00  3.70900000e-08  3.29930141e+00  3.70900000e-08  3.29945820e+00  3.70900000e-08  0.00000000e+00  3.70900000e-08  0.00000000e+00 
 3.71100000e-08  3.30000000e+00  3.71100000e-08  3.30000000e+00  3.71100000e-08  3.29930408e+00  3.71100000e-08  3.29946030e+00  3.71100000e-08  0.00000000e+00  3.71100000e-08  0.00000000e+00 
 3.71300000e-08  3.30000000e+00  3.71300000e-08  3.30000000e+00  3.71300000e-08  3.29930675e+00  3.71300000e-08  3.29946239e+00  3.71300000e-08  0.00000000e+00  3.71300000e-08  0.00000000e+00 
 3.71500000e-08  3.30000000e+00  3.71500000e-08  3.30000000e+00  3.71500000e-08  3.29930939e+00  3.71500000e-08  3.29946446e+00  3.71500000e-08  0.00000000e+00  3.71500000e-08  0.00000000e+00 
 3.71700000e-08  3.30000000e+00  3.71700000e-08  3.30000000e+00  3.71700000e-08  3.29931202e+00  3.71700000e-08  3.29946651e+00  3.71700000e-08  0.00000000e+00  3.71700000e-08  0.00000000e+00 
 3.71900000e-08  3.30000000e+00  3.71900000e-08  3.30000000e+00  3.71900000e-08  3.29931462e+00  3.71900000e-08  3.29946855e+00  3.71900000e-08  0.00000000e+00  3.71900000e-08  0.00000000e+00 
 3.72100000e-08  3.30000000e+00  3.72100000e-08  3.30000000e+00  3.72100000e-08  3.29931722e+00  3.72100000e-08  3.29947058e+00  3.72100000e-08  0.00000000e+00  3.72100000e-08  0.00000000e+00 
 3.72300000e-08  3.30000000e+00  3.72300000e-08  3.30000000e+00  3.72300000e-08  3.29931978e+00  3.72300000e-08  3.29947259e+00  3.72300000e-08  0.00000000e+00  3.72300000e-08  0.00000000e+00 
 3.72500000e-08  3.30000000e+00  3.72500000e-08  3.30000000e+00  3.72500000e-08  3.29932234e+00  3.72500000e-08  3.29947459e+00  3.72500000e-08  0.00000000e+00  3.72500000e-08  0.00000000e+00 
 3.72700000e-08  3.30000000e+00  3.72700000e-08  3.30000000e+00  3.72700000e-08  3.29932487e+00  3.72700000e-08  3.29947658e+00  3.72700000e-08  0.00000000e+00  3.72700000e-08  0.00000000e+00 
 3.72900000e-08  3.30000000e+00  3.72900000e-08  3.30000000e+00  3.72900000e-08  3.29932739e+00  3.72900000e-08  3.29947855e+00  3.72900000e-08  0.00000000e+00  3.72900000e-08  0.00000000e+00 
 3.73100000e-08  3.30000000e+00  3.73100000e-08  3.30000000e+00  3.73100000e-08  3.29932988e+00  3.73100000e-08  3.29948050e+00  3.73100000e-08  0.00000000e+00  3.73100000e-08  0.00000000e+00 
 3.73300000e-08  3.30000000e+00  3.73300000e-08  3.30000000e+00  3.73300000e-08  3.29933237e+00  3.73300000e-08  3.29948244e+00  3.73300000e-08  0.00000000e+00  3.73300000e-08  0.00000000e+00 
 3.73500000e-08  3.30000000e+00  3.73500000e-08  3.30000000e+00  3.73500000e-08  3.29933483e+00  3.73500000e-08  3.29948437e+00  3.73500000e-08  0.00000000e+00  3.73500000e-08  0.00000000e+00 
 3.73700000e-08  3.30000000e+00  3.73700000e-08  3.30000000e+00  3.73700000e-08  3.29933728e+00  3.73700000e-08  3.29948629e+00  3.73700000e-08  0.00000000e+00  3.73700000e-08  0.00000000e+00 
 3.73900000e-08  3.30000000e+00  3.73900000e-08  3.30000000e+00  3.73900000e-08  3.29933970e+00  3.73900000e-08  3.29948819e+00  3.73900000e-08  0.00000000e+00  3.73900000e-08  0.00000000e+00 
 3.74100000e-08  3.30000000e+00  3.74100000e-08  3.30000000e+00  3.74100000e-08  3.29934213e+00  3.74100000e-08  3.29949008e+00  3.74100000e-08  0.00000000e+00  3.74100000e-08  0.00000000e+00 
 3.74300000e-08  3.30000000e+00  3.74300000e-08  3.30000000e+00  3.74300000e-08  3.29934451e+00  3.74300000e-08  3.29949195e+00  3.74300000e-08  0.00000000e+00  3.74300000e-08  0.00000000e+00 
 3.74500000e-08  3.30000000e+00  3.74500000e-08  3.30000000e+00  3.74500000e-08  3.29934690e+00  3.74500000e-08  3.29949382e+00  3.74500000e-08  0.00000000e+00  3.74500000e-08  0.00000000e+00 
 3.74700000e-08  3.30000000e+00  3.74700000e-08  3.30000000e+00  3.74700000e-08  3.29934926e+00  3.74700000e-08  3.29949566e+00  3.74700000e-08  0.00000000e+00  3.74700000e-08  0.00000000e+00 
 3.74900000e-08  3.30000000e+00  3.74900000e-08  3.30000000e+00  3.74900000e-08  3.29935161e+00  3.74900000e-08  3.29949750e+00  3.74900000e-08  0.00000000e+00  3.74900000e-08  0.00000000e+00 
 3.75100000e-08  3.30000000e+00  3.75100000e-08  3.30000000e+00  3.75100000e-08  3.29935394e+00  3.75100000e-08  3.29949932e+00  3.75100000e-08  0.00000000e+00  3.75100000e-08  0.00000000e+00 
 3.75300000e-08  3.30000000e+00  3.75300000e-08  3.30000000e+00  3.75300000e-08  3.29935626e+00  3.75300000e-08  3.29950114e+00  3.75300000e-08  0.00000000e+00  3.75300000e-08  0.00000000e+00 
 3.75500000e-08  3.30000000e+00  3.75500000e-08  3.30000000e+00  3.75500000e-08  3.29935855e+00  3.75500000e-08  3.29950294e+00  3.75500000e-08  0.00000000e+00  3.75500000e-08  0.00000000e+00 
 3.75700000e-08  3.30000000e+00  3.75700000e-08  3.30000000e+00  3.75700000e-08  3.29936084e+00  3.75700000e-08  3.29950472e+00  3.75700000e-08  0.00000000e+00  3.75700000e-08  0.00000000e+00 
 3.75900000e-08  3.30000000e+00  3.75900000e-08  3.30000000e+00  3.75900000e-08  3.29936310e+00  3.75900000e-08  3.29950650e+00  3.75900000e-08  0.00000000e+00  3.75900000e-08  0.00000000e+00 
 3.76100000e-08  3.30000000e+00  3.76100000e-08  3.30000000e+00  3.76100000e-08  3.29936537e+00  3.76100000e-08  3.29950826e+00  3.76100000e-08  0.00000000e+00  3.76100000e-08  0.00000000e+00 
 3.76300000e-08  3.30000000e+00  3.76300000e-08  3.30000000e+00  3.76300000e-08  3.29936760e+00  3.76300000e-08  3.29951001e+00  3.76300000e-08  0.00000000e+00  3.76300000e-08  0.00000000e+00 
 3.76500000e-08  3.30000000e+00  3.76500000e-08  3.30000000e+00  3.76500000e-08  3.29936983e+00  3.76500000e-08  3.29951175e+00  3.76500000e-08  0.00000000e+00  3.76500000e-08  0.00000000e+00 
 3.76700000e-08  3.30000000e+00  3.76700000e-08  3.30000000e+00  3.76700000e-08  3.29937203e+00  3.76700000e-08  3.29951348e+00  3.76700000e-08  0.00000000e+00  3.76700000e-08  0.00000000e+00 
 3.76900000e-08  3.30000000e+00  3.76900000e-08  3.30000000e+00  3.76900000e-08  3.29937423e+00  3.76900000e-08  3.29951520e+00  3.76900000e-08  0.00000000e+00  3.76900000e-08  0.00000000e+00 
 3.77100000e-08  3.30000000e+00  3.77100000e-08  3.30000000e+00  3.77100000e-08  3.29937641e+00  3.77100000e-08  3.29951690e+00  3.77100000e-08  0.00000000e+00  3.77100000e-08  0.00000000e+00 
 3.77300000e-08  3.30000000e+00  3.77300000e-08  3.30000000e+00  3.77300000e-08  3.29937858e+00  3.77300000e-08  3.29951860e+00  3.77300000e-08  0.00000000e+00  3.77300000e-08  0.00000000e+00 
 3.77500000e-08  3.30000000e+00  3.77500000e-08  3.30000000e+00  3.77500000e-08  3.29938072e+00  3.77500000e-08  3.29952028e+00  3.77500000e-08  0.00000000e+00  3.77500000e-08  0.00000000e+00 
 3.77700000e-08  3.30000000e+00  3.77700000e-08  3.30000000e+00  3.77700000e-08  3.29938287e+00  3.77700000e-08  3.29952195e+00  3.77700000e-08  0.00000000e+00  3.77700000e-08  0.00000000e+00 
 3.77900000e-08  3.30000000e+00  3.77900000e-08  3.30000000e+00  3.77900000e-08  3.29938498e+00  3.77900000e-08  3.29952361e+00  3.77900000e-08  0.00000000e+00  3.77900000e-08  0.00000000e+00 
 3.78100000e-08  3.30000000e+00  3.78100000e-08  3.30000000e+00  3.78100000e-08  3.29938710e+00  3.78100000e-08  3.29952526e+00  3.78100000e-08  0.00000000e+00  3.78100000e-08  0.00000000e+00 
 3.78300000e-08  3.30000000e+00  3.78300000e-08  3.30000000e+00  3.78300000e-08  3.29938919e+00  3.78300000e-08  3.29952690e+00  3.78300000e-08  0.00000000e+00  3.78300000e-08  0.00000000e+00 
 3.78500000e-08  3.30000000e+00  3.78500000e-08  3.30000000e+00  3.78500000e-08  3.29939128e+00  3.78500000e-08  3.29952853e+00  3.78500000e-08  0.00000000e+00  3.78500000e-08  0.00000000e+00 
 3.78700000e-08  3.30000000e+00  3.78700000e-08  3.30000000e+00  3.78700000e-08  3.29939334e+00  3.78700000e-08  3.29953014e+00  3.78700000e-08  0.00000000e+00  3.78700000e-08  0.00000000e+00 
 3.78900000e-08  3.30000000e+00  3.78900000e-08  3.30000000e+00  3.78900000e-08  3.29939541e+00  3.78900000e-08  3.29953175e+00  3.78900000e-08  0.00000000e+00  3.78900000e-08  0.00000000e+00 
 3.79100000e-08  3.30000000e+00  3.79100000e-08  3.30000000e+00  3.79100000e-08  3.29939744e+00  3.79100000e-08  3.29953335e+00  3.79100000e-08  0.00000000e+00  3.79100000e-08  0.00000000e+00 
 3.79300000e-08  3.30000000e+00  3.79300000e-08  3.30000000e+00  3.79300000e-08  3.29939948e+00  3.79300000e-08  3.29953493e+00  3.79300000e-08  0.00000000e+00  3.79300000e-08  0.00000000e+00 
 3.79500000e-08  3.30000000e+00  3.79500000e-08  3.30000000e+00  3.79500000e-08  3.29940149e+00  3.79500000e-08  3.29953651e+00  3.79500000e-08  0.00000000e+00  3.79500000e-08  0.00000000e+00 
 3.79700000e-08  3.30000000e+00  3.79700000e-08  3.30000000e+00  3.79700000e-08  3.29940350e+00  3.79700000e-08  3.29953808e+00  3.79700000e-08  0.00000000e+00  3.79700000e-08  0.00000000e+00 
 3.79900000e-08  3.30000000e+00  3.79900000e-08  3.30000000e+00  3.79900000e-08  3.29940548e+00  3.79900000e-08  3.29953963e+00  3.79900000e-08  0.00000000e+00  3.79900000e-08  0.00000000e+00 
 3.80100000e-08  3.30000000e+00  3.80100000e-08  3.30000000e+00  3.80100000e-08  3.29940747e+00  3.80100000e-08  3.29954118e+00  3.80100000e-08  0.00000000e+00  3.80100000e-08  0.00000000e+00 
 3.80300000e-08  3.30000000e+00  3.80300000e-08  3.30000000e+00  3.80300000e-08  3.29940943e+00  3.80300000e-08  3.29954271e+00  3.80300000e-08  0.00000000e+00  3.80300000e-08  0.00000000e+00 
 3.80500000e-08  3.30000000e+00  3.80500000e-08  3.30000000e+00  3.80500000e-08  3.29941139e+00  3.80500000e-08  3.29954424e+00  3.80500000e-08  0.00000000e+00  3.80500000e-08  0.00000000e+00 
 3.80700000e-08  3.30000000e+00  3.80700000e-08  3.30000000e+00  3.80700000e-08  3.29941333e+00  3.80700000e-08  3.29954576e+00  3.80700000e-08  0.00000000e+00  3.80700000e-08  0.00000000e+00 
 3.80900000e-08  3.30000000e+00  3.80900000e-08  3.30000000e+00  3.80900000e-08  3.29941526e+00  3.80900000e-08  3.29954727e+00  3.80900000e-08  0.00000000e+00  3.80900000e-08  0.00000000e+00 
 3.81100000e-08  3.30000000e+00  3.81100000e-08  3.30000000e+00  3.81100000e-08  3.29941717e+00  3.81100000e-08  3.29954876e+00  3.81100000e-08  0.00000000e+00  3.81100000e-08  0.00000000e+00 
 3.81300000e-08  3.30000000e+00  3.81300000e-08  3.30000000e+00  3.81300000e-08  3.29941909e+00  3.81300000e-08  3.29955026e+00  3.81300000e-08  0.00000000e+00  3.81300000e-08  0.00000000e+00 
 3.81500000e-08  3.30000000e+00  3.81500000e-08  3.30000000e+00  3.81500000e-08  3.29942097e+00  3.81500000e-08  3.29955173e+00  3.81500000e-08  0.00000000e+00  3.81500000e-08  0.00000000e+00 
 3.81700000e-08  3.30000000e+00  3.81700000e-08  3.30000000e+00  3.81700000e-08  3.29942286e+00  3.81700000e-08  3.29955321e+00  3.81700000e-08  0.00000000e+00  3.81700000e-08  0.00000000e+00 
 3.81900000e-08  3.30000000e+00  3.81900000e-08  3.30000000e+00  3.81900000e-08  3.29942473e+00  3.81900000e-08  3.29955467e+00  3.81900000e-08  0.00000000e+00  3.81900000e-08  0.00000000e+00 
 3.82100000e-08  3.30000000e+00  3.82100000e-08  3.30000000e+00  3.82100000e-08  3.29942659e+00  3.82100000e-08  3.29955612e+00  3.82100000e-08  0.00000000e+00  3.82100000e-08  0.00000000e+00 
 3.82300000e-08  3.30000000e+00  3.82300000e-08  3.30000000e+00  3.82300000e-08  3.29942843e+00  3.82300000e-08  3.29955756e+00  3.82300000e-08  0.00000000e+00  3.82300000e-08  0.00000000e+00 
 3.82500000e-08  3.30000000e+00  3.82500000e-08  3.30000000e+00  3.82500000e-08  3.29943028e+00  3.82500000e-08  3.29955900e+00  3.82500000e-08  0.00000000e+00  3.82500000e-08  0.00000000e+00 
 3.82700000e-08  3.30000000e+00  3.82700000e-08  3.30000000e+00  3.82700000e-08  3.29943210e+00  3.82700000e-08  3.29956042e+00  3.82700000e-08  0.00000000e+00  3.82700000e-08  0.00000000e+00 
 3.82900000e-08  3.30000000e+00  3.82900000e-08  3.30000000e+00  3.82900000e-08  3.29943392e+00  3.82900000e-08  3.29956184e+00  3.82900000e-08  0.00000000e+00  3.82900000e-08  0.00000000e+00 
 3.83100000e-08  3.30000000e+00  3.83100000e-08  3.30000000e+00  3.83100000e-08  3.29943571e+00  3.83100000e-08  3.29956325e+00  3.83100000e-08  0.00000000e+00  3.83100000e-08  0.00000000e+00 
 3.83300000e-08  3.30000000e+00  3.83300000e-08  3.30000000e+00  3.83300000e-08  3.29943752e+00  3.83300000e-08  3.29956465e+00  3.83300000e-08  0.00000000e+00  3.83300000e-08  0.00000000e+00 
 3.83500000e-08  3.30000000e+00  3.83500000e-08  3.30000000e+00  3.83500000e-08  3.29943929e+00  3.83500000e-08  3.29956604e+00  3.83500000e-08  0.00000000e+00  3.83500000e-08  0.00000000e+00 
 3.83700000e-08  3.30000000e+00  3.83700000e-08  3.30000000e+00  3.83700000e-08  3.29944107e+00  3.83700000e-08  3.29956742e+00  3.83700000e-08  0.00000000e+00  3.83700000e-08  0.00000000e+00 
 3.83900000e-08  3.30000000e+00  3.83900000e-08  3.30000000e+00  3.83900000e-08  3.29944282e+00  3.83900000e-08  3.29956880e+00  3.83900000e-08  0.00000000e+00  3.83900000e-08  0.00000000e+00 
 3.84100000e-08  3.30000000e+00  3.84100000e-08  3.30000000e+00  3.84100000e-08  3.29944458e+00  3.84100000e-08  3.29957016e+00  3.84100000e-08  0.00000000e+00  3.84100000e-08  0.00000000e+00 
 3.84300000e-08  3.30000000e+00  3.84300000e-08  3.30000000e+00  3.84300000e-08  3.29944631e+00  3.84300000e-08  3.29957152e+00  3.84300000e-08  0.00000000e+00  3.84300000e-08  0.00000000e+00 
 3.84500000e-08  3.30000000e+00  3.84500000e-08  3.30000000e+00  3.84500000e-08  3.29944805e+00  3.84500000e-08  3.29957287e+00  3.84500000e-08  0.00000000e+00  3.84500000e-08  0.00000000e+00 
 3.84700000e-08  3.30000000e+00  3.84700000e-08  3.30000000e+00  3.84700000e-08  3.29944976e+00  3.84700000e-08  3.29957421e+00  3.84700000e-08  0.00000000e+00  3.84700000e-08  0.00000000e+00 
 3.84900000e-08  3.30000000e+00  3.84900000e-08  3.30000000e+00  3.84900000e-08  3.29945148e+00  3.84900000e-08  3.29957555e+00  3.84900000e-08  0.00000000e+00  3.84900000e-08  0.00000000e+00 
 3.85100000e-08  3.30000000e+00  3.85100000e-08  3.30000000e+00  3.85100000e-08  3.29945317e+00  3.85100000e-08  3.29957687e+00  3.85100000e-08  0.00000000e+00  3.85100000e-08  0.00000000e+00 
 3.85300000e-08  3.30000000e+00  3.85300000e-08  3.30000000e+00  3.85300000e-08  3.29945487e+00  3.85300000e-08  3.29957819e+00  3.85300000e-08  0.00000000e+00  3.85300000e-08  0.00000000e+00 
 3.85500000e-08  3.30000000e+00  3.85500000e-08  3.30000000e+00  3.85500000e-08  3.29945654e+00  3.85500000e-08  3.29957950e+00  3.85500000e-08  0.00000000e+00  3.85500000e-08  0.00000000e+00 
 3.85700000e-08  3.30000000e+00  3.85700000e-08  3.30000000e+00  3.85700000e-08  3.29945821e+00  3.85700000e-08  3.29958081e+00  3.85700000e-08  0.00000000e+00  3.85700000e-08  0.00000000e+00 
 3.85900000e-08  3.30000000e+00  3.85900000e-08  3.30000000e+00  3.85900000e-08  3.29945987e+00  3.85900000e-08  3.29958210e+00  3.85900000e-08  0.00000000e+00  3.85900000e-08  0.00000000e+00 
 3.86100000e-08  3.30000000e+00  3.86100000e-08  3.30000000e+00  3.86100000e-08  3.29946152e+00  3.86100000e-08  3.29958339e+00  3.86100000e-08  0.00000000e+00  3.86100000e-08  0.00000000e+00 
 3.86300000e-08  3.30000000e+00  3.86300000e-08  3.30000000e+00  3.86300000e-08  3.29946316e+00  3.86300000e-08  3.29958467e+00  3.86300000e-08  0.00000000e+00  3.86300000e-08  0.00000000e+00 
 3.86500000e-08  3.30000000e+00  3.86500000e-08  3.30000000e+00  3.86500000e-08  3.29946480e+00  3.86500000e-08  3.29958594e+00  3.86500000e-08  0.00000000e+00  3.86500000e-08  0.00000000e+00 
 3.86700000e-08  3.30000000e+00  3.86700000e-08  3.30000000e+00  3.86700000e-08  3.29946641e+00  3.86700000e-08  3.29958720e+00  3.86700000e-08  0.00000000e+00  3.86700000e-08  0.00000000e+00 
 3.86900000e-08  3.30000000e+00  3.86900000e-08  3.30000000e+00  3.86900000e-08  3.29946803e+00  3.86900000e-08  3.29958846e+00  3.86900000e-08  0.00000000e+00  3.86900000e-08  0.00000000e+00 
 3.87100000e-08  3.30000000e+00  3.87100000e-08  3.30000000e+00  3.87100000e-08  3.29946963e+00  3.87100000e-08  3.29958971e+00  3.87100000e-08  0.00000000e+00  3.87100000e-08  0.00000000e+00 
 3.87300000e-08  3.30000000e+00  3.87300000e-08  3.30000000e+00  3.87300000e-08  3.29947123e+00  3.87300000e-08  3.29959096e+00  3.87300000e-08  0.00000000e+00  3.87300000e-08  0.00000000e+00 
 3.87500000e-08  3.30000000e+00  3.87500000e-08  3.30000000e+00  3.87500000e-08  3.29947280e+00  3.87500000e-08  3.29959219e+00  3.87500000e-08  0.00000000e+00  3.87500000e-08  0.00000000e+00 
 3.87700000e-08  3.30000000e+00  3.87700000e-08  3.30000000e+00  3.87700000e-08  3.29947439e+00  3.87700000e-08  3.29959342e+00  3.87700000e-08  0.00000000e+00  3.87700000e-08  0.00000000e+00 
 3.87900000e-08  3.30000000e+00  3.87900000e-08  3.30000000e+00  3.87900000e-08  3.29947595e+00  3.87900000e-08  3.29959465e+00  3.87900000e-08  0.00000000e+00  3.87900000e-08  0.00000000e+00 
 3.88100000e-08  3.30000000e+00  3.88100000e-08  3.30000000e+00  3.88100000e-08  3.29947751e+00  3.88100000e-08  3.29959586e+00  3.88100000e-08  0.00000000e+00  3.88100000e-08  0.00000000e+00 
 3.88300000e-08  3.30000000e+00  3.88300000e-08  3.30000000e+00  3.88300000e-08  3.29947905e+00  3.88300000e-08  3.29959707e+00  3.88300000e-08  0.00000000e+00  3.88300000e-08  0.00000000e+00 
 3.88500000e-08  3.30000000e+00  3.88500000e-08  3.30000000e+00  3.88500000e-08  3.29948060e+00  3.88500000e-08  3.29959827e+00  3.88500000e-08  0.00000000e+00  3.88500000e-08  0.00000000e+00 
 3.88700000e-08  3.30000000e+00  3.88700000e-08  3.30000000e+00  3.88700000e-08  3.29948213e+00  3.88700000e-08  3.29959947e+00  3.88700000e-08  0.00000000e+00  3.88700000e-08  0.00000000e+00 
 3.88900000e-08  3.30000000e+00  3.88900000e-08  3.30000000e+00  3.88900000e-08  3.29948366e+00  3.88900000e-08  3.29960066e+00  3.88900000e-08  0.00000000e+00  3.88900000e-08  0.00000000e+00 
 3.89100000e-08  3.30000000e+00  3.89100000e-08  3.30000000e+00  3.89100000e-08  3.29948517e+00  3.89100000e-08  3.29960183e+00  3.89100000e-08  0.00000000e+00  3.89100000e-08  0.00000000e+00 
 3.89300000e-08  3.30000000e+00  3.89300000e-08  3.30000000e+00  3.89300000e-08  3.29948668e+00  3.89300000e-08  3.29960301e+00  3.89300000e-08  0.00000000e+00  3.89300000e-08  0.00000000e+00 
 3.89500000e-08  3.30000000e+00  3.89500000e-08  3.30000000e+00  3.89500000e-08  3.29948817e+00  3.89500000e-08  3.29960418e+00  3.89500000e-08  0.00000000e+00  3.89500000e-08  0.00000000e+00 
 3.89700000e-08  3.30000000e+00  3.89700000e-08  3.30000000e+00  3.89700000e-08  3.29948967e+00  3.89700000e-08  3.29960534e+00  3.89700000e-08  0.00000000e+00  3.89700000e-08  0.00000000e+00 
 3.89900000e-08  3.30000000e+00  3.89900000e-08  3.30000000e+00  3.89900000e-08  3.29949114e+00  3.89900000e-08  3.29960650e+00  3.89900000e-08  0.00000000e+00  3.89900000e-08  0.00000000e+00 
 3.90100000e-08  3.30000000e+00  3.90100000e-08  3.30000000e+00  3.90100000e-08  3.29949262e+00  3.90100000e-08  3.29960765e+00  3.90100000e-08  0.00000000e+00  3.90100000e-08  0.00000000e+00 
 3.90300000e-08  3.30000000e+00  3.90300000e-08  3.30000000e+00  3.90300000e-08  3.29949408e+00  3.90300000e-08  3.29960879e+00  3.90300000e-08  0.00000000e+00  3.90300000e-08  0.00000000e+00 
 3.90500000e-08  3.30000000e+00  3.90500000e-08  3.30000000e+00  3.90500000e-08  3.29949555e+00  3.90500000e-08  3.29960992e+00  3.90500000e-08  0.00000000e+00  3.90500000e-08  0.00000000e+00 
 3.90700000e-08  3.30000000e+00  3.90700000e-08  3.30000000e+00  3.90700000e-08  3.29949699e+00  3.90700000e-08  3.29961105e+00  3.90700000e-08  0.00000000e+00  3.90700000e-08  0.00000000e+00 
 3.90900000e-08  3.30000000e+00  3.90900000e-08  3.30000000e+00  3.90900000e-08  3.29949844e+00  3.90900000e-08  3.29961218e+00  3.90900000e-08  0.00000000e+00  3.90900000e-08  0.00000000e+00 
 3.91100000e-08  3.30000000e+00  3.91100000e-08  3.30000000e+00  3.91100000e-08  3.29949986e+00  3.91100000e-08  3.29961329e+00  3.91100000e-08  0.00000000e+00  3.91100000e-08  0.00000000e+00 
 3.91300000e-08  3.30000000e+00  3.91300000e-08  3.30000000e+00  3.91300000e-08  3.29950130e+00  3.91300000e-08  3.29961441e+00  3.91300000e-08  0.00000000e+00  3.91300000e-08  0.00000000e+00 
 3.91500000e-08  3.30000000e+00  3.91500000e-08  3.30000000e+00  3.91500000e-08  3.29950271e+00  3.91500000e-08  3.29961551e+00  3.91500000e-08  0.00000000e+00  3.91500000e-08  0.00000000e+00 
 3.91700000e-08  3.30000000e+00  3.91700000e-08  3.30000000e+00  3.91700000e-08  3.29950413e+00  3.91700000e-08  3.29961661e+00  3.91700000e-08  0.00000000e+00  3.91700000e-08  0.00000000e+00 
 3.91900000e-08  3.30000000e+00  3.91900000e-08  3.30000000e+00  3.91900000e-08  3.29950552e+00  3.91900000e-08  3.29961770e+00  3.91900000e-08  0.00000000e+00  3.91900000e-08  0.00000000e+00 
 3.92100000e-08  3.30000000e+00  3.92100000e-08  3.30000000e+00  3.92100000e-08  3.29950693e+00  3.92100000e-08  3.29961879e+00  3.92100000e-08  0.00000000e+00  3.92100000e-08  0.00000000e+00 
 3.92300000e-08  3.30000000e+00  3.92300000e-08  3.30000000e+00  3.92300000e-08  3.29950830e+00  3.92300000e-08  3.29961987e+00  3.92300000e-08  0.00000000e+00  3.92300000e-08  0.00000000e+00 
 3.92500000e-08  3.30000000e+00  3.92500000e-08  3.30000000e+00  3.92500000e-08  3.29950969e+00  3.92500000e-08  3.29962095e+00  3.92500000e-08  0.00000000e+00  3.92500000e-08  0.00000000e+00 
 3.92700000e-08  3.30000000e+00  3.92700000e-08  3.30000000e+00  3.92700000e-08  3.29951106e+00  3.92700000e-08  3.29962202e+00  3.92700000e-08  0.00000000e+00  3.92700000e-08  0.00000000e+00 
 3.92900000e-08  3.30000000e+00  3.92900000e-08  3.30000000e+00  3.92900000e-08  3.29951243e+00  3.92900000e-08  3.29962308e+00  3.92900000e-08  0.00000000e+00  3.92900000e-08  0.00000000e+00 
 3.93100000e-08  3.30000000e+00  3.93100000e-08  3.30000000e+00  3.93100000e-08  3.29951378e+00  3.93100000e-08  3.29962414e+00  3.93100000e-08  0.00000000e+00  3.93100000e-08  0.00000000e+00 
 3.93300000e-08  3.30000000e+00  3.93300000e-08  3.30000000e+00  3.93300000e-08  3.29951514e+00  3.93300000e-08  3.29962520e+00  3.93300000e-08  0.00000000e+00  3.93300000e-08  0.00000000e+00 
 3.93500000e-08  3.30000000e+00  3.93500000e-08  3.30000000e+00  3.93500000e-08  3.29951648e+00  3.93500000e-08  3.29962624e+00  3.93500000e-08  0.00000000e+00  3.93500000e-08  0.00000000e+00 
 3.93700000e-08  3.30000000e+00  3.93700000e-08  3.30000000e+00  3.93700000e-08  3.29951782e+00  3.93700000e-08  3.29962729e+00  3.93700000e-08  0.00000000e+00  3.93700000e-08  0.00000000e+00 
 3.93900000e-08  3.30000000e+00  3.93900000e-08  3.30000000e+00  3.93900000e-08  3.29951915e+00  3.93900000e-08  3.29962832e+00  3.93900000e-08  0.00000000e+00  3.93900000e-08  0.00000000e+00 
 3.94100000e-08  3.30000000e+00  3.94100000e-08  3.30000000e+00  3.94100000e-08  3.29952048e+00  3.94100000e-08  3.29962935e+00  3.94100000e-08  0.00000000e+00  3.94100000e-08  0.00000000e+00 
 3.94300000e-08  3.30000000e+00  3.94300000e-08  3.30000000e+00  3.94300000e-08  3.29952179e+00  3.94300000e-08  3.29963038e+00  3.94300000e-08  0.00000000e+00  3.94300000e-08  0.00000000e+00 
 3.94500000e-08  3.30000000e+00  3.94500000e-08  3.30000000e+00  3.94500000e-08  3.29952310e+00  3.94500000e-08  3.29963140e+00  3.94500000e-08  0.00000000e+00  3.94500000e-08  0.00000000e+00 
 3.94700000e-08  3.30000000e+00  3.94700000e-08  3.30000000e+00  3.94700000e-08  3.29952440e+00  3.94700000e-08  3.29963241e+00  3.94700000e-08  0.00000000e+00  3.94700000e-08  0.00000000e+00 
 3.94900000e-08  3.30000000e+00  3.94900000e-08  3.30000000e+00  3.94900000e-08  3.29952570e+00  3.94900000e-08  3.29963342e+00  3.94900000e-08  0.00000000e+00  3.94900000e-08  0.00000000e+00 
 3.95100000e-08  3.30000000e+00  3.95100000e-08  3.30000000e+00  3.95100000e-08  3.29952698e+00  3.95100000e-08  3.29963443e+00  3.95100000e-08  0.00000000e+00  3.95100000e-08  0.00000000e+00 
 3.95300000e-08  3.30000000e+00  3.95300000e-08  3.30000000e+00  3.95300000e-08  3.29952827e+00  3.95300000e-08  3.29963543e+00  3.95300000e-08  0.00000000e+00  3.95300000e-08  0.00000000e+00 
 3.95500000e-08  3.30000000e+00  3.95500000e-08  3.30000000e+00  3.95500000e-08  3.29952954e+00  3.95500000e-08  3.29963642e+00  3.95500000e-08  0.00000000e+00  3.95500000e-08  0.00000000e+00 
 3.95700000e-08  3.30000000e+00  3.95700000e-08  3.30000000e+00  3.95700000e-08  3.29953082e+00  3.95700000e-08  3.29963741e+00  3.95700000e-08  0.00000000e+00  3.95700000e-08  0.00000000e+00 
 3.95900000e-08  3.30000000e+00  3.95900000e-08  3.30000000e+00  3.95900000e-08  3.29953207e+00  3.95900000e-08  3.29963839e+00  3.95900000e-08  0.00000000e+00  3.95900000e-08  0.00000000e+00 
 3.96100000e-08  3.30000000e+00  3.96100000e-08  3.30000000e+00  3.96100000e-08  3.29953334e+00  3.96100000e-08  3.29963937e+00  3.96100000e-08  0.00000000e+00  3.96100000e-08  0.00000000e+00 
 3.96300000e-08  3.30000000e+00  3.96300000e-08  3.30000000e+00  3.96300000e-08  3.29953458e+00  3.96300000e-08  3.29964034e+00  3.96300000e-08  0.00000000e+00  3.96300000e-08  0.00000000e+00 
 3.96500000e-08  3.30000000e+00  3.96500000e-08  3.30000000e+00  3.96500000e-08  3.29953583e+00  3.96500000e-08  3.29964131e+00  3.96500000e-08  0.00000000e+00  3.96500000e-08  0.00000000e+00 
 3.96700000e-08  3.30000000e+00  3.96700000e-08  3.30000000e+00  3.96700000e-08  3.29953706e+00  3.96700000e-08  3.29964227e+00  3.96700000e-08  0.00000000e+00  3.96700000e-08  0.00000000e+00 
 3.96900000e-08  3.30000000e+00  3.96900000e-08  3.30000000e+00  3.96900000e-08  3.29953830e+00  3.96900000e-08  3.29964323e+00  3.96900000e-08  0.00000000e+00  3.96900000e-08  0.00000000e+00 
 3.97100000e-08  3.30000000e+00  3.97100000e-08  3.30000000e+00  3.97100000e-08  3.29953952e+00  3.97100000e-08  3.29964419e+00  3.97100000e-08  0.00000000e+00  3.97100000e-08  0.00000000e+00 
 3.97300000e-08  3.30000000e+00  3.97300000e-08  3.30000000e+00  3.97300000e-08  3.29954075e+00  3.97300000e-08  3.29964514e+00  3.97300000e-08  0.00000000e+00  3.97300000e-08  0.00000000e+00 
 3.97500000e-08  3.30000000e+00  3.97500000e-08  3.30000000e+00  3.97500000e-08  3.29954195e+00  3.97500000e-08  3.29964608e+00  3.97500000e-08  0.00000000e+00  3.97500000e-08  0.00000000e+00 
 3.97700000e-08  3.30000000e+00  3.97700000e-08  3.30000000e+00  3.97700000e-08  3.29954316e+00  3.97700000e-08  3.29964702e+00  3.97700000e-08  0.00000000e+00  3.97700000e-08  0.00000000e+00 
 3.97900000e-08  3.30000000e+00  3.97900000e-08  3.30000000e+00  3.97900000e-08  3.29954436e+00  3.97900000e-08  3.29964795e+00  3.97900000e-08  0.00000000e+00  3.97900000e-08  0.00000000e+00 
 3.98100000e-08  3.30000000e+00  3.98100000e-08  3.30000000e+00  3.98100000e-08  3.29954556e+00  3.98100000e-08  3.29964889e+00  3.98100000e-08  0.00000000e+00  3.98100000e-08  0.00000000e+00 
 3.98300000e-08  3.30000000e+00  3.98300000e-08  3.30000000e+00  3.98300000e-08  3.29954674e+00  3.98300000e-08  3.29964981e+00  3.98300000e-08  0.00000000e+00  3.98300000e-08  0.00000000e+00 
 3.98500000e-08  3.30000000e+00  3.98500000e-08  3.30000000e+00  3.98500000e-08  3.29954793e+00  3.98500000e-08  3.29965073e+00  3.98500000e-08  0.00000000e+00  3.98500000e-08  0.00000000e+00 
 3.98700000e-08  3.30000000e+00  3.98700000e-08  3.30000000e+00  3.98700000e-08  3.29954910e+00  3.98700000e-08  3.29965165e+00  3.98700000e-08  0.00000000e+00  3.98700000e-08  0.00000000e+00 
 3.98900000e-08  3.30000000e+00  3.98900000e-08  3.30000000e+00  3.98900000e-08  3.29955028e+00  3.98900000e-08  3.29965256e+00  3.98900000e-08  0.00000000e+00  3.98900000e-08  0.00000000e+00 
 3.99100000e-08  3.30000000e+00  3.99100000e-08  3.30000000e+00  3.99100000e-08  3.29955144e+00  3.99100000e-08  3.29965346e+00  3.99100000e-08  0.00000000e+00  3.99100000e-08  0.00000000e+00 
 3.99300000e-08  3.30000000e+00  3.99300000e-08  3.30000000e+00  3.99300000e-08  3.29955260e+00  3.99300000e-08  3.29965437e+00  3.99300000e-08  0.00000000e+00  3.99300000e-08  0.00000000e+00 
 3.99500000e-08  3.30000000e+00  3.99500000e-08  3.30000000e+00  3.99500000e-08  3.29955375e+00  3.99500000e-08  3.29965526e+00  3.99500000e-08  0.00000000e+00  3.99500000e-08  0.00000000e+00 
 3.99700000e-08  3.30000000e+00  3.99700000e-08  3.30000000e+00  3.99700000e-08  3.29955490e+00  3.99700000e-08  3.29965616e+00  3.99700000e-08  0.00000000e+00  3.99700000e-08  0.00000000e+00 
 3.99900000e-08  3.30000000e+00  3.99900000e-08  3.30000000e+00  3.99900000e-08  3.29955604e+00  3.99900000e-08  3.29965705e+00  3.99900000e-08  0.00000000e+00  3.99900000e-08  0.00000000e+00 
 4.00100000e-08  3.30000000e+00  4.00100000e-08  3.30000000e+00  4.00100000e-08  3.29955718e+00  4.00100000e-08  3.29965793e+00  4.00100000e-08  0.00000000e+00  4.00100000e-08  0.00000000e+00 
 4.00300000e-08  3.30000000e+00  4.00300000e-08  3.30000000e+00  4.00300000e-08  3.29955831e+00  4.00300000e-08  3.29965881e+00  4.00300000e-08  0.00000000e+00  4.00300000e-08  0.00000000e+00 
 4.00500000e-08  3.30000000e+00  4.00500000e-08  3.30000000e+00  4.00500000e-08  3.29955944e+00  4.00500000e-08  3.29965969e+00  4.00500000e-08  0.00000000e+00  4.00500000e-08  0.00000000e+00 
 4.00700000e-08  3.30000000e+00  4.00700000e-08  3.30000000e+00  4.00700000e-08  3.29956055e+00  4.00700000e-08  3.29966056e+00  4.00700000e-08  0.00000000e+00  4.00700000e-08  0.00000000e+00 
 4.00900000e-08  3.30000000e+00  4.00900000e-08  3.30000000e+00  4.00900000e-08  3.29956168e+00  4.00900000e-08  3.29966143e+00  4.00900000e-08  0.00000000e+00  4.00900000e-08  0.00000000e+00 
 4.01100000e-08  3.30000000e+00  4.01100000e-08  3.30000000e+00  4.01100000e-08  3.29956278e+00  4.01100000e-08  3.29966229e+00  4.01100000e-08  0.00000000e+00  4.01100000e-08  0.00000000e+00 
 4.01300000e-08  3.30000000e+00  4.01300000e-08  3.30000000e+00  4.01300000e-08  3.29956389e+00  4.01300000e-08  3.29966315e+00  4.01300000e-08  0.00000000e+00  4.01300000e-08  0.00000000e+00 
 4.01500000e-08  3.30000000e+00  4.01500000e-08  3.30000000e+00  4.01500000e-08  3.29956498e+00  4.01500000e-08  3.29966400e+00  4.01500000e-08  0.00000000e+00  4.01500000e-08  0.00000000e+00 
 4.01700000e-08  3.30000000e+00  4.01700000e-08  3.30000000e+00  4.01700000e-08  3.29956608e+00  4.01700000e-08  3.29966486e+00  4.01700000e-08  0.00000000e+00  4.01700000e-08  0.00000000e+00 
 4.01900000e-08  3.30000000e+00  4.01900000e-08  3.30000000e+00  4.01900000e-08  3.29956716e+00  4.01900000e-08  3.29966570e+00  4.01900000e-08  0.00000000e+00  4.01900000e-08  0.00000000e+00 
 4.02100000e-08  3.30000000e+00  4.02100000e-08  3.30000000e+00  4.02100000e-08  3.29956825e+00  4.02100000e-08  3.29966655e+00  4.02100000e-08  0.00000000e+00  4.02100000e-08  0.00000000e+00 
 4.02300000e-08  3.30000000e+00  4.02300000e-08  3.30000000e+00  4.02300000e-08  3.29956932e+00  4.02300000e-08  3.29966738e+00  4.02300000e-08  0.00000000e+00  4.02300000e-08  0.00000000e+00 
 4.02500000e-08  3.30000000e+00  4.02500000e-08  3.30000000e+00  4.02500000e-08  3.29957041e+00  4.02500000e-08  3.29966822e+00  4.02500000e-08  0.00000000e+00  4.02500000e-08  0.00000000e+00 
 4.02700000e-08  3.30000000e+00  4.02700000e-08  3.30000000e+00  4.02700000e-08  3.29957147e+00  4.02700000e-08  3.29966905e+00  4.02700000e-08  0.00000000e+00  4.02700000e-08  0.00000000e+00 
 4.02900000e-08  3.30000000e+00  4.02900000e-08  3.30000000e+00  4.02900000e-08  3.29957254e+00  4.02900000e-08  3.29966988e+00  4.02900000e-08  0.00000000e+00  4.02900000e-08  0.00000000e+00 
 4.03100000e-08  3.30000000e+00  4.03100000e-08  3.30000000e+00  4.03100000e-08  3.29957359e+00  4.03100000e-08  3.29967070e+00  4.03100000e-08  0.00000000e+00  4.03100000e-08  0.00000000e+00 
 4.03300000e-08  3.30000000e+00  4.03300000e-08  3.30000000e+00  4.03300000e-08  3.29957465e+00  4.03300000e-08  3.29967152e+00  4.03300000e-08  0.00000000e+00  4.03300000e-08  0.00000000e+00 
 4.03500000e-08  3.30000000e+00  4.03500000e-08  3.30000000e+00  4.03500000e-08  3.29957569e+00  4.03500000e-08  3.29967233e+00  4.03500000e-08  0.00000000e+00  4.03500000e-08  0.00000000e+00 
 4.03700000e-08  3.30000000e+00  4.03700000e-08  3.30000000e+00  4.03700000e-08  3.29957674e+00  4.03700000e-08  3.29967314e+00  4.03700000e-08  0.00000000e+00  4.03700000e-08  0.00000000e+00 
 4.03900000e-08  3.30000000e+00  4.03900000e-08  3.30000000e+00  4.03900000e-08  3.29957777e+00  4.03900000e-08  3.29967395e+00  4.03900000e-08  0.00000000e+00  4.03900000e-08  0.00000000e+00 
 4.04100000e-08  3.30000000e+00  4.04100000e-08  3.30000000e+00  4.04100000e-08  3.29957881e+00  4.04100000e-08  3.29967475e+00  4.04100000e-08  0.00000000e+00  4.04100000e-08  0.00000000e+00 
 4.04300000e-08  3.30000000e+00  4.04300000e-08  3.30000000e+00  4.04300000e-08  3.29957983e+00  4.04300000e-08  3.29967555e+00  4.04300000e-08  0.00000000e+00  4.04300000e-08  0.00000000e+00 
 4.04500000e-08  3.30000000e+00  4.04500000e-08  3.30000000e+00  4.04500000e-08  3.29958086e+00  4.04500000e-08  3.29967635e+00  4.04500000e-08  0.00000000e+00  4.04500000e-08  0.00000000e+00 
 4.04700000e-08  3.30000000e+00  4.04700000e-08  3.30000000e+00  4.04700000e-08  3.29958187e+00  4.04700000e-08  3.29967714e+00  4.04700000e-08  0.00000000e+00  4.04700000e-08  0.00000000e+00 
 4.04900000e-08  3.30000000e+00  4.04900000e-08  3.30000000e+00  4.04900000e-08  3.29958289e+00  4.04900000e-08  3.29967793e+00  4.04900000e-08  0.00000000e+00  4.04900000e-08  0.00000000e+00 
 4.05100000e-08  3.30000000e+00  4.05100000e-08  3.30000000e+00  4.05100000e-08  3.29958390e+00  4.05100000e-08  3.29967871e+00  4.05100000e-08  0.00000000e+00  4.05100000e-08  0.00000000e+00 
 4.05300000e-08  3.30000000e+00  4.05300000e-08  3.30000000e+00  4.05300000e-08  3.29958491e+00  4.05300000e-08  3.29967950e+00  4.05300000e-08  0.00000000e+00  4.05300000e-08  0.00000000e+00 
 4.05500000e-08  3.30000000e+00  4.05500000e-08  3.30000000e+00  4.05500000e-08  3.29958590e+00  4.05500000e-08  3.29968027e+00  4.05500000e-08  0.00000000e+00  4.05500000e-08  0.00000000e+00 
 4.05700000e-08  3.30000000e+00  4.05700000e-08  3.30000000e+00  4.05700000e-08  3.29958690e+00  4.05700000e-08  3.29968105e+00  4.05700000e-08  0.00000000e+00  4.05700000e-08  0.00000000e+00 
 4.05900000e-08  3.30000000e+00  4.05900000e-08  3.30000000e+00  4.05900000e-08  3.29958789e+00  4.05900000e-08  3.29968182e+00  4.05900000e-08  0.00000000e+00  4.05900000e-08  0.00000000e+00 
 4.06100000e-08  3.30000000e+00  4.06100000e-08  3.30000000e+00  4.06100000e-08  3.29958888e+00  4.06100000e-08  3.29968259e+00  4.06100000e-08  0.00000000e+00  4.06100000e-08  0.00000000e+00 
 4.06300000e-08  3.30000000e+00  4.06300000e-08  3.30000000e+00  4.06300000e-08  3.29958986e+00  4.06300000e-08  3.29968335e+00  4.06300000e-08  0.00000000e+00  4.06300000e-08  0.00000000e+00 
 4.06500000e-08  3.30000000e+00  4.06500000e-08  3.30000000e+00  4.06500000e-08  3.29959084e+00  4.06500000e-08  3.29968411e+00  4.06500000e-08  0.00000000e+00  4.06500000e-08  0.00000000e+00 
 4.06700000e-08  3.30000000e+00  4.06700000e-08  3.30000000e+00  4.06700000e-08  3.29959181e+00  4.06700000e-08  3.29968486e+00  4.06700000e-08  0.00000000e+00  4.06700000e-08  0.00000000e+00 
 4.06900000e-08  3.30000000e+00  4.06900000e-08  3.30000000e+00  4.06900000e-08  3.29959278e+00  4.06900000e-08  3.29968562e+00  4.06900000e-08  0.00000000e+00  4.06900000e-08  0.00000000e+00 
 4.07100000e-08  3.30000000e+00  4.07100000e-08  3.30000000e+00  4.07100000e-08  3.29959374e+00  4.07100000e-08  3.29968637e+00  4.07100000e-08  0.00000000e+00  4.07100000e-08  0.00000000e+00 
 4.07300000e-08  3.30000000e+00  4.07300000e-08  3.30000000e+00  4.07300000e-08  3.29959471e+00  4.07300000e-08  3.29968711e+00  4.07300000e-08  0.00000000e+00  4.07300000e-08  0.00000000e+00 
 4.07500000e-08  3.30000000e+00  4.07500000e-08  3.30000000e+00  4.07500000e-08  3.29959565e+00  4.07500000e-08  3.29968785e+00  4.07500000e-08  0.00000000e+00  4.07500000e-08  0.00000000e+00 
 4.07700000e-08  3.30000000e+00  4.07700000e-08  3.30000000e+00  4.07700000e-08  3.29959661e+00  4.07700000e-08  3.29968860e+00  4.07700000e-08  0.00000000e+00  4.07700000e-08  0.00000000e+00 
 4.07900000e-08  3.30000000e+00  4.07900000e-08  3.30000000e+00  4.07900000e-08  3.29959755e+00  4.07900000e-08  3.29968933e+00  4.07900000e-08  0.00000000e+00  4.07900000e-08  0.00000000e+00 
 4.08100000e-08  3.30000000e+00  4.08100000e-08  3.30000000e+00  4.08100000e-08  3.29959850e+00  4.08100000e-08  3.29969006e+00  4.08100000e-08  0.00000000e+00  4.08100000e-08  0.00000000e+00 
 4.08300000e-08  3.30000000e+00  4.08300000e-08  3.30000000e+00  4.08300000e-08  3.29959943e+00  4.08300000e-08  3.29969079e+00  4.08300000e-08  0.00000000e+00  4.08300000e-08  0.00000000e+00 
 4.08500000e-08  3.30000000e+00  4.08500000e-08  3.30000000e+00  4.08500000e-08  3.29960038e+00  4.08500000e-08  3.29969152e+00  4.08500000e-08  0.00000000e+00  4.08500000e-08  0.00000000e+00 
 4.08700000e-08  3.30000000e+00  4.08700000e-08  3.30000000e+00  4.08700000e-08  3.29960130e+00  4.08700000e-08  3.29969224e+00  4.08700000e-08  0.00000000e+00  4.08700000e-08  0.00000000e+00 
 4.08900000e-08  3.30000000e+00  4.08900000e-08  3.30000000e+00  4.08900000e-08  3.29960223e+00  4.08900000e-08  3.29969296e+00  4.08900000e-08  0.00000000e+00  4.08900000e-08  0.00000000e+00 
 4.09100000e-08  3.30000000e+00  4.09100000e-08  3.30000000e+00  4.09100000e-08  3.29960315e+00  4.09100000e-08  3.29969368e+00  4.09100000e-08  0.00000000e+00  4.09100000e-08  0.00000000e+00 
 4.09300000e-08  3.30000000e+00  4.09300000e-08  3.30000000e+00  4.09300000e-08  3.29960407e+00  4.09300000e-08  3.29969439e+00  4.09300000e-08  0.00000000e+00  4.09300000e-08  0.00000000e+00 
 4.09500000e-08  3.30000000e+00  4.09500000e-08  3.30000000e+00  4.09500000e-08  3.29960498e+00  4.09500000e-08  3.29969510e+00  4.09500000e-08  0.00000000e+00  4.09500000e-08  0.00000000e+00 
 4.09700000e-08  3.30000000e+00  4.09700000e-08  3.30000000e+00  4.09700000e-08  3.29960590e+00  4.09700000e-08  3.29969581e+00  4.09700000e-08  0.00000000e+00  4.09700000e-08  0.00000000e+00 
 4.09900000e-08  3.30000000e+00  4.09900000e-08  3.30000000e+00  4.09900000e-08  3.29960680e+00  4.09900000e-08  3.29969651e+00  4.09900000e-08  0.00000000e+00  4.09900000e-08  0.00000000e+00 
 4.10100000e-08  3.30000000e+00  4.10100000e-08  3.30000000e+00  4.10100000e-08  3.29960771e+00  4.10100000e-08  3.29969721e+00  4.10100000e-08  0.00000000e+00  4.10100000e-08  0.00000000e+00 
 4.10300000e-08  3.30000000e+00  4.10300000e-08  3.30000000e+00  4.10300000e-08  3.29960860e+00  4.10300000e-08  3.29969791e+00  4.10300000e-08  0.00000000e+00  4.10300000e-08  0.00000000e+00 
 4.10500000e-08  3.30000000e+00  4.10500000e-08  3.30000000e+00  4.10500000e-08  3.29960950e+00  4.10500000e-08  3.29969861e+00  4.10500000e-08  0.00000000e+00  4.10500000e-08  0.00000000e+00 
 4.10700000e-08  3.30000000e+00  4.10700000e-08  3.30000000e+00  4.10700000e-08  3.29961038e+00  4.10700000e-08  3.29969930e+00  4.10700000e-08  0.00000000e+00  4.10700000e-08  0.00000000e+00 
 4.10900000e-08  3.30000000e+00  4.10900000e-08  3.30000000e+00  4.10900000e-08  3.29961127e+00  4.10900000e-08  3.29969999e+00  4.10900000e-08  0.00000000e+00  4.10900000e-08  0.00000000e+00 
 4.11100000e-08  3.30000000e+00  4.11100000e-08  3.30000000e+00  4.11100000e-08  3.29961215e+00  4.11100000e-08  3.29970067e+00  4.11100000e-08  0.00000000e+00  4.11100000e-08  0.00000000e+00 
 4.11300000e-08  3.30000000e+00  4.11300000e-08  3.30000000e+00  4.11300000e-08  3.29961304e+00  4.11300000e-08  3.29970135e+00  4.11300000e-08  0.00000000e+00  4.11300000e-08  0.00000000e+00 
 4.11500000e-08  3.30000000e+00  4.11500000e-08  3.30000000e+00  4.11500000e-08  3.29961390e+00  4.11500000e-08  3.29970203e+00  4.11500000e-08  0.00000000e+00  4.11500000e-08  0.00000000e+00 
 4.11700000e-08  3.30000000e+00  4.11700000e-08  3.30000000e+00  4.11700000e-08  3.29961478e+00  4.11700000e-08  3.29970271e+00  4.11700000e-08  0.00000000e+00  4.11700000e-08  0.00000000e+00 
 4.11900000e-08  3.30000000e+00  4.11900000e-08  3.30000000e+00  4.11900000e-08  3.29961564e+00  4.11900000e-08  3.29970338e+00  4.11900000e-08  0.00000000e+00  4.11900000e-08  0.00000000e+00 
 4.12100000e-08  3.30000000e+00  4.12100000e-08  3.30000000e+00  4.12100000e-08  3.29961651e+00  4.12100000e-08  3.29970405e+00  4.12100000e-08  0.00000000e+00  4.12100000e-08  0.00000000e+00 
 4.12300000e-08  3.30000000e+00  4.12300000e-08  3.30000000e+00  4.12300000e-08  3.29961736e+00  4.12300000e-08  3.29970472e+00  4.12300000e-08  0.00000000e+00  4.12300000e-08  0.00000000e+00 
 4.12500000e-08  3.30000000e+00  4.12500000e-08  3.30000000e+00  4.12500000e-08  3.29961823e+00  4.12500000e-08  3.29970539e+00  4.12500000e-08  0.00000000e+00  4.12500000e-08  0.00000000e+00 
 4.12700000e-08  3.30000000e+00  4.12700000e-08  3.30000000e+00  4.12700000e-08  3.29961907e+00  4.12700000e-08  3.29970605e+00  4.12700000e-08  0.00000000e+00  4.12700000e-08  0.00000000e+00 
 4.12900000e-08  3.30000000e+00  4.12900000e-08  3.30000000e+00  4.12900000e-08  3.29961993e+00  4.12900000e-08  3.29970671e+00  4.12900000e-08  0.00000000e+00  4.12900000e-08  0.00000000e+00 
 4.13100000e-08  3.30000000e+00  4.13100000e-08  3.30000000e+00  4.13100000e-08  3.29962077e+00  4.13100000e-08  3.29970736e+00  4.13100000e-08  0.00000000e+00  4.13100000e-08  0.00000000e+00 
 4.13300000e-08  3.30000000e+00  4.13300000e-08  3.30000000e+00  4.13300000e-08  3.29962162e+00  4.13300000e-08  3.29970802e+00  4.13300000e-08  0.00000000e+00  4.13300000e-08  0.00000000e+00 
 4.13500000e-08  3.30000000e+00  4.13500000e-08  3.30000000e+00  4.13500000e-08  3.29962245e+00  4.13500000e-08  3.29970867e+00  4.13500000e-08  0.00000000e+00  4.13500000e-08  0.00000000e+00 
 4.13700000e-08  3.30000000e+00  4.13700000e-08  3.30000000e+00  4.13700000e-08  3.29962329e+00  4.13700000e-08  3.29970932e+00  4.13700000e-08  0.00000000e+00  4.13700000e-08  0.00000000e+00 
 4.13900000e-08  3.30000000e+00  4.13900000e-08  3.30000000e+00  4.13900000e-08  3.29962411e+00  4.13900000e-08  3.29970996e+00  4.13900000e-08  0.00000000e+00  4.13900000e-08  0.00000000e+00 
 4.14100000e-08  3.30000000e+00  4.14100000e-08  3.30000000e+00  4.14100000e-08  3.29962495e+00  4.14100000e-08  3.29971061e+00  4.14100000e-08  0.00000000e+00  4.14100000e-08  0.00000000e+00 
 4.14300000e-08  3.30000000e+00  4.14300000e-08  3.30000000e+00  4.14300000e-08  3.29962576e+00  4.14300000e-08  3.29971124e+00  4.14300000e-08  0.00000000e+00  4.14300000e-08  0.00000000e+00 
 4.14500000e-08  3.30000000e+00  4.14500000e-08  3.30000000e+00  4.14500000e-08  3.29962659e+00  4.14500000e-08  3.29971188e+00  4.14500000e-08  0.00000000e+00  4.14500000e-08  0.00000000e+00 
 4.14700000e-08  3.30000000e+00  4.14700000e-08  3.30000000e+00  4.14700000e-08  3.29962740e+00  4.14700000e-08  3.29971252e+00  4.14700000e-08  0.00000000e+00  4.14700000e-08  0.00000000e+00 
 4.14900000e-08  3.30000000e+00  4.14900000e-08  3.30000000e+00  4.14900000e-08  3.29962822e+00  4.14900000e-08  3.29971315e+00  4.14900000e-08  0.00000000e+00  4.14900000e-08  0.00000000e+00 
 4.15100000e-08  3.30000000e+00  4.15100000e-08  3.30000000e+00  4.15100000e-08  3.29962903e+00  4.15100000e-08  3.29971378e+00  4.15100000e-08  0.00000000e+00  4.15100000e-08  0.00000000e+00 
 4.15300000e-08  3.30000000e+00  4.15300000e-08  3.30000000e+00  4.15300000e-08  3.29962984e+00  4.15300000e-08  3.29971440e+00  4.15300000e-08  0.00000000e+00  4.15300000e-08  0.00000000e+00 
 4.15500000e-08  3.30000000e+00  4.15500000e-08  3.30000000e+00  4.15500000e-08  3.29963064e+00  4.15500000e-08  3.29971503e+00  4.15500000e-08  0.00000000e+00  4.15500000e-08  0.00000000e+00 
 4.15700000e-08  3.30000000e+00  4.15700000e-08  3.30000000e+00  4.15700000e-08  3.29963145e+00  4.15700000e-08  3.29971565e+00  4.15700000e-08  0.00000000e+00  4.15700000e-08  0.00000000e+00 
 4.15900000e-08  3.30000000e+00  4.15900000e-08  3.30000000e+00  4.15900000e-08  3.29963224e+00  4.15900000e-08  3.29971627e+00  4.15900000e-08  0.00000000e+00  4.15900000e-08  0.00000000e+00 
 4.16100000e-08  3.30000000e+00  4.16100000e-08  3.30000000e+00  4.16100000e-08  3.29963304e+00  4.16100000e-08  3.29971688e+00  4.16100000e-08  0.00000000e+00  4.16100000e-08  0.00000000e+00 
 4.16300000e-08  3.30000000e+00  4.16300000e-08  3.30000000e+00  4.16300000e-08  3.29963382e+00  4.16300000e-08  3.29971750e+00  4.16300000e-08  0.00000000e+00  4.16300000e-08  0.00000000e+00 
 4.16500000e-08  3.30000000e+00  4.16500000e-08  3.30000000e+00  4.16500000e-08  3.29963462e+00  4.16500000e-08  3.29971811e+00  4.16500000e-08  0.00000000e+00  4.16500000e-08  0.00000000e+00 
 4.16700000e-08  3.30000000e+00  4.16700000e-08  3.30000000e+00  4.16700000e-08  3.29963539e+00  4.16700000e-08  3.29971872e+00  4.16700000e-08  0.00000000e+00  4.16700000e-08  0.00000000e+00 
 4.16900000e-08  3.30000000e+00  4.16900000e-08  3.30000000e+00  4.16900000e-08  3.29963618e+00  4.16900000e-08  3.29971932e+00  4.16900000e-08  0.00000000e+00  4.16900000e-08  0.00000000e+00 
 4.17100000e-08  3.30000000e+00  4.17100000e-08  3.30000000e+00  4.17100000e-08  3.29963695e+00  4.17100000e-08  3.29971993e+00  4.17100000e-08  0.00000000e+00  4.17100000e-08  0.00000000e+00 
 4.17300000e-08  3.30000000e+00  4.17300000e-08  3.30000000e+00  4.17300000e-08  3.29963773e+00  4.17300000e-08  3.29972053e+00  4.17300000e-08  0.00000000e+00  4.17300000e-08  0.00000000e+00 
 4.17500000e-08  3.30000000e+00  4.17500000e-08  3.30000000e+00  4.17500000e-08  3.29963850e+00  4.17500000e-08  3.29972113e+00  4.17500000e-08  0.00000000e+00  4.17500000e-08  0.00000000e+00 
 4.17700000e-08  3.30000000e+00  4.17700000e-08  3.30000000e+00  4.17700000e-08  3.29963927e+00  4.17700000e-08  3.29972172e+00  4.17700000e-08  0.00000000e+00  4.17700000e-08  0.00000000e+00 
 4.17900000e-08  3.30000000e+00  4.17900000e-08  3.30000000e+00  4.17900000e-08  3.29964003e+00  4.17900000e-08  3.29972231e+00  4.17900000e-08  0.00000000e+00  4.17900000e-08  0.00000000e+00 
 4.18100000e-08  3.30000000e+00  4.18100000e-08  3.30000000e+00  4.18100000e-08  3.29964080e+00  4.18100000e-08  3.29972291e+00  4.18100000e-08  0.00000000e+00  4.18100000e-08  0.00000000e+00 
 4.18300000e-08  3.30000000e+00  4.18300000e-08  3.30000000e+00  4.18300000e-08  3.29964155e+00  4.18300000e-08  3.29972349e+00  4.18300000e-08  0.00000000e+00  4.18300000e-08  0.00000000e+00 
 4.18500000e-08  3.30000000e+00  4.18500000e-08  3.30000000e+00  4.18500000e-08  3.29964231e+00  4.18500000e-08  3.29972408e+00  4.18500000e-08  0.00000000e+00  4.18500000e-08  0.00000000e+00 
 4.18700000e-08  3.30000000e+00  4.18700000e-08  3.30000000e+00  4.18700000e-08  3.29964306e+00  4.18700000e-08  3.29972467e+00  4.18700000e-08  0.00000000e+00  4.18700000e-08  0.00000000e+00 
 4.18900000e-08  3.30000000e+00  4.18900000e-08  3.30000000e+00  4.18900000e-08  3.29964382e+00  4.18900000e-08  3.29972525e+00  4.18900000e-08  0.00000000e+00  4.18900000e-08  0.00000000e+00 
 4.19100000e-08  3.30000000e+00  4.19100000e-08  3.30000000e+00  4.19100000e-08  3.29964455e+00  4.19100000e-08  3.29972583e+00  4.19100000e-08  0.00000000e+00  4.19100000e-08  0.00000000e+00 
 4.19300000e-08  3.30000000e+00  4.19300000e-08  3.30000000e+00  4.19300000e-08  3.29964531e+00  4.19300000e-08  3.29972640e+00  4.19300000e-08  0.00000000e+00  4.19300000e-08  0.00000000e+00 
 4.19500000e-08  3.30000000e+00  4.19500000e-08  3.30000000e+00  4.19500000e-08  3.29964604e+00  4.19500000e-08  3.29972698e+00  4.19500000e-08  0.00000000e+00  4.19500000e-08  0.00000000e+00 
 4.19700000e-08  3.30000000e+00  4.19700000e-08  3.30000000e+00  4.19700000e-08  3.29964678e+00  4.19700000e-08  3.29972755e+00  4.19700000e-08  0.00000000e+00  4.19700000e-08  0.00000000e+00 
 4.19850000e-08  3.30000000e+00  4.19850000e-08  3.30000000e+00  4.19850000e-08  3.29964733e+00  4.19850000e-08  3.29972798e+00  4.19850000e-08  0.00000000e+00  4.19850000e-08  0.00000000e+00 
 4.20000000e-08  3.30000000e+00  4.20000000e-08  3.30000000e+00  4.20000000e-08  3.29964789e+00  4.20000000e-08  3.29972841e+00  4.20000000e-08  2.18375682e-13  4.20000000e-08  0.00000000e+00 
 4.20020000e-08  3.30000799e+00  4.20020000e-08  3.30000799e+00  4.20020000e-08  3.30225841e+00  4.20020000e-08  3.30234092e+00  4.20020000e-08  6.60000000e-02  4.20020000e-08  0.00000000e+00 
 4.20060000e-08  3.30001877e+00  4.20060000e-08  3.30001878e+00  4.20060000e-08  3.30738838e+00  4.20060000e-08  3.30747315e+00  4.20060000e-08  1.98000000e-01  4.20060000e-08  0.00000000e+00 
 4.20140000e-08  3.30002102e+00  4.20140000e-08  3.30002104e+00  4.20140000e-08  3.31708994e+00  4.20140000e-08  3.31717947e+00  4.20140000e-08  4.62000000e-01  4.20140000e-08  0.00000000e+00 
 4.20300000e-08  3.30000835e+00  4.20300000e-08  3.30000836e+00  4.20300000e-08  3.33487951e+00  4.20300000e-08  3.33497770e+00  4.20300000e-08  9.90000000e-01  4.20300000e-08  0.00000000e+00 
 4.20500000e-08  3.30000109e+00  4.20500000e-08  3.30000098e+00  4.20500000e-08  3.35642041e+00  4.20500000e-08  3.35644175e+00  4.20500000e-08  1.65000000e+00  4.20500000e-08  0.00000000e+00 
 4.20700000e-08  3.30000509e+00  4.20700000e-08  3.30000471e+00  4.20700000e-08  3.38125962e+00  4.20700000e-08  3.38093694e+00  4.20700000e-08  2.31000000e+00  4.20700000e-08  0.00000000e+00 
 4.20850000e-08  3.30000687e+00  4.20850000e-08  3.30000609e+00  4.20850000e-08  3.40276556e+00  4.20850000e-08  3.40184592e+00  4.20850000e-08  2.80500000e+00  4.20850000e-08  0.00000000e+00 
 4.21000000e-08  3.29999448e+00  4.21000000e-08  3.29999357e+00  4.21000000e-08  3.41935087e+00  4.21000000e-08  3.41753925e+00  4.21000000e-08  3.30000000e+00  4.21000000e-08  0.00000000e+00 
 4.21020000e-08  3.29999396e+00  4.21020000e-08  3.29999305e+00  4.21020000e-08  3.42126058e+00  4.21020000e-08  3.41930809e+00  4.21020000e-08  3.30000000e+00  4.21020000e-08  0.00000000e+00 
 4.21060000e-08  3.29999397e+00  4.21060000e-08  3.29999312e+00  4.21060000e-08  3.42521189e+00  4.21060000e-08  3.42299018e+00  4.21060000e-08  3.30000000e+00  4.21060000e-08  0.00000000e+00 
 4.21140000e-08  3.29999502e+00  4.21140000e-08  3.29999468e+00  4.21140000e-08  3.43304518e+00  4.21140000e-08  3.43040428e+00  4.21140000e-08  3.30000000e+00  4.21140000e-08  0.00000000e+00 
 4.21300000e-08  3.29999353e+00  4.21300000e-08  3.29999469e+00  4.21300000e-08  3.44625310e+00  4.21300000e-08  3.44339966e+00  4.21300000e-08  3.30000000e+00  4.21300000e-08  0.00000000e+00 
 4.21500000e-08  3.29998571e+00  4.21500000e-08  3.29998819e+00  4.21500000e-08  3.45404105e+00  4.21500000e-08  3.45215996e+00  4.21500000e-08  3.30000000e+00  4.21500000e-08  0.00000000e+00 
 4.21700000e-08  3.29998037e+00  4.21700000e-08  3.29998260e+00  4.21700000e-08  3.44926466e+00  4.21700000e-08  3.44954411e+00  4.21700000e-08  3.30000000e+00  4.21700000e-08  0.00000000e+00 
 4.21900000e-08  3.29998041e+00  4.21900000e-08  3.29998186e+00  4.21900000e-08  3.43134667e+00  4.21900000e-08  3.43471504e+00  4.21900000e-08  3.30000000e+00  4.21900000e-08  0.00000000e+00 
 4.22100000e-08  3.29998356e+00  4.22100000e-08  3.29998388e+00  4.22100000e-08  3.40118928e+00  4.22100000e-08  3.40836075e+00  4.22100000e-08  3.30000000e+00  4.22100000e-08  0.00000000e+00 
 4.22300000e-08  3.29998838e+00  4.22300000e-08  3.29998797e+00  4.22300000e-08  3.36037530e+00  4.22300000e-08  3.37189220e+00  4.22300000e-08  3.30000000e+00  4.22300000e-08  0.00000000e+00 
 4.22500000e-08  3.29999287e+00  4.22500000e-08  3.29999226e+00  4.22500000e-08  3.31070614e+00  4.22500000e-08  3.32696189e+00  4.22500000e-08  3.30000000e+00  4.22500000e-08  0.00000000e+00 
 4.22700000e-08  3.29999614e+00  4.22700000e-08  3.29999570e+00  4.22700000e-08  3.25394416e+00  4.22700000e-08  3.27520348e+00  4.22700000e-08  3.30000000e+00  4.22700000e-08  0.00000000e+00 
 4.22900000e-08  3.29999822e+00  4.22900000e-08  3.29999799e+00  4.22900000e-08  3.19167170e+00  4.22900000e-08  3.21809855e+00  4.22900000e-08  3.30000000e+00  4.22900000e-08  0.00000000e+00 
 4.23100000e-08  3.29999948e+00  4.23100000e-08  3.29999937e+00  4.23100000e-08  3.12522693e+00  4.23100000e-08  3.15691558e+00  4.23100000e-08  3.30000000e+00  4.23100000e-08  0.00000000e+00 
 4.23300000e-08  3.30000024e+00  4.23300000e-08  3.30000018e+00  4.23300000e-08  3.05569477e+00  4.23300000e-08  3.09269127e+00  4.23300000e-08  3.30000000e+00  4.23300000e-08  0.00000000e+00 
 4.23500000e-08  3.30000066e+00  4.23500000e-08  3.30000064e+00  4.23500000e-08  2.98393241e+00  4.23500000e-08  3.02624818e+00  4.23500000e-08  3.30000000e+00  4.23500000e-08  0.00000000e+00 
 4.23700000e-08  3.30000086e+00  4.23700000e-08  3.30000085e+00  4.23700000e-08  2.91060611e+00  4.23700000e-08  2.95822750e+00  4.23700000e-08  3.30000000e+00  4.23700000e-08  0.00000000e+00 
 4.23900000e-08  3.30000096e+00  4.23900000e-08  3.30000094e+00  4.23900000e-08  2.83622908e+00  4.23900000e-08  2.88912376e+00  4.23900000e-08  3.30000000e+00  4.23900000e-08  0.00000000e+00 
 4.24100000e-08  3.30000101e+00  4.24100000e-08  3.30000098e+00  4.24100000e-08  2.76119285e+00  4.24100000e-08  2.81931406e+00  4.24100000e-08  3.30000000e+00  4.24100000e-08  0.00000000e+00 
 4.24300000e-08  3.30000103e+00  4.24300000e-08  3.30000098e+00  4.24300000e-08  2.68579591e+00  4.24300000e-08  2.74908500e+00  4.24300000e-08  3.30000000e+00  4.24300000e-08  0.00000000e+00 
 4.24500000e-08  3.30000104e+00  4.24500000e-08  3.30000098e+00  4.24500000e-08  2.61026617e+00  4.24500000e-08  2.67865444e+00  4.24500000e-08  3.30000000e+00  4.24500000e-08  0.00000000e+00 
 4.24700000e-08  3.30000103e+00  4.24700000e-08  3.30000096e+00  4.24700000e-08  2.53477898e+00  4.24700000e-08  2.60818882e+00  4.24700000e-08  3.30000000e+00  4.24700000e-08  0.00000000e+00 
 4.24900000e-08  3.30000101e+00  4.24900000e-08  3.30000094e+00  4.24900000e-08  2.45947058e+00  4.24900000e-08  2.53781619e+00  4.24900000e-08  3.30000000e+00  4.24900000e-08  0.00000000e+00 
 4.25100000e-08  3.30000099e+00  4.25100000e-08  3.30000091e+00  4.25100000e-08  2.38444884e+00  4.25100000e-08  2.46763643e+00  4.25100000e-08  3.30000000e+00  4.25100000e-08  0.00000000e+00 
 4.25300000e-08  3.30000097e+00  4.25300000e-08  3.30000089e+00  4.25300000e-08  2.30980112e+00  4.25300000e-08  2.39772885e+00  4.25300000e-08  3.30000000e+00  4.25300000e-08  0.00000000e+00 
 4.25500000e-08  3.30000095e+00  4.25500000e-08  3.30000087e+00  4.25500000e-08  2.23560070e+00  4.25500000e-08  2.32815811e+00  4.25500000e-08  3.30000000e+00  4.25500000e-08  0.00000000e+00 
 4.25700000e-08  3.30000094e+00  4.25700000e-08  3.30000084e+00  4.25700000e-08  2.16191145e+00  4.25700000e-08  2.25897869e+00  4.25700000e-08  3.30000000e+00  4.25700000e-08  0.00000000e+00 
 4.25900000e-08  3.30000092e+00  4.25900000e-08  3.30000083e+00  4.25900000e-08  2.08879192e+00  4.25900000e-08  2.19023852e+00  4.25900000e-08  3.30000000e+00  4.25900000e-08  0.00000000e+00 
 4.26100000e-08  3.30000092e+00  4.26100000e-08  3.30000081e+00  4.26100000e-08  2.01629820e+00  4.26100000e-08  2.12198160e+00  4.26100000e-08  3.30000000e+00  4.26100000e-08  0.00000000e+00 
 4.26300000e-08  3.30000092e+00  4.26300000e-08  3.30000080e+00  4.26300000e-08  1.94448650e+00  4.26300000e-08  2.05425032e+00  4.26300000e-08  3.30000000e+00  4.26300000e-08  0.00000000e+00 
 4.26500000e-08  3.30000092e+00  4.26500000e-08  3.30000080e+00  4.26500000e-08  1.87341354e+00  4.26500000e-08  1.98708687e+00  4.26500000e-08  3.30000000e+00  4.26500000e-08  0.00000000e+00 
 4.26700000e-08  3.30000093e+00  4.26700000e-08  3.30000080e+00  4.26700000e-08  1.80313108e+00  4.26700000e-08  1.92053409e+00  4.26700000e-08  3.30000000e+00  4.26700000e-08  0.00000000e+00 
 4.26900000e-08  3.30000092e+00  4.26900000e-08  3.30000080e+00  4.26900000e-08  1.73366902e+00  4.26900000e-08  1.85463461e+00  4.26900000e-08  3.30000000e+00  4.26900000e-08  0.00000000e+00 
 4.27100000e-08  3.30000089e+00  4.27100000e-08  3.30000080e+00  4.27100000e-08  1.66502142e+00  4.27100000e-08  1.78942600e+00  4.27100000e-08  3.30000000e+00  4.27100000e-08  0.00000000e+00 
 4.27300000e-08  3.30000083e+00  4.27300000e-08  3.30000079e+00  4.27300000e-08  1.59713323e+00  4.27300000e-08  1.72492676e+00  4.27300000e-08  3.30000000e+00  4.27300000e-08  0.00000000e+00 
 4.27500000e-08  3.30000075e+00  4.27500000e-08  3.30000076e+00  4.27500000e-08  1.52992167e+00  4.27500000e-08  1.66112803e+00  4.27500000e-08  3.30000000e+00  4.27500000e-08  0.00000000e+00 
 4.27700000e-08  3.30000067e+00  4.27700000e-08  3.30000071e+00  4.27700000e-08  1.46331137e+00  4.27700000e-08  1.59798510e+00  4.27700000e-08  3.30000000e+00  4.27700000e-08  0.00000000e+00 
 4.27900000e-08  3.30000062e+00  4.27900000e-08  3.30000065e+00  4.27900000e-08  1.39725355e+00  4.27900000e-08  1.53543103e+00  4.27900000e-08  3.30000000e+00  4.27900000e-08  0.00000000e+00 
 4.28100000e-08  3.30000058e+00  4.28100000e-08  3.30000059e+00  4.28100000e-08  1.33172547e+00  4.28100000e-08  1.47340159e+00  4.28100000e-08  3.30000000e+00  4.28100000e-08  0.00000000e+00 
 4.28300000e-08  3.30000056e+00  4.28300000e-08  3.30000054e+00  4.28300000e-08  1.26672388e+00  4.28300000e-08  1.41185132e+00  4.28300000e-08  3.30000000e+00  4.28300000e-08  0.00000000e+00 
 4.28500000e-08  3.30000056e+00  4.28500000e-08  3.30000050e+00  4.28500000e-08  1.20225959e+00  4.28500000e-08  1.35075531e+00  4.28500000e-08  3.30000000e+00  4.28500000e-08  0.00000000e+00 
 4.28700000e-08  3.30000056e+00  4.28700000e-08  3.30000048e+00  4.28700000e-08  1.13835639e+00  4.28700000e-08  1.29010492e+00  4.28700000e-08  3.30000000e+00  4.28700000e-08  0.00000000e+00 
 4.28900000e-08  3.30000058e+00  4.28900000e-08  3.30000048e+00  4.28900000e-08  1.07505412e+00  4.28900000e-08  1.22990318e+00  4.28900000e-08  3.30000000e+00  4.28900000e-08  0.00000000e+00 
 4.29100000e-08  3.30000062e+00  4.29100000e-08  3.30000048e+00  4.29100000e-08  1.01241992e+00  4.29100000e-08  1.17016268e+00  4.29100000e-08  3.30000000e+00  4.29100000e-08  0.00000000e+00 
 4.29300000e-08  3.30000069e+00  4.29300000e-08  3.30000048e+00  4.29300000e-08  9.50576597e-01  4.29300000e-08  1.11090596e+00  4.29300000e-08  3.30000000e+00  4.29300000e-08  0.00000000e+00 
 4.29500000e-08  3.30000086e+00  4.29500000e-08  3.30000051e+00  4.29500000e-08  8.89781707e-01  4.29500000e-08  1.05217032e+00  4.29500000e-08  3.30000000e+00  4.29500000e-08  0.00000000e+00 
 4.29700000e-08  3.30000129e+00  4.29700000e-08  3.30000056e+00  4.29700000e-08  8.30681141e-01  4.29700000e-08  9.94024200e-01  4.29700000e-08  3.30000000e+00  4.29700000e-08  0.00000000e+00 
 4.29900000e-08  3.30000253e+00  4.29900000e-08  3.30000069e+00  4.29900000e-08  7.75165302e-01  4.29900000e-08  9.36631089e-01  4.29900000e-08  3.30000000e+00  4.29900000e-08  0.00000000e+00 
 4.30100000e-08  3.30000524e+00  4.30100000e-08  3.30000098e+00  4.30100000e-08  7.27271317e-01  4.30100000e-08  8.80336349e-01  4.30100000e-08  3.30000000e+00  4.30100000e-08  0.00000000e+00 
 4.30300000e-08  3.30000765e+00  4.30300000e-08  3.30000133e+00  4.30300000e-08  6.90287717e-01  4.30300000e-08  8.25675126e-01  4.30300000e-08  3.30000000e+00  4.30300000e-08  0.00000000e+00 
 4.30500000e-08  3.30000724e+00  4.30500000e-08  3.30000204e+00  4.30500000e-08  6.63058997e-01  4.30500000e-08  7.73890441e-01  4.30500000e-08  3.30000000e+00  4.30500000e-08  0.00000000e+00 
 4.30700000e-08  3.30000526e+00  4.30700000e-08  3.30000391e+00  4.30700000e-08  6.42467709e-01  4.30700000e-08  7.27883104e-01  4.30700000e-08  3.30000000e+00  4.30700000e-08  0.00000000e+00 
 4.30900000e-08  3.30000348e+00  4.30900000e-08  3.30000602e+00  4.30900000e-08  6.26114191e-01  4.30900000e-08  6.90596414e-01  4.30900000e-08  3.30000000e+00  4.30900000e-08  0.00000000e+00 
 4.31100000e-08  3.30000218e+00  4.31100000e-08  3.30000612e+00  4.31100000e-08  6.12463930e-01  4.31100000e-08  6.61742702e-01  4.31100000e-08  3.30000000e+00  4.31100000e-08  0.00000000e+00 
 4.31300000e-08  3.30000132e+00  4.31300000e-08  3.30000459e+00  4.31300000e-08  6.00519287e-01  4.31300000e-08  6.38856003e-01  4.31300000e-08  3.30000000e+00  4.31300000e-08  0.00000000e+00 
 4.31500000e-08  3.30000079e+00  4.31500000e-08  3.30000303e+00  4.31500000e-08  5.89625484e-01  4.31500000e-08  6.19791625e-01  4.31500000e-08  3.30000000e+00  4.31500000e-08  0.00000000e+00 
 4.31700000e-08  3.30000048e+00  4.31700000e-08  3.30000199e+00  4.31700000e-08  5.79366207e-01  4.31700000e-08  6.03225189e-01  4.31700000e-08  3.30000000e+00  4.31700000e-08  0.00000000e+00 
 4.31900000e-08  3.30000029e+00  4.31900000e-08  3.30000136e+00  4.31900000e-08  5.69489417e-01  4.31900000e-08  5.88383360e-01  4.31900000e-08  3.30000000e+00  4.31900000e-08  0.00000000e+00 
 4.32100000e-08  3.30000018e+00  4.32100000e-08  3.30000098e+00  4.32100000e-08  5.59850449e-01  4.32100000e-08  5.74801100e-01  4.32100000e-08  3.30000000e+00  4.32100000e-08  0.00000000e+00 
 4.32300000e-08  3.30000012e+00  4.32300000e-08  3.30000074e+00  4.32300000e-08  5.50371777e-01  4.32300000e-08  5.62182721e-01  4.32300000e-08  3.30000000e+00  4.32300000e-08  0.00000000e+00 
 4.32500000e-08  3.30000009e+00  4.32500000e-08  3.30000058e+00  4.32500000e-08  5.41015889e-01  4.32500000e-08  5.50331902e-01  4.32500000e-08  3.30000000e+00  4.32500000e-08  0.00000000e+00 
 4.32700000e-08  3.30000008e+00  4.32700000e-08  3.30000048e+00  4.32700000e-08  5.31768241e-01  4.32700000e-08  5.39111088e-01  4.32700000e-08  3.30000000e+00  4.32700000e-08  0.00000000e+00 
 4.32850000e-08  3.30000007e+00  4.32850000e-08  3.30000041e+00  4.32850000e-08  5.24901553e-01  4.32850000e-08  5.31046850e-01  4.32850000e-08  3.30000000e+00  4.32850000e-08  0.00000000e+00 
 4.33000000e-08  3.30000007e+00  4.33000000e-08  3.30000036e+00  4.33000000e-08  5.18095724e-01  4.33000000e-08  5.23243384e-01  4.33000000e-08  3.30000000e+00  4.33000000e-08  0.00000000e+00 
 4.33020000e-08  3.32133513e+00  4.33020000e-08  3.32133530e+00  4.33020000e-08  5.17288766e-01  4.33020000e-08  5.22319832e-01  4.33020000e-08  3.30000000e+00  4.33020000e-08  6.60000000e-02 
 4.33060000e-08  3.35610002e+00  4.33060000e-08  3.35610024e+00  4.33060000e-08  5.15644292e-01  4.33060000e-08  5.20447712e-01  4.33060000e-08  3.30000000e+00  4.33060000e-08  1.98000000e-01 
 4.33140000e-08  3.39509872e+00  4.33140000e-08  3.39509895e+00  4.33140000e-08  5.12234149e-01  4.33140000e-08  5.16613281e-01  4.33140000e-08  3.30000000e+00  4.33140000e-08  4.62000000e-01 
 4.33300000e-08  3.43011171e+00  4.33300000e-08  3.43011189e+00  4.33300000e-08  5.05108484e-01  4.33300000e-08  5.08751437e-01  4.33300000e-08  3.30000000e+00  4.33300000e-08  9.90000000e-01 
 4.33500000e-08  3.46573204e+00  4.33500000e-08  3.46573211e+00  4.33500000e-08  4.95301469e-01  4.33500000e-08  4.98197388e-01  4.33500000e-08  3.30000000e+00  4.33500000e-08  1.65000000e+00 
 4.33700000e-08  3.53471625e+00  4.33700000e-08  3.53471620e+00  4.33700000e-08  4.84552082e-01  4.33700000e-08  4.86852672e-01  4.33700000e-08  3.30000000e+00  4.33700000e-08  2.31000000e+00 
 4.33850000e-08  3.62530878e+00  4.33850000e-08  3.62530854e+00  4.33850000e-08  4.76666570e-01  4.33850000e-08  4.78605392e-01  4.33850000e-08  3.30000000e+00  4.33850000e-08  2.80500000e+00 
 4.34000000e-08  3.74051081e+00  4.34000000e-08  3.74050977e+00  4.34000000e-08  4.69645009e-01  4.34000000e-08  4.71290514e-01  4.34000000e-08  3.30000000e+00  4.34000000e-08  3.30000000e+00 
 4.34020000e-08  3.74048460e+00  4.34020000e-08  3.74048348e+00  4.34020000e-08  4.68716174e-01  4.34020000e-08  4.70327504e-01  4.34020000e-08  3.30000000e+00  4.34020000e-08  3.30000000e+00 
 4.34060000e-08  3.74042728e+00  4.34060000e-08  3.74042602e+00  4.34060000e-08  4.66910919e-01  4.34060000e-08  4.68456029e-01  4.34060000e-08  3.30000000e+00  4.34060000e-08  3.30000000e+00 
 4.34140000e-08  3.74031527e+00  4.34140000e-08  3.74031379e+00  4.34140000e-08  4.63525724e-01  4.34140000e-08  4.64949979e-01  4.34140000e-08  3.30000000e+00  4.34140000e-08  3.30000000e+00 
 4.34300000e-08  3.74010330e+00  4.34300000e-08  3.74010159e+00  4.34300000e-08  4.57170572e-01  4.34300000e-08  4.58392995e-01  4.34300000e-08  3.30000000e+00  4.34300000e-08  3.30000000e+00 
 4.34500000e-08  3.73983738e+00  4.34500000e-08  3.73983539e+00  4.34500000e-08  4.49461675e-01  4.34500000e-08  4.50492244e-01  4.34500000e-08  3.30000000e+00  4.34500000e-08  3.30000000e+00 
 4.34700000e-08  3.73955970e+00  4.34700000e-08  3.73955736e+00  4.34700000e-08  4.41771109e-01  4.34700000e-08  4.42658755e-01  4.34700000e-08  3.30000000e+00  4.34700000e-08  3.30000000e+00 
 4.34900000e-08  3.73927846e+00  4.34900000e-08  3.73927580e+00  4.34900000e-08  4.34101153e-01  4.34900000e-08  4.34879361e-01  4.34900000e-08  3.30000000e+00  4.34900000e-08  3.30000000e+00 
 4.35100000e-08  3.73899830e+00  4.35100000e-08  3.73899538e+00  4.35100000e-08  4.26507606e-01  4.35100000e-08  4.27199866e-01  4.35100000e-08  3.30000000e+00  4.35100000e-08  3.30000000e+00 
 4.35300000e-08  3.73872061e+00  4.35300000e-08  3.73871750e+00  4.35300000e-08  4.19023546e-01  4.35300000e-08  4.19646858e-01  4.35300000e-08  3.30000000e+00  4.35300000e-08  3.30000000e+00 
 4.35500000e-08  3.73844575e+00  4.35500000e-08  3.73844247e+00  4.35500000e-08  4.11661504e-01  4.35500000e-08  4.12228461e-01  4.35500000e-08  3.30000000e+00  4.35500000e-08  3.30000000e+00 
 4.35700000e-08  3.73817370e+00  4.35700000e-08  3.73817031e+00  4.35700000e-08  4.04424605e-01  4.35700000e-08  4.04944693e-01  4.35700000e-08  3.30000000e+00  4.35700000e-08  3.30000000e+00 
 4.35900000e-08  3.73790443e+00  4.35900000e-08  3.73790093e+00  4.35900000e-08  3.97312272e-01  4.35900000e-08  3.97792726e-01  4.35900000e-08  3.30000000e+00  4.35900000e-08  3.30000000e+00 
 4.36100000e-08  3.73763783e+00  4.36100000e-08  3.73763425e+00  4.36100000e-08  3.90322629e-01  4.36100000e-08  3.90769039e-01  4.36100000e-08  3.30000000e+00  4.36100000e-08  3.30000000e+00 
 4.36300000e-08  3.73737384e+00  4.36300000e-08  3.73737020e+00  4.36300000e-08  3.83453434e-01  4.36300000e-08  3.83870182e-01  4.36300000e-08  3.30000000e+00  4.36300000e-08  3.30000000e+00 
 4.36500000e-08  3.73711238e+00  4.36500000e-08  3.73710869e+00  4.36500000e-08  3.76702360e-01  4.36500000e-08  3.77092935e-01  4.36500000e-08  3.30000000e+00  4.36500000e-08  3.30000000e+00 
 4.36700000e-08  3.73685339e+00  4.36700000e-08  3.73684965e+00  4.36700000e-08  3.70067122e-01  4.36700000e-08  3.70434344e-01  4.36700000e-08  3.30000000e+00  4.36700000e-08  3.30000000e+00 
 4.36900000e-08  3.73659680e+00  4.36900000e-08  3.73659302e+00  4.36900000e-08  3.63545479e-01  4.36900000e-08  3.63891672e-01  4.36900000e-08  3.30000000e+00  4.36900000e-08  3.30000000e+00 
 4.37100000e-08  3.73634255e+00  4.37100000e-08  3.73633874e+00  4.37100000e-08  3.57135275e-01  4.37100000e-08  3.57462380e-01  4.37100000e-08  3.30000000e+00  4.37100000e-08  3.30000000e+00 
 4.37300000e-08  3.73609059e+00  4.37300000e-08  3.73608676e+00  4.37300000e-08  3.50834412e-01  4.37300000e-08  3.51144082e-01  4.37300000e-08  3.30000000e+00  4.37300000e-08  3.30000000e+00 
 4.37500000e-08  3.73584088e+00  4.37500000e-08  3.73583702e+00  4.37500000e-08  3.44640875e-01  4.37500000e-08  3.44934536e-01  4.37500000e-08  3.30000000e+00  4.37500000e-08  3.30000000e+00 
 4.37700000e-08  3.73559334e+00  4.37700000e-08  3.73558947e+00  4.37700000e-08  3.38552709e-01  4.37700000e-08  3.38831604e-01  4.37700000e-08  3.30000000e+00  4.37700000e-08  3.30000000e+00 
 4.37900000e-08  3.73534796e+00  4.37900000e-08  3.73534407e+00  4.37900000e-08  3.32568032e-01  4.37900000e-08  3.32833258e-01  4.37900000e-08  3.30000000e+00  4.37900000e-08  3.30000000e+00 
 4.38100000e-08  3.73510467e+00  4.38100000e-08  3.73510077e+00  4.38100000e-08  3.26685010e-01  4.38100000e-08  3.26937544e-01  4.38100000e-08  3.30000000e+00  4.38100000e-08  3.30000000e+00 
 4.38300000e-08  3.73486345e+00  4.38300000e-08  3.73485954e+00  4.38300000e-08  3.20901879e-01  4.38300000e-08  3.21142599e-01  4.38300000e-08  3.30000000e+00  4.38300000e-08  3.30000000e+00 
 4.38500000e-08  3.73462424e+00  4.38500000e-08  3.73462033e+00  4.38500000e-08  3.15216915e-01  4.38500000e-08  3.15446611e-01  4.38500000e-08  3.30000000e+00  4.38500000e-08  3.30000000e+00 
 4.38700000e-08  3.73438702e+00  4.38700000e-08  3.73438310e+00  4.38700000e-08  3.09628453e-01  4.38700000e-08  3.09847842e-01  4.38700000e-08  3.30000000e+00  4.38700000e-08  3.30000000e+00 
 4.38900000e-08  3.73415174e+00  4.38900000e-08  3.73414782e+00  4.38900000e-08  3.04134862e-01  4.38900000e-08  3.04344598e-01  4.38900000e-08  3.30000000e+00  4.38900000e-08  3.30000000e+00 
 4.39100000e-08  3.73391838e+00  4.39100000e-08  3.73391446e+00  4.39100000e-08  2.98734564e-01  4.39100000e-08  2.98935243e-01  4.39100000e-08  3.30000000e+00  4.39100000e-08  3.30000000e+00 
 4.39300000e-08  3.73368690e+00  4.39300000e-08  3.73368298e+00  4.39300000e-08  2.93426006e-01  4.39300000e-08  2.93618177e-01  4.39300000e-08  3.30000000e+00  4.39300000e-08  3.30000000e+00 
 4.39500000e-08  3.73345726e+00  4.39500000e-08  3.73345334e+00  4.39500000e-08  2.88207685e-01  4.39500000e-08  2.88391851e-01  4.39500000e-08  3.30000000e+00  4.39500000e-08  3.30000000e+00 
 4.39700000e-08  3.73322944e+00  4.39700000e-08  3.73322552e+00  4.39700000e-08  2.83078119e-01  4.39700000e-08  2.83254744e-01  4.39700000e-08  3.30000000e+00  4.39700000e-08  3.30000000e+00 
 4.39900000e-08  3.73300341e+00  4.39900000e-08  3.73299950e+00  4.39900000e-08  2.78035868e-01  4.39900000e-08  2.78205380e-01  4.39900000e-08  3.30000000e+00  4.39900000e-08  3.30000000e+00 
 4.40100000e-08  3.73277913e+00  4.40100000e-08  3.73277522e+00  4.40100000e-08  2.73079512e-01  4.40100000e-08  2.73242307e-01  4.40100000e-08  3.30000000e+00  4.40100000e-08  3.30000000e+00 
 4.40300000e-08  3.73255659e+00  4.40300000e-08  3.73255268e+00  4.40300000e-08  2.68207668e-01  4.40300000e-08  2.68364113e-01  4.40300000e-08  3.30000000e+00  4.40300000e-08  3.30000000e+00 
 4.40500000e-08  3.73233574e+00  4.40500000e-08  3.73233184e+00  4.40500000e-08  2.63418970e-01  4.40500000e-08  2.63569405e-01  4.40500000e-08  3.30000000e+00  4.40500000e-08  3.30000000e+00 
 4.40700000e-08  3.73211658e+00  4.40700000e-08  3.73211268e+00  4.40700000e-08  2.58712087e-01  4.40700000e-08  2.58856828e-01  4.40700000e-08  3.30000000e+00  4.40700000e-08  3.30000000e+00 
 4.40900000e-08  3.73189906e+00  4.40900000e-08  3.73189517e+00  4.40900000e-08  2.54085700e-01  4.40900000e-08  2.54225043e-01  4.40900000e-08  3.30000000e+00  4.40900000e-08  3.30000000e+00 
 4.41100000e-08  3.73168317e+00  4.41100000e-08  3.73167929e+00  4.41100000e-08  2.49538526e-01  4.41100000e-08  2.49672745e-01  4.41100000e-08  3.30000000e+00  4.41100000e-08  3.30000000e+00 
 4.41300000e-08  3.73146887e+00  4.41300000e-08  3.73146500e+00  4.41300000e-08  2.45069290e-01  4.41300000e-08  2.45198642e-01  4.41300000e-08  3.30000000e+00  4.41300000e-08  3.30000000e+00 
 4.41500000e-08  3.73125616e+00  4.41500000e-08  3.73125230e+00  4.41500000e-08  2.40676753e-01  4.41500000e-08  2.40801476e-01  4.41500000e-08  3.30000000e+00  4.41500000e-08  3.30000000e+00 
 4.41700000e-08  3.73104500e+00  4.41700000e-08  3.73104115e+00  4.41700000e-08  2.36359680e-01  4.41700000e-08  2.36479999e-01  4.41700000e-08  3.30000000e+00  4.41700000e-08  3.30000000e+00 
 4.41900000e-08  3.73083537e+00  4.41900000e-08  3.73083153e+00  4.41900000e-08  2.32116871e-01  4.41900000e-08  2.32232996e-01  4.41900000e-08  3.30000000e+00  4.41900000e-08  3.30000000e+00 
 4.42100000e-08  3.73062725e+00  4.42100000e-08  3.73062342e+00  4.42100000e-08  2.27947131e-01  4.42100000e-08  2.28059259e-01  4.42100000e-08  3.30000000e+00  4.42100000e-08  3.30000000e+00 
 4.42300000e-08  3.73042063e+00  4.42300000e-08  3.73041681e+00  4.42300000e-08  2.23849296e-01  4.42300000e-08  2.23957611e-01  4.42300000e-08  3.30000000e+00  4.42300000e-08  3.30000000e+00 
 4.42500000e-08  3.73021546e+00  4.42500000e-08  3.73021165e+00  4.42500000e-08  2.19822208e-01  4.42500000e-08  2.19926884e-01  4.42500000e-08  3.30000000e+00  4.42500000e-08  3.30000000e+00 
 4.42700000e-08  3.73001175e+00  4.42700000e-08  3.73000795e+00  4.42700000e-08  2.15864737e-01  4.42700000e-08  2.15965938e-01  4.42700000e-08  3.30000000e+00  4.42700000e-08  3.30000000e+00 
 4.42900000e-08  3.72980946e+00  4.42900000e-08  3.72980567e+00  4.42900000e-08  2.11975761e-01  4.42900000e-08  2.12073640e-01  4.42900000e-08  3.30000000e+00  4.42900000e-08  3.30000000e+00 
 4.43100000e-08  3.72960857e+00  4.43100000e-08  3.72960480e+00  4.43100000e-08  2.08154182e-01  4.43100000e-08  2.08248884e-01  4.43100000e-08  3.30000000e+00  4.43100000e-08  3.30000000e+00 
 4.43300000e-08  3.72940908e+00  4.43300000e-08  3.72940531e+00  4.43300000e-08  2.04398910e-01  4.43300000e-08  2.04490572e-01  4.43300000e-08  3.30000000e+00  4.43300000e-08  3.30000000e+00 
 4.43500000e-08  3.72921095e+00  4.43500000e-08  3.72920720e+00  4.43500000e-08  2.00708881e-01  4.43500000e-08  2.00797631e-01  4.43500000e-08  3.30000000e+00  4.43500000e-08  3.30000000e+00 
 4.43700000e-08  3.72901418e+00  4.43700000e-08  3.72901043e+00  4.43700000e-08  1.97083035e-01  4.43700000e-08  1.97168996e-01  4.43700000e-08  3.30000000e+00  4.43700000e-08  3.30000000e+00 
 4.43900000e-08  3.72881873e+00  4.43900000e-08  3.72881501e+00  4.43900000e-08  1.93520339e-01  4.43900000e-08  1.93603627e-01  4.43900000e-08  3.30000000e+00  4.43900000e-08  3.30000000e+00 
 4.44100000e-08  3.72862460e+00  4.44100000e-08  3.72862089e+00  4.44100000e-08  1.90019764e-01  4.44100000e-08  1.90100487e-01  4.44100000e-08  3.30000000e+00  4.44100000e-08  3.30000000e+00 
 4.44300000e-08  3.72843177e+00  4.44300000e-08  3.72842807e+00  4.44300000e-08  1.86580307e-01  4.44300000e-08  1.86658568e-01  4.44300000e-08  3.30000000e+00  4.44300000e-08  3.30000000e+00 
 4.44500000e-08  3.72824022e+00  4.44500000e-08  3.72823653e+00  4.44500000e-08  1.83200966e-01  4.44500000e-08  1.83276864e-01  4.44500000e-08  3.30000000e+00  4.44500000e-08  3.30000000e+00 
 4.44700000e-08  3.72804994e+00  4.44700000e-08  3.72804626e+00  4.44700000e-08  1.79880769e-01  4.44700000e-08  1.79954396e-01  4.44700000e-08  3.30000000e+00  4.44700000e-08  3.30000000e+00 
 4.44900000e-08  3.72786089e+00  4.44900000e-08  3.72785723e+00  4.44900000e-08  1.76618742e-01  4.44900000e-08  1.76690187e-01  4.44900000e-08  3.30000000e+00  4.44900000e-08  3.30000000e+00 
 4.45100000e-08  3.72767309e+00  4.45100000e-08  3.72766943e+00  4.45100000e-08  1.73413939e-01  4.45100000e-08  1.73483286e-01  4.45100000e-08  3.30000000e+00  4.45100000e-08  3.30000000e+00 
 4.45300000e-08  3.72748649e+00  4.45300000e-08  3.72748285e+00  4.45300000e-08  1.70265416e-01  4.45300000e-08  1.70332744e-01  4.45300000e-08  3.30000000e+00  4.45300000e-08  3.30000000e+00 
 4.45500000e-08  3.72730110e+00  4.45500000e-08  3.72729747e+00  4.45500000e-08  1.67172254e-01  4.45500000e-08  1.67237639e-01  4.45500000e-08  3.30000000e+00  4.45500000e-08  3.30000000e+00 
 4.45700000e-08  3.72711689e+00  4.45700000e-08  3.72711327e+00  4.45700000e-08  1.64133536e-01  4.45700000e-08  1.64197049e-01  4.45700000e-08  3.30000000e+00  4.45700000e-08  3.30000000e+00 
 4.45900000e-08  3.72693385e+00  4.45900000e-08  3.72693025e+00  4.45900000e-08  1.61148367e-01  4.45900000e-08  1.61210079e-01  4.45900000e-08  3.30000000e+00  4.45900000e-08  3.30000000e+00 
 4.46100000e-08  3.72675197e+00  4.46100000e-08  3.72674837e+00  4.46100000e-08  1.58215858e-01  4.46100000e-08  1.58275833e-01  4.46100000e-08  3.30000000e+00  4.46100000e-08  3.30000000e+00 
 4.46300000e-08  3.72657122e+00  4.46300000e-08  3.72656765e+00  4.46300000e-08  1.55335141e-01  4.46300000e-08  1.55393441e-01  4.46300000e-08  3.30000000e+00  4.46300000e-08  3.30000000e+00 
 4.46500000e-08  3.72639161e+00  4.46500000e-08  3.72638804e+00  4.46500000e-08  1.52505351e-01  4.46500000e-08  1.52562036e-01  4.46500000e-08  3.30000000e+00  4.46500000e-08  3.30000000e+00 
 4.46700000e-08  3.72621310e+00  4.46700000e-08  3.72620955e+00  4.46700000e-08  1.49725646e-01  4.46700000e-08  1.49780773e-01  4.46700000e-08  3.30000000e+00  4.46700000e-08  3.30000000e+00 
 4.46900000e-08  3.72603570e+00  4.46900000e-08  3.72603216e+00  4.46900000e-08  1.46995185e-01  4.46900000e-08  1.47048808e-01  4.46900000e-08  3.30000000e+00  4.46900000e-08  3.30000000e+00 
 4.47100000e-08  3.72585938e+00  4.47100000e-08  3.72585585e+00  4.47100000e-08  1.44313152e-01  4.47100000e-08  1.44365322e-01  4.47100000e-08  3.30000000e+00  4.47100000e-08  3.30000000e+00 
 4.47300000e-08  3.72568414e+00  4.47300000e-08  3.72568062e+00  4.47300000e-08  1.41678729e-01  4.47300000e-08  1.41729497e-01  4.47300000e-08  3.30000000e+00  4.47300000e-08  3.30000000e+00 
 4.47500000e-08  3.72550995e+00  4.47500000e-08  3.72550645e+00  4.47500000e-08  1.39091125e-01  4.47500000e-08  1.39140538e-01  4.47500000e-08  3.30000000e+00  4.47500000e-08  3.30000000e+00 
 4.47700000e-08  3.72533681e+00  4.47700000e-08  3.72533332e+00  4.47700000e-08  1.36549547e-01  4.47700000e-08  1.36597650e-01  4.47700000e-08  3.30000000e+00  4.47700000e-08  3.30000000e+00 
 4.47900000e-08  3.72516471e+00  4.47900000e-08  3.72516123e+00  4.47900000e-08  1.34053225e-01  4.47900000e-08  1.34100061e-01  4.47900000e-08  3.30000000e+00  4.47900000e-08  3.30000000e+00 
 4.48100000e-08  3.72499363e+00  4.48100000e-08  3.72499016e+00  4.48100000e-08  1.31601390e-01  4.48100000e-08  1.31647002e-01  4.48100000e-08  3.30000000e+00  4.48100000e-08  3.30000000e+00 
 4.48300000e-08  3.72482356e+00  4.48300000e-08  3.72482010e+00  4.48300000e-08  1.29193296e-01  4.48300000e-08  1.29237724e-01  4.48300000e-08  3.30000000e+00  4.48300000e-08  3.30000000e+00 
 4.48500000e-08  3.72465448e+00  4.48500000e-08  3.72465104e+00  4.48500000e-08  1.26828198e-01  4.48500000e-08  1.26871478e-01  4.48500000e-08  3.30000000e+00  4.48500000e-08  3.30000000e+00 
 4.48700000e-08  3.72448640e+00  4.48700000e-08  3.72448297e+00  4.48700000e-08  1.24505370e-01  4.48700000e-08  1.24547540e-01  4.48700000e-08  3.30000000e+00  4.48700000e-08  3.30000000e+00 
 4.48900000e-08  3.72431928e+00  4.48900000e-08  3.72431587e+00  4.48900000e-08  1.22224089e-01  4.48900000e-08  1.22265185e-01  4.48900000e-08  3.30000000e+00  4.48900000e-08  3.30000000e+00 
 4.49100000e-08  3.72415314e+00  4.49100000e-08  3.72414974e+00  4.49100000e-08  1.19983653e-01  4.49100000e-08  1.20023708e-01  4.49100000e-08  3.30000000e+00  4.49100000e-08  3.30000000e+00 
 4.49300000e-08  3.72398794e+00  4.49300000e-08  3.72398455e+00  4.49300000e-08  1.17783360e-01  4.49300000e-08  1.17822406e-01  4.49300000e-08  3.30000000e+00  4.49300000e-08  3.30000000e+00 
 4.49500000e-08  3.72382369e+00  4.49500000e-08  3.72382032e+00  4.49500000e-08  1.15622529e-01  4.49500000e-08  1.15660598e-01  4.49500000e-08  3.30000000e+00  4.49500000e-08  3.30000000e+00 
 4.49700000e-08  3.72366037e+00  4.49700000e-08  3.72365701e+00  4.49700000e-08  1.13500480e-01  4.49700000e-08  1.13537602e-01  4.49700000e-08  3.30000000e+00  4.49700000e-08  3.30000000e+00 
 4.49850000e-08  3.72353849e+00  4.49850000e-08  3.72353513e+00  4.49850000e-08  1.11934014e-01  4.49850000e-08  1.11970444e-01  4.49850000e-08  3.30000000e+00  4.49850000e-08  3.30000000e+00 
 4.50000000e-08  3.72341711e+00  4.50000000e-08  3.72341377e+00  4.50000000e-08  1.10388709e-01  4.50000000e-08  1.10424464e-01  4.50000000e-08  3.30000000e+00  4.50000000e-08  3.30000000e+00 
