 0.00000000e+00  3.30000000e+00  0.00000000e+00  3.30000000e+00  0.00000000e+00  3.29999988e+00  0.00000000e+00  3.29999989e+00  0.00000000e+00  0.00000000e+00  0.00000000e+00  0.00000000e+00 
 2.00000000e-13  3.30000000e+00  2.00000000e-13  3.30000000e+00  2.00000000e-13  3.29999988e+00  2.00000000e-13  3.29999989e+00  2.00000000e-13  0.00000000e+00  2.00000000e-13  0.00000000e+00 
 4.00000000e-13  3.30000000e+00  4.00000000e-13  3.30000000e+00  4.00000000e-13  3.29999988e+00  4.00000000e-13  3.29999989e+00  4.00000000e-13  0.00000000e+00  4.00000000e-13  0.00000000e+00 
 8.00000000e-13  3.30000000e+00  8.00000000e-13  3.30000000e+00  8.00000000e-13  3.29999988e+00  8.00000000e-13  3.29999989e+00  8.00000000e-13  0.00000000e+00  8.00000000e-13  0.00000000e+00 
 1.60000000e-12  3.30000000e+00  1.60000000e-12  3.30000000e+00  1.60000000e-12  3.29999988e+00  1.60000000e-12  3.29999990e+00  1.60000000e-12  0.00000000e+00  1.60000000e-12  0.00000000e+00 
 3.20000000e-12  3.30000000e+00  3.20000000e-12  3.30000000e+00  3.20000000e-12  3.29999988e+00  3.20000000e-12  3.29999990e+00  3.20000000e-12  0.00000000e+00  3.20000000e-12  0.00000000e+00 
 6.40000000e-12  3.30000000e+00  6.40000000e-12  3.30000000e+00  6.40000000e-12  3.29999988e+00  6.40000000e-12  3.29999991e+00  6.40000000e-12  0.00000000e+00  6.40000000e-12  0.00000000e+00 
 1.28000000e-11  3.30000000e+00  1.28000000e-11  3.30000000e+00  1.28000000e-11  3.29999988e+00  1.28000000e-11  3.29999992e+00  1.28000000e-11  0.00000000e+00  1.28000000e-11  0.00000000e+00 
 2.56000000e-11  3.30000000e+00  2.56000000e-11  3.30000000e+00  2.56000000e-11  3.29999988e+00  2.56000000e-11  3.29999995e+00  2.56000000e-11  0.00000000e+00  2.56000000e-11  0.00000000e+00 
 4.56000000e-11  3.30000000e+00  4.56000000e-11  3.30000000e+00  4.56000000e-11  3.29999988e+00  4.56000000e-11  3.29999999e+00  4.56000000e-11  0.00000000e+00  4.56000000e-11  0.00000000e+00 
 6.56000000e-11  3.30000000e+00  6.56000000e-11  3.30000000e+00  6.56000000e-11  3.29999988e+00  6.56000000e-11  3.30000002e+00  6.56000000e-11  0.00000000e+00  6.56000000e-11  0.00000000e+00 
 8.56000000e-11  3.30000000e+00  8.56000000e-11  3.30000000e+00  8.56000000e-11  3.29999988e+00  8.56000000e-11  3.30000005e+00  8.56000000e-11  0.00000000e+00  8.56000000e-11  0.00000000e+00 
 1.05600000e-10  3.30000000e+00  1.05600000e-10  3.30000000e+00  1.05600000e-10  3.29999988e+00  1.05600000e-10  3.30000007e+00  1.05600000e-10  0.00000000e+00  1.05600000e-10  0.00000000e+00 
 1.25600000e-10  3.30000000e+00  1.25600000e-10  3.30000000e+00  1.25600000e-10  3.29999988e+00  1.25600000e-10  3.30000009e+00  1.25600000e-10  0.00000000e+00  1.25600000e-10  0.00000000e+00 
 1.45600000e-10  3.30000000e+00  1.45600000e-10  3.30000000e+00  1.45600000e-10  3.29999988e+00  1.45600000e-10  3.30000010e+00  1.45600000e-10  0.00000000e+00  1.45600000e-10  0.00000000e+00 
 1.65600000e-10  3.30000000e+00  1.65600000e-10  3.30000000e+00  1.65600000e-10  3.29999988e+00  1.65600000e-10  3.30000011e+00  1.65600000e-10  0.00000000e+00  1.65600000e-10  0.00000000e+00 
 1.85600000e-10  3.30000000e+00  1.85600000e-10  3.30000000e+00  1.85600000e-10  3.29999988e+00  1.85600000e-10  3.30000012e+00  1.85600000e-10  0.00000000e+00  1.85600000e-10  0.00000000e+00 
 2.05600000e-10  3.30000000e+00  2.05600000e-10  3.30000000e+00  2.05600000e-10  3.29999988e+00  2.05600000e-10  3.30000013e+00  2.05600000e-10  0.00000000e+00  2.05600000e-10  0.00000000e+00 
 2.25600000e-10  3.30000000e+00  2.25600000e-10  3.30000000e+00  2.25600000e-10  3.29999988e+00  2.25600000e-10  3.30000013e+00  2.25600000e-10  0.00000000e+00  2.25600000e-10  0.00000000e+00 
 2.45600000e-10  3.30000000e+00  2.45600000e-10  3.30000000e+00  2.45600000e-10  3.29999988e+00  2.45600000e-10  3.30000014e+00  2.45600000e-10  0.00000000e+00  2.45600000e-10  0.00000000e+00 
 2.65600000e-10  3.30000000e+00  2.65600000e-10  3.30000000e+00  2.65600000e-10  3.29999988e+00  2.65600000e-10  3.30000014e+00  2.65600000e-10  0.00000000e+00  2.65600000e-10  0.00000000e+00 
 2.85600000e-10  3.30000000e+00  2.85600000e-10  3.30000000e+00  2.85600000e-10  3.29999988e+00  2.85600000e-10  3.30000014e+00  2.85600000e-10  0.00000000e+00  2.85600000e-10  0.00000000e+00 
 3.05600000e-10  3.30000000e+00  3.05600000e-10  3.30000000e+00  3.05600000e-10  3.29999988e+00  3.05600000e-10  3.30000014e+00  3.05600000e-10  0.00000000e+00  3.05600000e-10  0.00000000e+00 
 3.25600000e-10  3.30000000e+00  3.25600000e-10  3.30000000e+00  3.25600000e-10  3.29999988e+00  3.25600000e-10  3.30000015e+00  3.25600000e-10  0.00000000e+00  3.25600000e-10  0.00000000e+00 
 3.45600000e-10  3.30000000e+00  3.45600000e-10  3.30000000e+00  3.45600000e-10  3.29999988e+00  3.45600000e-10  3.30000015e+00  3.45600000e-10  0.00000000e+00  3.45600000e-10  0.00000000e+00 
 3.65600000e-10  3.30000000e+00  3.65600000e-10  3.30000000e+00  3.65600000e-10  3.29999988e+00  3.65600000e-10  3.30000015e+00  3.65600000e-10  0.00000000e+00  3.65600000e-10  0.00000000e+00 
 3.85600000e-10  3.30000000e+00  3.85600000e-10  3.30000000e+00  3.85600000e-10  3.29999988e+00  3.85600000e-10  3.30000015e+00  3.85600000e-10  0.00000000e+00  3.85600000e-10  0.00000000e+00 
 4.05600000e-10  3.30000000e+00  4.05600000e-10  3.30000000e+00  4.05600000e-10  3.29999988e+00  4.05600000e-10  3.30000015e+00  4.05600000e-10  0.00000000e+00  4.05600000e-10  0.00000000e+00 
 4.25600000e-10  3.30000000e+00  4.25600000e-10  3.30000000e+00  4.25600000e-10  3.29999988e+00  4.25600000e-10  3.30000015e+00  4.25600000e-10  0.00000000e+00  4.25600000e-10  0.00000000e+00 
 4.45600000e-10  3.30000000e+00  4.45600000e-10  3.30000000e+00  4.45600000e-10  3.29999988e+00  4.45600000e-10  3.30000015e+00  4.45600000e-10  0.00000000e+00  4.45600000e-10  0.00000000e+00 
 4.65600000e-10  3.30000000e+00  4.65600000e-10  3.30000000e+00  4.65600000e-10  3.29999988e+00  4.65600000e-10  3.30000015e+00  4.65600000e-10  0.00000000e+00  4.65600000e-10  0.00000000e+00 
 4.85600000e-10  3.30000000e+00  4.85600000e-10  3.30000000e+00  4.85600000e-10  3.29999988e+00  4.85600000e-10  3.30000015e+00  4.85600000e-10  0.00000000e+00  4.85600000e-10  0.00000000e+00 
 5.05600000e-10  3.30000000e+00  5.05600000e-10  3.30000000e+00  5.05600000e-10  3.29999988e+00  5.05600000e-10  3.30000015e+00  5.05600000e-10  0.00000000e+00  5.05600000e-10  0.00000000e+00 
 5.25600000e-10  3.30000000e+00  5.25600000e-10  3.30000000e+00  5.25600000e-10  3.29999988e+00  5.25600000e-10  3.30000015e+00  5.25600000e-10  0.00000000e+00  5.25600000e-10  0.00000000e+00 
 5.45600000e-10  3.30000000e+00  5.45600000e-10  3.30000000e+00  5.45600000e-10  3.29999988e+00  5.45600000e-10  3.30000015e+00  5.45600000e-10  0.00000000e+00  5.45600000e-10  0.00000000e+00 
 5.65600000e-10  3.30000000e+00  5.65600000e-10  3.30000000e+00  5.65600000e-10  3.29999988e+00  5.65600000e-10  3.30000015e+00  5.65600000e-10  0.00000000e+00  5.65600000e-10  0.00000000e+00 
 5.85600000e-10  3.30000000e+00  5.85600000e-10  3.30000000e+00  5.85600000e-10  3.29999988e+00  5.85600000e-10  3.30000015e+00  5.85600000e-10  0.00000000e+00  5.85600000e-10  0.00000000e+00 
 6.05600000e-10  3.30000000e+00  6.05600000e-10  3.30000000e+00  6.05600000e-10  3.29999988e+00  6.05600000e-10  3.30000015e+00  6.05600000e-10  0.00000000e+00  6.05600000e-10  0.00000000e+00 
 6.25600000e-10  3.30000000e+00  6.25600000e-10  3.30000000e+00  6.25600000e-10  3.29999988e+00  6.25600000e-10  3.30000015e+00  6.25600000e-10  0.00000000e+00  6.25600000e-10  0.00000000e+00 
 6.45600000e-10  3.30000000e+00  6.45600000e-10  3.30000000e+00  6.45600000e-10  3.29999988e+00  6.45600000e-10  3.30000015e+00  6.45600000e-10  0.00000000e+00  6.45600000e-10  0.00000000e+00 
 6.65600000e-10  3.30000000e+00  6.65600000e-10  3.30000000e+00  6.65600000e-10  3.29999988e+00  6.65600000e-10  3.30000015e+00  6.65600000e-10  0.00000000e+00  6.65600000e-10  0.00000000e+00 
 6.85600000e-10  3.30000000e+00  6.85600000e-10  3.30000000e+00  6.85600000e-10  3.29999988e+00  6.85600000e-10  3.30000015e+00  6.85600000e-10  0.00000000e+00  6.85600000e-10  0.00000000e+00 
 7.05600000e-10  3.30000000e+00  7.05600000e-10  3.30000000e+00  7.05600000e-10  3.29999988e+00  7.05600000e-10  3.30000015e+00  7.05600000e-10  0.00000000e+00  7.05600000e-10  0.00000000e+00 
 7.25600000e-10  3.30000000e+00  7.25600000e-10  3.30000000e+00  7.25600000e-10  3.29999988e+00  7.25600000e-10  3.30000015e+00  7.25600000e-10  0.00000000e+00  7.25600000e-10  0.00000000e+00 
 7.45600000e-10  3.30000000e+00  7.45600000e-10  3.30000000e+00  7.45600000e-10  3.29999988e+00  7.45600000e-10  3.30000015e+00  7.45600000e-10  0.00000000e+00  7.45600000e-10  0.00000000e+00 
 7.65600000e-10  3.30000000e+00  7.65600000e-10  3.30000000e+00  7.65600000e-10  3.29999988e+00  7.65600000e-10  3.30000015e+00  7.65600000e-10  0.00000000e+00  7.65600000e-10  0.00000000e+00 
 7.85600000e-10  3.30000000e+00  7.85600000e-10  3.30000000e+00  7.85600000e-10  3.29999988e+00  7.85600000e-10  3.30000015e+00  7.85600000e-10  0.00000000e+00  7.85600000e-10  0.00000000e+00 
 8.05600000e-10  3.30000000e+00  8.05600000e-10  3.30000000e+00  8.05600000e-10  3.29999988e+00  8.05600000e-10  3.30000015e+00  8.05600000e-10  0.00000000e+00  8.05600000e-10  0.00000000e+00 
 8.25600000e-10  3.30000000e+00  8.25600000e-10  3.30000000e+00  8.25600000e-10  3.29999988e+00  8.25600000e-10  3.30000015e+00  8.25600000e-10  0.00000000e+00  8.25600000e-10  0.00000000e+00 
 8.45600000e-10  3.30000000e+00  8.45600000e-10  3.30000000e+00  8.45600000e-10  3.29999988e+00  8.45600000e-10  3.30000015e+00  8.45600000e-10  0.00000000e+00  8.45600000e-10  0.00000000e+00 
 8.65600000e-10  3.30000000e+00  8.65600000e-10  3.30000000e+00  8.65600000e-10  3.29999988e+00  8.65600000e-10  3.30000015e+00  8.65600000e-10  0.00000000e+00  8.65600000e-10  0.00000000e+00 
 8.85600000e-10  3.30000000e+00  8.85600000e-10  3.30000000e+00  8.85600000e-10  3.29999988e+00  8.85600000e-10  3.30000015e+00  8.85600000e-10  0.00000000e+00  8.85600000e-10  0.00000000e+00 
 9.05600000e-10  3.30000000e+00  9.05600000e-10  3.30000000e+00  9.05600000e-10  3.29999988e+00  9.05600000e-10  3.30000015e+00  9.05600000e-10  0.00000000e+00  9.05600000e-10  0.00000000e+00 
 9.25600000e-10  3.30000000e+00  9.25600000e-10  3.30000000e+00  9.25600000e-10  3.29999988e+00  9.25600000e-10  3.30000015e+00  9.25600000e-10  0.00000000e+00  9.25600000e-10  0.00000000e+00 
 9.45600000e-10  3.30000000e+00  9.45600000e-10  3.30000000e+00  9.45600000e-10  3.29999988e+00  9.45600000e-10  3.30000015e+00  9.45600000e-10  0.00000000e+00  9.45600000e-10  0.00000000e+00 
 9.65600000e-10  3.30000000e+00  9.65600000e-10  3.30000000e+00  9.65600000e-10  3.29999988e+00  9.65600000e-10  3.30000015e+00  9.65600000e-10  0.00000000e+00  9.65600000e-10  0.00000000e+00 
 9.85600000e-10  3.30000000e+00  9.85600000e-10  3.30000000e+00  9.85600000e-10  3.29999988e+00  9.85600000e-10  3.30000015e+00  9.85600000e-10  0.00000000e+00  9.85600000e-10  0.00000000e+00 
 1.00560000e-09  3.30000000e+00  1.00560000e-09  3.30000000e+00  1.00560000e-09  3.29999988e+00  1.00560000e-09  3.30000015e+00  1.00560000e-09  0.00000000e+00  1.00560000e-09  0.00000000e+00 
 1.02560000e-09  3.30000000e+00  1.02560000e-09  3.30000000e+00  1.02560000e-09  3.29999988e+00  1.02560000e-09  3.30000015e+00  1.02560000e-09  0.00000000e+00  1.02560000e-09  0.00000000e+00 
 1.04560000e-09  3.30000000e+00  1.04560000e-09  3.30000000e+00  1.04560000e-09  3.29999988e+00  1.04560000e-09  3.30000015e+00  1.04560000e-09  0.00000000e+00  1.04560000e-09  0.00000000e+00 
 1.06560000e-09  3.30000000e+00  1.06560000e-09  3.30000000e+00  1.06560000e-09  3.29999988e+00  1.06560000e-09  3.30000015e+00  1.06560000e-09  0.00000000e+00  1.06560000e-09  0.00000000e+00 
 1.08560000e-09  3.30000000e+00  1.08560000e-09  3.30000000e+00  1.08560000e-09  3.29999988e+00  1.08560000e-09  3.30000015e+00  1.08560000e-09  0.00000000e+00  1.08560000e-09  0.00000000e+00 
 1.10560000e-09  3.30000000e+00  1.10560000e-09  3.30000000e+00  1.10560000e-09  3.29999988e+00  1.10560000e-09  3.30000015e+00  1.10560000e-09  0.00000000e+00  1.10560000e-09  0.00000000e+00 
 1.12560000e-09  3.30000000e+00  1.12560000e-09  3.30000000e+00  1.12560000e-09  3.29999988e+00  1.12560000e-09  3.30000015e+00  1.12560000e-09  0.00000000e+00  1.12560000e-09  0.00000000e+00 
 1.14560000e-09  3.30000000e+00  1.14560000e-09  3.30000000e+00  1.14560000e-09  3.29999988e+00  1.14560000e-09  3.30000015e+00  1.14560000e-09  0.00000000e+00  1.14560000e-09  0.00000000e+00 
 1.16560000e-09  3.30000000e+00  1.16560000e-09  3.30000000e+00  1.16560000e-09  3.29999988e+00  1.16560000e-09  3.30000015e+00  1.16560000e-09  0.00000000e+00  1.16560000e-09  0.00000000e+00 
 1.18560000e-09  3.30000000e+00  1.18560000e-09  3.30000000e+00  1.18560000e-09  3.29999988e+00  1.18560000e-09  3.30000015e+00  1.18560000e-09  0.00000000e+00  1.18560000e-09  0.00000000e+00 
 1.20560000e-09  3.30000000e+00  1.20560000e-09  3.30000000e+00  1.20560000e-09  3.29999988e+00  1.20560000e-09  3.30000015e+00  1.20560000e-09  0.00000000e+00  1.20560000e-09  0.00000000e+00 
 1.22560000e-09  3.30000000e+00  1.22560000e-09  3.30000000e+00  1.22560000e-09  3.29999988e+00  1.22560000e-09  3.30000015e+00  1.22560000e-09  0.00000000e+00  1.22560000e-09  0.00000000e+00 
 1.24560000e-09  3.30000000e+00  1.24560000e-09  3.30000000e+00  1.24560000e-09  3.29999988e+00  1.24560000e-09  3.30000015e+00  1.24560000e-09  0.00000000e+00  1.24560000e-09  0.00000000e+00 
 1.26560000e-09  3.30000000e+00  1.26560000e-09  3.30000000e+00  1.26560000e-09  3.29999988e+00  1.26560000e-09  3.30000015e+00  1.26560000e-09  0.00000000e+00  1.26560000e-09  0.00000000e+00 
 1.28560000e-09  3.30000000e+00  1.28560000e-09  3.30000000e+00  1.28560000e-09  3.29999988e+00  1.28560000e-09  3.30000015e+00  1.28560000e-09  0.00000000e+00  1.28560000e-09  0.00000000e+00 
 1.30560000e-09  3.30000000e+00  1.30560000e-09  3.30000000e+00  1.30560000e-09  3.29999988e+00  1.30560000e-09  3.30000015e+00  1.30560000e-09  0.00000000e+00  1.30560000e-09  0.00000000e+00 
 1.32560000e-09  3.30000000e+00  1.32560000e-09  3.30000000e+00  1.32560000e-09  3.29999988e+00  1.32560000e-09  3.30000015e+00  1.32560000e-09  0.00000000e+00  1.32560000e-09  0.00000000e+00 
 1.34560000e-09  3.30000000e+00  1.34560000e-09  3.30000000e+00  1.34560000e-09  3.29999988e+00  1.34560000e-09  3.30000015e+00  1.34560000e-09  0.00000000e+00  1.34560000e-09  0.00000000e+00 
 1.36560000e-09  3.30000000e+00  1.36560000e-09  3.30000000e+00  1.36560000e-09  3.29999988e+00  1.36560000e-09  3.30000015e+00  1.36560000e-09  0.00000000e+00  1.36560000e-09  0.00000000e+00 
 1.38560000e-09  3.30000000e+00  1.38560000e-09  3.30000000e+00  1.38560000e-09  3.29999988e+00  1.38560000e-09  3.30000015e+00  1.38560000e-09  0.00000000e+00  1.38560000e-09  0.00000000e+00 
 1.40560000e-09  3.30000000e+00  1.40560000e-09  3.30000000e+00  1.40560000e-09  3.29999988e+00  1.40560000e-09  3.30000015e+00  1.40560000e-09  0.00000000e+00  1.40560000e-09  0.00000000e+00 
 1.42560000e-09  3.30000000e+00  1.42560000e-09  3.30000000e+00  1.42560000e-09  3.29999988e+00  1.42560000e-09  3.30000015e+00  1.42560000e-09  0.00000000e+00  1.42560000e-09  0.00000000e+00 
 1.44560000e-09  3.30000000e+00  1.44560000e-09  3.30000000e+00  1.44560000e-09  3.29999988e+00  1.44560000e-09  3.30000015e+00  1.44560000e-09  0.00000000e+00  1.44560000e-09  0.00000000e+00 
 1.46560000e-09  3.30000000e+00  1.46560000e-09  3.30000000e+00  1.46560000e-09  3.29999988e+00  1.46560000e-09  3.30000015e+00  1.46560000e-09  0.00000000e+00  1.46560000e-09  0.00000000e+00 
 1.48560000e-09  3.30000000e+00  1.48560000e-09  3.30000000e+00  1.48560000e-09  3.29999988e+00  1.48560000e-09  3.30000015e+00  1.48560000e-09  0.00000000e+00  1.48560000e-09  0.00000000e+00 
 1.50560000e-09  3.30000000e+00  1.50560000e-09  3.30000000e+00  1.50560000e-09  3.29999988e+00  1.50560000e-09  3.30000015e+00  1.50560000e-09  0.00000000e+00  1.50560000e-09  0.00000000e+00 
 1.52560000e-09  3.30000000e+00  1.52560000e-09  3.30000000e+00  1.52560000e-09  3.29999988e+00  1.52560000e-09  3.30000015e+00  1.52560000e-09  0.00000000e+00  1.52560000e-09  0.00000000e+00 
 1.54560000e-09  3.30000000e+00  1.54560000e-09  3.30000000e+00  1.54560000e-09  3.29999988e+00  1.54560000e-09  3.30000015e+00  1.54560000e-09  0.00000000e+00  1.54560000e-09  0.00000000e+00 
 1.56560000e-09  3.30000000e+00  1.56560000e-09  3.30000000e+00  1.56560000e-09  3.29999988e+00  1.56560000e-09  3.30000015e+00  1.56560000e-09  0.00000000e+00  1.56560000e-09  0.00000000e+00 
 1.58560000e-09  3.30000000e+00  1.58560000e-09  3.30000000e+00  1.58560000e-09  3.29999988e+00  1.58560000e-09  3.30000015e+00  1.58560000e-09  0.00000000e+00  1.58560000e-09  0.00000000e+00 
 1.60560000e-09  3.30000000e+00  1.60560000e-09  3.30000000e+00  1.60560000e-09  3.29999988e+00  1.60560000e-09  3.30000015e+00  1.60560000e-09  0.00000000e+00  1.60560000e-09  0.00000000e+00 
 1.62560000e-09  3.30000000e+00  1.62560000e-09  3.30000000e+00  1.62560000e-09  3.29999988e+00  1.62560000e-09  3.30000015e+00  1.62560000e-09  0.00000000e+00  1.62560000e-09  0.00000000e+00 
 1.64560000e-09  3.30000000e+00  1.64560000e-09  3.30000000e+00  1.64560000e-09  3.29999988e+00  1.64560000e-09  3.30000015e+00  1.64560000e-09  0.00000000e+00  1.64560000e-09  0.00000000e+00 
 1.66560000e-09  3.30000000e+00  1.66560000e-09  3.30000000e+00  1.66560000e-09  3.29999988e+00  1.66560000e-09  3.30000015e+00  1.66560000e-09  0.00000000e+00  1.66560000e-09  0.00000000e+00 
 1.68560000e-09  3.30000000e+00  1.68560000e-09  3.30000000e+00  1.68560000e-09  3.29999988e+00  1.68560000e-09  3.30000015e+00  1.68560000e-09  0.00000000e+00  1.68560000e-09  0.00000000e+00 
 1.70560000e-09  3.30000000e+00  1.70560000e-09  3.30000000e+00  1.70560000e-09  3.29999988e+00  1.70560000e-09  3.30000015e+00  1.70560000e-09  0.00000000e+00  1.70560000e-09  0.00000000e+00 
 1.72560000e-09  3.30000000e+00  1.72560000e-09  3.30000000e+00  1.72560000e-09  3.29999988e+00  1.72560000e-09  3.30000015e+00  1.72560000e-09  0.00000000e+00  1.72560000e-09  0.00000000e+00 
 1.74560000e-09  3.30000000e+00  1.74560000e-09  3.30000000e+00  1.74560000e-09  3.29999988e+00  1.74560000e-09  3.30000015e+00  1.74560000e-09  0.00000000e+00  1.74560000e-09  0.00000000e+00 
 1.76560000e-09  3.30000000e+00  1.76560000e-09  3.30000000e+00  1.76560000e-09  3.29999988e+00  1.76560000e-09  3.30000015e+00  1.76560000e-09  0.00000000e+00  1.76560000e-09  0.00000000e+00 
 1.78560000e-09  3.30000000e+00  1.78560000e-09  3.30000000e+00  1.78560000e-09  3.29999988e+00  1.78560000e-09  3.30000015e+00  1.78560000e-09  0.00000000e+00  1.78560000e-09  0.00000000e+00 
 1.80560000e-09  3.30000000e+00  1.80560000e-09  3.30000000e+00  1.80560000e-09  3.29999988e+00  1.80560000e-09  3.30000015e+00  1.80560000e-09  0.00000000e+00  1.80560000e-09  0.00000000e+00 
 1.82560000e-09  3.30000000e+00  1.82560000e-09  3.30000000e+00  1.82560000e-09  3.29999988e+00  1.82560000e-09  3.30000015e+00  1.82560000e-09  0.00000000e+00  1.82560000e-09  0.00000000e+00 
 1.84560000e-09  3.30000000e+00  1.84560000e-09  3.30000000e+00  1.84560000e-09  3.29999988e+00  1.84560000e-09  3.30000015e+00  1.84560000e-09  0.00000000e+00  1.84560000e-09  0.00000000e+00 
 1.86560000e-09  3.30000000e+00  1.86560000e-09  3.30000000e+00  1.86560000e-09  3.29999988e+00  1.86560000e-09  3.30000015e+00  1.86560000e-09  0.00000000e+00  1.86560000e-09  0.00000000e+00 
 1.88560000e-09  3.30000000e+00  1.88560000e-09  3.30000000e+00  1.88560000e-09  3.29999988e+00  1.88560000e-09  3.30000015e+00  1.88560000e-09  0.00000000e+00  1.88560000e-09  0.00000000e+00 
 1.90560000e-09  3.30000000e+00  1.90560000e-09  3.30000000e+00  1.90560000e-09  3.29999988e+00  1.90560000e-09  3.30000015e+00  1.90560000e-09  0.00000000e+00  1.90560000e-09  0.00000000e+00 
 1.92560000e-09  3.30000000e+00  1.92560000e-09  3.30000000e+00  1.92560000e-09  3.29999988e+00  1.92560000e-09  3.30000015e+00  1.92560000e-09  0.00000000e+00  1.92560000e-09  0.00000000e+00 
 1.94560000e-09  3.30000000e+00  1.94560000e-09  3.30000000e+00  1.94560000e-09  3.29999988e+00  1.94560000e-09  3.30000015e+00  1.94560000e-09  0.00000000e+00  1.94560000e-09  0.00000000e+00 
 1.96560000e-09  3.30000000e+00  1.96560000e-09  3.30000000e+00  1.96560000e-09  3.29999988e+00  1.96560000e-09  3.30000015e+00  1.96560000e-09  0.00000000e+00  1.96560000e-09  0.00000000e+00 
 1.98280000e-09  3.30000000e+00  1.98280000e-09  3.30000000e+00  1.98280000e-09  3.29999988e+00  1.98280000e-09  3.30000015e+00  1.98280000e-09  0.00000000e+00  1.98280000e-09  0.00000000e+00 
 2.00000000e-09  3.30000000e+00  2.00000000e-09  3.30000000e+00  2.00000000e-09  3.29999988e+00  2.00000000e-09  3.30000015e+00  2.00000000e-09  0.00000000e+00  2.00000000e-09  0.00000000e+00 
 2.00200000e-09  3.30000713e+00  2.00200000e-09  3.30000713e+00  2.00200000e-09  3.30263575e+00  2.00200000e-09  3.30263627e+00  2.00200000e-09  6.60000000e-02  2.00200000e-09  0.00000000e+00 
 2.00600000e-09  3.30001662e+00  2.00600000e-09  3.30001662e+00  2.00600000e-09  3.30780902e+00  2.00600000e-09  3.30781003e+00  2.00600000e-09  1.98000000e-01  2.00600000e-09  0.00000000e+00 
 2.01400000e-09  3.30001846e+00  2.01400000e-09  3.30001846e+00  2.01400000e-09  3.31759756e+00  2.01400000e-09  3.31759942e+00  2.01400000e-09  4.62000000e-01  2.01400000e-09  0.00000000e+00 
 2.03000000e-09  3.30000705e+00  2.03000000e-09  3.30000705e+00  2.03000000e-09  3.33554711e+00  2.03000000e-09  3.33555071e+00  2.03000000e-09  9.90000000e-01  2.03000000e-09  0.00000000e+00 
 2.05000000e-09  3.29999980e+00  2.05000000e-09  3.29999980e+00  2.05000000e-09  3.35653508e+00  2.05000000e-09  3.35654032e+00  2.05000000e-09  1.65000000e+00  2.05000000e-09  0.00000000e+00 
 2.07000000e-09  3.30000115e+00  2.07000000e-09  3.30000115e+00  2.07000000e-09  3.37843007e+00  2.07000000e-09  3.37843568e+00  2.07000000e-09  2.31000000e+00  2.07000000e-09  0.00000000e+00 
 2.08500000e-09  3.29999951e+00  2.08500000e-09  3.29999951e+00  2.08500000e-09  3.39421025e+00  2.08500000e-09  3.39421489e+00  2.08500000e-09  2.80500000e+00  2.08500000e-09  0.00000000e+00 
 2.10000000e-09  3.29998755e+00  2.10000000e-09  3.29998754e+00  2.10000000e-09  3.40042565e+00  2.10000000e-09  3.40042612e+00  2.10000000e-09  3.30000000e+00  2.10000000e-09  0.00000000e+00 
 2.10200000e-09  3.29998665e+00  2.10200000e-09  3.29998665e+00  2.10200000e-09  3.40043377e+00  2.10200000e-09  3.40043274e+00  2.10200000e-09  3.30000000e+00  2.10200000e-09  0.00000000e+00 
 2.10600000e-09  3.29998598e+00  2.10600000e-09  3.29998597e+00  2.10600000e-09  3.40045485e+00  2.10600000e-09  3.40045029e+00  2.10600000e-09  3.30000000e+00  2.10600000e-09  0.00000000e+00 
 2.11400000e-09  3.29998837e+00  2.11400000e-09  3.29998835e+00  2.11400000e-09  3.40052018e+00  2.11400000e-09  3.40050598e+00  2.11400000e-09  3.30000000e+00  2.11400000e-09  0.00000000e+00 
 2.13000000e-09  3.29999512e+00  2.13000000e-09  3.29999509e+00  2.13000000e-09  3.40078272e+00  2.13000000e-09  3.40073317e+00  2.13000000e-09  3.30000000e+00  2.13000000e-09  0.00000000e+00 
 2.15000000e-09  3.29999956e+00  2.15000000e-09  3.29999950e+00  2.15000000e-09  3.40156904e+00  2.15000000e-09  3.40141780e+00  2.15000000e-09  3.30000000e+00  2.15000000e-09  0.00000000e+00 
 2.17000000e-09  3.30000102e+00  2.17000000e-09  3.30000088e+00  2.17000000e-09  3.40339950e+00  2.17000000e-09  3.40301555e+00  2.17000000e-09  3.30000000e+00  2.17000000e-09  0.00000000e+00 
 2.19000000e-09  3.30000206e+00  2.19000000e-09  3.30000182e+00  2.19000000e-09  3.40711933e+00  2.19000000e-09  3.40628169e+00  2.19000000e-09  3.30000000e+00  2.19000000e-09  0.00000000e+00 
 2.21000000e-09  3.30000277e+00  2.21000000e-09  3.30000251e+00  2.21000000e-09  3.41330910e+00  2.21000000e-09  3.41179220e+00  2.21000000e-09  3.30000000e+00  2.21000000e-09  0.00000000e+00 
 2.23000000e-09  3.30000224e+00  2.23000000e-09  3.30000216e+00  2.23000000e-09  3.42138022e+00  2.23000000e-09  3.41915010e+00  2.23000000e-09  3.30000000e+00  2.23000000e-09  0.00000000e+00 
 2.25000000e-09  3.30000030e+00  2.25000000e-09  3.30000056e+00  2.25000000e-09  3.42951980e+00  2.25000000e-09  3.42685455e+00  2.25000000e-09  3.30000000e+00  2.25000000e-09  0.00000000e+00 
 2.27000000e-09  3.29999797e+00  2.27000000e-09  3.29999851e+00  2.27000000e-09  3.43558904e+00  2.27000000e-09  3.43301484e+00  2.27000000e-09  3.30000000e+00  2.27000000e-09  0.00000000e+00 
 2.29000000e-09  3.29999595e+00  2.29000000e-09  3.29999665e+00  2.29000000e-09  3.43789415e+00  2.29000000e-09  3.43604263e+00  2.29000000e-09  3.30000000e+00  2.29000000e-09  0.00000000e+00 
 2.31000000e-09  3.29999471e+00  2.31000000e-09  3.29999539e+00  2.31000000e-09  3.43541859e+00  2.31000000e-09  3.43491593e+00  2.31000000e-09  3.30000000e+00  2.31000000e-09  0.00000000e+00 
 2.33000000e-09  3.29999422e+00  2.33000000e-09  3.29999491e+00  2.33000000e-09  3.42774445e+00  2.33000000e-09  3.42915496e+00  2.33000000e-09  3.30000000e+00  2.33000000e-09  0.00000000e+00 
 2.35000000e-09  3.29999405e+00  2.35000000e-09  3.29999463e+00  2.35000000e-09  3.41488953e+00  2.35000000e-09  3.41869567e+00  2.35000000e-09  3.30000000e+00  2.35000000e-09  0.00000000e+00 
 2.37000000e-09  3.29999437e+00  2.37000000e-09  3.29999483e+00  2.37000000e-09  3.39715351e+00  2.37000000e-09  3.40375551e+00  2.37000000e-09  3.30000000e+00  2.37000000e-09  0.00000000e+00 
 2.39000000e-09  3.29999493e+00  2.39000000e-09  3.29999529e+00  2.39000000e-09  3.37499549e+00  2.39000000e-09  3.38471842e+00  2.39000000e-09  3.30000000e+00  2.39000000e-09  0.00000000e+00 
 2.41000000e-09  3.29999562e+00  2.41000000e-09  3.29999587e+00  2.41000000e-09  3.34894323e+00  2.41000000e-09  3.36204804e+00  2.41000000e-09  3.30000000e+00  2.41000000e-09  0.00000000e+00 
 2.43000000e-09  3.29999636e+00  2.43000000e-09  3.29999652e+00  2.43000000e-09  3.31953672e+00  2.43000000e-09  3.33623102e+00  2.43000000e-09  3.30000000e+00  2.43000000e-09  0.00000000e+00 
 2.45000000e-09  3.29999709e+00  2.45000000e-09  3.29999716e+00  2.45000000e-09  3.28729348e+00  2.45000000e-09  3.30773997e+00  2.45000000e-09  3.30000000e+00  2.45000000e-09  0.00000000e+00 
 2.47000000e-09  3.29999778e+00  2.47000000e-09  3.29999778e+00  2.47000000e-09  3.25268418e+00  2.47000000e-09  3.27701002e+00  2.47000000e-09  3.30000000e+00  2.47000000e-09  0.00000000e+00 
 2.49000000e-09  3.29999841e+00  2.49000000e-09  3.29999835e+00  2.49000000e-09  3.21612552e+00  2.49000000e-09  3.24442683e+00  2.49000000e-09  3.30000000e+00  2.49000000e-09  0.00000000e+00 
 2.51000000e-09  3.29999895e+00  2.51000000e-09  3.29999885e+00  2.51000000e-09  3.17797763e+00  2.51000000e-09  3.21032669e+00  2.51000000e-09  3.30000000e+00  2.51000000e-09  0.00000000e+00 
 2.53000000e-09  3.29999940e+00  2.53000000e-09  3.29999927e+00  2.53000000e-09  3.13854681e+00  2.53000000e-09  3.17499601e+00  2.53000000e-09  3.30000000e+00  2.53000000e-09  0.00000000e+00 
 2.55000000e-09  3.29999974e+00  2.55000000e-09  3.29999961e+00  2.55000000e-09  3.09809098e+00  2.55000000e-09  3.13867615e+00  2.55000000e-09  3.30000000e+00  2.55000000e-09  0.00000000e+00 
 2.57000000e-09  3.29999999e+00  2.57000000e-09  3.29999987e+00  2.57000000e-09  3.05682540e+00  2.57000000e-09  3.10156868e+00  2.57000000e-09  3.30000000e+00  2.57000000e-09  0.00000000e+00 
 2.59000000e-09  3.30000016e+00  2.59000000e-09  3.30000006e+00  2.59000000e-09  3.01492866e+00  2.59000000e-09  3.06384088e+00  2.59000000e-09  3.30000000e+00  2.59000000e-09  0.00000000e+00 
 2.61000000e-09  3.30000028e+00  2.61000000e-09  3.30000019e+00  2.61000000e-09  2.97254794e+00  2.61000000e-09  3.02563072e+00  2.61000000e-09  3.30000000e+00  2.61000000e-09  0.00000000e+00 
 2.63000000e-09  3.30000035e+00  2.63000000e-09  3.30000027e+00  2.63000000e-09  2.92980414e+00  2.63000000e-09  2.98705158e+00  2.63000000e-09  3.30000000e+00  2.63000000e-09  0.00000000e+00 
 2.65000000e-09  3.30000039e+00  2.65000000e-09  3.30000033e+00  2.65000000e-09  2.88679614e+00  2.65000000e-09  2.94819623e+00  2.65000000e-09  3.30000000e+00  2.65000000e-09  0.00000000e+00 
 2.67000000e-09  3.30000041e+00  2.67000000e-09  3.30000036e+00  2.67000000e-09  2.84360477e+00  2.67000000e-09  2.90914048e+00  2.67000000e-09  3.30000000e+00  2.67000000e-09  0.00000000e+00 
 2.69000000e-09  3.30000042e+00  2.69000000e-09  3.30000037e+00  2.69000000e-09  2.80029591e+00  2.69000000e-09  2.86994609e+00  2.69000000e-09  3.30000000e+00  2.69000000e-09  0.00000000e+00 
 2.71000000e-09  3.30000042e+00  2.71000000e-09  3.30000038e+00  2.71000000e-09  2.75692339e+00  2.71000000e-09  2.83066343e+00  2.71000000e-09  3.30000000e+00  2.71000000e-09  0.00000000e+00 
 2.73000000e-09  3.30000042e+00  2.73000000e-09  3.30000038e+00  2.73000000e-09  2.71353112e+00  2.73000000e-09  2.79133353e+00  2.73000000e-09  3.30000000e+00  2.73000000e-09  0.00000000e+00 
 2.75000000e-09  3.30000041e+00  2.75000000e-09  3.30000037e+00  2.75000000e-09  2.67015514e+00  2.75000000e-09  2.75198992e+00  2.75000000e-09  3.30000000e+00  2.75000000e-09  0.00000000e+00 
 2.77000000e-09  3.30000040e+00  2.77000000e-09  3.30000037e+00  2.77000000e-09  2.62682499e+00  2.77000000e-09  2.71266000e+00  2.77000000e-09  3.30000000e+00  2.77000000e-09  0.00000000e+00 
 2.78500000e-09  3.30000039e+00  2.78500000e-09  3.30000036e+00  2.78500000e-09  2.59437192e+00  2.78500000e-09  2.68318489e+00  2.78500000e-09  3.30000000e+00  2.78500000e-09  0.00000000e+00 
 2.80000000e-09  3.30000039e+00  2.80000000e-09  3.30000035e+00  2.80000000e-09  2.56196729e+00  2.80000000e-09  2.65373836e+00  2.80000000e-09  3.30000000e+00  2.80000000e-09  0.00000000e+00 
 2.80200000e-09  3.32132780e+00  2.80200000e-09  3.32132757e+00  2.80200000e-09  2.55796852e+00  2.80200000e-09  2.65013990e+00  2.80200000e-09  3.30000000e+00  2.80200000e-09  6.60000000e-02 
 2.80600000e-09  3.35609044e+00  2.80600000e-09  3.35608954e+00  2.80600000e-09  2.54990001e+00  2.80600000e-09  2.64286854e+00  2.80600000e-09  3.30000000e+00  2.80600000e-09  1.98000000e-01 
 2.81400000e-09  3.39509247e+00  2.81400000e-09  3.39509172e+00  2.81400000e-09  2.53345599e+00  2.81400000e-09  2.62800644e+00  2.81400000e-09  3.30000000e+00  2.81400000e-09  4.62000000e-01 
 2.83000000e-09  3.43010991e+00  2.83000000e-09  3.43011017e+00  2.83000000e-09  2.49931535e+00  2.83000000e-09  2.59699166e+00  2.83000000e-09  3.30000000e+00  2.83000000e-09  9.90000000e-01 
 2.85000000e-09  3.46572088e+00  2.85000000e-09  3.46572165e+00  2.85000000e-09  2.45150777e+00  2.85000000e-09  2.55301803e+00  2.85000000e-09  3.30000000e+00  2.85000000e-09  1.65000000e+00 
 2.87000000e-09  3.53469398e+00  2.87000000e-09  3.53472561e+00  2.87000000e-09  2.39675855e+00  2.87000000e-09  2.50118435e+00  2.87000000e-09  3.30000000e+00  2.87000000e-09  2.31000000e+00 
 2.88500000e-09  3.62649625e+00  2.88500000e-09  3.62714030e+00  2.88500000e-09  2.33283271e+00  2.88500000e-09  2.42124423e+00  2.88500000e-09  3.30000000e+00  2.88500000e-09  2.80500000e+00 
 2.90000000e-09  3.74396837e+00  2.90000000e-09  3.74388809e+00  2.90000000e-09  2.24627752e+00  2.90000000e-09  2.33337342e+00  2.90000000e-09  3.30000000e+00  2.90000000e-09  3.30000000e+00 
 2.90200000e-09  3.74402476e+00  2.90200000e-09  3.74379813e+00  2.90200000e-09  2.23476799e+00  2.90200000e-09  2.32194362e+00  2.90200000e-09  3.30000000e+00  2.90200000e-09  3.30000000e+00 
 2.90600000e-09  3.74396857e+00  2.90600000e-09  3.74343176e+00  2.90600000e-09  2.21268367e+00  2.90600000e-09  2.30005945e+00  2.90600000e-09  3.30000000e+00  2.90600000e-09  3.30000000e+00 
 2.91400000e-09  3.74293133e+00  2.91400000e-09  3.74165002e+00  2.91400000e-09  2.17365268e+00  2.91400000e-09  2.26152725e+00  2.91400000e-09  3.30000000e+00  2.91400000e-09  3.30000000e+00 
 2.93000000e-09  3.73750597e+00  2.93000000e-09  3.73406618e+00  2.93000000e-09  2.11131168e+00  2.93000000e-09  2.20021594e+00  2.93000000e-09  3.30000000e+00  2.93000000e-09  3.30000000e+00 
 2.95000000e-09  3.72570997e+00  2.95000000e-09  3.71886755e+00  2.95000000e-09  2.05165465e+00  2.95000000e-09  2.14187440e+00  2.95000000e-09  3.30000000e+00  2.95000000e-09  3.30000000e+00 
 2.97000000e-09  3.71030880e+00  2.97000000e-09  3.68691295e+00  2.97000000e-09  2.00182278e+00  2.97000000e-09  2.09340708e+00  2.97000000e-09  3.30000000e+00  2.97000000e-09  3.30000000e+00 
 2.99000000e-09  3.61663339e+00  2.99000000e-09  3.62132534e+00  2.99000000e-09  1.95615211e+00  2.99000000e-09  2.04977712e+00  2.99000000e-09  3.30000000e+00  2.99000000e-09  3.30000000e+00 
 3.01000000e-09  3.36214725e+00  3.01000000e-09  3.53140809e+00  3.01000000e-09  1.91235972e+00  3.01000000e-09  2.00918374e+00  3.01000000e-09  3.30000000e+00  3.01000000e-09  3.30000000e+00 
 3.03000000e-09  2.98970597e+00  3.03000000e-09  3.42385713e+00  3.03000000e-09  1.86925703e+00  3.03000000e-09  1.97055911e+00  3.03000000e-09  3.30000000e+00  3.03000000e-09  3.30000000e+00 
 3.05000000e-09  2.55778391e+00  3.05000000e-09  3.32427360e+00  3.05000000e-09  1.82618643e+00  3.05000000e-09  1.93314554e+00  3.05000000e-09  3.30000000e+00  3.05000000e-09  3.30000000e+00 
 3.07000000e-09  2.11037800e+00  3.07000000e-09  3.23982763e+00  3.07000000e-09  1.78341928e+00  3.07000000e-09  1.89645998e+00  3.07000000e-09  3.30000000e+00  3.07000000e-09  3.30000000e+00 
 3.09000000e-09  1.72439321e+00  3.09000000e-09  3.16155574e+00  3.09000000e-09  1.74121591e+00  3.09000000e-09  1.85972779e+00  3.09000000e-09  3.30000000e+00  3.09000000e-09  3.30000000e+00 
 3.11000000e-09  1.43460432e+00  3.11000000e-09  3.09457491e+00  3.11000000e-09  1.69886271e+00  3.11000000e-09  1.82224793e+00  3.11000000e-09  3.30000000e+00  3.11000000e-09  3.30000000e+00 
 3.13000000e-09  1.20246923e+00  3.13000000e-09  3.04309106e+00  3.13000000e-09  1.65295470e+00  3.13000000e-09  1.78374550e+00  3.13000000e-09  3.30000000e+00  3.13000000e-09  3.30000000e+00 
 3.15000000e-09  9.94297089e-01  3.15000000e-09  3.00474942e+00  3.15000000e-09  1.60477327e+00  3.15000000e-09  1.74405570e+00  3.15000000e-09  3.30000000e+00  3.15000000e-09  3.30000000e+00 
 3.17000000e-09  8.05213849e-01  3.17000000e-09  2.98042254e+00  3.17000000e-09  1.55805881e+00  3.17000000e-09  1.70265602e+00  3.17000000e-09  3.30000000e+00  3.17000000e-09  3.30000000e+00 
 3.19000000e-09  6.45898941e-01  3.19000000e-09  2.97213653e+00  3.19000000e-09  1.51334787e+00  3.19000000e-09  1.65863110e+00  3.19000000e-09  3.30000000e+00  3.19000000e-09  3.30000000e+00 
 3.21000000e-09  5.20331407e-01  3.21000000e-09  2.97767598e+00  3.21000000e-09  1.47032163e+00  3.21000000e-09  1.61338016e+00  3.21000000e-09  3.30000000e+00  3.21000000e-09  3.30000000e+00 
 3.23000000e-09  4.20939946e-01  3.23000000e-09  2.99213059e+00  3.23000000e-09  1.42875864e+00  3.23000000e-09  1.56902004e+00  3.23000000e-09  3.30000000e+00  3.23000000e-09  3.30000000e+00 
 3.25000000e-09  3.40211575e-01  3.25000000e-09  3.01171093e+00  3.25000000e-09  1.38856629e+00  3.25000000e-09  1.52658115e+00  3.25000000e-09  3.30000000e+00  3.25000000e-09  3.30000000e+00 
 3.27000000e-09  2.73788529e-01  3.27000000e-09  3.03399646e+00  3.27000000e-09  1.34970516e+00  3.27000000e-09  1.48631426e+00  3.27000000e-09  3.30000000e+00  3.27000000e-09  3.30000000e+00 
 3.29000000e-09  2.18635325e-01  3.29000000e-09  3.05734308e+00  3.29000000e-09  1.31213212e+00  3.29000000e-09  1.44815067e+00  3.29000000e-09  3.30000000e+00  3.29000000e-09  3.30000000e+00 
 3.31000000e-09  1.72553263e-01  3.31000000e-09  3.08064154e+00  3.31000000e-09  1.27578622e+00  3.31000000e-09  1.41189649e+00  3.31000000e-09  3.30000000e+00  3.31000000e-09  3.30000000e+00 
 3.33000000e-09  1.33878803e-01  3.33000000e-09  3.10316279e+00  3.33000000e-09  1.24058918e+00  3.33000000e-09  1.37732489e+00  3.33000000e-09  3.30000000e+00  3.33000000e-09  3.30000000e+00 
 3.35000000e-09  1.01269276e-01  3.35000000e-09  3.12442883e+00  3.35000000e-09  1.20645059e+00  3.35000000e-09  1.34421597e+00  3.35000000e-09  3.30000000e+00  3.35000000e-09  3.30000000e+00 
 3.37000000e-09  7.36519448e-02  3.37000000e-09  3.14416588e+00  3.37000000e-09  1.17327194e+00  3.37000000e-09  1.31236969e+00  3.37000000e-09  3.30000000e+00  3.37000000e-09  3.30000000e+00 
 3.39000000e-09  5.01695675e-02  3.39000000e-09  3.16224026e+00  3.39000000e-09  1.14095389e+00  3.39000000e-09  1.28160852e+00  3.39000000e-09  3.30000000e+00  3.39000000e-09  3.30000000e+00 
 3.41000000e-09  3.01296893e-02  3.41000000e-09  3.17862168e+00  3.41000000e-09  1.10940822e+00  3.41000000e-09  1.25177235e+00  3.41000000e-09  3.30000000e+00  3.41000000e-09  3.30000000e+00 
 3.43000000e-09  1.29605264e-02  3.43000000e-09  3.19334097e+00  3.43000000e-09  1.07853392e+00  3.43000000e-09  1.22272690e+00  3.43000000e-09  3.30000000e+00  3.43000000e-09  3.30000000e+00 
 3.45000000e-09 -1.80666930e-03  3.45000000e-09  3.20647758e+00  3.45000000e-09  1.04825362e+00  3.45000000e-09  1.19436755e+00  3.45000000e-09  3.30000000e+00  3.45000000e-09  3.30000000e+00 
 3.47000000e-09 -1.45541544e-02  3.47000000e-09  3.21813550e+00  3.47000000e-09  1.01849171e+00  3.47000000e-09  1.16659380e+00  3.47000000e-09  3.30000000e+00  3.47000000e-09  3.30000000e+00 
 3.49000000e-09 -2.55974567e-02  3.49000000e-09  3.22843466e+00  3.49000000e-09  9.89187275e-01  3.49000000e-09  1.13932420e+00  3.49000000e-09  3.30000000e+00  3.49000000e-09  3.30000000e+00 
 3.51000000e-09 -3.52338457e-02  3.51000000e-09  3.23748474e+00  3.51000000e-09  9.60287445e-01  3.51000000e-09  1.11250289e+00  3.51000000e-09  3.30000000e+00  3.51000000e-09  3.30000000e+00 
 3.53000000e-09 -4.36692595e-02  3.53000000e-09  3.24542190e+00  3.53000000e-09  9.31761944e-01  3.53000000e-09  1.08606607e+00  3.53000000e-09  3.30000000e+00  3.53000000e-09  3.30000000e+00 
 3.55000000e-09 -5.10637294e-02  3.55000000e-09  3.25236591e+00  3.55000000e-09  9.03591648e-01  3.55000000e-09  1.05996390e+00  3.55000000e-09  3.30000000e+00  3.55000000e-09  3.30000000e+00 
 3.57000000e-09 -5.75786393e-02  3.57000000e-09  3.25842754e+00  3.57000000e-09  8.75780376e-01  3.57000000e-09  1.03415943e+00  3.57000000e-09  3.30000000e+00  3.57000000e-09  3.30000000e+00 
 3.59000000e-09 -6.33461767e-02  3.59000000e-09  3.26370642e+00  3.59000000e-09  8.48371924e-01  3.59000000e-09  1.00862365e+00  3.59000000e-09  3.30000000e+00  3.59000000e-09  3.30000000e+00 
 3.61000000e-09 -6.84731616e-02  3.61000000e-09  3.26829845e+00  3.61000000e-09  8.21485434e-01  3.61000000e-09  9.83339113e-01  3.61000000e-09  3.30000000e+00  3.61000000e-09  3.30000000e+00 
 3.63000000e-09 -7.30478575e-02  3.63000000e-09  3.27228767e+00  3.63000000e-09  7.95389858e-01  3.63000000e-09  9.58303082e-01  3.63000000e-09  3.30000000e+00  3.63000000e-09  3.30000000e+00 
 3.65000000e-09 -7.71303943e-02  3.65000000e-09  3.27575653e+00  3.65000000e-09  7.70596160e-01  3.65000000e-09  9.33532791e-01  3.65000000e-09  3.30000000e+00  3.65000000e-09  3.30000000e+00 
 3.67000000e-09 -8.07663687e-02  3.67000000e-09  3.27877578e+00  3.67000000e-09  7.47827256e-01  3.67000000e-09  9.09048099e-01  3.67000000e-09  3.30000000e+00  3.67000000e-09  3.30000000e+00 
 3.69000000e-09 -8.39916576e-02  3.69000000e-09  3.28141022e+00  3.69000000e-09  7.27725532e-01  3.69000000e-09  8.84834924e-01  3.69000000e-09  3.30000000e+00  3.69000000e-09  3.30000000e+00 
 3.71000000e-09 -8.68610391e-02  3.71000000e-09  3.28370515e+00  3.71000000e-09  7.10527196e-01  3.71000000e-09  8.60828312e-01  3.71000000e-09  3.30000000e+00  3.71000000e-09  3.30000000e+00 
 3.73000000e-09 -8.94437330e-02  3.73000000e-09  3.28569702e+00  3.73000000e-09  6.96023767e-01  3.73000000e-09  8.36947079e-01  3.73000000e-09  3.30000000e+00  3.73000000e-09  3.30000000e+00 
 3.75000000e-09 -9.18181730e-02  3.75000000e-09  3.28741166e+00  3.75000000e-09  6.83769716e-01  3.75000000e-09  8.13155072e-01  3.75000000e-09  3.30000000e+00  3.75000000e-09  3.30000000e+00 
 3.77000000e-09 -9.40270101e-02  3.77000000e-09  3.28888619e+00  3.77000000e-09  6.73297777e-01  3.77000000e-09  7.89545477e-01  3.77000000e-09  3.30000000e+00  3.77000000e-09  3.30000000e+00 
 3.79000000e-09 -9.60440586e-02  3.79000000e-09  3.29017175e+00  3.79000000e-09  6.64220024e-01  3.79000000e-09  7.66435608e-01  3.79000000e-09  3.30000000e+00  3.79000000e-09  3.30000000e+00 
 3.81000000e-09 -9.77440682e-02  3.81000000e-09  3.29134402e+00  3.81000000e-09  6.56236919e-01  3.81000000e-09  7.44389855e-01  3.81000000e-09  3.30000000e+00  3.81000000e-09  3.30000000e+00 
 3.83000000e-09 -9.89611771e-02  3.83000000e-09  3.29247173e+00  3.83000000e-09  6.49108144e-01  3.83000000e-09  7.24041326e-01  3.83000000e-09  3.30000000e+00  3.83000000e-09  3.30000000e+00 
 3.85000000e-09 -9.95767522e-02  3.85000000e-09  3.29359582e+00  3.85000000e-09  6.42635273e-01  3.85000000e-09  7.05824866e-01  3.85000000e-09  3.30000000e+00  3.85000000e-09  3.30000000e+00 
 3.87000000e-09 -9.96019665e-02  3.87000000e-09  3.29470582e+00  3.87000000e-09  6.36650097e-01  3.87000000e-09  6.89806731e-01  3.87000000e-09  3.30000000e+00  3.87000000e-09  3.30000000e+00 
 3.89000000e-09 -9.91605465e-02  3.89000000e-09  3.29576589e+00  3.89000000e-09  6.31010602e-01  3.89000000e-09  6.75753527e-01  3.89000000e-09  3.30000000e+00  3.89000000e-09  3.30000000e+00 
 3.91000000e-09 -9.84138799e-02  3.91000000e-09  3.29673058e+00  3.91000000e-09  6.25607809e-01  3.91000000e-09  6.63323731e-01  3.91000000e-09  3.30000000e+00  3.91000000e-09  3.30000000e+00 
 3.93000000e-09 -9.75060774e-02  3.93000000e-09  3.29757433e+00  3.93000000e-09  6.20358776e-01  3.93000000e-09  6.52187843e-01  3.93000000e-09  3.30000000e+00  3.93000000e-09  3.30000000e+00 
 3.95000000e-09 -9.65487272e-02  3.95000000e-09  3.29828427e+00  3.95000000e-09  6.15202906e-01  3.95000000e-09  6.42072677e-01  3.95000000e-09  3.30000000e+00  3.95000000e-09  3.30000000e+00 
 3.97000000e-09 -9.56089605e-02  3.97000000e-09  3.29886535e+00  3.97000000e-09  6.10097187e-01  3.97000000e-09  6.32773073e-01  3.97000000e-09  3.30000000e+00  3.97000000e-09  3.30000000e+00 
 3.99000000e-09 -9.47305577e-02  3.99000000e-09  3.29932625e+00  3.99000000e-09  6.05013186e-01  3.99000000e-09  6.24136498e-01  3.99000000e-09  3.30000000e+00  3.99000000e-09  3.30000000e+00 
 4.01000000e-09 -9.39326415e-02  4.01000000e-09  3.29968324e+00  4.01000000e-09  5.99933271e-01  4.01000000e-09  6.16044916e-01  4.01000000e-09  3.30000000e+00  4.01000000e-09  3.30000000e+00 
 4.03000000e-09 -9.32297574e-02  4.03000000e-09  3.29994869e+00  4.03000000e-09  5.94848363e-01  4.03000000e-09  6.08408007e-01  4.03000000e-09  3.30000000e+00  4.03000000e-09  3.30000000e+00 
 4.05000000e-09 -9.26221916e-02  4.05000000e-09  3.30014116e+00  4.05000000e-09  5.89754969e-01  4.05000000e-09  6.01156025e-01  4.05000000e-09  3.30000000e+00  4.05000000e-09  3.30000000e+00 
 4.07000000e-09 -9.21114325e-02  4.07000000e-09  3.30027091e+00  4.07000000e-09  5.84653937e-01  4.07000000e-09  5.94233224e-01  4.07000000e-09  3.30000000e+00  4.07000000e-09  3.30000000e+00 
 4.09000000e-09 -9.16899900e-02  4.09000000e-09  3.30035124e+00  4.09000000e-09  5.79548402e-01  4.09000000e-09  5.87594975e-01  4.09000000e-09  3.30000000e+00  4.09000000e-09  3.30000000e+00 
 4.11000000e-09 -9.13558462e-02  4.11000000e-09  3.30039047e+00  4.11000000e-09  5.74443338e-01  4.11000000e-09  5.81204156e-01  4.11000000e-09  3.30000000e+00  4.11000000e-09  3.30000000e+00 
 4.13000000e-09 -9.10991380e-02  4.13000000e-09  3.30039965e+00  4.13000000e-09  5.69344164e-01  4.13000000e-09  5.75030239e-01  4.13000000e-09  3.30000000e+00  4.13000000e-09  3.30000000e+00 
 4.15000000e-09 -9.09168147e-02  4.15000000e-09  3.30038403e+00  4.15000000e-09  5.64256817e-01  4.15000000e-09  5.69047111e-01  4.15000000e-09  3.30000000e+00  4.15000000e-09  3.30000000e+00 
 4.17000000e-09 -9.07988415e-02  4.17000000e-09  3.30035188e+00  4.17000000e-09  5.59186756e-01  4.17000000e-09  5.63233023e-01  4.17000000e-09  3.30000000e+00  4.17000000e-09  3.30000000e+00 
 4.19000000e-09 -9.07424417e-02  4.19000000e-09  3.30030601e+00  4.19000000e-09  5.54139360e-01  4.19000000e-09  5.57569042e-01  4.19000000e-09  3.30000000e+00  4.19000000e-09  3.30000000e+00 
 4.21000000e-09 -9.07381511e-02  4.21000000e-09  3.30025259e+00  4.21000000e-09  5.49119151e-01  4.21000000e-09  5.52039369e-01  4.21000000e-09  3.30000000e+00  4.21000000e-09  3.30000000e+00 
 4.23000000e-09 -9.07841066e-02  4.23000000e-09  3.30019270e+00  4.23000000e-09  5.44130364e-01  4.23000000e-09  5.46630100e-01  4.23000000e-09  3.30000000e+00  4.23000000e-09  3.30000000e+00 
 4.25000000e-09 -9.08717396e-02  4.25000000e-09  3.30013110e+00  4.25000000e-09  5.39176292e-01  4.25000000e-09  5.41329701e-01  4.25000000e-09  3.30000000e+00  4.25000000e-09  3.30000000e+00 
 4.27000000e-09 -9.09990825e-02  4.27000000e-09  3.30006733e+00  4.27000000e-09  5.34259940e-01  4.27000000e-09  5.36127965e-01  4.27000000e-09  3.30000000e+00  4.27000000e-09  3.30000000e+00 
 4.29000000e-09 -9.11590470e-02  4.29000000e-09  3.30000526e+00  4.29000000e-09  5.29383425e-01  4.29000000e-09  5.31016481e-01  4.29000000e-09  3.30000000e+00  4.29000000e-09  3.30000000e+00 
 4.31000000e-09 -9.13504688e-02  4.31000000e-09  3.29994412e+00  4.31000000e-09  5.24548670e-01  4.31000000e-09  5.25987735e-01  4.31000000e-09  3.30000000e+00  4.31000000e-09  3.30000000e+00 
 4.33000000e-09 -9.15668288e-02  4.33000000e-09  3.29988663e+00  4.33000000e-09  5.19756819e-01  4.33000000e-09  5.21035628e-01  4.33000000e-09  3.30000000e+00  4.33000000e-09  3.30000000e+00 
 4.35000000e-09 -9.18075648e-02  4.35000000e-09  3.29983088e+00  4.35000000e-09  5.15008944e-01  4.35000000e-09  5.16154640e-01  4.35000000e-09  3.30000000e+00  4.35000000e-09  3.30000000e+00 
 4.37000000e-09 -9.20670170e-02  4.37000000e-09  3.29977975e+00  4.37000000e-09  5.10305457e-01  4.37000000e-09  5.11340356e-01  4.37000000e-09  3.30000000e+00  4.37000000e-09  3.30000000e+00 
 4.39000000e-09 -9.23450828e-02  4.39000000e-09  3.29973100e+00  4.39000000e-09  5.05646814e-01  4.39000000e-09  5.06588695e-01  4.39000000e-09  3.30000000e+00  4.39000000e-09  3.30000000e+00 
 4.41000000e-09 -9.26366874e-02  4.41000000e-09  3.29968726e+00  4.41000000e-09  5.01032916e-01  4.41000000e-09  5.01896456e-01  4.41000000e-09  3.30000000e+00  4.41000000e-09  3.30000000e+00 
 4.43000000e-09 -9.29422149e-02  4.43000000e-09  3.29964606e+00  4.43000000e-09  4.96463809e-01  4.43000000e-09  4.97260591e-01  4.43000000e-09  3.30000000e+00  4.43000000e-09  3.30000000e+00 
 4.45000000e-09 -9.32570572e-02  4.45000000e-09  3.29960985e+00  4.45000000e-09  4.91939066e-01  4.45000000e-09  4.92678761e-01  4.45000000e-09  3.30000000e+00  4.45000000e-09  3.30000000e+00 
 4.47000000e-09 -9.35820199e-02  4.47000000e-09  3.29957606e+00  4.47000000e-09  4.87458479e-01  4.47000000e-09  4.88148646e-01  4.47000000e-09  3.30000000e+00  4.47000000e-09  3.30000000e+00 
 4.49000000e-09 -9.39128847e-02  4.49000000e-09  3.29954704e+00  4.49000000e-09  4.83021428e-01  4.49000000e-09  4.83668511e-01  4.49000000e-09  3.30000000e+00  4.49000000e-09  3.30000000e+00 
 4.51000000e-09 -9.42508118e-02  4.51000000e-09  3.29952012e+00  4.51000000e-09  4.78627566e-01  4.51000000e-09  4.79236550e-01  4.51000000e-09  3.30000000e+00  4.51000000e-09  3.30000000e+00 
 4.53000000e-09 -9.45919083e-02  4.53000000e-09  3.29949763e+00  4.53000000e-09  4.74276175e-01  4.53000000e-09  4.74851447e-01  4.53000000e-09  3.30000000e+00  4.53000000e-09  3.30000000e+00 
 4.55000000e-09 -9.49376299e-02  4.55000000e-09  3.29947687e+00  4.55000000e-09  4.69966846e-01  4.55000000e-09  4.70511757e-01  4.55000000e-09  3.30000000e+00  4.55000000e-09  3.30000000e+00 
 4.57000000e-09 -9.52843533e-02  4.57000000e-09  3.29946014e+00  4.57000000e-09  4.65698824e-01  4.57000000e-09  4.66216458e-01  4.57000000e-09  3.30000000e+00  4.57000000e-09  3.30000000e+00 
 4.59000000e-09 -9.56337783e-02  4.59000000e-09  3.29944473e+00  4.59000000e-09  4.61471685e-01  4.59000000e-09  4.61964356e-01  4.59000000e-09  3.30000000e+00  4.59000000e-09  3.30000000e+00 
 4.61000000e-09 -9.59825036e-02  4.61000000e-09  3.29943296e+00  4.61000000e-09  4.57284674e-01  4.61000000e-09  4.57754637e-01  4.61000000e-09  3.30000000e+00  4.61000000e-09  3.30000000e+00 
 4.63000000e-09 -9.63324290e-02  4.63000000e-09  3.29942211e+00  4.63000000e-09  4.53137381e-01  4.63000000e-09  4.53586287e-01  4.63000000e-09  3.30000000e+00  4.63000000e-09  3.30000000e+00 
 4.65000000e-09 -9.66803347e-02  4.65000000e-09  3.29941453e+00  4.65000000e-09  4.49029070e-01  4.65000000e-09  4.49458640e-01  4.65000000e-09  3.30000000e+00  4.65000000e-09  3.30000000e+00 
 4.67000000e-09 -9.70282831e-02  4.67000000e-09  3.29940750e+00  4.67000000e-09  4.44959360e-01  4.67000000e-09  4.45370814e-01  4.67000000e-09  3.30000000e+00  4.67000000e-09  3.30000000e+00 
 4.69000000e-09 -9.73732017e-02  4.69000000e-09  3.29940338e+00  4.69000000e-09  4.40927545e-01  4.69000000e-09  4.41322249e-01  4.69000000e-09  3.30000000e+00  4.69000000e-09  3.30000000e+00 
 4.71000000e-09 -9.77172844e-02  4.71000000e-09  3.29939949e+00  4.71000000e-09  4.36933277e-01  4.71000000e-09  4.37312162e-01  4.71000000e-09  3.30000000e+00  4.71000000e-09  3.30000000e+00 
 4.73000000e-09 -9.80575776e-02  4.73000000e-09  3.29939821e+00  4.73000000e-09  4.32975883e-01  4.73000000e-09  4.33340073e-01  4.73000000e-09  3.30000000e+00  4.73000000e-09  3.30000000e+00 
 4.75000000e-09 -9.83963807e-02  4.75000000e-09  3.29939686e+00  4.75000000e-09  4.29055050e-01  4.75000000e-09  4.29405274e-01  4.75000000e-09  3.30000000e+00  4.75000000e-09  3.30000000e+00 
 4.77000000e-09 -9.87308354e-02  4.77000000e-09  3.29939786e+00  4.77000000e-09  4.25170138e-01  4.77000000e-09  4.25507348e-01  4.77000000e-09  3.30000000e+00  4.77000000e-09  3.30000000e+00 
 4.79000000e-09 -9.90633252e-02  4.79000000e-09  3.29939855e+00  4.79000000e-09  4.21320867e-01  4.79000000e-09  4.21645645e-01  4.79000000e-09  3.30000000e+00  4.79000000e-09  3.30000000e+00 
 4.81000000e-09 -9.93910682e-02  4.81000000e-09  3.29940135e+00  4.81000000e-09  4.17506627e-01  4.81000000e-09  4.17819797e-01  4.81000000e-09  3.30000000e+00  4.81000000e-09  3.30000000e+00 
 4.83000000e-09 -9.97165143e-02  4.83000000e-09  3.29940363e+00  4.83000000e-09  4.13727168e-01  4.83000000e-09  4.14029203e-01  4.83000000e-09  3.30000000e+00  4.83000000e-09  3.30000000e+00 
 4.85000000e-09 -1.00036942e-01  4.85000000e-09  3.29940783e+00  4.85000000e-09  4.09981908e-01  4.85000000e-09  4.10273532e-01  4.85000000e-09  3.30000000e+00  4.85000000e-09  3.30000000e+00 
 4.87000000e-09 -1.00354854e-01  4.87000000e-09  3.29941133e+00  4.87000000e-09  4.06270624e-01  4.87000000e-09  4.06552223e-01  4.87000000e-09  3.30000000e+00  4.87000000e-09  3.30000000e+00 
 4.89000000e-09 -1.00667576e-01  4.89000000e-09  3.29941661e+00  4.89000000e-09  4.02592759e-01  4.89000000e-09  4.02864978e-01  4.89000000e-09  3.30000000e+00  4.89000000e-09  3.30000000e+00 
 4.91000000e-09 -1.00977652e-01  4.91000000e-09  3.29942103e+00  4.91000000e-09  3.98948112e-01  4.91000000e-09  3.99211268e-01  4.91000000e-09  3.30000000e+00  4.91000000e-09  3.30000000e+00 
 4.93000000e-09 -1.01282445e-01  4.93000000e-09  3.29942710e+00  4.93000000e-09  3.95336150e-01  4.93000000e-09  3.95590822e-01  4.93000000e-09  3.30000000e+00  4.93000000e-09  3.30000000e+00 
 4.95000000e-09 -1.01584530e-01  4.95000000e-09  3.29943219e+00  4.95000000e-09  3.91756692e-01  4.95000000e-09  3.92003140e-01  4.95000000e-09  3.30000000e+00  4.95000000e-09  3.30000000e+00 
 4.97000000e-09 -1.01881299e-01  4.97000000e-09  3.29943883e+00  4.97000000e-09  3.88209222e-01  4.97000000e-09  3.88447972e-01  4.97000000e-09  3.30000000e+00  4.97000000e-09  3.30000000e+00 
 4.99000000e-09 -1.02175352e-01  4.99000000e-09  3.29944439e+00  4.99000000e-09  3.84693579e-01  4.99000000e-09  3.84924842e-01  4.99000000e-09  3.30000000e+00  4.99000000e-09  3.30000000e+00 
 5.01000000e-09 -1.02464103e-01  5.01000000e-09  3.29945141e+00  5.01000000e-09  3.81209265e-01  5.01000000e-09  3.81433520e-01  5.01000000e-09  3.30000000e+00  5.01000000e-09  3.30000000e+00 
 5.03000000e-09 -1.02750170e-01  5.03000000e-09  3.29945729e+00  5.03000000e-09  3.77756133e-01  5.03000000e-09  3.77973551e-01  5.03000000e-09  3.30000000e+00  5.03000000e-09  3.30000000e+00 
 5.05000000e-09 -1.03030983e-01  5.05000000e-09  3.29946454e+00  5.05000000e-09  3.74333699e-01  5.05000000e-09  3.74544721e-01  5.05000000e-09  3.30000000e+00  5.05000000e-09  3.30000000e+00 
 5.07000000e-09 -1.03309174e-01  5.07000000e-09  3.29947060e+00  5.07000000e-09  3.70941833e-01  5.07000000e-09  3.71146594e-01  5.07000000e-09  3.30000000e+00  5.07000000e-09  3.30000000e+00 
 5.09000000e-09 -1.03582187e-01  5.09000000e-09  3.29947798e+00  5.09000000e-09  3.67580062e-01  5.09000000e-09  3.67778969e-01  5.09000000e-09  3.30000000e+00  5.09000000e-09  3.30000000e+00 
 5.11000000e-09 -1.03852662e-01  5.11000000e-09  3.29948411e+00  5.11000000e-09  3.64248268e-01  5.11000000e-09  3.64441427e-01  5.11000000e-09  3.30000000e+00  5.11000000e-09  3.30000000e+00 
 5.13000000e-09 -1.04118051e-01  5.13000000e-09  3.29949152e+00  5.13000000e-09  3.60945990e-01  5.13000000e-09  3.61133780e-01  5.13000000e-09  3.30000000e+00  5.13000000e-09  3.30000000e+00 
 5.15000000e-09 -1.04381002e-01  5.15000000e-09  3.29949765e+00  5.15000000e-09  3.57673122e-01  5.15000000e-09  3.57855621e-01  5.15000000e-09  3.30000000e+00  5.15000000e-09  3.30000000e+00 
 5.17000000e-09 -1.04638974e-01  5.17000000e-09  3.29950503e+00  5.17000000e-09  3.54429213e-01  5.17000000e-09  3.54606775e-01  5.17000000e-09  3.30000000e+00  5.17000000e-09  3.30000000e+00 
 5.19000000e-09 -1.04894618e-01  5.19000000e-09  3.29951109e+00  5.19000000e-09  3.51214167e-01  5.19000000e-09  3.51386848e-01  5.19000000e-09  3.30000000e+00  5.19000000e-09  3.30000000e+00 
 5.21000000e-09 -1.05145398e-01  5.21000000e-09  3.29951838e+00  5.21000000e-09  3.48027541e-01  5.21000000e-09  3.48195672e-01  5.21000000e-09  3.30000000e+00  5.21000000e-09  3.30000000e+00 
 5.23000000e-09 -1.05393968e-01  5.23000000e-09  3.29952433e+00  5.23000000e-09  3.44869248e-01  5.23000000e-09  3.45032866e-01  5.23000000e-09  3.30000000e+00  5.23000000e-09  3.30000000e+00 
 5.25000000e-09 -1.05637792e-01  5.25000000e-09  3.29953149e+00  5.25000000e-09  3.41738856e-01  5.25000000e-09  3.41898272e-01  5.25000000e-09  3.30000000e+00  5.25000000e-09  3.30000000e+00 
 5.27000000e-09 -1.05879526e-01  5.27000000e-09  3.29953729e+00  5.27000000e-09  3.38636283e-01  5.27000000e-09  3.38791517e-01  5.27000000e-09  3.30000000e+00  5.27000000e-09  3.30000000e+00 
 5.29000000e-09 -1.06116636e-01  5.29000000e-09  3.29954430e+00  5.29000000e-09  3.35561106e-01  5.29000000e-09  3.35712452e-01  5.29000000e-09  3.30000000e+00  5.29000000e-09  3.30000000e+00 
 5.31000000e-09 -1.06351778e-01  5.31000000e-09  3.29954994e+00  5.31000000e-09  3.32513250e-01  5.31000000e-09  3.32660713e-01  5.31000000e-09  3.30000000e+00  5.31000000e-09  3.30000000e+00 
 5.33000000e-09 -1.06582418e-01  5.33000000e-09  3.29955677e+00  5.33000000e-09  3.29492298e-01  5.33000000e-09  3.29636158e-01  5.33000000e-09  3.30000000e+00  5.33000000e-09  3.30000000e+00 
 5.35000000e-09 -1.06811211e-01  5.35000000e-09  3.29956222e+00  5.35000000e-09  3.26498184e-01  5.35000000e-09  3.26638431e-01  5.35000000e-09  3.30000000e+00  5.35000000e-09  3.30000000e+00 
 5.37000000e-09 -1.07035621e-01  5.37000000e-09  3.29956886e+00  5.37000000e-09  3.23530497e-01  5.37000000e-09  3.23667397e-01  5.37000000e-09  3.30000000e+00  5.37000000e-09  3.30000000e+00 
 5.39000000e-09 -1.07258303e-01  5.39000000e-09  3.29957412e+00  5.39000000e-09  3.20589175e-01  5.39000000e-09  3.20722707e-01  5.39000000e-09  3.30000000e+00  5.39000000e-09  3.30000000e+00 
 5.41000000e-09 -1.07476721e-01  5.41000000e-09  3.29958056e+00  5.41000000e-09  3.17673813e-01  5.41000000e-09  3.17804232e-01  5.41000000e-09  3.30000000e+00  5.41000000e-09  3.30000000e+00 
 5.43000000e-09 -1.07693525e-01  5.43000000e-09  3.29958562e+00  5.43000000e-09  3.14784357e-01  5.43000000e-09  3.14911632e-01  5.43000000e-09  3.30000000e+00  5.43000000e-09  3.30000000e+00 
 5.45000000e-09 -1.07906180e-01  5.45000000e-09  3.29959187e+00  5.45000000e-09  3.11920407e-01  5.45000000e-09  3.12044781e-01  5.45000000e-09  3.30000000e+00  5.45000000e-09  3.30000000e+00 
 5.47000000e-09 -1.08117332e-01  5.47000000e-09  3.29959672e+00  5.47000000e-09  3.09081913e-01  5.47000000e-09  3.09203345e-01  5.47000000e-09  3.30000000e+00  5.47000000e-09  3.30000000e+00 
 5.49000000e-09 -1.08324446e-01  5.49000000e-09  3.29960277e+00  5.49000000e-09  3.06268481e-01  5.49000000e-09  3.06387206e-01  5.49000000e-09  3.30000000e+00  5.49000000e-09  3.30000000e+00 
 5.51000000e-09 -1.08530165e-01  5.51000000e-09  3.29960743e+00  5.51000000e-09  3.03480065e-01  5.51000000e-09  3.03596034e-01  5.51000000e-09  3.30000000e+00  5.51000000e-09  3.30000000e+00 
 5.53000000e-09 -1.08731950e-01  5.53000000e-09  3.29961328e+00  5.53000000e-09  3.00716276e-01  5.53000000e-09  3.00829716e-01  5.53000000e-09  3.30000000e+00  5.53000000e-09  3.30000000e+00 
 5.55000000e-09 -1.08932444e-01  5.55000000e-09  3.29961774e+00  5.55000000e-09  2.97977075e-01  5.55000000e-09  2.98087928e-01  5.55000000e-09  3.30000000e+00  5.55000000e-09  3.30000000e+00 
 5.57000000e-09 -1.09129105e-01  5.57000000e-09  3.29962340e+00  5.57000000e-09  2.95262075e-01  5.57000000e-09  2.95370560e-01  5.57000000e-09  3.30000000e+00  5.57000000e-09  3.30000000e+00 
 5.59000000e-09 -1.09324574e-01  5.59000000e-09  3.29962767e+00  5.59000000e-09  2.92571241e-01  5.59000000e-09  2.92677295e-01  5.59000000e-09  3.30000000e+00  5.59000000e-09  3.30000000e+00 
 5.61000000e-09 -1.09516306e-01  5.61000000e-09  3.29963314e+00  5.61000000e-09  2.89904192e-01  5.61000000e-09  2.90008027e-01  5.61000000e-09  3.30000000e+00  5.61000000e-09  3.30000000e+00 
 5.63000000e-09 -1.09706939e-01  5.63000000e-09  3.29963722e+00  5.63000000e-09  2.87260896e-01  5.63000000e-09  2.87362444e-01  5.63000000e-09  3.30000000e+00  5.63000000e-09  3.30000000e+00 
 5.65000000e-09 -1.09893928e-01  5.65000000e-09  3.29964251e+00  5.65000000e-09  2.84640977e-01  5.65000000e-09  2.84740442e-01  5.65000000e-09  3.30000000e+00  5.65000000e-09  3.30000000e+00 
 5.67000000e-09 -1.10079906e-01  5.67000000e-09  3.29964642e+00  5.67000000e-09  2.82044407e-01  5.67000000e-09  2.82141716e-01  5.67000000e-09  3.30000000e+00  5.67000000e-09  3.30000000e+00 
 5.69000000e-09 -1.10262328e-01  5.69000000e-09  3.29965154e+00  5.69000000e-09  2.79470813e-01  5.69000000e-09  2.79566166e-01  5.69000000e-09  3.30000000e+00  5.69000000e-09  3.30000000e+00 
 5.71000000e-09 -1.10443823e-01  5.71000000e-09  3.29965527e+00  5.71000000e-09  2.76920171e-01  5.71000000e-09  2.77013488e-01  5.71000000e-09  3.30000000e+00  5.71000000e-09  3.30000000e+00 
 5.73000000e-09 -1.10621844e-01  5.73000000e-09  3.29966022e+00  5.73000000e-09  2.74392111e-01  5.73000000e-09  2.74483589e-01  5.73000000e-09  3.30000000e+00  5.73000000e-09  3.30000000e+00 
 5.75000000e-09 -1.10799020e-01  5.75000000e-09  3.29966380e+00  5.75000000e-09  2.71886615e-01  5.75000000e-09  2.71976169e-01  5.75000000e-09  3.30000000e+00  5.75000000e-09  3.30000000e+00 
 5.77000000e-09 -1.10972799e-01  5.77000000e-09  3.29966859e+00  5.77000000e-09  2.69403315e-01  5.77000000e-09  2.69491137e-01  5.77000000e-09  3.30000000e+00  5.77000000e-09  3.30000000e+00 
 5.79000000e-09 -1.11145808e-01  5.79000000e-09  3.29967201e+00  5.79000000e-09  2.66942195e-01  5.79000000e-09  2.67028197e-01  5.79000000e-09  3.30000000e+00  5.79000000e-09  3.30000000e+00 
 5.81000000e-09 -1.11315496e-01  5.81000000e-09  3.29967665e+00  5.81000000e-09  2.64502893e-01  5.81000000e-09  2.64587262e-01  5.81000000e-09  3.30000000e+00  5.81000000e-09  3.30000000e+00 
 5.83000000e-09 -1.11484485e-01  5.83000000e-09  3.29967992e+00  5.83000000e-09  2.62085396e-01  5.83000000e-09  2.62168041e-01  5.83000000e-09  3.30000000e+00  5.83000000e-09  3.30000000e+00 
 5.85000000e-09 -1.11650223e-01  5.85000000e-09  3.29968442e+00  5.85000000e-09  2.59689343e-01  5.85000000e-09  2.59770448e-01  5.85000000e-09  3.30000000e+00  5.85000000e-09  3.30000000e+00 
 5.87000000e-09 -1.11815331e-01  5.87000000e-09  3.29968755e+00  5.87000000e-09  2.57314727e-01  5.87000000e-09  2.57394196e-01  5.87000000e-09  3.30000000e+00  5.87000000e-09  3.30000000e+00 
 5.89000000e-09 -1.11977253e-01  5.89000000e-09  3.29969191e+00  5.89000000e-09  2.54961189e-01  5.89000000e-09  2.55039203e-01  5.89000000e-09  3.30000000e+00  5.89000000e-09  3.30000000e+00 
 5.91000000e-09 -1.12138610e-01  5.91000000e-09  3.29969491e+00  5.91000000e-09  2.52628724e-01  5.91000000e-09  2.52705186e-01  5.91000000e-09  3.30000000e+00  5.91000000e-09  3.30000000e+00 
 5.93000000e-09 -1.12296845e-01  5.93000000e-09  3.29969914e+00  5.93000000e-09  2.50316979e-01  5.93000000e-09  2.50392065e-01  5.93000000e-09  3.30000000e+00  5.93000000e-09  3.30000000e+00 
 5.95000000e-09 -1.12454575e-01  5.95000000e-09  3.29970201e+00  5.95000000e-09  2.48025950e-01  5.95000000e-09  2.48099561e-01  5.95000000e-09  3.30000000e+00  5.95000000e-09  3.30000000e+00 
 5.97000000e-09 -1.12609243e-01  5.97000000e-09  3.29970612e+00  5.97000000e-09  2.45755286e-01  5.97000000e-09  2.45827596e-01  5.97000000e-09  3.30000000e+00  5.97000000e-09  3.30000000e+00 
 5.99000000e-09 -1.12763464e-01  5.99000000e-09  3.29970888e+00  5.99000000e-09  2.43504988e-01  5.99000000e-09  2.43575894e-01  5.99000000e-09  3.30000000e+00  5.99000000e-09  3.30000000e+00 
 6.01000000e-09 -1.12914679e-01  6.01000000e-09  3.29971287e+00  6.01000000e-09  2.41274708e-01  6.01000000e-09  2.41344382e-01  6.01000000e-09  3.30000000e+00  6.01000000e-09  3.30000000e+00 
 6.03000000e-09 -1.13065502e-01  6.03000000e-09  3.29971551e+00  6.03000000e-09  2.39064449e-01  6.03000000e-09  2.39132786e-01  6.03000000e-09  3.30000000e+00  6.03000000e-09  3.30000000e+00 
 6.05000000e-09 -1.13213373e-01  6.05000000e-09  3.29971939e+00  6.05000000e-09  2.36873865e-01  6.05000000e-09  2.36941034e-01  6.05000000e-09  3.30000000e+00  6.05000000e-09  3.30000000e+00 
 6.07000000e-09 -1.13360904e-01  6.07000000e-09  3.29972192e+00  6.07000000e-09  2.34702964e-01  6.07000000e-09  2.34768858e-01  6.07000000e-09  3.30000000e+00  6.07000000e-09  3.30000000e+00 
 6.09000000e-09 -1.13505533e-01  6.09000000e-09  3.29972570e+00  6.09000000e-09  2.32551401e-01  6.09000000e-09  2.32616188e-01  6.09000000e-09  3.30000000e+00  6.09000000e-09  3.30000000e+00 
 6.11000000e-09 -1.13649872e-01  6.11000000e-09  3.29972813e+00  6.11000000e-09  2.30419187e-01  6.11000000e-09  2.30482758e-01  6.11000000e-09  3.30000000e+00  6.11000000e-09  3.30000000e+00 
 6.13000000e-09 -1.13791357e-01  6.13000000e-09  3.29973181e+00  6.13000000e-09  2.28305981e-01  6.13000000e-09  2.28368501e-01  6.13000000e-09  3.30000000e+00  6.13000000e-09  3.30000000e+00 
 6.15000000e-09 -1.13932600e-01  6.15000000e-09  3.29973414e+00  6.15000000e-09  2.26211795e-01  6.15000000e-09  2.26273154e-01  6.15000000e-09  3.30000000e+00  6.15000000e-09  3.30000000e+00 
 6.17000000e-09 -1.14071035e-01  6.17000000e-09  3.29973772e+00  6.17000000e-09  2.24136292e-01  6.17000000e-09  2.24196653e-01  6.17000000e-09  3.30000000e+00  6.17000000e-09  3.30000000e+00 
 6.19000000e-09 -1.14209271e-01  6.19000000e-09  3.29973996e+00  6.19000000e-09  2.22079486e-01  6.19000000e-09  2.22138736e-01  6.19000000e-09  3.30000000e+00  6.19000000e-09  3.30000000e+00 
 6.21000000e-09 -1.14344743e-01  6.21000000e-09  3.29974346e+00  6.21000000e-09  2.20041043e-01  6.21000000e-09  2.20099344e-01  6.21000000e-09  3.30000000e+00  6.21000000e-09  3.30000000e+00 
 6.23000000e-09 -1.14480060e-01  6.23000000e-09  3.29974561e+00  6.23000000e-09  2.18020979e-01  6.23000000e-09  2.18078218e-01  6.23000000e-09  3.30000000e+00  6.23000000e-09  3.30000000e+00 
 6.25000000e-09 -1.14612654e-01  6.25000000e-09  3.29974902e+00  6.25000000e-09  2.16018961e-01  6.25000000e-09  2.16075299e-01  6.25000000e-09  3.30000000e+00  6.25000000e-09  3.30000000e+00 
 6.27000000e-09 -1.14745133e-01  6.27000000e-09  3.29975109e+00  6.27000000e-09  2.14035011e-01  6.27000000e-09  2.14090332e-01  6.27000000e-09  3.30000000e+00  6.27000000e-09  3.30000000e+00 
 6.29000000e-09 -1.14874929e-01  6.29000000e-09  3.29975442e+00  6.29000000e-09  2.12068798e-01  6.29000000e-09  2.12123261e-01  6.29000000e-09  3.30000000e+00  6.29000000e-09  3.30000000e+00 
 6.31000000e-09 -1.15004649e-01  6.31000000e-09  3.29975641e+00  6.31000000e-09  2.10120345e-01  6.31000000e-09  2.10173833e-01  6.31000000e-09  3.30000000e+00  6.31000000e-09  3.30000000e+00 
 6.33000000e-09 -1.15131724e-01  6.33000000e-09  3.29975966e+00  6.33000000e-09  2.08189323e-01  6.33000000e-09  2.08241994e-01  6.33000000e-09  3.30000000e+00  6.33000000e-09  3.30000000e+00 
 6.35000000e-09 -1.15258759e-01  6.35000000e-09  3.29976158e+00  6.35000000e-09  2.06275757e-01  6.35000000e-09  2.06327495e-01  6.35000000e-09  3.30000000e+00  6.35000000e-09  3.30000000e+00 
 6.37000000e-09 -1.15383186e-01  6.37000000e-09  3.29976476e+00  6.37000000e-09  2.04379324e-01  6.37000000e-09  2.04430283e-01  6.37000000e-09  3.30000000e+00  6.37000000e-09  3.30000000e+00 
 6.39000000e-09 -1.15507608e-01  6.39000000e-09  3.29976660e+00  6.39000000e-09  2.02500049e-01  6.39000000e-09  2.02550111e-01  6.39000000e-09  3.30000000e+00  6.39000000e-09  3.30000000e+00 
 6.41000000e-09 -1.15629457e-01  6.41000000e-09  3.29976971e+00  6.41000000e-09  2.00637610e-01  6.41000000e-09  2.00686931e-01  6.41000000e-09  3.30000000e+00  6.41000000e-09  3.30000000e+00 
 6.43000000e-09 -1.15751335e-01  6.43000000e-09  3.29977148e+00  6.43000000e-09  1.98792036e-01  6.43000000e-09  1.98840496e-01  6.43000000e-09  3.30000000e+00  6.43000000e-09  3.30000000e+00 
 6.45000000e-09 -1.15870673e-01  6.45000000e-09  3.29977453e+00  6.45000000e-09  1.96963008e-01  6.45000000e-09  1.97010761e-01  6.45000000e-09  3.30000000e+00  6.45000000e-09  3.30000000e+00 
 6.47000000e-09 -1.15990071e-01  6.47000000e-09  3.29977623e+00  6.47000000e-09  1.95150557e-01  6.47000000e-09  1.95197483e-01  6.47000000e-09  3.30000000e+00  6.47000000e-09  3.30000000e+00 
 6.49000000e-09 -1.16106962e-01  6.49000000e-09  3.29977921e+00  6.49000000e-09  1.93354366e-01  6.49000000e-09  1.93400617e-01  6.49000000e-09  3.30000000e+00  6.49000000e-09  3.30000000e+00 
 6.51000000e-09 -1.16223945e-01  6.51000000e-09  3.29978086e+00  6.51000000e-09  1.91574467e-01  6.51000000e-09  1.91619922e-01  6.51000000e-09  3.30000000e+00  6.51000000e-09  3.30000000e+00 
 6.53000000e-09 -1.16338451e-01  6.53000000e-09  3.29978377e+00  6.53000000e-09  1.89810546e-01  6.53000000e-09  1.89855358e-01  6.53000000e-09  3.30000000e+00  6.53000000e-09  3.30000000e+00 
 6.55000000e-09 -1.16453078e-01  6.55000000e-09  3.29978536e+00  6.55000000e-09  1.88062639e-01  6.55000000e-09  1.88106685e-01  6.55000000e-09  3.30000000e+00  6.55000000e-09  3.30000000e+00 
 6.57000000e-09 -1.16565257e-01  6.57000000e-09  3.29978822e+00  6.57000000e-09  1.86330432e-01  6.57000000e-09  1.86373864e-01  6.57000000e-09  3.30000000e+00  6.57000000e-09  3.30000000e+00 
 6.59000000e-09 -1.16677587e-01  6.59000000e-09  3.29978975e+00  6.59000000e-09  1.84613964e-01  6.59000000e-09  1.84656659e-01  6.59000000e-09  3.30000000e+00  6.59000000e-09  3.30000000e+00 
 6.61000000e-09 -1.16787496e-01  6.61000000e-09  3.29979255e+00  6.61000000e-09  1.82912924e-01  6.61000000e-09  1.82955032e-01  6.61000000e-09  3.30000000e+00  6.61000000e-09  3.30000000e+00 
 6.63000000e-09 -1.16897584e-01  6.63000000e-09  3.29979402e+00  6.63000000e-09  1.81227352e-01  6.63000000e-09  1.81268750e-01  6.63000000e-09  3.30000000e+00  6.63000000e-09  3.30000000e+00 
 6.65000000e-09 -1.17005279e-01  6.65000000e-09  3.29979677e+00  6.65000000e-09  1.79556940e-01  6.65000000e-09  1.79597777e-01  6.65000000e-09  3.30000000e+00  6.65000000e-09  3.30000000e+00 
 6.67000000e-09 -1.17113179e-01  6.67000000e-09  3.29979819e+00  6.67000000e-09  1.77901730e-01  6.67000000e-09  1.77941882e-01  6.67000000e-09  3.30000000e+00  6.67000000e-09  3.30000000e+00 
 6.69000000e-09 -1.17218712e-01  6.69000000e-09  3.29980089e+00  6.69000000e-09  1.76261415e-01  6.69000000e-09  1.76301031e-01  6.69000000e-09  3.30000000e+00  6.69000000e-09  3.30000000e+00 
 6.71000000e-09 -1.17324475e-01  6.71000000e-09  3.29980226e+00  6.71000000e-09  1.74636041e-01  6.71000000e-09  1.74674996e-01  6.71000000e-09  3.30000000e+00  6.71000000e-09  3.30000000e+00 
 6.73000000e-09 -1.17427897e-01  6.73000000e-09  3.29980490e+00  6.73000000e-09  1.73025302e-01  6.73000000e-09  1.73063745e-01  6.73000000e-09  3.30000000e+00  6.73000000e-09  3.30000000e+00 
 6.75000000e-09 -1.17531573e-01  6.75000000e-09  3.29980622e+00  6.75000000e-09  1.71429246e-01  6.75000000e-09  1.71467051e-01  6.75000000e-09  3.30000000e+00  6.75000000e-09  3.30000000e+00 
 6.77000000e-09 -1.17632933e-01  6.77000000e-09  3.29980882e+00  6.77000000e-09  1.69847569e-01  6.77000000e-09  1.69884884e-01  6.77000000e-09  3.30000000e+00  6.77000000e-09  3.30000000e+00 
 6.79000000e-09 -1.17734570e-01  6.79000000e-09  3.29981010e+00  6.79000000e-09  1.68280322e-01  6.79000000e-09  1.68317021e-01  6.79000000e-09  3.30000000e+00  6.79000000e-09  3.30000000e+00 
 6.81000000e-09 -1.17833915e-01  6.81000000e-09  3.29981265e+00  6.81000000e-09  1.66727202e-01  6.81000000e-09  1.66763433e-01  6.81000000e-09  3.30000000e+00  6.81000000e-09  3.30000000e+00 
 6.83000000e-09 -1.17933561e-01  6.83000000e-09  3.29981388e+00  6.83000000e-09  1.65188263e-01  6.83000000e-09  1.65223898e-01  6.83000000e-09  3.30000000e+00  6.83000000e-09  3.30000000e+00 
 6.85000000e-09 -1.18030937e-01  6.85000000e-09  3.29981639e+00  6.85000000e-09  1.63663203e-01  6.85000000e-09  1.63698390e-01  6.85000000e-09  3.30000000e+00  6.85000000e-09  3.30000000e+00 
 6.87000000e-09 -1.18128636e-01  6.87000000e-09  3.29981757e+00  6.87000000e-09  1.62152078e-01  6.87000000e-09  1.62186690e-01  6.87000000e-09  3.30000000e+00  6.87000000e-09  3.30000000e+00 
 6.89000000e-09 -1.18224087e-01  6.89000000e-09  3.29982003e+00  6.89000000e-09  1.60654590e-01  6.89000000e-09  1.60688773e-01  6.89000000e-09  3.30000000e+00  6.89000000e-09  3.30000000e+00 
 6.91000000e-09 -1.18319882e-01  6.91000000e-09  3.29982117e+00  6.91000000e-09  1.59170795e-01  6.91000000e-09  1.59204420e-01  6.91000000e-09  3.30000000e+00  6.91000000e-09  3.30000000e+00 
 6.93000000e-09 -1.18413451e-01  6.93000000e-09  3.29982360e+00  6.93000000e-09  1.57700397e-01  6.93000000e-09  1.57733612e-01  6.93000000e-09  3.30000000e+00  6.93000000e-09  3.30000000e+00 
 6.95000000e-09 -1.18507385e-01  6.95000000e-09  3.29982470e+00  6.95000000e-09  1.56243454e-01  6.95000000e-09  1.56276130e-01  6.95000000e-09  3.30000000e+00  6.95000000e-09  3.30000000e+00 
 6.97000000e-09 -1.18599113e-01  6.97000000e-09  3.29982708e+00  6.97000000e-09  1.54799673e-01  6.97000000e-09  1.54831955e-01  6.97000000e-09  3.30000000e+00  6.97000000e-09  3.30000000e+00 
 6.99000000e-09 -1.18691227e-01  6.99000000e-09  3.29982814e+00  6.99000000e-09  1.53369113e-01  6.99000000e-09  1.53400873e-01  6.99000000e-09  3.30000000e+00  6.99000000e-09  3.30000000e+00 
 7.01000000e-09 -1.18781155e-01  7.01000000e-09  3.29983049e+00  7.01000000e-09  1.51951482e-01  7.01000000e-09  1.51982866e-01  7.01000000e-09  3.30000000e+00  7.01000000e-09  3.30000000e+00 
 7.03000000e-09 -1.18871488e-01  7.03000000e-09  3.29983151e+00  7.03000000e-09  1.50546843e-01  7.03000000e-09  1.50577721e-01  7.03000000e-09  3.30000000e+00  7.03000000e-09  3.30000000e+00 
 7.05000000e-09 -1.18959654e-01  7.05000000e-09  3.29983382e+00  7.05000000e-09  1.49154906e-01  7.05000000e-09  1.49185423e-01  7.05000000e-09  3.30000000e+00  7.05000000e-09  3.30000000e+00 
 7.07000000e-09 -1.19048245e-01  7.07000000e-09  3.29983480e+00  7.07000000e-09  1.47775733e-01  7.07000000e-09  1.47805760e-01  7.07000000e-09  3.30000000e+00  7.07000000e-09  3.30000000e+00 
 7.09000000e-09 -1.19134687e-01  7.09000000e-09  3.29983708e+00  7.09000000e-09  1.46409038e-01  7.09000000e-09  1.46438719e-01  7.09000000e-09  3.30000000e+00  7.09000000e-09  3.30000000e+00 
 7.11000000e-09 -1.19221573e-01  7.11000000e-09  3.29983802e+00  7.11000000e-09  1.45054885e-01  7.11000000e-09  1.45084091e-01  7.11000000e-09  3.30000000e+00  7.11000000e-09  3.30000000e+00 
 7.13000000e-09 -1.19306329e-01  7.13000000e-09  3.29984026e+00  7.13000000e-09  1.43712989e-01  7.13000000e-09  1.43741863e-01  7.13000000e-09  3.30000000e+00  7.13000000e-09  3.30000000e+00 
 7.15000000e-09 -1.19391545e-01  7.15000000e-09  3.29984117e+00  7.15000000e-09  1.42383417e-01  7.15000000e-09  1.42411829e-01  7.15000000e-09  3.30000000e+00  7.15000000e-09  3.30000000e+00 
 7.17000000e-09 -1.19474650e-01  7.17000000e-09  3.29984338e+00  7.17000000e-09  1.41065883e-01  7.17000000e-09  1.41093979e-01  7.17000000e-09  3.30000000e+00  7.17000000e-09  3.30000000e+00 
 7.19000000e-09 -1.19558233e-01  7.19000000e-09  3.29984426e+00  7.19000000e-09  1.39760458e-01  7.19000000e-09  1.39788106e-01  7.19000000e-09  3.30000000e+00  7.19000000e-09  3.30000000e+00 
 7.21000000e-09 -1.19639722e-01  7.21000000e-09  3.29984643e+00  7.21000000e-09  1.38466859e-01  7.21000000e-09  1.38494202e-01  7.21000000e-09  3.30000000e+00  7.21000000e-09  3.30000000e+00 
 7.23000000e-09 -1.19721705e-01  7.23000000e-09  3.29984727e+00  7.23000000e-09  1.37185156e-01  7.23000000e-09  1.37212065e-01  7.23000000e-09  3.30000000e+00  7.23000000e-09  3.30000000e+00 
 7.25000000e-09 -1.19801611e-01  7.25000000e-09  3.29984941e+00  7.25000000e-09  1.35915069e-01  7.25000000e-09  1.35941686e-01  7.25000000e-09  3.30000000e+00  7.25000000e-09  3.30000000e+00 
 7.27000000e-09 -1.19882028e-01  7.27000000e-09  3.29985022e+00  7.27000000e-09  1.34656670e-01  7.27000000e-09  1.34682865e-01  7.27000000e-09  3.30000000e+00  7.27000000e-09  3.30000000e+00 
 7.29000000e-09 -1.19960385e-01  7.29000000e-09  3.29985233e+00  7.29000000e-09  1.33409681e-01  7.29000000e-09  1.33435595e-01  7.29000000e-09  3.30000000e+00  7.29000000e-09  3.30000000e+00 
 7.31000000e-09 -1.20039268e-01  7.31000000e-09  3.29985311e+00  7.31000000e-09  1.32174174e-01  7.31000000e-09  1.32199678e-01  7.31000000e-09  3.30000000e+00  7.31000000e-09  3.30000000e+00 
 7.33000000e-09 -1.20116107e-01  7.33000000e-09  3.29985519e+00  7.33000000e-09  1.30949874e-01  7.33000000e-09  1.30975110e-01  7.33000000e-09  3.30000000e+00  7.33000000e-09  3.30000000e+00 
 7.35000000e-09 -1.20193489e-01  7.35000000e-09  3.29985594e+00  7.35000000e-09  1.29736856e-01  7.35000000e-09  1.29761692e-01  7.35000000e-09  3.30000000e+00  7.35000000e-09  3.30000000e+00 
 7.37000000e-09 -1.20268841e-01  7.37000000e-09  3.29985799e+00  7.37000000e-09  1.28534843e-01  7.37000000e-09  1.28559423e-01  7.37000000e-09  3.30000000e+00  7.37000000e-09  3.30000000e+00 
 7.39000000e-09 -1.20344752e-01  7.39000000e-09  3.29985871e+00  7.39000000e-09  1.27343915e-01  7.39000000e-09  1.27368106e-01  7.39000000e-09  3.30000000e+00  7.39000000e-09  3.30000000e+00 
 7.41000000e-09 -1.20418648e-01  7.41000000e-09  3.29986073e+00  7.41000000e-09  1.26163796e-01  7.41000000e-09  1.26187740e-01  7.41000000e-09  3.30000000e+00  7.41000000e-09  3.30000000e+00 
 7.43000000e-09 -1.20493117e-01  7.43000000e-09  3.29986142e+00  7.43000000e-09  1.24994566e-01  7.43000000e-09  1.25018132e-01  7.43000000e-09  3.30000000e+00  7.43000000e-09  3.30000000e+00 
 7.45000000e-09 -1.20565587e-01  7.45000000e-09  3.29986341e+00  7.45000000e-09  1.23835953e-01  7.45000000e-09  1.23859282e-01  7.45000000e-09  3.30000000e+00  7.45000000e-09  3.30000000e+00 
 7.47000000e-09 -1.20638644e-01  7.47000000e-09  3.29986408e+00  7.47000000e-09  1.22688036e-01  7.47000000e-09  1.22710998e-01  7.47000000e-09  3.30000000e+00  7.47000000e-09  3.30000000e+00 
 7.49000000e-09 -1.20709717e-01  7.49000000e-09  3.29986604e+00  7.49000000e-09  1.21550547e-01  7.49000000e-09  1.21573282e-01  7.49000000e-09  3.30000000e+00  7.49000000e-09  3.30000000e+00 
 7.51000000e-09 -1.20781390e-01  7.51000000e-09  3.29986668e+00  7.51000000e-09  1.20423566e-01  7.51000000e-09  1.20445943e-01  7.51000000e-09  3.30000000e+00  7.51000000e-09  3.30000000e+00 
 7.53000000e-09 -1.20851093e-01  7.53000000e-09  3.29986861e+00  7.53000000e-09  1.19306825e-01  7.53000000e-09  1.19328985e-01  7.53000000e-09  3.30000000e+00  7.53000000e-09  3.30000000e+00 
 7.55000000e-09 -1.20921411e-01  7.55000000e-09  3.29986923e+00  7.55000000e-09  1.18200408e-01  7.55000000e-09  1.18222218e-01  7.55000000e-09  3.30000000e+00  7.55000000e-09  3.30000000e+00 
 7.57000000e-09 -1.20989773e-01  7.57000000e-09  3.29987114e+00  7.57000000e-09  1.17104047e-01  7.57000000e-09  1.17125649e-01  7.57000000e-09  3.30000000e+00  7.57000000e-09  3.30000000e+00 
 7.59000000e-09 -1.21058762e-01  7.59000000e-09  3.29987172e+00  7.59000000e-09  1.16017827e-01  7.59000000e-09  1.16039089e-01  7.59000000e-09  3.30000000e+00  7.59000000e-09  3.30000000e+00 
 7.61000000e-09 -1.21125809e-01  7.61000000e-09  3.29987361e+00  7.61000000e-09  1.14941483e-01  7.61000000e-09  1.14962545e-01  7.61000000e-09  3.30000000e+00  7.61000000e-09  3.30000000e+00 
 7.63000000e-09 -1.21193496e-01  7.63000000e-09  3.29987417e+00  7.63000000e-09  1.13875101e-01  7.63000000e-09  1.13895831e-01  7.63000000e-09  3.30000000e+00  7.63000000e-09  3.30000000e+00 
 7.65000000e-09 -1.21259254e-01  7.65000000e-09  3.29987603e+00  7.65000000e-09  1.12818417e-01  7.65000000e-09  1.12838956e-01  7.65000000e-09  3.30000000e+00  7.65000000e-09  3.30000000e+00 
 7.67000000e-09 -1.21325666e-01  7.67000000e-09  3.29987657e+00  7.67000000e-09  1.11771519e-01  7.67000000e-09  1.11791734e-01  7.67000000e-09  3.30000000e+00  7.67000000e-09  3.30000000e+00 
 7.69000000e-09 -1.21390160e-01  7.69000000e-09  3.29987840e+00  7.69000000e-09  1.10734146e-01  7.69000000e-09  1.10754177e-01  7.69000000e-09  3.30000000e+00  7.69000000e-09  3.30000000e+00 
 7.71000000e-09 -1.21455321e-01  7.71000000e-09  3.29987891e+00  7.71000000e-09  1.09706385e-01  7.71000000e-09  1.09726100e-01  7.71000000e-09  3.30000000e+00  7.71000000e-09  3.30000000e+00 
 7.73000000e-09 -1.21518578e-01  7.73000000e-09  3.29988073e+00  7.73000000e-09  1.08687976e-01  7.73000000e-09  1.08707515e-01  7.73000000e-09  3.30000000e+00  7.73000000e-09  3.30000000e+00 
 7.75000000e-09 -1.21582513e-01  7.75000000e-09  3.29988121e+00  7.75000000e-09  1.07679010e-01  7.75000000e-09  1.07698241e-01  7.75000000e-09  3.30000000e+00  7.75000000e-09  3.30000000e+00 
 7.77000000e-09 -1.21644555e-01  7.77000000e-09  3.29988300e+00  7.77000000e-09  1.06679227e-01  7.77000000e-09  1.06698290e-01  7.77000000e-09  3.30000000e+00  7.77000000e-09  3.30000000e+00 
 7.79000000e-09 -1.21707289e-01  7.79000000e-09  3.29988347e+00  7.79000000e-09  1.05688720e-01  7.79000000e-09  1.05707482e-01  7.79000000e-09  3.30000000e+00  7.79000000e-09  3.30000000e+00 
 7.81000000e-09 -1.21768142e-01  7.81000000e-09  3.29988524e+00  7.81000000e-09  1.04707231e-01  7.81000000e-09  1.04725831e-01  7.81000000e-09  3.30000000e+00  7.81000000e-09  3.30000000e+00 
 7.83000000e-09 -1.21829697e-01  7.83000000e-09  3.29988568e+00  7.83000000e-09  1.03734852e-01  7.83000000e-09  1.03753159e-01  7.83000000e-09  3.30000000e+00  7.83000000e-09  3.30000000e+00 
 7.85000000e-09 -1.21889384e-01  7.85000000e-09  3.29988743e+00  7.85000000e-09  1.02771329e-01  7.85000000e-09  1.02789480e-01  7.85000000e-09  3.30000000e+00  7.85000000e-09  3.30000000e+00 
 7.87000000e-09 -1.21949784e-01  7.87000000e-09  3.29988785e+00  7.87000000e-09  1.01816755e-01  7.87000000e-09  1.01834619e-01  7.87000000e-09  3.30000000e+00  7.87000000e-09  3.30000000e+00 
 7.88500000e-09 -1.21993583e-01  7.88500000e-09  3.29988930e+00  7.88500000e-09  1.01106517e-01  7.88500000e-09  1.01124287e-01  7.88500000e-09  3.30000000e+00  7.88500000e-09  3.30000000e+00 
 7.90000000e-09 -1.22038353e-01  7.90000000e-09  3.29988944e+00  7.90000000e-09  1.00401273e-01  7.90000000e-09  1.00418814e-01  7.90000000e-09  3.30000000e+00  7.90000000e-09  3.30000000e+00 
 7.90200000e-09 -1.27707462e-01  7.90200000e-09  3.29332183e+00  7.90200000e-09  1.00254785e-01  7.90200000e-09  1.00268732e-01  7.90200000e-09  3.30000000e+00  7.90200000e-09  3.23400000e+00 
 7.90600000e-09 -1.38290990e-01  7.90600000e-09  3.28026494e+00  7.90600000e-09  9.99782434e-02  7.90600000e-09  9.99818681e-02  7.90600000e-09  3.30000000e+00  7.90600000e-09  3.10200000e+00 
 7.91400000e-09 -1.60424213e-01  7.91400000e-09  3.25197386e+00  7.91400000e-09  9.94777986e-02  7.91400000e-09  9.94519190e-02  7.91400000e-09  3.30000000e+00  7.91400000e-09  2.83800000e+00 
 7.93000000e-09 -2.28123616e-01  7.93000000e-09  3.14718697e+00  7.93000000e-09  9.84952808e-02  7.93000000e-09  9.83700439e-02  7.93000000e-09  3.30000000e+00  7.93000000e-09  2.31000000e+00 
 7.95000000e-09 -6.44287652e-02  7.95000000e-09  3.11357277e+00  7.95000000e-09  9.83904589e-02  7.95000000e-09  9.83197284e-02  7.95000000e-09  3.30000000e+00  7.95000000e-09  1.65000000e+00 
 7.97000000e-09  6.28704339e-01  7.97000000e-09  3.22855432e+00  7.97000000e-09  9.99025513e-02  7.97000000e-09  1.00120047e-01  7.97000000e-09  3.30000000e+00  7.97000000e-09  9.90000000e-01 
 7.98500000e-09  1.56448159e+00  7.98500000e-09  3.33557066e+00  7.98500000e-09  1.01553970e-01  7.98500000e-09  1.01868799e-01  7.98500000e-09  3.30000000e+00  7.98500000e-09  4.95000000e-01 
 8.00000000e-09  2.51152513e+00  8.00000000e-09  3.36037252e+00  8.00000000e-09  1.02980635e-01  8.00000000e-09  1.03016780e-01  8.00000000e-09  3.30000000e+00  8.00000000e-09  0.00000000e+00 
 8.00200000e-09  2.62696266e+00  8.00200000e-09  3.37072985e+00  8.00200000e-09  1.03100219e-01  8.00200000e-09  1.03090528e-01  8.00200000e-09  3.30000000e+00  8.00200000e-09  0.00000000e+00 
 8.00600000e-09  2.82730057e+00  8.00600000e-09  3.37673083e+00  8.00600000e-09  1.03227505e-01  8.00600000e-09  1.03161286e-01  8.00600000e-09  3.30000000e+00  8.00600000e-09  0.00000000e+00 
 8.01400000e-09  3.08291623e+00  8.01400000e-09  3.35577569e+00  8.01400000e-09  1.03075540e-01  8.01400000e-09  1.02989582e-01  8.01400000e-09  3.30000000e+00  8.01400000e-09  0.00000000e+00 
 8.03000000e-09  3.27175940e+00  8.03000000e-09  3.31931729e+00  8.03000000e-09  1.02148669e-01  8.03000000e-09  1.02100682e-01  8.03000000e-09  3.30000000e+00  8.03000000e-09  0.00000000e+00 
 8.05000000e-09  3.30053305e+00  8.05000000e-09  3.30261083e+00  8.05000000e-09  1.00899000e-01  8.05000000e-09  1.00896552e-01  8.05000000e-09  3.30000000e+00  8.05000000e-09  0.00000000e+00 
 8.07000000e-09  3.30021191e+00  8.07000000e-09  3.30025661e+00  8.07000000e-09  9.98640372e-02  8.07000000e-09  9.98762590e-02  8.07000000e-09  3.30000000e+00  8.07000000e-09  0.00000000e+00 
 8.09000000e-09  3.30003695e+00  8.09000000e-09  3.30004130e+00  8.09000000e-09  9.89180806e-02  8.09000000e-09  9.89334581e-02  8.09000000e-09  3.30000000e+00  8.09000000e-09  0.00000000e+00 
 8.11000000e-09  3.30000625e+00  8.11000000e-09  3.30000644e+00  8.11000000e-09  9.79947299e-02  8.11000000e-09  9.80107983e-02  8.11000000e-09  3.30000000e+00  8.11000000e-09  0.00000000e+00 
 8.13000000e-09  3.30000060e+00  8.13000000e-09  3.30000110e+00  8.13000000e-09  9.70822717e-02  8.13000000e-09  9.70984447e-02  8.13000000e-09  3.30000000e+00  8.13000000e-09  0.00000000e+00 
 8.15000000e-09  3.30000051e+00  8.15000000e-09  3.30000013e+00  8.15000000e-09  9.61786218e-02  8.15000000e-09  9.61947311e-02  8.15000000e-09  3.30000000e+00  8.15000000e-09  0.00000000e+00 
 8.17000000e-09  3.29999967e+00  8.17000000e-09  3.30000007e+00  8.17000000e-09  9.52834195e-02  8.17000000e-09  9.52993897e-02  8.17000000e-09  3.30000000e+00  8.17000000e-09  0.00000000e+00 
 8.19000000e-09  3.30000031e+00  8.19000000e-09  3.29999996e+00  8.19000000e-09  9.43964749e-02  8.19000000e-09  9.44122860e-02  8.19000000e-09  3.30000000e+00  8.19000000e-09  0.00000000e+00 
 8.21000000e-09  3.29999963e+00  8.21000000e-09  3.30000005e+00  8.21000000e-09  9.35177481e-02  8.21000000e-09  9.35333802e-02  8.21000000e-09  3.30000000e+00  8.21000000e-09  0.00000000e+00 
 8.23000000e-09  3.30000030e+00  8.23000000e-09  3.29999995e+00  8.23000000e-09  9.26471098e-02  8.23000000e-09  9.26625671e-02  8.23000000e-09  3.30000000e+00  8.23000000e-09  0.00000000e+00 
 8.25000000e-09  3.29999963e+00  8.25000000e-09  3.30000005e+00  8.25000000e-09  9.17845349e-02  8.25000000e-09  9.17998087e-02  8.25000000e-09  3.30000000e+00  8.25000000e-09  0.00000000e+00 
 8.27000000e-09  3.30000030e+00  8.27000000e-09  3.29999995e+00  8.27000000e-09  9.09298994e-02  8.27000000e-09  9.09449989e-02  8.27000000e-09  3.30000000e+00  8.27000000e-09  0.00000000e+00 
 8.29000000e-09  3.29999963e+00  8.29000000e-09  3.30000005e+00  8.29000000e-09  9.00831811e-02  8.29000000e-09  9.00980999e-02  8.29000000e-09  3.30000000e+00  8.29000000e-09  0.00000000e+00 
 8.31000000e-09  3.30000030e+00  8.31000000e-09  3.29999995e+00  8.31000000e-09  8.92442579e-02  8.31000000e-09  8.92590064e-02  8.31000000e-09  3.30000000e+00  8.31000000e-09  0.00000000e+00 
 8.33000000e-09  3.29999963e+00  8.33000000e-09  3.30000005e+00  8.33000000e-09  8.84131091e-02  8.33000000e-09  8.84276814e-02  8.33000000e-09  3.30000000e+00  8.33000000e-09  0.00000000e+00 
 8.35000000e-09  3.30000030e+00  8.35000000e-09  3.29999995e+00  8.35000000e-09  8.75896141e-02  8.35000000e-09  8.76040208e-02  8.35000000e-09  3.30000000e+00  8.35000000e-09  0.00000000e+00 
 8.37000000e-09  3.29999963e+00  8.37000000e-09  3.30000005e+00  8.37000000e-09  8.67737533e-02  8.37000000e-09  8.67879885e-02  8.37000000e-09  3.30000000e+00  8.37000000e-09  0.00000000e+00 
 8.39000000e-09  3.30000030e+00  8.39000000e-09  3.29999995e+00  8.39000000e-09  8.59654076e-02  8.39000000e-09  8.59794818e-02  8.39000000e-09  3.30000000e+00  8.39000000e-09  0.00000000e+00 
 8.41000000e-09  3.29999963e+00  8.41000000e-09  3.30000005e+00  8.41000000e-09  8.51645585e-02  8.41000000e-09  8.51784659e-02  8.41000000e-09  3.30000000e+00  8.41000000e-09  0.00000000e+00 
 8.43000000e-09  3.30000030e+00  8.43000000e-09  3.29999995e+00  8.43000000e-09  8.43710880e-02  8.43000000e-09  8.43848390e-02  8.43000000e-09  3.30000000e+00  8.43000000e-09  0.00000000e+00 
 8.45000000e-09  3.29999963e+00  8.45000000e-09  3.30000005e+00  8.45000000e-09  8.35849790e-02  8.45000000e-09  8.35985677e-02  8.45000000e-09  3.30000000e+00  8.45000000e-09  0.00000000e+00 
 8.47000000e-09  3.30000030e+00  8.47000000e-09  3.29999995e+00  8.47000000e-09  8.28061146e-02  8.47000000e-09  8.28195514e-02  8.47000000e-09  3.30000000e+00  8.47000000e-09  0.00000000e+00 
 8.49000000e-09  3.29999963e+00  8.49000000e-09  3.30000004e+00  8.49000000e-09  8.20344789e-02  8.49000000e-09  8.20477576e-02  8.49000000e-09  3.30000000e+00  8.49000000e-09  0.00000000e+00 
 8.51000000e-09  3.30000030e+00  8.51000000e-09  3.29999995e+00  8.51000000e-09  8.12699561e-02  8.51000000e-09  8.12830872e-02  8.51000000e-09  3.30000000e+00  8.51000000e-09  0.00000000e+00 
 8.53000000e-09  3.29999963e+00  8.53000000e-09  3.30000004e+00  8.53000000e-09  8.05125315e-02  8.53000000e-09  8.05255088e-02  8.53000000e-09  3.30000000e+00  8.53000000e-09  0.00000000e+00 
 8.55000000e-09  3.30000030e+00  8.55000000e-09  3.29999995e+00  8.55000000e-09  7.97620905e-02  8.55000000e-09  7.97749243e-02  8.55000000e-09  3.30000000e+00  8.55000000e-09  0.00000000e+00 
 8.57000000e-09  3.29999963e+00  8.57000000e-09  3.30000004e+00  8.57000000e-09  7.90186194e-02  8.57000000e-09  7.90313035e-02  8.57000000e-09  3.30000000e+00  8.57000000e-09  0.00000000e+00 
 8.59000000e-09  3.30000030e+00  8.59000000e-09  3.29999995e+00  8.59000000e-09  7.82820049e-02  8.59000000e-09  7.82945494e-02  8.59000000e-09  3.30000000e+00  8.59000000e-09  0.00000000e+00 
 8.61000000e-09  3.29999963e+00  8.61000000e-09  3.30000004e+00  8.61000000e-09  7.75522342e-02  8.61000000e-09  7.75646330e-02  8.61000000e-09  3.30000000e+00  8.61000000e-09  0.00000000e+00 
 8.63000000e-09  3.30000030e+00  8.63000000e-09  3.29999995e+00  8.63000000e-09  7.68291953e-02  8.63000000e-09  7.68414583e-02  8.63000000e-09  3.30000000e+00  8.63000000e-09  0.00000000e+00 
 8.65000000e-09  3.29999963e+00  8.65000000e-09  3.30000004e+00  8.65000000e-09  7.61128764e-02  8.65000000e-09  7.61249975e-02  8.65000000e-09  3.30000000e+00  8.65000000e-09  0.00000000e+00 
 8.67000000e-09  3.30000030e+00  8.67000000e-09  3.29999995e+00  8.67000000e-09  7.54031665e-02  8.67000000e-09  7.54151557e-02  8.67000000e-09  3.30000000e+00  8.67000000e-09  0.00000000e+00 
 8.69000000e-09  3.29999963e+00  8.69000000e-09  3.30000004e+00  8.69000000e-09  7.47000551e-02  8.69000000e-09  7.47119060e-02  8.69000000e-09  3.30000000e+00  8.69000000e-09  0.00000000e+00 
 8.71000000e-09  3.30000030e+00  8.71000000e-09  3.29999995e+00  8.71000000e-09  7.40034323e-02  8.71000000e-09  7.40151548e-02  8.71000000e-09  3.30000000e+00  8.71000000e-09  0.00000000e+00 
 8.73000000e-09  3.29999964e+00  8.73000000e-09  3.30000004e+00  8.73000000e-09  7.33132884e-02  8.73000000e-09  7.33248762e-02  8.73000000e-09  3.30000000e+00  8.73000000e-09  0.00000000e+00 
 8.75000000e-09  3.30000030e+00  8.75000000e-09  3.29999995e+00  8.75000000e-09  7.26295147e-02  8.75000000e-09  7.26409776e-02  8.75000000e-09  3.30000000e+00  8.75000000e-09  0.00000000e+00 
 8.77000000e-09  3.29999964e+00  8.77000000e-09  3.30000004e+00  8.77000000e-09  7.19521025e-02  8.77000000e-09  7.19634342e-02  8.77000000e-09  3.30000000e+00  8.77000000e-09  0.00000000e+00 
 8.79000000e-09  3.30000030e+00  8.79000000e-09  3.29999995e+00  8.79000000e-09  7.12809442e-02  8.79000000e-09  7.12921544e-02  8.79000000e-09  3.30000000e+00  8.79000000e-09  0.00000000e+00 
 8.81000000e-09  3.29999964e+00  8.81000000e-09  3.30000004e+00  8.81000000e-09  7.06160321e-02  8.81000000e-09  7.06271145e-02  8.81000000e-09  3.30000000e+00  8.81000000e-09  0.00000000e+00 
 8.83000000e-09  3.30000030e+00  8.83000000e-09  3.29999995e+00  8.83000000e-09  6.99572597e-02  8.83000000e-09  6.99682238e-02  8.83000000e-09  3.30000000e+00  8.83000000e-09  0.00000000e+00 
 8.85000000e-09  3.29999964e+00  8.85000000e-09  3.30000004e+00  8.85000000e-09  6.93046202e-02  8.85000000e-09  6.93154597e-02  8.85000000e-09  3.30000000e+00  8.85000000e-09  0.00000000e+00 
 8.87000000e-09  3.30000030e+00  8.87000000e-09  3.29999995e+00  8.87000000e-09  6.86580081e-02  8.87000000e-09  6.86687325e-02  8.87000000e-09  3.30000000e+00  8.87000000e-09  0.00000000e+00 
 8.89000000e-09  3.29999964e+00  8.89000000e-09  3.30000004e+00  8.89000000e-09  6.80174177e-02  8.89000000e-09  6.80280205e-02  8.89000000e-09  3.30000000e+00  8.89000000e-09  0.00000000e+00 
 8.91000000e-09  3.30000029e+00  8.91000000e-09  3.29999995e+00  8.91000000e-09  6.73827443e-02  8.91000000e-09  6.73932353e-02  8.91000000e-09  3.30000000e+00  8.91000000e-09  0.00000000e+00 
 8.93000000e-09  3.29999964e+00  8.93000000e-09  3.30000004e+00  8.93000000e-09  6.67539834e-02  8.93000000e-09  6.67643558e-02  8.93000000e-09  3.30000000e+00  8.93000000e-09  0.00000000e+00 
 8.95000000e-09  3.30000029e+00  8.95000000e-09  3.29999995e+00  8.95000000e-09  6.61310313e-02  8.95000000e-09  6.61412948e-02  8.95000000e-09  3.30000000e+00  8.95000000e-09  0.00000000e+00 
 8.97000000e-09  3.29999964e+00  8.97000000e-09  3.30000004e+00  8.97000000e-09  6.55138842e-02  8.97000000e-09  6.55240320e-02  8.97000000e-09  3.30000000e+00  8.97000000e-09  0.00000000e+00 
 8.99000000e-09  3.30000029e+00  8.99000000e-09  3.29999995e+00  8.99000000e-09  6.49024395e-02  8.99000000e-09  6.49124813e-02  8.99000000e-09  3.30000000e+00  8.99000000e-09  0.00000000e+00 
 9.01000000e-09  3.29999964e+00  9.01000000e-09  3.30000004e+00  9.01000000e-09  6.42966943e-02  9.01000000e-09  6.43066234e-02  9.01000000e-09  3.30000000e+00  9.01000000e-09  0.00000000e+00 
 9.03000000e-09  3.30000029e+00  9.03000000e-09  3.29999995e+00  9.03000000e-09  6.36965471e-02  9.03000000e-09  6.37063729e-02  9.03000000e-09  3.30000000e+00  9.03000000e-09  0.00000000e+00 
 9.05000000e-09  3.29999964e+00  9.05000000e-09  3.30000004e+00  9.05000000e-09  6.31019958e-02  9.05000000e-09  6.31117116e-02  9.05000000e-09  3.30000000e+00  9.05000000e-09  0.00000000e+00 
 9.07000000e-09  3.30000029e+00  9.07000000e-09  3.29999995e+00  9.07000000e-09  6.25129398e-02  9.07000000e-09  6.25225551e-02  9.07000000e-09  3.30000000e+00  9.07000000e-09  0.00000000e+00 
 9.09000000e-09  3.29999964e+00  9.09000000e-09  3.30000004e+00  9.09000000e-09  6.19293780e-02  9.09000000e-09  6.19388859e-02  9.09000000e-09  3.30000000e+00  9.09000000e-09  0.00000000e+00 
 9.11000000e-09  3.30000029e+00  9.11000000e-09  3.29999995e+00  9.11000000e-09  6.13512106e-02  9.11000000e-09  6.13606207e-02  9.11000000e-09  3.30000000e+00  9.11000000e-09  0.00000000e+00 
 9.13000000e-09  3.29999964e+00  9.13000000e-09  3.30000004e+00  9.13000000e-09  6.07784375e-02  9.13000000e-09  6.07877428e-02  9.13000000e-09  3.30000000e+00  9.13000000e-09  0.00000000e+00 
 9.15000000e-09  3.30000029e+00  9.15000000e-09  3.29999995e+00  9.15000000e-09  6.02109598e-02  9.15000000e-09  6.02201698e-02  9.15000000e-09  3.30000000e+00  9.15000000e-09  0.00000000e+00 
 9.17000000e-09  3.29999964e+00  9.17000000e-09  3.30000004e+00  9.17000000e-09  5.96487782e-02  9.17000000e-09  5.96578860e-02  9.17000000e-09  3.30000000e+00  9.17000000e-09  0.00000000e+00 
 9.19000000e-09  3.30000029e+00  9.19000000e-09  3.29999995e+00  9.19000000e-09  5.90917948e-02  9.19000000e-09  5.91008097e-02  9.19000000e-09  3.30000000e+00  9.19000000e-09  0.00000000e+00 
 9.21000000e-09  3.29999964e+00  9.21000000e-09  3.30000004e+00  9.21000000e-09  5.85400110e-02  9.21000000e-09  5.85489262e-02  9.21000000e-09  3.30000000e+00  9.21000000e-09  0.00000000e+00 
 9.23000000e-09  3.30000029e+00  9.23000000e-09  3.29999995e+00  9.23000000e-09  5.79933299e-02  9.23000000e-09  5.80021546e-02  9.23000000e-09  3.30000000e+00  9.23000000e-09  0.00000000e+00 
 9.25000000e-09  3.29999964e+00  9.25000000e-09  3.30000004e+00  9.25000000e-09  5.74517537e-02  9.25000000e-09  5.74604811e-02  9.25000000e-09  3.30000000e+00  9.25000000e-09  0.00000000e+00 
 9.27000000e-09  3.30000029e+00  9.27000000e-09  3.29999995e+00  9.27000000e-09  5.69151864e-02  9.27000000e-09  5.69238256e-02  9.27000000e-09  3.30000000e+00  9.27000000e-09  0.00000000e+00 
 9.29000000e-09  3.29999964e+00  9.29000000e-09  3.30000004e+00  9.29000000e-09  5.63836311e-02  9.29000000e-09  5.63921752e-02  9.29000000e-09  3.30000000e+00  9.29000000e-09  0.00000000e+00 
 9.31000000e-09  3.30000029e+00  9.31000000e-09  3.29999995e+00  9.31000000e-09  5.58569925e-02  9.31000000e-09  5.58654507e-02  9.31000000e-09  3.30000000e+00  9.31000000e-09  0.00000000e+00 
 9.33000000e-09  3.29999964e+00  9.33000000e-09  3.30000004e+00  9.33000000e-09  5.53352744e-02  9.33000000e-09  5.53436398e-02  9.33000000e-09  3.30000000e+00  9.33000000e-09  0.00000000e+00 
 9.35000000e-09  3.30000029e+00  9.35000000e-09  3.29999995e+00  9.35000000e-09  5.48183826e-02  9.35000000e-09  5.48266643e-02  9.35000000e-09  3.30000000e+00  9.35000000e-09  0.00000000e+00 
 9.37000000e-09  3.29999964e+00  9.37000000e-09  3.30000004e+00  9.37000000e-09  5.43063217e-02  9.37000000e-09  5.43145127e-02  9.37000000e-09  3.30000000e+00  9.37000000e-09  0.00000000e+00 
 9.39000000e-09  3.30000029e+00  9.39000000e-09  3.29999995e+00  9.39000000e-09  5.37989981e-02  9.39000000e-09  5.38071076e-02  9.39000000e-09  3.30000000e+00  9.39000000e-09  0.00000000e+00 
 9.41000000e-09  3.29999964e+00  9.41000000e-09  3.30000004e+00  9.41000000e-09  5.32964173e-02  9.41000000e-09  5.33044383e-02  9.41000000e-09  3.30000000e+00  9.41000000e-09  0.00000000e+00 
 9.43000000e-09  3.30000029e+00  9.43000000e-09  3.29999995e+00  9.43000000e-09  5.27984867e-02  9.43000000e-09  5.28064281e-02  9.43000000e-09  3.30000000e+00  9.43000000e-09  0.00000000e+00 
 9.45000000e-09  3.29999964e+00  9.45000000e-09  3.30000004e+00  9.45000000e-09  5.23052122e-02  9.45000000e-09  5.23130672e-02  9.45000000e-09  3.30000000e+00  9.45000000e-09  0.00000000e+00 
 9.47000000e-09  3.30000029e+00  9.47000000e-09  3.29999995e+00  9.47000000e-09  5.18165022e-02  9.47000000e-09  5.18242797e-02  9.47000000e-09  3.30000000e+00  9.47000000e-09  0.00000000e+00 
 9.49000000e-09  3.29999964e+00  9.49000000e-09  3.30000004e+00  9.49000000e-09  5.13323634e-02  9.49000000e-09  5.13400564e-02  9.49000000e-09  3.30000000e+00  9.49000000e-09  0.00000000e+00 
 9.51000000e-09  3.30000029e+00  9.51000000e-09  3.29999995e+00  9.51000000e-09  5.08527049e-02  9.51000000e-09  5.08603224e-02  9.51000000e-09  3.30000000e+00  9.51000000e-09  0.00000000e+00 
 9.53000000e-09  3.29999964e+00  9.53000000e-09  3.30000004e+00  9.53000000e-09  5.03775342e-02  9.53000000e-09  5.03850691e-02  9.53000000e-09  3.30000000e+00  9.53000000e-09  0.00000000e+00 
 9.55000000e-09  3.30000029e+00  9.55000000e-09  3.29999995e+00  9.55000000e-09  4.99067610e-02  9.55000000e-09  4.99142223e-02  9.55000000e-09  3.30000000e+00  9.55000000e-09  0.00000000e+00 
 9.57000000e-09  3.29999964e+00  9.57000000e-09  3.30000004e+00  9.57000000e-09  4.94403938e-02  9.57000000e-09  4.94477744e-02  9.57000000e-09  3.30000000e+00  9.57000000e-09  0.00000000e+00 
 9.59000000e-09  3.30000029e+00  9.59000000e-09  3.29999995e+00  9.59000000e-09  4.89783429e-02  9.59000000e-09  4.89856518e-02  9.59000000e-09  3.30000000e+00  9.59000000e-09  0.00000000e+00 
 9.61000000e-09  3.29999964e+00  9.61000000e-09  3.30000004e+00  9.61000000e-09  4.85206175e-02  9.61000000e-09  4.85278475e-02  9.61000000e-09  3.30000000e+00  9.61000000e-09  0.00000000e+00 
 9.63000000e-09  3.30000029e+00  9.63000000e-09  3.29999995e+00  9.63000000e-09  4.80671287e-02  9.63000000e-09  4.80742888e-02  9.63000000e-09  3.30000000e+00  9.63000000e-09  0.00000000e+00 
 9.65000000e-09  3.29999964e+00  9.65000000e-09  3.30000004e+00  9.65000000e-09  4.76178863e-02  9.65000000e-09  4.76249693e-02  9.65000000e-09  3.30000000e+00  9.65000000e-09  0.00000000e+00 
 9.67000000e-09  3.30000029e+00  9.67000000e-09  3.29999995e+00  9.67000000e-09  4.71728024e-02  9.67000000e-09  4.71798172e-02  9.67000000e-09  3.30000000e+00  9.67000000e-09  0.00000000e+00 
 9.69000000e-09  3.29999964e+00  9.69000000e-09  3.30000004e+00  9.69000000e-09  4.67318873e-02  9.69000000e-09  4.67388267e-02  9.69000000e-09  3.30000000e+00  9.69000000e-09  0.00000000e+00 
 9.71000000e-09  3.30000029e+00  9.71000000e-09  3.29999995e+00  9.71000000e-09  4.62950537e-02  9.71000000e-09  4.63019266e-02  9.71000000e-09  3.30000000e+00  9.71000000e-09  0.00000000e+00 
 9.73000000e-09  3.29999964e+00  9.73000000e-09  3.30000004e+00  9.73000000e-09  4.58623127e-02  9.73000000e-09  4.58691119e-02  9.73000000e-09  3.30000000e+00  9.73000000e-09  0.00000000e+00 
 9.75000000e-09  3.30000029e+00  9.75000000e-09  3.29999995e+00  9.75000000e-09  4.54335778e-02  9.75000000e-09  4.54403121e-02  9.75000000e-09  3.30000000e+00  9.75000000e-09  0.00000000e+00 
 9.77000000e-09  3.29999964e+00  9.77000000e-09  3.30000004e+00  9.77000000e-09  4.50088607e-02  9.77000000e-09  4.50155230e-02  9.77000000e-09  3.30000000e+00  9.77000000e-09  0.00000000e+00 
 9.79000000e-09  3.30000029e+00  9.79000000e-09  3.29999995e+00  9.79000000e-09  4.45880756e-02  9.79000000e-09  4.45946746e-02  9.79000000e-09  3.30000000e+00  9.79000000e-09  0.00000000e+00 
 9.81000000e-09  3.29999964e+00  9.81000000e-09  3.30000004e+00  9.81000000e-09  4.41712347e-02  9.81000000e-09  4.41777633e-02  9.81000000e-09  3.30000000e+00  9.81000000e-09  0.00000000e+00 
 9.83000000e-09  3.30000029e+00  9.83000000e-09  3.29999995e+00  9.83000000e-09  4.37582531e-02  9.83000000e-09  4.37647200e-02  9.83000000e-09  3.30000000e+00  9.83000000e-09  0.00000000e+00 
 9.85000000e-09  3.29999964e+00  9.85000000e-09  3.30000004e+00  9.85000000e-09  4.33491436e-02  9.85000000e-09  4.33555416e-02  9.85000000e-09  3.30000000e+00  9.85000000e-09  0.00000000e+00 
 9.87000000e-09  3.30000029e+00  9.87000000e-09  3.29999995e+00  9.87000000e-09  4.29438219e-02  9.87000000e-09  4.29501597e-02  9.87000000e-09  3.30000000e+00  9.87000000e-09  0.00000000e+00 
 9.89000000e-09  3.29999964e+00  9.89000000e-09  3.30000004e+00  9.89000000e-09  4.25423015e-02  9.89000000e-09  4.25485719e-02  9.89000000e-09  3.30000000e+00  9.89000000e-09  0.00000000e+00 
 9.91000000e-09  3.30000029e+00  9.91000000e-09  3.29999995e+00  9.91000000e-09  4.21444987e-02  9.91000000e-09  4.21507104e-02  9.91000000e-09  3.30000000e+00  9.91000000e-09  0.00000000e+00 
 9.93000000e-09  3.29999964e+00  9.93000000e-09  3.30000004e+00  9.93000000e-09  4.17504276e-02  9.93000000e-09  4.17565735e-02  9.93000000e-09  3.30000000e+00  9.93000000e-09  0.00000000e+00 
 9.95000000e-09  3.30000029e+00  9.95000000e-09  3.29999995e+00  9.95000000e-09  4.13600053e-02  9.95000000e-09  4.13660939e-02  9.95000000e-09  3.30000000e+00  9.95000000e-09  0.00000000e+00 
 9.97000000e-09  3.29999964e+00  9.97000000e-09  3.30000004e+00  9.97000000e-09  4.09732464e-02  9.97000000e-09  4.09792705e-02  9.97000000e-09  3.30000000e+00  9.97000000e-09  0.00000000e+00 
 9.99000000e-09  3.30000029e+00  9.99000000e-09  3.29999995e+00  9.99000000e-09  4.05900687e-02  9.99000000e-09  4.05960369e-02  9.99000000e-09  3.30000000e+00  9.99000000e-09  0.00000000e+00 
 1.00100000e-08  3.29999964e+00  1.00100000e-08  3.30000004e+00  1.00100000e-08  4.02104873e-02  1.00100000e-08  4.02163924e-02  1.00100000e-08  3.30000000e+00  1.00100000e-08  0.00000000e+00 
 1.00300000e-08  3.30000029e+00  1.00300000e-08  3.29999995e+00  1.00300000e-08  3.98344206e-02  1.00300000e-08  3.98402712e-02  1.00300000e-08  3.30000000e+00  1.00300000e-08  0.00000000e+00 
 1.00500000e-08  3.29999964e+00  1.00500000e-08  3.30000004e+00  1.00500000e-08  3.94618844e-02  1.00500000e-08  3.94676732e-02  1.00500000e-08  3.30000000e+00  1.00500000e-08  0.00000000e+00 
 1.00700000e-08  3.30000029e+00  1.00700000e-08  3.29999995e+00  1.00700000e-08  3.90927977e-02  1.00700000e-08  3.90985334e-02  1.00700000e-08  3.30000000e+00  1.00700000e-08  0.00000000e+00 
 1.00850000e-08  3.29999963e+00  1.00850000e-08  3.30000004e+00  1.00850000e-08  3.88182650e-02  1.00850000e-08  3.88239543e-02  1.00850000e-08  3.30000000e+00  1.00850000e-08  0.00000000e+00 
 1.01000000e-08  3.30000028e+00  1.01000000e-08  3.29999995e+00  1.01000000e-08  3.85456305e-02  1.01000000e-08  3.85512818e-02  1.01000000e-08  3.30000000e+00  1.01000000e-08  0.00000000e+00 
 1.01020000e-08  3.29999994e+00  1.01020000e-08  3.29999999e+00  1.01020000e-08  3.85048472e-02  1.01020000e-08  3.85109577e-02  1.01020000e-08  3.23400000e+00  1.01020000e-08  0.00000000e+00 
 1.01060000e-08  3.29999975e+00  1.01060000e-08  3.29999977e+00  1.01060000e-08  3.83009938e-02  1.01060000e-08  3.83086304e-02  1.01060000e-08  3.10200000e+00  1.01060000e-08  0.00000000e+00 
 1.01140000e-08  3.29999898e+00  1.01140000e-08  3.29999897e+00  1.01140000e-08  3.73176023e-02  1.01140000e-08  3.73301011e-02  1.01140000e-08  2.83800000e+00  1.01140000e-08  0.00000000e+00 
 1.01300000e-08  3.29999820e+00  1.01300000e-08  3.29999820e+00  1.01300000e-08  3.39270942e-02  1.01300000e-08  3.39474504e-02  1.01300000e-08  2.31000000e+00  1.01300000e-08  0.00000000e+00 
 1.01500000e-08  3.30000250e+00  1.01500000e-08  3.30000251e+00  1.01500000e-08  3.44515123e-02  1.01500000e-08  3.44873284e-02  1.01500000e-08  1.65000000e+00  1.01500000e-08  0.00000000e+00 
 1.01700000e-08  3.30000646e+00  1.01700000e-08  3.30000648e+00  1.01700000e-08  4.43793008e-02  1.01700000e-08  4.44592074e-02  1.01700000e-08  9.90000000e-01  1.01700000e-08  0.00000000e+00 
 1.01850000e-08  3.30000695e+00  1.01850000e-08  3.30000697e+00  1.01850000e-08  5.82759323e-02  1.01850000e-08  5.84101260e-02  1.01850000e-08  4.95000000e-01  1.01850000e-08  0.00000000e+00 
 1.02000000e-08  3.30000788e+00  1.02000000e-08  3.30000790e+00  1.02000000e-08  7.86150796e-02  1.02000000e-08  7.88175728e-02  1.02000000e-08  0.00000000e+00  1.02000000e-08  0.00000000e+00 
 1.02020000e-08  3.30000846e+00  1.02020000e-08  3.30000848e+00  1.02020000e-08  8.21560943e-02  1.02020000e-08  8.23694183e-02  1.02020000e-08  0.00000000e+00  1.02020000e-08  0.00000000e+00 
 1.02060000e-08  3.30000838e+00  1.02060000e-08  3.30000840e+00  1.02060000e-08  8.89757919e-02  1.02060000e-08  8.92113288e-02  1.02060000e-08  0.00000000e+00  1.02060000e-08  0.00000000e+00 
 1.02140000e-08  3.30000499e+00  1.02140000e-08  3.30000501e+00  1.02140000e-08  1.01519859e-01  1.02140000e-08  1.01799974e-01  1.02140000e-08  0.00000000e+00  1.02140000e-08  0.00000000e+00 
 1.02300000e-08  3.30000002e+00  1.02300000e-08  3.30000002e+00  1.02300000e-08  1.24850824e-01  1.02300000e-08  1.25209691e-01  1.02300000e-08  0.00000000e+00  1.02300000e-08  0.00000000e+00 
 1.02500000e-08  3.29999956e+00  1.02500000e-08  3.29999955e+00  1.02500000e-08  1.53263134e-01  1.02500000e-08  1.53699632e-01  1.02500000e-08  0.00000000e+00  1.02500000e-08  0.00000000e+00 
 1.02700000e-08  3.30000018e+00  1.02700000e-08  3.30000017e+00  1.02700000e-08  1.81823078e-01  1.02700000e-08  1.82324404e-01  1.02700000e-08  0.00000000e+00  1.02700000e-08  0.00000000e+00 
 1.02900000e-08  3.30000033e+00  1.02900000e-08  3.30000033e+00  1.02900000e-08  2.10613419e-01  1.02900000e-08  2.11177509e-01  1.02900000e-08  0.00000000e+00  1.02900000e-08  0.00000000e+00 
 1.03100000e-08  3.30000041e+00  1.03100000e-08  3.30000042e+00  1.03100000e-08  2.39645555e-01  1.03100000e-08  2.40276512e-01  1.03100000e-08  0.00000000e+00  1.03100000e-08  0.00000000e+00 
 1.03300000e-08  3.30000051e+00  1.03300000e-08  3.30000052e+00  1.03300000e-08  2.68938412e-01  1.03300000e-08  2.69644458e-01  1.03300000e-08  0.00000000e+00  1.03300000e-08  0.00000000e+00 
 1.03500000e-08  3.30000063e+00  1.03500000e-08  3.30000064e+00  1.03500000e-08  2.98517571e-01  1.03500000e-08  2.99310478e-01  1.03500000e-08  0.00000000e+00  1.03500000e-08  0.00000000e+00 
 1.03700000e-08  3.30000079e+00  1.03700000e-08  3.30000081e+00  1.03700000e-08  3.28416970e-01  1.03700000e-08  3.29312343e-01  1.03700000e-08  0.00000000e+00  1.03700000e-08  0.00000000e+00 
 1.03900000e-08  3.30000099e+00  1.03900000e-08  3.30000103e+00  1.03900000e-08  3.58681800e-01  1.03900000e-08  3.59700017e-01  1.03900000e-08  0.00000000e+00  1.03900000e-08  0.00000000e+00 
 1.04100000e-08  3.30000126e+00  1.04100000e-08  3.30000131e+00  1.04100000e-08  3.89373054e-01  1.04100000e-08  3.90540966e-01  1.04100000e-08  0.00000000e+00  1.04100000e-08  0.00000000e+00 
 1.04300000e-08  3.30000160e+00  1.04300000e-08  3.30000167e+00  1.04300000e-08  4.20574859e-01  1.04300000e-08  4.21928619e-01  1.04300000e-08  0.00000000e+00  1.04300000e-08  0.00000000e+00 
 1.04500000e-08  3.30000201e+00  1.04500000e-08  3.30000211e+00  1.04500000e-08  4.52406606e-01  1.04500000e-08  4.53996498e-01  1.04500000e-08  0.00000000e+00  1.04500000e-08  0.00000000e+00 
 1.04700000e-08  3.30000249e+00  1.04700000e-08  3.30000264e+00  1.04700000e-08  4.85044205e-01  1.04700000e-08  4.86943352e-01  1.04700000e-08  0.00000000e+00  1.04700000e-08  0.00000000e+00 
 1.04900000e-08  3.30000303e+00  1.04900000e-08  3.30000327e+00  1.04900000e-08  5.18759599e-01  1.04900000e-08  5.21080936e-01  1.04900000e-08  0.00000000e+00  1.04900000e-08  0.00000000e+00 
 1.05100000e-08  3.30000364e+00  1.05100000e-08  3.30000406e+00  1.05100000e-08  5.54000266e-01  1.05100000e-08  5.56932772e-01  1.05100000e-08  0.00000000e+00  1.05100000e-08  0.00000000e+00 
 1.05300000e-08  3.30000446e+00  1.05300000e-08  3.30000526e+00  1.05300000e-08  5.91573126e-01  1.05300000e-08  5.95470328e-01  1.05300000e-08  0.00000000e+00  1.05300000e-08  0.00000000e+00 
 1.05500000e-08  3.30000590e+00  1.05500000e-08  3.30000761e+00  1.05500000e-08  6.33063409e-01  1.05500000e-08  6.38653466e-01  1.05500000e-08  0.00000000e+00  1.05500000e-08  0.00000000e+00 
 1.05700000e-08  3.30000918e+00  1.05700000e-08  3.30001298e+00  1.05700000e-08  6.81828764e-01  1.05700000e-08  6.90566409e-01  1.05700000e-08  0.00000000e+00  1.05700000e-08  0.00000000e+00 
 1.05900000e-08  3.30001597e+00  1.05900000e-08  3.30002159e+00  1.05900000e-08  7.44135030e-01  1.05900000e-08  7.57694966e-01  1.05900000e-08  0.00000000e+00  1.05900000e-08  0.00000000e+00 
 1.06100000e-08  3.30002115e+00  1.06100000e-08  3.30002238e+00  1.06100000e-08  8.25945479e-01  1.06100000e-08  8.44369464e-01  1.06100000e-08  0.00000000e+00  1.06100000e-08  0.00000000e+00 
 1.06300000e-08  3.30001148e+00  1.06300000e-08  3.30000464e+00  1.06300000e-08  9.27072009e-01  1.06300000e-08  9.49580239e-01  1.06300000e-08  0.00000000e+00  1.06300000e-08  0.00000000e+00 
 1.06500000e-08  3.29998950e+00  1.06500000e-08  3.29997537e+00  1.06500000e-08  1.04350535e+00  1.06500000e-08  1.06935664e+00  1.06500000e-08  0.00000000e+00  1.06500000e-08  0.00000000e+00 
 1.06700000e-08  3.29996661e+00  1.06700000e-08  3.29994727e+00  1.06700000e-08  1.17136069e+00  1.06700000e-08  1.20008675e+00  1.06700000e-08  0.00000000e+00  1.06700000e-08  0.00000000e+00 
 1.06900000e-08  3.29994981e+00  1.06900000e-08  3.29992957e+00  1.06900000e-08  1.30787654e+00  1.06900000e-08  1.33912042e+00  1.06900000e-08  0.00000000e+00  1.06900000e-08  0.00000000e+00 
 1.07100000e-08  3.29994263e+00  1.07100000e-08  3.29992134e+00  1.07100000e-08  1.45082432e+00  1.07100000e-08  1.48424940e+00  1.07100000e-08  0.00000000e+00  1.07100000e-08  0.00000000e+00 
 1.07300000e-08  3.29993985e+00  1.07300000e-08  3.29991904e+00  1.07300000e-08  1.59817742e+00  1.07300000e-08  1.63347302e+00  1.07300000e-08  0.00000000e+00  1.07300000e-08  0.00000000e+00 
 1.07500000e-08  3.29994245e+00  1.07500000e-08  3.29992404e+00  1.07500000e-08  1.74808160e+00  1.07500000e-08  1.78492194e+00  1.07500000e-08  0.00000000e+00  1.07500000e-08  0.00000000e+00 
 1.07700000e-08  3.29994868e+00  1.07700000e-08  3.29993203e+00  1.07700000e-08  1.89833562e+00  1.07700000e-08  1.93614294e+00  1.07700000e-08  0.00000000e+00  1.07700000e-08  0.00000000e+00 
 1.07900000e-08  3.29995567e+00  1.07900000e-08  3.29994209e+00  1.07900000e-08  2.04599606e+00  1.07900000e-08  2.08407405e+00  1.07900000e-08  0.00000000e+00  1.07900000e-08  0.00000000e+00 
 1.08100000e-08  3.29996383e+00  1.08100000e-08  3.29995489e+00  1.08100000e-08  2.18823623e+00  1.08100000e-08  2.22596581e+00  1.08100000e-08  0.00000000e+00  1.08100000e-08  0.00000000e+00 
 1.08300000e-08  3.29997319e+00  1.08300000e-08  3.29996911e+00  1.08300000e-08  2.32279640e+00  1.08300000e-08  2.35965443e+00  1.08300000e-08  0.00000000e+00  1.08300000e-08  0.00000000e+00 
 1.08500000e-08  3.29998279e+00  1.08500000e-08  3.29998312e+00  1.08500000e-08  2.44798573e+00  1.08500000e-08  2.48353966e+00  1.08500000e-08  0.00000000e+00  1.08500000e-08  0.00000000e+00 
 1.08700000e-08  3.29999169e+00  1.08700000e-08  3.29999574e+00  1.08700000e-08  2.56265902e+00  1.08700000e-08  2.59656765e+00  1.08700000e-08  0.00000000e+00  1.08700000e-08  0.00000000e+00 
 1.08900000e-08  3.29999941e+00  1.08900000e-08  3.30000672e+00  1.08900000e-08  2.66619021e+00  1.08900000e-08  2.69820420e+00  1.08900000e-08  0.00000000e+00  1.08900000e-08  0.00000000e+00 
 1.09100000e-08  3.30000611e+00  1.09100000e-08  3.30001540e+00  1.09100000e-08  2.75842211e+00  1.09100000e-08  2.78837990e+00  1.09100000e-08  0.00000000e+00  1.09100000e-08  0.00000000e+00 
 1.09300000e-08  3.30001110e+00  1.09300000e-08  3.30002169e+00  1.09300000e-08  2.83959537e+00  1.09300000e-08  2.86741514e+00  1.09300000e-08  0.00000000e+00  1.09300000e-08  0.00000000e+00 
 1.09500000e-08  3.30001472e+00  1.09500000e-08  3.30002597e+00  1.09500000e-08  2.91026091e+00  1.09500000e-08  2.93592898e+00  1.09500000e-08  0.00000000e+00  1.09500000e-08  0.00000000e+00 
 1.09700000e-08  3.30001714e+00  1.09700000e-08  3.30002850e+00  1.09700000e-08  2.97118790e+00  1.09700000e-08  2.99474555e+00  1.09700000e-08  0.00000000e+00  1.09700000e-08  0.00000000e+00 
 1.09900000e-08  3.30001855e+00  1.09900000e-08  3.30002958e+00  1.09900000e-08  3.02327770e+00  1.09900000e-08  3.04480752e+00  1.09900000e-08  0.00000000e+00  1.09900000e-08  0.00000000e+00 
 1.10100000e-08  3.30001915e+00  1.10100000e-08  3.30002955e+00  1.10100000e-08  3.06749016e+00  1.10100000e-08  3.08710354e+00  1.10100000e-08  0.00000000e+00  1.10100000e-08  0.00000000e+00 
 1.10300000e-08  3.30001913e+00  1.10300000e-08  3.30002871e+00  1.10300000e-08  3.10478593e+00  1.10300000e-08  3.12261204e+00  1.10300000e-08  0.00000000e+00  1.10300000e-08  0.00000000e+00 
 1.10500000e-08  3.30001866e+00  1.10500000e-08  3.30002733e+00  1.10500000e-08  3.13608493e+00  1.10500000e-08  3.15226198e+00  1.10500000e-08  0.00000000e+00  1.10500000e-08  0.00000000e+00 
 1.10700000e-08  3.30001789e+00  1.10700000e-08  3.30002562e+00  1.10700000e-08  3.16223963e+00  1.10700000e-08  3.17690799e+00  1.10700000e-08  0.00000000e+00  1.10700000e-08  0.00000000e+00 
 1.10900000e-08  3.30001691e+00  1.10900000e-08  3.30002373e+00  1.10900000e-08  3.18402017e+00  1.10900000e-08  3.19731761e+00  1.10900000e-08  0.00000000e+00  1.10900000e-08  0.00000000e+00 
 1.11100000e-08  3.30001583e+00  1.11100000e-08  3.30002178e+00  1.11100000e-08  3.20210871e+00  1.11100000e-08  3.21416708e+00  1.11100000e-08  0.00000000e+00  1.11100000e-08  0.00000000e+00 
 1.11300000e-08  3.30001469e+00  1.11300000e-08  3.30001984e+00  1.11300000e-08  3.21710006e+00  1.11300000e-08  3.22804327e+00  1.11300000e-08  0.00000000e+00  1.11300000e-08  0.00000000e+00 
 1.11500000e-08  3.30001354e+00  1.11500000e-08  3.30001798e+00  1.11500000e-08  3.22950638e+00  1.11500000e-08  3.23944924e+00  1.11500000e-08  0.00000000e+00  1.11500000e-08  0.00000000e+00 
 1.11700000e-08  3.30001242e+00  1.11700000e-08  3.30001622e+00  1.11700000e-08  3.23976417e+00  1.11700000e-08  3.24881198e+00  1.11700000e-08  0.00000000e+00  1.11700000e-08  0.00000000e+00 
 1.11900000e-08  3.30001134e+00  1.11900000e-08  3.30001458e+00  1.11900000e-08  3.24824239e+00  1.11900000e-08  3.25649091e+00  1.11900000e-08  0.00000000e+00  1.11900000e-08  0.00000000e+00 
 1.12100000e-08  3.30001031e+00  1.12100000e-08  3.30001307e+00  1.12100000e-08  3.25525083e+00  1.12100000e-08  3.26278657e+00  1.12100000e-08  0.00000000e+00  1.12100000e-08  0.00000000e+00 
 1.12300000e-08  3.30000936e+00  1.12300000e-08  3.30001170e+00  1.12300000e-08  3.26104811e+00  1.12300000e-08  3.26794880e+00  1.12300000e-08  0.00000000e+00  1.12300000e-08  0.00000000e+00 
 1.12500000e-08  3.30000847e+00  1.12500000e-08  3.30001045e+00  1.12500000e-08  3.26584917e+00  1.12500000e-08  3.27218439e+00  1.12500000e-08  0.00000000e+00  1.12500000e-08  0.00000000e+00 
 1.12700000e-08  3.30000766e+00  1.12700000e-08  3.30000934e+00  1.12700000e-08  3.26983196e+00  1.12700000e-08  3.27566373e+00  1.12700000e-08  0.00000000e+00  1.12700000e-08  0.00000000e+00 
 1.12900000e-08  3.30000691e+00  1.12900000e-08  3.30000833e+00  1.12900000e-08  3.27314332e+00  1.12900000e-08  3.27852680e+00  1.12900000e-08  0.00000000e+00  1.12900000e-08  0.00000000e+00 
 1.13100000e-08  3.30000624e+00  1.13100000e-08  3.30000744e+00  1.13100000e-08  3.27590414e+00  1.13100000e-08  3.28088823e+00  1.13100000e-08  0.00000000e+00  1.13100000e-08  0.00000000e+00 
 1.13300000e-08  3.30000563e+00  1.13300000e-08  3.30000664e+00  1.13300000e-08  3.27821368e+00  1.13300000e-08  3.28284170e+00  1.13300000e-08  0.00000000e+00  1.13300000e-08  0.00000000e+00 
 1.13500000e-08  3.30000507e+00  1.13500000e-08  3.30000594e+00  1.13500000e-08  3.28015334e+00  1.13500000e-08  3.28446353e+00  1.13500000e-08  0.00000000e+00  1.13500000e-08  0.00000000e+00 
 1.13700000e-08  3.30000458e+00  1.13700000e-08  3.30000531e+00  1.13700000e-08  3.28178972e+00  1.13700000e-08  3.28581586e+00  1.13700000e-08  0.00000000e+00  1.13700000e-08  0.00000000e+00 
 1.13900000e-08  3.30000413e+00  1.13900000e-08  3.30000475e+00  1.13900000e-08  3.28317730e+00  1.13900000e-08  3.28694916e+00  1.13900000e-08  0.00000000e+00  1.13900000e-08  0.00000000e+00 
 1.14100000e-08  3.30000373e+00  1.14100000e-08  3.30000426e+00  1.14100000e-08  3.28436055e+00  1.14100000e-08  3.28790438e+00  1.14100000e-08  0.00000000e+00  1.14100000e-08  0.00000000e+00 
 1.14300000e-08  3.30000337e+00  1.14300000e-08  3.30000383e+00  1.14300000e-08  3.28537579e+00  1.14300000e-08  3.28871468e+00  1.14300000e-08  0.00000000e+00  1.14300000e-08  0.00000000e+00 
 1.14500000e-08  3.30000305e+00  1.14500000e-08  3.30000344e+00  1.14500000e-08  3.28625261e+00  1.14500000e-08  3.28940693e+00  1.14500000e-08  0.00000000e+00  1.14500000e-08  0.00000000e+00 
 1.14700000e-08  3.30000277e+00  1.14700000e-08  3.30000310e+00  1.14700000e-08  3.28701518e+00  1.14700000e-08  3.29000285e+00  1.14700000e-08  0.00000000e+00  1.14700000e-08  0.00000000e+00 
 1.14900000e-08  3.30000251e+00  1.14900000e-08  3.30000280e+00  1.14900000e-08  3.28768318e+00  1.14900000e-08  3.29052001e+00  1.14900000e-08  0.00000000e+00  1.14900000e-08  0.00000000e+00 
 1.15100000e-08  3.30000228e+00  1.15100000e-08  3.30000253e+00  1.15100000e-08  3.28827265e+00  1.15100000e-08  3.29097257e+00  1.15100000e-08  0.00000000e+00  1.15100000e-08  0.00000000e+00 
 1.15300000e-08  3.30000207e+00  1.15300000e-08  3.30000229e+00  1.15300000e-08  3.28879670e+00  1.15300000e-08  3.29137202e+00  1.15300000e-08  0.00000000e+00  1.15300000e-08  0.00000000e+00 
 1.15500000e-08  3.30000189e+00  1.15500000e-08  3.30000208e+00  1.15500000e-08  3.28926602e+00  1.15500000e-08  3.29172759e+00  1.15500000e-08  0.00000000e+00  1.15500000e-08  0.00000000e+00 
 1.15700000e-08  3.30000173e+00  1.15700000e-08  3.30000189e+00  1.15700000e-08  3.28968932e+00  1.15700000e-08  3.29204679e+00  1.15700000e-08  0.00000000e+00  1.15700000e-08  0.00000000e+00 
 1.15900000e-08  3.30000158e+00  1.15900000e-08  3.30000172e+00  1.15900000e-08  3.29007376e+00  1.15900000e-08  3.29233564e+00  1.15900000e-08  0.00000000e+00  1.15900000e-08  0.00000000e+00 
 1.16100000e-08  3.30000145e+00  1.16100000e-08  3.30000157e+00  1.16100000e-08  3.29042516e+00  1.16100000e-08  3.29259904e+00  1.16100000e-08  0.00000000e+00  1.16100000e-08  0.00000000e+00 
 1.16300000e-08  3.30000133e+00  1.16300000e-08  3.30000144e+00  1.16300000e-08  3.29074833e+00  1.16300000e-08  3.29284094e+00  1.16300000e-08  0.00000000e+00  1.16300000e-08  0.00000000e+00 
 1.16500000e-08  3.30000122e+00  1.16500000e-08  3.30000132e+00  1.16500000e-08  3.29104721e+00  1.16500000e-08  3.29306458e+00  1.16500000e-08  0.00000000e+00  1.16500000e-08  0.00000000e+00 
 1.16700000e-08  3.30000112e+00  1.16700000e-08  3.30000121e+00  1.16700000e-08  3.29132505e+00  1.16700000e-08  3.29327254e+00  1.16700000e-08  0.00000000e+00  1.16700000e-08  0.00000000e+00 
 1.16900000e-08  3.30000104e+00  1.16900000e-08  3.30000112e+00  1.16900000e-08  3.29158453e+00  1.16900000e-08  3.29346698e+00  1.16900000e-08  0.00000000e+00  1.16900000e-08  0.00000000e+00 
 1.17100000e-08  3.30000096e+00  1.17100000e-08  3.30000103e+00  1.17100000e-08  3.29182789e+00  1.17100000e-08  3.29364961e+00  1.17100000e-08  0.00000000e+00  1.17100000e-08  0.00000000e+00 
 1.17300000e-08  3.30000089e+00  1.17300000e-08  3.30000095e+00  1.17300000e-08  3.29205697e+00  1.17300000e-08  3.29382187e+00  1.17300000e-08  0.00000000e+00  1.17300000e-08  0.00000000e+00 
 1.17500000e-08  3.30000082e+00  1.17500000e-08  3.30000088e+00  1.17500000e-08  3.29227333e+00  1.17500000e-08  3.29398493e+00  1.17500000e-08  0.00000000e+00  1.17500000e-08  0.00000000e+00 
 1.17700000e-08  3.30000076e+00  1.17700000e-08  3.30000082e+00  1.17700000e-08  3.29247828e+00  1.17700000e-08  3.29413979e+00  1.17700000e-08  0.00000000e+00  1.17700000e-08  0.00000000e+00 
 1.17900000e-08  3.30000071e+00  1.17900000e-08  3.30000076e+00  1.17900000e-08  3.29267292e+00  1.17900000e-08  3.29428722e+00  1.17900000e-08  0.00000000e+00  1.17900000e-08  0.00000000e+00 
 1.18100000e-08  3.30000066e+00  1.18100000e-08  3.30000070e+00  1.18100000e-08  3.29285819e+00  1.18100000e-08  3.29442793e+00  1.18100000e-08  0.00000000e+00  1.18100000e-08  0.00000000e+00 
 1.18300000e-08  3.30000062e+00  1.18300000e-08  3.30000066e+00  1.18300000e-08  3.29303489e+00  1.18300000e-08  3.29456248e+00  1.18300000e-08  0.00000000e+00  1.18300000e-08  0.00000000e+00 
 1.18500000e-08  3.30000058e+00  1.18500000e-08  3.30000061e+00  1.18500000e-08  3.29320371e+00  1.18500000e-08  3.29469137e+00  1.18500000e-08  0.00000000e+00  1.18500000e-08  0.00000000e+00 
 1.18700000e-08  3.30000054e+00  1.18700000e-08  3.30000057e+00  1.18700000e-08  3.29336526e+00  1.18700000e-08  3.29481501e+00  1.18700000e-08  0.00000000e+00  1.18700000e-08  0.00000000e+00 
 1.18900000e-08  3.30000051e+00  1.18900000e-08  3.30000054e+00  1.18900000e-08  3.29352005e+00  1.18900000e-08  3.29493377e+00  1.18900000e-08  0.00000000e+00  1.18900000e-08  0.00000000e+00 
 1.19100000e-08  3.30000048e+00  1.19100000e-08  3.30000050e+00  1.19100000e-08  3.29366856e+00  1.19100000e-08  3.29504796e+00  1.19100000e-08  0.00000000e+00  1.19100000e-08  0.00000000e+00 
 1.19300000e-08  3.30000045e+00  1.19300000e-08  3.30000047e+00  1.19300000e-08  3.29381118e+00  1.19300000e-08  3.29515788e+00  1.19300000e-08  0.00000000e+00  1.19300000e-08  0.00000000e+00 
 1.19500000e-08  3.30000042e+00  1.19500000e-08  3.30000044e+00  1.19500000e-08  3.29394828e+00  1.19500000e-08  3.29526374e+00  1.19500000e-08  0.00000000e+00  1.19500000e-08  0.00000000e+00 
 1.19700000e-08  3.30000040e+00  1.19700000e-08  3.30000042e+00  1.19700000e-08  3.29408019e+00  1.19700000e-08  3.29536581e+00  1.19700000e-08  0.00000000e+00  1.19700000e-08  0.00000000e+00 
 1.19900000e-08  3.30000037e+00  1.19900000e-08  3.30000039e+00  1.19900000e-08  3.29420721e+00  1.19900000e-08  3.29546425e+00  1.19900000e-08  0.00000000e+00  1.19900000e-08  0.00000000e+00 
 1.20100000e-08  3.30000035e+00  1.20100000e-08  3.30000037e+00  1.20100000e-08  3.29432960e+00  1.20100000e-08  3.29555927e+00  1.20100000e-08  0.00000000e+00  1.20100000e-08  0.00000000e+00 
 1.20300000e-08  3.30000033e+00  1.20300000e-08  3.30000035e+00  1.20300000e-08  3.29444761e+00  1.20300000e-08  3.29565103e+00  1.20300000e-08  0.00000000e+00  1.20300000e-08  0.00000000e+00 
 1.20500000e-08  3.30000032e+00  1.20500000e-08  3.30000033e+00  1.20500000e-08  3.29456146e+00  1.20500000e-08  3.29573968e+00  1.20500000e-08  0.00000000e+00  1.20500000e-08  0.00000000e+00 
 1.20700000e-08  3.30000030e+00  1.20700000e-08  3.30000031e+00  1.20700000e-08  3.29467137e+00  1.20700000e-08  3.29582537e+00  1.20700000e-08  0.00000000e+00  1.20700000e-08  0.00000000e+00 
 1.20900000e-08  3.30000028e+00  1.20900000e-08  3.30000030e+00  1.20900000e-08  3.29477751e+00  1.20900000e-08  3.29590824e+00  1.20900000e-08  0.00000000e+00  1.20900000e-08  0.00000000e+00 
 1.21100000e-08  3.30000027e+00  1.21100000e-08  3.30000028e+00  1.21100000e-08  3.29488009e+00  1.21100000e-08  3.29598839e+00  1.21100000e-08  0.00000000e+00  1.21100000e-08  0.00000000e+00 
 1.21300000e-08  3.30000026e+00  1.21300000e-08  3.30000027e+00  1.21300000e-08  3.29497925e+00  1.21300000e-08  3.29606597e+00  1.21300000e-08  0.00000000e+00  1.21300000e-08  0.00000000e+00 
 1.21500000e-08  3.30000024e+00  1.21500000e-08  3.30000026e+00  1.21500000e-08  3.29507516e+00  1.21500000e-08  3.29614106e+00  1.21500000e-08  0.00000000e+00  1.21500000e-08  0.00000000e+00 
 1.21700000e-08  3.30000023e+00  1.21700000e-08  3.30000024e+00  1.21700000e-08  3.29516795e+00  1.21700000e-08  3.29621379e+00  1.21700000e-08  0.00000000e+00  1.21700000e-08  0.00000000e+00 
 1.21900000e-08  3.30000022e+00  1.21900000e-08  3.30000023e+00  1.21900000e-08  3.29525778e+00  1.21900000e-08  3.29628424e+00  1.21900000e-08  0.00000000e+00  1.21900000e-08  0.00000000e+00 
 1.22100000e-08  3.30000021e+00  1.22100000e-08  3.30000022e+00  1.22100000e-08  3.29534477e+00  1.22100000e-08  3.29635252e+00  1.22100000e-08  0.00000000e+00  1.22100000e-08  0.00000000e+00 
 1.22300000e-08  3.30000020e+00  1.22300000e-08  3.30000021e+00  1.22300000e-08  3.29542904e+00  1.22300000e-08  3.29641870e+00  1.22300000e-08  0.00000000e+00  1.22300000e-08  0.00000000e+00 
 1.22500000e-08  3.30000019e+00  1.22500000e-08  3.30000020e+00  1.22500000e-08  3.29551070e+00  1.22500000e-08  3.29648288e+00  1.22500000e-08  0.00000000e+00  1.22500000e-08  0.00000000e+00 
 1.22700000e-08  3.30000018e+00  1.22700000e-08  3.30000019e+00  1.22700000e-08  3.29558988e+00  1.22700000e-08  3.29654512e+00  1.22700000e-08  0.00000000e+00  1.22700000e-08  0.00000000e+00 
 1.22900000e-08  3.30000018e+00  1.22900000e-08  3.30000018e+00  1.22900000e-08  3.29566666e+00  1.22900000e-08  3.29660553e+00  1.22900000e-08  0.00000000e+00  1.22900000e-08  0.00000000e+00 
 1.23100000e-08  3.30000017e+00  1.23100000e-08  3.30000018e+00  1.23100000e-08  3.29574115e+00  1.23100000e-08  3.29666415e+00  1.23100000e-08  0.00000000e+00  1.23100000e-08  0.00000000e+00 
 1.23300000e-08  3.30000016e+00  1.23300000e-08  3.30000017e+00  1.23300000e-08  3.29581343e+00  1.23300000e-08  3.29672107e+00  1.23300000e-08  0.00000000e+00  1.23300000e-08  0.00000000e+00 
 1.23500000e-08  3.30000015e+00  1.23500000e-08  3.30000016e+00  1.23500000e-08  3.29588361e+00  1.23500000e-08  3.29677633e+00  1.23500000e-08  0.00000000e+00  1.23500000e-08  0.00000000e+00 
 1.23700000e-08  3.30000015e+00  1.23700000e-08  3.30000015e+00  1.23700000e-08  3.29595176e+00  1.23700000e-08  3.29683003e+00  1.23700000e-08  0.00000000e+00  1.23700000e-08  0.00000000e+00 
 1.23900000e-08  3.30000014e+00  1.23900000e-08  3.30000015e+00  1.23900000e-08  3.29601796e+00  1.23900000e-08  3.29688220e+00  1.23900000e-08  0.00000000e+00  1.23900000e-08  0.00000000e+00 
 1.24100000e-08  3.30000014e+00  1.24100000e-08  3.30000014e+00  1.24100000e-08  3.29608228e+00  1.24100000e-08  3.29693292e+00  1.24100000e-08  0.00000000e+00  1.24100000e-08  0.00000000e+00 
 1.24300000e-08  3.30000013e+00  1.24300000e-08  3.30000014e+00  1.24300000e-08  3.29614481e+00  1.24300000e-08  3.29698221e+00  1.24300000e-08  0.00000000e+00  1.24300000e-08  0.00000000e+00 
 1.24500000e-08  3.30000013e+00  1.24500000e-08  3.30000013e+00  1.24500000e-08  3.29620561e+00  1.24500000e-08  3.29703017e+00  1.24500000e-08  0.00000000e+00  1.24500000e-08  0.00000000e+00 
 1.24700000e-08  3.30000012e+00  1.24700000e-08  3.30000013e+00  1.24700000e-08  3.29626474e+00  1.24700000e-08  3.29707680e+00  1.24700000e-08  0.00000000e+00  1.24700000e-08  0.00000000e+00 
 1.24900000e-08  3.30000012e+00  1.24900000e-08  3.30000012e+00  1.24900000e-08  3.29632226e+00  1.24900000e-08  3.29712220e+00  1.24900000e-08  0.00000000e+00  1.24900000e-08  0.00000000e+00 
 1.25100000e-08  3.30000011e+00  1.25100000e-08  3.30000012e+00  1.25100000e-08  3.29637825e+00  1.25100000e-08  3.29716636e+00  1.25100000e-08  0.00000000e+00  1.25100000e-08  0.00000000e+00 
 1.25300000e-08  3.30000011e+00  1.25300000e-08  3.30000011e+00  1.25300000e-08  3.29643274e+00  1.25300000e-08  3.29720938e+00  1.25300000e-08  0.00000000e+00  1.25300000e-08  0.00000000e+00 
 1.25500000e-08  3.30000010e+00  1.25500000e-08  3.30000011e+00  1.25500000e-08  3.29648580e+00  1.25500000e-08  3.29725125e+00  1.25500000e-08  0.00000000e+00  1.25500000e-08  0.00000000e+00 
 1.25700000e-08  3.30000010e+00  1.25700000e-08  3.30000011e+00  1.25700000e-08  3.29653748e+00  1.25700000e-08  3.29729205e+00  1.25700000e-08  0.00000000e+00  1.25700000e-08  0.00000000e+00 
 1.25900000e-08  3.30000010e+00  1.25900000e-08  3.30000010e+00  1.25900000e-08  3.29658783e+00  1.25900000e-08  3.29733179e+00  1.25900000e-08  0.00000000e+00  1.25900000e-08  0.00000000e+00 
 1.26100000e-08  3.30000009e+00  1.26100000e-08  3.30000010e+00  1.26100000e-08  3.29663689e+00  1.26100000e-08  3.29737053e+00  1.26100000e-08  0.00000000e+00  1.26100000e-08  0.00000000e+00 
 1.26300000e-08  3.30000009e+00  1.26300000e-08  3.30000009e+00  1.26300000e-08  3.29668472e+00  1.26300000e-08  3.29740828e+00  1.26300000e-08  0.00000000e+00  1.26300000e-08  0.00000000e+00 
 1.26500000e-08  3.30000009e+00  1.26500000e-08  3.30000009e+00  1.26500000e-08  3.29673135e+00  1.26500000e-08  3.29744510e+00  1.26500000e-08  0.00000000e+00  1.26500000e-08  0.00000000e+00 
 1.26700000e-08  3.30000009e+00  1.26700000e-08  3.30000009e+00  1.26700000e-08  3.29677683e+00  1.26700000e-08  3.29748100e+00  1.26700000e-08  0.00000000e+00  1.26700000e-08  0.00000000e+00 
 1.26900000e-08  3.30000008e+00  1.26900000e-08  3.30000009e+00  1.26900000e-08  3.29682119e+00  1.26900000e-08  3.29751603e+00  1.26900000e-08  0.00000000e+00  1.26900000e-08  0.00000000e+00 
 1.27100000e-08  3.30000008e+00  1.27100000e-08  3.30000008e+00  1.27100000e-08  3.29686447e+00  1.27100000e-08  3.29755020e+00  1.27100000e-08  0.00000000e+00  1.27100000e-08  0.00000000e+00 
 1.27300000e-08  3.30000008e+00  1.27300000e-08  3.30000008e+00  1.27300000e-08  3.29690671e+00  1.27300000e-08  3.29758356e+00  1.27300000e-08  0.00000000e+00  1.27300000e-08  0.00000000e+00 
 1.27500000e-08  3.30000007e+00  1.27500000e-08  3.30000008e+00  1.27500000e-08  3.29694795e+00  1.27500000e-08  3.29761612e+00  1.27500000e-08  0.00000000e+00  1.27500000e-08  0.00000000e+00 
 1.27700000e-08  3.30000007e+00  1.27700000e-08  3.30000007e+00  1.27700000e-08  3.29698821e+00  1.27700000e-08  3.29764791e+00  1.27700000e-08  0.00000000e+00  1.27700000e-08  0.00000000e+00 
 1.27900000e-08  3.30000007e+00  1.27900000e-08  3.30000007e+00  1.27900000e-08  3.29702754e+00  1.27900000e-08  3.29767895e+00  1.27900000e-08  0.00000000e+00  1.27900000e-08  0.00000000e+00 
 1.28100000e-08  3.30000007e+00  1.28100000e-08  3.30000007e+00  1.28100000e-08  3.29706595e+00  1.28100000e-08  3.29770929e+00  1.28100000e-08  0.00000000e+00  1.28100000e-08  0.00000000e+00 
 1.28300000e-08  3.30000007e+00  1.28300000e-08  3.30000007e+00  1.28300000e-08  3.29710349e+00  1.28300000e-08  3.29773891e+00  1.28300000e-08  0.00000000e+00  1.28300000e-08  0.00000000e+00 
 1.28500000e-08  3.30000006e+00  1.28500000e-08  3.30000007e+00  1.28500000e-08  3.29714016e+00  1.28500000e-08  3.29776788e+00  1.28500000e-08  0.00000000e+00  1.28500000e-08  0.00000000e+00 
 1.28700000e-08  3.30000006e+00  1.28700000e-08  3.30000006e+00  1.28700000e-08  3.29717602e+00  1.28700000e-08  3.29779618e+00  1.28700000e-08  0.00000000e+00  1.28700000e-08  0.00000000e+00 
 1.28900000e-08  3.30000006e+00  1.28900000e-08  3.30000006e+00  1.28900000e-08  3.29721107e+00  1.28900000e-08  3.29782385e+00  1.28900000e-08  0.00000000e+00  1.28900000e-08  0.00000000e+00 
 1.29100000e-08  3.30000006e+00  1.29100000e-08  3.30000006e+00  1.29100000e-08  3.29724535e+00  1.29100000e-08  3.29785091e+00  1.29100000e-08  0.00000000e+00  1.29100000e-08  0.00000000e+00 
 1.29300000e-08  3.30000006e+00  1.29300000e-08  3.30000006e+00  1.29300000e-08  3.29727888e+00  1.29300000e-08  3.29787738e+00  1.29300000e-08  0.00000000e+00  1.29300000e-08  0.00000000e+00 
 1.29500000e-08  3.30000006e+00  1.29500000e-08  3.30000006e+00  1.29500000e-08  3.29731168e+00  1.29500000e-08  3.29790326e+00  1.29500000e-08  0.00000000e+00  1.29500000e-08  0.00000000e+00 
 1.29700000e-08  3.30000005e+00  1.29700000e-08  3.30000006e+00  1.29700000e-08  3.29734378e+00  1.29700000e-08  3.29792859e+00  1.29700000e-08  0.00000000e+00  1.29700000e-08  0.00000000e+00 
 1.29900000e-08  3.30000005e+00  1.29900000e-08  3.30000005e+00  1.29900000e-08  3.29737519e+00  1.29900000e-08  3.29795338e+00  1.29900000e-08  0.00000000e+00  1.29900000e-08  0.00000000e+00 
 1.30100000e-08  3.30000005e+00  1.30100000e-08  3.30000005e+00  1.30100000e-08  3.29740594e+00  1.30100000e-08  3.29797764e+00  1.30100000e-08  0.00000000e+00  1.30100000e-08  0.00000000e+00 
 1.30300000e-08  3.30000005e+00  1.30300000e-08  3.30000005e+00  1.30300000e-08  3.29743604e+00  1.30300000e-08  3.29800139e+00  1.30300000e-08  0.00000000e+00  1.30300000e-08  0.00000000e+00 
 1.30500000e-08  3.30000005e+00  1.30500000e-08  3.30000005e+00  1.30500000e-08  3.29746552e+00  1.30500000e-08  3.29802465e+00  1.30500000e-08  0.00000000e+00  1.30500000e-08  0.00000000e+00 
 1.30700000e-08  3.30000005e+00  1.30700000e-08  3.30000005e+00  1.30700000e-08  3.29749439e+00  1.30700000e-08  3.29804743e+00  1.30700000e-08  0.00000000e+00  1.30700000e-08  0.00000000e+00 
 1.30900000e-08  3.30000005e+00  1.30900000e-08  3.30000005e+00  1.30900000e-08  3.29752267e+00  1.30900000e-08  3.29806974e+00  1.30900000e-08  0.00000000e+00  1.30900000e-08  0.00000000e+00 
 1.31100000e-08  3.30000004e+00  1.31100000e-08  3.30000005e+00  1.31100000e-08  3.29755039e+00  1.31100000e-08  3.29809159e+00  1.31100000e-08  0.00000000e+00  1.31100000e-08  0.00000000e+00 
 1.31300000e-08  3.30000004e+00  1.31300000e-08  3.30000004e+00  1.31300000e-08  3.29757754e+00  1.31300000e-08  3.29811301e+00  1.31300000e-08  0.00000000e+00  1.31300000e-08  0.00000000e+00 
 1.31500000e-08  3.30000004e+00  1.31500000e-08  3.30000004e+00  1.31500000e-08  3.29760415e+00  1.31500000e-08  3.29813400e+00  1.31500000e-08  0.00000000e+00  1.31500000e-08  0.00000000e+00 
 1.31700000e-08  3.30000004e+00  1.31700000e-08  3.30000004e+00  1.31700000e-08  3.29763024e+00  1.31700000e-08  3.29815457e+00  1.31700000e-08  0.00000000e+00  1.31700000e-08  0.00000000e+00 
 1.31900000e-08  3.30000004e+00  1.31900000e-08  3.30000004e+00  1.31900000e-08  3.29765582e+00  1.31900000e-08  3.29817474e+00  1.31900000e-08  0.00000000e+00  1.31900000e-08  0.00000000e+00 
 1.32100000e-08  3.30000004e+00  1.32100000e-08  3.30000004e+00  1.32100000e-08  3.29768090e+00  1.32100000e-08  3.29819452e+00  1.32100000e-08  0.00000000e+00  1.32100000e-08  0.00000000e+00 
 1.32300000e-08  3.30000004e+00  1.32300000e-08  3.30000004e+00  1.32300000e-08  3.29770550e+00  1.32300000e-08  3.29821390e+00  1.32300000e-08  0.00000000e+00  1.32300000e-08  0.00000000e+00 
 1.32500000e-08  3.30000004e+00  1.32500000e-08  3.30000004e+00  1.32500000e-08  3.29772962e+00  1.32500000e-08  3.29823293e+00  1.32500000e-08  0.00000000e+00  1.32500000e-08  0.00000000e+00 
 1.32700000e-08  3.30000004e+00  1.32700000e-08  3.30000004e+00  1.32700000e-08  3.29775330e+00  1.32700000e-08  3.29825158e+00  1.32700000e-08  0.00000000e+00  1.32700000e-08  0.00000000e+00 
 1.32900000e-08  3.30000004e+00  1.32900000e-08  3.30000004e+00  1.32900000e-08  3.29777652e+00  1.32900000e-08  3.29826989e+00  1.32900000e-08  0.00000000e+00  1.32900000e-08  0.00000000e+00 
 1.33100000e-08  3.30000003e+00  1.33100000e-08  3.30000004e+00  1.33100000e-08  3.29779932e+00  1.33100000e-08  3.29828784e+00  1.33100000e-08  0.00000000e+00  1.33100000e-08  0.00000000e+00 
 1.33300000e-08  3.30000003e+00  1.33300000e-08  3.30000003e+00  1.33300000e-08  3.29782169e+00  1.33300000e-08  3.29830548e+00  1.33300000e-08  0.00000000e+00  1.33300000e-08  0.00000000e+00 
 1.33500000e-08  3.30000003e+00  1.33500000e-08  3.30000003e+00  1.33500000e-08  3.29784365e+00  1.33500000e-08  3.29832277e+00  1.33500000e-08  0.00000000e+00  1.33500000e-08  0.00000000e+00 
 1.33700000e-08  3.30000003e+00  1.33700000e-08  3.30000003e+00  1.33700000e-08  3.29786521e+00  1.33700000e-08  3.29833976e+00  1.33700000e-08  0.00000000e+00  1.33700000e-08  0.00000000e+00 
 1.33900000e-08  3.30000003e+00  1.33900000e-08  3.30000003e+00  1.33900000e-08  3.29788638e+00  1.33900000e-08  3.29835644e+00  1.33900000e-08  0.00000000e+00  1.33900000e-08  0.00000000e+00 
 1.34100000e-08  3.30000003e+00  1.34100000e-08  3.30000003e+00  1.34100000e-08  3.29790717e+00  1.34100000e-08  3.29837282e+00  1.34100000e-08  0.00000000e+00  1.34100000e-08  0.00000000e+00 
 1.34300000e-08  3.30000003e+00  1.34300000e-08  3.30000003e+00  1.34300000e-08  3.29792760e+00  1.34300000e-08  3.29838889e+00  1.34300000e-08  0.00000000e+00  1.34300000e-08  0.00000000e+00 
 1.34500000e-08  3.30000003e+00  1.34500000e-08  3.30000003e+00  1.34500000e-08  3.29794766e+00  1.34500000e-08  3.29840470e+00  1.34500000e-08  0.00000000e+00  1.34500000e-08  0.00000000e+00 
 1.34700000e-08  3.30000003e+00  1.34700000e-08  3.30000003e+00  1.34700000e-08  3.29796737e+00  1.34700000e-08  3.29842021e+00  1.34700000e-08  0.00000000e+00  1.34700000e-08  0.00000000e+00 
 1.34900000e-08  3.30000003e+00  1.34900000e-08  3.30000003e+00  1.34900000e-08  3.29798673e+00  1.34900000e-08  3.29843546e+00  1.34900000e-08  0.00000000e+00  1.34900000e-08  0.00000000e+00 
 1.35100000e-08  3.30000003e+00  1.35100000e-08  3.30000003e+00  1.35100000e-08  3.29800577e+00  1.35100000e-08  3.29845044e+00  1.35100000e-08  0.00000000e+00  1.35100000e-08  0.00000000e+00 
 1.35300000e-08  3.30000003e+00  1.35300000e-08  3.30000003e+00  1.35300000e-08  3.29802447e+00  1.35300000e-08  3.29846517e+00  1.35300000e-08  0.00000000e+00  1.35300000e-08  0.00000000e+00 
 1.35500000e-08  3.30000003e+00  1.35500000e-08  3.30000003e+00  1.35500000e-08  3.29804286e+00  1.35500000e-08  3.29847963e+00  1.35500000e-08  0.00000000e+00  1.35500000e-08  0.00000000e+00 
 1.35700000e-08  3.30000003e+00  1.35700000e-08  3.30000003e+00  1.35700000e-08  3.29806094e+00  1.35700000e-08  3.29849386e+00  1.35700000e-08  0.00000000e+00  1.35700000e-08  0.00000000e+00 
 1.35900000e-08  3.30000002e+00  1.35900000e-08  3.30000003e+00  1.35900000e-08  3.29807872e+00  1.35900000e-08  3.29850784e+00  1.35900000e-08  0.00000000e+00  1.35900000e-08  0.00000000e+00 
 1.36100000e-08  3.30000002e+00  1.36100000e-08  3.30000002e+00  1.36100000e-08  3.29809619e+00  1.36100000e-08  3.29852160e+00  1.36100000e-08  0.00000000e+00  1.36100000e-08  0.00000000e+00 
 1.36300000e-08  3.30000002e+00  1.36300000e-08  3.30000002e+00  1.36300000e-08  3.29811338e+00  1.36300000e-08  3.29853512e+00  1.36300000e-08  0.00000000e+00  1.36300000e-08  0.00000000e+00 
 1.36500000e-08  3.30000002e+00  1.36500000e-08  3.30000002e+00  1.36500000e-08  3.29813029e+00  1.36500000e-08  3.29854842e+00  1.36500000e-08  0.00000000e+00  1.36500000e-08  0.00000000e+00 
 1.36700000e-08  3.30000002e+00  1.36700000e-08  3.30000002e+00  1.36700000e-08  3.29814692e+00  1.36700000e-08  3.29856150e+00  1.36700000e-08  0.00000000e+00  1.36700000e-08  0.00000000e+00 
 1.36900000e-08  3.30000002e+00  1.36900000e-08  3.30000002e+00  1.36900000e-08  3.29816328e+00  1.36900000e-08  3.29857437e+00  1.36900000e-08  0.00000000e+00  1.36900000e-08  0.00000000e+00 
 1.37100000e-08  3.30000002e+00  1.37100000e-08  3.30000002e+00  1.37100000e-08  3.29817938e+00  1.37100000e-08  3.29858702e+00  1.37100000e-08  0.00000000e+00  1.37100000e-08  0.00000000e+00 
 1.37300000e-08  3.30000002e+00  1.37300000e-08  3.30000002e+00  1.37300000e-08  3.29819522e+00  1.37300000e-08  3.29859948e+00  1.37300000e-08  0.00000000e+00  1.37300000e-08  0.00000000e+00 
 1.37500000e-08  3.30000002e+00  1.37500000e-08  3.30000002e+00  1.37500000e-08  3.29821082e+00  1.37500000e-08  3.29861174e+00  1.37500000e-08  0.00000000e+00  1.37500000e-08  0.00000000e+00 
 1.37700000e-08  3.30000002e+00  1.37700000e-08  3.30000002e+00  1.37700000e-08  3.29822616e+00  1.37700000e-08  3.29862381e+00  1.37700000e-08  0.00000000e+00  1.37700000e-08  0.00000000e+00 
 1.37900000e-08  3.30000002e+00  1.37900000e-08  3.30000002e+00  1.37900000e-08  3.29824127e+00  1.37900000e-08  3.29863567e+00  1.37900000e-08  0.00000000e+00  1.37900000e-08  0.00000000e+00 
 1.38100000e-08  3.30000002e+00  1.38100000e-08  3.30000002e+00  1.38100000e-08  3.29825614e+00  1.38100000e-08  3.29864737e+00  1.38100000e-08  0.00000000e+00  1.38100000e-08  0.00000000e+00 
 1.38300000e-08  3.30000002e+00  1.38300000e-08  3.30000002e+00  1.38300000e-08  3.29827079e+00  1.38300000e-08  3.29865887e+00  1.38300000e-08  0.00000000e+00  1.38300000e-08  0.00000000e+00 
 1.38500000e-08  3.30000002e+00  1.38500000e-08  3.30000002e+00  1.38500000e-08  3.29828520e+00  1.38500000e-08  3.29867020e+00  1.38500000e-08  0.00000000e+00  1.38500000e-08  0.00000000e+00 
 1.38700000e-08  3.30000002e+00  1.38700000e-08  3.30000002e+00  1.38700000e-08  3.29829940e+00  1.38700000e-08  3.29868135e+00  1.38700000e-08  0.00000000e+00  1.38700000e-08  0.00000000e+00 
 1.38900000e-08  3.30000002e+00  1.38900000e-08  3.30000002e+00  1.38900000e-08  3.29831338e+00  1.38900000e-08  3.29869234e+00  1.38900000e-08  0.00000000e+00  1.38900000e-08  0.00000000e+00 
 1.39100000e-08  3.30000002e+00  1.39100000e-08  3.30000002e+00  1.39100000e-08  3.29832716e+00  1.39100000e-08  3.29870315e+00  1.39100000e-08  0.00000000e+00  1.39100000e-08  0.00000000e+00 
 1.39300000e-08  3.30000002e+00  1.39300000e-08  3.30000002e+00  1.39300000e-08  3.29834072e+00  1.39300000e-08  3.29871381e+00  1.39300000e-08  0.00000000e+00  1.39300000e-08  0.00000000e+00 
 1.39500000e-08  3.30000002e+00  1.39500000e-08  3.30000002e+00  1.39500000e-08  3.29835409e+00  1.39500000e-08  3.29872431e+00  1.39500000e-08  0.00000000e+00  1.39500000e-08  0.00000000e+00 
 1.39700000e-08  3.30000002e+00  1.39700000e-08  3.30000002e+00  1.39700000e-08  3.29836726e+00  1.39700000e-08  3.29873465e+00  1.39700000e-08  0.00000000e+00  1.39700000e-08  0.00000000e+00 
 1.39900000e-08  3.30000002e+00  1.39900000e-08  3.30000002e+00  1.39900000e-08  3.29838024e+00  1.39900000e-08  3.29874484e+00  1.39900000e-08  0.00000000e+00  1.39900000e-08  0.00000000e+00 
 1.40100000e-08  3.30000002e+00  1.40100000e-08  3.30000002e+00  1.40100000e-08  3.29839303e+00  1.40100000e-08  3.29875488e+00  1.40100000e-08  0.00000000e+00  1.40100000e-08  0.00000000e+00 
 1.40300000e-08  3.30000002e+00  1.40300000e-08  3.30000002e+00  1.40300000e-08  3.29840563e+00  1.40300000e-08  3.29876477e+00  1.40300000e-08  0.00000000e+00  1.40300000e-08  0.00000000e+00 
 1.40500000e-08  3.30000002e+00  1.40500000e-08  3.30000002e+00  1.40500000e-08  3.29841806e+00  1.40500000e-08  3.29877452e+00  1.40500000e-08  0.00000000e+00  1.40500000e-08  0.00000000e+00 
 1.40700000e-08  3.30000001e+00  1.40700000e-08  3.30000002e+00  1.40700000e-08  3.29843030e+00  1.40700000e-08  3.29878413e+00  1.40700000e-08  0.00000000e+00  1.40700000e-08  0.00000000e+00 
 1.40900000e-08  3.30000001e+00  1.40900000e-08  3.30000001e+00  1.40900000e-08  3.29844237e+00  1.40900000e-08  3.29879361e+00  1.40900000e-08  0.00000000e+00  1.40900000e-08  0.00000000e+00 
 1.41100000e-08  3.30000001e+00  1.41100000e-08  3.30000001e+00  1.41100000e-08  3.29845428e+00  1.41100000e-08  3.29880294e+00  1.41100000e-08  0.00000000e+00  1.41100000e-08  0.00000000e+00 
 1.41300000e-08  3.30000001e+00  1.41300000e-08  3.30000001e+00  1.41300000e-08  3.29846601e+00  1.41300000e-08  3.29881215e+00  1.41300000e-08  0.00000000e+00  1.41300000e-08  0.00000000e+00 
 1.41500000e-08  3.30000001e+00  1.41500000e-08  3.30000001e+00  1.41500000e-08  3.29847758e+00  1.41500000e-08  3.29882122e+00  1.41500000e-08  0.00000000e+00  1.41500000e-08  0.00000000e+00 
 1.41700000e-08  3.30000001e+00  1.41700000e-08  3.30000001e+00  1.41700000e-08  3.29848899e+00  1.41700000e-08  3.29883018e+00  1.41700000e-08  0.00000000e+00  1.41700000e-08  0.00000000e+00 
 1.41900000e-08  3.30000001e+00  1.41900000e-08  3.30000001e+00  1.41900000e-08  3.29850025e+00  1.41900000e-08  3.29883900e+00  1.41900000e-08  0.00000000e+00  1.41900000e-08  0.00000000e+00 
 1.42100000e-08  3.30000001e+00  1.42100000e-08  3.30000001e+00  1.42100000e-08  3.29851135e+00  1.42100000e-08  3.29884771e+00  1.42100000e-08  0.00000000e+00  1.42100000e-08  0.00000000e+00 
 1.42300000e-08  3.30000001e+00  1.42300000e-08  3.30000001e+00  1.42300000e-08  3.29852230e+00  1.42300000e-08  3.29885629e+00  1.42300000e-08  0.00000000e+00  1.42300000e-08  0.00000000e+00 
 1.42500000e-08  3.30000001e+00  1.42500000e-08  3.30000001e+00  1.42500000e-08  3.29853310e+00  1.42500000e-08  3.29886476e+00  1.42500000e-08  0.00000000e+00  1.42500000e-08  0.00000000e+00 
 1.42700000e-08  3.30000001e+00  1.42700000e-08  3.30000001e+00  1.42700000e-08  3.29854376e+00  1.42700000e-08  3.29887311e+00  1.42700000e-08  0.00000000e+00  1.42700000e-08  0.00000000e+00 
 1.42900000e-08  3.30000001e+00  1.42900000e-08  3.30000001e+00  1.42900000e-08  3.29855427e+00  1.42900000e-08  3.29888136e+00  1.42900000e-08  0.00000000e+00  1.42900000e-08  0.00000000e+00 
 1.43100000e-08  3.30000001e+00  1.43100000e-08  3.30000001e+00  1.43100000e-08  3.29856465e+00  1.43100000e-08  3.29888949e+00  1.43100000e-08  0.00000000e+00  1.43100000e-08  0.00000000e+00 
 1.43300000e-08  3.30000001e+00  1.43300000e-08  3.30000001e+00  1.43300000e-08  3.29857489e+00  1.43300000e-08  3.29889752e+00  1.43300000e-08  0.00000000e+00  1.43300000e-08  0.00000000e+00 
 1.43500000e-08  3.30000001e+00  1.43500000e-08  3.30000001e+00  1.43500000e-08  3.29858499e+00  1.43500000e-08  3.29890543e+00  1.43500000e-08  0.00000000e+00  1.43500000e-08  0.00000000e+00 
 1.43700000e-08  3.30000001e+00  1.43700000e-08  3.30000001e+00  1.43700000e-08  3.29859496e+00  1.43700000e-08  3.29891325e+00  1.43700000e-08  0.00000000e+00  1.43700000e-08  0.00000000e+00 
 1.43900000e-08  3.30000001e+00  1.43900000e-08  3.30000001e+00  1.43900000e-08  3.29860481e+00  1.43900000e-08  3.29892095e+00  1.43900000e-08  0.00000000e+00  1.43900000e-08  0.00000000e+00 
 1.44100000e-08  3.30000001e+00  1.44100000e-08  3.30000001e+00  1.44100000e-08  3.29861452e+00  1.44100000e-08  3.29892857e+00  1.44100000e-08  0.00000000e+00  1.44100000e-08  0.00000000e+00 
 1.44300000e-08  3.30000001e+00  1.44300000e-08  3.30000001e+00  1.44300000e-08  3.29862411e+00  1.44300000e-08  3.29893608e+00  1.44300000e-08  0.00000000e+00  1.44300000e-08  0.00000000e+00 
 1.44500000e-08  3.30000001e+00  1.44500000e-08  3.30000001e+00  1.44500000e-08  3.29863358e+00  1.44500000e-08  3.29894350e+00  1.44500000e-08  0.00000000e+00  1.44500000e-08  0.00000000e+00 
 1.44700000e-08  3.30000001e+00  1.44700000e-08  3.30000001e+00  1.44700000e-08  3.29864293e+00  1.44700000e-08  3.29895082e+00  1.44700000e-08  0.00000000e+00  1.44700000e-08  0.00000000e+00 
 1.44900000e-08  3.30000001e+00  1.44900000e-08  3.30000001e+00  1.44900000e-08  3.29865216e+00  1.44900000e-08  3.29895805e+00  1.44900000e-08  0.00000000e+00  1.44900000e-08  0.00000000e+00 
 1.45100000e-08  3.30000001e+00  1.45100000e-08  3.30000001e+00  1.45100000e-08  3.29866128e+00  1.45100000e-08  3.29896518e+00  1.45100000e-08  0.00000000e+00  1.45100000e-08  0.00000000e+00 
 1.45300000e-08  3.30000001e+00  1.45300000e-08  3.30000001e+00  1.45300000e-08  3.29867028e+00  1.45300000e-08  3.29897223e+00  1.45300000e-08  0.00000000e+00  1.45300000e-08  0.00000000e+00 
 1.45500000e-08  3.30000001e+00  1.45500000e-08  3.30000001e+00  1.45500000e-08  3.29867917e+00  1.45500000e-08  3.29897919e+00  1.45500000e-08  0.00000000e+00  1.45500000e-08  0.00000000e+00 
 1.45700000e-08  3.30000001e+00  1.45700000e-08  3.30000001e+00  1.45700000e-08  3.29868795e+00  1.45700000e-08  3.29898607e+00  1.45700000e-08  0.00000000e+00  1.45700000e-08  0.00000000e+00 
 1.45900000e-08  3.30000001e+00  1.45900000e-08  3.30000001e+00  1.45900000e-08  3.29869662e+00  1.45900000e-08  3.29899285e+00  1.45900000e-08  0.00000000e+00  1.45900000e-08  0.00000000e+00 
 1.46100000e-08  3.30000001e+00  1.46100000e-08  3.30000001e+00  1.46100000e-08  3.29870519e+00  1.46100000e-08  3.29899956e+00  1.46100000e-08  0.00000000e+00  1.46100000e-08  0.00000000e+00 
 1.46300000e-08  3.30000001e+00  1.46300000e-08  3.30000001e+00  1.46300000e-08  3.29871366e+00  1.46300000e-08  3.29900618e+00  1.46300000e-08  0.00000000e+00  1.46300000e-08  0.00000000e+00 
 1.46500000e-08  3.30000001e+00  1.46500000e-08  3.30000001e+00  1.46500000e-08  3.29872201e+00  1.46500000e-08  3.29901272e+00  1.46500000e-08  0.00000000e+00  1.46500000e-08  0.00000000e+00 
 1.46700000e-08  3.30000001e+00  1.46700000e-08  3.30000001e+00  1.46700000e-08  3.29873028e+00  1.46700000e-08  3.29901918e+00  1.46700000e-08  0.00000000e+00  1.46700000e-08  0.00000000e+00 
 1.46900000e-08  3.30000001e+00  1.46900000e-08  3.30000001e+00  1.46900000e-08  3.29873844e+00  1.46900000e-08  3.29902557e+00  1.46900000e-08  0.00000000e+00  1.46900000e-08  0.00000000e+00 
 1.47100000e-08  3.30000001e+00  1.47100000e-08  3.30000001e+00  1.47100000e-08  3.29874650e+00  1.47100000e-08  3.29903188e+00  1.47100000e-08  0.00000000e+00  1.47100000e-08  0.00000000e+00 
 1.47300000e-08  3.30000001e+00  1.47300000e-08  3.30000001e+00  1.47300000e-08  3.29875447e+00  1.47300000e-08  3.29903811e+00  1.47300000e-08  0.00000000e+00  1.47300000e-08  0.00000000e+00 
 1.47500000e-08  3.30000001e+00  1.47500000e-08  3.30000001e+00  1.47500000e-08  3.29876235e+00  1.47500000e-08  3.29904427e+00  1.47500000e-08  0.00000000e+00  1.47500000e-08  0.00000000e+00 
 1.47700000e-08  3.30000001e+00  1.47700000e-08  3.30000001e+00  1.47700000e-08  3.29877013e+00  1.47700000e-08  3.29905036e+00  1.47700000e-08  0.00000000e+00  1.47700000e-08  0.00000000e+00 
 1.47900000e-08  3.30000001e+00  1.47900000e-08  3.30000001e+00  1.47900000e-08  3.29877783e+00  1.47900000e-08  3.29905637e+00  1.47900000e-08  0.00000000e+00  1.47900000e-08  0.00000000e+00 
 1.48100000e-08  3.30000001e+00  1.48100000e-08  3.30000001e+00  1.48100000e-08  3.29878543e+00  1.48100000e-08  3.29906232e+00  1.48100000e-08  0.00000000e+00  1.48100000e-08  0.00000000e+00 
 1.48300000e-08  3.30000001e+00  1.48300000e-08  3.30000001e+00  1.48300000e-08  3.29879295e+00  1.48300000e-08  3.29906819e+00  1.48300000e-08  0.00000000e+00  1.48300000e-08  0.00000000e+00 
 1.48500000e-08  3.30000001e+00  1.48500000e-08  3.30000001e+00  1.48500000e-08  3.29880038e+00  1.48500000e-08  3.29907401e+00  1.48500000e-08  0.00000000e+00  1.48500000e-08  0.00000000e+00 
 1.48700000e-08  3.30000001e+00  1.48700000e-08  3.30000001e+00  1.48700000e-08  3.29880773e+00  1.48700000e-08  3.29907974e+00  1.48700000e-08  0.00000000e+00  1.48700000e-08  0.00000000e+00 
 1.48900000e-08  3.30000001e+00  1.48900000e-08  3.30000001e+00  1.48900000e-08  3.29881499e+00  1.48900000e-08  3.29908543e+00  1.48900000e-08  0.00000000e+00  1.48900000e-08  0.00000000e+00 
 1.49100000e-08  3.30000001e+00  1.49100000e-08  3.30000001e+00  1.49100000e-08  3.29882217e+00  1.49100000e-08  3.29909103e+00  1.49100000e-08  0.00000000e+00  1.49100000e-08  0.00000000e+00 
 1.49300000e-08  3.30000001e+00  1.49300000e-08  3.30000001e+00  1.49300000e-08  3.29882927e+00  1.49300000e-08  3.29909659e+00  1.49300000e-08  0.00000000e+00  1.49300000e-08  0.00000000e+00 
 1.49500000e-08  3.30000001e+00  1.49500000e-08  3.30000001e+00  1.49500000e-08  3.29883629e+00  1.49500000e-08  3.29910207e+00  1.49500000e-08  0.00000000e+00  1.49500000e-08  0.00000000e+00 
 1.49700000e-08  3.30000001e+00  1.49700000e-08  3.30000001e+00  1.49700000e-08  3.29884324e+00  1.49700000e-08  3.29910750e+00  1.49700000e-08  0.00000000e+00  1.49700000e-08  0.00000000e+00 
 1.49900000e-08  3.30000001e+00  1.49900000e-08  3.30000001e+00  1.49900000e-08  3.29885010e+00  1.49900000e-08  3.29911286e+00  1.49900000e-08  0.00000000e+00  1.49900000e-08  0.00000000e+00 
 1.50100000e-08  3.30000001e+00  1.50100000e-08  3.30000001e+00  1.50100000e-08  3.29885689e+00  1.50100000e-08  3.29911817e+00  1.50100000e-08  0.00000000e+00  1.50100000e-08  0.00000000e+00 
 1.50300000e-08  3.30000001e+00  1.50300000e-08  3.30000001e+00  1.50300000e-08  3.29886361e+00  1.50300000e-08  3.29912341e+00  1.50300000e-08  0.00000000e+00  1.50300000e-08  0.00000000e+00 
 1.50500000e-08  3.30000001e+00  1.50500000e-08  3.30000001e+00  1.50500000e-08  3.29887025e+00  1.50500000e-08  3.29912860e+00  1.50500000e-08  0.00000000e+00  1.50500000e-08  0.00000000e+00 
 1.50700000e-08  3.30000001e+00  1.50700000e-08  3.30000001e+00  1.50700000e-08  3.29887683e+00  1.50700000e-08  3.29913373e+00  1.50700000e-08  0.00000000e+00  1.50700000e-08  0.00000000e+00 
 1.50900000e-08  3.30000001e+00  1.50900000e-08  3.30000001e+00  1.50900000e-08  3.29888333e+00  1.50900000e-08  3.29913881e+00  1.50900000e-08  0.00000000e+00  1.50900000e-08  0.00000000e+00 
 1.51100000e-08  3.30000001e+00  1.51100000e-08  3.30000001e+00  1.51100000e-08  3.29888976e+00  1.51100000e-08  3.29914382e+00  1.51100000e-08  0.00000000e+00  1.51100000e-08  0.00000000e+00 
 1.51300000e-08  3.30000001e+00  1.51300000e-08  3.30000001e+00  1.51300000e-08  3.29889612e+00  1.51300000e-08  3.29914879e+00  1.51300000e-08  0.00000000e+00  1.51300000e-08  0.00000000e+00 
 1.51500000e-08  3.30000001e+00  1.51500000e-08  3.30000001e+00  1.51500000e-08  3.29890242e+00  1.51500000e-08  3.29915370e+00  1.51500000e-08  0.00000000e+00  1.51500000e-08  0.00000000e+00 
 1.51700000e-08  3.30000001e+00  1.51700000e-08  3.30000001e+00  1.51700000e-08  3.29890864e+00  1.51700000e-08  3.29915857e+00  1.51700000e-08  0.00000000e+00  1.51700000e-08  0.00000000e+00 
 1.51900000e-08  3.30000001e+00  1.51900000e-08  3.30000001e+00  1.51900000e-08  3.29891481e+00  1.51900000e-08  3.29916337e+00  1.51900000e-08  0.00000000e+00  1.51900000e-08  0.00000000e+00 
 1.52100000e-08  3.30000001e+00  1.52100000e-08  3.30000001e+00  1.52100000e-08  3.29892090e+00  1.52100000e-08  3.29916814e+00  1.52100000e-08  0.00000000e+00  1.52100000e-08  0.00000000e+00 
 1.52300000e-08  3.30000000e+00  1.52300000e-08  3.30000001e+00  1.52300000e-08  3.29892694e+00  1.52300000e-08  3.29917284e+00  1.52300000e-08  0.00000000e+00  1.52300000e-08  0.00000000e+00 
 1.52500000e-08  3.30000001e+00  1.52500000e-08  3.30000000e+00  1.52500000e-08  3.29893291e+00  1.52500000e-08  3.29917751e+00  1.52500000e-08  0.00000000e+00  1.52500000e-08  0.00000000e+00 
 1.52700000e-08  3.30000000e+00  1.52700000e-08  3.30000001e+00  1.52700000e-08  3.29893882e+00  1.52700000e-08  3.29918211e+00  1.52700000e-08  0.00000000e+00  1.52700000e-08  0.00000000e+00 
 1.52900000e-08  3.30000000e+00  1.52900000e-08  3.30000000e+00  1.52900000e-08  3.29894466e+00  1.52900000e-08  3.29918668e+00  1.52900000e-08  0.00000000e+00  1.52900000e-08  0.00000000e+00 
 1.53100000e-08  3.30000000e+00  1.53100000e-08  3.30000000e+00  1.53100000e-08  3.29895046e+00  1.53100000e-08  3.29919119e+00  1.53100000e-08  0.00000000e+00  1.53100000e-08  0.00000000e+00 
 1.53300000e-08  3.30000000e+00  1.53300000e-08  3.30000000e+00  1.53300000e-08  3.29895618e+00  1.53300000e-08  3.29919566e+00  1.53300000e-08  0.00000000e+00  1.53300000e-08  0.00000000e+00 
 1.53500000e-08  3.30000000e+00  1.53500000e-08  3.30000000e+00  1.53500000e-08  3.29896186e+00  1.53500000e-08  3.29920008e+00  1.53500000e-08  0.00000000e+00  1.53500000e-08  0.00000000e+00 
 1.53700000e-08  3.30000000e+00  1.53700000e-08  3.30000000e+00  1.53700000e-08  3.29896747e+00  1.53700000e-08  3.29920447e+00  1.53700000e-08  0.00000000e+00  1.53700000e-08  0.00000000e+00 
 1.53900000e-08  3.30000000e+00  1.53900000e-08  3.30000000e+00  1.53900000e-08  3.29897303e+00  1.53900000e-08  3.29920879e+00  1.53900000e-08  0.00000000e+00  1.53900000e-08  0.00000000e+00 
 1.54100000e-08  3.30000000e+00  1.54100000e-08  3.30000000e+00  1.54100000e-08  3.29897853e+00  1.54100000e-08  3.29921309e+00  1.54100000e-08  0.00000000e+00  1.54100000e-08  0.00000000e+00 
 1.54300000e-08  3.30000000e+00  1.54300000e-08  3.30000000e+00  1.54300000e-08  3.29898398e+00  1.54300000e-08  3.29921733e+00  1.54300000e-08  0.00000000e+00  1.54300000e-08  0.00000000e+00 
 1.54500000e-08  3.30000000e+00  1.54500000e-08  3.30000000e+00  1.54500000e-08  3.29898937e+00  1.54500000e-08  3.29922154e+00  1.54500000e-08  0.00000000e+00  1.54500000e-08  0.00000000e+00 
 1.54700000e-08  3.30000000e+00  1.54700000e-08  3.30000000e+00  1.54700000e-08  3.29899471e+00  1.54700000e-08  3.29922570e+00  1.54700000e-08  0.00000000e+00  1.54700000e-08  0.00000000e+00 
 1.54900000e-08  3.30000000e+00  1.54900000e-08  3.30000000e+00  1.54900000e-08  3.29900000e+00  1.54900000e-08  3.29922983e+00  1.54900000e-08  0.00000000e+00  1.54900000e-08  0.00000000e+00 
 1.55100000e-08  3.30000000e+00  1.55100000e-08  3.30000000e+00  1.55100000e-08  3.29900523e+00  1.55100000e-08  3.29923390e+00  1.55100000e-08  0.00000000e+00  1.55100000e-08  0.00000000e+00 
 1.55300000e-08  3.30000000e+00  1.55300000e-08  3.30000000e+00  1.55300000e-08  3.29901042e+00  1.55300000e-08  3.29923795e+00  1.55300000e-08  0.00000000e+00  1.55300000e-08  0.00000000e+00 
 1.55500000e-08  3.30000000e+00  1.55500000e-08  3.30000000e+00  1.55500000e-08  3.29901555e+00  1.55500000e-08  3.29924194e+00  1.55500000e-08  0.00000000e+00  1.55500000e-08  0.00000000e+00 
 1.55700000e-08  3.30000000e+00  1.55700000e-08  3.30000000e+00  1.55700000e-08  3.29902064e+00  1.55700000e-08  3.29924591e+00  1.55700000e-08  0.00000000e+00  1.55700000e-08  0.00000000e+00 
 1.55900000e-08  3.30000000e+00  1.55900000e-08  3.30000000e+00  1.55900000e-08  3.29902567e+00  1.55900000e-08  3.29924983e+00  1.55900000e-08  0.00000000e+00  1.55900000e-08  0.00000000e+00 
 1.56100000e-08  3.30000000e+00  1.56100000e-08  3.30000000e+00  1.56100000e-08  3.29903066e+00  1.56100000e-08  3.29925372e+00  1.56100000e-08  0.00000000e+00  1.56100000e-08  0.00000000e+00 
 1.56300000e-08  3.30000000e+00  1.56300000e-08  3.30000000e+00  1.56300000e-08  3.29903560e+00  1.56300000e-08  3.29925756e+00  1.56300000e-08  0.00000000e+00  1.56300000e-08  0.00000000e+00 
 1.56500000e-08  3.30000000e+00  1.56500000e-08  3.30000000e+00  1.56500000e-08  3.29904049e+00  1.56500000e-08  3.29926138e+00  1.56500000e-08  0.00000000e+00  1.56500000e-08  0.00000000e+00 
 1.56700000e-08  3.30000000e+00  1.56700000e-08  3.30000000e+00  1.56700000e-08  3.29904534e+00  1.56700000e-08  3.29926515e+00  1.56700000e-08  0.00000000e+00  1.56700000e-08  0.00000000e+00 
 1.56900000e-08  3.30000000e+00  1.56900000e-08  3.30000000e+00  1.56900000e-08  3.29905014e+00  1.56900000e-08  3.29926890e+00  1.56900000e-08  0.00000000e+00  1.56900000e-08  0.00000000e+00 
 1.57100000e-08  3.30000000e+00  1.57100000e-08  3.30000000e+00  1.57100000e-08  3.29905490e+00  1.57100000e-08  3.29927259e+00  1.57100000e-08  0.00000000e+00  1.57100000e-08  0.00000000e+00 
 1.57300000e-08  3.30000000e+00  1.57300000e-08  3.30000000e+00  1.57300000e-08  3.29905961e+00  1.57300000e-08  3.29927627e+00  1.57300000e-08  0.00000000e+00  1.57300000e-08  0.00000000e+00 
 1.57500000e-08  3.30000000e+00  1.57500000e-08  3.30000000e+00  1.57500000e-08  3.29906428e+00  1.57500000e-08  3.29927990e+00  1.57500000e-08  0.00000000e+00  1.57500000e-08  0.00000000e+00 
 1.57700000e-08  3.30000000e+00  1.57700000e-08  3.30000000e+00  1.57700000e-08  3.29906890e+00  1.57700000e-08  3.29928350e+00  1.57700000e-08  0.00000000e+00  1.57700000e-08  0.00000000e+00 
 1.57900000e-08  3.30000000e+00  1.57900000e-08  3.30000000e+00  1.57900000e-08  3.29907348e+00  1.57900000e-08  3.29928707e+00  1.57900000e-08  0.00000000e+00  1.57900000e-08  0.00000000e+00 
 1.58100000e-08  3.30000000e+00  1.58100000e-08  3.30000000e+00  1.58100000e-08  3.29907802e+00  1.58100000e-08  3.29929061e+00  1.58100000e-08  0.00000000e+00  1.58100000e-08  0.00000000e+00 
 1.58300000e-08  3.30000000e+00  1.58300000e-08  3.30000000e+00  1.58300000e-08  3.29908252e+00  1.58300000e-08  3.29929410e+00  1.58300000e-08  0.00000000e+00  1.58300000e-08  0.00000000e+00 
 1.58500000e-08  3.30000000e+00  1.58500000e-08  3.30000000e+00  1.58500000e-08  3.29908698e+00  1.58500000e-08  3.29929758e+00  1.58500000e-08  0.00000000e+00  1.58500000e-08  0.00000000e+00 
 1.58700000e-08  3.30000000e+00  1.58700000e-08  3.30000000e+00  1.58700000e-08  3.29909140e+00  1.58700000e-08  3.29930101e+00  1.58700000e-08  0.00000000e+00  1.58700000e-08  0.00000000e+00 
 1.58900000e-08  3.30000000e+00  1.58900000e-08  3.30000000e+00  1.58900000e-08  3.29909577e+00  1.58900000e-08  3.29930442e+00  1.58900000e-08  0.00000000e+00  1.58900000e-08  0.00000000e+00 
 1.59100000e-08  3.30000000e+00  1.59100000e-08  3.30000000e+00  1.59100000e-08  3.29910011e+00  1.59100000e-08  3.29930779e+00  1.59100000e-08  0.00000000e+00  1.59100000e-08  0.00000000e+00 
 1.59300000e-08  3.30000000e+00  1.59300000e-08  3.30000000e+00  1.59300000e-08  3.29910441e+00  1.59300000e-08  3.29931114e+00  1.59300000e-08  0.00000000e+00  1.59300000e-08  0.00000000e+00 
 1.59500000e-08  3.30000000e+00  1.59500000e-08  3.30000000e+00  1.59500000e-08  3.29910867e+00  1.59500000e-08  3.29931445e+00  1.59500000e-08  0.00000000e+00  1.59500000e-08  0.00000000e+00 
 1.59700000e-08  3.30000000e+00  1.59700000e-08  3.30000000e+00  1.59700000e-08  3.29911289e+00  1.59700000e-08  3.29931774e+00  1.59700000e-08  0.00000000e+00  1.59700000e-08  0.00000000e+00 
 1.59900000e-08  3.30000000e+00  1.59900000e-08  3.30000000e+00  1.59900000e-08  3.29911708e+00  1.59900000e-08  3.29932099e+00  1.59900000e-08  0.00000000e+00  1.59900000e-08  0.00000000e+00 
 1.60100000e-08  3.30000000e+00  1.60100000e-08  3.30000000e+00  1.60100000e-08  3.29912122e+00  1.60100000e-08  3.29932423e+00  1.60100000e-08  0.00000000e+00  1.60100000e-08  0.00000000e+00 
 1.60300000e-08  3.30000000e+00  1.60300000e-08  3.30000000e+00  1.60300000e-08  3.29912534e+00  1.60300000e-08  3.29932742e+00  1.60300000e-08  0.00000000e+00  1.60300000e-08  0.00000000e+00 
 1.60500000e-08  3.30000000e+00  1.60500000e-08  3.30000000e+00  1.60500000e-08  3.29912941e+00  1.60500000e-08  3.29933059e+00  1.60500000e-08  0.00000000e+00  1.60500000e-08  0.00000000e+00 
 1.60700000e-08  3.30000000e+00  1.60700000e-08  3.30000000e+00  1.60700000e-08  3.29913346e+00  1.60700000e-08  3.29933373e+00  1.60700000e-08  0.00000000e+00  1.60700000e-08  0.00000000e+00 
 1.60900000e-08  3.30000000e+00  1.60900000e-08  3.30000000e+00  1.60900000e-08  3.29913746e+00  1.60900000e-08  3.29933685e+00  1.60900000e-08  0.00000000e+00  1.60900000e-08  0.00000000e+00 
 1.61100000e-08  3.30000000e+00  1.61100000e-08  3.30000000e+00  1.61100000e-08  3.29914143e+00  1.61100000e-08  3.29933993e+00  1.61100000e-08  0.00000000e+00  1.61100000e-08  0.00000000e+00 
 1.61300000e-08  3.30000000e+00  1.61300000e-08  3.30000000e+00  1.61300000e-08  3.29914536e+00  1.61300000e-08  3.29934300e+00  1.61300000e-08  0.00000000e+00  1.61300000e-08  0.00000000e+00 
 1.61500000e-08  3.30000000e+00  1.61500000e-08  3.30000000e+00  1.61500000e-08  3.29914927e+00  1.61500000e-08  3.29934603e+00  1.61500000e-08  0.00000000e+00  1.61500000e-08  0.00000000e+00 
 1.61700000e-08  3.30000000e+00  1.61700000e-08  3.30000000e+00  1.61700000e-08  3.29915314e+00  1.61700000e-08  3.29934904e+00  1.61700000e-08  0.00000000e+00  1.61700000e-08  0.00000000e+00 
 1.61900000e-08  3.30000000e+00  1.61900000e-08  3.30000000e+00  1.61900000e-08  3.29915698e+00  1.61900000e-08  3.29935202e+00  1.61900000e-08  0.00000000e+00  1.61900000e-08  0.00000000e+00 
 1.62100000e-08  3.30000000e+00  1.62100000e-08  3.30000000e+00  1.62100000e-08  3.29916078e+00  1.62100000e-08  3.29935498e+00  1.62100000e-08  0.00000000e+00  1.62100000e-08  0.00000000e+00 
 1.62300000e-08  3.30000000e+00  1.62300000e-08  3.30000000e+00  1.62300000e-08  3.29916455e+00  1.62300000e-08  3.29935791e+00  1.62300000e-08  0.00000000e+00  1.62300000e-08  0.00000000e+00 
 1.62500000e-08  3.30000000e+00  1.62500000e-08  3.30000000e+00  1.62500000e-08  3.29916829e+00  1.62500000e-08  3.29936082e+00  1.62500000e-08  0.00000000e+00  1.62500000e-08  0.00000000e+00 
 1.62700000e-08  3.30000000e+00  1.62700000e-08  3.30000000e+00  1.62700000e-08  3.29917200e+00  1.62700000e-08  3.29936370e+00  1.62700000e-08  0.00000000e+00  1.62700000e-08  0.00000000e+00 
 1.62900000e-08  3.30000000e+00  1.62900000e-08  3.30000000e+00  1.62900000e-08  3.29917568e+00  1.62900000e-08  3.29936656e+00  1.62900000e-08  0.00000000e+00  1.62900000e-08  0.00000000e+00 
 1.63100000e-08  3.30000000e+00  1.63100000e-08  3.30000000e+00  1.63100000e-08  3.29917933e+00  1.63100000e-08  3.29936939e+00  1.63100000e-08  0.00000000e+00  1.63100000e-08  0.00000000e+00 
 1.63300000e-08  3.30000000e+00  1.63300000e-08  3.30000000e+00  1.63300000e-08  3.29918294e+00  1.63300000e-08  3.29937221e+00  1.63300000e-08  0.00000000e+00  1.63300000e-08  0.00000000e+00 
 1.63500000e-08  3.30000000e+00  1.63500000e-08  3.30000000e+00  1.63500000e-08  3.29918653e+00  1.63500000e-08  3.29937499e+00  1.63500000e-08  0.00000000e+00  1.63500000e-08  0.00000000e+00 
 1.63700000e-08  3.30000000e+00  1.63700000e-08  3.30000000e+00  1.63700000e-08  3.29919008e+00  1.63700000e-08  3.29937776e+00  1.63700000e-08  0.00000000e+00  1.63700000e-08  0.00000000e+00 
 1.63900000e-08  3.30000000e+00  1.63900000e-08  3.30000000e+00  1.63900000e-08  3.29919362e+00  1.63900000e-08  3.29938049e+00  1.63900000e-08  0.00000000e+00  1.63900000e-08  0.00000000e+00 
 1.64100000e-08  3.30000000e+00  1.64100000e-08  3.30000000e+00  1.64100000e-08  3.29919711e+00  1.64100000e-08  3.29938322e+00  1.64100000e-08  0.00000000e+00  1.64100000e-08  0.00000000e+00 
 1.64300000e-08  3.30000000e+00  1.64300000e-08  3.30000000e+00  1.64300000e-08  3.29920059e+00  1.64300000e-08  3.29938591e+00  1.64300000e-08  0.00000000e+00  1.64300000e-08  0.00000000e+00 
 1.64500000e-08  3.30000000e+00  1.64500000e-08  3.30000000e+00  1.64500000e-08  3.29920403e+00  1.64500000e-08  3.29938859e+00  1.64500000e-08  0.00000000e+00  1.64500000e-08  0.00000000e+00 
 1.64700000e-08  3.30000000e+00  1.64700000e-08  3.30000000e+00  1.64700000e-08  3.29920744e+00  1.64700000e-08  3.29939123e+00  1.64700000e-08  0.00000000e+00  1.64700000e-08  0.00000000e+00 
 1.64900000e-08  3.30000000e+00  1.64900000e-08  3.30000000e+00  1.64900000e-08  3.29921083e+00  1.64900000e-08  3.29939387e+00  1.64900000e-08  0.00000000e+00  1.64900000e-08  0.00000000e+00 
 1.65100000e-08  3.30000000e+00  1.65100000e-08  3.30000000e+00  1.65100000e-08  3.29921419e+00  1.65100000e-08  3.29939647e+00  1.65100000e-08  0.00000000e+00  1.65100000e-08  0.00000000e+00 
 1.65300000e-08  3.30000000e+00  1.65300000e-08  3.30000000e+00  1.65300000e-08  3.29921752e+00  1.65300000e-08  3.29939907e+00  1.65300000e-08  0.00000000e+00  1.65300000e-08  0.00000000e+00 
 1.65500000e-08  3.30000000e+00  1.65500000e-08  3.30000000e+00  1.65500000e-08  3.29922083e+00  1.65500000e-08  3.29940163e+00  1.65500000e-08  0.00000000e+00  1.65500000e-08  0.00000000e+00 
 1.65700000e-08  3.30000000e+00  1.65700000e-08  3.30000000e+00  1.65700000e-08  3.29922411e+00  1.65700000e-08  3.29940418e+00  1.65700000e-08  0.00000000e+00  1.65700000e-08  0.00000000e+00 
 1.65900000e-08  3.30000000e+00  1.65900000e-08  3.30000000e+00  1.65900000e-08  3.29922737e+00  1.65900000e-08  3.29940671e+00  1.65900000e-08  0.00000000e+00  1.65900000e-08  0.00000000e+00 
 1.66100000e-08  3.30000000e+00  1.66100000e-08  3.30000000e+00  1.66100000e-08  3.29923060e+00  1.66100000e-08  3.29940922e+00  1.66100000e-08  0.00000000e+00  1.66100000e-08  0.00000000e+00 
 1.66300000e-08  3.30000000e+00  1.66300000e-08  3.30000000e+00  1.66300000e-08  3.29923380e+00  1.66300000e-08  3.29941170e+00  1.66300000e-08  0.00000000e+00  1.66300000e-08  0.00000000e+00 
 1.66500000e-08  3.30000000e+00  1.66500000e-08  3.30000000e+00  1.66500000e-08  3.29923698e+00  1.66500000e-08  3.29941417e+00  1.66500000e-08  0.00000000e+00  1.66500000e-08  0.00000000e+00 
 1.66700000e-08  3.30000000e+00  1.66700000e-08  3.30000000e+00  1.66700000e-08  3.29924014e+00  1.66700000e-08  3.29941662e+00  1.66700000e-08  0.00000000e+00  1.66700000e-08  0.00000000e+00 
 1.66900000e-08  3.30000000e+00  1.66900000e-08  3.30000000e+00  1.66900000e-08  3.29924326e+00  1.66900000e-08  3.29941905e+00  1.66900000e-08  0.00000000e+00  1.66900000e-08  0.00000000e+00 
 1.67100000e-08  3.30000000e+00  1.67100000e-08  3.30000000e+00  1.67100000e-08  3.29924637e+00  1.67100000e-08  3.29942145e+00  1.67100000e-08  0.00000000e+00  1.67100000e-08  0.00000000e+00 
 1.67300000e-08  3.30000000e+00  1.67300000e-08  3.30000000e+00  1.67300000e-08  3.29924945e+00  1.67300000e-08  3.29942385e+00  1.67300000e-08  0.00000000e+00  1.67300000e-08  0.00000000e+00 
 1.67500000e-08  3.30000000e+00  1.67500000e-08  3.30000000e+00  1.67500000e-08  3.29925251e+00  1.67500000e-08  3.29942622e+00  1.67500000e-08  0.00000000e+00  1.67500000e-08  0.00000000e+00 
 1.67700000e-08  3.30000000e+00  1.67700000e-08  3.30000000e+00  1.67700000e-08  3.29925554e+00  1.67700000e-08  3.29942858e+00  1.67700000e-08  0.00000000e+00  1.67700000e-08  0.00000000e+00 
 1.67900000e-08  3.30000000e+00  1.67900000e-08  3.30000000e+00  1.67900000e-08  3.29925856e+00  1.67900000e-08  3.29943091e+00  1.67900000e-08  0.00000000e+00  1.67900000e-08  0.00000000e+00 
 1.68100000e-08  3.30000000e+00  1.68100000e-08  3.30000000e+00  1.68100000e-08  3.29926154e+00  1.68100000e-08  3.29943323e+00  1.68100000e-08  0.00000000e+00  1.68100000e-08  0.00000000e+00 
 1.68300000e-08  3.30000000e+00  1.68300000e-08  3.30000000e+00  1.68300000e-08  3.29926451e+00  1.68300000e-08  3.29943553e+00  1.68300000e-08  0.00000000e+00  1.68300000e-08  0.00000000e+00 
 1.68500000e-08  3.30000000e+00  1.68500000e-08  3.30000000e+00  1.68500000e-08  3.29926745e+00  1.68500000e-08  3.29943782e+00  1.68500000e-08  0.00000000e+00  1.68500000e-08  0.00000000e+00 
 1.68700000e-08  3.30000000e+00  1.68700000e-08  3.30000000e+00  1.68700000e-08  3.29927038e+00  1.68700000e-08  3.29944008e+00  1.68700000e-08  0.00000000e+00  1.68700000e-08  0.00000000e+00 
 1.68900000e-08  3.30000000e+00  1.68900000e-08  3.30000000e+00  1.68900000e-08  3.29927327e+00  1.68900000e-08  3.29944233e+00  1.68900000e-08  0.00000000e+00  1.68900000e-08  0.00000000e+00 
 1.69100000e-08  3.30000000e+00  1.69100000e-08  3.30000000e+00  1.69100000e-08  3.29927615e+00  1.69100000e-08  3.29944456e+00  1.69100000e-08  0.00000000e+00  1.69100000e-08  0.00000000e+00 
 1.69300000e-08  3.30000000e+00  1.69300000e-08  3.30000000e+00  1.69300000e-08  3.29927901e+00  1.69300000e-08  3.29944678e+00  1.69300000e-08  0.00000000e+00  1.69300000e-08  0.00000000e+00 
 1.69500000e-08  3.30000000e+00  1.69500000e-08  3.30000000e+00  1.69500000e-08  3.29928185e+00  1.69500000e-08  3.29944897e+00  1.69500000e-08  0.00000000e+00  1.69500000e-08  0.00000000e+00 
 1.69700000e-08  3.30000000e+00  1.69700000e-08  3.30000000e+00  1.69700000e-08  3.29928466e+00  1.69700000e-08  3.29945116e+00  1.69700000e-08  0.00000000e+00  1.69700000e-08  0.00000000e+00 
 1.69900000e-08  3.30000000e+00  1.69900000e-08  3.30000000e+00  1.69900000e-08  3.29928745e+00  1.69900000e-08  3.29945332e+00  1.69900000e-08  0.00000000e+00  1.69900000e-08  0.00000000e+00 
 1.70100000e-08  3.30000000e+00  1.70100000e-08  3.30000000e+00  1.70100000e-08  3.29929022e+00  1.70100000e-08  3.29945548e+00  1.70100000e-08  0.00000000e+00  1.70100000e-08  0.00000000e+00 
 1.70300000e-08  3.30000000e+00  1.70300000e-08  3.30000000e+00  1.70300000e-08  3.29929298e+00  1.70300000e-08  3.29945761e+00  1.70300000e-08  0.00000000e+00  1.70300000e-08  0.00000000e+00 
 1.70500000e-08  3.30000000e+00  1.70500000e-08  3.30000000e+00  1.70500000e-08  3.29929571e+00  1.70500000e-08  3.29945973e+00  1.70500000e-08  0.00000000e+00  1.70500000e-08  0.00000000e+00 
 1.70700000e-08  3.30000000e+00  1.70700000e-08  3.30000000e+00  1.70700000e-08  3.29929843e+00  1.70700000e-08  3.29946183e+00  1.70700000e-08  0.00000000e+00  1.70700000e-08  0.00000000e+00 
 1.70900000e-08  3.30000000e+00  1.70900000e-08  3.30000000e+00  1.70900000e-08  3.29930112e+00  1.70900000e-08  3.29946392e+00  1.70900000e-08  0.00000000e+00  1.70900000e-08  0.00000000e+00 
 1.71100000e-08  3.30000000e+00  1.71100000e-08  3.30000000e+00  1.71100000e-08  3.29930379e+00  1.71100000e-08  3.29946599e+00  1.71100000e-08  0.00000000e+00  1.71100000e-08  0.00000000e+00 
 1.71300000e-08  3.30000000e+00  1.71300000e-08  3.30000000e+00  1.71300000e-08  3.29930644e+00  1.71300000e-08  3.29946805e+00  1.71300000e-08  0.00000000e+00  1.71300000e-08  0.00000000e+00 
 1.71500000e-08  3.30000000e+00  1.71500000e-08  3.30000000e+00  1.71500000e-08  3.29930908e+00  1.71500000e-08  3.29947009e+00  1.71500000e-08  0.00000000e+00  1.71500000e-08  0.00000000e+00 
 1.71700000e-08  3.30000000e+00  1.71700000e-08  3.30000000e+00  1.71700000e-08  3.29931170e+00  1.71700000e-08  3.29947212e+00  1.71700000e-08  0.00000000e+00  1.71700000e-08  0.00000000e+00 
 1.71900000e-08  3.30000000e+00  1.71900000e-08  3.30000000e+00  1.71900000e-08  3.29931430e+00  1.71900000e-08  3.29947413e+00  1.71900000e-08  0.00000000e+00  1.71900000e-08  0.00000000e+00 
 1.72100000e-08  3.30000000e+00  1.72100000e-08  3.30000000e+00  1.72100000e-08  3.29931687e+00  1.72100000e-08  3.29947613e+00  1.72100000e-08  0.00000000e+00  1.72100000e-08  0.00000000e+00 
 1.72300000e-08  3.30000000e+00  1.72300000e-08  3.30000000e+00  1.72300000e-08  3.29931944e+00  1.72300000e-08  3.29947811e+00  1.72300000e-08  0.00000000e+00  1.72300000e-08  0.00000000e+00 
 1.72500000e-08  3.30000000e+00  1.72500000e-08  3.30000000e+00  1.72500000e-08  3.29932198e+00  1.72500000e-08  3.29948009e+00  1.72500000e-08  0.00000000e+00  1.72500000e-08  0.00000000e+00 
 1.72700000e-08  3.30000000e+00  1.72700000e-08  3.30000000e+00  1.72700000e-08  3.29932451e+00  1.72700000e-08  3.29948204e+00  1.72700000e-08  0.00000000e+00  1.72700000e-08  0.00000000e+00 
 1.72900000e-08  3.30000000e+00  1.72900000e-08  3.30000000e+00  1.72900000e-08  3.29932701e+00  1.72900000e-08  3.29948398e+00  1.72900000e-08  0.00000000e+00  1.72900000e-08  0.00000000e+00 
 1.73100000e-08  3.30000000e+00  1.73100000e-08  3.30000000e+00  1.73100000e-08  3.29932950e+00  1.73100000e-08  3.29948591e+00  1.73100000e-08  0.00000000e+00  1.73100000e-08  0.00000000e+00 
 1.73300000e-08  3.30000000e+00  1.73300000e-08  3.30000000e+00  1.73300000e-08  3.29933197e+00  1.73300000e-08  3.29948783e+00  1.73300000e-08  0.00000000e+00  1.73300000e-08  0.00000000e+00 
 1.73500000e-08  3.30000000e+00  1.73500000e-08  3.30000000e+00  1.73500000e-08  3.29933443e+00  1.73500000e-08  3.29948973e+00  1.73500000e-08  0.00000000e+00  1.73500000e-08  0.00000000e+00 
 1.73700000e-08  3.30000000e+00  1.73700000e-08  3.30000000e+00  1.73700000e-08  3.29933687e+00  1.73700000e-08  3.29949162e+00  1.73700000e-08  0.00000000e+00  1.73700000e-08  0.00000000e+00 
 1.73900000e-08  3.30000000e+00  1.73900000e-08  3.30000000e+00  1.73900000e-08  3.29933929e+00  1.73900000e-08  3.29949349e+00  1.73900000e-08  0.00000000e+00  1.73900000e-08  0.00000000e+00 
 1.74100000e-08  3.30000000e+00  1.74100000e-08  3.30000000e+00  1.74100000e-08  3.29934169e+00  1.74100000e-08  3.29949536e+00  1.74100000e-08  0.00000000e+00  1.74100000e-08  0.00000000e+00 
 1.74300000e-08  3.30000000e+00  1.74300000e-08  3.30000000e+00  1.74300000e-08  3.29934408e+00  1.74300000e-08  3.29949720e+00  1.74300000e-08  0.00000000e+00  1.74300000e-08  0.00000000e+00 
 1.74500000e-08  3.30000000e+00  1.74500000e-08  3.30000000e+00  1.74500000e-08  3.29934645e+00  1.74500000e-08  3.29949904e+00  1.74500000e-08  0.00000000e+00  1.74500000e-08  0.00000000e+00 
 1.74700000e-08  3.30000000e+00  1.74700000e-08  3.30000000e+00  1.74700000e-08  3.29934881e+00  1.74700000e-08  3.29950086e+00  1.74700000e-08  0.00000000e+00  1.74700000e-08  0.00000000e+00 
 1.74900000e-08  3.30000000e+00  1.74900000e-08  3.30000000e+00  1.74900000e-08  3.29935115e+00  1.74900000e-08  3.29950268e+00  1.74900000e-08  0.00000000e+00  1.74900000e-08  0.00000000e+00 
 1.75100000e-08  3.30000000e+00  1.75100000e-08  3.30000000e+00  1.75100000e-08  3.29935348e+00  1.75100000e-08  3.29950447e+00  1.75100000e-08  0.00000000e+00  1.75100000e-08  0.00000000e+00 
 1.75300000e-08  3.30000000e+00  1.75300000e-08  3.30000000e+00  1.75300000e-08  3.29935578e+00  1.75300000e-08  3.29950627e+00  1.75300000e-08  0.00000000e+00  1.75300000e-08  0.00000000e+00 
 1.75500000e-08  3.30000000e+00  1.75500000e-08  3.30000000e+00  1.75500000e-08  3.29935808e+00  1.75500000e-08  3.29950804e+00  1.75500000e-08  0.00000000e+00  1.75500000e-08  0.00000000e+00 
 1.75700000e-08  3.30000000e+00  1.75700000e-08  3.30000000e+00  1.75700000e-08  3.29936035e+00  1.75700000e-08  3.29950980e+00  1.75700000e-08  0.00000000e+00  1.75700000e-08  0.00000000e+00 
 1.75900000e-08  3.30000000e+00  1.75900000e-08  3.30000000e+00  1.75900000e-08  3.29936262e+00  1.75900000e-08  3.29951155e+00  1.75900000e-08  0.00000000e+00  1.75900000e-08  0.00000000e+00 
 1.76100000e-08  3.30000000e+00  1.76100000e-08  3.30000000e+00  1.76100000e-08  3.29936486e+00  1.76100000e-08  3.29951329e+00  1.76100000e-08  0.00000000e+00  1.76100000e-08  0.00000000e+00 
 1.76300000e-08  3.30000000e+00  1.76300000e-08  3.30000000e+00  1.76300000e-08  3.29936710e+00  1.76300000e-08  3.29951502e+00  1.76300000e-08  0.00000000e+00  1.76300000e-08  0.00000000e+00 
 1.76500000e-08  3.30000000e+00  1.76500000e-08  3.30000000e+00  1.76500000e-08  3.29936931e+00  1.76500000e-08  3.29951674e+00  1.76500000e-08  0.00000000e+00  1.76500000e-08  0.00000000e+00 
 1.76700000e-08  3.30000000e+00  1.76700000e-08  3.30000000e+00  1.76700000e-08  3.29937152e+00  1.76700000e-08  3.29951844e+00  1.76700000e-08  0.00000000e+00  1.76700000e-08  0.00000000e+00 
 1.76900000e-08  3.30000000e+00  1.76900000e-08  3.30000000e+00  1.76900000e-08  3.29937370e+00  1.76900000e-08  3.29952014e+00  1.76900000e-08  0.00000000e+00  1.76900000e-08  0.00000000e+00 
 1.77100000e-08  3.30000000e+00  1.77100000e-08  3.30000000e+00  1.77100000e-08  3.29937588e+00  1.77100000e-08  3.29952181e+00  1.77100000e-08  0.00000000e+00  1.77100000e-08  0.00000000e+00 
 1.77300000e-08  3.30000000e+00  1.77300000e-08  3.30000000e+00  1.77300000e-08  3.29937804e+00  1.77300000e-08  3.29952349e+00  1.77300000e-08  0.00000000e+00  1.77300000e-08  0.00000000e+00 
 1.77500000e-08  3.30000000e+00  1.77500000e-08  3.30000000e+00  1.77500000e-08  3.29938018e+00  1.77500000e-08  3.29952514e+00  1.77500000e-08  0.00000000e+00  1.77500000e-08  0.00000000e+00 
 1.77700000e-08  3.30000000e+00  1.77700000e-08  3.30000000e+00  1.77700000e-08  3.29938231e+00  1.77700000e-08  3.29952680e+00  1.77700000e-08  0.00000000e+00  1.77700000e-08  0.00000000e+00 
 1.77900000e-08  3.30000000e+00  1.77900000e-08  3.30000000e+00  1.77900000e-08  3.29938443e+00  1.77900000e-08  3.29952843e+00  1.77900000e-08  0.00000000e+00  1.77900000e-08  0.00000000e+00 
 1.78100000e-08  3.30000000e+00  1.78100000e-08  3.30000000e+00  1.78100000e-08  3.29938654e+00  1.78100000e-08  3.29953006e+00  1.78100000e-08  0.00000000e+00  1.78100000e-08  0.00000000e+00 
 1.78300000e-08  3.30000000e+00  1.78300000e-08  3.30000000e+00  1.78300000e-08  3.29938863e+00  1.78300000e-08  3.29953168e+00  1.78300000e-08  0.00000000e+00  1.78300000e-08  0.00000000e+00 
 1.78500000e-08  3.30000000e+00  1.78500000e-08  3.30000000e+00  1.78500000e-08  3.29939070e+00  1.78500000e-08  3.29953329e+00  1.78500000e-08  0.00000000e+00  1.78500000e-08  0.00000000e+00 
 1.78700000e-08  3.30000000e+00  1.78700000e-08  3.30000000e+00  1.78700000e-08  3.29939277e+00  1.78700000e-08  3.29953488e+00  1.78700000e-08  0.00000000e+00  1.78700000e-08  0.00000000e+00 
 1.78900000e-08  3.30000000e+00  1.78900000e-08  3.30000000e+00  1.78900000e-08  3.29939482e+00  1.78900000e-08  3.29953647e+00  1.78900000e-08  0.00000000e+00  1.78900000e-08  0.00000000e+00 
 1.79100000e-08  3.30000000e+00  1.79100000e-08  3.30000000e+00  1.79100000e-08  3.29939686e+00  1.79100000e-08  3.29953804e+00  1.79100000e-08  0.00000000e+00  1.79100000e-08  0.00000000e+00 
 1.79300000e-08  3.30000000e+00  1.79300000e-08  3.30000000e+00  1.79300000e-08  3.29939888e+00  1.79300000e-08  3.29953961e+00  1.79300000e-08  0.00000000e+00  1.79300000e-08  0.00000000e+00 
 1.79500000e-08  3.30000000e+00  1.79500000e-08  3.30000000e+00  1.79500000e-08  3.29940089e+00  1.79500000e-08  3.29954116e+00  1.79500000e-08  0.00000000e+00  1.79500000e-08  0.00000000e+00 
 1.79700000e-08  3.30000000e+00  1.79700000e-08  3.30000000e+00  1.79700000e-08  3.29940289e+00  1.79700000e-08  3.29954271e+00  1.79700000e-08  0.00000000e+00  1.79700000e-08  0.00000000e+00 
 1.79900000e-08  3.30000000e+00  1.79900000e-08  3.30000000e+00  1.79900000e-08  3.29940488e+00  1.79900000e-08  3.29954424e+00  1.79900000e-08  0.00000000e+00  1.79900000e-08  0.00000000e+00 
 1.80100000e-08  3.30000000e+00  1.80100000e-08  3.30000000e+00  1.80100000e-08  3.29940685e+00  1.80100000e-08  3.29954577e+00  1.80100000e-08  0.00000000e+00  1.80100000e-08  0.00000000e+00 
 1.80300000e-08  3.30000000e+00  1.80300000e-08  3.30000000e+00  1.80300000e-08  3.29940881e+00  1.80300000e-08  3.29954729e+00  1.80300000e-08  0.00000000e+00  1.80300000e-08  0.00000000e+00 
 1.80500000e-08  3.30000000e+00  1.80500000e-08  3.30000000e+00  1.80500000e-08  3.29941076e+00  1.80500000e-08  3.29954880e+00  1.80500000e-08  0.00000000e+00  1.80500000e-08  0.00000000e+00 
 1.80700000e-08  3.30000000e+00  1.80700000e-08  3.30000000e+00  1.80700000e-08  3.29941270e+00  1.80700000e-08  3.29955029e+00  1.80700000e-08  0.00000000e+00  1.80700000e-08  0.00000000e+00 
 1.80900000e-08  3.30000000e+00  1.80900000e-08  3.30000000e+00  1.80900000e-08  3.29941462e+00  1.80900000e-08  3.29955178e+00  1.80900000e-08  0.00000000e+00  1.80900000e-08  0.00000000e+00 
 1.81100000e-08  3.30000000e+00  1.81100000e-08  3.30000000e+00  1.81100000e-08  3.29941654e+00  1.81100000e-08  3.29955326e+00  1.81100000e-08  0.00000000e+00  1.81100000e-08  0.00000000e+00 
 1.81300000e-08  3.30000000e+00  1.81300000e-08  3.30000000e+00  1.81300000e-08  3.29941844e+00  1.81300000e-08  3.29955473e+00  1.81300000e-08  0.00000000e+00  1.81300000e-08  0.00000000e+00 
 1.81500000e-08  3.30000000e+00  1.81500000e-08  3.30000000e+00  1.81500000e-08  3.29942033e+00  1.81500000e-08  3.29955619e+00  1.81500000e-08  0.00000000e+00  1.81500000e-08  0.00000000e+00 
 1.81700000e-08  3.30000000e+00  1.81700000e-08  3.30000000e+00  1.81700000e-08  3.29942220e+00  1.81700000e-08  3.29955764e+00  1.81700000e-08  0.00000000e+00  1.81700000e-08  0.00000000e+00 
 1.81900000e-08  3.30000000e+00  1.81900000e-08  3.30000000e+00  1.81900000e-08  3.29942407e+00  1.81900000e-08  3.29955908e+00  1.81900000e-08  0.00000000e+00  1.81900000e-08  0.00000000e+00 
 1.82100000e-08  3.30000000e+00  1.82100000e-08  3.30000000e+00  1.82100000e-08  3.29942593e+00  1.82100000e-08  3.29956052e+00  1.82100000e-08  0.00000000e+00  1.82100000e-08  0.00000000e+00 
 1.82300000e-08  3.30000000e+00  1.82300000e-08  3.30000000e+00  1.82300000e-08  3.29942777e+00  1.82300000e-08  3.29956194e+00  1.82300000e-08  0.00000000e+00  1.82300000e-08  0.00000000e+00 
 1.82500000e-08  3.30000000e+00  1.82500000e-08  3.30000000e+00  1.82500000e-08  3.29942960e+00  1.82500000e-08  3.29956336e+00  1.82500000e-08  0.00000000e+00  1.82500000e-08  0.00000000e+00 
 1.82700000e-08  3.30000000e+00  1.82700000e-08  3.30000000e+00  1.82700000e-08  3.29943143e+00  1.82700000e-08  3.29956476e+00  1.82700000e-08  0.00000000e+00  1.82700000e-08  0.00000000e+00 
 1.82900000e-08  3.30000000e+00  1.82900000e-08  3.30000000e+00  1.82900000e-08  3.29943323e+00  1.82900000e-08  3.29956617e+00  1.82900000e-08  0.00000000e+00  1.82900000e-08  0.00000000e+00 
 1.83100000e-08  3.30000000e+00  1.83100000e-08  3.30000000e+00  1.83100000e-08  3.29943504e+00  1.83100000e-08  3.29956755e+00  1.83100000e-08  0.00000000e+00  1.83100000e-08  0.00000000e+00 
 1.83300000e-08  3.30000000e+00  1.83300000e-08  3.30000000e+00  1.83300000e-08  3.29943682e+00  1.83300000e-08  3.29956894e+00  1.83300000e-08  0.00000000e+00  1.83300000e-08  0.00000000e+00 
 1.83500000e-08  3.30000000e+00  1.83500000e-08  3.30000000e+00  1.83500000e-08  3.29943860e+00  1.83500000e-08  3.29957031e+00  1.83500000e-08  0.00000000e+00  1.83500000e-08  0.00000000e+00 
 1.83700000e-08  3.30000000e+00  1.83700000e-08  3.30000000e+00  1.83700000e-08  3.29944037e+00  1.83700000e-08  3.29957168e+00  1.83700000e-08  0.00000000e+00  1.83700000e-08  0.00000000e+00 
 1.83900000e-08  3.30000000e+00  1.83900000e-08  3.30000000e+00  1.83900000e-08  3.29944213e+00  1.83900000e-08  3.29957303e+00  1.83900000e-08  0.00000000e+00  1.83900000e-08  0.00000000e+00 
 1.84100000e-08  3.30000000e+00  1.84100000e-08  3.30000000e+00  1.84100000e-08  3.29944387e+00  1.84100000e-08  3.29957438e+00  1.84100000e-08  0.00000000e+00  1.84100000e-08  0.00000000e+00 
 1.84300000e-08  3.30000000e+00  1.84300000e-08  3.30000000e+00  1.84300000e-08  3.29944561e+00  1.84300000e-08  3.29957572e+00  1.84300000e-08  0.00000000e+00  1.84300000e-08  0.00000000e+00 
 1.84500000e-08  3.30000000e+00  1.84500000e-08  3.30000000e+00  1.84500000e-08  3.29944733e+00  1.84500000e-08  3.29957706e+00  1.84500000e-08  0.00000000e+00  1.84500000e-08  0.00000000e+00 
 1.84700000e-08  3.30000000e+00  1.84700000e-08  3.30000000e+00  1.84700000e-08  3.29944905e+00  1.84700000e-08  3.29957838e+00  1.84700000e-08  0.00000000e+00  1.84700000e-08  0.00000000e+00 
 1.84900000e-08  3.30000000e+00  1.84900000e-08  3.30000000e+00  1.84900000e-08  3.29945075e+00  1.84900000e-08  3.29957970e+00  1.84900000e-08  0.00000000e+00  1.84900000e-08  0.00000000e+00 
 1.85100000e-08  3.30000000e+00  1.85100000e-08  3.30000000e+00  1.85100000e-08  3.29945245e+00  1.85100000e-08  3.29958100e+00  1.85100000e-08  0.00000000e+00  1.85100000e-08  0.00000000e+00 
 1.85300000e-08  3.30000000e+00  1.85300000e-08  3.30000000e+00  1.85300000e-08  3.29945413e+00  1.85300000e-08  3.29958231e+00  1.85300000e-08  0.00000000e+00  1.85300000e-08  0.00000000e+00 
 1.85500000e-08  3.30000000e+00  1.85500000e-08  3.30000000e+00  1.85500000e-08  3.29945581e+00  1.85500000e-08  3.29958360e+00  1.85500000e-08  0.00000000e+00  1.85500000e-08  0.00000000e+00 
 1.85700000e-08  3.30000000e+00  1.85700000e-08  3.30000000e+00  1.85700000e-08  3.29945748e+00  1.85700000e-08  3.29958489e+00  1.85700000e-08  0.00000000e+00  1.85700000e-08  0.00000000e+00 
 1.85900000e-08  3.30000000e+00  1.85900000e-08  3.30000000e+00  1.85900000e-08  3.29945914e+00  1.85900000e-08  3.29958616e+00  1.85900000e-08  0.00000000e+00  1.85900000e-08  0.00000000e+00 
 1.86100000e-08  3.30000000e+00  1.86100000e-08  3.30000000e+00  1.86100000e-08  3.29946078e+00  1.86100000e-08  3.29958744e+00  1.86100000e-08  0.00000000e+00  1.86100000e-08  0.00000000e+00 
 1.86300000e-08  3.30000000e+00  1.86300000e-08  3.30000000e+00  1.86300000e-08  3.29946242e+00  1.86300000e-08  3.29958870e+00  1.86300000e-08  0.00000000e+00  1.86300000e-08  0.00000000e+00 
 1.86500000e-08  3.30000000e+00  1.86500000e-08  3.30000000e+00  1.86500000e-08  3.29946405e+00  1.86500000e-08  3.29958996e+00  1.86500000e-08  0.00000000e+00  1.86500000e-08  0.00000000e+00 
 1.86700000e-08  3.30000000e+00  1.86700000e-08  3.30000000e+00  1.86700000e-08  3.29946567e+00  1.86700000e-08  3.29959121e+00  1.86700000e-08  0.00000000e+00  1.86700000e-08  0.00000000e+00 
 1.86900000e-08  3.30000000e+00  1.86900000e-08  3.30000000e+00  1.86900000e-08  3.29946727e+00  1.86900000e-08  3.29959245e+00  1.86900000e-08  0.00000000e+00  1.86900000e-08  0.00000000e+00 
 1.87100000e-08  3.30000000e+00  1.87100000e-08  3.30000000e+00  1.87100000e-08  3.29946888e+00  1.87100000e-08  3.29959368e+00  1.87100000e-08  0.00000000e+00  1.87100000e-08  0.00000000e+00 
 1.87300000e-08  3.30000000e+00  1.87300000e-08  3.30000000e+00  1.87300000e-08  3.29947046e+00  1.87300000e-08  3.29959492e+00  1.87300000e-08  0.00000000e+00  1.87300000e-08  0.00000000e+00 
 1.87500000e-08  3.30000000e+00  1.87500000e-08  3.30000000e+00  1.87500000e-08  3.29947205e+00  1.87500000e-08  3.29959613e+00  1.87500000e-08  0.00000000e+00  1.87500000e-08  0.00000000e+00 
 1.87700000e-08  3.30000000e+00  1.87700000e-08  3.30000000e+00  1.87700000e-08  3.29947362e+00  1.87700000e-08  3.29959735e+00  1.87700000e-08  0.00000000e+00  1.87700000e-08  0.00000000e+00 
 1.87900000e-08  3.30000000e+00  1.87900000e-08  3.30000000e+00  1.87900000e-08  3.29947519e+00  1.87900000e-08  3.29959855e+00  1.87900000e-08  0.00000000e+00  1.87900000e-08  0.00000000e+00 
 1.88100000e-08  3.30000000e+00  1.88100000e-08  3.30000000e+00  1.88100000e-08  3.29947674e+00  1.88100000e-08  3.29959976e+00  1.88100000e-08  0.00000000e+00  1.88100000e-08  0.00000000e+00 
 1.88300000e-08  3.30000000e+00  1.88300000e-08  3.30000000e+00  1.88300000e-08  3.29947829e+00  1.88300000e-08  3.29960095e+00  1.88300000e-08  0.00000000e+00  1.88300000e-08  0.00000000e+00 
 1.88500000e-08  3.30000000e+00  1.88500000e-08  3.30000000e+00  1.88500000e-08  3.29947982e+00  1.88500000e-08  3.29960214e+00  1.88500000e-08  0.00000000e+00  1.88500000e-08  0.00000000e+00 
 1.88700000e-08  3.30000000e+00  1.88700000e-08  3.30000000e+00  1.88700000e-08  3.29948136e+00  1.88700000e-08  3.29960331e+00  1.88700000e-08  0.00000000e+00  1.88700000e-08  0.00000000e+00 
 1.88900000e-08  3.30000000e+00  1.88900000e-08  3.30000000e+00  1.88900000e-08  3.29948287e+00  1.88900000e-08  3.29960449e+00  1.88900000e-08  0.00000000e+00  1.88900000e-08  0.00000000e+00 
 1.89100000e-08  3.30000000e+00  1.89100000e-08  3.30000000e+00  1.89100000e-08  3.29948439e+00  1.89100000e-08  3.29960565e+00  1.89100000e-08  0.00000000e+00  1.89100000e-08  0.00000000e+00 
 1.89300000e-08  3.30000000e+00  1.89300000e-08  3.30000000e+00  1.89300000e-08  3.29948589e+00  1.89300000e-08  3.29960682e+00  1.89300000e-08  0.00000000e+00  1.89300000e-08  0.00000000e+00 
 1.89500000e-08  3.30000000e+00  1.89500000e-08  3.30000000e+00  1.89500000e-08  3.29948739e+00  1.89500000e-08  3.29960797e+00  1.89500000e-08  0.00000000e+00  1.89500000e-08  0.00000000e+00 
 1.89700000e-08  3.30000000e+00  1.89700000e-08  3.30000000e+00  1.89700000e-08  3.29948887e+00  1.89700000e-08  3.29960912e+00  1.89700000e-08  0.00000000e+00  1.89700000e-08  0.00000000e+00 
 1.89900000e-08  3.30000000e+00  1.89900000e-08  3.30000000e+00  1.89900000e-08  3.29949036e+00  1.89900000e-08  3.29961026e+00  1.89900000e-08  0.00000000e+00  1.89900000e-08  0.00000000e+00 
 1.90100000e-08  3.30000000e+00  1.90100000e-08  3.30000000e+00  1.90100000e-08  3.29949182e+00  1.90100000e-08  3.29961140e+00  1.90100000e-08  0.00000000e+00  1.90100000e-08  0.00000000e+00 
 1.90300000e-08  3.30000000e+00  1.90300000e-08  3.30000000e+00  1.90300000e-08  3.29949329e+00  1.90300000e-08  3.29961252e+00  1.90300000e-08  0.00000000e+00  1.90300000e-08  0.00000000e+00 
 1.90500000e-08  3.30000000e+00  1.90500000e-08  3.30000000e+00  1.90500000e-08  3.29949474e+00  1.90500000e-08  3.29961365e+00  1.90500000e-08  0.00000000e+00  1.90500000e-08  0.00000000e+00 
 1.90700000e-08  3.30000000e+00  1.90700000e-08  3.30000000e+00  1.90700000e-08  3.29949619e+00  1.90700000e-08  3.29961476e+00  1.90700000e-08  0.00000000e+00  1.90700000e-08  0.00000000e+00 
 1.90900000e-08  3.30000000e+00  1.90900000e-08  3.30000000e+00  1.90900000e-08  3.29949763e+00  1.90900000e-08  3.29961587e+00  1.90900000e-08  0.00000000e+00  1.90900000e-08  0.00000000e+00 
 1.91100000e-08  3.30000000e+00  1.91100000e-08  3.30000000e+00  1.91100000e-08  3.29949906e+00  1.91100000e-08  3.29961697e+00  1.91100000e-08  0.00000000e+00  1.91100000e-08  0.00000000e+00 
 1.91300000e-08  3.30000000e+00  1.91300000e-08  3.30000000e+00  1.91300000e-08  3.29950048e+00  1.91300000e-08  3.29961808e+00  1.91300000e-08  0.00000000e+00  1.91300000e-08  0.00000000e+00 
 1.91500000e-08  3.30000000e+00  1.91500000e-08  3.30000000e+00  1.91500000e-08  3.29950190e+00  1.91500000e-08  3.29961916e+00  1.91500000e-08  0.00000000e+00  1.91500000e-08  0.00000000e+00 
 1.91700000e-08  3.30000000e+00  1.91700000e-08  3.30000000e+00  1.91700000e-08  3.29950331e+00  1.91700000e-08  3.29962025e+00  1.91700000e-08  0.00000000e+00  1.91700000e-08  0.00000000e+00 
 1.91900000e-08  3.30000000e+00  1.91900000e-08  3.30000000e+00  1.91900000e-08  3.29950471e+00  1.91900000e-08  3.29962133e+00  1.91900000e-08  0.00000000e+00  1.91900000e-08  0.00000000e+00 
 1.92100000e-08  3.30000000e+00  1.92100000e-08  3.30000000e+00  1.92100000e-08  3.29950610e+00  1.92100000e-08  3.29962241e+00  1.92100000e-08  0.00000000e+00  1.92100000e-08  0.00000000e+00 
 1.92300000e-08  3.30000000e+00  1.92300000e-08  3.30000000e+00  1.92300000e-08  3.29950749e+00  1.92300000e-08  3.29962347e+00  1.92300000e-08  0.00000000e+00  1.92300000e-08  0.00000000e+00 
 1.92500000e-08  3.30000000e+00  1.92500000e-08  3.30000000e+00  1.92500000e-08  3.29950887e+00  1.92500000e-08  3.29962454e+00  1.92500000e-08  0.00000000e+00  1.92500000e-08  0.00000000e+00 
 1.92700000e-08  3.30000000e+00  1.92700000e-08  3.30000000e+00  1.92700000e-08  3.29951024e+00  1.92700000e-08  3.29962559e+00  1.92700000e-08  0.00000000e+00  1.92700000e-08  0.00000000e+00 
 1.92900000e-08  3.30000000e+00  1.92900000e-08  3.30000000e+00  1.92900000e-08  3.29951160e+00  1.92900000e-08  3.29962665e+00  1.92900000e-08  0.00000000e+00  1.92900000e-08  0.00000000e+00 
 1.93100000e-08  3.30000000e+00  1.93100000e-08  3.30000000e+00  1.93100000e-08  3.29951296e+00  1.93100000e-08  3.29962769e+00  1.93100000e-08  0.00000000e+00  1.93100000e-08  0.00000000e+00 
 1.93300000e-08  3.30000000e+00  1.93300000e-08  3.30000000e+00  1.93300000e-08  3.29951431e+00  1.93300000e-08  3.29962874e+00  1.93300000e-08  0.00000000e+00  1.93300000e-08  0.00000000e+00 
 1.93500000e-08  3.30000000e+00  1.93500000e-08  3.30000000e+00  1.93500000e-08  3.29951566e+00  1.93500000e-08  3.29962977e+00  1.93500000e-08  0.00000000e+00  1.93500000e-08  0.00000000e+00 
 1.93700000e-08  3.30000000e+00  1.93700000e-08  3.30000000e+00  1.93700000e-08  3.29951699e+00  1.93700000e-08  3.29963080e+00  1.93700000e-08  0.00000000e+00  1.93700000e-08  0.00000000e+00 
 1.93900000e-08  3.30000000e+00  1.93900000e-08  3.30000000e+00  1.93900000e-08  3.29951832e+00  1.93900000e-08  3.29963182e+00  1.93900000e-08  0.00000000e+00  1.93900000e-08  0.00000000e+00 
 1.94100000e-08  3.30000000e+00  1.94100000e-08  3.30000000e+00  1.94100000e-08  3.29951964e+00  1.94100000e-08  3.29963284e+00  1.94100000e-08  0.00000000e+00  1.94100000e-08  0.00000000e+00 
 1.94300000e-08  3.30000000e+00  1.94300000e-08  3.30000000e+00  1.94300000e-08  3.29952096e+00  1.94300000e-08  3.29963385e+00  1.94300000e-08  0.00000000e+00  1.94300000e-08  0.00000000e+00 
 1.94500000e-08  3.30000000e+00  1.94500000e-08  3.30000000e+00  1.94500000e-08  3.29952226e+00  1.94500000e-08  3.29963486e+00  1.94500000e-08  0.00000000e+00  1.94500000e-08  0.00000000e+00 
 1.94700000e-08  3.30000000e+00  1.94700000e-08  3.30000000e+00  1.94700000e-08  3.29952356e+00  1.94700000e-08  3.29963586e+00  1.94700000e-08  0.00000000e+00  1.94700000e-08  0.00000000e+00 
 1.94900000e-08  3.30000000e+00  1.94900000e-08  3.30000000e+00  1.94900000e-08  3.29952486e+00  1.94900000e-08  3.29963686e+00  1.94900000e-08  0.00000000e+00  1.94900000e-08  0.00000000e+00 
 1.95100000e-08  3.30000000e+00  1.95100000e-08  3.30000000e+00  1.95100000e-08  3.29952615e+00  1.95100000e-08  3.29963785e+00  1.95100000e-08  0.00000000e+00  1.95100000e-08  0.00000000e+00 
 1.95300000e-08  3.30000000e+00  1.95300000e-08  3.30000000e+00  1.95300000e-08  3.29952743e+00  1.95300000e-08  3.29963884e+00  1.95300000e-08  0.00000000e+00  1.95300000e-08  0.00000000e+00 
 1.95500000e-08  3.30000000e+00  1.95500000e-08  3.30000000e+00  1.95500000e-08  3.29952870e+00  1.95500000e-08  3.29963982e+00  1.95500000e-08  0.00000000e+00  1.95500000e-08  0.00000000e+00 
 1.95700000e-08  3.30000000e+00  1.95700000e-08  3.30000000e+00  1.95700000e-08  3.29952997e+00  1.95700000e-08  3.29964080e+00  1.95700000e-08  0.00000000e+00  1.95700000e-08  0.00000000e+00 
 1.95900000e-08  3.30000000e+00  1.95900000e-08  3.30000000e+00  1.95900000e-08  3.29953123e+00  1.95900000e-08  3.29964177e+00  1.95900000e-08  0.00000000e+00  1.95900000e-08  0.00000000e+00 
 1.96100000e-08  3.30000000e+00  1.96100000e-08  3.30000000e+00  1.96100000e-08  3.29953248e+00  1.96100000e-08  3.29964274e+00  1.96100000e-08  0.00000000e+00  1.96100000e-08  0.00000000e+00 
 1.96300000e-08  3.30000000e+00  1.96300000e-08  3.30000000e+00  1.96300000e-08  3.29953374e+00  1.96300000e-08  3.29964370e+00  1.96300000e-08  0.00000000e+00  1.96300000e-08  0.00000000e+00 
 1.96500000e-08  3.30000000e+00  1.96500000e-08  3.30000000e+00  1.96500000e-08  3.29953497e+00  1.96500000e-08  3.29964466e+00  1.96500000e-08  0.00000000e+00  1.96500000e-08  0.00000000e+00 
 1.96700000e-08  3.30000000e+00  1.96700000e-08  3.30000000e+00  1.96700000e-08  3.29953621e+00  1.96700000e-08  3.29964561e+00  1.96700000e-08  0.00000000e+00  1.96700000e-08  0.00000000e+00 
 1.96900000e-08  3.30000000e+00  1.96900000e-08  3.30000000e+00  1.96900000e-08  3.29953744e+00  1.96900000e-08  3.29964656e+00  1.96900000e-08  0.00000000e+00  1.96900000e-08  0.00000000e+00 
 1.97100000e-08  3.30000000e+00  1.97100000e-08  3.30000000e+00  1.97100000e-08  3.29953867e+00  1.97100000e-08  3.29964750e+00  1.97100000e-08  0.00000000e+00  1.97100000e-08  0.00000000e+00 
 1.97300000e-08  3.30000000e+00  1.97300000e-08  3.30000000e+00  1.97300000e-08  3.29953988e+00  1.97300000e-08  3.29964844e+00  1.97300000e-08  0.00000000e+00  1.97300000e-08  0.00000000e+00 
 1.97500000e-08  3.30000000e+00  1.97500000e-08  3.30000000e+00  1.97500000e-08  3.29954110e+00  1.97500000e-08  3.29964937e+00  1.97500000e-08  0.00000000e+00  1.97500000e-08  0.00000000e+00 
 1.97700000e-08  3.30000000e+00  1.97700000e-08  3.30000000e+00  1.97700000e-08  3.29954230e+00  1.97700000e-08  3.29965030e+00  1.97700000e-08  0.00000000e+00  1.97700000e-08  0.00000000e+00 
 1.97900000e-08  3.30000000e+00  1.97900000e-08  3.30000000e+00  1.97900000e-08  3.29954350e+00  1.97900000e-08  3.29965122e+00  1.97900000e-08  0.00000000e+00  1.97900000e-08  0.00000000e+00 
 1.98100000e-08  3.30000000e+00  1.98100000e-08  3.30000000e+00  1.98100000e-08  3.29954469e+00  1.98100000e-08  3.29965214e+00  1.98100000e-08  0.00000000e+00  1.98100000e-08  0.00000000e+00 
 1.98300000e-08  3.30000000e+00  1.98300000e-08  3.30000000e+00  1.98300000e-08  3.29954588e+00  1.98300000e-08  3.29965305e+00  1.98300000e-08  0.00000000e+00  1.98300000e-08  0.00000000e+00 
 1.98500000e-08  3.30000000e+00  1.98500000e-08  3.30000000e+00  1.98500000e-08  3.29954706e+00  1.98500000e-08  3.29965397e+00  1.98500000e-08  0.00000000e+00  1.98500000e-08  0.00000000e+00 
 1.98700000e-08  3.30000000e+00  1.98700000e-08  3.30000000e+00  1.98700000e-08  3.29954824e+00  1.98700000e-08  3.29965487e+00  1.98700000e-08  0.00000000e+00  1.98700000e-08  0.00000000e+00 
 1.98900000e-08  3.30000000e+00  1.98900000e-08  3.30000000e+00  1.98900000e-08  3.29954941e+00  1.98900000e-08  3.29965577e+00  1.98900000e-08  0.00000000e+00  1.98900000e-08  0.00000000e+00 
 1.99100000e-08  3.30000000e+00  1.99100000e-08  3.30000000e+00  1.99100000e-08  3.29955057e+00  1.99100000e-08  3.29965667e+00  1.99100000e-08  0.00000000e+00  1.99100000e-08  0.00000000e+00 
 1.99300000e-08  3.30000000e+00  1.99300000e-08  3.30000000e+00  1.99300000e-08  3.29955173e+00  1.99300000e-08  3.29965756e+00  1.99300000e-08  0.00000000e+00  1.99300000e-08  0.00000000e+00 
 1.99500000e-08  3.30000000e+00  1.99500000e-08  3.30000000e+00  1.99500000e-08  3.29955288e+00  1.99500000e-08  3.29965844e+00  1.99500000e-08  0.00000000e+00  1.99500000e-08  0.00000000e+00 
 1.99700000e-08  3.30000000e+00  1.99700000e-08  3.30000000e+00  1.99700000e-08  3.29955403e+00  1.99700000e-08  3.29965933e+00  1.99700000e-08  0.00000000e+00  1.99700000e-08  0.00000000e+00 
 1.99900000e-08  3.30000000e+00  1.99900000e-08  3.30000000e+00  1.99900000e-08  3.29955517e+00  1.99900000e-08  3.29966021e+00  1.99900000e-08  0.00000000e+00  1.99900000e-08  0.00000000e+00 
 2.00100000e-08  3.30000000e+00  2.00100000e-08  3.30000000e+00  2.00100000e-08  3.29955630e+00  2.00100000e-08  3.29966109e+00  2.00100000e-08  0.00000000e+00  2.00100000e-08  0.00000000e+00 
 2.00300000e-08  3.30000000e+00  2.00300000e-08  3.30000000e+00  2.00300000e-08  3.29955744e+00  2.00300000e-08  3.29966195e+00  2.00300000e-08  0.00000000e+00  2.00300000e-08  0.00000000e+00 
 2.00500000e-08  3.30000000e+00  2.00500000e-08  3.30000000e+00  2.00500000e-08  3.29955856e+00  2.00500000e-08  3.29966282e+00  2.00500000e-08  0.00000000e+00  2.00500000e-08  0.00000000e+00 
 2.00700000e-08  3.30000000e+00  2.00700000e-08  3.30000000e+00  2.00700000e-08  3.29955968e+00  2.00700000e-08  3.29966368e+00  2.00700000e-08  0.00000000e+00  2.00700000e-08  0.00000000e+00 
 2.00900000e-08  3.30000000e+00  2.00900000e-08  3.30000000e+00  2.00900000e-08  3.29956079e+00  2.00900000e-08  3.29966454e+00  2.00900000e-08  0.00000000e+00  2.00900000e-08  0.00000000e+00 
 2.01100000e-08  3.30000000e+00  2.01100000e-08  3.30000000e+00  2.01100000e-08  3.29956190e+00  2.01100000e-08  3.29966539e+00  2.01100000e-08  0.00000000e+00  2.01100000e-08  0.00000000e+00 
 2.01300000e-08  3.30000000e+00  2.01300000e-08  3.30000000e+00  2.01300000e-08  3.29956301e+00  2.01300000e-08  3.29966624e+00  2.01300000e-08  0.00000000e+00  2.01300000e-08  0.00000000e+00 
 2.01500000e-08  3.30000000e+00  2.01500000e-08  3.30000000e+00  2.01500000e-08  3.29956411e+00  2.01500000e-08  3.29966708e+00  2.01500000e-08  0.00000000e+00  2.01500000e-08  0.00000000e+00 
 2.01700000e-08  3.30000000e+00  2.01700000e-08  3.30000000e+00  2.01700000e-08  3.29956520e+00  2.01700000e-08  3.29966793e+00  2.01700000e-08  0.00000000e+00  2.01700000e-08  0.00000000e+00 
 2.01900000e-08  3.30000000e+00  2.01900000e-08  3.30000000e+00  2.01900000e-08  3.29956629e+00  2.01900000e-08  3.29966876e+00  2.01900000e-08  0.00000000e+00  2.01900000e-08  0.00000000e+00 
 2.02100000e-08  3.30000000e+00  2.02100000e-08  3.30000000e+00  2.02100000e-08  3.29956737e+00  2.02100000e-08  3.29966960e+00  2.02100000e-08  0.00000000e+00  2.02100000e-08  0.00000000e+00 
 2.02300000e-08  3.30000000e+00  2.02300000e-08  3.30000000e+00  2.02300000e-08  3.29956845e+00  2.02300000e-08  3.29967042e+00  2.02300000e-08  0.00000000e+00  2.02300000e-08  0.00000000e+00 
 2.02500000e-08  3.30000000e+00  2.02500000e-08  3.30000000e+00  2.02500000e-08  3.29956952e+00  2.02500000e-08  3.29967125e+00  2.02500000e-08  0.00000000e+00  2.02500000e-08  0.00000000e+00 
 2.02700000e-08  3.30000000e+00  2.02700000e-08  3.30000000e+00  2.02700000e-08  3.29957059e+00  2.02700000e-08  3.29967207e+00  2.02700000e-08  0.00000000e+00  2.02700000e-08  0.00000000e+00 
 2.02900000e-08  3.30000000e+00  2.02900000e-08  3.30000000e+00  2.02900000e-08  3.29957164e+00  2.02900000e-08  3.29967289e+00  2.02900000e-08  0.00000000e+00  2.02900000e-08  0.00000000e+00 
 2.03100000e-08  3.30000000e+00  2.03100000e-08  3.30000000e+00  2.03100000e-08  3.29957270e+00  2.03100000e-08  3.29967370e+00  2.03100000e-08  0.00000000e+00  2.03100000e-08  0.00000000e+00 
 2.03300000e-08  3.30000000e+00  2.03300000e-08  3.30000000e+00  2.03300000e-08  3.29957375e+00  2.03300000e-08  3.29967451e+00  2.03300000e-08  0.00000000e+00  2.03300000e-08  0.00000000e+00 
 2.03500000e-08  3.30000000e+00  2.03500000e-08  3.30000000e+00  2.03500000e-08  3.29957480e+00  2.03500000e-08  3.29967532e+00  2.03500000e-08  0.00000000e+00  2.03500000e-08  0.00000000e+00 
 2.03700000e-08  3.30000000e+00  2.03700000e-08  3.30000000e+00  2.03700000e-08  3.29957584e+00  2.03700000e-08  3.29967612e+00  2.03700000e-08  0.00000000e+00  2.03700000e-08  0.00000000e+00 
 2.03900000e-08  3.30000000e+00  2.03900000e-08  3.30000000e+00  2.03900000e-08  3.29957688e+00  2.03900000e-08  3.29967692e+00  2.03900000e-08  0.00000000e+00  2.03900000e-08  0.00000000e+00 
 2.04100000e-08  3.30000000e+00  2.04100000e-08  3.30000000e+00  2.04100000e-08  3.29957791e+00  2.04100000e-08  3.29967771e+00  2.04100000e-08  0.00000000e+00  2.04100000e-08  0.00000000e+00 
 2.04300000e-08  3.30000000e+00  2.04300000e-08  3.30000000e+00  2.04300000e-08  3.29957894e+00  2.04300000e-08  3.29967850e+00  2.04300000e-08  0.00000000e+00  2.04300000e-08  0.00000000e+00 
 2.04500000e-08  3.30000000e+00  2.04500000e-08  3.30000000e+00  2.04500000e-08  3.29957996e+00  2.04500000e-08  3.29967929e+00  2.04500000e-08  0.00000000e+00  2.04500000e-08  0.00000000e+00 
 2.04700000e-08  3.30000000e+00  2.04700000e-08  3.30000000e+00  2.04700000e-08  3.29958099e+00  2.04700000e-08  3.29968007e+00  2.04700000e-08  0.00000000e+00  2.04700000e-08  0.00000000e+00 
 2.04900000e-08  3.30000000e+00  2.04900000e-08  3.30000000e+00  2.04900000e-08  3.29958200e+00  2.04900000e-08  3.29968085e+00  2.04900000e-08  0.00000000e+00  2.04900000e-08  0.00000000e+00 
 2.05100000e-08  3.30000000e+00  2.05100000e-08  3.30000000e+00  2.05100000e-08  3.29958301e+00  2.05100000e-08  3.29968163e+00  2.05100000e-08  0.00000000e+00  2.05100000e-08  0.00000000e+00 
 2.05300000e-08  3.30000000e+00  2.05300000e-08  3.30000000e+00  2.05300000e-08  3.29958401e+00  2.05300000e-08  3.29968240e+00  2.05300000e-08  0.00000000e+00  2.05300000e-08  0.00000000e+00 
 2.05500000e-08  3.30000000e+00  2.05500000e-08  3.30000000e+00  2.05500000e-08  3.29958501e+00  2.05500000e-08  3.29968317e+00  2.05500000e-08  0.00000000e+00  2.05500000e-08  0.00000000e+00 
 2.05700000e-08  3.30000000e+00  2.05700000e-08  3.30000000e+00  2.05700000e-08  3.29958600e+00  2.05700000e-08  3.29968394e+00  2.05700000e-08  0.00000000e+00  2.05700000e-08  0.00000000e+00 
 2.05900000e-08  3.30000000e+00  2.05900000e-08  3.30000000e+00  2.05900000e-08  3.29958700e+00  2.05900000e-08  3.29968469e+00  2.05900000e-08  0.00000000e+00  2.05900000e-08  0.00000000e+00 
 2.06100000e-08  3.30000000e+00  2.06100000e-08  3.30000000e+00  2.06100000e-08  3.29958798e+00  2.06100000e-08  3.29968546e+00  2.06100000e-08  0.00000000e+00  2.06100000e-08  0.00000000e+00 
 2.06300000e-08  3.30000000e+00  2.06300000e-08  3.30000000e+00  2.06300000e-08  3.29958896e+00  2.06300000e-08  3.29968621e+00  2.06300000e-08  0.00000000e+00  2.06300000e-08  0.00000000e+00 
 2.06500000e-08  3.30000000e+00  2.06500000e-08  3.30000000e+00  2.06500000e-08  3.29958994e+00  2.06500000e-08  3.29968696e+00  2.06500000e-08  0.00000000e+00  2.06500000e-08  0.00000000e+00 
 2.06700000e-08  3.30000000e+00  2.06700000e-08  3.30000000e+00  2.06700000e-08  3.29959091e+00  2.06700000e-08  3.29968771e+00  2.06700000e-08  0.00000000e+00  2.06700000e-08  0.00000000e+00 
 2.06900000e-08  3.30000000e+00  2.06900000e-08  3.30000000e+00  2.06900000e-08  3.29959188e+00  2.06900000e-08  3.29968846e+00  2.06900000e-08  0.00000000e+00  2.06900000e-08  0.00000000e+00 
 2.07100000e-08  3.30000000e+00  2.07100000e-08  3.30000000e+00  2.07100000e-08  3.29959285e+00  2.07100000e-08  3.29968919e+00  2.07100000e-08  0.00000000e+00  2.07100000e-08  0.00000000e+00 
 2.07300000e-08  3.30000000e+00  2.07300000e-08  3.30000000e+00  2.07300000e-08  3.29959380e+00  2.07300000e-08  3.29968993e+00  2.07300000e-08  0.00000000e+00  2.07300000e-08  0.00000000e+00 
 2.07500000e-08  3.30000000e+00  2.07500000e-08  3.30000000e+00  2.07500000e-08  3.29959476e+00  2.07500000e-08  3.29969066e+00  2.07500000e-08  0.00000000e+00  2.07500000e-08  0.00000000e+00 
 2.07700000e-08  3.30000000e+00  2.07700000e-08  3.30000000e+00  2.07700000e-08  3.29959571e+00  2.07700000e-08  3.29969140e+00  2.07700000e-08  0.00000000e+00  2.07700000e-08  0.00000000e+00 
 2.07900000e-08  3.30000000e+00  2.07900000e-08  3.30000000e+00  2.07900000e-08  3.29959666e+00  2.07900000e-08  3.29969212e+00  2.07900000e-08  0.00000000e+00  2.07900000e-08  0.00000000e+00 
 2.08100000e-08  3.30000000e+00  2.08100000e-08  3.30000000e+00  2.08100000e-08  3.29959760e+00  2.08100000e-08  3.29969285e+00  2.08100000e-08  0.00000000e+00  2.08100000e-08  0.00000000e+00 
 2.08300000e-08  3.30000000e+00  2.08300000e-08  3.30000000e+00  2.08300000e-08  3.29959854e+00  2.08300000e-08  3.29969357e+00  2.08300000e-08  0.00000000e+00  2.08300000e-08  0.00000000e+00 
 2.08500000e-08  3.30000000e+00  2.08500000e-08  3.30000000e+00  2.08500000e-08  3.29959947e+00  2.08500000e-08  3.29969429e+00  2.08500000e-08  0.00000000e+00  2.08500000e-08  0.00000000e+00 
 2.08700000e-08  3.30000000e+00  2.08700000e-08  3.30000000e+00  2.08700000e-08  3.29960040e+00  2.08700000e-08  3.29969500e+00  2.08700000e-08  0.00000000e+00  2.08700000e-08  0.00000000e+00 
 2.08900000e-08  3.30000000e+00  2.08900000e-08  3.30000000e+00  2.08900000e-08  3.29960133e+00  2.08900000e-08  3.29969572e+00  2.08900000e-08  0.00000000e+00  2.08900000e-08  0.00000000e+00 
 2.09100000e-08  3.30000000e+00  2.09100000e-08  3.30000000e+00  2.09100000e-08  3.29960225e+00  2.09100000e-08  3.29969642e+00  2.09100000e-08  0.00000000e+00  2.09100000e-08  0.00000000e+00 
 2.09300000e-08  3.30000000e+00  2.09300000e-08  3.30000000e+00  2.09300000e-08  3.29960317e+00  2.09300000e-08  3.29969713e+00  2.09300000e-08  0.00000000e+00  2.09300000e-08  0.00000000e+00 
 2.09500000e-08  3.30000000e+00  2.09500000e-08  3.30000000e+00  2.09500000e-08  3.29960408e+00  2.09500000e-08  3.29969783e+00  2.09500000e-08  0.00000000e+00  2.09500000e-08  0.00000000e+00 
 2.09700000e-08  3.30000000e+00  2.09700000e-08  3.30000000e+00  2.09700000e-08  3.29960499e+00  2.09700000e-08  3.29969853e+00  2.09700000e-08  0.00000000e+00  2.09700000e-08  0.00000000e+00 
 2.09900000e-08  3.30000000e+00  2.09900000e-08  3.30000000e+00  2.09900000e-08  3.29960590e+00  2.09900000e-08  3.29969923e+00  2.09900000e-08  0.00000000e+00  2.09900000e-08  0.00000000e+00 
 2.10100000e-08  3.30000000e+00  2.10100000e-08  3.30000000e+00  2.10100000e-08  3.29960680e+00  2.10100000e-08  3.29969992e+00  2.10100000e-08  0.00000000e+00  2.10100000e-08  0.00000000e+00 
 2.10300000e-08  3.30000000e+00  2.10300000e-08  3.30000000e+00  2.10300000e-08  3.29960770e+00  2.10300000e-08  3.29970061e+00  2.10300000e-08  0.00000000e+00  2.10300000e-08  0.00000000e+00 
 2.10500000e-08  3.30000000e+00  2.10500000e-08  3.30000000e+00  2.10500000e-08  3.29960859e+00  2.10500000e-08  3.29970130e+00  2.10500000e-08  0.00000000e+00  2.10500000e-08  0.00000000e+00 
 2.10700000e-08  3.30000000e+00  2.10700000e-08  3.30000000e+00  2.10700000e-08  3.29960948e+00  2.10700000e-08  3.29970198e+00  2.10700000e-08  0.00000000e+00  2.10700000e-08  0.00000000e+00 
 2.10900000e-08  3.30000000e+00  2.10900000e-08  3.30000000e+00  2.10900000e-08  3.29961037e+00  2.10900000e-08  3.29970266e+00  2.10900000e-08  0.00000000e+00  2.10900000e-08  0.00000000e+00 
 2.11100000e-08  3.30000000e+00  2.11100000e-08  3.30000000e+00  2.11100000e-08  3.29961125e+00  2.11100000e-08  3.29970334e+00  2.11100000e-08  0.00000000e+00  2.11100000e-08  0.00000000e+00 
 2.11300000e-08  3.30000000e+00  2.11300000e-08  3.30000000e+00  2.11300000e-08  3.29961213e+00  2.11300000e-08  3.29970402e+00  2.11300000e-08  0.00000000e+00  2.11300000e-08  0.00000000e+00 
 2.11500000e-08  3.30000000e+00  2.11500000e-08  3.30000000e+00  2.11500000e-08  3.29961300e+00  2.11500000e-08  3.29970468e+00  2.11500000e-08  0.00000000e+00  2.11500000e-08  0.00000000e+00 
 2.11700000e-08  3.30000000e+00  2.11700000e-08  3.30000000e+00  2.11700000e-08  3.29961387e+00  2.11700000e-08  3.29970536e+00  2.11700000e-08  0.00000000e+00  2.11700000e-08  0.00000000e+00 
 2.11900000e-08  3.30000000e+00  2.11900000e-08  3.30000000e+00  2.11900000e-08  3.29961474e+00  2.11900000e-08  3.29970602e+00  2.11900000e-08  0.00000000e+00  2.11900000e-08  0.00000000e+00 
 2.12100000e-08  3.30000000e+00  2.12100000e-08  3.30000000e+00  2.12100000e-08  3.29961560e+00  2.12100000e-08  3.29970669e+00  2.12100000e-08  0.00000000e+00  2.12100000e-08  0.00000000e+00 
 2.12300000e-08  3.30000000e+00  2.12300000e-08  3.30000000e+00  2.12300000e-08  3.29961647e+00  2.12300000e-08  3.29970734e+00  2.12300000e-08  0.00000000e+00  2.12300000e-08  0.00000000e+00 
 2.12500000e-08  3.30000000e+00  2.12500000e-08  3.30000000e+00  2.12500000e-08  3.29961732e+00  2.12500000e-08  3.29970801e+00  2.12500000e-08  0.00000000e+00  2.12500000e-08  0.00000000e+00 
 2.12700000e-08  3.30000000e+00  2.12700000e-08  3.30000000e+00  2.12700000e-08  3.29961817e+00  2.12700000e-08  3.29970866e+00  2.12700000e-08  0.00000000e+00  2.12700000e-08  0.00000000e+00 
 2.12900000e-08  3.30000000e+00  2.12900000e-08  3.30000000e+00  2.12900000e-08  3.29961902e+00  2.12900000e-08  3.29970931e+00  2.12900000e-08  0.00000000e+00  2.12900000e-08  0.00000000e+00 
 2.13100000e-08  3.30000000e+00  2.13100000e-08  3.30000000e+00  2.13100000e-08  3.29961987e+00  2.13100000e-08  3.29970996e+00  2.13100000e-08  0.00000000e+00  2.13100000e-08  0.00000000e+00 
 2.13300000e-08  3.30000000e+00  2.13300000e-08  3.30000000e+00  2.13300000e-08  3.29962071e+00  2.13300000e-08  3.29971061e+00  2.13300000e-08  0.00000000e+00  2.13300000e-08  0.00000000e+00 
 2.13500000e-08  3.30000000e+00  2.13500000e-08  3.30000000e+00  2.13500000e-08  3.29962155e+00  2.13500000e-08  3.29971125e+00  2.13500000e-08  0.00000000e+00  2.13500000e-08  0.00000000e+00 
 2.13700000e-08  3.30000000e+00  2.13700000e-08  3.30000000e+00  2.13700000e-08  3.29962238e+00  2.13700000e-08  3.29971189e+00  2.13700000e-08  0.00000000e+00  2.13700000e-08  0.00000000e+00 
 2.13900000e-08  3.30000000e+00  2.13900000e-08  3.30000000e+00  2.13900000e-08  3.29962321e+00  2.13900000e-08  3.29971253e+00  2.13900000e-08  0.00000000e+00  2.13900000e-08  0.00000000e+00 
 2.14100000e-08  3.30000000e+00  2.14100000e-08  3.30000000e+00  2.14100000e-08  3.29962404e+00  2.14100000e-08  3.29971317e+00  2.14100000e-08  0.00000000e+00  2.14100000e-08  0.00000000e+00 
 2.14300000e-08  3.30000000e+00  2.14300000e-08  3.30000000e+00  2.14300000e-08  3.29962486e+00  2.14300000e-08  3.29971380e+00  2.14300000e-08  0.00000000e+00  2.14300000e-08  0.00000000e+00 
 2.14500000e-08  3.30000000e+00  2.14500000e-08  3.30000000e+00  2.14500000e-08  3.29962568e+00  2.14500000e-08  3.29971443e+00  2.14500000e-08  0.00000000e+00  2.14500000e-08  0.00000000e+00 
 2.14700000e-08  3.30000000e+00  2.14700000e-08  3.30000000e+00  2.14700000e-08  3.29962650e+00  2.14700000e-08  3.29971505e+00  2.14700000e-08  0.00000000e+00  2.14700000e-08  0.00000000e+00 
 2.14900000e-08  3.30000000e+00  2.14900000e-08  3.30000000e+00  2.14900000e-08  3.29962731e+00  2.14900000e-08  3.29971568e+00  2.14900000e-08  0.00000000e+00  2.14900000e-08  0.00000000e+00 
 2.15100000e-08  3.30000000e+00  2.15100000e-08  3.30000000e+00  2.15100000e-08  3.29962813e+00  2.15100000e-08  3.29971630e+00  2.15100000e-08  0.00000000e+00  2.15100000e-08  0.00000000e+00 
 2.15300000e-08  3.30000000e+00  2.15300000e-08  3.30000000e+00  2.15300000e-08  3.29962893e+00  2.15300000e-08  3.29971693e+00  2.15300000e-08  0.00000000e+00  2.15300000e-08  0.00000000e+00 
 2.15500000e-08  3.30000000e+00  2.15500000e-08  3.30000000e+00  2.15500000e-08  3.29962974e+00  2.15500000e-08  3.29971754e+00  2.15500000e-08  0.00000000e+00  2.15500000e-08  0.00000000e+00 
 2.15700000e-08  3.30000000e+00  2.15700000e-08  3.30000000e+00  2.15700000e-08  3.29963054e+00  2.15700000e-08  3.29971816e+00  2.15700000e-08  0.00000000e+00  2.15700000e-08  0.00000000e+00 
 2.15900000e-08  3.30000000e+00  2.15900000e-08  3.30000000e+00  2.15900000e-08  3.29963134e+00  2.15900000e-08  3.29971876e+00  2.15900000e-08  0.00000000e+00  2.15900000e-08  0.00000000e+00 
 2.16100000e-08  3.30000000e+00  2.16100000e-08  3.30000000e+00  2.16100000e-08  3.29963213e+00  2.16100000e-08  3.29971938e+00  2.16100000e-08  0.00000000e+00  2.16100000e-08  0.00000000e+00 
 2.16300000e-08  3.30000000e+00  2.16300000e-08  3.30000000e+00  2.16300000e-08  3.29963292e+00  2.16300000e-08  3.29971998e+00  2.16300000e-08  0.00000000e+00  2.16300000e-08  0.00000000e+00 
 2.16500000e-08  3.30000000e+00  2.16500000e-08  3.30000000e+00  2.16500000e-08  3.29963370e+00  2.16500000e-08  3.29972059e+00  2.16500000e-08  0.00000000e+00  2.16500000e-08  0.00000000e+00 
 2.16700000e-08  3.30000000e+00  2.16700000e-08  3.30000000e+00  2.16700000e-08  3.29963449e+00  2.16700000e-08  3.29972119e+00  2.16700000e-08  0.00000000e+00  2.16700000e-08  0.00000000e+00 
 2.16900000e-08  3.30000000e+00  2.16900000e-08  3.30000000e+00  2.16900000e-08  3.29963527e+00  2.16900000e-08  3.29972179e+00  2.16900000e-08  0.00000000e+00  2.16900000e-08  0.00000000e+00 
 2.17100000e-08  3.30000000e+00  2.17100000e-08  3.30000000e+00  2.17100000e-08  3.29963605e+00  2.17100000e-08  3.29972238e+00  2.17100000e-08  0.00000000e+00  2.17100000e-08  0.00000000e+00 
 2.17300000e-08  3.30000000e+00  2.17300000e-08  3.30000000e+00  2.17300000e-08  3.29963682e+00  2.17300000e-08  3.29972298e+00  2.17300000e-08  0.00000000e+00  2.17300000e-08  0.00000000e+00 
 2.17500000e-08  3.30000000e+00  2.17500000e-08  3.30000000e+00  2.17500000e-08  3.29963760e+00  2.17500000e-08  3.29972357e+00  2.17500000e-08  0.00000000e+00  2.17500000e-08  0.00000000e+00 
 2.17700000e-08  3.30000000e+00  2.17700000e-08  3.30000000e+00  2.17700000e-08  3.29963836e+00  2.17700000e-08  3.29972416e+00  2.17700000e-08  0.00000000e+00  2.17700000e-08  0.00000000e+00 
 2.17900000e-08  3.30000000e+00  2.17900000e-08  3.30000000e+00  2.17900000e-08  3.29963913e+00  2.17900000e-08  3.29972475e+00  2.17900000e-08  0.00000000e+00  2.17900000e-08  0.00000000e+00 
 2.18100000e-08  3.30000000e+00  2.18100000e-08  3.30000000e+00  2.18100000e-08  3.29963989e+00  2.18100000e-08  3.29972534e+00  2.18100000e-08  0.00000000e+00  2.18100000e-08  0.00000000e+00 
 2.18300000e-08  3.30000000e+00  2.18300000e-08  3.30000000e+00  2.18300000e-08  3.29964065e+00  2.18300000e-08  3.29972592e+00  2.18300000e-08  0.00000000e+00  2.18300000e-08  0.00000000e+00 
 2.18500000e-08  3.30000000e+00  2.18500000e-08  3.30000000e+00  2.18500000e-08  3.29964140e+00  2.18500000e-08  3.29972650e+00  2.18500000e-08  0.00000000e+00  2.18500000e-08  0.00000000e+00 
 2.18700000e-08  3.30000000e+00  2.18700000e-08  3.30000000e+00  2.18700000e-08  3.29964216e+00  2.18700000e-08  3.29972707e+00  2.18700000e-08  0.00000000e+00  2.18700000e-08  0.00000000e+00 
 2.18900000e-08  3.30000000e+00  2.18900000e-08  3.30000000e+00  2.18900000e-08  3.29964291e+00  2.18900000e-08  3.29972765e+00  2.18900000e-08  0.00000000e+00  2.18900000e-08  0.00000000e+00 
 2.19100000e-08  3.30000000e+00  2.19100000e-08  3.30000000e+00  2.19100000e-08  3.29964366e+00  2.19100000e-08  3.29972822e+00  2.19100000e-08  0.00000000e+00  2.19100000e-08  0.00000000e+00 
 2.19300000e-08  3.30000000e+00  2.19300000e-08  3.30000000e+00  2.19300000e-08  3.29964440e+00  2.19300000e-08  3.29972880e+00  2.19300000e-08  0.00000000e+00  2.19300000e-08  0.00000000e+00 
 2.19500000e-08  3.30000000e+00  2.19500000e-08  3.30000000e+00  2.19500000e-08  3.29964514e+00  2.19500000e-08  3.29972936e+00  2.19500000e-08  0.00000000e+00  2.19500000e-08  0.00000000e+00 
 2.19700000e-08  3.30000000e+00  2.19700000e-08  3.30000000e+00  2.19700000e-08  3.29964588e+00  2.19700000e-08  3.29972993e+00  2.19700000e-08  0.00000000e+00  2.19700000e-08  0.00000000e+00 
 2.19850000e-08  3.30000000e+00  2.19850000e-08  3.30000000e+00  2.19850000e-08  3.29964643e+00  2.19850000e-08  3.29973035e+00  2.19850000e-08  0.00000000e+00  2.19850000e-08  0.00000000e+00 
 2.20000000e-08  3.30000000e+00  2.20000000e-08  3.30000000e+00  2.20000000e-08  3.29964698e+00  2.20000000e-08  3.29973078e+00  2.20000000e-08  0.00000000e+00  2.20000000e-08  0.00000000e+00 
 2.20020000e-08  3.30000799e+00  2.20020000e-08  3.30000799e+00  2.20020000e-08  3.30225751e+00  2.20020000e-08  3.30234337e+00  2.20020000e-08  6.60000000e-02  2.20020000e-08  0.00000000e+00 
 2.20060000e-08  3.30001877e+00  2.20060000e-08  3.30001878e+00  2.20060000e-08  3.30738749e+00  2.20060000e-08  3.30747572e+00  2.20060000e-08  1.98000000e-01  2.20060000e-08  0.00000000e+00 
 2.20140000e-08  3.30002102e+00  2.20140000e-08  3.30002103e+00  2.20140000e-08  3.31708853e+00  2.20140000e-08  3.31718178e+00  2.20140000e-08  4.62000000e-01  2.20140000e-08  0.00000000e+00 
 2.20300000e-08  3.30000807e+00  2.20300000e-08  3.30000811e+00  2.20300000e-08  3.33468788e+00  2.20300000e-08  3.33481337e+00  2.20300000e-08  9.90000000e-01  2.20300000e-08  0.00000000e+00 
 2.20500000e-08  3.30000027e+00  2.20500000e-08  3.30000026e+00  2.20500000e-08  3.35539420e+00  2.20500000e-08  3.35553984e+00  2.20500000e-08  1.65000000e+00  2.20500000e-08  0.00000000e+00 
 2.20700000e-08  3.30000258e+00  2.20700000e-08  3.30000248e+00  2.20700000e-08  3.37758177e+00  2.20700000e-08  3.37767287e+00  2.20700000e-08  2.31000000e+00  2.20700000e-08  0.00000000e+00 
 2.20850000e-08  3.30000059e+00  2.20850000e-08  3.30000048e+00  2.20850000e-08  3.39395141e+00  2.20850000e-08  3.39395542e+00  2.20850000e-08  2.80500000e+00  2.20850000e-08  0.00000000e+00 
 2.21000000e-08  3.29998554e+00  2.21000000e-08  3.29998538e+00  2.21000000e-08  3.40140807e+00  2.21000000e-08  3.40126091e+00  2.21000000e-08  3.30000000e+00  2.21000000e-08  0.00000000e+00 
 2.21020000e-08  3.29998503e+00  2.21020000e-08  3.29998478e+00  2.21020000e-08  3.40183671e+00  2.21020000e-08  3.40164023e+00  2.21020000e-08  3.30000000e+00  2.21020000e-08  0.00000000e+00 
 2.21060000e-08  3.29998524e+00  2.21060000e-08  3.29998485e+00  2.21060000e-08  3.40277666e+00  2.21060000e-08  3.40247332e+00  2.21060000e-08  3.30000000e+00  2.21060000e-08  0.00000000e+00 
 2.21140000e-08  3.29998916e+00  2.21140000e-08  3.29998866e+00  2.21140000e-08  3.40496722e+00  2.21140000e-08  3.40442388e+00  2.21140000e-08  3.30000000e+00  2.21140000e-08  0.00000000e+00 
 2.21300000e-08  3.29999753e+00  2.21300000e-08  3.29999711e+00  2.21300000e-08  3.41047734e+00  2.21300000e-08  3.40938880e+00  2.21300000e-08  3.30000000e+00  2.21300000e-08  0.00000000e+00 
 2.21500000e-08  3.30000129e+00  2.21500000e-08  3.30000125e+00  2.21500000e-08  3.41863919e+00  2.21500000e-08  3.41692023e+00  2.21500000e-08  3.30000000e+00  2.21500000e-08  0.00000000e+00 
 2.21700000e-08  3.29999932e+00  2.21700000e-08  3.29999980e+00  2.21700000e-08  3.42638642e+00  2.21700000e-08  3.42436150e+00  2.21700000e-08  3.30000000e+00  2.21700000e-08  0.00000000e+00 
 2.21900000e-08  3.29999633e+00  2.21900000e-08  3.29999723e+00  2.21900000e-08  3.43167328e+00  2.21900000e-08  3.42986604e+00  2.21900000e-08  3.30000000e+00  2.21900000e-08  0.00000000e+00 
 2.22100000e-08  3.29999393e+00  2.22100000e-08  3.29999497e+00  2.22100000e-08  3.43298603e+00  2.22100000e-08  3.43198808e+00  2.22100000e-08  3.30000000e+00  2.22100000e-08  0.00000000e+00 
 2.22300000e-08  3.29999288e+00  2.22300000e-08  3.29999385e+00  2.22300000e-08  3.42946888e+00  2.22300000e-08  3.42985252e+00  2.22300000e-08  3.30000000e+00  2.22300000e-08  0.00000000e+00 
 2.22500000e-08  3.29999252e+00  2.22500000e-08  3.29999329e+00  2.22500000e-08  3.42081008e+00  2.22500000e-08  3.42308951e+00  2.22500000e-08  3.30000000e+00  2.22500000e-08  0.00000000e+00 
 2.22700000e-08  3.29999311e+00  2.22700000e-08  3.29999356e+00  2.22700000e-08  3.40708316e+00  2.22700000e-08  3.41170360e+00  2.22700000e-08  3.30000000e+00  2.22700000e-08  0.00000000e+00 
 2.22900000e-08  3.29999419e+00  2.22900000e-08  3.29999435e+00  2.22900000e-08  3.38860464e+00  2.22900000e-08  3.39594367e+00  2.22900000e-08  3.30000000e+00  2.22900000e-08  0.00000000e+00 
 2.23100000e-08  3.29999543e+00  2.23100000e-08  3.29999539e+00  2.23100000e-08  3.36582731e+00  2.23100000e-08  3.37619957e+00  2.23100000e-08  3.30000000e+00  2.23100000e-08  0.00000000e+00 
 2.23300000e-08  3.29999662e+00  2.23300000e-08  3.29999647e+00  2.23300000e-08  3.33926445e+00  2.23300000e-08  3.35292688e+00  2.23300000e-08  3.30000000e+00  2.23300000e-08  0.00000000e+00 
 2.23500000e-08  3.29999763e+00  2.23500000e-08  3.29999746e+00  2.23500000e-08  3.30943911e+00  2.23500000e-08  3.32659661e+00  2.23500000e-08  3.30000000e+00  2.23500000e-08  0.00000000e+00 
 2.23700000e-08  3.29999842e+00  2.23700000e-08  3.29999828e+00  2.23700000e-08  3.27685222e+00  2.23700000e-08  3.29766317e+00  2.23700000e-08  3.30000000e+00  2.23700000e-08  0.00000000e+00 
 2.23900000e-08  3.29999902e+00  2.23900000e-08  3.29999892e+00  2.23900000e-08  3.24196227e+00  2.23900000e-08  3.26654714e+00  2.23900000e-08  3.30000000e+00  2.23900000e-08  0.00000000e+00 
 2.24100000e-08  3.29999946e+00  2.24100000e-08  3.29999939e+00  2.24100000e-08  3.20517781e+00  2.24100000e-08  3.23362377e+00  2.24100000e-08  3.30000000e+00  2.24100000e-08  0.00000000e+00 
 2.24300000e-08  3.29999978e+00  2.24300000e-08  3.29999973e+00  2.24300000e-08  3.16685259e+00  2.24300000e-08  3.19922219e+00  2.24300000e-08  3.30000000e+00  2.24300000e-08  0.00000000e+00 
 2.24500000e-08  3.30000002e+00  2.24500000e-08  3.29999998e+00  2.24500000e-08  3.12728739e+00  2.24500000e-08  3.16362344e+00  2.24500000e-08  3.30000000e+00  2.24500000e-08  0.00000000e+00 
 2.24700000e-08  3.30000019e+00  2.24700000e-08  3.30000016e+00  2.24700000e-08  3.08673517e+00  2.24700000e-08  3.12706479e+00  2.24700000e-08  3.30000000e+00  2.24700000e-08  0.00000000e+00 
 2.24900000e-08  3.30000030e+00  2.24900000e-08  3.30000027e+00  2.24900000e-08  3.04540677e+00  2.24900000e-08  3.08974461e+00  2.24900000e-08  3.30000000e+00  2.24900000e-08  0.00000000e+00 
 2.25100000e-08  3.30000036e+00  2.25100000e-08  3.30000035e+00  2.25100000e-08  3.00347649e+00  2.25100000e-08  3.05182726e+00  2.25100000e-08  3.30000000e+00  2.25100000e-08  0.00000000e+00 
 2.25300000e-08  3.30000040e+00  2.25300000e-08  3.30000039e+00  2.25300000e-08  2.96108743e+00  2.25300000e-08  3.01344796e+00  2.25300000e-08  3.30000000e+00  2.25300000e-08  0.00000000e+00 
 2.25500000e-08  3.30000042e+00  2.25500000e-08  3.30000041e+00  2.25500000e-08  2.91835673e+00  2.25500000e-08  2.97471754e+00  2.25500000e-08  3.30000000e+00  2.25500000e-08  0.00000000e+00 
 2.25700000e-08  3.30000043e+00  2.25700000e-08  3.30000042e+00  2.25700000e-08  2.87537985e+00  2.25700000e-08  2.93572640e+00  2.25700000e-08  3.30000000e+00  2.25700000e-08  0.00000000e+00 
 2.25900000e-08  3.30000044e+00  2.25900000e-08  3.30000041e+00  2.25900000e-08  2.83223465e+00  2.25900000e-08  2.89654821e+00  2.25900000e-08  3.30000000e+00  2.25900000e-08  0.00000000e+00 
 2.26100000e-08  3.30000043e+00  2.26100000e-08  3.30000041e+00  2.26100000e-08  2.78898444e+00  2.26100000e-08  2.85724281e+00  2.26100000e-08  3.30000000e+00  2.26100000e-08  0.00000000e+00 
 2.26300000e-08  3.30000043e+00  2.26300000e-08  3.30000040e+00  2.26300000e-08  2.74568092e+00  2.26300000e-08  2.81785894e+00  2.26300000e-08  3.30000000e+00  2.26300000e-08  0.00000000e+00 
 2.26500000e-08  3.30000042e+00  2.26500000e-08  3.30000039e+00  2.26500000e-08  2.70236624e+00  2.26500000e-08  2.77843619e+00  2.26500000e-08  3.30000000e+00  2.26500000e-08  0.00000000e+00 
 2.26700000e-08  3.30000041e+00  2.26700000e-08  3.30000038e+00  2.26700000e-08  2.65907505e+00  2.26700000e-08  2.73900693e+00  2.26700000e-08  3.30000000e+00  2.26700000e-08  0.00000000e+00 
 2.26900000e-08  3.30000040e+00  2.26900000e-08  3.30000037e+00  2.26900000e-08  2.61583579e+00  2.26900000e-08  2.69959758e+00  2.26900000e-08  3.30000000e+00  2.26900000e-08  0.00000000e+00 
 2.27100000e-08  3.30000039e+00  2.27100000e-08  3.30000036e+00  2.27100000e-08  2.57267212e+00  2.27100000e-08  2.66022992e+00  2.27100000e-08  3.30000000e+00  2.27100000e-08  0.00000000e+00 
 2.27300000e-08  3.30000038e+00  2.27300000e-08  3.30000035e+00  2.27300000e-08  2.52960372e+00  2.27300000e-08  2.62092191e+00  2.27300000e-08  3.30000000e+00  2.27300000e-08  0.00000000e+00 
 2.27500000e-08  3.30000037e+00  2.27500000e-08  3.30000033e+00  2.27500000e-08  2.48664731e+00  2.27500000e-08  2.58168855e+00  2.27500000e-08  3.30000000e+00  2.27500000e-08  0.00000000e+00 
 2.27700000e-08  3.30000036e+00  2.27700000e-08  3.30000032e+00  2.27700000e-08  2.44381705e+00  2.27700000e-08  2.54254241e+00  2.27700000e-08  3.30000000e+00  2.27700000e-08  0.00000000e+00 
 2.27850000e-08  3.30000035e+00  2.27850000e-08  3.30000032e+00  2.27850000e-08  2.41178451e+00  2.27850000e-08  2.51324642e+00  2.27850000e-08  3.30000000e+00  2.27850000e-08  0.00000000e+00 
 2.28000000e-08  3.30000034e+00  2.28000000e-08  3.30000031e+00  2.28000000e-08  2.37983461e+00  2.28000000e-08  2.48400954e+00  2.28000000e-08  3.30000000e+00  2.28000000e-08  0.00000000e+00 
 2.28020000e-08  3.32132883e+00  2.28020000e-08  3.32132864e+00  2.28020000e-08  2.37588620e+00  2.28020000e-08  2.48042817e+00  2.28020000e-08  3.30000000e+00  2.28020000e-08  6.60000000e-02 
 2.28060000e-08  3.35609226e+00  2.28060000e-08  3.35609150e+00  2.28060000e-08  2.36792301e+00  2.28060000e-08  2.47319560e+00  2.28060000e-08  3.30000000e+00  2.28060000e-08  1.98000000e-01 
 2.28140000e-08  3.39509370e+00  2.28140000e-08  3.39509306e+00  2.28140000e-08  2.35170929e+00  2.28140000e-08  2.45843031e+00  2.28140000e-08  3.30000000e+00  2.28140000e-08  4.62000000e-01 
 2.28300000e-08  3.43010979e+00  2.28300000e-08  3.43011001e+00  2.28300000e-08  2.31814176e+00  2.28300000e-08  2.42772028e+00  2.28300000e-08  3.30000000e+00  2.28300000e-08  9.90000000e-01 
 2.28500000e-08  3.46572133e+00  2.28500000e-08  3.46572202e+00  2.28500000e-08  2.27140453e+00  2.28500000e-08  2.38447581e+00  2.28500000e-08  3.30000000e+00  2.28500000e-08  1.65000000e+00 
 2.28700000e-08  3.53473081e+00  2.28700000e-08  3.53485472e+00  2.28700000e-08  2.21781944e+00  2.28700000e-08  2.33073085e+00  2.28700000e-08  3.30000000e+00  2.28700000e-08  2.31000000e+00 
 2.28850000e-08  3.62665669e+00  2.28850000e-08  3.62726488e+00  2.28850000e-08  2.15299652e+00  2.28850000e-08  2.24979495e+00  2.28850000e-08  3.30000000e+00  2.28850000e-08  2.80500000e+00 
 2.29000000e-08  3.74366532e+00  2.29000000e-08  3.74339596e+00  2.29000000e-08  2.07416024e+00  2.29000000e-08  2.16986041e+00  2.29000000e-08  3.30000000e+00  2.29000000e-08  3.30000000e+00 
 2.29020000e-08  3.74367249e+00  2.29020000e-08  3.74324011e+00  2.29020000e-08  2.06382503e+00  2.29020000e-08  2.15957020e+00  2.29020000e-08  3.30000000e+00  2.29020000e-08  3.30000000e+00 
 2.29060000e-08  3.74353610e+00  2.29060000e-08  3.74275755e+00  2.29060000e-08  2.04399386e+00  2.29060000e-08  2.13986597e+00  2.29060000e-08  3.30000000e+00  2.29060000e-08  3.30000000e+00 
 2.29140000e-08  3.74244475e+00  2.29140000e-08  3.74083697e+00  2.29140000e-08  2.00886963e+00  2.29140000e-08  2.10509124e+00  2.29140000e-08  3.30000000e+00  2.29140000e-08  3.30000000e+00 
 2.29300000e-08  3.73736238e+00  2.29300000e-08  3.73344083e+00  2.29300000e-08  1.95223947e+00  2.29300000e-08  2.04921580e+00  2.29300000e-08  3.30000000e+00  2.29300000e-08  3.30000000e+00 
 2.29500000e-08  3.72684036e+00  2.29500000e-08  3.71940581e+00  2.29500000e-08  1.89709519e+00  2.29500000e-08  1.99509131e+00  2.29500000e-08  3.30000000e+00  2.29500000e-08  3.30000000e+00 
 2.29700000e-08  3.71509965e+00  2.29700000e-08  3.69305722e+00  2.29700000e-08  1.85032108e+00  2.29700000e-08  1.94938492e+00  2.29700000e-08  3.30000000e+00  2.29700000e-08  3.30000000e+00 
 2.29900000e-08  3.65134364e+00  2.29900000e-08  3.63801011e+00  2.29900000e-08  1.80708261e+00  2.29900000e-08  1.90784300e+00  2.29900000e-08  3.30000000e+00  2.29900000e-08  3.30000000e+00 
 2.30100000e-08  3.44841299e+00  2.30100000e-08  3.57173602e+00  2.30100000e-08  1.76552710e+00  2.30100000e-08  1.86905979e+00  2.30100000e-08  3.30000000e+00  2.30100000e-08  3.30000000e+00 
 2.30300000e-08  3.12540023e+00  2.30300000e-08  3.49427559e+00  2.30300000e-08  1.72478024e+00  2.30300000e-08  1.83216959e+00  2.30300000e-08  3.30000000e+00  2.30300000e-08  3.30000000e+00 
 2.30500000e-08  2.73584777e+00  2.30500000e-08  3.41930568e+00  2.30500000e-08  1.68433229e+00  2.30500000e-08  1.79642990e+00  2.30500000e-08  3.30000000e+00  2.30500000e-08  3.30000000e+00 
 2.30700000e-08  2.32267475e+00  2.30700000e-08  3.34993395e+00  2.30700000e-08  1.64398136e+00  2.30700000e-08  1.76137265e+00  2.30700000e-08  3.30000000e+00  2.30700000e-08  3.30000000e+00 
 2.30900000e-08  1.94881088e+00  2.30900000e-08  3.27973480e+00  2.30900000e-08  1.60399500e+00  2.30900000e-08  1.72640475e+00  2.30900000e-08  3.30000000e+00  2.30900000e-08  3.30000000e+00 
 2.31100000e-08  1.66549079e+00  2.31100000e-08  3.21177241e+00  2.31100000e-08  1.56456892e+00  2.31100000e-08  1.69099184e+00  2.31100000e-08  3.30000000e+00  2.31100000e-08  3.30000000e+00 
 2.31300000e-08  1.44589174e+00  2.31300000e-08  3.15594930e+00  2.31300000e-08  1.52564128e+00  2.31300000e-08  1.65531261e+00  2.31300000e-08  3.30000000e+00  2.31300000e-08  3.30000000e+00 
 2.31500000e-08  1.25262384e+00  2.31500000e-08  3.11109009e+00  2.31500000e-08  1.48693867e+00  2.31500000e-08  1.61978908e+00  2.31500000e-08  3.30000000e+00  2.31500000e-08  3.30000000e+00 
 2.31700000e-08  1.07477879e+00  2.31700000e-08  3.07597526e+00  2.31700000e-08  1.44723144e+00  2.31700000e-08  1.58426934e+00  2.31700000e-08  3.30000000e+00  2.31700000e-08  3.30000000e+00 
 2.31900000e-08  9.10533466e-01  2.31900000e-08  3.04995051e+00  2.31900000e-08  1.40555928e+00  2.31900000e-08  1.54846036e+00  2.31900000e-08  3.30000000e+00  2.31900000e-08  3.30000000e+00 
 2.32100000e-08  7.58006713e-01  2.32100000e-08  3.03256731e+00  2.32100000e-08  1.36387634e+00  2.32100000e-08  1.51222812e+00  2.32100000e-08  3.30000000e+00  2.32100000e-08  3.30000000e+00 
 2.32300000e-08  6.19776963e-01  2.32300000e-08  3.02423209e+00  2.32300000e-08  1.32341286e+00  2.32300000e-08  1.47526202e+00  2.32300000e-08  3.30000000e+00  2.32300000e-08  3.30000000e+00 
 2.32500000e-08  5.02058629e-01  2.32500000e-08  3.02567367e+00  2.32500000e-08  1.28424307e+00  2.32500000e-08  1.43707001e+00  2.32500000e-08  3.30000000e+00  2.32500000e-08  3.30000000e+00 
 2.32700000e-08  4.06907142e-01  2.32700000e-08  3.03543227e+00  2.32700000e-08  1.24621824e+00  2.32700000e-08  1.39824004e+00  2.32700000e-08  3.30000000e+00  2.32700000e-08  3.30000000e+00 
 2.32900000e-08  3.30171240e-01  2.32900000e-08  3.05053977e+00  2.32900000e-08  1.20923488e+00  2.32900000e-08  1.35988719e+00  2.32900000e-08  3.30000000e+00  2.32900000e-08  3.30000000e+00 
 2.33100000e-08  2.67158357e-01  2.33100000e-08  3.06853305e+00  2.33100000e-08  1.17323389e+00  2.33100000e-08  1.32268723e+00  2.33100000e-08  3.30000000e+00  2.33100000e-08  3.30000000e+00 
 2.33300000e-08  2.14767740e-01  2.33300000e-08  3.08779871e+00  2.33300000e-08  1.13817356e+00  2.33300000e-08  1.28687681e+00  2.33300000e-08  3.30000000e+00  2.33300000e-08  3.30000000e+00 
 2.33500000e-08  1.70831942e-01  2.33500000e-08  3.10727370e+00  2.33500000e-08  1.10401022e+00  2.33500000e-08  1.25246626e+00  2.33500000e-08  3.30000000e+00  2.33500000e-08  3.30000000e+00 
 2.33700000e-08  1.33754167e-01  2.33700000e-08  3.12626281e+00  2.33700000e-08  1.07069289e+00  2.33700000e-08  1.21936803e+00  2.33700000e-08  3.30000000e+00  2.33700000e-08  3.30000000e+00 
 2.33900000e-08  1.02302943e-01  2.33900000e-08  3.14432262e+00  2.33900000e-08  1.03816454e+00  2.33900000e-08  1.18745473e+00  2.33900000e-08  3.30000000e+00  2.33900000e-08  3.30000000e+00 
 2.34100000e-08  7.55219468e-02  2.34100000e-08  3.16119480e+00  2.34100000e-08  1.00636487e+00  2.34100000e-08  1.15659115e+00  2.34100000e-08  3.30000000e+00  2.34100000e-08  3.30000000e+00 
 2.34300000e-08  5.26205045e-02  2.34300000e-08  3.17673543e+00  2.34300000e-08  9.75246007e-01  2.34300000e-08  1.12664673e+00  2.34300000e-08  3.30000000e+00  2.34300000e-08  3.30000000e+00 
 2.34500000e-08  3.29543874e-02  2.34500000e-08  3.19089381e+00  2.34500000e-08  9.44751789e-01  2.34500000e-08  1.09749898e+00  2.34500000e-08  3.30000000e+00  2.34500000e-08  3.30000000e+00 
 2.34700000e-08  1.59879303e-02  2.34700000e-08  3.20367531e+00  2.34700000e-08  9.14834258e-01  2.34700000e-08  1.06905066e+00  2.34700000e-08  3.30000000e+00  2.34700000e-08  3.30000000e+00 
 2.34900000e-08  1.28881324e-03  2.34900000e-08  3.21513389e+00  2.34900000e-08  8.85469727e-01  2.34900000e-08  1.04121287e+00  2.34900000e-08  3.30000000e+00  2.34900000e-08  3.30000000e+00 
 2.35100000e-08 -1.15010496e-02  2.35100000e-08  3.22534459e+00  2.35100000e-08  8.56669718e-01  2.35100000e-08  1.01390925e+00  2.35100000e-08  3.30000000e+00  2.35100000e-08  3.30000000e+00 
 2.35300000e-08 -2.26769487e-02  2.35300000e-08  3.23440110e+00  2.35300000e-08  8.28515638e-01  2.35300000e-08  9.87082237e-01  2.35300000e-08  3.30000000e+00  2.35300000e-08  3.30000000e+00 
 2.35500000e-08 -3.25022018e-02  2.35500000e-08  3.24239425e+00  2.35500000e-08  8.01226642e-01  2.35500000e-08  9.60709852e-01  2.35500000e-08  3.30000000e+00  2.35500000e-08  3.30000000e+00 
 2.35700000e-08 -4.11561101e-02  2.35700000e-08  3.24943784e+00  2.35700000e-08  7.75273614e-01  2.35700000e-08  9.34772634e-01  2.35700000e-08  3.30000000e+00  2.35700000e-08  3.30000000e+00 
 2.35900000e-08 -4.87655476e-02  2.35900000e-08  3.25563829e+00  2.35900000e-08  7.51386779e-01  2.35900000e-08  9.09268837e-01  2.35900000e-08  3.30000000e+00  2.35900000e-08  3.30000000e+00 
 2.36100000e-08 -5.54491418e-02  2.36100000e-08  3.26109416e+00  2.36100000e-08  7.30281302e-01  2.36100000e-08  8.84176768e-01  2.36100000e-08  3.30000000e+00  2.36100000e-08  3.30000000e+00 
 2.36300000e-08 -6.13274906e-02  2.36300000e-08  3.26588593e+00  2.36300000e-08  7.12270774e-01  2.36300000e-08  8.59423850e-01  2.36300000e-08  3.30000000e+00  2.36300000e-08  3.30000000e+00 
 2.36500000e-08 -6.65229733e-02  2.36500000e-08  3.27008430e+00  2.36500000e-08  6.97167043e-01  2.36500000e-08  8.34919854e-01  2.36500000e-08  3.30000000e+00  2.36500000e-08  3.30000000e+00 
 2.36700000e-08 -7.11591554e-02  2.36700000e-08  3.27374730e+00  2.36700000e-08  6.84493094e-01  2.36700000e-08  8.10624343e-01  2.36700000e-08  3.30000000e+00  2.36700000e-08  3.30000000e+00 
 2.36900000e-08 -7.53132565e-02  2.36900000e-08  3.27694283e+00  2.36900000e-08  6.73735002e-01  2.36900000e-08  7.86642265e-01  2.36900000e-08  3.30000000e+00  2.36900000e-08  3.30000000e+00 
 2.37100000e-08 -7.89846549e-02  2.37100000e-08  3.27975129e+00  2.37100000e-08  6.64464177e-01  2.37100000e-08  7.63321479e-01  2.37100000e-08  3.30000000e+00  2.37100000e-08  3.30000000e+00 
 2.37300000e-08 -8.20693856e-02  2.37300000e-08  3.28227370e+00  2.37300000e-08  6.56346082e-01  2.37300000e-08  7.41251381e-01  2.37300000e-08  3.30000000e+00  2.37300000e-08  3.30000000e+00 
 2.37500000e-08 -8.44346781e-02  2.37500000e-08  3.28459619e+00  2.37500000e-08  6.49121226e-01  2.37500000e-08  7.21049784e-01  2.37500000e-08  3.30000000e+00  2.37500000e-08  3.30000000e+00 
 2.37700000e-08 -8.60092106e-02  2.37700000e-08  3.28676994e+00  2.37700000e-08  6.42578568e-01  2.37700000e-08  7.03090301e-01  2.37700000e-08  3.30000000e+00  2.37700000e-08  3.30000000e+00 
 2.37900000e-08 -8.68579383e-02  2.37900000e-08  3.28879212e+00  2.37900000e-08  6.36535029e-01  2.37900000e-08  6.87361637e-01  2.37900000e-08  3.30000000e+00  2.37900000e-08  3.30000000e+00 
 2.38100000e-08 -8.71420675e-02  2.38100000e-08  3.29063673e+00  2.38100000e-08  6.30843218e-01  2.38100000e-08  6.73578268e-01  2.38100000e-08  3.30000000e+00  2.38100000e-08  3.30000000e+00 
 2.38300000e-08 -8.70518456e-02  2.38300000e-08  3.29227437e+00  2.38300000e-08  6.25391344e-01  2.38300000e-08  6.61379147e-01  2.38300000e-08  3.30000000e+00  2.38300000e-08  3.30000000e+00 
 2.38500000e-08 -8.67407098e-02  2.38500000e-08  3.29369615e+00  2.38500000e-08  6.20095529e-01  2.38500000e-08  6.50433935e-01  2.38500000e-08  3.30000000e+00  2.38500000e-08  3.30000000e+00 
 2.38700000e-08 -8.63254110e-02  2.38700000e-08  3.29490334e+00  2.38700000e-08  6.14894631e-01  2.38700000e-08  6.40475599e-01  2.38700000e-08  3.30000000e+00  2.38700000e-08  3.30000000e+00 
 2.38900000e-08 -8.58744845e-02  2.38900000e-08  3.29591326e+00  2.38900000e-08  6.09745979e-01  2.38900000e-08  6.31307187e-01  2.38900000e-08  3.30000000e+00  2.38900000e-08  3.30000000e+00 
 2.39100000e-08 -8.54366667e-02  2.39100000e-08  3.29674458e+00  2.39100000e-08  6.04621305e-01  2.39100000e-08  6.22779953e-01  2.39100000e-08  3.30000000e+00  2.39100000e-08  3.30000000e+00 
 2.39300000e-08 -8.50351448e-02  2.39300000e-08  3.29742229e+00  2.39300000e-08  5.99503602e-01  2.39300000e-08  6.14779639e-01  2.39300000e-08  3.30000000e+00  2.39300000e-08  3.30000000e+00 
 2.39500000e-08 -8.46886411e-02  2.39500000e-08  3.29796637e+00  2.39500000e-08  5.94383852e-01  2.39500000e-08  6.07220386e-01  2.39500000e-08  3.30000000e+00  2.39500000e-08  3.30000000e+00 
 2.39700000e-08 -8.44002226e-02  2.39700000e-08  3.29839994e+00  2.39700000e-08  5.89259031e-01  2.39700000e-08  6.00034420e-01  2.39700000e-08  3.30000000e+00  2.39700000e-08  3.30000000e+00 
 2.39900000e-08 -8.41760104e-02  2.39900000e-08  3.29873919e+00  2.39900000e-08  5.84129823e-01  2.39900000e-08  5.93168598e-01  2.39900000e-08  3.30000000e+00  2.39900000e-08  3.30000000e+00 
 2.40100000e-08 -8.40110753e-02  2.40100000e-08  3.29900288e+00  2.40100000e-08  5.78999620e-01  2.40100000e-08  5.86579693e-01  2.40100000e-08  3.30000000e+00  2.40100000e-08  3.30000000e+00 
 2.40300000e-08 -8.39068850e-02  2.40300000e-08  3.29920245e+00  2.40300000e-08  5.73873054e-01  2.40300000e-08  5.80231790e-01  2.40300000e-08  3.30000000e+00  2.40300000e-08  3.30000000e+00 
 2.40500000e-08 -8.38559891e-02  2.40500000e-08  3.29935227e+00  2.40500000e-08  5.68755650e-01  2.40500000e-08  5.74095255e-01  2.40500000e-08  3.30000000e+00  2.40500000e-08  3.30000000e+00 
 2.40700000e-08 -8.38584383e-02  2.40700000e-08  3.29945986e+00  2.40700000e-08  5.63652877e-01  2.40700000e-08  5.68144805e-01  2.40700000e-08  3.30000000e+00  2.40700000e-08  3.30000000e+00 
 2.40900000e-08 -8.39061051e-02  2.40900000e-08  3.29953609e+00  2.40900000e-08  5.58570226e-01  2.40900000e-08  5.62359293e-01  2.40900000e-08  3.30000000e+00  2.40900000e-08  3.30000000e+00 
 2.41100000e-08 -8.39980630e-02  2.41100000e-08  3.29958514e+00  2.41100000e-08  5.53512548e-01  2.41100000e-08  5.56720434e-01  2.41100000e-08  3.30000000e+00  2.41100000e-08  3.30000000e+00 
 2.41300000e-08 -8.41268643e-02  2.41300000e-08  3.29961537e+00  2.41300000e-08  5.48484379e-01  2.41300000e-08  5.51212843e-01  2.41300000e-08  3.30000000e+00  2.41300000e-08  3.30000000e+00 
 2.41500000e-08 -8.42917902e-02  2.41500000e-08  3.29962877e+00  2.41500000e-08  5.43489420e-01  2.41500000e-08  5.45823125e-01  2.41500000e-08  3.30000000e+00  2.41500000e-08  3.30000000e+00 
 2.41700000e-08 -8.44858436e-02  2.41700000e-08  3.29963179e+00  2.41700000e-08  5.38531003e-01  2.41700000e-08  5.40540043e-01  2.41700000e-08  3.30000000e+00  2.41700000e-08  3.30000000e+00 
 2.41900000e-08 -8.47087624e-02  2.41900000e-08  3.29962483e+00  2.41900000e-08  5.33611619e-01  2.41900000e-08  5.35353772e-01  2.41900000e-08  3.30000000e+00  2.41900000e-08  3.30000000e+00 
 2.42100000e-08 -8.49540585e-02  2.42100000e-08  3.29961302e+00  2.42100000e-08  5.28733466e-01  2.42100000e-08  5.30256115e-01  2.42100000e-08  3.30000000e+00  2.42100000e-08  3.30000000e+00 
 2.42300000e-08 -8.52219697e-02  2.42300000e-08  3.29959567e+00  2.42300000e-08  5.23897988e-01  2.42300000e-08  5.25239878e-01  2.42300000e-08  3.30000000e+00  2.42300000e-08  3.30000000e+00 
 2.42500000e-08 -8.55065103e-02  2.42500000e-08  3.29957701e+00  2.42500000e-08  5.19106459e-01  2.42500000e-08  5.20299098e-01  2.42500000e-08  3.30000000e+00  2.42500000e-08  3.30000000e+00 
 2.42700000e-08 -8.58083933e-02  2.42700000e-08  3.29955556e+00  2.42700000e-08  5.14359506e-01  2.42700000e-08  5.15428509e-01  2.42700000e-08  3.30000000e+00  2.42700000e-08  3.30000000e+00 
 2.42900000e-08 -8.61220962e-02  2.42900000e-08  3.29953496e+00  2.42900000e-08  5.09657715e-01  2.42900000e-08  5.10623771e-01  2.42900000e-08  3.30000000e+00  2.42900000e-08  3.30000000e+00 
 2.43100000e-08 -8.64487611e-02  2.43100000e-08  3.29951324e+00  2.43100000e-08  5.05001133e-01  2.43100000e-08  5.05881014e-01  2.43100000e-08  3.30000000e+00  2.43100000e-08  3.30000000e+00 
 2.43300000e-08 -8.67832773e-02  2.43300000e-08  3.29949364e+00  2.43300000e-08  5.00389874e-01  2.43300000e-08  5.01197065e-01  2.43300000e-08  3.30000000e+00  2.43300000e-08  3.30000000e+00 
 2.43500000e-08 -8.71271635e-02  2.43500000e-08  3.29947382e+00  2.43500000e-08  4.95823598e-01  2.43500000e-08  4.96569051e-01  2.43500000e-08  3.30000000e+00  2.43500000e-08  3.30000000e+00 
 2.43700000e-08 -8.74756680e-02  2.43700000e-08  3.29945678e+00  2.43700000e-08  4.91302123e-01  2.43700000e-08  4.91994621e-01  2.43700000e-08  3.30000000e+00  2.43700000e-08  3.30000000e+00 
 2.43900000e-08 -8.78306338e-02  2.43900000e-08  3.29943997e+00  2.43900000e-08  4.86824877e-01  2.43900000e-08  4.87471611e-01  2.43900000e-08  3.30000000e+00  2.43900000e-08  3.30000000e+00 
 2.44100000e-08 -8.81876167e-02  2.44100000e-08  3.29942622e+00  2.44100000e-08  4.82391508e-01  2.44100000e-08  4.82998246e-01  2.44100000e-08  3.30000000e+00  2.44100000e-08  3.30000000e+00 
 2.44300000e-08 -8.85487348e-02  2.44300000e-08  3.29941283e+00  2.44300000e-08  4.78001319e-01  2.44300000e-08  4.78572855e-01  2.44300000e-08  3.30000000e+00  2.44300000e-08  3.30000000e+00 
 2.44500000e-08 -8.89098040e-02  2.44500000e-08  3.29940255e+00  2.44500000e-08  4.73653879e-01  2.44500000e-08  4.74194066e-01  2.44500000e-08  3.30000000e+00  2.44500000e-08  3.30000000e+00 
 2.44700000e-08 -8.92731722e-02  2.44700000e-08  3.29939260e+00  2.44700000e-08  4.69348434e-01  2.44700000e-08  4.69860556e-01  2.44700000e-08  3.30000000e+00  2.44700000e-08  3.30000000e+00 
 2.44900000e-08 -8.96348728e-02  2.44900000e-08  3.29938566e+00  2.44900000e-08  4.65084533e-01  2.44900000e-08  4.65571232e-01  2.44900000e-08  3.30000000e+00  2.44900000e-08  3.30000000e+00 
 2.45100000e-08 -8.99974434e-02  2.45100000e-08  3.29937890e+00  2.45100000e-08  4.60861411e-01  2.45100000e-08  4.61325017e-01  2.45100000e-08  3.30000000e+00  2.45100000e-08  3.30000000e+00 
 2.45300000e-08 -9.03570969e-02  2.45300000e-08  3.29937499e+00  2.45300000e-08  4.56678625e-01  2.45300000e-08  4.57121014e-01  2.45300000e-08  3.30000000e+00  2.45300000e-08  3.30000000e+00 
 2.45500000e-08 -9.07165258e-02  2.45500000e-08  3.29937107e+00  2.45500000e-08  4.52535429e-01  2.45500000e-08  4.52958325e-01  2.45500000e-08  3.30000000e+00  2.45500000e-08  3.30000000e+00 
 2.45700000e-08 -9.10720899e-02  2.45700000e-08  3.29936981e+00  2.45700000e-08  4.48431408e-01  2.45700000e-08  4.48836190e-01  2.45700000e-08  3.30000000e+00  2.45700000e-08  3.30000000e+00 
 2.45900000e-08 -9.14266067e-02  2.45900000e-08  3.29936833e+00  2.45900000e-08  4.44365841e-01  2.45900000e-08  4.44753841e-01  2.45900000e-08  3.30000000e+00  2.45900000e-08  3.30000000e+00 
 2.46100000e-08 -9.17765554e-02  2.46100000e-08  3.29936931e+00  2.46100000e-08  4.40338350e-01  2.46100000e-08  4.40710620e-01  2.46100000e-08  3.30000000e+00  2.46100000e-08  3.30000000e+00 
 2.46300000e-08 -9.21248532e-02  2.46300000e-08  3.29936987e+00  2.46300000e-08  4.36348249e-01  2.46300000e-08  4.36705858e-01  2.46300000e-08  3.30000000e+00  2.46300000e-08  3.30000000e+00 
 2.46500000e-08 -9.24680756e-02  2.46500000e-08  3.29937268e+00  2.46500000e-08  4.32395195e-01  2.46500000e-08  4.32738972e-01  2.46500000e-08  3.30000000e+00  2.46500000e-08  3.30000000e+00 
 2.46700000e-08 -9.28092187e-02  2.46700000e-08  3.29937489e+00  2.46700000e-08  4.28478537e-01  2.46700000e-08  4.28809368e-01  2.46700000e-08  3.30000000e+00  2.46700000e-08  3.30000000e+00 
 2.46900000e-08 -9.31449350e-02  2.46900000e-08  3.29937918e+00  2.46900000e-08  4.24597969e-01  2.46900000e-08  4.24916522e-01  2.46900000e-08  3.30000000e+00  2.46900000e-08  3.30000000e+00 
 2.47100000e-08 -9.34782823e-02  2.47100000e-08  3.29938270e+00  2.47100000e-08  4.20752869e-01  2.47100000e-08  4.21059899e-01  2.47100000e-08  3.30000000e+00  2.47100000e-08  3.30000000e+00 
 2.47300000e-08 -9.38059746e-02  2.47300000e-08  3.29938815e+00  2.47300000e-08  4.16942967e-01  2.47300000e-08  4.17239021e-01  2.47300000e-08  3.30000000e+00  2.47300000e-08  3.30000000e+00 
 2.47500000e-08 -9.41311173e-02  2.47500000e-08  3.29939267e+00  2.47500000e-08  4.13167668e-01  2.47500000e-08  4.13453403e-01  2.47500000e-08  3.30000000e+00  2.47500000e-08  3.30000000e+00 
 2.47700000e-08 -9.44504731e-02  2.47700000e-08  3.29939899e+00  2.47700000e-08  4.09426733e-01  2.47700000e-08  4.09702603e-01  2.47700000e-08  3.30000000e+00  2.47700000e-08  3.30000000e+00 
 2.47900000e-08 -9.47671837e-02  2.47900000e-08  3.29940427e+00  2.47900000e-08  4.05719593e-01  2.47900000e-08  4.05986175e-01  2.47900000e-08  3.30000000e+00  2.47900000e-08  3.30000000e+00 
 2.48100000e-08 -9.50780502e-02  2.48100000e-08  3.29941124e+00  2.48100000e-08  4.02046033e-01  2.48100000e-08  4.02303708e-01  2.48100000e-08  3.30000000e+00  2.48100000e-08  3.30000000e+00 
 2.48300000e-08 -9.53862413e-02  2.48300000e-08  3.29941704e+00  2.48300000e-08  3.98405509e-01  2.48300000e-08  3.98654792e-01  2.48300000e-08  3.30000000e+00  2.48300000e-08  3.30000000e+00 
 2.48500000e-08 -9.56885884e-02  2.48500000e-08  3.29942446e+00  2.48500000e-08  3.94797829e-01  2.48500000e-08  3.95039038e-01  2.48500000e-08  3.30000000e+00  2.48500000e-08  3.30000000e+00 
 2.48700000e-08 -9.59882798e-02  2.48700000e-08  3.29943063e+00  2.48700000e-08  3.91222467e-01  2.48700000e-08  3.91456066e-01  2.48700000e-08  3.30000000e+00  2.48700000e-08  3.30000000e+00 
 2.48900000e-08 -9.62821702e-02  2.48900000e-08  3.29943833e+00  2.48900000e-08  3.87679253e-01  2.48900000e-08  3.87905509e-01  2.48900000e-08  3.30000000e+00  2.48900000e-08  3.30000000e+00 
 2.49100000e-08 -9.65734621e-02  2.49100000e-08  3.29944471e+00  2.49100000e-08  3.84167677e-01  2.49100000e-08  3.84387011e-01  2.49100000e-08  3.30000000e+00  2.49100000e-08  3.30000000e+00 
 2.49300000e-08 -9.68590282e-02  2.49300000e-08  3.29945257e+00  2.49300000e-08  3.80687589e-01  2.49300000e-08  3.80900223e-01  2.49300000e-08  3.30000000e+00  2.49300000e-08  3.30000000e+00 
 2.49500000e-08 -9.71420802e-02  2.49500000e-08  3.29945906e+00  2.49500000e-08  3.77238492e-01  2.49500000e-08  3.77444811e-01  2.49500000e-08  3.30000000e+00  2.49500000e-08  3.30000000e+00 
 2.49700000e-08 -9.74195047e-02  2.49700000e-08  3.29946697e+00  2.49700000e-08  3.73820252e-01  2.49700000e-08  3.74020441e-01  2.49700000e-08  3.30000000e+00  2.49700000e-08  3.30000000e+00 
 2.49900000e-08 -9.76945191e-02  2.49900000e-08  3.29947347e+00  2.49900000e-08  3.70432386e-01  2.49900000e-08  3.70626798e-01  2.49900000e-08  3.30000000e+00  2.49900000e-08  3.30000000e+00 
 2.50100000e-08 -9.79640203e-02  2.50100000e-08  3.29948136e+00  2.50100000e-08  3.67074773e-01  2.50100000e-08  3.67263562e-01  2.50100000e-08  3.30000000e+00  2.50100000e-08  3.30000000e+00 
 2.50300000e-08 -9.82312287e-02  2.50300000e-08  3.29948779e+00  2.50300000e-08  3.63746943e-01  2.50300000e-08  3.63930434e-01  2.50300000e-08  3.30000000e+00  2.50300000e-08  3.30000000e+00 
 2.50500000e-08 -9.84930488e-02  2.50500000e-08  3.29949560e+00  2.50500000e-08  3.60448787e-01  2.50500000e-08  3.60627106e-01  2.50500000e-08  3.30000000e+00  2.50500000e-08  3.30000000e+00 
 2.50700000e-08 -9.87527017e-02  2.50700000e-08  3.29950192e+00  2.50700000e-08  3.57179844e-01  2.50700000e-08  3.57353294e-01  2.50700000e-08  3.30000000e+00  2.50700000e-08  3.30000000e+00 
 2.50900000e-08 -9.90070977e-02  2.50900000e-08  3.29950960e+00  2.50900000e-08  3.53940018e-01  2.50900000e-08  3.54108700e-01  2.50900000e-08  3.30000000e+00  2.50900000e-08  3.30000000e+00 
 2.51100000e-08 -9.92594565e-02  2.51100000e-08  3.29951577e+00  2.51100000e-08  3.50728857e-01  2.51100000e-08  3.50893052e-01  2.51100000e-08  3.30000000e+00  2.51100000e-08  3.30000000e+00 
 2.51300000e-08 -9.95066928e-02  2.51300000e-08  3.29952327e+00  2.51300000e-08  3.47546273e-01  2.51300000e-08  3.47706062e-01  2.51300000e-08  3.30000000e+00  2.51300000e-08  3.30000000e+00 
 2.51500000e-08 -9.97520238e-02  2.51500000e-08  3.29952926e+00  2.51500000e-08  3.44391824e-01  2.51500000e-08  3.44547471e-01  2.51500000e-08  3.30000000e+00  2.51500000e-08  3.30000000e+00 
 2.51700000e-08 -9.99923669e-02  2.51700000e-08  3.29953658e+00  2.51700000e-08  3.41265432e-01  2.51700000e-08  3.41416998e-01  2.51700000e-08  3.30000000e+00  2.51700000e-08  3.30000000e+00 
 2.51900000e-08 -1.00230936e-01  2.51900000e-08  3.29954237e+00  2.51900000e-08  3.38166660e-01  2.51900000e-08  3.38314395e-01  2.51900000e-08  3.30000000e+00  2.51900000e-08  3.30000000e+00 
 2.52100000e-08 -1.00464651e-01  2.52100000e-08  3.29954949e+00  2.52100000e-08  3.35095440e-01  2.52100000e-08  3.35239387e-01  2.52100000e-08  3.30000000e+00  2.52100000e-08  3.30000000e+00 
 2.52300000e-08 -1.00696721e-01  2.52300000e-08  3.29955507e+00  2.52300000e-08  3.32051341e-01  2.52300000e-08  3.32191737e-01  2.52300000e-08  3.30000000e+00  2.52300000e-08  3.30000000e+00 
 2.52500000e-08 -1.00924066e-01  2.52500000e-08  3.29956197e+00  2.52500000e-08  3.29034303e-01  2.52500000e-08  3.29171177e-01  2.52500000e-08  3.30000000e+00  2.52500000e-08  3.30000000e+00 
 2.52700000e-08 -1.01149893e-01  2.52700000e-08  3.29956733e+00  2.52700000e-08  3.26043900e-01  2.52700000e-08  3.26177477e-01  2.52700000e-08  3.30000000e+00  2.52700000e-08  3.30000000e+00 
 2.52900000e-08 -1.01371123e-01  2.52900000e-08  3.29957401e+00  2.52900000e-08  3.23080081e-01  2.52900000e-08  3.23210377e-01  2.52900000e-08  3.30000000e+00  2.52900000e-08  3.30000000e+00 
 2.53100000e-08 -1.01590955e-01  2.53100000e-08  3.29957915e+00  2.53100000e-08  3.20142425e-01  2.53100000e-08  3.20269654e-01  2.53100000e-08  3.30000000e+00  2.53100000e-08  3.30000000e+00 
 2.53300000e-08 -1.01806312e-01  2.53300000e-08  3.29958562e+00  2.53300000e-08  3.17230886e-01  2.53300000e-08  3.17355052e-01  2.53300000e-08  3.30000000e+00  2.53300000e-08  3.30000000e+00 
 2.53500000e-08 -1.02020389e-01  2.53500000e-08  3.29959054e+00  2.53500000e-08  3.14345049e-01  2.53500000e-08  3.14466358e-01  2.53500000e-08  3.30000000e+00  2.53500000e-08  3.30000000e+00 
 2.53700000e-08 -1.02230107e-01  2.53700000e-08  3.29959679e+00  2.53700000e-08  3.11484875e-01  2.53700000e-08  3.11603320e-01  2.53700000e-08  3.30000000e+00  2.53700000e-08  3.30000000e+00 
 2.53900000e-08 -1.02438657e-01  2.53900000e-08  3.29960150e+00  2.53900000e-08  3.08649953e-01  2.53900000e-08  3.08765732e-01  2.53900000e-08  3.30000000e+00  2.53900000e-08  3.30000000e+00 
 2.54100000e-08 -1.02642960e-01  2.54100000e-08  3.29960753e+00  2.54100000e-08  3.05840250e-01  2.54100000e-08  3.05953347e-01  2.54100000e-08  3.30000000e+00  2.54100000e-08  3.30000000e+00 
 2.54300000e-08 -1.02846202e-01  2.54300000e-08  3.29961203e+00  2.54300000e-08  3.03055359e-01  2.54300000e-08  3.03165964e-01  2.54300000e-08  3.30000000e+00  2.54300000e-08  3.30000000e+00 
 2.54500000e-08 -1.03045304e-01  2.54500000e-08  3.29961787e+00  2.54500000e-08  3.00295252e-01  2.54500000e-08  3.00403342e-01  2.54500000e-08  3.30000000e+00  2.54500000e-08  3.30000000e+00 
 2.54700000e-08 -1.03243446e-01  2.54700000e-08  3.29962216e+00  2.54700000e-08  2.97559527e-01  2.54700000e-08  2.97665285e-01  2.54700000e-08  3.30000000e+00  2.54700000e-08  3.30000000e+00 
 2.54900000e-08 -1.03437549e-01  2.54900000e-08  3.29962780e+00  2.54900000e-08  2.94848161e-01  2.54900000e-08  2.94951555e-01  2.54900000e-08  3.30000000e+00  2.54900000e-08  3.30000000e+00 
 2.55100000e-08 -1.03630787e-01  2.55100000e-08  3.29963190e+00  2.55100000e-08  2.92160756e-01  2.55100000e-08  2.92261965e-01  2.55100000e-08  3.30000000e+00  2.55100000e-08  3.30000000e+00 
 2.55300000e-08 -1.03820083e-01  2.55300000e-08  3.29963734e+00  2.55300000e-08  2.89497292e-01  2.55300000e-08  2.89596278e-01  2.55300000e-08  3.30000000e+00  2.55300000e-08  3.30000000e+00 
 2.55500000e-08 -1.04008606e-01  2.55500000e-08  3.29964126e+00  2.55500000e-08  2.86857378e-01  2.55500000e-08  2.86954312e-01  2.55500000e-08  3.30000000e+00  2.55500000e-08  3.30000000e+00 
 2.55700000e-08 -1.04193276e-01  2.55700000e-08  3.29964652e+00  2.55700000e-08  2.84240996e-01  2.55700000e-08  2.84335836e-01  2.55700000e-08  3.30000000e+00  2.55700000e-08  3.30000000e+00 
 2.55900000e-08 -1.04377260e-01  2.55900000e-08  3.29965026e+00  2.55900000e-08  2.81647759e-01  2.55900000e-08  2.81740671e-01  2.55900000e-08  3.30000000e+00  2.55900000e-08  3.30000000e+00 
 2.56100000e-08 -1.04557478e-01  2.56100000e-08  3.29965535e+00  2.56100000e-08  2.79077654e-01  2.56100000e-08  2.79168590e-01  2.56100000e-08  3.30000000e+00  2.56100000e-08  3.30000000e+00 
 2.56300000e-08 -1.04737089e-01  2.56300000e-08  3.29965892e+00  2.56300000e-08  2.76530296e-01  2.56300000e-08  2.76619419e-01  2.56300000e-08  3.30000000e+00  2.56300000e-08  3.30000000e+00 
 2.56500000e-08 -1.04913016e-01  2.56500000e-08  3.29966384e+00  2.56500000e-08  2.74005677e-01  2.56500000e-08  2.74092935e-01  2.56500000e-08  3.30000000e+00  2.56500000e-08  3.30000000e+00 
 2.56700000e-08 -1.05088414e-01  2.56700000e-08  3.29966725e+00  2.56700000e-08  2.71503416e-01  2.56700000e-08  2.71588966e-01  2.56700000e-08  3.30000000e+00  2.56700000e-08  3.30000000e+00 
 2.56900000e-08 -1.05260205e-01  2.56900000e-08  3.29967202e+00  2.56900000e-08  2.69023509e-01  2.56900000e-08  2.69107294e-01  2.56900000e-08  3.30000000e+00  2.56900000e-08  3.30000000e+00 
 2.57100000e-08 -1.05431538e-01  2.57100000e-08  3.29967527e+00  2.57100000e-08  2.66565577e-01  2.57100000e-08  2.66647752e-01  2.57100000e-08  3.30000000e+00  2.57100000e-08  3.30000000e+00 
 2.57300000e-08 -1.05599337e-01  2.57300000e-08  3.29967990e+00  2.57300000e-08  2.64129620e-01  2.57300000e-08  2.64210123e-01  2.57300000e-08  3.30000000e+00  2.57300000e-08  3.30000000e+00 
 2.57500000e-08 -1.05766747e-01  2.57500000e-08  3.29968301e+00  2.57500000e-08  2.61715261e-01  2.57500000e-08  2.61794246e-01  2.57500000e-08  3.30000000e+00  2.57500000e-08  3.30000000e+00 
 2.57700000e-08 -1.05930691e-01  2.57700000e-08  3.29968749e+00  2.57700000e-08  2.59322506e-01  2.57700000e-08  2.59399906e-01  2.57700000e-08  3.30000000e+00  2.57700000e-08  3.30000000e+00 
 2.57900000e-08 -1.06094311e-01  2.57900000e-08  3.29969046e+00  2.57900000e-08  2.56950981e-01  2.57900000e-08  2.57026946e-01  2.57900000e-08  3.30000000e+00  2.57900000e-08  3.30000000e+00 
 2.58100000e-08 -1.06254530e-01  2.58100000e-08  3.29969481e+00  2.58100000e-08  2.54600692e-01  2.58100000e-08  2.54675154e-01  2.58100000e-08  3.30000000e+00  2.58100000e-08  3.30000000e+00 
 2.58300000e-08 -1.06414486e-01  2.58300000e-08  3.29969766e+00  2.58300000e-08  2.52271271e-01  2.58300000e-08  2.52344376e-01  2.58300000e-08  3.30000000e+00  2.58300000e-08  3.30000000e+00 
 2.58500000e-08 -1.06571103e-01  2.58500000e-08  3.29970188e+00  2.58500000e-08  2.49962727e-01  2.58500000e-08  2.50034404e-01  2.58500000e-08  3.30000000e+00  2.58500000e-08  3.30000000e+00 
 2.58700000e-08 -1.06727514e-01  2.58700000e-08  3.29970460e+00  2.58700000e-08  2.47674694e-01  2.58700000e-08  2.47745087e-01  2.58700000e-08  3.30000000e+00  2.58700000e-08  3.30000000e+00 
 2.58900000e-08 -1.06880644e-01  2.58900000e-08  3.29970871e+00  2.58900000e-08  2.45407185e-01  2.58900000e-08  2.45476219e-01  2.58900000e-08  3.30000000e+00  2.58900000e-08  3.30000000e+00 
 2.59100000e-08 -1.07033623e-01  2.59100000e-08  3.29971131e+00  2.59100000e-08  2.43159836e-01  2.59100000e-08  2.43227655e-01  2.59100000e-08  3.30000000e+00  2.59100000e-08  3.30000000e+00 
 2.59300000e-08 -1.07183377e-01  2.59300000e-08  3.29971531e+00  2.59300000e-08  2.40932664e-01  2.59300000e-08  2.40999189e-01  2.59300000e-08  3.30000000e+00  2.59300000e-08  3.30000000e+00 
 2.59500000e-08 -1.07333031e-01  2.59500000e-08  3.29971780e+00  2.59500000e-08  2.38725307e-01  2.59500000e-08  2.38790679e-01  2.59500000e-08  3.30000000e+00  2.59500000e-08  3.30000000e+00 
 2.59700000e-08 -1.07479513e-01  2.59700000e-08  3.29972169e+00  2.59700000e-08  2.36537784e-01  2.59700000e-08  2.36601925e-01  2.59700000e-08  3.30000000e+00  2.59700000e-08  3.30000000e+00 
 2.59900000e-08 -1.07625943e-01  2.59900000e-08  3.29972408e+00  2.59900000e-08  2.34369738e-01  2.59900000e-08  2.34432785e-01  2.59900000e-08  3.30000000e+00  2.59900000e-08  3.30000000e+00 
 2.60100000e-08 -1.07769251e-01  2.60100000e-08  3.29972787e+00  2.60100000e-08  2.32221191e-01  2.60100000e-08  2.32283063e-01  2.60100000e-08  3.30000000e+00  2.60100000e-08  3.30000000e+00 
 2.60300000e-08 -1.07912554e-01  2.60300000e-08  3.29973016e+00  2.60300000e-08  2.30091786e-01  2.60300000e-08  2.30152620e-01  2.60300000e-08  3.30000000e+00  2.60300000e-08  3.30000000e+00 
 2.60500000e-08 -1.08052782e-01  2.60500000e-08  3.29973385e+00  2.60500000e-08  2.27981550e-01  2.60500000e-08  2.28041262e-01  2.60500000e-08  3.30000000e+00  2.60500000e-08  3.30000000e+00 
 2.60700000e-08 -1.08193049e-01  2.60700000e-08  3.29973605e+00  2.60700000e-08  2.25890128e-01  2.60700000e-08  2.25948854e-01  2.60700000e-08  3.30000000e+00  2.60700000e-08  3.30000000e+00 
 2.60900000e-08 -1.08330286e-01  2.60900000e-08  3.29973965e+00  2.60900000e-08  2.23817549e-01  2.60900000e-08  2.23875203e-01  2.60900000e-08  3.30000000e+00  2.60900000e-08  3.30000000e+00 
 2.61100000e-08 -1.08467604e-01  2.61100000e-08  3.29974176e+00  2.61100000e-08  2.21763462e-01  2.61100000e-08  2.21820179e-01  2.61100000e-08  3.30000000e+00  2.61100000e-08  3.30000000e+00 
 2.61300000e-08 -1.08601935e-01  2.61300000e-08  3.29974528e+00  2.61300000e-08  2.19727897e-01  2.61300000e-08  2.19783589e-01  2.61300000e-08  3.30000000e+00  2.61300000e-08  3.30000000e+00 
 2.61500000e-08 -1.08736386e-01  2.61500000e-08  3.29974730e+00  2.61500000e-08  2.17710507e-01  2.61500000e-08  2.17765307e-01  2.61500000e-08  3.30000000e+00  2.61500000e-08  3.30000000e+00 
 2.61700000e-08 -1.08867892e-01  2.61700000e-08  3.29975074e+00  2.61700000e-08  2.15711324e-01  2.61700000e-08  2.15765144e-01  2.61700000e-08  3.30000000e+00  2.61700000e-08  3.30000000e+00 
 2.61900000e-08 -1.08999557e-01  2.61900000e-08  3.29975268e+00  2.61900000e-08  2.13730004e-01  2.61900000e-08  2.13782975e-01  2.61900000e-08  3.30000000e+00  2.61900000e-08  3.30000000e+00 
 2.62100000e-08 -1.09128315e-01  2.62100000e-08  3.29975604e+00  2.62100000e-08  2.11766582e-01  2.62100000e-08  2.11818614e-01  2.62100000e-08  3.30000000e+00  2.62100000e-08  3.30000000e+00 
 2.62300000e-08 -1.09257267e-01  2.62300000e-08  3.29975791e+00  2.62300000e-08  2.09820714e-01  2.62300000e-08  2.09871938e-01  2.62300000e-08  3.30000000e+00  2.62300000e-08  3.30000000e+00 
 2.62500000e-08 -1.09383350e-01  2.62500000e-08  3.29976119e+00  2.62500000e-08  2.07892439e-01  2.62500000e-08  2.07942763e-01  2.62500000e-08  3.30000000e+00  2.62500000e-08  3.30000000e+00 
 2.62700000e-08 -1.09509663e-01  2.62700000e-08  3.29976299e+00  2.62700000e-08  2.05981416e-01  2.62700000e-08  2.06030970e-01  2.62700000e-08  3.30000000e+00  2.62700000e-08  3.30000000e+00 
 2.62900000e-08 -1.09633142e-01  2.62900000e-08  3.29976620e+00  2.62900000e-08  2.04087687e-01  2.62900000e-08  2.04136377e-01  2.62900000e-08  3.30000000e+00  2.62900000e-08  3.30000000e+00 
 2.63100000e-08 -1.09756883e-01  2.63100000e-08  3.29976793e+00  2.63100000e-08  2.02210911e-01  2.63100000e-08  2.02258868e-01  2.63100000e-08  3.30000000e+00  2.63100000e-08  3.30000000e+00 
 2.63300000e-08 -1.09877826e-01  2.63300000e-08  3.29977107e+00  2.63300000e-08  2.00351134e-01  2.63300000e-08  2.00398262e-01  2.63300000e-08  3.30000000e+00  2.63300000e-08  3.30000000e+00 
 2.63500000e-08 -1.09999062e-01  2.63500000e-08  3.29977273e+00  2.63500000e-08  1.98508018e-01  2.63500000e-08  1.98554445e-01  2.63500000e-08  3.30000000e+00  2.63500000e-08  3.30000000e+00 
 2.63700000e-08 -1.10117533e-01  2.63700000e-08  3.29977581e+00  2.63700000e-08  1.96681609e-01  2.63700000e-08  1.96727241e-01  2.63700000e-08  3.30000000e+00  2.63700000e-08  3.30000000e+00 
 2.63900000e-08 -1.10236327e-01  2.63900000e-08  3.29977741e+00  2.63900000e-08  1.94871574e-01  2.63900000e-08  1.94916537e-01  2.63900000e-08  3.30000000e+00  2.63900000e-08  3.30000000e+00 
 2.64100000e-08 -1.10352387e-01  2.64100000e-08  3.29978043e+00  2.64100000e-08  1.93077960e-01  2.64100000e-08  1.93122158e-01  2.64100000e-08  3.30000000e+00  2.64100000e-08  3.30000000e+00 
 2.64300000e-08 -1.10468800e-01  2.64300000e-08  3.29978196e+00  2.64300000e-08  1.91300436e-01  2.64300000e-08  1.91343996e-01  2.64300000e-08  3.30000000e+00  2.64300000e-08  3.30000000e+00 
 2.64500000e-08 -1.10582509e-01  2.64500000e-08  3.29978493e+00  2.64500000e-08  1.89539052e-01  2.64500000e-08  1.89581876e-01  2.64500000e-08  3.30000000e+00  2.64500000e-08  3.30000000e+00 
 2.64700000e-08 -1.10696599e-01  2.64700000e-08  3.29978640e+00  2.64700000e-08  1.87793478e-01  2.64700000e-08  1.87835693e-01  2.64700000e-08  3.30000000e+00  2.64700000e-08  3.30000000e+00 
 2.64900000e-08 -1.10808015e-01  2.64900000e-08  3.29978931e+00  2.64900000e-08  1.86063768e-01  2.64900000e-08  1.86105275e-01  2.64900000e-08  3.30000000e+00  2.64900000e-08  3.30000000e+00 
 2.65100000e-08 -1.10919837e-01  2.65100000e-08  3.29979073e+00  2.65100000e-08  1.84349593e-01  2.65100000e-08  1.84390517e-01  2.65100000e-08  3.30000000e+00  2.65100000e-08  3.30000000e+00 
 2.65300000e-08 -1.11029014e-01  2.65300000e-08  3.29979358e+00  2.65300000e-08  1.82651010e-01  2.65300000e-08  1.82691252e-01  2.65300000e-08  3.30000000e+00  2.65300000e-08  3.30000000e+00 
 2.65500000e-08 -1.11138623e-01  2.65500000e-08  3.29979495e+00  2.65500000e-08  1.80967691e-01  2.65500000e-08  1.81007377e-01  2.65500000e-08  3.30000000e+00  2.65500000e-08  3.30000000e+00 
 2.65700000e-08 -1.11245615e-01  2.65700000e-08  3.29979775e+00  2.65700000e-08  1.79299696e-01  2.65700000e-08  1.79338725e-01  2.65700000e-08  3.30000000e+00  2.65700000e-08  3.30000000e+00 
 2.65900000e-08 -1.11353062e-01  2.65900000e-08  3.29979907e+00  2.65900000e-08  1.77646701e-01  2.65900000e-08  1.77685197e-01  2.65900000e-08  3.30000000e+00  2.65900000e-08  3.30000000e+00 
 2.66100000e-08 -1.11457919e-01  2.66100000e-08  3.29980181e+00  2.66100000e-08  1.76008764e-01  2.66100000e-08  1.76046627e-01  2.66100000e-08  3.30000000e+00  2.66100000e-08  3.30000000e+00 
 2.66300000e-08 -1.11563256e-01  2.66300000e-08  3.29980308e+00  2.66300000e-08  1.74385565e-01  2.66300000e-08  1.74422919e-01  2.66300000e-08  3.30000000e+00  2.66300000e-08  3.30000000e+00 
 2.66500000e-08 -1.11666027e-01  2.66500000e-08  3.29980578e+00  2.66500000e-08  1.72777166e-01  2.66500000e-08  1.72813909e-01  2.66500000e-08  3.30000000e+00  2.66500000e-08  3.30000000e+00 
 2.66700000e-08 -1.11769301e-01  2.66700000e-08  3.29980700e+00  2.66700000e-08  1.71183247e-01  2.66700000e-08  1.71219502e-01  2.66700000e-08  3.30000000e+00  2.66700000e-08  3.30000000e+00 
 2.66900000e-08 -1.11870035e-01  2.66900000e-08  3.29980966e+00  2.66900000e-08  1.69603873e-01  2.66900000e-08  1.69639538e-01  2.66900000e-08  3.30000000e+00  2.66900000e-08  3.30000000e+00 
 2.67100000e-08 -1.11971293e-01  2.67100000e-08  3.29981083e+00  2.67100000e-08  1.68038725e-01  2.67100000e-08  1.68073924e-01  2.67100000e-08  3.30000000e+00  2.67100000e-08  3.30000000e+00 
 2.67300000e-08 -1.12070034e-01  2.67300000e-08  3.29981344e+00  2.67300000e-08  1.66487870e-01  2.67300000e-08  1.66522500e-01  2.67300000e-08  3.30000000e+00  2.67300000e-08  3.30000000e+00 
 2.67500000e-08 -1.12169322e-01  2.67500000e-08  3.29981457e+00  2.67500000e-08  1.64950993e-01  2.67500000e-08  1.64985176e-01  2.67500000e-08  3.30000000e+00  2.67500000e-08  3.30000000e+00 
 2.67700000e-08 -1.12266116e-01  2.67700000e-08  3.29981714e+00  2.67700000e-08  1.63428162e-01  2.67700000e-08  1.63461794e-01  2.67700000e-08  3.30000000e+00  2.67700000e-08  3.30000000e+00 
 2.67900000e-08 -1.12363477e-01  2.67900000e-08  3.29981822e+00  2.67900000e-08  1.61919063e-01  2.67900000e-08  1.61952267e-01  2.67900000e-08  3.30000000e+00  2.67900000e-08  3.30000000e+00 
 2.68100000e-08 -1.12458366e-01  2.68100000e-08  3.29982075e+00  2.68100000e-08  1.60423767e-01  2.68100000e-08  1.60456439e-01  2.68100000e-08  3.30000000e+00  2.68100000e-08  3.30000000e+00 
 2.68300000e-08 -1.12553842e-01  2.68300000e-08  3.29982179e+00  2.68300000e-08  1.58941962e-01  2.68300000e-08  1.58974223e-01  2.68300000e-08  3.30000000e+00  2.68300000e-08  3.30000000e+00 
 2.68500000e-08 -1.12646869e-01  2.68500000e-08  3.29982428e+00  2.68500000e-08  1.57473719e-01  2.68500000e-08  1.57505466e-01  2.68500000e-08  3.30000000e+00  2.68500000e-08  3.30000000e+00 
 2.68700000e-08 -1.12740502e-01  2.68700000e-08  3.29982528e+00  2.68700000e-08  1.56018731e-01  2.68700000e-08  1.56050085e-01  2.68700000e-08  3.30000000e+00  2.68700000e-08  3.30000000e+00 
 2.68900000e-08 -1.12831706e-01  2.68900000e-08  3.29982773e+00  2.68900000e-08  1.54577070e-01  2.68900000e-08  1.54607926e-01  2.68900000e-08  3.30000000e+00  2.68900000e-08  3.30000000e+00 
 2.69100000e-08 -1.12923535e-01  2.69100000e-08  3.29982870e+00  2.69100000e-08  1.53148430e-01  2.69100000e-08  1.53178909e-01  2.69100000e-08  3.30000000e+00  2.69100000e-08  3.30000000e+00 
 2.69300000e-08 -1.13012957e-01  2.69300000e-08  3.29983111e+00  2.69300000e-08  1.51732885e-01  2.69300000e-08  1.51762882e-01  2.69300000e-08  3.30000000e+00  2.69300000e-08  3.30000000e+00 
 2.69500000e-08 -1.13103021e-01  2.69500000e-08  3.29983203e+00  2.69500000e-08  1.50330131e-01  2.69500000e-08  1.50359767e-01  2.69500000e-08  3.30000000e+00  2.69500000e-08  3.30000000e+00 
 2.69700000e-08 -1.13190697e-01  2.69700000e-08  3.29983441e+00  2.69700000e-08  1.48940246e-01  2.69700000e-08  1.48969414e-01  2.69700000e-08  3.30000000e+00  2.69700000e-08  3.30000000e+00 
 2.69900000e-08 -1.13279034e-01  2.69900000e-08  3.29983530e+00  2.69900000e-08  1.47562924e-01  2.69900000e-08  1.47591746e-01  2.69900000e-08  3.30000000e+00  2.69900000e-08  3.30000000e+00 
 2.70100000e-08 -1.13365002e-01  2.70100000e-08  3.29983764e+00  2.70100000e-08  1.46198247e-01  2.70100000e-08  1.46226616e-01  2.70100000e-08  3.30000000e+00  2.70100000e-08  3.30000000e+00 
 2.70300000e-08 -1.13451648e-01  2.70300000e-08  3.29983849e+00  2.70300000e-08  1.44845912e-01  2.70300000e-08  1.44873949e-01  2.70300000e-08  3.30000000e+00  2.70300000e-08  3.30000000e+00 
 2.70500000e-08 -1.13535945e-01  2.70500000e-08  3.29984079e+00  2.70500000e-08  1.43506001e-01  2.70500000e-08  1.43533599e-01  2.70500000e-08  3.30000000e+00  2.70500000e-08  3.30000000e+00 
 2.70700000e-08 -1.13620935e-01  2.70700000e-08  3.29984162e+00  2.70700000e-08  1.42178213e-01  2.70700000e-08  1.42205492e-01  2.70700000e-08  3.30000000e+00  2.70700000e-08  3.30000000e+00 
 2.70900000e-08 -1.13703595e-01  2.70900000e-08  3.29984389e+00  2.70900000e-08  1.40862632e-01  2.70900000e-08  1.40889485e-01  2.70900000e-08  3.30000000e+00  2.70900000e-08  3.30000000e+00 
 2.71100000e-08 -1.13786964e-01  2.71100000e-08  3.29984468e+00  2.71100000e-08  1.39558959e-01  2.71100000e-08  1.39585506e-01  2.71100000e-08  3.30000000e+00  2.71100000e-08  3.30000000e+00 
 2.71300000e-08 -1.13868020e-01  2.71300000e-08  3.29984691e+00  2.71300000e-08  1.38267280e-01  2.71300000e-08  1.38293414e-01  2.71300000e-08  3.30000000e+00  2.71300000e-08  3.30000000e+00 
 2.71500000e-08 -1.13949802e-01  2.71500000e-08  3.29984767e+00  2.71500000e-08  1.36987297e-01  2.71500000e-08  1.37013137e-01  2.71500000e-08  3.30000000e+00  2.71500000e-08  3.30000000e+00 
 2.71700000e-08 -1.14029289e-01  2.71700000e-08  3.29984987e+00  2.71700000e-08  1.35719098e-01  2.71700000e-08  1.35744538e-01  2.71700000e-08  3.30000000e+00  2.71700000e-08  3.30000000e+00 
 2.71900000e-08 -1.14109516e-01  2.71900000e-08  3.29985060e+00  2.71900000e-08  1.34462389e-01  2.71900000e-08  1.34487546e-01  2.71900000e-08  3.30000000e+00  2.71900000e-08  3.30000000e+00 
 2.72100000e-08 -1.14187465e-01  2.72100000e-08  3.29985277e+00  2.72100000e-08  1.33217256e-01  2.72100000e-08  1.33242023e-01  2.72100000e-08  3.30000000e+00  2.72100000e-08  3.30000000e+00 
 2.72300000e-08 -1.14266169e-01  2.72300000e-08  3.29985347e+00  2.72300000e-08  1.31983407e-01  2.72300000e-08  1.32007904e-01  2.72300000e-08  3.30000000e+00  2.72300000e-08  3.30000000e+00 
 2.72500000e-08 -1.14342613e-01  2.72500000e-08  3.29985561e+00  2.72500000e-08  1.30760933e-01  2.72500000e-08  1.30785052e-01  2.72500000e-08  3.30000000e+00  2.72500000e-08  3.30000000e+00 
 2.72700000e-08 -1.14419825e-01  2.72700000e-08  3.29985628e+00  2.72700000e-08  1.29549542e-01  2.72700000e-08  1.29573401e-01  2.72700000e-08  3.30000000e+00  2.72700000e-08  3.30000000e+00 
 2.72900000e-08 -1.14494793e-01  2.72900000e-08  3.29985840e+00  2.72900000e-08  1.28349326e-01  2.72900000e-08  1.28372817e-01  2.72900000e-08  3.30000000e+00  2.72900000e-08  3.30000000e+00 
 2.73100000e-08 -1.14570543e-01  2.73100000e-08  3.29985903e+00  2.73100000e-08  1.27159995e-01  2.73100000e-08  1.27183236e-01  2.73100000e-08  3.30000000e+00  2.73100000e-08  3.30000000e+00 
 2.73300000e-08 -1.14644066e-01  2.73300000e-08  3.29986112e+00  2.73300000e-08  1.25981642e-01  2.73300000e-08  1.26004526e-01  2.73300000e-08  3.30000000e+00  2.73300000e-08  3.30000000e+00 
 2.73500000e-08 -1.14718384e-01  2.73500000e-08  3.29986173e+00  2.73500000e-08  1.24813980e-01  2.73500000e-08  1.24836624e-01  2.73500000e-08  3.30000000e+00  2.73500000e-08  3.30000000e+00 
 2.73700000e-08 -1.14790490e-01  2.73700000e-08  3.29986379e+00  2.73700000e-08  1.23657104e-01  2.73700000e-08  1.23679399e-01  2.73700000e-08  3.30000000e+00  2.73700000e-08  3.30000000e+00 
 2.73900000e-08 -1.14863405e-01  2.73900000e-08  3.29986437e+00  2.73900000e-08  1.22510727e-01  2.73900000e-08  1.22532792e-01  2.73900000e-08  3.30000000e+00  2.73900000e-08  3.30000000e+00 
 2.74100000e-08 -1.14934123e-01  2.74100000e-08  3.29986640e+00  2.74100000e-08  1.21374945e-01  2.74100000e-08  1.21396672e-01  2.74100000e-08  3.30000000e+00  2.74100000e-08  3.30000000e+00 
 2.74300000e-08 -1.15005663e-01  2.74300000e-08  3.29986695e+00  2.74300000e-08  1.20249475e-01  2.74300000e-08  1.20270980e-01  2.74300000e-08  3.30000000e+00  2.74300000e-08  3.30000000e+00 
 2.74500000e-08 -1.15075020e-01  2.74500000e-08  3.29986896e+00  2.74500000e-08  1.19134413e-01  2.74500000e-08  1.19155589e-01  2.74500000e-08  3.30000000e+00  2.74500000e-08  3.30000000e+00 
 2.74700000e-08 -1.15145212e-01  2.74700000e-08  3.29986949e+00  2.74700000e-08  1.18029478e-01  2.74700000e-08  1.18050442e-01  2.74700000e-08  3.30000000e+00  2.74700000e-08  3.30000000e+00 
 2.74900000e-08 -1.15213237e-01  2.74900000e-08  3.29987147e+00  2.74900000e-08  1.16934769e-01  2.74900000e-08  1.16955411e-01  2.74900000e-08  3.30000000e+00  2.74900000e-08  3.30000000e+00 
 2.75100000e-08 -1.15282108e-01  2.75100000e-08  3.29987197e+00  2.75100000e-08  1.15850004e-01  2.75100000e-08  1.15870442e-01  2.75100000e-08  3.30000000e+00  2.75100000e-08  3.30000000e+00 
 2.75300000e-08 -1.15348826e-01  2.75300000e-08  3.29987393e+00  2.75300000e-08  1.14775284e-01  2.75300000e-08  1.14795409e-01  2.75300000e-08  3.30000000e+00  2.75300000e-08  3.30000000e+00 
 2.75500000e-08 -1.15416402e-01  2.75500000e-08  3.29987440e+00  2.75500000e-08  1.13710329e-01  2.75500000e-08  1.13730259e-01  2.75500000e-08  3.30000000e+00  2.75500000e-08  3.30000000e+00 
 2.75700000e-08 -1.15481839e-01  2.75700000e-08  3.29987634e+00  2.75700000e-08  1.12655243e-01  2.75700000e-08  1.12674868e-01  2.75700000e-08  3.30000000e+00  2.75700000e-08  3.30000000e+00 
 2.75900000e-08 -1.15548146e-01  2.75900000e-08  3.29987679e+00  2.75900000e-08  1.11609746e-01  2.75900000e-08  1.11629182e-01  2.75900000e-08  3.30000000e+00  2.75900000e-08  3.30000000e+00 
 2.76100000e-08 -1.15612328e-01  2.76100000e-08  3.29987870e+00  2.76100000e-08  1.10573942e-01  2.76100000e-08  1.10593082e-01  2.76100000e-08  3.30000000e+00  2.76100000e-08  3.30000000e+00 
 2.76300000e-08 -1.15677390e-01  2.76300000e-08  3.29987913e+00  2.76300000e-08  1.09547556e-01  2.76300000e-08  1.09566514e-01  2.76300000e-08  3.30000000e+00  2.76300000e-08  3.30000000e+00 
 2.76500000e-08 -1.15740341e-01  2.76500000e-08  3.29988101e+00  2.76500000e-08  1.08530691e-01  2.76500000e-08  1.08549360e-01  2.76500000e-08  3.30000000e+00  2.76500000e-08  3.30000000e+00 
 2.76700000e-08 -1.15804184e-01  2.76700000e-08  3.29988142e+00  2.76700000e-08  1.07523073e-01  2.76700000e-08  1.07541569e-01  2.76700000e-08  3.30000000e+00  2.76700000e-08  3.30000000e+00 
 2.76900000e-08 -1.15865928e-01  2.76900000e-08  3.29988328e+00  2.76900000e-08  1.06524810e-01  2.76900000e-08  1.06543022e-01  2.76900000e-08  3.30000000e+00  2.76900000e-08  3.30000000e+00 
 2.77100000e-08 -1.15928575e-01  2.77100000e-08  3.29988366e+00  2.77100000e-08  1.05535625e-01  2.77100000e-08  1.05553671e-01  2.77100000e-08  3.30000000e+00  2.77100000e-08  3.30000000e+00 
 2.77300000e-08 -1.15989136e-01  2.77300000e-08  3.29988550e+00  2.77300000e-08  1.04555629e-01  2.77300000e-08  1.04573399e-01  2.77300000e-08  3.30000000e+00  2.77300000e-08  3.30000000e+00 
 2.77500000e-08 -1.16050610e-01  2.77500000e-08  3.29988586e+00  2.77500000e-08  1.03584549e-01  2.77500000e-08  1.03602159e-01  2.77500000e-08  3.30000000e+00  2.77500000e-08  3.30000000e+00 
 2.77700000e-08 -1.16110011e-01  2.77700000e-08  3.29988768e+00  2.77700000e-08  1.02622494e-01  2.77700000e-08  1.02639834e-01  2.77700000e-08  3.30000000e+00  2.77700000e-08  3.30000000e+00 
 2.77900000e-08 -1.16170336e-01  2.77900000e-08  3.29988802e+00  2.77900000e-08  1.01669192e-01  2.77900000e-08  1.01686379e-01  2.77900000e-08  3.30000000e+00  2.77900000e-08  3.30000000e+00 
 2.78100000e-08 -1.16228600e-01  2.78100000e-08  3.29988982e+00  2.78100000e-08  1.00724756e-01  2.78100000e-08  1.00741680e-01  2.78100000e-08  3.30000000e+00  2.78100000e-08  3.30000000e+00 
 2.78300000e-08 -1.16287797e-01  2.78300000e-08  3.29989013e+00  2.78300000e-08  9.97889161e-02  2.78300000e-08  9.98056925e-02  2.78300000e-08  3.30000000e+00  2.78300000e-08  3.30000000e+00 
 2.78500000e-08 -1.16344946e-01  2.78500000e-08  3.29989191e+00  2.78500000e-08  9.88617836e-02  2.78500000e-08  9.88783027e-02  2.78500000e-08  3.30000000e+00  2.78500000e-08  3.30000000e+00 
 2.78700000e-08 -1.16403037e-01  2.78700000e-08  3.29989221e+00  2.78700000e-08  9.79430907e-02  2.78700000e-08  9.79594684e-02  2.78700000e-08  3.30000000e+00  2.78700000e-08  3.30000000e+00 
 2.78850000e-08 -1.16444943e-01  2.78850000e-08  3.29989371e+00  2.78850000e-08  9.72597111e-02  2.78850000e-08  9.72758859e-02  2.78850000e-08  3.30000000e+00  2.78850000e-08  3.30000000e+00 
 2.79000000e-08 -1.16488036e-01  2.79000000e-08  3.29989374e+00  2.79000000e-08  9.65809615e-02  2.79000000e-08  9.65970478e-02  2.79000000e-08  3.30000000e+00  2.79000000e-08  3.30000000e+00 
 2.79020000e-08 -1.22162715e-01  2.79020000e-08  3.29332417e+00  2.79020000e-08  9.64382169e-02  2.79020000e-08  9.64506713e-02  2.79020000e-08  3.30000000e+00  2.79020000e-08  3.23400000e+00 
 2.79060000e-08 -1.32758155e-01  2.79060000e-08  3.28026285e+00  2.79060000e-08  9.61690723e-02  2.79060000e-08  9.61712893e-02  2.79060000e-08  3.30000000e+00  2.79060000e-08  3.10200000e+00 
 2.79140000e-08 -1.54920438e-01  2.79140000e-08  3.25196007e+00  2.79140000e-08  9.56834351e-02  2.79140000e-08  9.56565003e-02  2.79140000e-08  3.30000000e+00  2.79140000e-08  2.83800000e+00 
 2.79300000e-08 -2.22756995e-01  2.79300000e-08  3.14712768e+00  2.79300000e-08  9.47312164e-02  2.79300000e-08  9.46077507e-02  2.79300000e-08  3.30000000e+00  2.79300000e-08  2.31000000e+00 
 2.79500000e-08 -5.89800024e-02  2.79500000e-08  3.11353879e+00  2.79500000e-08  9.46552460e-02  2.79500000e-08  9.45821999e-02  2.79500000e-08  3.30000000e+00  2.79500000e-08  1.65000000e+00 
 2.79700000e-08  6.34567649e-01  2.79700000e-08  3.22858556e+00  2.79700000e-08  9.61921617e-02  2.79700000e-08  9.64038418e-02  2.79700000e-08  3.30000000e+00  2.79700000e-08  9.90000000e-01 
 2.79850000e-08  1.57033586e+00  2.79850000e-08  3.33555119e+00  2.79850000e-08  9.78621499e-02  2.79850000e-08  9.81689956e-02  2.79850000e-08  3.30000000e+00  2.79850000e-08  4.95000000e-01 
 2.80000000e-08  2.51492121e+00  2.80000000e-08  3.35987463e+00  2.80000000e-08  9.93058131e-02  2.80000000e-08  9.93324030e-02  2.80000000e-08  3.30000000e+00  2.80000000e-08  0.00000000e+00 
 2.80020000e-08  2.62997876e+00  2.80020000e-08  3.37018141e+00  2.80020000e-08  9.94278194e-02  2.80020000e-08  9.94087931e-02  2.80020000e-08  3.30000000e+00  2.80020000e-08  0.00000000e+00 
 2.80060000e-08  2.82963724e+00  2.80060000e-08  3.37607775e+00  2.80060000e-08  9.95604993e-02  2.80060000e-08  9.94855562e-02  2.80060000e-08  3.30000000e+00  2.80060000e-08  0.00000000e+00 
 2.80140000e-08  3.08411612e+00  2.80140000e-08  3.35533889e+00  2.80140000e-08  9.94211528e-02  2.80140000e-08  9.93270870e-02  2.80140000e-08  3.30000000e+00  2.80140000e-08  0.00000000e+00 
 2.80300000e-08  3.27195896e+00  2.80300000e-08  3.31921070e+00  2.80300000e-08  9.85231186e-02  2.80300000e-08  9.84683786e-02  2.80300000e-08  3.30000000e+00  2.80300000e-08  0.00000000e+00 
 2.80500000e-08  3.30053620e+00  2.80500000e-08  3.30259669e+00  2.80500000e-08  9.73099207e-02  2.80500000e-08  9.73027643e-02  2.80500000e-08  3.30000000e+00  2.80500000e-08  0.00000000e+00 
 2.80700000e-08  3.30021128e+00  2.80700000e-08  3.30025508e+00  2.80700000e-08  9.63090625e-02  2.80700000e-08  9.63181409e-02  2.80700000e-08  3.30000000e+00  2.80700000e-08  0.00000000e+00 
 2.80900000e-08  3.30003684e+00  2.80900000e-08  3.30004114e+00  2.80900000e-08  9.53958444e-02  2.80900000e-08  9.54089689e-02  2.80900000e-08  3.30000000e+00  2.80900000e-08  0.00000000e+00 
 2.81100000e-08  3.30000624e+00  2.81100000e-08  3.30000635e+00  2.81100000e-08  9.45048278e-02  2.81100000e-08  9.45191010e-02  2.81100000e-08  3.30000000e+00  2.81100000e-08  0.00000000e+00 
 2.81300000e-08  3.30000059e+00  2.81300000e-08  3.30000115e+00  2.81300000e-08  9.36244707e-02  2.81300000e-08  9.36390786e-02  2.81300000e-08  3.30000000e+00  2.81300000e-08  0.00000000e+00 
 2.81500000e-08  3.30000052e+00  2.81500000e-08  3.30000007e+00  2.81500000e-08  9.27526779e-02  2.81500000e-08  9.27673423e-02  2.81500000e-08  3.30000000e+00  2.81500000e-08  0.00000000e+00 
 2.81700000e-08  3.29999967e+00  2.81700000e-08  3.30000013e+00  2.81700000e-08  9.18890688e-02  2.81700000e-08  9.19036596e-02  2.81700000e-08  3.30000000e+00  2.81700000e-08  0.00000000e+00 
 2.81900000e-08  3.30000032e+00  2.81900000e-08  3.29999990e+00  2.81900000e-08  9.10334437e-02  2.81900000e-08  9.10479167e-02  2.81900000e-08  3.30000000e+00  2.81900000e-08  0.00000000e+00 
 2.82100000e-08  3.29999963e+00  2.82100000e-08  3.30000011e+00  2.82100000e-08  9.01857585e-02  2.82100000e-08  9.02000801e-02  2.82100000e-08  3.30000000e+00  2.82100000e-08  0.00000000e+00 
 2.82300000e-08  3.30000031e+00  2.82300000e-08  3.29999990e+00  2.82300000e-08  8.93458834e-02  2.82300000e-08  8.93600532e-02  2.82300000e-08  3.30000000e+00  2.82300000e-08  0.00000000e+00 
 2.82500000e-08  3.29999963e+00  2.82500000e-08  3.30000011e+00  2.82500000e-08  8.85137940e-02  2.82500000e-08  8.85277989e-02  2.82500000e-08  3.30000000e+00  2.82500000e-08  0.00000000e+00 
 2.82700000e-08  3.30000031e+00  2.82700000e-08  3.29999990e+00  2.82700000e-08  8.76893684e-02  2.82700000e-08  8.77032175e-02  2.82700000e-08  3.30000000e+00  2.82700000e-08  0.00000000e+00 
 2.82900000e-08  3.29999963e+00  2.82900000e-08  3.30000011e+00  2.82900000e-08  8.68725861e-02  2.82900000e-08  8.68862707e-02  2.82900000e-08  3.30000000e+00  2.82900000e-08  0.00000000e+00 
 2.83100000e-08  3.30000031e+00  2.83100000e-08  3.29999990e+00  2.83100000e-08  8.60633275e-02  2.83100000e-08  8.60768589e-02  2.83100000e-08  3.30000000e+00  2.83100000e-08  0.00000000e+00 
 2.83300000e-08  3.29999963e+00  2.83300000e-08  3.30000011e+00  2.83300000e-08  8.52615739e-02  2.83300000e-08  8.52749444e-02  2.83300000e-08  3.30000000e+00  2.83300000e-08  0.00000000e+00 
 2.83500000e-08  3.30000031e+00  2.83500000e-08  3.29999990e+00  2.83500000e-08  8.44672073e-02  2.83500000e-08  8.44804285e-02  2.83500000e-08  3.30000000e+00  2.83500000e-08  0.00000000e+00 
 2.83700000e-08  3.29999963e+00  2.83700000e-08  3.30000011e+00  2.83700000e-08  8.36802102e-02  2.83700000e-08  8.36932747e-02  2.83700000e-08  3.30000000e+00  2.83700000e-08  0.00000000e+00 
 2.83900000e-08  3.30000031e+00  2.83900000e-08  3.29999990e+00  2.83900000e-08  8.29004660e-02  2.83900000e-08  8.29133854e-02  2.83900000e-08  3.30000000e+00  2.83900000e-08  0.00000000e+00 
 2.84100000e-08  3.29999963e+00  2.84100000e-08  3.30000011e+00  2.84100000e-08  8.21279583e-02  2.84100000e-08  8.21407251e-02  2.84100000e-08  3.30000000e+00  2.84100000e-08  0.00000000e+00 
 2.84300000e-08  3.30000031e+00  2.84300000e-08  3.29999990e+00  2.84300000e-08  8.13625717e-02  2.84300000e-08  8.13751974e-02  2.84300000e-08  3.30000000e+00  2.84300000e-08  0.00000000e+00 
 2.84500000e-08  3.29999963e+00  2.84500000e-08  3.30000011e+00  2.84500000e-08  8.06042909e-02  2.84500000e-08  8.06167680e-02  2.84500000e-08  3.30000000e+00  2.84500000e-08  0.00000000e+00 
 2.84700000e-08  3.30000031e+00  2.84700000e-08  3.29999990e+00  2.84700000e-08  7.98530017e-02  2.84700000e-08  7.98653417e-02  2.84700000e-08  3.30000000e+00  2.84700000e-08  0.00000000e+00 
 2.84900000e-08  3.29999963e+00  2.84900000e-08  3.30000011e+00  2.84900000e-08  7.91086899e-02  2.84900000e-08  7.91208853e-02  2.84900000e-08  3.30000000e+00  2.84900000e-08  0.00000000e+00 
 2.85100000e-08  3.30000031e+00  2.85100000e-08  3.29999990e+00  2.85100000e-08  7.83712425e-02  2.85100000e-08  7.83833046e-02  2.85100000e-08  3.30000000e+00  2.85100000e-08  0.00000000e+00 
 2.85300000e-08  3.29999963e+00  2.85300000e-08  3.30000011e+00  2.85300000e-08  7.76406464e-02  2.85300000e-08  7.76525677e-02  2.85300000e-08  3.30000000e+00  2.85300000e-08  0.00000000e+00 
 2.85500000e-08  3.30000031e+00  2.85500000e-08  3.29999990e+00  2.85500000e-08  7.69167897e-02  2.85500000e-08  7.69285814e-02  2.85500000e-08  3.30000000e+00  2.85500000e-08  0.00000000e+00 
 2.85700000e-08  3.29999963e+00  2.85700000e-08  3.30000011e+00  2.85700000e-08  7.61996603e-02  2.85700000e-08  7.62113148e-02  2.85700000e-08  3.30000000e+00  2.85700000e-08  0.00000000e+00 
 2.85900000e-08  3.30000031e+00  2.85900000e-08  3.29999990e+00  2.85900000e-08  7.54891476e-02  2.85900000e-08  7.55006761e-02  2.85900000e-08  3.30000000e+00  2.85900000e-08  0.00000000e+00 
 2.86100000e-08  3.29999963e+00  2.86100000e-08  3.30000011e+00  2.86100000e-08  7.47852404e-02  2.86100000e-08  7.47966353e-02  2.86100000e-08  3.30000000e+00  2.86100000e-08  0.00000000e+00 
 2.86300000e-08  3.30000031e+00  2.86300000e-08  3.29999990e+00  2.86300000e-08  7.40878292e-02  2.86300000e-08  7.40991016e-02  2.86300000e-08  3.30000000e+00  2.86300000e-08  0.00000000e+00 
 2.86500000e-08  3.29999963e+00  2.86500000e-08  3.30000011e+00  2.86500000e-08  7.33969041e-02  2.86500000e-08  7.34080462e-02  2.86500000e-08  3.30000000e+00  2.86500000e-08  0.00000000e+00 
 2.86700000e-08  3.30000031e+00  2.86700000e-08  3.29999990e+00  2.86700000e-08  7.27123563e-02  2.86700000e-08  7.27233793e-02  2.86700000e-08  3.30000000e+00  2.86700000e-08  0.00000000e+00 
 2.86900000e-08  3.29999963e+00  2.86900000e-08  3.30000011e+00  2.86900000e-08  7.20341771e-02  2.86900000e-08  7.20450731e-02  2.86900000e-08  3.30000000e+00  2.86900000e-08  0.00000000e+00 
 2.87100000e-08  3.30000031e+00  2.87100000e-08  3.29999990e+00  2.87100000e-08  7.13622588e-02  2.87100000e-08  7.13730390e-02  2.87100000e-08  3.30000000e+00  2.87100000e-08  0.00000000e+00 
 2.87300000e-08  3.29999963e+00  2.87300000e-08  3.30000011e+00  2.87300000e-08  7.06965936e-02  2.87300000e-08  7.07072501e-02  2.87300000e-08  3.30000000e+00  2.87300000e-08  0.00000000e+00 
 2.87500000e-08  3.30000031e+00  2.87500000e-08  3.29999990e+00  2.87500000e-08  7.00370750e-02  2.87500000e-08  7.00476187e-02  2.87500000e-08  3.30000000e+00  2.87500000e-08  0.00000000e+00 
 2.87700000e-08  3.29999963e+00  2.87700000e-08  3.30000011e+00  2.87700000e-08  6.93836961e-02  2.87700000e-08  6.93941192e-02  2.87700000e-08  3.30000000e+00  2.87700000e-08  0.00000000e+00 
 2.87900000e-08  3.30000031e+00  2.87900000e-08  3.29999990e+00  2.87900000e-08  6.87363514e-02  2.87900000e-08  6.87466649e-02  2.87900000e-08  3.30000000e+00  2.87900000e-08  0.00000000e+00 
 2.88100000e-08  3.29999963e+00  2.88100000e-08  3.30000011e+00  2.88100000e-08  6.80950350e-02  2.88100000e-08  6.81052308e-02  2.88100000e-08  3.30000000e+00  2.88100000e-08  0.00000000e+00 
 2.88300000e-08  3.30000031e+00  2.88300000e-08  3.29999990e+00  2.88300000e-08  6.74596424e-02  2.88300000e-08  6.74697316e-02  2.88300000e-08  3.30000000e+00  2.88300000e-08  0.00000000e+00 
 2.88500000e-08  3.29999963e+00  2.88500000e-08  3.30000011e+00  2.88500000e-08  6.68301687e-02  2.88500000e-08  6.68401432e-02  2.88500000e-08  3.30000000e+00  2.88500000e-08  0.00000000e+00 
 2.88700000e-08  3.30000031e+00  2.88700000e-08  3.29999990e+00  2.88700000e-08  6.62065105e-02  2.88700000e-08  6.62163811e-02  2.88700000e-08  3.30000000e+00  2.88700000e-08  0.00000000e+00 
 2.88900000e-08  3.29999963e+00  2.88900000e-08  3.30000011e+00  2.88900000e-08  6.55886636e-02  2.88900000e-08  6.55984223e-02  2.88900000e-08  3.30000000e+00  2.88900000e-08  0.00000000e+00 
 2.89100000e-08  3.30000031e+00  2.89100000e-08  3.29999990e+00  2.89100000e-08  6.49765256e-02  2.89100000e-08  6.49861833e-02  2.89100000e-08  3.30000000e+00  2.89100000e-08  0.00000000e+00 
 2.89300000e-08  3.29999963e+00  2.89300000e-08  3.30000010e+00  2.89300000e-08  6.43700935e-02  2.89300000e-08  6.43796420e-02  2.89300000e-08  3.30000000e+00  2.89300000e-08  0.00000000e+00 
 2.89500000e-08  3.30000031e+00  2.89500000e-08  3.29999990e+00  2.89500000e-08  6.37692656e-02  2.89500000e-08  6.37787158e-02  2.89500000e-08  3.30000000e+00  2.89500000e-08  0.00000000e+00 
 2.89700000e-08  3.29999963e+00  2.89700000e-08  3.30000010e+00  2.89700000e-08  6.31740398e-02  2.89700000e-08  6.31833835e-02  2.89700000e-08  3.30000000e+00  2.89700000e-08  0.00000000e+00 
 2.89900000e-08  3.30000030e+00  2.89900000e-08  3.29999990e+00  2.89900000e-08  6.25843156e-02  2.89900000e-08  6.25935635e-02  2.89900000e-08  3.30000000e+00  2.89900000e-08  0.00000000e+00 
 2.90100000e-08  3.29999963e+00  2.90100000e-08  3.30000010e+00  2.90100000e-08  6.20000916e-02  2.90100000e-08  6.20092356e-02  2.90100000e-08  3.30000000e+00  2.90100000e-08  0.00000000e+00 
 2.90300000e-08  3.30000030e+00  2.90300000e-08  3.29999990e+00  2.90300000e-08  6.14212683e-02  2.90300000e-08  6.14303190e-02  2.90300000e-08  3.30000000e+00  2.90300000e-08  0.00000000e+00 
 2.90500000e-08  3.29999963e+00  2.90500000e-08  3.30000010e+00  2.90500000e-08  6.08478451e-02  2.90500000e-08  6.08567944e-02  2.90500000e-08  3.30000000e+00  2.90500000e-08  0.00000000e+00 
 2.90700000e-08  3.30000030e+00  2.90700000e-08  3.29999989e+00  2.90700000e-08  6.02797234e-02  2.90700000e-08  6.02885819e-02  2.90700000e-08  3.30000000e+00  2.90700000e-08  0.00000000e+00 
 2.90900000e-08  3.29999963e+00  2.90900000e-08  3.30000010e+00  2.90900000e-08  5.97169035e-02  2.90900000e-08  5.97256631e-02  2.90900000e-08  3.30000000e+00  2.90900000e-08  0.00000000e+00 
 2.91100000e-08  3.30000030e+00  2.91100000e-08  3.29999989e+00  2.91100000e-08  5.91592879e-02  2.91100000e-08  5.91679590e-02  2.91100000e-08  3.30000000e+00  2.91100000e-08  0.00000000e+00 
 2.91300000e-08  3.29999963e+00  2.91300000e-08  3.30000010e+00  2.91300000e-08  5.86068775e-02  2.91300000e-08  5.86154520e-02  2.91300000e-08  3.30000000e+00  2.91300000e-08  0.00000000e+00 
 2.91500000e-08  3.30000030e+00  2.91500000e-08  3.29999989e+00  2.91500000e-08  5.80595757e-02  2.91500000e-08  5.80680642e-02  2.91500000e-08  3.30000000e+00  2.91500000e-08  0.00000000e+00 
 2.91700000e-08  3.29999963e+00  2.91700000e-08  3.30000010e+00  2.91700000e-08  5.75173845e-02  2.91700000e-08  5.75257785e-02  2.91700000e-08  3.30000000e+00  2.91700000e-08  0.00000000e+00 
 2.91900000e-08  3.30000030e+00  2.91900000e-08  3.29999989e+00  2.91900000e-08  5.69802078e-02  2.91900000e-08  5.69885180e-02  2.91900000e-08  3.30000000e+00  2.91900000e-08  0.00000000e+00 
 2.92100000e-08  3.29999963e+00  2.92100000e-08  3.30000010e+00  2.92100000e-08  5.64480486e-02  2.92100000e-08  5.64562667e-02  2.92100000e-08  3.30000000e+00  2.92100000e-08  0.00000000e+00 
 2.92300000e-08  3.30000030e+00  2.92300000e-08  3.29999989e+00  2.92300000e-08  5.59208118e-02  2.92300000e-08  5.59289482e-02  2.92300000e-08  3.30000000e+00  2.92300000e-08  0.00000000e+00 
 2.92500000e-08  3.29999963e+00  2.92500000e-08  3.30000010e+00  2.92500000e-08  5.53985009e-02  2.92500000e-08  5.54065473e-02  2.92500000e-08  3.30000000e+00  2.92500000e-08  0.00000000e+00 
 2.92700000e-08  3.30000030e+00  2.92700000e-08  3.29999989e+00  2.92700000e-08  5.48810219e-02  2.92700000e-08  5.48889887e-02  2.92700000e-08  3.30000000e+00  2.92700000e-08  0.00000000e+00 
 2.92900000e-08  3.29999963e+00  2.92900000e-08  3.30000010e+00  2.92900000e-08  5.43683790e-02  2.92900000e-08  5.43762579e-02  2.92900000e-08  3.30000000e+00  2.92900000e-08  0.00000000e+00 
 2.93100000e-08  3.30000030e+00  2.93100000e-08  3.29999989e+00  2.93100000e-08  5.38604789e-02  2.93100000e-08  5.38682803e-02  2.93100000e-08  3.30000000e+00  2.93100000e-08  0.00000000e+00 
 2.93300000e-08  3.29999963e+00  2.93300000e-08  3.30000010e+00  2.93300000e-08  5.33573268e-02  2.93300000e-08  5.33650424e-02  2.93300000e-08  3.30000000e+00  2.93300000e-08  0.00000000e+00 
 2.93500000e-08  3.30000030e+00  2.93500000e-08  3.29999989e+00  2.93500000e-08  5.28588302e-02  2.93500000e-08  5.28664702e-02  2.93500000e-08  3.30000000e+00  2.93500000e-08  0.00000000e+00 
 2.93700000e-08  3.29999963e+00  2.93700000e-08  3.30000010e+00  2.93700000e-08  5.23649949e-02  2.93700000e-08  5.23725510e-02  2.93700000e-08  3.30000000e+00  2.93700000e-08  0.00000000e+00 
 2.93900000e-08  3.30000030e+00  2.93900000e-08  3.29999989e+00  2.93900000e-08  5.18757293e-02  2.93900000e-08  5.18832118e-02  2.93900000e-08  3.30000000e+00  2.93900000e-08  0.00000000e+00 
 2.94100000e-08  3.29999963e+00  2.94100000e-08  3.30000010e+00  2.94100000e-08  5.13910400e-02  2.94100000e-08  5.13984405e-02  2.94100000e-08  3.30000000e+00  2.94100000e-08  0.00000000e+00 
 2.94300000e-08  3.30000030e+00  2.94300000e-08  3.29999989e+00  2.94300000e-08  5.09108361e-02  2.94300000e-08  5.09181649e-02  2.94300000e-08  3.30000000e+00  2.94300000e-08  0.00000000e+00 
 2.94500000e-08  3.29999963e+00  2.94500000e-08  3.30000010e+00  2.94500000e-08  5.04351249e-02  2.94500000e-08  5.04423735e-02  2.94500000e-08  3.30000000e+00  2.94500000e-08  0.00000000e+00 
 2.94700000e-08  3.30000030e+00  2.94700000e-08  3.29999989e+00  2.94700000e-08  4.99638164e-02  2.94700000e-08  4.99709951e-02  2.94700000e-08  3.30000000e+00  2.94700000e-08  0.00000000e+00 
 2.94900000e-08  3.29999963e+00  2.94900000e-08  3.30000010e+00  2.94900000e-08  4.94969185e-02  2.94900000e-08  4.95040190e-02  2.94900000e-08  3.30000000e+00  2.94900000e-08  0.00000000e+00 
 2.95100000e-08  3.30000030e+00  2.95100000e-08  3.29999989e+00  2.95100000e-08  4.90343422e-02  2.95100000e-08  4.90413745e-02  2.95100000e-08  3.30000000e+00  2.95100000e-08  0.00000000e+00 
 2.95300000e-08  3.29999963e+00  2.95300000e-08  3.30000010e+00  2.95300000e-08  4.85760959e-02  2.95300000e-08  4.85830516e-02  2.95300000e-08  3.30000000e+00  2.95300000e-08  0.00000000e+00 
 2.95500000e-08  3.30000030e+00  2.95500000e-08  3.29999989e+00  2.95500000e-08  4.81220912e-02  2.95500000e-08  4.81289806e-02  2.95500000e-08  3.30000000e+00  2.95500000e-08  0.00000000e+00 
 2.95700000e-08  3.29999963e+00  2.95700000e-08  3.30000010e+00  2.95700000e-08  4.76723376e-02  2.95700000e-08  4.76791521e-02  2.95700000e-08  3.30000000e+00  2.95700000e-08  0.00000000e+00 
 2.95900000e-08  3.30000030e+00  2.95900000e-08  3.29999989e+00  2.95900000e-08  4.72267472e-02  2.95900000e-08  4.72334970e-02  2.95900000e-08  3.30000000e+00  2.95900000e-08  0.00000000e+00 
 2.96100000e-08  3.29999963e+00  2.96100000e-08  3.30000010e+00  2.96100000e-08  4.67853302e-02  2.96100000e-08  4.67920068e-02  2.96100000e-08  3.30000000e+00  2.96100000e-08  0.00000000e+00 
 2.96300000e-08  3.30000030e+00  2.96300000e-08  3.29999989e+00  2.96300000e-08  4.63479995e-02  2.96300000e-08  4.63546130e-02  2.96300000e-08  3.30000000e+00  2.96300000e-08  0.00000000e+00 
 2.96500000e-08  3.29999963e+00  2.96500000e-08  3.30000010e+00  2.96500000e-08  4.59147658e-02  2.96500000e-08  4.59213077e-02  2.96500000e-08  3.30000000e+00  2.96500000e-08  0.00000000e+00 
 2.96700000e-08  3.30000030e+00  2.96700000e-08  3.29999989e+00  2.96700000e-08  4.54855429e-02  2.96700000e-08  4.54920233e-02  2.96700000e-08  3.30000000e+00  2.96700000e-08  0.00000000e+00 
 2.96900000e-08  3.29999963e+00  2.96900000e-08  3.30000010e+00  2.96900000e-08  4.50603421e-02  2.96900000e-08  4.50667526e-02  2.96900000e-08  3.30000000e+00  2.96900000e-08  0.00000000e+00 
 2.97100000e-08  3.30000030e+00  2.97100000e-08  3.29999989e+00  2.97100000e-08  4.46390780e-02  2.97100000e-08  4.46454285e-02  2.97100000e-08  3.30000000e+00  2.97100000e-08  0.00000000e+00 
 2.97300000e-08  3.29999963e+00  2.97300000e-08  3.30000010e+00  2.97300000e-08  4.42217624e-02  2.97300000e-08  4.42280444e-02  2.97300000e-08  3.30000000e+00  2.97300000e-08  0.00000000e+00 
 2.97500000e-08  3.30000030e+00  2.97500000e-08  3.29999989e+00  2.97500000e-08  4.38083105e-02  2.97500000e-08  4.38145341e-02  2.97500000e-08  3.30000000e+00  2.97500000e-08  0.00000000e+00 
 2.97700000e-08  3.29999963e+00  2.97700000e-08  3.30000010e+00  2.97700000e-08  4.33987350e-02  2.97700000e-08  4.34048916e-02  2.97700000e-08  3.30000000e+00  2.97700000e-08  0.00000000e+00 
 2.97900000e-08  3.30000030e+00  2.97900000e-08  3.29999989e+00  2.97900000e-08  4.29929518e-02  2.97900000e-08  4.29990513e-02  2.97900000e-08  3.30000000e+00  2.97900000e-08  0.00000000e+00 
 2.98100000e-08  3.29999963e+00  2.98100000e-08  3.30000010e+00  2.98100000e-08  4.25909739e-02  2.98100000e-08  4.25970079e-02  2.98100000e-08  3.30000000e+00  2.98100000e-08  0.00000000e+00 
 2.98300000e-08  3.30000030e+00  2.98300000e-08  3.29999989e+00  2.98300000e-08  4.21927180e-02  2.98300000e-08  4.21986965e-02  2.98300000e-08  3.30000000e+00  2.98300000e-08  0.00000000e+00 
 2.98500000e-08  3.29999963e+00  2.98500000e-08  3.30000010e+00  2.98500000e-08  4.17981979e-02  2.98500000e-08  4.18041123e-02  2.98500000e-08  3.30000000e+00  2.98500000e-08  0.00000000e+00 
 2.98700000e-08  3.30000030e+00  2.98700000e-08  3.29999989e+00  2.98700000e-08  4.14073309e-02  2.98700000e-08  4.14131910e-02  2.98700000e-08  3.30000000e+00  2.98700000e-08  0.00000000e+00 
 2.98900000e-08  3.29999963e+00  2.98900000e-08  3.30000010e+00  2.98900000e-08  4.10201312e-02  2.98900000e-08  4.10259286e-02  2.98900000e-08  3.30000000e+00  2.98900000e-08  0.00000000e+00 
 2.99100000e-08  3.30000030e+00  2.99100000e-08  3.29999989e+00  2.99100000e-08  4.06365169e-02  2.99100000e-08  4.06422614e-02  2.99100000e-08  3.30000000e+00  2.99100000e-08  0.00000000e+00 
 2.99300000e-08  3.29999963e+00  2.99300000e-08  3.30000010e+00  2.99300000e-08  4.02565028e-02  2.99300000e-08  4.02621859e-02  2.99300000e-08  3.30000000e+00  2.99300000e-08  0.00000000e+00 
 2.99500000e-08  3.30000030e+00  2.99500000e-08  3.29999989e+00  2.99500000e-08  3.98800076e-02  2.99500000e-08  3.98856392e-02  2.99500000e-08  3.30000000e+00  2.99500000e-08  0.00000000e+00 
 2.99700000e-08  3.29999963e+00  2.99700000e-08  3.30000010e+00  2.99700000e-08  3.95070467e-02  2.99700000e-08  3.95126182e-02  2.99700000e-08  3.30000000e+00  2.99700000e-08  0.00000000e+00 
 2.99900000e-08  3.30000030e+00  2.99900000e-08  3.29999989e+00  2.99900000e-08  3.91375393e-02  2.99900000e-08  3.91430606e-02  2.99900000e-08  3.30000000e+00  2.99900000e-08  0.00000000e+00 
 3.00100000e-08  3.29999963e+00  3.00100000e-08  3.30000010e+00  3.00100000e-08  3.87715016e-02  3.00100000e-08  3.87769640e-02  3.00100000e-08  3.30000000e+00  3.00100000e-08  0.00000000e+00 
 3.00300000e-08  3.30000030e+00  3.00300000e-08  3.29999989e+00  3.00300000e-08  3.84088534e-02  3.00300000e-08  3.84142667e-02  3.00300000e-08  3.30000000e+00  3.00300000e-08  0.00000000e+00 
 3.00500000e-08  3.29999963e+00  3.00500000e-08  3.30000010e+00  3.00500000e-08  3.80496112e-02  3.00500000e-08  3.80549670e-02  3.00500000e-08  3.30000000e+00  3.00500000e-08  0.00000000e+00 
 3.00700000e-08  3.30000030e+00  3.00700000e-08  3.29999989e+00  3.00700000e-08  3.76936956e-02  3.00700000e-08  3.76990035e-02  3.00700000e-08  3.30000000e+00  3.00700000e-08  0.00000000e+00 
 3.00850000e-08  3.29999963e+00  3.00850000e-08  3.30000010e+00  3.00850000e-08  3.74289609e-02  3.00850000e-08  3.74342253e-02  3.00850000e-08  3.30000000e+00  3.00850000e-08  0.00000000e+00 
 3.01000000e-08  3.30000029e+00  3.01000000e-08  3.29999989e+00  3.01000000e-08  3.71660564e-02  3.01000000e-08  3.71712869e-02  3.01000000e-08  3.30000000e+00  3.01000000e-08  0.00000000e+00 
 3.01020000e-08  3.29999995e+00  3.01020000e-08  3.29999999e+00  3.01020000e-08  3.71264797e-02  3.01020000e-08  3.71321495e-02  3.01020000e-08  3.23400000e+00  3.01020000e-08  0.00000000e+00 
 3.01060000e-08  3.29999976e+00  3.01060000e-08  3.29999979e+00  3.01060000e-08  3.69249724e-02  3.01060000e-08  3.69321034e-02  3.01060000e-08  3.10200000e+00  3.01060000e-08  0.00000000e+00 
 3.01140000e-08  3.29999898e+00  3.01140000e-08  3.29999900e+00  3.01140000e-08  3.59462178e-02  3.01140000e-08  3.59580021e-02  3.01140000e-08  2.83800000e+00  3.01140000e-08  0.00000000e+00 
 3.01300000e-08  3.29999820e+00  3.01300000e-08  3.29999821e+00  3.01300000e-08  3.25657657e-02  3.01300000e-08  3.25850681e-02  3.01300000e-08  2.31000000e+00  3.01300000e-08  0.00000000e+00 
 3.01500000e-08  3.30000250e+00  3.01500000e-08  3.30000251e+00  3.01500000e-08  3.30991440e-02  3.01500000e-08  3.31332414e-02  3.01500000e-08  1.65000000e+00  3.01500000e-08  0.00000000e+00 
 3.01700000e-08  3.30000646e+00  3.01700000e-08  3.30000647e+00  3.01700000e-08  4.30266820e-02  3.01700000e-08  4.31029588e-02  3.01700000e-08  9.90000000e-01  3.01700000e-08  0.00000000e+00 
 3.01850000e-08  3.30000694e+00  3.01850000e-08  3.30000696e+00  3.01850000e-08  5.69169775e-02  3.01850000e-08  5.70451753e-02  3.01850000e-08  4.95000000e-01  3.01850000e-08  0.00000000e+00 
 3.02000000e-08  3.30000787e+00  3.02000000e-08  3.30000789e+00  3.02000000e-08  7.72426535e-02  3.02000000e-08  7.74361214e-02  3.02000000e-08  7.94919686e-14  3.02000000e-08  0.00000000e+00 
 3.02020000e-08  3.30000845e+00  3.02020000e-08  3.30000847e+00  3.02020000e-08  8.07817459e-02  3.02020000e-08  8.09855584e-02  3.02020000e-08  0.00000000e+00  3.02020000e-08  0.00000000e+00 
 3.02060000e-08  3.30000837e+00  3.02060000e-08  3.30000839e+00  3.02060000e-08  8.75976467e-02  3.02060000e-08  8.78226737e-02  3.02060000e-08  0.00000000e+00  3.02060000e-08  0.00000000e+00 
 3.02140000e-08  3.30000498e+00  3.02140000e-08  3.30000500e+00  3.02140000e-08  1.00134842e-01  3.02140000e-08  1.00402431e-01  3.02140000e-08  0.00000000e+00  3.02140000e-08  0.00000000e+00 
 3.02300000e-08  3.30000002e+00  3.02300000e-08  3.30000002e+00  3.02300000e-08  1.23455196e-01  3.02300000e-08  1.23797924e-01  3.02300000e-08  0.00000000e+00  3.02300000e-08  0.00000000e+00 
 3.02500000e-08  3.29999956e+00  3.02500000e-08  3.29999955e+00  3.02500000e-08  1.51857234e-01  3.02500000e-08  1.52273943e-01  3.02500000e-08  0.00000000e+00  3.02500000e-08  0.00000000e+00 
 3.02700000e-08  3.30000017e+00  3.02700000e-08  3.30000016e+00  3.02700000e-08  1.80407147e-01  3.02700000e-08  1.80885577e-01  3.02700000e-08  0.00000000e+00  3.02700000e-08  0.00000000e+00 
 3.02900000e-08  3.30000033e+00  3.02900000e-08  3.30000033e+00  3.02900000e-08  2.09186677e-01  3.02900000e-08  2.09724831e-01  3.02900000e-08  0.00000000e+00  3.02900000e-08  0.00000000e+00 
 3.03100000e-08  3.30000041e+00  3.03100000e-08  3.30000041e+00  3.03100000e-08  2.38207094e-01  3.03100000e-08  2.38808849e-01  3.03100000e-08  0.00000000e+00  3.03100000e-08  0.00000000e+00 
 3.03300000e-08  3.30000050e+00  3.03300000e-08  3.30000051e+00  3.03300000e-08  2.67487132e-01  3.03300000e-08  2.68160281e-01  3.03300000e-08  0.00000000e+00  3.03300000e-08  0.00000000e+00 
 3.03500000e-08  3.30000062e+00  3.03500000e-08  3.30000063e+00  3.03500000e-08  2.97052078e-01  3.03500000e-08  2.97807773e-01  3.03500000e-08  0.00000000e+00  3.03500000e-08  0.00000000e+00 
 3.03700000e-08  3.30000077e+00  3.03700000e-08  3.30000079e+00  3.03700000e-08  3.26935440e-01  3.03700000e-08  3.27788457e-01  3.03700000e-08  0.00000000e+00  3.03700000e-08  0.00000000e+00 
 3.03900000e-08  3.30000098e+00  3.03900000e-08  3.30000101e+00  3.03900000e-08  3.57181802e-01  3.03900000e-08  3.58151415e-01  3.03900000e-08  0.00000000e+00  3.03900000e-08  0.00000000e+00 
 3.04100000e-08  3.30000124e+00  3.04100000e-08  3.30000128e+00  3.04100000e-08  3.87851273e-01  3.04100000e-08  3.88962845e-01  3.04100000e-08  0.00000000e+00  3.04100000e-08  0.00000000e+00 
 3.04300000e-08  3.30000157e+00  3.04300000e-08  3.30000164e+00  3.04300000e-08  4.19026644e-01  3.04300000e-08  4.20314272e-01  3.04300000e-08  0.00000000e+00  3.04300000e-08  0.00000000e+00 
 3.04500000e-08  3.30000198e+00  3.04500000e-08  3.30000207e+00  3.04500000e-08  4.50825213e-01  3.04500000e-08  4.52336219e-01  3.04500000e-08  0.00000000e+00  3.04500000e-08  0.00000000e+00 
 3.04700000e-08  3.30000246e+00  3.04700000e-08  3.30000260e+00  3.04700000e-08  4.83419433e-01  3.04700000e-08  4.85222437e-01  3.04700000e-08  0.00000000e+00  3.04700000e-08  0.00000000e+00 
 3.04900000e-08  3.30000300e+00  3.04900000e-08  3.30000323e+00  3.04900000e-08  5.17075170e-01  3.04900000e-08  5.19275749e-01  3.04900000e-08  0.00000000e+00  3.04900000e-08  0.00000000e+00 
 3.05100000e-08  3.30000362e+00  3.05100000e-08  3.30000401e+00  3.05100000e-08  5.52228380e-01  3.05100000e-08  5.55002326e-01  3.05100000e-08  0.00000000e+00  3.05100000e-08  0.00000000e+00 
 3.05300000e-08  3.30000443e+00  3.05300000e-08  3.30000517e+00  3.05300000e-08  5.89661579e-01  3.05300000e-08  5.93335700e-01  3.05300000e-08  0.00000000e+00  3.05300000e-08  0.00000000e+00 
 3.05500000e-08  3.30000585e+00  3.05500000e-08  3.30000742e+00  3.05500000e-08  6.30904632e-01  3.05500000e-08  6.36149166e-01  3.05500000e-08  0.00000000e+00  3.05500000e-08  0.00000000e+00 
 3.05700000e-08  3.30000903e+00  3.05700000e-08  3.30001254e+00  3.05700000e-08  6.79193551e-01  3.05700000e-08  6.87361609e-01  3.05700000e-08  0.00000000e+00  3.05700000e-08  0.00000000e+00 
 3.05900000e-08  3.30001570e+00  3.05900000e-08  3.30002112e+00  3.05900000e-08  7.40659562e-01  3.05900000e-08  7.53395346e-01  3.05900000e-08  0.00000000e+00  3.05900000e-08  0.00000000e+00 
 3.06100000e-08  3.30002131e+00  3.06100000e-08  3.30002291e+00  3.06100000e-08  8.21455004e-01  3.06100000e-08  8.38891132e-01  3.06100000e-08  0.00000000e+00  3.06100000e-08  0.00000000e+00 
 3.06300000e-08  3.30001242e+00  3.06300000e-08  3.30000635e+00  3.06300000e-08  9.21697971e-01  3.06300000e-08  9.43097350e-01  3.06300000e-08  0.00000000e+00  3.06300000e-08  0.00000000e+00 
 3.06500000e-08  3.29999065e+00  3.06500000e-08  3.29997744e+00  3.06500000e-08  1.03747736e+00  3.06500000e-08  1.06211303e+00  3.06500000e-08  0.00000000e+00  3.06500000e-08  0.00000000e+00 
 3.06700000e-08  3.29996744e+00  3.06700000e-08  3.29994908e+00  3.06700000e-08  1.16484441e+00  3.06700000e-08  1.19225715e+00  3.06700000e-08  0.00000000e+00  3.06700000e-08  0.00000000e+00 
 3.06900000e-08  3.29995011e+00  3.06900000e-08  3.29993057e+00  3.06900000e-08  1.30099530e+00  3.06900000e-08  1.33083990e+00  3.06900000e-08  0.00000000e+00  3.06900000e-08  0.00000000e+00 
 3.07100000e-08  3.29994239e+00  3.07100000e-08  3.29992217e+00  3.07100000e-08  1.44368514e+00  3.07100000e-08  1.47563869e+00  3.07100000e-08  0.00000000e+00  3.07100000e-08  0.00000000e+00 
 3.07300000e-08  3.29993943e+00  3.07300000e-08  3.29991930e+00  3.07300000e-08  1.59087843e+00  3.07300000e-08  1.62464040e+00  3.07300000e-08  0.00000000e+00  3.07300000e-08  0.00000000e+00 
 3.07500000e-08  3.29994175e+00  3.07500000e-08  3.29992396e+00  3.07500000e-08  1.74071650e+00  3.07500000e-08  1.77598151e+00  3.07500000e-08  0.00000000e+00  3.07500000e-08  0.00000000e+00 
 3.07700000e-08  3.29994791e+00  3.07700000e-08  3.29993183e+00  3.07700000e-08  1.89103633e+00  3.07700000e-08  1.92726453e+00  3.07700000e-08  0.00000000e+00  3.07700000e-08  0.00000000e+00 
 3.07900000e-08  3.29995492e+00  3.07900000e-08  3.29994167e+00  3.07900000e-08  2.03891443e+00  3.07900000e-08  2.07543721e+00  3.07900000e-08  0.00000000e+00  3.07900000e-08  0.00000000e+00 
 3.08100000e-08  3.29996309e+00  3.08100000e-08  3.29995425e+00  3.08100000e-08  2.18150010e+00  3.08100000e-08  2.21771858e+00  3.08100000e-08  0.00000000e+00  3.08100000e-08  0.00000000e+00 
 3.08300000e-08  3.29997252e+00  3.08300000e-08  3.29996835e+00  3.08300000e-08  2.31650363e+00  3.08300000e-08  2.35191127e+00  3.08300000e-08  0.00000000e+00  3.08300000e-08  0.00000000e+00 
 3.08500000e-08  3.29998223e+00  3.08500000e-08  3.29998233e+00  3.08500000e-08  2.44220580e+00  3.08500000e-08  2.47638301e+00  3.08500000e-08  0.00000000e+00  3.08500000e-08  0.00000000e+00 
 3.08700000e-08  3.29999127e+00  3.08700000e-08  3.29999497e+00  3.08700000e-08  2.55743411e+00  3.08700000e-08  2.59004888e+00  3.08700000e-08  0.00000000e+00  3.08700000e-08  0.00000000e+00 
 3.08900000e-08  3.29999911e+00  3.08900000e-08  3.30000597e+00  3.08900000e-08  2.66153712e+00  3.08900000e-08  2.69234558e+00  3.08900000e-08  0.00000000e+00  3.08900000e-08  0.00000000e+00 
 3.09100000e-08  3.30000593e+00  3.09100000e-08  3.30001478e+00  3.09100000e-08  2.75433545e+00  3.09100000e-08  2.78317825e+00  3.09100000e-08  0.00000000e+00  3.09100000e-08  0.00000000e+00 
 3.09300000e-08  3.30001106e+00  3.09300000e-08  3.30002116e+00  3.09300000e-08  2.83605187e+00  3.09300000e-08  2.86284662e+00  3.09300000e-08  0.00000000e+00  3.09300000e-08  0.00000000e+00 
 3.09500000e-08  3.30001476e+00  3.09500000e-08  3.30002554e+00  3.09500000e-08  2.90722412e+00  3.09500000e-08  2.93195448e+00  3.09500000e-08  0.00000000e+00  3.09500000e-08  0.00000000e+00 
 3.09700000e-08  3.30001726e+00  3.09700000e-08  3.30002816e+00  3.09700000e-08  2.96861293e+00  3.09700000e-08  2.99131595e+00  3.09700000e-08  0.00000000e+00  3.09700000e-08  0.00000000e+00 
 3.09900000e-08  3.30001872e+00  3.09900000e-08  3.30002932e+00  3.09900000e-08  3.02111530e+00  3.09900000e-08  3.04186836e+00  3.09900000e-08  0.00000000e+00  3.09900000e-08  0.00000000e+00 
 3.10100000e-08  3.30001935e+00  3.10100000e-08  3.30002936e+00  3.10100000e-08  3.06569011e+00  3.10100000e-08  3.08459882e+00  3.10100000e-08  0.00000000e+00  3.10100000e-08  0.00000000e+00 
 3.10300000e-08  3.30001934e+00  3.10300000e-08  3.30002857e+00  3.10300000e-08  3.10329954e+00  3.10300000e-08  3.12048709e+00  3.10300000e-08  0.00000000e+00  3.10300000e-08  0.00000000e+00 
 3.10500000e-08  3.30001887e+00  3.10500000e-08  3.30002724e+00  3.10500000e-08  3.13486671e+00  3.10500000e-08  3.15046536e+00  3.10500000e-08  0.00000000e+00  3.10500000e-08  0.00000000e+00 
 3.10700000e-08  3.30001809e+00  3.10700000e-08  3.30002556e+00  3.10700000e-08  3.16124826e+00  3.10700000e-08  3.17539266e+00  3.10700000e-08  0.00000000e+00  3.10700000e-08  0.00000000e+00 
 3.10900000e-08  3.30001711e+00  3.10900000e-08  3.30002369e+00  3.10900000e-08  3.18321897e+00  3.10900000e-08  3.19604148e+00  3.10900000e-08  0.00000000e+00  3.10900000e-08  0.00000000e+00 
 3.11100000e-08  3.30001601e+00  3.11100000e-08  3.30002176e+00  3.11100000e-08  3.20146569e+00  3.11100000e-08  3.21309312e+00  3.11100000e-08  0.00000000e+00  3.11100000e-08  0.00000000e+00 
 3.11300000e-08  3.30001486e+00  3.11300000e-08  3.30001984e+00  3.11300000e-08  3.21658771e+00  3.11300000e-08  3.22713934e+00  3.11300000e-08  0.00000000e+00  3.11300000e-08  0.00000000e+00 
 3.11500000e-08  3.30001370e+00  3.11500000e-08  3.30001799e+00  3.11500000e-08  3.22910132e+00  3.11500000e-08  3.23868776e+00  3.11500000e-08  0.00000000e+00  3.11500000e-08  0.00000000e+00 
 3.11700000e-08  3.30001256e+00  3.11700000e-08  3.30001623e+00  3.11700000e-08  3.23944673e+00  3.11700000e-08  3.24816947e+00  3.11700000e-08  0.00000000e+00  3.11700000e-08  0.00000000e+00 
 3.11900000e-08  3.30001146e+00  3.11900000e-08  3.30001460e+00  3.11900000e-08  3.24799617e+00  3.11900000e-08  3.25594752e+00  3.11900000e-08  0.00000000e+00  3.11900000e-08  0.00000000e+00 
 3.12100000e-08  3.30001043e+00  3.12100000e-08  3.30001310e+00  3.12100000e-08  3.25506221e+00  3.12100000e-08  3.26232563e+00  3.12100000e-08  0.00000000e+00  3.12100000e-08  0.00000000e+00 
 3.12300000e-08  3.30000946e+00  3.12300000e-08  3.30001172e+00  3.12300000e-08  3.26090589e+00  3.12300000e-08  3.26755637e+00  3.12300000e-08  0.00000000e+00  3.12300000e-08  0.00000000e+00 
 3.12500000e-08  3.30000856e+00  3.12500000e-08  3.30001048e+00  3.12500000e-08  3.26574416e+00  3.12500000e-08  3.27184884e+00  3.12500000e-08  0.00000000e+00  3.12500000e-08  0.00000000e+00 
 3.12700000e-08  3.30000774e+00  3.12700000e-08  3.30000936e+00  3.12700000e-08  3.26975666e+00  3.12700000e-08  3.27537540e+00  3.12700000e-08  0.00000000e+00  3.12700000e-08  0.00000000e+00 
 3.12900000e-08  3.30000698e+00  3.12900000e-08  3.30000836e+00  3.12900000e-08  3.27309165e+00  3.12900000e-08  3.27827769e+00  3.12900000e-08  0.00000000e+00  3.12900000e-08  0.00000000e+00 
 3.13100000e-08  3.30000630e+00  3.13100000e-08  3.30000746e+00  3.13100000e-08  3.27587115e+00  3.13100000e-08  3.28067172e+00  3.13100000e-08  0.00000000e+00  3.13100000e-08  0.00000000e+00 
 3.13300000e-08  3.30000568e+00  3.13300000e-08  3.30000666e+00  3.13300000e-08  3.27819541e+00  3.13300000e-08  3.28265230e+00  3.13300000e-08  0.00000000e+00  3.13300000e-08  0.00000000e+00 
 3.13500000e-08  3.30000512e+00  3.13500000e-08  3.30000596e+00  3.13500000e-08  3.28014657e+00  3.13500000e-08  3.28429674e+00  3.13500000e-08  0.00000000e+00  3.13500000e-08  0.00000000e+00 
 3.13700000e-08  3.30000462e+00  3.13700000e-08  3.30000533e+00  3.13700000e-08  3.28179190e+00  3.13700000e-08  3.28566796e+00  3.13700000e-08  0.00000000e+00  3.13700000e-08  0.00000000e+00 
 3.13900000e-08  3.30000417e+00  3.13900000e-08  3.30000477e+00  3.13900000e-08  3.28318638e+00  3.13900000e-08  3.28681707e+00  3.13900000e-08  0.00000000e+00  3.13900000e-08  0.00000000e+00 
 3.14100000e-08  3.30000376e+00  3.14100000e-08  3.30000428e+00  3.14100000e-08  3.28437489e+00  3.14100000e-08  3.28778558e+00  3.14100000e-08  0.00000000e+00  3.14100000e-08  0.00000000e+00 
 3.14300000e-08  3.30000340e+00  3.14300000e-08  3.30000384e+00  3.14300000e-08  3.28539410e+00  3.14300000e-08  3.28860708e+00  3.14300000e-08  0.00000000e+00  3.14300000e-08  0.00000000e+00 
 3.14500000e-08  3.30000308e+00  3.14500000e-08  3.30000345e+00  3.14500000e-08  3.28627387e+00  3.14500000e-08  3.28930881e+00  3.14500000e-08  0.00000000e+00  3.14500000e-08  0.00000000e+00 
 3.14700000e-08  3.30000279e+00  3.14700000e-08  3.30000311e+00  3.14700000e-08  3.28703858e+00  3.14700000e-08  3.28991279e+00  3.14700000e-08  0.00000000e+00  3.14700000e-08  0.00000000e+00 
 3.14900000e-08  3.30000253e+00  3.14900000e-08  3.30000281e+00  3.14900000e-08  3.28770808e+00  3.14900000e-08  3.29043683e+00  3.14900000e-08  0.00000000e+00  3.14900000e-08  0.00000000e+00 
 3.15100000e-08  3.30000230e+00  3.15100000e-08  3.30000254e+00  3.15100000e-08  3.28829857e+00  3.15100000e-08  3.29089531e+00  3.15100000e-08  0.00000000e+00  3.15100000e-08  0.00000000e+00 
 3.15300000e-08  3.30000209e+00  3.15300000e-08  3.30000230e+00  3.15300000e-08  3.28882325e+00  3.15300000e-08  3.29129987e+00  3.15300000e-08  0.00000000e+00  3.15300000e-08  0.00000000e+00 
 3.15500000e-08  3.30000190e+00  3.15500000e-08  3.30000209e+00  3.15500000e-08  3.28929291e+00  3.15500000e-08  3.29165988e+00  3.15500000e-08  0.00000000e+00  3.15500000e-08  0.00000000e+00 
 3.15700000e-08  3.30000174e+00  3.15700000e-08  3.30000190e+00  3.15700000e-08  3.28971632e+00  3.15700000e-08  3.29198296e+00  3.15700000e-08  0.00000000e+00  3.15700000e-08  0.00000000e+00 
 3.15900000e-08  3.30000159e+00  3.15900000e-08  3.30000173e+00  3.15900000e-08  3.29010069e+00  3.15900000e-08  3.29227523e+00  3.15900000e-08  0.00000000e+00  3.15900000e-08  0.00000000e+00 
 3.16100000e-08  3.30000146e+00  3.16100000e-08  3.30000158e+00  3.16100000e-08  3.29045191e+00  3.16100000e-08  3.29254166e+00  3.16100000e-08  0.00000000e+00  3.16100000e-08  0.00000000e+00 
 3.16300000e-08  3.30000134e+00  3.16300000e-08  3.30000145e+00  3.16300000e-08  3.29077480e+00  3.16300000e-08  3.29278626e+00  3.16300000e-08  0.00000000e+00  3.16300000e-08  0.00000000e+00 
 3.16500000e-08  3.30000123e+00  3.16500000e-08  3.30000132e+00  3.16500000e-08  3.29107333e+00  3.16500000e-08  3.29301232e+00  3.16500000e-08  0.00000000e+00  3.16500000e-08  0.00000000e+00 
 3.16700000e-08  3.30000113e+00  3.16700000e-08  3.30000122e+00  3.16700000e-08  3.29135077e+00  3.16700000e-08  3.29322247e+00  3.16700000e-08  0.00000000e+00  3.16700000e-08  0.00000000e+00 
 3.16900000e-08  3.30000104e+00  3.16900000e-08  3.30000112e+00  3.16900000e-08  3.29160983e+00  3.16900000e-08  3.29341889e+00  3.16900000e-08  0.00000000e+00  3.16900000e-08  0.00000000e+00 
 3.17100000e-08  3.30000096e+00  3.17100000e-08  3.30000103e+00  3.17100000e-08  3.29185274e+00  3.17100000e-08  3.29360333e+00  3.17100000e-08  0.00000000e+00  3.17100000e-08  0.00000000e+00 
 3.17300000e-08  3.30000089e+00  3.17300000e-08  3.30000095e+00  3.17300000e-08  3.29208136e+00  3.17300000e-08  3.29377726e+00  3.17300000e-08  0.00000000e+00  3.17300000e-08  0.00000000e+00 
 3.17500000e-08  3.30000083e+00  3.17500000e-08  3.30000088e+00  3.17500000e-08  3.29229727e+00  3.17500000e-08  3.29394187e+00  3.17500000e-08  0.00000000e+00  3.17500000e-08  0.00000000e+00 
 3.17700000e-08  3.30000077e+00  3.17700000e-08  3.30000082e+00  3.17700000e-08  3.29250176e+00  3.17700000e-08  3.29409814e+00  3.17700000e-08  0.00000000e+00  3.17700000e-08  0.00000000e+00 
 3.17900000e-08  3.30000071e+00  3.17900000e-08  3.30000076e+00  3.17900000e-08  3.29269595e+00  3.17900000e-08  3.29424691e+00  3.17900000e-08  0.00000000e+00  3.17900000e-08  0.00000000e+00 
 3.18100000e-08  3.30000067e+00  3.18100000e-08  3.30000071e+00  3.18100000e-08  3.29288078e+00  3.18100000e-08  3.29438886e+00  3.18100000e-08  0.00000000e+00  3.18100000e-08  0.00000000e+00 
 3.18300000e-08  3.30000062e+00  3.18300000e-08  3.30000066e+00  3.18300000e-08  3.29305705e+00  3.18300000e-08  3.29452457e+00  3.18300000e-08  0.00000000e+00  3.18300000e-08  0.00000000e+00 
 3.18500000e-08  3.30000058e+00  3.18500000e-08  3.30000061e+00  3.18500000e-08  3.29322545e+00  3.18500000e-08  3.29465456e+00  3.18500000e-08  0.00000000e+00  3.18500000e-08  0.00000000e+00 
 3.18700000e-08  3.30000054e+00  3.18700000e-08  3.30000057e+00  3.18700000e-08  3.29338659e+00  3.18700000e-08  3.29477923e+00  3.18700000e-08  0.00000000e+00  3.18700000e-08  0.00000000e+00 
 3.18900000e-08  3.30000051e+00  3.18900000e-08  3.30000054e+00  3.18900000e-08  3.29354099e+00  3.18900000e-08  3.29489898e+00  3.18900000e-08  0.00000000e+00  3.18900000e-08  0.00000000e+00 
 3.19100000e-08  3.30000048e+00  3.19100000e-08  3.30000050e+00  3.19100000e-08  3.29368911e+00  3.19100000e-08  3.29501410e+00  3.19100000e-08  0.00000000e+00  3.19100000e-08  0.00000000e+00 
 3.19300000e-08  3.30000045e+00  3.19300000e-08  3.30000047e+00  3.19300000e-08  3.29383136e+00  3.19300000e-08  3.29512489e+00  3.19300000e-08  0.00000000e+00  3.19300000e-08  0.00000000e+00 
 3.19500000e-08  3.30000042e+00  3.19500000e-08  3.30000044e+00  3.19500000e-08  3.29396811e+00  3.19500000e-08  3.29523160e+00  3.19500000e-08  0.00000000e+00  3.19500000e-08  0.00000000e+00 
 3.19700000e-08  3.30000040e+00  3.19700000e-08  3.30000042e+00  3.19700000e-08  3.29409968e+00  3.19700000e-08  3.29533446e+00  3.19700000e-08  0.00000000e+00  3.19700000e-08  0.00000000e+00 
 3.19900000e-08  3.30000038e+00  3.19900000e-08  3.30000039e+00  3.19900000e-08  3.29422636e+00  3.19900000e-08  3.29543367e+00  3.19900000e-08  0.00000000e+00  3.19900000e-08  0.00000000e+00 
 3.20100000e-08  3.30000035e+00  3.20100000e-08  3.30000037e+00  3.20100000e-08  3.29434843e+00  3.20100000e-08  3.29552943e+00  3.20100000e-08  0.00000000e+00  3.20100000e-08  0.00000000e+00 
 3.20300000e-08  3.30000034e+00  3.20300000e-08  3.30000035e+00  3.20300000e-08  3.29446613e+00  3.20300000e-08  3.29562188e+00  3.20300000e-08  0.00000000e+00  3.20300000e-08  0.00000000e+00 
 3.20500000e-08  3.30000032e+00  3.20500000e-08  3.30000033e+00  3.20500000e-08  3.29457967e+00  3.20500000e-08  3.29571121e+00  3.20500000e-08  0.00000000e+00  3.20500000e-08  0.00000000e+00 
 3.20700000e-08  3.30000030e+00  3.20700000e-08  3.30000032e+00  3.20700000e-08  3.29468929e+00  3.20700000e-08  3.29579754e+00  3.20700000e-08  0.00000000e+00  3.20700000e-08  0.00000000e+00 
 3.20900000e-08  3.30000029e+00  3.20900000e-08  3.30000030e+00  3.20900000e-08  3.29479515e+00  3.20900000e-08  3.29588102e+00  3.20900000e-08  0.00000000e+00  3.20900000e-08  0.00000000e+00 
 3.21100000e-08  3.30000027e+00  3.21100000e-08  3.30000028e+00  3.21100000e-08  3.29489745e+00  3.21100000e-08  3.29596177e+00  3.21100000e-08  0.00000000e+00  3.21100000e-08  0.00000000e+00 
 3.21300000e-08  3.30000026e+00  3.21300000e-08  3.30000027e+00  3.21300000e-08  3.29499634e+00  3.21300000e-08  3.29603992e+00  3.21300000e-08  0.00000000e+00  3.21300000e-08  0.00000000e+00 
 3.21500000e-08  3.30000024e+00  3.21500000e-08  3.30000026e+00  3.21500000e-08  3.29509199e+00  3.21500000e-08  3.29611556e+00  3.21500000e-08  0.00000000e+00  3.21500000e-08  0.00000000e+00 
 3.21700000e-08  3.30000023e+00  3.21700000e-08  3.30000024e+00  3.21700000e-08  3.29518454e+00  3.21700000e-08  3.29618882e+00  3.21700000e-08  0.00000000e+00  3.21700000e-08  0.00000000e+00 
 3.21900000e-08  3.30000022e+00  3.21900000e-08  3.30000023e+00  3.21900000e-08  3.29527413e+00  3.21900000e-08  3.29625978e+00  3.21900000e-08  0.00000000e+00  3.21900000e-08  0.00000000e+00 
 3.22100000e-08  3.30000021e+00  3.22100000e-08  3.30000022e+00  3.22100000e-08  3.29536087e+00  3.22100000e-08  3.29632855e+00  3.22100000e-08  0.00000000e+00  3.22100000e-08  0.00000000e+00 
 3.22300000e-08  3.30000020e+00  3.22300000e-08  3.30000021e+00  3.22300000e-08  3.29544492e+00  3.22300000e-08  3.29639521e+00  3.22300000e-08  0.00000000e+00  3.22300000e-08  0.00000000e+00 
 3.22500000e-08  3.30000019e+00  3.22500000e-08  3.30000020e+00  3.22500000e-08  3.29552636e+00  3.22500000e-08  3.29645985e+00  3.22500000e-08  0.00000000e+00  3.22500000e-08  0.00000000e+00 
 3.22700000e-08  3.30000018e+00  3.22700000e-08  3.30000019e+00  3.22700000e-08  3.29560531e+00  3.22700000e-08  3.29652254e+00  3.22700000e-08  0.00000000e+00  3.22700000e-08  0.00000000e+00 
 3.22900000e-08  3.30000018e+00  3.22900000e-08  3.30000018e+00  3.22900000e-08  3.29568188e+00  3.22900000e-08  3.29658337e+00  3.22900000e-08  0.00000000e+00  3.22900000e-08  0.00000000e+00 
 3.23100000e-08  3.30000017e+00  3.23100000e-08  3.30000018e+00  3.23100000e-08  3.29575617e+00  3.23100000e-08  3.29664240e+00  3.23100000e-08  0.00000000e+00  3.23100000e-08  0.00000000e+00 
 3.23300000e-08  3.30000016e+00  3.23300000e-08  3.30000017e+00  3.23300000e-08  3.29582825e+00  3.23300000e-08  3.29669972e+00  3.23300000e-08  0.00000000e+00  3.23300000e-08  0.00000000e+00 
 3.23500000e-08  3.30000016e+00  3.23500000e-08  3.30000016e+00  3.23500000e-08  3.29589823e+00  3.23500000e-08  3.29675537e+00  3.23500000e-08  0.00000000e+00  3.23500000e-08  0.00000000e+00 
 3.23700000e-08  3.30000015e+00  3.23700000e-08  3.30000015e+00  3.23700000e-08  3.29596619e+00  3.23700000e-08  3.29680945e+00  3.23700000e-08  0.00000000e+00  3.23700000e-08  0.00000000e+00 
 3.23900000e-08  3.30000014e+00  3.23900000e-08  3.30000015e+00  3.23900000e-08  3.29603221e+00  3.23900000e-08  3.29686198e+00  3.23900000e-08  0.00000000e+00  3.23900000e-08  0.00000000e+00 
 3.24100000e-08  3.30000014e+00  3.24100000e-08  3.30000014e+00  3.24100000e-08  3.29609635e+00  3.24100000e-08  3.29691305e+00  3.24100000e-08  0.00000000e+00  3.24100000e-08  0.00000000e+00 
 3.24300000e-08  3.30000013e+00  3.24300000e-08  3.30000014e+00  3.24300000e-08  3.29615870e+00  3.24300000e-08  3.29696269e+00  3.24300000e-08  0.00000000e+00  3.24300000e-08  0.00000000e+00 
 3.24500000e-08  3.30000013e+00  3.24500000e-08  3.30000013e+00  3.24500000e-08  3.29621932e+00  3.24500000e-08  3.29701097e+00  3.24500000e-08  0.00000000e+00  3.24500000e-08  0.00000000e+00 
 3.24700000e-08  3.30000012e+00  3.24700000e-08  3.30000013e+00  3.24700000e-08  3.29627829e+00  3.24700000e-08  3.29705793e+00  3.24700000e-08  0.00000000e+00  3.24700000e-08  0.00000000e+00 
 3.24900000e-08  3.30000012e+00  3.24900000e-08  3.30000012e+00  3.24900000e-08  3.29633564e+00  3.24900000e-08  3.29710363e+00  3.24900000e-08  0.00000000e+00  3.24900000e-08  0.00000000e+00 
 3.25100000e-08  3.30000011e+00  3.25100000e-08  3.30000012e+00  3.25100000e-08  3.29639147e+00  3.25100000e-08  3.29714810e+00  3.25100000e-08  0.00000000e+00  3.25100000e-08  0.00000000e+00 
 3.25300000e-08  3.30000011e+00  3.25300000e-08  3.30000011e+00  3.25300000e-08  3.29644580e+00  3.25300000e-08  3.29719141e+00  3.25300000e-08  0.00000000e+00  3.25300000e-08  0.00000000e+00 
 3.25500000e-08  3.30000011e+00  3.25500000e-08  3.30000011e+00  3.25500000e-08  3.29649871e+00  3.25500000e-08  3.29723357e+00  3.25500000e-08  0.00000000e+00  3.25500000e-08  0.00000000e+00 
 3.25700000e-08  3.30000010e+00  3.25700000e-08  3.30000011e+00  3.25700000e-08  3.29655024e+00  3.25700000e-08  3.29727464e+00  3.25700000e-08  0.00000000e+00  3.25700000e-08  0.00000000e+00 
 3.25900000e-08  3.30000010e+00  3.25900000e-08  3.30000010e+00  3.25900000e-08  3.29660044e+00  3.25900000e-08  3.29731465e+00  3.25900000e-08  0.00000000e+00  3.25900000e-08  0.00000000e+00 
 3.26100000e-08  3.30000009e+00  3.26100000e-08  3.30000010e+00  3.26100000e-08  3.29664936e+00  3.26100000e-08  3.29735365e+00  3.26100000e-08  0.00000000e+00  3.26100000e-08  0.00000000e+00 
 3.26300000e-08  3.30000009e+00  3.26300000e-08  3.30000009e+00  3.26300000e-08  3.29669705e+00  3.26300000e-08  3.29739166e+00  3.26300000e-08  0.00000000e+00  3.26300000e-08  0.00000000e+00 
 3.26500000e-08  3.30000009e+00  3.26500000e-08  3.30000009e+00  3.26500000e-08  3.29674354e+00  3.26500000e-08  3.29742873e+00  3.26500000e-08  0.00000000e+00  3.26500000e-08  0.00000000e+00 
 3.26700000e-08  3.30000009e+00  3.26700000e-08  3.30000009e+00  3.26700000e-08  3.29678888e+00  3.26700000e-08  3.29746487e+00  3.26700000e-08  0.00000000e+00  3.26700000e-08  0.00000000e+00 
 3.26900000e-08  3.30000008e+00  3.26900000e-08  3.30000009e+00  3.26900000e-08  3.29683310e+00  3.26900000e-08  3.29750014e+00  3.26900000e-08  0.00000000e+00  3.26900000e-08  0.00000000e+00 
 3.27100000e-08  3.30000008e+00  3.27100000e-08  3.30000008e+00  3.27100000e-08  3.29687626e+00  3.27100000e-08  3.29753453e+00  3.27100000e-08  0.00000000e+00  3.27100000e-08  0.00000000e+00 
 3.27300000e-08  3.30000008e+00  3.27300000e-08  3.30000008e+00  3.27300000e-08  3.29691837e+00  3.27300000e-08  3.29756812e+00  3.27300000e-08  0.00000000e+00  3.27300000e-08  0.00000000e+00 
 3.27500000e-08  3.30000007e+00  3.27500000e-08  3.30000008e+00  3.27500000e-08  3.29695949e+00  3.27500000e-08  3.29760089e+00  3.27500000e-08  0.00000000e+00  3.27500000e-08  0.00000000e+00 
 3.27700000e-08  3.30000007e+00  3.27700000e-08  3.30000007e+00  3.27700000e-08  3.29699963e+00  3.27700000e-08  3.29763289e+00  3.27700000e-08  0.00000000e+00  3.27700000e-08  0.00000000e+00 
 3.27900000e-08  3.30000007e+00  3.27900000e-08  3.30000007e+00  3.27900000e-08  3.29703883e+00  3.27900000e-08  3.29766414e+00  3.27900000e-08  0.00000000e+00  3.27900000e-08  0.00000000e+00 
 3.28100000e-08  3.30000007e+00  3.28100000e-08  3.30000007e+00  3.28100000e-08  3.29707712e+00  3.28100000e-08  3.29769468e+00  3.28100000e-08  0.00000000e+00  3.28100000e-08  0.00000000e+00 
 3.28300000e-08  3.30000007e+00  3.28300000e-08  3.30000007e+00  3.28300000e-08  3.29711454e+00  3.28300000e-08  3.29772450e+00  3.28300000e-08  0.00000000e+00  3.28300000e-08  0.00000000e+00 
 3.28500000e-08  3.30000006e+00  3.28500000e-08  3.30000007e+00  3.28500000e-08  3.29715111e+00  3.28500000e-08  3.29775365e+00  3.28500000e-08  0.00000000e+00  3.28500000e-08  0.00000000e+00 
 3.28700000e-08  3.30000006e+00  3.28700000e-08  3.30000006e+00  3.28700000e-08  3.29718685e+00  3.28700000e-08  3.29778214e+00  3.28700000e-08  0.00000000e+00  3.28700000e-08  0.00000000e+00 
 3.28900000e-08  3.30000006e+00  3.28900000e-08  3.30000006e+00  3.28900000e-08  3.29722179e+00  3.28900000e-08  3.29781000e+00  3.28900000e-08  0.00000000e+00  3.28900000e-08  0.00000000e+00 
 3.29100000e-08  3.30000006e+00  3.29100000e-08  3.30000006e+00  3.29100000e-08  3.29725597e+00  3.29100000e-08  3.29783723e+00  3.29100000e-08  0.00000000e+00  3.29100000e-08  0.00000000e+00 
 3.29300000e-08  3.30000006e+00  3.29300000e-08  3.30000006e+00  3.29300000e-08  3.29728939e+00  3.29300000e-08  3.29786387e+00  3.29300000e-08  0.00000000e+00  3.29300000e-08  0.00000000e+00 
 3.29500000e-08  3.30000006e+00  3.29500000e-08  3.30000006e+00  3.29500000e-08  3.29732209e+00  3.29500000e-08  3.29788993e+00  3.29500000e-08  0.00000000e+00  3.29500000e-08  0.00000000e+00 
 3.29700000e-08  3.30000005e+00  3.29700000e-08  3.30000006e+00  3.29700000e-08  3.29735408e+00  3.29700000e-08  3.29791543e+00  3.29700000e-08  0.00000000e+00  3.29700000e-08  0.00000000e+00 
 3.29900000e-08  3.30000005e+00  3.29900000e-08  3.30000005e+00  3.29900000e-08  3.29738540e+00  3.29900000e-08  3.29794038e+00  3.29900000e-08  0.00000000e+00  3.29900000e-08  0.00000000e+00 
 3.30100000e-08  3.30000005e+00  3.30100000e-08  3.30000005e+00  3.30100000e-08  3.29741605e+00  3.30100000e-08  3.29796480e+00  3.30100000e-08  0.00000000e+00  3.30100000e-08  0.00000000e+00 
 3.30300000e-08  3.30000005e+00  3.30300000e-08  3.30000005e+00  3.30300000e-08  3.29744606e+00  3.30300000e-08  3.29798870e+00  3.30300000e-08  0.00000000e+00  3.30300000e-08  0.00000000e+00 
 3.30500000e-08  3.30000005e+00  3.30500000e-08  3.30000005e+00  3.30500000e-08  3.29747544e+00  3.30500000e-08  3.29801212e+00  3.30500000e-08  0.00000000e+00  3.30500000e-08  0.00000000e+00 
 3.30700000e-08  3.30000005e+00  3.30700000e-08  3.30000005e+00  3.30700000e-08  3.29750422e+00  3.30700000e-08  3.29803504e+00  3.30700000e-08  0.00000000e+00  3.30700000e-08  0.00000000e+00 
 3.30900000e-08  3.30000005e+00  3.30900000e-08  3.30000005e+00  3.30900000e-08  3.29753241e+00  3.30900000e-08  3.29805750e+00  3.30900000e-08  0.00000000e+00  3.30900000e-08  0.00000000e+00 
 3.31100000e-08  3.30000004e+00  3.31100000e-08  3.30000005e+00  3.31100000e-08  3.29756003e+00  3.31100000e-08  3.29807949e+00  3.31100000e-08  0.00000000e+00  3.31100000e-08  0.00000000e+00 
 3.31300000e-08  3.30000004e+00  3.31300000e-08  3.30000004e+00  3.31300000e-08  3.29758709e+00  3.31300000e-08  3.29810105e+00  3.31300000e-08  0.00000000e+00  3.31300000e-08  0.00000000e+00 
 3.31500000e-08  3.30000004e+00  3.31500000e-08  3.30000004e+00  3.31500000e-08  3.29761362e+00  3.31500000e-08  3.29812217e+00  3.31500000e-08  0.00000000e+00  3.31500000e-08  0.00000000e+00 
 3.31700000e-08  3.30000004e+00  3.31700000e-08  3.30000004e+00  3.31700000e-08  3.29763962e+00  3.31700000e-08  3.29814288e+00  3.31700000e-08  0.00000000e+00  3.31700000e-08  0.00000000e+00 
 3.31900000e-08  3.30000004e+00  3.31900000e-08  3.30000004e+00  3.31900000e-08  3.29766512e+00  3.31900000e-08  3.29816318e+00  3.31900000e-08  0.00000000e+00  3.31900000e-08  0.00000000e+00 
 3.32100000e-08  3.30000004e+00  3.32100000e-08  3.30000004e+00  3.32100000e-08  3.29769011e+00  3.32100000e-08  3.29818308e+00  3.32100000e-08  0.00000000e+00  3.32100000e-08  0.00000000e+00 
 3.32300000e-08  3.30000004e+00  3.32300000e-08  3.30000004e+00  3.32300000e-08  3.29771463e+00  3.32300000e-08  3.29820259e+00  3.32300000e-08  0.00000000e+00  3.32300000e-08  0.00000000e+00 
 3.32500000e-08  3.30000004e+00  3.32500000e-08  3.30000004e+00  3.32500000e-08  3.29773868e+00  3.32500000e-08  3.29822174e+00  3.32500000e-08  0.00000000e+00  3.32500000e-08  0.00000000e+00 
 3.32700000e-08  3.30000004e+00  3.32700000e-08  3.30000004e+00  3.32700000e-08  3.29776228e+00  3.32700000e-08  3.29824051e+00  3.32700000e-08  0.00000000e+00  3.32700000e-08  0.00000000e+00 
 3.32900000e-08  3.30000004e+00  3.32900000e-08  3.30000004e+00  3.32900000e-08  3.29778542e+00  3.32900000e-08  3.29825894e+00  3.32900000e-08  0.00000000e+00  3.32900000e-08  0.00000000e+00 
 3.33100000e-08  3.30000003e+00  3.33100000e-08  3.30000004e+00  3.33100000e-08  3.29780814e+00  3.33100000e-08  3.29827701e+00  3.33100000e-08  0.00000000e+00  3.33100000e-08  0.00000000e+00 
 3.33300000e-08  3.30000003e+00  3.33300000e-08  3.30000003e+00  3.33300000e-08  3.29783044e+00  3.33300000e-08  3.29829476e+00  3.33300000e-08  0.00000000e+00  3.33300000e-08  0.00000000e+00 
 3.33500000e-08  3.30000003e+00  3.33500000e-08  3.30000003e+00  3.33500000e-08  3.29785233e+00  3.33500000e-08  3.29831217e+00  3.33500000e-08  0.00000000e+00  3.33500000e-08  0.00000000e+00 
 3.33700000e-08  3.30000003e+00  3.33700000e-08  3.30000003e+00  3.33700000e-08  3.29787381e+00  3.33700000e-08  3.29832927e+00  3.33700000e-08  0.00000000e+00  3.33700000e-08  0.00000000e+00 
 3.33900000e-08  3.30000003e+00  3.33900000e-08  3.30000003e+00  3.33900000e-08  3.29789492e+00  3.33900000e-08  3.29834605e+00  3.33900000e-08  0.00000000e+00  3.33900000e-08  0.00000000e+00 
 3.34100000e-08  3.30000003e+00  3.34100000e-08  3.30000003e+00  3.34100000e-08  3.29791563e+00  3.34100000e-08  3.29836253e+00  3.34100000e-08  0.00000000e+00  3.34100000e-08  0.00000000e+00 
 3.34300000e-08  3.30000003e+00  3.34300000e-08  3.30000003e+00  3.34300000e-08  3.29793599e+00  3.34300000e-08  3.29837871e+00  3.34300000e-08  0.00000000e+00  3.34300000e-08  0.00000000e+00 
 3.34500000e-08  3.30000003e+00  3.34500000e-08  3.30000003e+00  3.34500000e-08  3.29795598e+00  3.34500000e-08  3.29839461e+00  3.34500000e-08  0.00000000e+00  3.34500000e-08  0.00000000e+00 
 3.34700000e-08  3.30000003e+00  3.34700000e-08  3.30000003e+00  3.34700000e-08  3.29797563e+00  3.34700000e-08  3.29841023e+00  3.34700000e-08  0.00000000e+00  3.34700000e-08  0.00000000e+00 
 3.34900000e-08  3.30000003e+00  3.34900000e-08  3.30000003e+00  3.34900000e-08  3.29799492e+00  3.34900000e-08  3.29842558e+00  3.34900000e-08  0.00000000e+00  3.34900000e-08  0.00000000e+00 
 3.35100000e-08  3.30000003e+00  3.35100000e-08  3.30000003e+00  3.35100000e-08  3.29801389e+00  3.35100000e-08  3.29844065e+00  3.35100000e-08  0.00000000e+00  3.35100000e-08  0.00000000e+00 
 3.35300000e-08  3.30000003e+00  3.35300000e-08  3.30000003e+00  3.35300000e-08  3.29803253e+00  3.35300000e-08  3.29845547e+00  3.35300000e-08  0.00000000e+00  3.35300000e-08  0.00000000e+00 
 3.35500000e-08  3.30000003e+00  3.35500000e-08  3.30000003e+00  3.35500000e-08  3.29805086e+00  3.35500000e-08  3.29847003e+00  3.35500000e-08  0.00000000e+00  3.35500000e-08  0.00000000e+00 
 3.35700000e-08  3.30000003e+00  3.35700000e-08  3.30000003e+00  3.35700000e-08  3.29806887e+00  3.35700000e-08  3.29848435e+00  3.35700000e-08  0.00000000e+00  3.35700000e-08  0.00000000e+00 
 3.35900000e-08  3.30000002e+00  3.35900000e-08  3.30000003e+00  3.35900000e-08  3.29808659e+00  3.35900000e-08  3.29849842e+00  3.35900000e-08  0.00000000e+00  3.35900000e-08  0.00000000e+00 
 3.36100000e-08  3.30000002e+00  3.36100000e-08  3.30000002e+00  3.36100000e-08  3.29810400e+00  3.36100000e-08  3.29851227e+00  3.36100000e-08  0.00000000e+00  3.36100000e-08  0.00000000e+00 
 3.36300000e-08  3.30000002e+00  3.36300000e-08  3.30000002e+00  3.36300000e-08  3.29812113e+00  3.36300000e-08  3.29852587e+00  3.36300000e-08  0.00000000e+00  3.36300000e-08  0.00000000e+00 
 3.36500000e-08  3.30000002e+00  3.36500000e-08  3.30000002e+00  3.36500000e-08  3.29813798e+00  3.36500000e-08  3.29853926e+00  3.36500000e-08  0.00000000e+00  3.36500000e-08  0.00000000e+00 
 3.36700000e-08  3.30000002e+00  3.36700000e-08  3.30000002e+00  3.36700000e-08  3.29815456e+00  3.36700000e-08  3.29855242e+00  3.36700000e-08  0.00000000e+00  3.36700000e-08  0.00000000e+00 
 3.36900000e-08  3.30000002e+00  3.36900000e-08  3.30000002e+00  3.36900000e-08  3.29817086e+00  3.36900000e-08  3.29856537e+00  3.36900000e-08  0.00000000e+00  3.36900000e-08  0.00000000e+00 
 3.37100000e-08  3.30000002e+00  3.37100000e-08  3.30000002e+00  3.37100000e-08  3.29818690e+00  3.37100000e-08  3.29857811e+00  3.37100000e-08  0.00000000e+00  3.37100000e-08  0.00000000e+00 
 3.37300000e-08  3.30000002e+00  3.37300000e-08  3.30000002e+00  3.37300000e-08  3.29820269e+00  3.37300000e-08  3.29859065e+00  3.37300000e-08  0.00000000e+00  3.37300000e-08  0.00000000e+00 
 3.37500000e-08  3.30000002e+00  3.37500000e-08  3.30000002e+00  3.37500000e-08  3.29821823e+00  3.37500000e-08  3.29860298e+00  3.37500000e-08  0.00000000e+00  3.37500000e-08  0.00000000e+00 
 3.37700000e-08  3.30000002e+00  3.37700000e-08  3.30000002e+00  3.37700000e-08  3.29823352e+00  3.37700000e-08  3.29861512e+00  3.37700000e-08  0.00000000e+00  3.37700000e-08  0.00000000e+00 
 3.37900000e-08  3.30000002e+00  3.37900000e-08  3.30000002e+00  3.37900000e-08  3.29824857e+00  3.37900000e-08  3.29862706e+00  3.37900000e-08  0.00000000e+00  3.37900000e-08  0.00000000e+00 
 3.38100000e-08  3.30000002e+00  3.38100000e-08  3.30000002e+00  3.38100000e-08  3.29826339e+00  3.38100000e-08  3.29863883e+00  3.38100000e-08  0.00000000e+00  3.38100000e-08  0.00000000e+00 
 3.38300000e-08  3.30000002e+00  3.38300000e-08  3.30000002e+00  3.38300000e-08  3.29827798e+00  3.38300000e-08  3.29865040e+00  3.38300000e-08  0.00000000e+00  3.38300000e-08  0.00000000e+00 
 3.38500000e-08  3.30000002e+00  3.38500000e-08  3.30000002e+00  3.38500000e-08  3.29829234e+00  3.38500000e-08  3.29866181e+00  3.38500000e-08  0.00000000e+00  3.38500000e-08  0.00000000e+00 
 3.38700000e-08  3.30000002e+00  3.38700000e-08  3.30000002e+00  3.38700000e-08  3.29830649e+00  3.38700000e-08  3.29867303e+00  3.38700000e-08  0.00000000e+00  3.38700000e-08  0.00000000e+00 
 3.38900000e-08  3.30000002e+00  3.38900000e-08  3.30000002e+00  3.38900000e-08  3.29832043e+00  3.38900000e-08  3.29868409e+00  3.38900000e-08  0.00000000e+00  3.38900000e-08  0.00000000e+00 
 3.39100000e-08  3.30000002e+00  3.39100000e-08  3.30000002e+00  3.39100000e-08  3.29833415e+00  3.39100000e-08  3.29869497e+00  3.39100000e-08  0.00000000e+00  3.39100000e-08  0.00000000e+00 
 3.39300000e-08  3.30000002e+00  3.39300000e-08  3.30000002e+00  3.39300000e-08  3.29834767e+00  3.39300000e-08  3.29870570e+00  3.39300000e-08  0.00000000e+00  3.39300000e-08  0.00000000e+00 
 3.39500000e-08  3.30000002e+00  3.39500000e-08  3.30000002e+00  3.39500000e-08  3.29836099e+00  3.39500000e-08  3.29871626e+00  3.39500000e-08  0.00000000e+00  3.39500000e-08  0.00000000e+00 
 3.39700000e-08  3.30000002e+00  3.39700000e-08  3.30000002e+00  3.39700000e-08  3.29837411e+00  3.39700000e-08  3.29872667e+00  3.39700000e-08  0.00000000e+00  3.39700000e-08  0.00000000e+00 
 3.39900000e-08  3.30000002e+00  3.39900000e-08  3.30000002e+00  3.39900000e-08  3.29838704e+00  3.39900000e-08  3.29873692e+00  3.39900000e-08  0.00000000e+00  3.39900000e-08  0.00000000e+00 
 3.40100000e-08  3.30000002e+00  3.40100000e-08  3.30000002e+00  3.40100000e-08  3.29839978e+00  3.40100000e-08  3.29874702e+00  3.40100000e-08  0.00000000e+00  3.40100000e-08  0.00000000e+00 
 3.40300000e-08  3.30000002e+00  3.40300000e-08  3.30000002e+00  3.40300000e-08  3.29841234e+00  3.40300000e-08  3.29875698e+00  3.40300000e-08  0.00000000e+00  3.40300000e-08  0.00000000e+00 
 3.40500000e-08  3.30000002e+00  3.40500000e-08  3.30000002e+00  3.40500000e-08  3.29842472e+00  3.40500000e-08  3.29876679e+00  3.40500000e-08  0.00000000e+00  3.40500000e-08  0.00000000e+00 
 3.40700000e-08  3.30000001e+00  3.40700000e-08  3.30000002e+00  3.40700000e-08  3.29843692e+00  3.40700000e-08  3.29877646e+00  3.40700000e-08  0.00000000e+00  3.40700000e-08  0.00000000e+00 
 3.40900000e-08  3.30000001e+00  3.40900000e-08  3.30000001e+00  3.40900000e-08  3.29844895e+00  3.40900000e-08  3.29878599e+00  3.40900000e-08  0.00000000e+00  3.40900000e-08  0.00000000e+00 
 3.41100000e-08  3.30000001e+00  3.41100000e-08  3.30000001e+00  3.41100000e-08  3.29846081e+00  3.41100000e-08  3.29879539e+00  3.41100000e-08  0.00000000e+00  3.41100000e-08  0.00000000e+00 
 3.41300000e-08  3.30000001e+00  3.41300000e-08  3.30000001e+00  3.41300000e-08  3.29847250e+00  3.41300000e-08  3.29880466e+00  3.41300000e-08  0.00000000e+00  3.41300000e-08  0.00000000e+00 
 3.41500000e-08  3.30000001e+00  3.41500000e-08  3.30000001e+00  3.41500000e-08  3.29848403e+00  3.41500000e-08  3.29881379e+00  3.41500000e-08  0.00000000e+00  3.41500000e-08  0.00000000e+00 
 3.41700000e-08  3.30000001e+00  3.41700000e-08  3.30000001e+00  3.41700000e-08  3.29849540e+00  3.41700000e-08  3.29882280e+00  3.41700000e-08  0.00000000e+00  3.41700000e-08  0.00000000e+00 
 3.41900000e-08  3.30000001e+00  3.41900000e-08  3.30000001e+00  3.41900000e-08  3.29850661e+00  3.41900000e-08  3.29883168e+00  3.41900000e-08  0.00000000e+00  3.41900000e-08  0.00000000e+00 
 3.42100000e-08  3.30000001e+00  3.42100000e-08  3.30000001e+00  3.42100000e-08  3.29851767e+00  3.42100000e-08  3.29884044e+00  3.42100000e-08  0.00000000e+00  3.42100000e-08  0.00000000e+00 
 3.42300000e-08  3.30000001e+00  3.42300000e-08  3.30000001e+00  3.42300000e-08  3.29852858e+00  3.42300000e-08  3.29884907e+00  3.42300000e-08  0.00000000e+00  3.42300000e-08  0.00000000e+00 
 3.42500000e-08  3.30000001e+00  3.42500000e-08  3.30000001e+00  3.42500000e-08  3.29853934e+00  3.42500000e-08  3.29885760e+00  3.42500000e-08  0.00000000e+00  3.42500000e-08  0.00000000e+00 
 3.42700000e-08  3.30000001e+00  3.42700000e-08  3.30000001e+00  3.42700000e-08  3.29854996e+00  3.42700000e-08  3.29886600e+00  3.42700000e-08  0.00000000e+00  3.42700000e-08  0.00000000e+00 
 3.42900000e-08  3.30000001e+00  3.42900000e-08  3.30000001e+00  3.42900000e-08  3.29856044e+00  3.42900000e-08  3.29887430e+00  3.42900000e-08  0.00000000e+00  3.42900000e-08  0.00000000e+00 
 3.43100000e-08  3.30000001e+00  3.43100000e-08  3.30000001e+00  3.43100000e-08  3.29857077e+00  3.43100000e-08  3.29888248e+00  3.43100000e-08  0.00000000e+00  3.43100000e-08  0.00000000e+00 
 3.43300000e-08  3.30000001e+00  3.43300000e-08  3.30000001e+00  3.43300000e-08  3.29858097e+00  3.43300000e-08  3.29889056e+00  3.43300000e-08  0.00000000e+00  3.43300000e-08  0.00000000e+00 
 3.43500000e-08  3.30000001e+00  3.43500000e-08  3.30000001e+00  3.43500000e-08  3.29859104e+00  3.43500000e-08  3.29889852e+00  3.43500000e-08  0.00000000e+00  3.43500000e-08  0.00000000e+00 
 3.43700000e-08  3.30000001e+00  3.43700000e-08  3.30000001e+00  3.43700000e-08  3.29860097e+00  3.43700000e-08  3.29890639e+00  3.43700000e-08  0.00000000e+00  3.43700000e-08  0.00000000e+00 
 3.43900000e-08  3.30000001e+00  3.43900000e-08  3.30000001e+00  3.43900000e-08  3.29861078e+00  3.43900000e-08  3.29891414e+00  3.43900000e-08  0.00000000e+00  3.43900000e-08  0.00000000e+00 
 3.44100000e-08  3.30000001e+00  3.44100000e-08  3.30000001e+00  3.44100000e-08  3.29862046e+00  3.44100000e-08  3.29892181e+00  3.44100000e-08  0.00000000e+00  3.44100000e-08  0.00000000e+00 
 3.44300000e-08  3.30000001e+00  3.44300000e-08  3.30000001e+00  3.44300000e-08  3.29863002e+00  3.44300000e-08  3.29892936e+00  3.44300000e-08  0.00000000e+00  3.44300000e-08  0.00000000e+00 
 3.44500000e-08  3.30000001e+00  3.44500000e-08  3.30000001e+00  3.44500000e-08  3.29863945e+00  3.44500000e-08  3.29893683e+00  3.44500000e-08  0.00000000e+00  3.44500000e-08  0.00000000e+00 
 3.44700000e-08  3.30000001e+00  3.44700000e-08  3.30000001e+00  3.44700000e-08  3.29864876e+00  3.44700000e-08  3.29894419e+00  3.44700000e-08  0.00000000e+00  3.44700000e-08  0.00000000e+00 
 3.44900000e-08  3.30000001e+00  3.44900000e-08  3.30000001e+00  3.44900000e-08  3.29865796e+00  3.44900000e-08  3.29895147e+00  3.44900000e-08  0.00000000e+00  3.44900000e-08  0.00000000e+00 
 3.45100000e-08  3.30000001e+00  3.45100000e-08  3.30000001e+00  3.45100000e-08  3.29866704e+00  3.45100000e-08  3.29895865e+00  3.45100000e-08  0.00000000e+00  3.45100000e-08  0.00000000e+00 
 3.45300000e-08  3.30000001e+00  3.45300000e-08  3.30000001e+00  3.45300000e-08  3.29867601e+00  3.45300000e-08  3.29896575e+00  3.45300000e-08  0.00000000e+00  3.45300000e-08  0.00000000e+00 
 3.45500000e-08  3.30000001e+00  3.45500000e-08  3.30000001e+00  3.45500000e-08  3.29868487e+00  3.45500000e-08  3.29897274e+00  3.45500000e-08  0.00000000e+00  3.45500000e-08  0.00000000e+00 
 3.45700000e-08  3.30000001e+00  3.45700000e-08  3.30000001e+00  3.45700000e-08  3.29869361e+00  3.45700000e-08  3.29897966e+00  3.45700000e-08  0.00000000e+00  3.45700000e-08  0.00000000e+00 
 3.45900000e-08  3.30000001e+00  3.45900000e-08  3.30000001e+00  3.45900000e-08  3.29870225e+00  3.45900000e-08  3.29898649e+00  3.45900000e-08  0.00000000e+00  3.45900000e-08  0.00000000e+00 
 3.46100000e-08  3.30000001e+00  3.46100000e-08  3.30000001e+00  3.46100000e-08  3.29871079e+00  3.46100000e-08  3.29899324e+00  3.46100000e-08  0.00000000e+00  3.46100000e-08  0.00000000e+00 
 3.46300000e-08  3.30000001e+00  3.46300000e-08  3.30000001e+00  3.46300000e-08  3.29871922e+00  3.46300000e-08  3.29899990e+00  3.46300000e-08  0.00000000e+00  3.46300000e-08  0.00000000e+00 
 3.46500000e-08  3.30000001e+00  3.46500000e-08  3.30000001e+00  3.46500000e-08  3.29872755e+00  3.46500000e-08  3.29900649e+00  3.46500000e-08  0.00000000e+00  3.46500000e-08  0.00000000e+00 
 3.46700000e-08  3.30000001e+00  3.46700000e-08  3.30000001e+00  3.46700000e-08  3.29873578e+00  3.46700000e-08  3.29901299e+00  3.46700000e-08  0.00000000e+00  3.46700000e-08  0.00000000e+00 
 3.46900000e-08  3.30000001e+00  3.46900000e-08  3.30000001e+00  3.46900000e-08  3.29874391e+00  3.46900000e-08  3.29901942e+00  3.46900000e-08  0.00000000e+00  3.46900000e-08  0.00000000e+00 
 3.47100000e-08  3.30000001e+00  3.47100000e-08  3.30000001e+00  3.47100000e-08  3.29875194e+00  3.47100000e-08  3.29902576e+00  3.47100000e-08  0.00000000e+00  3.47100000e-08  0.00000000e+00 
 3.47300000e-08  3.30000001e+00  3.47300000e-08  3.30000001e+00  3.47300000e-08  3.29875988e+00  3.47300000e-08  3.29903204e+00  3.47300000e-08  0.00000000e+00  3.47300000e-08  0.00000000e+00 
 3.47500000e-08  3.30000001e+00  3.47500000e-08  3.30000001e+00  3.47500000e-08  3.29876773e+00  3.47500000e-08  3.29903823e+00  3.47500000e-08  0.00000000e+00  3.47500000e-08  0.00000000e+00 
 3.47700000e-08  3.30000001e+00  3.47700000e-08  3.30000001e+00  3.47700000e-08  3.29877548e+00  3.47700000e-08  3.29904436e+00  3.47700000e-08  0.00000000e+00  3.47700000e-08  0.00000000e+00 
 3.47900000e-08  3.30000001e+00  3.47900000e-08  3.30000001e+00  3.47900000e-08  3.29878315e+00  3.47900000e-08  3.29905041e+00  3.47900000e-08  0.00000000e+00  3.47900000e-08  0.00000000e+00 
 3.48100000e-08  3.30000001e+00  3.48100000e-08  3.30000001e+00  3.48100000e-08  3.29879072e+00  3.48100000e-08  3.29905640e+00  3.48100000e-08  0.00000000e+00  3.48100000e-08  0.00000000e+00 
 3.48300000e-08  3.30000001e+00  3.48300000e-08  3.30000001e+00  3.48300000e-08  3.29879821e+00  3.48300000e-08  3.29906231e+00  3.48300000e-08  0.00000000e+00  3.48300000e-08  0.00000000e+00 
 3.48500000e-08  3.30000001e+00  3.48500000e-08  3.30000001e+00  3.48500000e-08  3.29880561e+00  3.48500000e-08  3.29906816e+00  3.48500000e-08  0.00000000e+00  3.48500000e-08  0.00000000e+00 
 3.48700000e-08  3.30000001e+00  3.48700000e-08  3.30000001e+00  3.48700000e-08  3.29881293e+00  3.48700000e-08  3.29907393e+00  3.48700000e-08  0.00000000e+00  3.48700000e-08  0.00000000e+00 
 3.48900000e-08  3.30000001e+00  3.48900000e-08  3.30000001e+00  3.48900000e-08  3.29882016e+00  3.48900000e-08  3.29907965e+00  3.48900000e-08  0.00000000e+00  3.48900000e-08  0.00000000e+00 
 3.49100000e-08  3.30000001e+00  3.49100000e-08  3.30000001e+00  3.49100000e-08  3.29882732e+00  3.49100000e-08  3.29908529e+00  3.49100000e-08  0.00000000e+00  3.49100000e-08  0.00000000e+00 
 3.49300000e-08  3.30000001e+00  3.49300000e-08  3.30000001e+00  3.49300000e-08  3.29883439e+00  3.49300000e-08  3.29909088e+00  3.49300000e-08  0.00000000e+00  3.49300000e-08  0.00000000e+00 
 3.49500000e-08  3.30000001e+00  3.49500000e-08  3.30000001e+00  3.49500000e-08  3.29884139e+00  3.49500000e-08  3.29909639e+00  3.49500000e-08  0.00000000e+00  3.49500000e-08  0.00000000e+00 
 3.49700000e-08  3.30000001e+00  3.49700000e-08  3.30000001e+00  3.49700000e-08  3.29884830e+00  3.49700000e-08  3.29910185e+00  3.49700000e-08  0.00000000e+00  3.49700000e-08  0.00000000e+00 
 3.49900000e-08  3.30000001e+00  3.49900000e-08  3.30000001e+00  3.49900000e-08  3.29885514e+00  3.49900000e-08  3.29910725e+00  3.49900000e-08  0.00000000e+00  3.49900000e-08  0.00000000e+00 
 3.50100000e-08  3.30000001e+00  3.50100000e-08  3.30000001e+00  3.50100000e-08  3.29886191e+00  3.50100000e-08  3.29911259e+00  3.50100000e-08  0.00000000e+00  3.50100000e-08  0.00000000e+00 
 3.50300000e-08  3.30000001e+00  3.50300000e-08  3.30000001e+00  3.50300000e-08  3.29886860e+00  3.50300000e-08  3.29911786e+00  3.50300000e-08  0.00000000e+00  3.50300000e-08  0.00000000e+00 
 3.50500000e-08  3.30000001e+00  3.50500000e-08  3.30000001e+00  3.50500000e-08  3.29887521e+00  3.50500000e-08  3.29912309e+00  3.50500000e-08  0.00000000e+00  3.50500000e-08  0.00000000e+00 
 3.50700000e-08  3.30000001e+00  3.50700000e-08  3.30000001e+00  3.50700000e-08  3.29888176e+00  3.50700000e-08  3.29912825e+00  3.50700000e-08  0.00000000e+00  3.50700000e-08  0.00000000e+00 
 3.50900000e-08  3.30000001e+00  3.50900000e-08  3.30000001e+00  3.50900000e-08  3.29888823e+00  3.50900000e-08  3.29913336e+00  3.50900000e-08  0.00000000e+00  3.50900000e-08  0.00000000e+00 
 3.51100000e-08  3.30000001e+00  3.51100000e-08  3.30000001e+00  3.51100000e-08  3.29889464e+00  3.51100000e-08  3.29913841e+00  3.51100000e-08  0.00000000e+00  3.51100000e-08  0.00000000e+00 
 3.51300000e-08  3.30000001e+00  3.51300000e-08  3.30000001e+00  3.51300000e-08  3.29890098e+00  3.51300000e-08  3.29914341e+00  3.51300000e-08  0.00000000e+00  3.51300000e-08  0.00000000e+00 
 3.51500000e-08  3.30000001e+00  3.51500000e-08  3.30000001e+00  3.51500000e-08  3.29890725e+00  3.51500000e-08  3.29914835e+00  3.51500000e-08  0.00000000e+00  3.51500000e-08  0.00000000e+00 
 3.51700000e-08  3.30000001e+00  3.51700000e-08  3.30000001e+00  3.51700000e-08  3.29891345e+00  3.51700000e-08  3.29915325e+00  3.51700000e-08  0.00000000e+00  3.51700000e-08  0.00000000e+00 
 3.51900000e-08  3.30000001e+00  3.51900000e-08  3.30000001e+00  3.51900000e-08  3.29891959e+00  3.51900000e-08  3.29915808e+00  3.51900000e-08  0.00000000e+00  3.51900000e-08  0.00000000e+00 
 3.52100000e-08  3.30000001e+00  3.52100000e-08  3.30000001e+00  3.52100000e-08  3.29892566e+00  3.52100000e-08  3.29916287e+00  3.52100000e-08  0.00000000e+00  3.52100000e-08  0.00000000e+00 
 3.52300000e-08  3.30000000e+00  3.52300000e-08  3.30000001e+00  3.52300000e-08  3.29893168e+00  3.52300000e-08  3.29916761e+00  3.52300000e-08  0.00000000e+00  3.52300000e-08  0.00000000e+00 
 3.52500000e-08  3.30000001e+00  3.52500000e-08  3.30000001e+00  3.52500000e-08  3.29893762e+00  3.52500000e-08  3.29917230e+00  3.52500000e-08  0.00000000e+00  3.52500000e-08  0.00000000e+00 
 3.52700000e-08  3.30000000e+00  3.52700000e-08  3.30000001e+00  3.52700000e-08  3.29894351e+00  3.52700000e-08  3.29917693e+00  3.52700000e-08  0.00000000e+00  3.52700000e-08  0.00000000e+00 
 3.52900000e-08  3.30000000e+00  3.52900000e-08  3.30000000e+00  3.52900000e-08  3.29894933e+00  3.52900000e-08  3.29918153e+00  3.52900000e-08  0.00000000e+00  3.52900000e-08  0.00000000e+00 
 3.53100000e-08  3.30000000e+00  3.53100000e-08  3.30000000e+00  3.53100000e-08  3.29895510e+00  3.53100000e-08  3.29918607e+00  3.53100000e-08  0.00000000e+00  3.53100000e-08  0.00000000e+00 
 3.53300000e-08  3.30000000e+00  3.53300000e-08  3.30000000e+00  3.53300000e-08  3.29896080e+00  3.53300000e-08  3.29919057e+00  3.53300000e-08  0.00000000e+00  3.53300000e-08  0.00000000e+00 
 3.53500000e-08  3.30000000e+00  3.53500000e-08  3.30000000e+00  3.53500000e-08  3.29896646e+00  3.53500000e-08  3.29919502e+00  3.53500000e-08  0.00000000e+00  3.53500000e-08  0.00000000e+00 
 3.53700000e-08  3.30000000e+00  3.53700000e-08  3.30000000e+00  3.53700000e-08  3.29897205e+00  3.53700000e-08  3.29919943e+00  3.53700000e-08  0.00000000e+00  3.53700000e-08  0.00000000e+00 
 3.53900000e-08  3.30000000e+00  3.53900000e-08  3.30000000e+00  3.53900000e-08  3.29897758e+00  3.53900000e-08  3.29920379e+00  3.53900000e-08  0.00000000e+00  3.53900000e-08  0.00000000e+00 
 3.54100000e-08  3.30000000e+00  3.54100000e-08  3.30000000e+00  3.54100000e-08  3.29898306e+00  3.54100000e-08  3.29920811e+00  3.54100000e-08  0.00000000e+00  3.54100000e-08  0.00000000e+00 
 3.54300000e-08  3.30000000e+00  3.54300000e-08  3.30000000e+00  3.54300000e-08  3.29898849e+00  3.54300000e-08  3.29921238e+00  3.54300000e-08  0.00000000e+00  3.54300000e-08  0.00000000e+00 
 3.54500000e-08  3.30000000e+00  3.54500000e-08  3.30000000e+00  3.54500000e-08  3.29899386e+00  3.54500000e-08  3.29921661e+00  3.54500000e-08  0.00000000e+00  3.54500000e-08  0.00000000e+00 
 3.54700000e-08  3.30000000e+00  3.54700000e-08  3.30000000e+00  3.54700000e-08  3.29899918e+00  3.54700000e-08  3.29922080e+00  3.54700000e-08  0.00000000e+00  3.54700000e-08  0.00000000e+00 
 3.54900000e-08  3.30000000e+00  3.54900000e-08  3.30000000e+00  3.54900000e-08  3.29900444e+00  3.54900000e-08  3.29922495e+00  3.54900000e-08  0.00000000e+00  3.54900000e-08  0.00000000e+00 
 3.55100000e-08  3.30000000e+00  3.55100000e-08  3.30000000e+00  3.55100000e-08  3.29900966e+00  3.55100000e-08  3.29922905e+00  3.55100000e-08  0.00000000e+00  3.55100000e-08  0.00000000e+00 
 3.55300000e-08  3.30000000e+00  3.55300000e-08  3.30000000e+00  3.55300000e-08  3.29901482e+00  3.55300000e-08  3.29923312e+00  3.55300000e-08  0.00000000e+00  3.55300000e-08  0.00000000e+00 
 3.55500000e-08  3.30000000e+00  3.55500000e-08  3.30000000e+00  3.55500000e-08  3.29901994e+00  3.55500000e-08  3.29923714e+00  3.55500000e-08  0.00000000e+00  3.55500000e-08  0.00000000e+00 
 3.55700000e-08  3.30000000e+00  3.55700000e-08  3.30000000e+00  3.55700000e-08  3.29902500e+00  3.55700000e-08  3.29924113e+00  3.55700000e-08  0.00000000e+00  3.55700000e-08  0.00000000e+00 
 3.55900000e-08  3.30000000e+00  3.55900000e-08  3.30000000e+00  3.55900000e-08  3.29903002e+00  3.55900000e-08  3.29924508e+00  3.55900000e-08  0.00000000e+00  3.55900000e-08  0.00000000e+00 
 3.56100000e-08  3.30000000e+00  3.56100000e-08  3.30000000e+00  3.56100000e-08  3.29903498e+00  3.56100000e-08  3.29924899e+00  3.56100000e-08  0.00000000e+00  3.56100000e-08  0.00000000e+00 
 3.56300000e-08  3.30000000e+00  3.56300000e-08  3.30000000e+00  3.56300000e-08  3.29903991e+00  3.56300000e-08  3.29925286e+00  3.56300000e-08  0.00000000e+00  3.56300000e-08  0.00000000e+00 
 3.56500000e-08  3.30000000e+00  3.56500000e-08  3.30000000e+00  3.56500000e-08  3.29904478e+00  3.56500000e-08  3.29925670e+00  3.56500000e-08  0.00000000e+00  3.56500000e-08  0.00000000e+00 
 3.56700000e-08  3.30000000e+00  3.56700000e-08  3.30000000e+00  3.56700000e-08  3.29904961e+00  3.56700000e-08  3.29926049e+00  3.56700000e-08  0.00000000e+00  3.56700000e-08  0.00000000e+00 
 3.56900000e-08  3.30000000e+00  3.56900000e-08  3.30000000e+00  3.56900000e-08  3.29905439e+00  3.56900000e-08  3.29926426e+00  3.56900000e-08  0.00000000e+00  3.56900000e-08  0.00000000e+00 
 3.57100000e-08  3.30000000e+00  3.57100000e-08  3.30000000e+00  3.57100000e-08  3.29905913e+00  3.57100000e-08  3.29926798e+00  3.57100000e-08  0.00000000e+00  3.57100000e-08  0.00000000e+00 
 3.57300000e-08  3.30000000e+00  3.57300000e-08  3.30000000e+00  3.57300000e-08  3.29906382e+00  3.57300000e-08  3.29927168e+00  3.57300000e-08  0.00000000e+00  3.57300000e-08  0.00000000e+00 
 3.57500000e-08  3.30000000e+00  3.57500000e-08  3.30000000e+00  3.57500000e-08  3.29906847e+00  3.57500000e-08  3.29927533e+00  3.57500000e-08  0.00000000e+00  3.57500000e-08  0.00000000e+00 
 3.57700000e-08  3.30000000e+00  3.57700000e-08  3.30000000e+00  3.57700000e-08  3.29907307e+00  3.57700000e-08  3.29927896e+00  3.57700000e-08  0.00000000e+00  3.57700000e-08  0.00000000e+00 
 3.57900000e-08  3.30000000e+00  3.57900000e-08  3.30000000e+00  3.57900000e-08  3.29907764e+00  3.57900000e-08  3.29928255e+00  3.57900000e-08  0.00000000e+00  3.57900000e-08  0.00000000e+00 
 3.58100000e-08  3.30000000e+00  3.58100000e-08  3.30000000e+00  3.58100000e-08  3.29908216e+00  3.58100000e-08  3.29928611e+00  3.58100000e-08  0.00000000e+00  3.58100000e-08  0.00000000e+00 
 3.58300000e-08  3.30000000e+00  3.58300000e-08  3.30000000e+00  3.58300000e-08  3.29908664e+00  3.58300000e-08  3.29928962e+00  3.58300000e-08  0.00000000e+00  3.58300000e-08  0.00000000e+00 
 3.58500000e-08  3.30000000e+00  3.58500000e-08  3.30000000e+00  3.58500000e-08  3.29909108e+00  3.58500000e-08  3.29929312e+00  3.58500000e-08  0.00000000e+00  3.58500000e-08  0.00000000e+00 
 3.58700000e-08  3.30000000e+00  3.58700000e-08  3.30000000e+00  3.58700000e-08  3.29909548e+00  3.58700000e-08  3.29929658e+00  3.58700000e-08  0.00000000e+00  3.58700000e-08  0.00000000e+00 
 3.58900000e-08  3.30000000e+00  3.58900000e-08  3.30000000e+00  3.58900000e-08  3.29909983e+00  3.58900000e-08  3.29930001e+00  3.58900000e-08  0.00000000e+00  3.58900000e-08  0.00000000e+00 
 3.59100000e-08  3.30000000e+00  3.59100000e-08  3.30000000e+00  3.59100000e-08  3.29910416e+00  3.59100000e-08  3.29930340e+00  3.59100000e-08  0.00000000e+00  3.59100000e-08  0.00000000e+00 
 3.59300000e-08  3.30000000e+00  3.59300000e-08  3.30000000e+00  3.59300000e-08  3.29910844e+00  3.59300000e-08  3.29930677e+00  3.59300000e-08  0.00000000e+00  3.59300000e-08  0.00000000e+00 
 3.59500000e-08  3.30000000e+00  3.59500000e-08  3.30000000e+00  3.59500000e-08  3.29911268e+00  3.59500000e-08  3.29931010e+00  3.59500000e-08  0.00000000e+00  3.59500000e-08  0.00000000e+00 
 3.59700000e-08  3.30000000e+00  3.59700000e-08  3.30000000e+00  3.59700000e-08  3.29911688e+00  3.59700000e-08  3.29931341e+00  3.59700000e-08  0.00000000e+00  3.59700000e-08  0.00000000e+00 
 3.59900000e-08  3.30000000e+00  3.59900000e-08  3.30000000e+00  3.59900000e-08  3.29912106e+00  3.59900000e-08  3.29931668e+00  3.59900000e-08  0.00000000e+00  3.59900000e-08  0.00000000e+00 
 3.60100000e-08  3.30000000e+00  3.60100000e-08  3.30000000e+00  3.60100000e-08  3.29912518e+00  3.60100000e-08  3.29931993e+00  3.60100000e-08  0.00000000e+00  3.60100000e-08  0.00000000e+00 
 3.60300000e-08  3.30000000e+00  3.60300000e-08  3.30000000e+00  3.60300000e-08  3.29912928e+00  3.60300000e-08  3.29932315e+00  3.60300000e-08  0.00000000e+00  3.60300000e-08  0.00000000e+00 
 3.60500000e-08  3.30000000e+00  3.60500000e-08  3.30000000e+00  3.60500000e-08  3.29913334e+00  3.60500000e-08  3.29932634e+00  3.60500000e-08  0.00000000e+00  3.60500000e-08  0.00000000e+00 
 3.60700000e-08  3.30000000e+00  3.60700000e-08  3.30000000e+00  3.60700000e-08  3.29913736e+00  3.60700000e-08  3.29932950e+00  3.60700000e-08  0.00000000e+00  3.60700000e-08  0.00000000e+00 
 3.60900000e-08  3.30000000e+00  3.60900000e-08  3.30000000e+00  3.60900000e-08  3.29914135e+00  3.60900000e-08  3.29933264e+00  3.60900000e-08  0.00000000e+00  3.60900000e-08  0.00000000e+00 
 3.61100000e-08  3.30000000e+00  3.61100000e-08  3.30000000e+00  3.61100000e-08  3.29914531e+00  3.61100000e-08  3.29933574e+00  3.61100000e-08  0.00000000e+00  3.61100000e-08  0.00000000e+00 
 3.61300000e-08  3.30000000e+00  3.61300000e-08  3.30000000e+00  3.61300000e-08  3.29914923e+00  3.61300000e-08  3.29933883e+00  3.61300000e-08  0.00000000e+00  3.61300000e-08  0.00000000e+00 
 3.61500000e-08  3.30000000e+00  3.61500000e-08  3.30000000e+00  3.61500000e-08  3.29915312e+00  3.61500000e-08  3.29934187e+00  3.61500000e-08  0.00000000e+00  3.61500000e-08  0.00000000e+00 
 3.61700000e-08  3.30000000e+00  3.61700000e-08  3.30000000e+00  3.61700000e-08  3.29915697e+00  3.61700000e-08  3.29934491e+00  3.61700000e-08  0.00000000e+00  3.61700000e-08  0.00000000e+00 
 3.61900000e-08  3.30000000e+00  3.61900000e-08  3.30000000e+00  3.61900000e-08  3.29916079e+00  3.61900000e-08  3.29934790e+00  3.61900000e-08  0.00000000e+00  3.61900000e-08  0.00000000e+00 
 3.62100000e-08  3.30000000e+00  3.62100000e-08  3.30000000e+00  3.62100000e-08  3.29916457e+00  3.62100000e-08  3.29935088e+00  3.62100000e-08  0.00000000e+00  3.62100000e-08  0.00000000e+00 
 3.62300000e-08  3.30000000e+00  3.62300000e-08  3.30000000e+00  3.62300000e-08  3.29916833e+00  3.62300000e-08  3.29935383e+00  3.62300000e-08  0.00000000e+00  3.62300000e-08  0.00000000e+00 
 3.62500000e-08  3.30000000e+00  3.62500000e-08  3.30000000e+00  3.62500000e-08  3.29917206e+00  3.62500000e-08  3.29935676e+00  3.62500000e-08  0.00000000e+00  3.62500000e-08  0.00000000e+00 
 3.62700000e-08  3.30000000e+00  3.62700000e-08  3.30000000e+00  3.62700000e-08  3.29917575e+00  3.62700000e-08  3.29935965e+00  3.62700000e-08  0.00000000e+00  3.62700000e-08  0.00000000e+00 
 3.62900000e-08  3.30000000e+00  3.62900000e-08  3.30000000e+00  3.62900000e-08  3.29917941e+00  3.62900000e-08  3.29936253e+00  3.62900000e-08  0.00000000e+00  3.62900000e-08  0.00000000e+00 
 3.63100000e-08  3.30000000e+00  3.63100000e-08  3.30000000e+00  3.63100000e-08  3.29918305e+00  3.63100000e-08  3.29936538e+00  3.63100000e-08  0.00000000e+00  3.63100000e-08  0.00000000e+00 
 3.63300000e-08  3.30000000e+00  3.63300000e-08  3.30000000e+00  3.63300000e-08  3.29918665e+00  3.63300000e-08  3.29936821e+00  3.63300000e-08  0.00000000e+00  3.63300000e-08  0.00000000e+00 
 3.63500000e-08  3.30000000e+00  3.63500000e-08  3.30000000e+00  3.63500000e-08  3.29919022e+00  3.63500000e-08  3.29937101e+00  3.63500000e-08  0.00000000e+00  3.63500000e-08  0.00000000e+00 
 3.63700000e-08  3.30000000e+00  3.63700000e-08  3.30000000e+00  3.63700000e-08  3.29919376e+00  3.63700000e-08  3.29937380e+00  3.63700000e-08  0.00000000e+00  3.63700000e-08  0.00000000e+00 
 3.63900000e-08  3.30000000e+00  3.63900000e-08  3.30000000e+00  3.63900000e-08  3.29919728e+00  3.63900000e-08  3.29937655e+00  3.63900000e-08  0.00000000e+00  3.63900000e-08  0.00000000e+00 
 3.64100000e-08  3.30000000e+00  3.64100000e-08  3.30000000e+00  3.64100000e-08  3.29920076e+00  3.64100000e-08  3.29937929e+00  3.64100000e-08  0.00000000e+00  3.64100000e-08  0.00000000e+00 
 3.64300000e-08  3.30000000e+00  3.64300000e-08  3.30000000e+00  3.64300000e-08  3.29920422e+00  3.64300000e-08  3.29938200e+00  3.64300000e-08  0.00000000e+00  3.64300000e-08  0.00000000e+00 
 3.64500000e-08  3.30000000e+00  3.64500000e-08  3.30000000e+00  3.64500000e-08  3.29920765e+00  3.64500000e-08  3.29938470e+00  3.64500000e-08  0.00000000e+00  3.64500000e-08  0.00000000e+00 
 3.64700000e-08  3.30000000e+00  3.64700000e-08  3.30000000e+00  3.64700000e-08  3.29921105e+00  3.64700000e-08  3.29938736e+00  3.64700000e-08  0.00000000e+00  3.64700000e-08  0.00000000e+00 
 3.64900000e-08  3.30000000e+00  3.64900000e-08  3.30000000e+00  3.64900000e-08  3.29921442e+00  3.64900000e-08  3.29939001e+00  3.64900000e-08  0.00000000e+00  3.64900000e-08  0.00000000e+00 
 3.65100000e-08  3.30000000e+00  3.65100000e-08  3.30000000e+00  3.65100000e-08  3.29921777e+00  3.65100000e-08  3.29939263e+00  3.65100000e-08  0.00000000e+00  3.65100000e-08  0.00000000e+00 
 3.65300000e-08  3.30000000e+00  3.65300000e-08  3.30000000e+00  3.65300000e-08  3.29922109e+00  3.65300000e-08  3.29939524e+00  3.65300000e-08  0.00000000e+00  3.65300000e-08  0.00000000e+00 
 3.65500000e-08  3.30000000e+00  3.65500000e-08  3.30000000e+00  3.65500000e-08  3.29922438e+00  3.65500000e-08  3.29939782e+00  3.65500000e-08  0.00000000e+00  3.65500000e-08  0.00000000e+00 
 3.65700000e-08  3.30000000e+00  3.65700000e-08  3.30000000e+00  3.65700000e-08  3.29922765e+00  3.65700000e-08  3.29940039e+00  3.65700000e-08  0.00000000e+00  3.65700000e-08  0.00000000e+00 
 3.65900000e-08  3.30000000e+00  3.65900000e-08  3.30000000e+00  3.65900000e-08  3.29923089e+00  3.65900000e-08  3.29940293e+00  3.65900000e-08  0.00000000e+00  3.65900000e-08  0.00000000e+00 
 3.66100000e-08  3.30000000e+00  3.66100000e-08  3.30000000e+00  3.66100000e-08  3.29923410e+00  3.66100000e-08  3.29940546e+00  3.66100000e-08  0.00000000e+00  3.66100000e-08  0.00000000e+00 
 3.66300000e-08  3.30000000e+00  3.66300000e-08  3.30000000e+00  3.66300000e-08  3.29923730e+00  3.66300000e-08  3.29940795e+00  3.66300000e-08  0.00000000e+00  3.66300000e-08  0.00000000e+00 
 3.66500000e-08  3.30000000e+00  3.66500000e-08  3.30000000e+00  3.66500000e-08  3.29924046e+00  3.66500000e-08  3.29941044e+00  3.66500000e-08  0.00000000e+00  3.66500000e-08  0.00000000e+00 
 3.66700000e-08  3.30000000e+00  3.66700000e-08  3.30000000e+00  3.66700000e-08  3.29924361e+00  3.66700000e-08  3.29941290e+00  3.66700000e-08  0.00000000e+00  3.66700000e-08  0.00000000e+00 
 3.66900000e-08  3.30000000e+00  3.66900000e-08  3.30000000e+00  3.66900000e-08  3.29924672e+00  3.66900000e-08  3.29941535e+00  3.66900000e-08  0.00000000e+00  3.66900000e-08  0.00000000e+00 
 3.67100000e-08  3.30000000e+00  3.67100000e-08  3.30000000e+00  3.67100000e-08  3.29924982e+00  3.67100000e-08  3.29941777e+00  3.67100000e-08  0.00000000e+00  3.67100000e-08  0.00000000e+00 
 3.67300000e-08  3.30000000e+00  3.67300000e-08  3.30000000e+00  3.67300000e-08  3.29925288e+00  3.67300000e-08  3.29942018e+00  3.67300000e-08  0.00000000e+00  3.67300000e-08  0.00000000e+00 
 3.67500000e-08  3.30000000e+00  3.67500000e-08  3.30000000e+00  3.67500000e-08  3.29925593e+00  3.67500000e-08  3.29942256e+00  3.67500000e-08  0.00000000e+00  3.67500000e-08  0.00000000e+00 
 3.67700000e-08  3.30000000e+00  3.67700000e-08  3.30000000e+00  3.67700000e-08  3.29925895e+00  3.67700000e-08  3.29942494e+00  3.67700000e-08  0.00000000e+00  3.67700000e-08  0.00000000e+00 
 3.67900000e-08  3.30000000e+00  3.67900000e-08  3.30000000e+00  3.67900000e-08  3.29926195e+00  3.67900000e-08  3.29942728e+00  3.67900000e-08  0.00000000e+00  3.67900000e-08  0.00000000e+00 
 3.68100000e-08  3.30000000e+00  3.68100000e-08  3.30000000e+00  3.68100000e-08  3.29926492e+00  3.68100000e-08  3.29942962e+00  3.68100000e-08  0.00000000e+00  3.68100000e-08  0.00000000e+00 
 3.68300000e-08  3.30000000e+00  3.68300000e-08  3.30000000e+00  3.68300000e-08  3.29926788e+00  3.68300000e-08  3.29943193e+00  3.68300000e-08  0.00000000e+00  3.68300000e-08  0.00000000e+00 
 3.68500000e-08  3.30000000e+00  3.68500000e-08  3.30000000e+00  3.68500000e-08  3.29927081e+00  3.68500000e-08  3.29943423e+00  3.68500000e-08  0.00000000e+00  3.68500000e-08  0.00000000e+00 
 3.68700000e-08  3.30000000e+00  3.68700000e-08  3.30000000e+00  3.68700000e-08  3.29927372e+00  3.68700000e-08  3.29943651e+00  3.68700000e-08  0.00000000e+00  3.68700000e-08  0.00000000e+00 
 3.68900000e-08  3.30000000e+00  3.68900000e-08  3.30000000e+00  3.68900000e-08  3.29927660e+00  3.68900000e-08  3.29943878e+00  3.68900000e-08  0.00000000e+00  3.68900000e-08  0.00000000e+00 
 3.69100000e-08  3.30000000e+00  3.69100000e-08  3.30000000e+00  3.69100000e-08  3.29927947e+00  3.69100000e-08  3.29944102e+00  3.69100000e-08  0.00000000e+00  3.69100000e-08  0.00000000e+00 
 3.69300000e-08  3.30000000e+00  3.69300000e-08  3.30000000e+00  3.69300000e-08  3.29928231e+00  3.69300000e-08  3.29944325e+00  3.69300000e-08  0.00000000e+00  3.69300000e-08  0.00000000e+00 
 3.69500000e-08  3.30000000e+00  3.69500000e-08  3.30000000e+00  3.69500000e-08  3.29928514e+00  3.69500000e-08  3.29944546e+00  3.69500000e-08  0.00000000e+00  3.69500000e-08  0.00000000e+00 
 3.69700000e-08  3.30000000e+00  3.69700000e-08  3.30000000e+00  3.69700000e-08  3.29928794e+00  3.69700000e-08  3.29944766e+00  3.69700000e-08  0.00000000e+00  3.69700000e-08  0.00000000e+00 
 3.69900000e-08  3.30000000e+00  3.69900000e-08  3.30000000e+00  3.69900000e-08  3.29929073e+00  3.69900000e-08  3.29944984e+00  3.69900000e-08  0.00000000e+00  3.69900000e-08  0.00000000e+00 
 3.70100000e-08  3.30000000e+00  3.70100000e-08  3.30000000e+00  3.70100000e-08  3.29929348e+00  3.70100000e-08  3.29945200e+00  3.70100000e-08  0.00000000e+00  3.70100000e-08  0.00000000e+00 
 3.70300000e-08  3.30000000e+00  3.70300000e-08  3.30000000e+00  3.70300000e-08  3.29929623e+00  3.70300000e-08  3.29945415e+00  3.70300000e-08  0.00000000e+00  3.70300000e-08  0.00000000e+00 
 3.70500000e-08  3.30000000e+00  3.70500000e-08  3.30000000e+00  3.70500000e-08  3.29929895e+00  3.70500000e-08  3.29945628e+00  3.70500000e-08  0.00000000e+00  3.70500000e-08  0.00000000e+00 
 3.70700000e-08  3.30000000e+00  3.70700000e-08  3.30000000e+00  3.70700000e-08  3.29930165e+00  3.70700000e-08  3.29945839e+00  3.70700000e-08  0.00000000e+00  3.70700000e-08  0.00000000e+00 
 3.70900000e-08  3.30000000e+00  3.70900000e-08  3.30000000e+00  3.70900000e-08  3.29930433e+00  3.70900000e-08  3.29946050e+00  3.70900000e-08  0.00000000e+00  3.70900000e-08  0.00000000e+00 
 3.71100000e-08  3.30000000e+00  3.71100000e-08  3.30000000e+00  3.71100000e-08  3.29930700e+00  3.71100000e-08  3.29946258e+00  3.71100000e-08  0.00000000e+00  3.71100000e-08  0.00000000e+00 
 3.71300000e-08  3.30000000e+00  3.71300000e-08  3.30000000e+00  3.71300000e-08  3.29930963e+00  3.71300000e-08  3.29946465e+00  3.71300000e-08  0.00000000e+00  3.71300000e-08  0.00000000e+00 
 3.71500000e-08  3.30000000e+00  3.71500000e-08  3.30000000e+00  3.71500000e-08  3.29931226e+00  3.71500000e-08  3.29946671e+00  3.71500000e-08  0.00000000e+00  3.71500000e-08  0.00000000e+00 
 3.71700000e-08  3.30000000e+00  3.71700000e-08  3.30000000e+00  3.71700000e-08  3.29931486e+00  3.71700000e-08  3.29946875e+00  3.71700000e-08  0.00000000e+00  3.71700000e-08  0.00000000e+00 
 3.71900000e-08  3.30000000e+00  3.71900000e-08  3.30000000e+00  3.71900000e-08  3.29931746e+00  3.71900000e-08  3.29947077e+00  3.71900000e-08  0.00000000e+00  3.71900000e-08  0.00000000e+00 
 3.72100000e-08  3.30000000e+00  3.72100000e-08  3.30000000e+00  3.72100000e-08  3.29932002e+00  3.72100000e-08  3.29947279e+00  3.72100000e-08  0.00000000e+00  3.72100000e-08  0.00000000e+00 
 3.72300000e-08  3.30000000e+00  3.72300000e-08  3.30000000e+00  3.72300000e-08  3.29932257e+00  3.72300000e-08  3.29947478e+00  3.72300000e-08  0.00000000e+00  3.72300000e-08  0.00000000e+00 
 3.72500000e-08  3.30000000e+00  3.72500000e-08  3.30000000e+00  3.72500000e-08  3.29932510e+00  3.72500000e-08  3.29947677e+00  3.72500000e-08  0.00000000e+00  3.72500000e-08  0.00000000e+00 
 3.72700000e-08  3.30000000e+00  3.72700000e-08  3.30000000e+00  3.72700000e-08  3.29932762e+00  3.72700000e-08  3.29947873e+00  3.72700000e-08  0.00000000e+00  3.72700000e-08  0.00000000e+00 
 3.72900000e-08  3.30000000e+00  3.72900000e-08  3.30000000e+00  3.72900000e-08  3.29933011e+00  3.72900000e-08  3.29948069e+00  3.72900000e-08  0.00000000e+00  3.72900000e-08  0.00000000e+00 
 3.73100000e-08  3.30000000e+00  3.73100000e-08  3.30000000e+00  3.73100000e-08  3.29933260e+00  3.73100000e-08  3.29948263e+00  3.73100000e-08  0.00000000e+00  3.73100000e-08  0.00000000e+00 
 3.73300000e-08  3.30000000e+00  3.73300000e-08  3.30000000e+00  3.73300000e-08  3.29933506e+00  3.73300000e-08  3.29948456e+00  3.73300000e-08  0.00000000e+00  3.73300000e-08  0.00000000e+00 
 3.73500000e-08  3.30000000e+00  3.73500000e-08  3.30000000e+00  3.73500000e-08  3.29933750e+00  3.73500000e-08  3.29948647e+00  3.73500000e-08  0.00000000e+00  3.73500000e-08  0.00000000e+00 
 3.73700000e-08  3.30000000e+00  3.73700000e-08  3.30000000e+00  3.73700000e-08  3.29933993e+00  3.73700000e-08  3.29948837e+00  3.73700000e-08  0.00000000e+00  3.73700000e-08  0.00000000e+00 
 3.73900000e-08  3.30000000e+00  3.73900000e-08  3.30000000e+00  3.73900000e-08  3.29934234e+00  3.73900000e-08  3.29949025e+00  3.73900000e-08  0.00000000e+00  3.73900000e-08  0.00000000e+00 
 3.74100000e-08  3.30000000e+00  3.74100000e-08  3.30000000e+00  3.74100000e-08  3.29934474e+00  3.74100000e-08  3.29949213e+00  3.74100000e-08  0.00000000e+00  3.74100000e-08  0.00000000e+00 
 3.74300000e-08  3.30000000e+00  3.74300000e-08  3.30000000e+00  3.74300000e-08  3.29934712e+00  3.74300000e-08  3.29949399e+00  3.74300000e-08  0.00000000e+00  3.74300000e-08  0.00000000e+00 
 3.74500000e-08  3.30000000e+00  3.74500000e-08  3.30000000e+00  3.74500000e-08  3.29934948e+00  3.74500000e-08  3.29949584e+00  3.74500000e-08  0.00000000e+00  3.74500000e-08  0.00000000e+00 
 3.74700000e-08  3.30000000e+00  3.74700000e-08  3.30000000e+00  3.74700000e-08  3.29935182e+00  3.74700000e-08  3.29949767e+00  3.74700000e-08  0.00000000e+00  3.74700000e-08  0.00000000e+00 
 3.74900000e-08  3.30000000e+00  3.74900000e-08  3.30000000e+00  3.74900000e-08  3.29935415e+00  3.74900000e-08  3.29949950e+00  3.74900000e-08  0.00000000e+00  3.74900000e-08  0.00000000e+00 
 3.75100000e-08  3.30000000e+00  3.75100000e-08  3.30000000e+00  3.75100000e-08  3.29935647e+00  3.75100000e-08  3.29950131e+00  3.75100000e-08  0.00000000e+00  3.75100000e-08  0.00000000e+00 
 3.75300000e-08  3.30000000e+00  3.75300000e-08  3.30000000e+00  3.75300000e-08  3.29935876e+00  3.75300000e-08  3.29950311e+00  3.75300000e-08  0.00000000e+00  3.75300000e-08  0.00000000e+00 
 3.75500000e-08  3.30000000e+00  3.75500000e-08  3.30000000e+00  3.75500000e-08  3.29936105e+00  3.75500000e-08  3.29950489e+00  3.75500000e-08  0.00000000e+00  3.75500000e-08  0.00000000e+00 
 3.75700000e-08  3.30000000e+00  3.75700000e-08  3.30000000e+00  3.75700000e-08  3.29936332e+00  3.75700000e-08  3.29950667e+00  3.75700000e-08  0.00000000e+00  3.75700000e-08  0.00000000e+00 
 3.75900000e-08  3.30000000e+00  3.75900000e-08  3.30000000e+00  3.75900000e-08  3.29936557e+00  3.75900000e-08  3.29950843e+00  3.75900000e-08  0.00000000e+00  3.75900000e-08  0.00000000e+00 
 3.76100000e-08  3.30000000e+00  3.76100000e-08  3.30000000e+00  3.76100000e-08  3.29936781e+00  3.76100000e-08  3.29951018e+00  3.76100000e-08  0.00000000e+00  3.76100000e-08  0.00000000e+00 
 3.76300000e-08  3.30000000e+00  3.76300000e-08  3.30000000e+00  3.76300000e-08  3.29937003e+00  3.76300000e-08  3.29951192e+00  3.76300000e-08  0.00000000e+00  3.76300000e-08  0.00000000e+00 
 3.76500000e-08  3.30000000e+00  3.76500000e-08  3.30000000e+00  3.76500000e-08  3.29937224e+00  3.76500000e-08  3.29951365e+00  3.76500000e-08  0.00000000e+00  3.76500000e-08  0.00000000e+00 
 3.76700000e-08  3.30000000e+00  3.76700000e-08  3.30000000e+00  3.76700000e-08  3.29937443e+00  3.76700000e-08  3.29951536e+00  3.76700000e-08  0.00000000e+00  3.76700000e-08  0.00000000e+00 
 3.76900000e-08  3.30000000e+00  3.76900000e-08  3.30000000e+00  3.76900000e-08  3.29937661e+00  3.76900000e-08  3.29951707e+00  3.76900000e-08  0.00000000e+00  3.76900000e-08  0.00000000e+00 
 3.77100000e-08  3.30000000e+00  3.77100000e-08  3.30000000e+00  3.77100000e-08  3.29937878e+00  3.77100000e-08  3.29951875e+00  3.77100000e-08  0.00000000e+00  3.77100000e-08  0.00000000e+00 
 3.77300000e-08  3.30000000e+00  3.77300000e-08  3.30000000e+00  3.77300000e-08  3.29938092e+00  3.77300000e-08  3.29952044e+00  3.77300000e-08  0.00000000e+00  3.77300000e-08  0.00000000e+00 
 3.77500000e-08  3.30000000e+00  3.77500000e-08  3.30000000e+00  3.77500000e-08  3.29938306e+00  3.77500000e-08  3.29952211e+00  3.77500000e-08  0.00000000e+00  3.77500000e-08  0.00000000e+00 
 3.77700000e-08  3.30000000e+00  3.77700000e-08  3.30000000e+00  3.77700000e-08  3.29938518e+00  3.77700000e-08  3.29952377e+00  3.77700000e-08  0.00000000e+00  3.77700000e-08  0.00000000e+00 
 3.77900000e-08  3.30000000e+00  3.77900000e-08  3.30000000e+00  3.77900000e-08  3.29938729e+00  3.77900000e-08  3.29952541e+00  3.77900000e-08  0.00000000e+00  3.77900000e-08  0.00000000e+00 
 3.78100000e-08  3.30000000e+00  3.78100000e-08  3.30000000e+00  3.78100000e-08  3.29938939e+00  3.78100000e-08  3.29952706e+00  3.78100000e-08  0.00000000e+00  3.78100000e-08  0.00000000e+00 
 3.78300000e-08  3.30000000e+00  3.78300000e-08  3.30000000e+00  3.78300000e-08  3.29939147e+00  3.78300000e-08  3.29952868e+00  3.78300000e-08  0.00000000e+00  3.78300000e-08  0.00000000e+00 
 3.78500000e-08  3.30000000e+00  3.78500000e-08  3.30000000e+00  3.78500000e-08  3.29939353e+00  3.78500000e-08  3.29953030e+00  3.78500000e-08  0.00000000e+00  3.78500000e-08  0.00000000e+00 
 3.78700000e-08  3.30000000e+00  3.78700000e-08  3.30000000e+00  3.78700000e-08  3.29939559e+00  3.78700000e-08  3.29953190e+00  3.78700000e-08  0.00000000e+00  3.78700000e-08  0.00000000e+00 
 3.78900000e-08  3.30000000e+00  3.78900000e-08  3.30000000e+00  3.78900000e-08  3.29939763e+00  3.78900000e-08  3.29953350e+00  3.78900000e-08  0.00000000e+00  3.78900000e-08  0.00000000e+00 
 3.79100000e-08  3.30000000e+00  3.79100000e-08  3.30000000e+00  3.79100000e-08  3.29939966e+00  3.79100000e-08  3.29953508e+00  3.79100000e-08  0.00000000e+00  3.79100000e-08  0.00000000e+00 
 3.79300000e-08  3.30000000e+00  3.79300000e-08  3.30000000e+00  3.79300000e-08  3.29940168e+00  3.79300000e-08  3.29953666e+00  3.79300000e-08  0.00000000e+00  3.79300000e-08  0.00000000e+00 
 3.79500000e-08  3.30000000e+00  3.79500000e-08  3.30000000e+00  3.79500000e-08  3.29940368e+00  3.79500000e-08  3.29953822e+00  3.79500000e-08  0.00000000e+00  3.79500000e-08  0.00000000e+00 
 3.79700000e-08  3.30000000e+00  3.79700000e-08  3.30000000e+00  3.79700000e-08  3.29940567e+00  3.79700000e-08  3.29953978e+00  3.79700000e-08  0.00000000e+00  3.79700000e-08  0.00000000e+00 
 3.79900000e-08  3.30000000e+00  3.79900000e-08  3.30000000e+00  3.79900000e-08  3.29940765e+00  3.79900000e-08  3.29954132e+00  3.79900000e-08  0.00000000e+00  3.79900000e-08  0.00000000e+00 
 3.80100000e-08  3.30000000e+00  3.80100000e-08  3.30000000e+00  3.80100000e-08  3.29940961e+00  3.80100000e-08  3.29954286e+00  3.80100000e-08  0.00000000e+00  3.80100000e-08  0.00000000e+00 
 3.80300000e-08  3.30000000e+00  3.80300000e-08  3.30000000e+00  3.80300000e-08  3.29941157e+00  3.80300000e-08  3.29954439e+00  3.80300000e-08  0.00000000e+00  3.80300000e-08  0.00000000e+00 
 3.80500000e-08  3.30000000e+00  3.80500000e-08  3.30000000e+00  3.80500000e-08  3.29941351e+00  3.80500000e-08  3.29954591e+00  3.80500000e-08  0.00000000e+00  3.80500000e-08  0.00000000e+00 
 3.80700000e-08  3.30000000e+00  3.80700000e-08  3.30000000e+00  3.80700000e-08  3.29941544e+00  3.80700000e-08  3.29954741e+00  3.80700000e-08  0.00000000e+00  3.80700000e-08  0.00000000e+00 
 3.80900000e-08  3.30000000e+00  3.80900000e-08  3.30000000e+00  3.80900000e-08  3.29941735e+00  3.80900000e-08  3.29954891e+00  3.80900000e-08  0.00000000e+00  3.80900000e-08  0.00000000e+00 
 3.81100000e-08  3.30000000e+00  3.81100000e-08  3.30000000e+00  3.81100000e-08  3.29941926e+00  3.81100000e-08  3.29955039e+00  3.81100000e-08  0.00000000e+00  3.81100000e-08  0.00000000e+00 
 3.81300000e-08  3.30000000e+00  3.81300000e-08  3.30000000e+00  3.81300000e-08  3.29942115e+00  3.81300000e-08  3.29955188e+00  3.81300000e-08  0.00000000e+00  3.81300000e-08  0.00000000e+00 
 3.81500000e-08  3.30000000e+00  3.81500000e-08  3.30000000e+00  3.81500000e-08  3.29942303e+00  3.81500000e-08  3.29955334e+00  3.81500000e-08  0.00000000e+00  3.81500000e-08  0.00000000e+00 
 3.81700000e-08  3.30000000e+00  3.81700000e-08  3.30000000e+00  3.81700000e-08  3.29942490e+00  3.81700000e-08  3.29955481e+00  3.81700000e-08  0.00000000e+00  3.81700000e-08  0.00000000e+00 
 3.81900000e-08  3.30000000e+00  3.81900000e-08  3.30000000e+00  3.81900000e-08  3.29942676e+00  3.81900000e-08  3.29955625e+00  3.81900000e-08  0.00000000e+00  3.81900000e-08  0.00000000e+00 
 3.82100000e-08  3.30000000e+00  3.82100000e-08  3.30000000e+00  3.82100000e-08  3.29942861e+00  3.82100000e-08  3.29955770e+00  3.82100000e-08  0.00000000e+00  3.82100000e-08  0.00000000e+00 
 3.82300000e-08  3.30000000e+00  3.82300000e-08  3.30000000e+00  3.82300000e-08  3.29943044e+00  3.82300000e-08  3.29955913e+00  3.82300000e-08  0.00000000e+00  3.82300000e-08  0.00000000e+00 
 3.82500000e-08  3.30000000e+00  3.82500000e-08  3.30000000e+00  3.82500000e-08  3.29943227e+00  3.82500000e-08  3.29956056e+00  3.82500000e-08  0.00000000e+00  3.82500000e-08  0.00000000e+00 
 3.82700000e-08  3.30000000e+00  3.82700000e-08  3.30000000e+00  3.82700000e-08  3.29943408e+00  3.82700000e-08  3.29956197e+00  3.82700000e-08  0.00000000e+00  3.82700000e-08  0.00000000e+00 
 3.82900000e-08  3.30000000e+00  3.82900000e-08  3.30000000e+00  3.82900000e-08  3.29943588e+00  3.82900000e-08  3.29956338e+00  3.82900000e-08  0.00000000e+00  3.82900000e-08  0.00000000e+00 
 3.83100000e-08  3.30000000e+00  3.83100000e-08  3.30000000e+00  3.83100000e-08  3.29943768e+00  3.83100000e-08  3.29956478e+00  3.83100000e-08  0.00000000e+00  3.83100000e-08  0.00000000e+00 
 3.83300000e-08  3.30000000e+00  3.83300000e-08  3.30000000e+00  3.83300000e-08  3.29943945e+00  3.83300000e-08  3.29956617e+00  3.83300000e-08  0.00000000e+00  3.83300000e-08  0.00000000e+00 
 3.83500000e-08  3.30000000e+00  3.83500000e-08  3.30000000e+00  3.83500000e-08  3.29944123e+00  3.83500000e-08  3.29956755e+00  3.83500000e-08  0.00000000e+00  3.83500000e-08  0.00000000e+00 
 3.83700000e-08  3.30000000e+00  3.83700000e-08  3.30000000e+00  3.83700000e-08  3.29944298e+00  3.83700000e-08  3.29956893e+00  3.83700000e-08  0.00000000e+00  3.83700000e-08  0.00000000e+00 
 3.83900000e-08  3.30000000e+00  3.83900000e-08  3.30000000e+00  3.83900000e-08  3.29944474e+00  3.83900000e-08  3.29957029e+00  3.83900000e-08  0.00000000e+00  3.83900000e-08  0.00000000e+00 
 3.84100000e-08  3.30000000e+00  3.84100000e-08  3.30000000e+00  3.84100000e-08  3.29944647e+00  3.84100000e-08  3.29957165e+00  3.84100000e-08  0.00000000e+00  3.84100000e-08  0.00000000e+00 
 3.84300000e-08  3.30000000e+00  3.84300000e-08  3.30000000e+00  3.84300000e-08  3.29944820e+00  3.84300000e-08  3.29957300e+00  3.84300000e-08  0.00000000e+00  3.84300000e-08  0.00000000e+00 
 3.84500000e-08  3.30000000e+00  3.84500000e-08  3.30000000e+00  3.84500000e-08  3.29944992e+00  3.84500000e-08  3.29957434e+00  3.84500000e-08  0.00000000e+00  3.84500000e-08  0.00000000e+00 
 3.84700000e-08  3.30000000e+00  3.84700000e-08  3.30000000e+00  3.84700000e-08  3.29945163e+00  3.84700000e-08  3.29957567e+00  3.84700000e-08  0.00000000e+00  3.84700000e-08  0.00000000e+00 
 3.84900000e-08  3.30000000e+00  3.84900000e-08  3.30000000e+00  3.84900000e-08  3.29945333e+00  3.84900000e-08  3.29957700e+00  3.84900000e-08  0.00000000e+00  3.84900000e-08  0.00000000e+00 
 3.85100000e-08  3.30000000e+00  3.85100000e-08  3.30000000e+00  3.85100000e-08  3.29945502e+00  3.85100000e-08  3.29957831e+00  3.85100000e-08  0.00000000e+00  3.85100000e-08  0.00000000e+00 
 3.85300000e-08  3.30000000e+00  3.85300000e-08  3.30000000e+00  3.85300000e-08  3.29945669e+00  3.85300000e-08  3.29957963e+00  3.85300000e-08  0.00000000e+00  3.85300000e-08  0.00000000e+00 
 3.85500000e-08  3.30000000e+00  3.85500000e-08  3.30000000e+00  3.85500000e-08  3.29945836e+00  3.85500000e-08  3.29958093e+00  3.85500000e-08  0.00000000e+00  3.85500000e-08  0.00000000e+00 
 3.85700000e-08  3.30000000e+00  3.85700000e-08  3.30000000e+00  3.85700000e-08  3.29946002e+00  3.85700000e-08  3.29958222e+00  3.85700000e-08  0.00000000e+00  3.85700000e-08  0.00000000e+00 
 3.85900000e-08  3.30000000e+00  3.85900000e-08  3.30000000e+00  3.85900000e-08  3.29946167e+00  3.85900000e-08  3.29958351e+00  3.85900000e-08  0.00000000e+00  3.85900000e-08  0.00000000e+00 
 3.86100000e-08  3.30000000e+00  3.86100000e-08  3.30000000e+00  3.86100000e-08  3.29946331e+00  3.86100000e-08  3.29958479e+00  3.86100000e-08  0.00000000e+00  3.86100000e-08  0.00000000e+00 
 3.86300000e-08  3.30000000e+00  3.86300000e-08  3.30000000e+00  3.86300000e-08  3.29946494e+00  3.86300000e-08  3.29958606e+00  3.86300000e-08  0.00000000e+00  3.86300000e-08  0.00000000e+00 
 3.86500000e-08  3.30000000e+00  3.86500000e-08  3.30000000e+00  3.86500000e-08  3.29946656e+00  3.86500000e-08  3.29958733e+00  3.86500000e-08  0.00000000e+00  3.86500000e-08  0.00000000e+00 
 3.86700000e-08  3.30000000e+00  3.86700000e-08  3.30000000e+00  3.86700000e-08  3.29946818e+00  3.86700000e-08  3.29958858e+00  3.86700000e-08  0.00000000e+00  3.86700000e-08  0.00000000e+00 
 3.86900000e-08  3.30000000e+00  3.86900000e-08  3.30000000e+00  3.86900000e-08  3.29946977e+00  3.86900000e-08  3.29958984e+00  3.86900000e-08  0.00000000e+00  3.86900000e-08  0.00000000e+00 
 3.87100000e-08  3.30000000e+00  3.87100000e-08  3.30000000e+00  3.87100000e-08  3.29947137e+00  3.87100000e-08  3.29959107e+00  3.87100000e-08  0.00000000e+00  3.87100000e-08  0.00000000e+00 
 3.87300000e-08  3.30000000e+00  3.87300000e-08  3.30000000e+00  3.87300000e-08  3.29947295e+00  3.87300000e-08  3.29959231e+00  3.87300000e-08  0.00000000e+00  3.87300000e-08  0.00000000e+00 
 3.87500000e-08  3.30000000e+00  3.87500000e-08  3.30000000e+00  3.87500000e-08  3.29947453e+00  3.87500000e-08  3.29959354e+00  3.87500000e-08  0.00000000e+00  3.87500000e-08  0.00000000e+00 
 3.87700000e-08  3.30000000e+00  3.87700000e-08  3.30000000e+00  3.87700000e-08  3.29947609e+00  3.87700000e-08  3.29959476e+00  3.87700000e-08  0.00000000e+00  3.87700000e-08  0.00000000e+00 
 3.87900000e-08  3.30000000e+00  3.87900000e-08  3.30000000e+00  3.87900000e-08  3.29947765e+00  3.87900000e-08  3.29959598e+00  3.87900000e-08  0.00000000e+00  3.87900000e-08  0.00000000e+00 
 3.88100000e-08  3.30000000e+00  3.88100000e-08  3.30000000e+00  3.88100000e-08  3.29947920e+00  3.88100000e-08  3.29959719e+00  3.88100000e-08  0.00000000e+00  3.88100000e-08  0.00000000e+00 
 3.88300000e-08  3.30000000e+00  3.88300000e-08  3.30000000e+00  3.88300000e-08  3.29948074e+00  3.88300000e-08  3.29959838e+00  3.88300000e-08  0.00000000e+00  3.88300000e-08  0.00000000e+00 
 3.88500000e-08  3.30000000e+00  3.88500000e-08  3.30000000e+00  3.88500000e-08  3.29948227e+00  3.88500000e-08  3.29959958e+00  3.88500000e-08  0.00000000e+00  3.88500000e-08  0.00000000e+00 
 3.88700000e-08  3.30000000e+00  3.88700000e-08  3.30000000e+00  3.88700000e-08  3.29948380e+00  3.88700000e-08  3.29960077e+00  3.88700000e-08  0.00000000e+00  3.88700000e-08  0.00000000e+00 
 3.88900000e-08  3.30000000e+00  3.88900000e-08  3.30000000e+00  3.88900000e-08  3.29948531e+00  3.88900000e-08  3.29960195e+00  3.88900000e-08  0.00000000e+00  3.88900000e-08  0.00000000e+00 
 3.89100000e-08  3.30000000e+00  3.89100000e-08  3.30000000e+00  3.89100000e-08  3.29948682e+00  3.89100000e-08  3.29960312e+00  3.89100000e-08  0.00000000e+00  3.89100000e-08  0.00000000e+00 
 3.89300000e-08  3.30000000e+00  3.89300000e-08  3.30000000e+00  3.89300000e-08  3.29948831e+00  3.89300000e-08  3.29960429e+00  3.89300000e-08  0.00000000e+00  3.89300000e-08  0.00000000e+00 
 3.89500000e-08  3.30000000e+00  3.89500000e-08  3.30000000e+00  3.89500000e-08  3.29948980e+00  3.89500000e-08  3.29960545e+00  3.89500000e-08  0.00000000e+00  3.89500000e-08  0.00000000e+00 
 3.89700000e-08  3.30000000e+00  3.89700000e-08  3.30000000e+00  3.89700000e-08  3.29949128e+00  3.89700000e-08  3.29960661e+00  3.89700000e-08  0.00000000e+00  3.89700000e-08  0.00000000e+00 
 3.89900000e-08  3.30000000e+00  3.89900000e-08  3.30000000e+00  3.89900000e-08  3.29949276e+00  3.89900000e-08  3.29960775e+00  3.89900000e-08  0.00000000e+00  3.89900000e-08  0.00000000e+00 
 3.90100000e-08  3.30000000e+00  3.90100000e-08  3.30000000e+00  3.90100000e-08  3.29949422e+00  3.90100000e-08  3.29960890e+00  3.90100000e-08  0.00000000e+00  3.90100000e-08  0.00000000e+00 
 3.90300000e-08  3.30000000e+00  3.90300000e-08  3.30000000e+00  3.90300000e-08  3.29949568e+00  3.90300000e-08  3.29961003e+00  3.90300000e-08  0.00000000e+00  3.90300000e-08  0.00000000e+00 
 3.90500000e-08  3.30000000e+00  3.90500000e-08  3.30000000e+00  3.90500000e-08  3.29949712e+00  3.90500000e-08  3.29961116e+00  3.90500000e-08  0.00000000e+00  3.90500000e-08  0.00000000e+00 
 3.90700000e-08  3.30000000e+00  3.90700000e-08  3.30000000e+00  3.90700000e-08  3.29949857e+00  3.90700000e-08  3.29961228e+00  3.90700000e-08  0.00000000e+00  3.90700000e-08  0.00000000e+00 
 3.90900000e-08  3.30000000e+00  3.90900000e-08  3.30000000e+00  3.90900000e-08  3.29950000e+00  3.90900000e-08  3.29961340e+00  3.90900000e-08  0.00000000e+00  3.90900000e-08  0.00000000e+00 
 3.91100000e-08  3.30000000e+00  3.91100000e-08  3.30000000e+00  3.91100000e-08  3.29950143e+00  3.91100000e-08  3.29961451e+00  3.91100000e-08  0.00000000e+00  3.91100000e-08  0.00000000e+00 
 3.91300000e-08  3.30000000e+00  3.91300000e-08  3.30000000e+00  3.91300000e-08  3.29950284e+00  3.91300000e-08  3.29961562e+00  3.91300000e-08  0.00000000e+00  3.91300000e-08  0.00000000e+00 
 3.91500000e-08  3.30000000e+00  3.91500000e-08  3.30000000e+00  3.91500000e-08  3.29950425e+00  3.91500000e-08  3.29961671e+00  3.91500000e-08  0.00000000e+00  3.91500000e-08  0.00000000e+00 
 3.91700000e-08  3.30000000e+00  3.91700000e-08  3.30000000e+00  3.91700000e-08  3.29950565e+00  3.91700000e-08  3.29961781e+00  3.91700000e-08  0.00000000e+00  3.91700000e-08  0.00000000e+00 
 3.91900000e-08  3.30000000e+00  3.91900000e-08  3.30000000e+00  3.91900000e-08  3.29950705e+00  3.91900000e-08  3.29961889e+00  3.91900000e-08  0.00000000e+00  3.91900000e-08  0.00000000e+00 
 3.92100000e-08  3.30000000e+00  3.92100000e-08  3.30000000e+00  3.92100000e-08  3.29950843e+00  3.92100000e-08  3.29961998e+00  3.92100000e-08  0.00000000e+00  3.92100000e-08  0.00000000e+00 
 3.92300000e-08  3.30000000e+00  3.92300000e-08  3.30000000e+00  3.92300000e-08  3.29950982e+00  3.92300000e-08  3.29962105e+00  3.92300000e-08  0.00000000e+00  3.92300000e-08  0.00000000e+00 
 3.92500000e-08  3.30000000e+00  3.92500000e-08  3.30000000e+00  3.92500000e-08  3.29951119e+00  3.92500000e-08  3.29962212e+00  3.92500000e-08  0.00000000e+00  3.92500000e-08  0.00000000e+00 
 3.92700000e-08  3.30000000e+00  3.92700000e-08  3.30000000e+00  3.92700000e-08  3.29951256e+00  3.92700000e-08  3.29962318e+00  3.92700000e-08  0.00000000e+00  3.92700000e-08  0.00000000e+00 
 3.92900000e-08  3.30000000e+00  3.92900000e-08  3.30000000e+00  3.92900000e-08  3.29951391e+00  3.92900000e-08  3.29962425e+00  3.92900000e-08  0.00000000e+00  3.92900000e-08  0.00000000e+00 
 3.93100000e-08  3.30000000e+00  3.93100000e-08  3.30000000e+00  3.93100000e-08  3.29951526e+00  3.93100000e-08  3.29962529e+00  3.93100000e-08  0.00000000e+00  3.93100000e-08  0.00000000e+00 
 3.93300000e-08  3.30000000e+00  3.93300000e-08  3.30000000e+00  3.93300000e-08  3.29951660e+00  3.93300000e-08  3.29962635e+00  3.93300000e-08  0.00000000e+00  3.93300000e-08  0.00000000e+00 
 3.93500000e-08  3.30000000e+00  3.93500000e-08  3.30000000e+00  3.93500000e-08  3.29951794e+00  3.93500000e-08  3.29962738e+00  3.93500000e-08  0.00000000e+00  3.93500000e-08  0.00000000e+00 
 3.93700000e-08  3.30000000e+00  3.93700000e-08  3.30000000e+00  3.93700000e-08  3.29951927e+00  3.93700000e-08  3.29962842e+00  3.93700000e-08  0.00000000e+00  3.93700000e-08  0.00000000e+00 
 3.93900000e-08  3.30000000e+00  3.93900000e-08  3.30000000e+00  3.93900000e-08  3.29952060e+00  3.93900000e-08  3.29962945e+00  3.93900000e-08  0.00000000e+00  3.93900000e-08  0.00000000e+00 
 3.94100000e-08  3.30000000e+00  3.94100000e-08  3.30000000e+00  3.94100000e-08  3.29952191e+00  3.94100000e-08  3.29963048e+00  3.94100000e-08  0.00000000e+00  3.94100000e-08  0.00000000e+00 
 3.94300000e-08  3.30000000e+00  3.94300000e-08  3.30000000e+00  3.94300000e-08  3.29952322e+00  3.94300000e-08  3.29963149e+00  3.94300000e-08  0.00000000e+00  3.94300000e-08  0.00000000e+00 
 3.94500000e-08  3.30000000e+00  3.94500000e-08  3.30000000e+00  3.94500000e-08  3.29952452e+00  3.94500000e-08  3.29963251e+00  3.94500000e-08  0.00000000e+00  3.94500000e-08  0.00000000e+00 
 3.94700000e-08  3.30000000e+00  3.94700000e-08  3.30000000e+00  3.94700000e-08  3.29952582e+00  3.94700000e-08  3.29963352e+00  3.94700000e-08  0.00000000e+00  3.94700000e-08  0.00000000e+00 
 3.94900000e-08  3.30000000e+00  3.94900000e-08  3.30000000e+00  3.94900000e-08  3.29952710e+00  3.94900000e-08  3.29963452e+00  3.94900000e-08  0.00000000e+00  3.94900000e-08  0.00000000e+00 
 3.95100000e-08  3.30000000e+00  3.95100000e-08  3.30000000e+00  3.95100000e-08  3.29952839e+00  3.95100000e-08  3.29963552e+00  3.95100000e-08  0.00000000e+00  3.95100000e-08  0.00000000e+00 
 3.95300000e-08  3.30000000e+00  3.95300000e-08  3.30000000e+00  3.95300000e-08  3.29952966e+00  3.95300000e-08  3.29963652e+00  3.95300000e-08  0.00000000e+00  3.95300000e-08  0.00000000e+00 
 3.95500000e-08  3.30000000e+00  3.95500000e-08  3.30000000e+00  3.95500000e-08  3.29953093e+00  3.95500000e-08  3.29963750e+00  3.95500000e-08  0.00000000e+00  3.95500000e-08  0.00000000e+00 
 3.95700000e-08  3.30000000e+00  3.95700000e-08  3.30000000e+00  3.95700000e-08  3.29953219e+00  3.95700000e-08  3.29963849e+00  3.95700000e-08  0.00000000e+00  3.95700000e-08  0.00000000e+00 
 3.95900000e-08  3.30000000e+00  3.95900000e-08  3.30000000e+00  3.95900000e-08  3.29953345e+00  3.95900000e-08  3.29963946e+00  3.95900000e-08  0.00000000e+00  3.95900000e-08  0.00000000e+00 
 3.96100000e-08  3.30000000e+00  3.96100000e-08  3.30000000e+00  3.96100000e-08  3.29953470e+00  3.96100000e-08  3.29964044e+00  3.96100000e-08  0.00000000e+00  3.96100000e-08  0.00000000e+00 
 3.96300000e-08  3.30000000e+00  3.96300000e-08  3.30000000e+00  3.96300000e-08  3.29953594e+00  3.96300000e-08  3.29964140e+00  3.96300000e-08  0.00000000e+00  3.96300000e-08  0.00000000e+00 
 3.96500000e-08  3.30000000e+00  3.96500000e-08  3.30000000e+00  3.96500000e-08  3.29953718e+00  3.96500000e-08  3.29964237e+00  3.96500000e-08  0.00000000e+00  3.96500000e-08  0.00000000e+00 
 3.96700000e-08  3.30000000e+00  3.96700000e-08  3.30000000e+00  3.96700000e-08  3.29953841e+00  3.96700000e-08  3.29964332e+00  3.96700000e-08  0.00000000e+00  3.96700000e-08  0.00000000e+00 
 3.96900000e-08  3.30000000e+00  3.96900000e-08  3.30000000e+00  3.96900000e-08  3.29953963e+00  3.96900000e-08  3.29964428e+00  3.96900000e-08  0.00000000e+00  3.96900000e-08  0.00000000e+00 
 3.97100000e-08  3.30000000e+00  3.97100000e-08  3.30000000e+00  3.97100000e-08  3.29954085e+00  3.97100000e-08  3.29964523e+00  3.97100000e-08  0.00000000e+00  3.97100000e-08  0.00000000e+00 
 3.97300000e-08  3.30000000e+00  3.97300000e-08  3.30000000e+00  3.97300000e-08  3.29954206e+00  3.97300000e-08  3.29964617e+00  3.97300000e-08  0.00000000e+00  3.97300000e-08  0.00000000e+00 
 3.97500000e-08  3.30000000e+00  3.97500000e-08  3.30000000e+00  3.97500000e-08  3.29954327e+00  3.97500000e-08  3.29964711e+00  3.97500000e-08  0.00000000e+00  3.97500000e-08  0.00000000e+00 
 3.97700000e-08  3.30000000e+00  3.97700000e-08  3.30000000e+00  3.97700000e-08  3.29954447e+00  3.97700000e-08  3.29964805e+00  3.97700000e-08  0.00000000e+00  3.97700000e-08  0.00000000e+00 
 3.97900000e-08  3.30000000e+00  3.97900000e-08  3.30000000e+00  3.97900000e-08  3.29954567e+00  3.97900000e-08  3.29964897e+00  3.97900000e-08  0.00000000e+00  3.97900000e-08  0.00000000e+00 
 3.98100000e-08  3.30000000e+00  3.98100000e-08  3.30000000e+00  3.98100000e-08  3.29954685e+00  3.98100000e-08  3.29964990e+00  3.98100000e-08  0.00000000e+00  3.98100000e-08  0.00000000e+00 
 3.98300000e-08  3.30000000e+00  3.98300000e-08  3.30000000e+00  3.98300000e-08  3.29954804e+00  3.98300000e-08  3.29965082e+00  3.98300000e-08  0.00000000e+00  3.98300000e-08  0.00000000e+00 
 3.98500000e-08  3.30000000e+00  3.98500000e-08  3.30000000e+00  3.98500000e-08  3.29954921e+00  3.98500000e-08  3.29965174e+00  3.98500000e-08  0.00000000e+00  3.98500000e-08  0.00000000e+00 
 3.98700000e-08  3.30000000e+00  3.98700000e-08  3.30000000e+00  3.98700000e-08  3.29955038e+00  3.98700000e-08  3.29965264e+00  3.98700000e-08  0.00000000e+00  3.98700000e-08  0.00000000e+00 
 3.98900000e-08  3.30000000e+00  3.98900000e-08  3.30000000e+00  3.98900000e-08  3.29955154e+00  3.98900000e-08  3.29965355e+00  3.98900000e-08  0.00000000e+00  3.98900000e-08  0.00000000e+00 
 3.99100000e-08  3.30000000e+00  3.99100000e-08  3.30000000e+00  3.99100000e-08  3.29955271e+00  3.99100000e-08  3.29965445e+00  3.99100000e-08  0.00000000e+00  3.99100000e-08  0.00000000e+00 
 3.99300000e-08  3.30000000e+00  3.99300000e-08  3.30000000e+00  3.99300000e-08  3.29955386e+00  3.99300000e-08  3.29965535e+00  3.99300000e-08  0.00000000e+00  3.99300000e-08  0.00000000e+00 
 3.99500000e-08  3.30000000e+00  3.99500000e-08  3.30000000e+00  3.99500000e-08  3.29955501e+00  3.99500000e-08  3.29965624e+00  3.99500000e-08  0.00000000e+00  3.99500000e-08  0.00000000e+00 
 3.99700000e-08  3.30000000e+00  3.99700000e-08  3.30000000e+00  3.99700000e-08  3.29955615e+00  3.99700000e-08  3.29965713e+00  3.99700000e-08  0.00000000e+00  3.99700000e-08  0.00000000e+00 
 3.99900000e-08  3.30000000e+00  3.99900000e-08  3.30000000e+00  3.99900000e-08  3.29955729e+00  3.99900000e-08  3.29965801e+00  3.99900000e-08  0.00000000e+00  3.99900000e-08  0.00000000e+00 
 4.00100000e-08  3.30000000e+00  4.00100000e-08  3.30000000e+00  4.00100000e-08  3.29955841e+00  4.00100000e-08  3.29965890e+00  4.00100000e-08  0.00000000e+00  4.00100000e-08  0.00000000e+00 
 4.00300000e-08  3.30000000e+00  4.00300000e-08  3.30000000e+00  4.00300000e-08  3.29955954e+00  4.00300000e-08  3.29965977e+00  4.00300000e-08  0.00000000e+00  4.00300000e-08  0.00000000e+00 
 4.00500000e-08  3.30000000e+00  4.00500000e-08  3.30000000e+00  4.00500000e-08  3.29956066e+00  4.00500000e-08  3.29966065e+00  4.00500000e-08  0.00000000e+00  4.00500000e-08  0.00000000e+00 
 4.00700000e-08  3.30000000e+00  4.00700000e-08  3.30000000e+00  4.00700000e-08  3.29956178e+00  4.00700000e-08  3.29966151e+00  4.00700000e-08  0.00000000e+00  4.00700000e-08  0.00000000e+00 
 4.00900000e-08  3.30000000e+00  4.00900000e-08  3.30000000e+00  4.00900000e-08  3.29956288e+00  4.00900000e-08  3.29966237e+00  4.00900000e-08  0.00000000e+00  4.00900000e-08  0.00000000e+00 
 4.01100000e-08  3.30000000e+00  4.01100000e-08  3.30000000e+00  4.01100000e-08  3.29956399e+00  4.01100000e-08  3.29966323e+00  4.01100000e-08  0.00000000e+00  4.01100000e-08  0.00000000e+00 
 4.01300000e-08  3.30000000e+00  4.01300000e-08  3.30000000e+00  4.01300000e-08  3.29956508e+00  4.01300000e-08  3.29966409e+00  4.01300000e-08  0.00000000e+00  4.01300000e-08  0.00000000e+00 
 4.01500000e-08  3.30000000e+00  4.01500000e-08  3.30000000e+00  4.01500000e-08  3.29956618e+00  4.01500000e-08  3.29966494e+00  4.01500000e-08  0.00000000e+00  4.01500000e-08  0.00000000e+00 
 4.01700000e-08  3.30000000e+00  4.01700000e-08  3.30000000e+00  4.01700000e-08  3.29956726e+00  4.01700000e-08  3.29966578e+00  4.01700000e-08  0.00000000e+00  4.01700000e-08  0.00000000e+00 
 4.01900000e-08  3.30000000e+00  4.01900000e-08  3.30000000e+00  4.01900000e-08  3.29956835e+00  4.01900000e-08  3.29966662e+00  4.01900000e-08  0.00000000e+00  4.01900000e-08  0.00000000e+00 
 4.02100000e-08  3.30000000e+00  4.02100000e-08  3.30000000e+00  4.02100000e-08  3.29956942e+00  4.02100000e-08  3.29966747e+00  4.02100000e-08  0.00000000e+00  4.02100000e-08  0.00000000e+00 
 4.02300000e-08  3.30000000e+00  4.02300000e-08  3.30000000e+00  4.02300000e-08  3.29957050e+00  4.02300000e-08  3.29966830e+00  4.02300000e-08  0.00000000e+00  4.02300000e-08  0.00000000e+00 
 4.02500000e-08  3.30000000e+00  4.02500000e-08  3.30000000e+00  4.02500000e-08  3.29957156e+00  4.02500000e-08  3.29966913e+00  4.02500000e-08  0.00000000e+00  4.02500000e-08  0.00000000e+00 
 4.02700000e-08  3.30000000e+00  4.02700000e-08  3.30000000e+00  4.02700000e-08  3.29957263e+00  4.02700000e-08  3.29966995e+00  4.02700000e-08  0.00000000e+00  4.02700000e-08  0.00000000e+00 
 4.02900000e-08  3.30000000e+00  4.02900000e-08  3.30000000e+00  4.02900000e-08  3.29957368e+00  4.02900000e-08  3.29967078e+00  4.02900000e-08  0.00000000e+00  4.02900000e-08  0.00000000e+00 
 4.03100000e-08  3.30000000e+00  4.03100000e-08  3.30000000e+00  4.03100000e-08  3.29957474e+00  4.03100000e-08  3.29967159e+00  4.03100000e-08  0.00000000e+00  4.03100000e-08  0.00000000e+00 
 4.03300000e-08  3.30000000e+00  4.03300000e-08  3.30000000e+00  4.03300000e-08  3.29957578e+00  4.03300000e-08  3.29967241e+00  4.03300000e-08  0.00000000e+00  4.03300000e-08  0.00000000e+00 
 4.03500000e-08  3.30000000e+00  4.03500000e-08  3.30000000e+00  4.03500000e-08  3.29957683e+00  4.03500000e-08  3.29967322e+00  4.03500000e-08  0.00000000e+00  4.03500000e-08  0.00000000e+00 
 4.03700000e-08  3.30000000e+00  4.03700000e-08  3.30000000e+00  4.03700000e-08  3.29957786e+00  4.03700000e-08  3.29967403e+00  4.03700000e-08  0.00000000e+00  4.03700000e-08  0.00000000e+00 
 4.03900000e-08  3.30000000e+00  4.03900000e-08  3.30000000e+00  4.03900000e-08  3.29957890e+00  4.03900000e-08  3.29967483e+00  4.03900000e-08  0.00000000e+00  4.03900000e-08  0.00000000e+00 
 4.04100000e-08  3.30000000e+00  4.04100000e-08  3.30000000e+00  4.04100000e-08  3.29957993e+00  4.04100000e-08  3.29967563e+00  4.04100000e-08  0.00000000e+00  4.04100000e-08  0.00000000e+00 
 4.04300000e-08  3.30000000e+00  4.04300000e-08  3.30000000e+00  4.04300000e-08  3.29958095e+00  4.04300000e-08  3.29967642e+00  4.04300000e-08  0.00000000e+00  4.04300000e-08  0.00000000e+00 
 4.04500000e-08  3.30000000e+00  4.04500000e-08  3.30000000e+00  4.04500000e-08  3.29958197e+00  4.04500000e-08  3.29967722e+00  4.04500000e-08  0.00000000e+00  4.04500000e-08  0.00000000e+00 
 4.04700000e-08  3.30000000e+00  4.04700000e-08  3.30000000e+00  4.04700000e-08  3.29958298e+00  4.04700000e-08  3.29967800e+00  4.04700000e-08  0.00000000e+00  4.04700000e-08  0.00000000e+00 
 4.04900000e-08  3.30000000e+00  4.04900000e-08  3.30000000e+00  4.04900000e-08  3.29958399e+00  4.04900000e-08  3.29967879e+00  4.04900000e-08  0.00000000e+00  4.04900000e-08  0.00000000e+00 
 4.05100000e-08  3.30000000e+00  4.05100000e-08  3.30000000e+00  4.05100000e-08  3.29958500e+00  4.05100000e-08  3.29967957e+00  4.05100000e-08  0.00000000e+00  4.05100000e-08  0.00000000e+00 
 4.05300000e-08  3.30000000e+00  4.05300000e-08  3.30000000e+00  4.05300000e-08  3.29958599e+00  4.05300000e-08  3.29968035e+00  4.05300000e-08  0.00000000e+00  4.05300000e-08  0.00000000e+00 
 4.05500000e-08  3.30000000e+00  4.05500000e-08  3.30000000e+00  4.05500000e-08  3.29958699e+00  4.05500000e-08  3.29968112e+00  4.05500000e-08  0.00000000e+00  4.05500000e-08  0.00000000e+00 
 4.05700000e-08  3.30000000e+00  4.05700000e-08  3.30000000e+00  4.05700000e-08  3.29958798e+00  4.05700000e-08  3.29968189e+00  4.05700000e-08  0.00000000e+00  4.05700000e-08  0.00000000e+00 
 4.05900000e-08  3.30000000e+00  4.05900000e-08  3.30000000e+00  4.05900000e-08  3.29958897e+00  4.05900000e-08  3.29968266e+00  4.05900000e-08  0.00000000e+00  4.05900000e-08  0.00000000e+00 
 4.06100000e-08  3.30000000e+00  4.06100000e-08  3.30000000e+00  4.06100000e-08  3.29958995e+00  4.06100000e-08  3.29968342e+00  4.06100000e-08  0.00000000e+00  4.06100000e-08  0.00000000e+00 
 4.06300000e-08  3.30000000e+00  4.06300000e-08  3.30000000e+00  4.06300000e-08  3.29959093e+00  4.06300000e-08  3.29968418e+00  4.06300000e-08  0.00000000e+00  4.06300000e-08  0.00000000e+00 
 4.06500000e-08  3.30000000e+00  4.06500000e-08  3.30000000e+00  4.06500000e-08  3.29959190e+00  4.06500000e-08  3.29968494e+00  4.06500000e-08  0.00000000e+00  4.06500000e-08  0.00000000e+00 
 4.06700000e-08  3.30000000e+00  4.06700000e-08  3.30000000e+00  4.06700000e-08  3.29959287e+00  4.06700000e-08  3.29968569e+00  4.06700000e-08  0.00000000e+00  4.06700000e-08  0.00000000e+00 
 4.06900000e-08  3.30000000e+00  4.06900000e-08  3.30000000e+00  4.06900000e-08  3.29959383e+00  4.06900000e-08  3.29968644e+00  4.06900000e-08  0.00000000e+00  4.06900000e-08  0.00000000e+00 
 4.07100000e-08  3.30000000e+00  4.07100000e-08  3.30000000e+00  4.07100000e-08  3.29959479e+00  4.07100000e-08  3.29968718e+00  4.07100000e-08  0.00000000e+00  4.07100000e-08  0.00000000e+00 
 4.07300000e-08  3.30000000e+00  4.07300000e-08  3.30000000e+00  4.07300000e-08  3.29959574e+00  4.07300000e-08  3.29968793e+00  4.07300000e-08  0.00000000e+00  4.07300000e-08  0.00000000e+00 
 4.07500000e-08  3.30000000e+00  4.07500000e-08  3.30000000e+00  4.07500000e-08  3.29959670e+00  4.07500000e-08  3.29968866e+00  4.07500000e-08  0.00000000e+00  4.07500000e-08  0.00000000e+00 
 4.07700000e-08  3.30000000e+00  4.07700000e-08  3.30000000e+00  4.07700000e-08  3.29959764e+00  4.07700000e-08  3.29968940e+00  4.07700000e-08  0.00000000e+00  4.07700000e-08  0.00000000e+00 
 4.07900000e-08  3.30000000e+00  4.07900000e-08  3.30000000e+00  4.07900000e-08  3.29959859e+00  4.07900000e-08  3.29969013e+00  4.07900000e-08  0.00000000e+00  4.07900000e-08  0.00000000e+00 
 4.08100000e-08  3.30000000e+00  4.08100000e-08  3.30000000e+00  4.08100000e-08  3.29959952e+00  4.08100000e-08  3.29969086e+00  4.08100000e-08  0.00000000e+00  4.08100000e-08  0.00000000e+00 
 4.08300000e-08  3.30000000e+00  4.08300000e-08  3.30000000e+00  4.08300000e-08  3.29960046e+00  4.08300000e-08  3.29969159e+00  4.08300000e-08  0.00000000e+00  4.08300000e-08  0.00000000e+00 
 4.08500000e-08  3.30000000e+00  4.08500000e-08  3.30000000e+00  4.08500000e-08  3.29960139e+00  4.08500000e-08  3.29969231e+00  4.08500000e-08  0.00000000e+00  4.08500000e-08  0.00000000e+00 
 4.08700000e-08  3.30000000e+00  4.08700000e-08  3.30000000e+00  4.08700000e-08  3.29960232e+00  4.08700000e-08  3.29969303e+00  4.08700000e-08  0.00000000e+00  4.08700000e-08  0.00000000e+00 
 4.08900000e-08  3.30000000e+00  4.08900000e-08  3.30000000e+00  4.08900000e-08  3.29960323e+00  4.08900000e-08  3.29969375e+00  4.08900000e-08  0.00000000e+00  4.08900000e-08  0.00000000e+00 
 4.09100000e-08  3.30000000e+00  4.09100000e-08  3.30000000e+00  4.09100000e-08  3.29960416e+00  4.09100000e-08  3.29969446e+00  4.09100000e-08  0.00000000e+00  4.09100000e-08  0.00000000e+00 
 4.09300000e-08  3.30000000e+00  4.09300000e-08  3.30000000e+00  4.09300000e-08  3.29960507e+00  4.09300000e-08  3.29969517e+00  4.09300000e-08  0.00000000e+00  4.09300000e-08  0.00000000e+00 
 4.09500000e-08  3.30000000e+00  4.09500000e-08  3.30000000e+00  4.09500000e-08  3.29960598e+00  4.09500000e-08  3.29969587e+00  4.09500000e-08  0.00000000e+00  4.09500000e-08  0.00000000e+00 
 4.09700000e-08  3.30000000e+00  4.09700000e-08  3.30000000e+00  4.09700000e-08  3.29960688e+00  4.09700000e-08  3.29969658e+00  4.09700000e-08  0.00000000e+00  4.09700000e-08  0.00000000e+00 
 4.09900000e-08  3.30000000e+00  4.09900000e-08  3.30000000e+00  4.09900000e-08  3.29960779e+00  4.09900000e-08  3.29969728e+00  4.09900000e-08  0.00000000e+00  4.09900000e-08  0.00000000e+00 
 4.10100000e-08  3.30000000e+00  4.10100000e-08  3.30000000e+00  4.10100000e-08  3.29960868e+00  4.10100000e-08  3.29969798e+00  4.10100000e-08  0.00000000e+00  4.10100000e-08  0.00000000e+00 
 4.10300000e-08  3.30000000e+00  4.10300000e-08  3.30000000e+00  4.10300000e-08  3.29960958e+00  4.10300000e-08  3.29969867e+00  4.10300000e-08  0.00000000e+00  4.10300000e-08  0.00000000e+00 
 4.10500000e-08  3.30000000e+00  4.10500000e-08  3.30000000e+00  4.10500000e-08  3.29961046e+00  4.10500000e-08  3.29969937e+00  4.10500000e-08  0.00000000e+00  4.10500000e-08  0.00000000e+00 
 4.10700000e-08  3.30000000e+00  4.10700000e-08  3.30000000e+00  4.10700000e-08  3.29961135e+00  4.10700000e-08  3.29970005e+00  4.10700000e-08  0.00000000e+00  4.10700000e-08  0.00000000e+00 
 4.10900000e-08  3.30000000e+00  4.10900000e-08  3.30000000e+00  4.10900000e-08  3.29961223e+00  4.10900000e-08  3.29970074e+00  4.10900000e-08  0.00000000e+00  4.10900000e-08  0.00000000e+00 
 4.11100000e-08  3.30000000e+00  4.11100000e-08  3.30000000e+00  4.11100000e-08  3.29961311e+00  4.11100000e-08  3.29970142e+00  4.11100000e-08  0.00000000e+00  4.11100000e-08  0.00000000e+00 
 4.11300000e-08  3.30000000e+00  4.11300000e-08  3.30000000e+00  4.11300000e-08  3.29961398e+00  4.11300000e-08  3.29970210e+00  4.11300000e-08  0.00000000e+00  4.11300000e-08  0.00000000e+00 
 4.11500000e-08  3.30000000e+00  4.11500000e-08  3.30000000e+00  4.11500000e-08  3.29961486e+00  4.11500000e-08  3.29970277e+00  4.11500000e-08  0.00000000e+00  4.11500000e-08  0.00000000e+00 
 4.11700000e-08  3.30000000e+00  4.11700000e-08  3.30000000e+00  4.11700000e-08  3.29961572e+00  4.11700000e-08  3.29970345e+00  4.11700000e-08  0.00000000e+00  4.11700000e-08  0.00000000e+00 
 4.11900000e-08  3.30000000e+00  4.11900000e-08  3.30000000e+00  4.11900000e-08  3.29961659e+00  4.11900000e-08  3.29970412e+00  4.11900000e-08  0.00000000e+00  4.11900000e-08  0.00000000e+00 
 4.12100000e-08  3.30000000e+00  4.12100000e-08  3.30000000e+00  4.12100000e-08  3.29961744e+00  4.12100000e-08  3.29970479e+00  4.12100000e-08  0.00000000e+00  4.12100000e-08  0.00000000e+00 
 4.12300000e-08  3.30000000e+00  4.12300000e-08  3.30000000e+00  4.12300000e-08  3.29961830e+00  4.12300000e-08  3.29970545e+00  4.12300000e-08  0.00000000e+00  4.12300000e-08  0.00000000e+00 
 4.12500000e-08  3.30000000e+00  4.12500000e-08  3.30000000e+00  4.12500000e-08  3.29961915e+00  4.12500000e-08  3.29970611e+00  4.12500000e-08  0.00000000e+00  4.12500000e-08  0.00000000e+00 
 4.12700000e-08  3.30000000e+00  4.12700000e-08  3.30000000e+00  4.12700000e-08  3.29962000e+00  4.12700000e-08  3.29970677e+00  4.12700000e-08  0.00000000e+00  4.12700000e-08  0.00000000e+00 
 4.12900000e-08  3.30000000e+00  4.12900000e-08  3.30000000e+00  4.12900000e-08  3.29962085e+00  4.12900000e-08  3.29970743e+00  4.12900000e-08  0.00000000e+00  4.12900000e-08  0.00000000e+00 
 4.13100000e-08  3.30000000e+00  4.13100000e-08  3.30000000e+00  4.13100000e-08  3.29962169e+00  4.13100000e-08  3.29970808e+00  4.13100000e-08  0.00000000e+00  4.13100000e-08  0.00000000e+00 
 4.13300000e-08  3.30000000e+00  4.13300000e-08  3.30000000e+00  4.13300000e-08  3.29962253e+00  4.13300000e-08  3.29970873e+00  4.13300000e-08  0.00000000e+00  4.13300000e-08  0.00000000e+00 
 4.13500000e-08  3.30000000e+00  4.13500000e-08  3.30000000e+00  4.13500000e-08  3.29962336e+00  4.13500000e-08  3.29970938e+00  4.13500000e-08  0.00000000e+00  4.13500000e-08  0.00000000e+00 
 4.13700000e-08  3.30000000e+00  4.13700000e-08  3.30000000e+00  4.13700000e-08  3.29962419e+00  4.13700000e-08  3.29971003e+00  4.13700000e-08  0.00000000e+00  4.13700000e-08  0.00000000e+00 
 4.13900000e-08  3.30000000e+00  4.13900000e-08  3.30000000e+00  4.13900000e-08  3.29962502e+00  4.13900000e-08  3.29971066e+00  4.13900000e-08  0.00000000e+00  4.13900000e-08  0.00000000e+00 
 4.14100000e-08  3.30000000e+00  4.14100000e-08  3.30000000e+00  4.14100000e-08  3.29962584e+00  4.14100000e-08  3.29971131e+00  4.14100000e-08  0.00000000e+00  4.14100000e-08  0.00000000e+00 
 4.14300000e-08  3.30000000e+00  4.14300000e-08  3.30000000e+00  4.14300000e-08  3.29962667e+00  4.14300000e-08  3.29971194e+00  4.14300000e-08  0.00000000e+00  4.14300000e-08  0.00000000e+00 
 4.14500000e-08  3.30000000e+00  4.14500000e-08  3.30000000e+00  4.14500000e-08  3.29962748e+00  4.14500000e-08  3.29971258e+00  4.14500000e-08  0.00000000e+00  4.14500000e-08  0.00000000e+00 
 4.14700000e-08  3.30000000e+00  4.14700000e-08  3.30000000e+00  4.14700000e-08  3.29962830e+00  4.14700000e-08  3.29971321e+00  4.14700000e-08  0.00000000e+00  4.14700000e-08  0.00000000e+00 
 4.14900000e-08  3.30000000e+00  4.14900000e-08  3.30000000e+00  4.14900000e-08  3.29962910e+00  4.14900000e-08  3.29971384e+00  4.14900000e-08  0.00000000e+00  4.14900000e-08  0.00000000e+00 
 4.15100000e-08  3.30000000e+00  4.15100000e-08  3.30000000e+00  4.15100000e-08  3.29962991e+00  4.15100000e-08  3.29971446e+00  4.15100000e-08  0.00000000e+00  4.15100000e-08  0.00000000e+00 
 4.15300000e-08  3.30000000e+00  4.15300000e-08  3.30000000e+00  4.15300000e-08  3.29963071e+00  4.15300000e-08  3.29971509e+00  4.15300000e-08  0.00000000e+00  4.15300000e-08  0.00000000e+00 
 4.15500000e-08  3.30000000e+00  4.15500000e-08  3.30000000e+00  4.15500000e-08  3.29963152e+00  4.15500000e-08  3.29971571e+00  4.15500000e-08  0.00000000e+00  4.15500000e-08  0.00000000e+00 
 4.15700000e-08  3.30000000e+00  4.15700000e-08  3.30000000e+00  4.15700000e-08  3.29963231e+00  4.15700000e-08  3.29971633e+00  4.15700000e-08  0.00000000e+00  4.15700000e-08  0.00000000e+00 
 4.15900000e-08  3.30000000e+00  4.15900000e-08  3.30000000e+00  4.15900000e-08  3.29963311e+00  4.15900000e-08  3.29971694e+00  4.15900000e-08  0.00000000e+00  4.15900000e-08  0.00000000e+00 
 4.16100000e-08  3.30000000e+00  4.16100000e-08  3.30000000e+00  4.16100000e-08  3.29963389e+00  4.16100000e-08  3.29971756e+00  4.16100000e-08  0.00000000e+00  4.16100000e-08  0.00000000e+00 
 4.16300000e-08  3.30000000e+00  4.16300000e-08  3.30000000e+00  4.16300000e-08  3.29963468e+00  4.16300000e-08  3.29971817e+00  4.16300000e-08  0.00000000e+00  4.16300000e-08  0.00000000e+00 
 4.16500000e-08  3.30000000e+00  4.16500000e-08  3.30000000e+00  4.16500000e-08  3.29963546e+00  4.16500000e-08  3.29971878e+00  4.16500000e-08  0.00000000e+00  4.16500000e-08  0.00000000e+00 
 4.16700000e-08  3.30000000e+00  4.16700000e-08  3.30000000e+00  4.16700000e-08  3.29963625e+00  4.16700000e-08  3.29971938e+00  4.16700000e-08  0.00000000e+00  4.16700000e-08  0.00000000e+00 
 4.16900000e-08  3.30000000e+00  4.16900000e-08  3.30000000e+00  4.16900000e-08  3.29963702e+00  4.16900000e-08  3.29971999e+00  4.16900000e-08  0.00000000e+00  4.16900000e-08  0.00000000e+00 
 4.17100000e-08  3.30000000e+00  4.17100000e-08  3.30000000e+00  4.17100000e-08  3.29963780e+00  4.17100000e-08  3.29972058e+00  4.17100000e-08  0.00000000e+00  4.17100000e-08  0.00000000e+00 
 4.17300000e-08  3.30000000e+00  4.17300000e-08  3.30000000e+00  4.17300000e-08  3.29963857e+00  4.17300000e-08  3.29972119e+00  4.17300000e-08  0.00000000e+00  4.17300000e-08  0.00000000e+00 
 4.17500000e-08  3.30000000e+00  4.17500000e-08  3.30000000e+00  4.17500000e-08  3.29963934e+00  4.17500000e-08  3.29972178e+00  4.17500000e-08  0.00000000e+00  4.17500000e-08  0.00000000e+00 
 4.17700000e-08  3.30000000e+00  4.17700000e-08  3.30000000e+00  4.17700000e-08  3.29964010e+00  4.17700000e-08  3.29972237e+00  4.17700000e-08  0.00000000e+00  4.17700000e-08  0.00000000e+00 
 4.17900000e-08  3.30000000e+00  4.17900000e-08  3.30000000e+00  4.17900000e-08  3.29964087e+00  4.17900000e-08  3.29972296e+00  4.17900000e-08  0.00000000e+00  4.17900000e-08  0.00000000e+00 
 4.18100000e-08  3.30000000e+00  4.18100000e-08  3.30000000e+00  4.18100000e-08  3.29964162e+00  4.18100000e-08  3.29972355e+00  4.18100000e-08  0.00000000e+00  4.18100000e-08  0.00000000e+00 
 4.18300000e-08  3.30000000e+00  4.18300000e-08  3.30000000e+00  4.18300000e-08  3.29964238e+00  4.18300000e-08  3.29972414e+00  4.18300000e-08  0.00000000e+00  4.18300000e-08  0.00000000e+00 
 4.18500000e-08  3.30000000e+00  4.18500000e-08  3.30000000e+00  4.18500000e-08  3.29964313e+00  4.18500000e-08  3.29972472e+00  4.18500000e-08  0.00000000e+00  4.18500000e-08  0.00000000e+00 
 4.18700000e-08  3.30000000e+00  4.18700000e-08  3.30000000e+00  4.18700000e-08  3.29964388e+00  4.18700000e-08  3.29972530e+00  4.18700000e-08  0.00000000e+00  4.18700000e-08  0.00000000e+00 
 4.18900000e-08  3.30000000e+00  4.18900000e-08  3.30000000e+00  4.18900000e-08  3.29964462e+00  4.18900000e-08  3.29972588e+00  4.18900000e-08  0.00000000e+00  4.18900000e-08  0.00000000e+00 
 4.19100000e-08  3.30000000e+00  4.19100000e-08  3.30000000e+00  4.19100000e-08  3.29964537e+00  4.19100000e-08  3.29972646e+00  4.19100000e-08  0.00000000e+00  4.19100000e-08  0.00000000e+00 
 4.19300000e-08  3.30000000e+00  4.19300000e-08  3.30000000e+00  4.19300000e-08  3.29964611e+00  4.19300000e-08  3.29972704e+00  4.19300000e-08  0.00000000e+00  4.19300000e-08  0.00000000e+00 
 4.19500000e-08  3.30000000e+00  4.19500000e-08  3.30000000e+00  4.19500000e-08  3.29964685e+00  4.19500000e-08  3.29972760e+00  4.19500000e-08  0.00000000e+00  4.19500000e-08  0.00000000e+00 
 4.19700000e-08  3.30000000e+00  4.19700000e-08  3.30000000e+00  4.19700000e-08  3.29964758e+00  4.19700000e-08  3.29972818e+00  4.19700000e-08  0.00000000e+00  4.19700000e-08  0.00000000e+00 
 4.19850000e-08  3.30000000e+00  4.19850000e-08  3.30000000e+00  4.19850000e-08  3.29964813e+00  4.19850000e-08  3.29972860e+00  4.19850000e-08  0.00000000e+00  4.19850000e-08  0.00000000e+00 
 4.20000000e-08  3.30000000e+00  4.20000000e-08  3.30000000e+00  4.20000000e-08  3.29964868e+00  4.20000000e-08  3.29972903e+00  4.20000000e-08  2.18375682e-13  4.20000000e-08  0.00000000e+00 
 4.20020000e-08  3.30000799e+00  4.20020000e-08  3.30000799e+00  4.20020000e-08  3.30225924e+00  4.20020000e-08  3.30234157e+00  4.20020000e-08  6.60000000e-02  4.20020000e-08  0.00000000e+00 
 4.20060000e-08  3.30001877e+00  4.20060000e-08  3.30001878e+00  4.20060000e-08  3.30738927e+00  4.20060000e-08  3.30747386e+00  4.20060000e-08  1.98000000e-01  4.20060000e-08  0.00000000e+00 
 4.20140000e-08  3.30002102e+00  4.20140000e-08  3.30002103e+00  4.20140000e-08  3.31709039e+00  4.20140000e-08  3.31717979e+00  4.20140000e-08  4.62000000e-01  4.20140000e-08  0.00000000e+00 
 4.20300000e-08  3.30000807e+00  4.20300000e-08  3.30000811e+00  4.20300000e-08  3.33469033e+00  4.20300000e-08  3.33481064e+00  4.20300000e-08  9.90000000e-01  4.20300000e-08  0.00000000e+00 
 4.20500000e-08  3.30000027e+00  4.20500000e-08  3.30000026e+00  4.20500000e-08  3.35539701e+00  4.20500000e-08  3.35553664e+00  4.20500000e-08  1.65000000e+00  4.20500000e-08  0.00000000e+00 
 4.20700000e-08  3.30000258e+00  4.20700000e-08  3.30000248e+00  4.20700000e-08  3.37758364e+00  4.20700000e-08  3.37767098e+00  4.20700000e-08  2.31000000e+00  4.20700000e-08  0.00000000e+00 
 4.20850000e-08  3.30000059e+00  4.20850000e-08  3.30000048e+00  4.20850000e-08  3.39395185e+00  4.20850000e-08  3.39395569e+00  4.20850000e-08  2.80500000e+00  4.20850000e-08  0.00000000e+00 
 4.21000000e-08  3.29998554e+00  4.21000000e-08  3.29998538e+00  4.21000000e-08  3.40140606e+00  4.21000000e-08  3.40126497e+00  4.21000000e-08  3.30000000e+00  4.21000000e-08  0.00000000e+00 
 4.21020000e-08  3.29998503e+00  4.21020000e-08  3.29998479e+00  4.21020000e-08  3.40183385e+00  4.21020000e-08  3.40164548e+00  4.21020000e-08  3.30000000e+00  4.21020000e-08  0.00000000e+00 
 4.21060000e-08  3.29998523e+00  4.21060000e-08  3.29998486e+00  4.21060000e-08  3.40277198e+00  4.21060000e-08  3.40248117e+00  4.21060000e-08  3.30000000e+00  4.21060000e-08  0.00000000e+00 
 4.21140000e-08  3.29998915e+00  4.21140000e-08  3.29998867e+00  4.21140000e-08  3.40495848e+00  4.21140000e-08  3.40443761e+00  4.21140000e-08  3.30000000e+00  4.21140000e-08  0.00000000e+00 
 4.21300000e-08  3.29999752e+00  4.21300000e-08  3.29999712e+00  4.21300000e-08  3.41045945e+00  4.21300000e-08  3.40941601e+00  4.21300000e-08  3.30000000e+00  4.21300000e-08  0.00000000e+00 
 4.21500000e-08  3.30000129e+00  4.21500000e-08  3.30000125e+00  4.21500000e-08  3.41861079e+00  4.21500000e-08  3.41696329e+00  4.21500000e-08  3.30000000e+00  4.21500000e-08  0.00000000e+00 
 4.21700000e-08  3.29999933e+00  4.21700000e-08  3.29999979e+00  4.21700000e-08  3.42635304e+00  4.21700000e-08  3.42441266e+00  4.21700000e-08  3.30000000e+00  4.21700000e-08  0.00000000e+00 
 4.21900000e-08  3.29999634e+00  4.21900000e-08  3.29999721e+00  4.21900000e-08  3.43164392e+00  4.21900000e-08  3.42991267e+00  4.21900000e-08  3.30000000e+00  4.21900000e-08  0.00000000e+00 
 4.22100000e-08  3.29999394e+00  4.22100000e-08  3.29999494e+00  4.22100000e-08  3.43297098e+00  4.22100000e-08  3.43201590e+00  4.22100000e-08  3.30000000e+00  4.22100000e-08  0.00000000e+00 
 4.22300000e-08  3.29999290e+00  4.22300000e-08  3.29999383e+00  4.22300000e-08  3.42947824e+00  4.22300000e-08  3.42984778e+00  4.22300000e-08  3.30000000e+00  4.22300000e-08  0.00000000e+00 
 4.22500000e-08  3.29999254e+00  4.22500000e-08  3.29999327e+00  4.22500000e-08  3.42085311e+00  4.22500000e-08  3.42303997e+00  4.22500000e-08  3.30000000e+00  4.22500000e-08  0.00000000e+00 
 4.22700000e-08  3.29999312e+00  4.22700000e-08  3.29999355e+00  4.22700000e-08  3.40716802e+00  4.22700000e-08  3.41159880e+00  4.22700000e-08  3.30000000e+00  4.22700000e-08  0.00000000e+00 
 4.22900000e-08  3.29999419e+00  4.22900000e-08  3.29999435e+00  4.22900000e-08  3.38873839e+00  4.22900000e-08  3.39577487e+00  4.22900000e-08  3.30000000e+00  4.22900000e-08  0.00000000e+00 
 4.23100000e-08  3.29999543e+00  4.23100000e-08  3.29999539e+00  4.23100000e-08  3.36601599e+00  4.23100000e-08  3.37595959e+00  4.23100000e-08  3.30000000e+00  4.23100000e-08  0.00000000e+00 
 4.23300000e-08  3.29999662e+00  4.23300000e-08  3.29999648e+00  4.23300000e-08  3.33951307e+00  4.23300000e-08  3.35260996e+00  4.23300000e-08  3.30000000e+00  4.23300000e-08  0.00000000e+00 
 4.23500000e-08  3.29999763e+00  4.23500000e-08  3.29999747e+00  4.23500000e-08  3.30975176e+00  4.23500000e-08  3.32619821e+00  4.23500000e-08  3.30000000e+00  4.23500000e-08  0.00000000e+00 
 4.23700000e-08  3.29999842e+00  4.23700000e-08  3.29999829e+00  4.23700000e-08  3.27723214e+00  4.23700000e-08  3.29717987e+00  4.23700000e-08  3.30000000e+00  4.23700000e-08  0.00000000e+00 
 4.23900000e-08  3.29999902e+00  4.23900000e-08  3.29999892e+00  4.23900000e-08  3.24241196e+00  4.23900000e-08  3.26597633e+00  4.23900000e-08  3.30000000e+00  4.23900000e-08  0.00000000e+00 
 4.24100000e-08  3.29999946e+00  4.24100000e-08  3.29999939e+00  4.24100000e-08  3.20569919e+00  4.24100000e-08  3.23296367e+00  4.24100000e-08  3.30000000e+00  4.24100000e-08  0.00000000e+00 
 4.24300000e-08  3.29999978e+00  4.24300000e-08  3.29999974e+00  4.24300000e-08  3.16744708e+00  4.24300000e-08  3.19847156e+00  4.24300000e-08  3.30000000e+00  4.24300000e-08  0.00000000e+00 
 4.24500000e-08  3.30000002e+00  4.24500000e-08  3.29999998e+00  4.24500000e-08  3.12795601e+00  4.24500000e-08  3.16278146e+00  4.24500000e-08  3.30000000e+00  4.24500000e-08  0.00000000e+00 
 4.24700000e-08  3.30000019e+00  4.24700000e-08  3.30000016e+00  4.24700000e-08  3.08747864e+00  4.24700000e-08  3.12613101e+00  4.24700000e-08  3.30000000e+00  4.24700000e-08  0.00000000e+00 
 4.24900000e-08  3.30000030e+00  4.24900000e-08  3.30000028e+00  4.24900000e-08  3.04622554e+00  4.24900000e-08  3.08871884e+00  4.24900000e-08  3.30000000e+00  4.24900000e-08  0.00000000e+00 
 4.25100000e-08  3.30000036e+00  4.25100000e-08  3.30000035e+00  4.25100000e-08  3.00437080e+00  4.25100000e-08  3.05070951e+00  4.25100000e-08  3.30000000e+00  4.25100000e-08  0.00000000e+00 
 4.25300000e-08  3.30000040e+00  4.25300000e-08  3.30000039e+00  4.25300000e-08  2.96205735e+00  4.25300000e-08  3.01223840e+00  4.25300000e-08  3.30000000e+00  4.25300000e-08  0.00000000e+00 
 4.25500000e-08  3.30000042e+00  4.25500000e-08  3.30000041e+00  4.25500000e-08  2.91940219e+00  4.25500000e-08  2.97341646e+00  4.25500000e-08  3.30000000e+00  4.25500000e-08  0.00000000e+00 
 4.25700000e-08  3.30000043e+00  4.25700000e-08  3.30000042e+00  4.25700000e-08  2.87650066e+00  4.25700000e-08  2.93433420e+00  4.25700000e-08  3.30000000e+00  4.25700000e-08  0.00000000e+00 
 4.25900000e-08  3.30000044e+00  4.25900000e-08  3.30000042e+00  4.25900000e-08  2.83343051e+00  4.25900000e-08  2.89506535e+00  4.25900000e-08  3.30000000e+00  4.25900000e-08  0.00000000e+00 
 4.26100000e-08  3.30000043e+00  4.26100000e-08  3.30000041e+00  4.26100000e-08  2.79025498e+00  4.26100000e-08  2.85566983e+00  4.26100000e-08  3.30000000e+00  4.26100000e-08  0.00000000e+00 
 4.26300000e-08  3.30000043e+00  4.26300000e-08  3.30000040e+00  4.26300000e-08  2.74702570e+00  4.26300000e-08  2.81619642e+00  4.26300000e-08  3.30000000e+00  4.26300000e-08  0.00000000e+00 
 4.26500000e-08  3.30000042e+00  4.26500000e-08  3.30000039e+00  4.26500000e-08  2.70378475e+00  4.26500000e-08  2.77668476e+00  4.26500000e-08  3.30000000e+00  4.26500000e-08  0.00000000e+00 
 4.26700000e-08  3.30000041e+00  4.26700000e-08  3.30000038e+00  4.26700000e-08  2.66056673e+00  4.26700000e-08  2.73716726e+00  4.26700000e-08  3.30000000e+00  4.26700000e-08  0.00000000e+00 
 4.26900000e-08  3.30000040e+00  4.26900000e-08  3.30000037e+00  4.26900000e-08  2.61740002e+00  4.26900000e-08  2.69767038e+00  4.26900000e-08  3.30000000e+00  4.26900000e-08  0.00000000e+00 
 4.27100000e-08  3.30000039e+00  4.27100000e-08  3.30000036e+00  4.27100000e-08  2.57430826e+00  4.27100000e-08  2.65821593e+00  4.27100000e-08  3.30000000e+00  4.27100000e-08  0.00000000e+00 
 4.27300000e-08  3.30000038e+00  4.27300000e-08  3.30000035e+00  4.27300000e-08  2.53131106e+00  4.27300000e-08  2.61882189e+00  4.27300000e-08  3.30000000e+00  4.27300000e-08  0.00000000e+00 
 4.27500000e-08  3.30000037e+00  4.27500000e-08  3.30000034e+00  4.27500000e-08  2.48842511e+00  4.27500000e-08  2.57950330e+00  4.27500000e-08  3.30000000e+00  4.27500000e-08  0.00000000e+00 
 4.27700000e-08  3.30000036e+00  4.27700000e-08  3.30000032e+00  4.27700000e-08  2.44566454e+00  4.27700000e-08  2.54027276e+00  4.27700000e-08  3.30000000e+00  4.27700000e-08  0.00000000e+00 
 4.27850000e-08  3.30000035e+00  4.27850000e-08  3.30000032e+00  4.27850000e-08  2.41368373e+00  4.27850000e-08  2.51091403e+00  4.27850000e-08  3.30000000e+00  4.27850000e-08  0.00000000e+00 
 4.28000000e-08  3.30000034e+00  4.28000000e-08  3.30000031e+00  4.28000000e-08  2.38178508e+00  4.28000000e-08  2.48161489e+00  4.28000000e-08  3.30000000e+00  4.28000000e-08  0.00000000e+00 
 4.28020000e-08  3.32132883e+00  4.28020000e-08  3.32132865e+00  4.28020000e-08  2.37784360e+00  4.28020000e-08  2.47802509e+00  4.28020000e-08  3.30000000e+00  4.28020000e-08  6.60000000e-02 
 4.28060000e-08  3.35609224e+00  4.28060000e-08  3.35609152e+00  4.28060000e-08  2.36989419e+00  4.28060000e-08  2.47077574e+00  4.28060000e-08  3.30000000e+00  4.28060000e-08  1.98000000e-01 
 4.28140000e-08  3.39509369e+00  4.28140000e-08  3.39509307e+00  4.28140000e-08  2.35370780e+00  4.28140000e-08  2.45597717e+00  4.28140000e-08  3.30000000e+00  4.28140000e-08  4.62000000e-01 
 4.28300000e-08  3.43010979e+00  4.28300000e-08  3.43011000e+00  4.28300000e-08  2.32019417e+00  4.28300000e-08  2.42520146e+00  4.28300000e-08  3.30000000e+00  4.28300000e-08  9.90000000e-01 
 4.28500000e-08  3.46572134e+00  4.28500000e-08  3.46572200e+00  4.28500000e-08  2.27352273e+00  4.28500000e-08  2.38187660e+00  4.28500000e-08  3.30000000e+00  4.28500000e-08  1.65000000e+00 
 4.28700000e-08  3.53473190e+00  4.28700000e-08  3.53485035e+00  4.28700000e-08  2.21996075e+00  4.28700000e-08  2.32817307e+00  4.28700000e-08  3.30000000e+00  4.28700000e-08  2.31000000e+00 
 4.28850000e-08  3.62667158e+00  4.28850000e-08  3.62725527e+00  4.28850000e-08  2.15479362e+00  4.28850000e-08  2.24754402e+00  4.28850000e-08  3.30000000e+00  4.28850000e-08  2.80500000e+00 
 4.29000000e-08  3.74366635e+00  4.29000000e-08  3.74340830e+00  4.29000000e-08  2.07591294e+00  4.29000000e-08  2.16761882e+00  4.29000000e-08  3.30000000e+00  4.29000000e-08  3.30000000e+00 
 4.29020000e-08  3.74367054e+00  4.29020000e-08  3.74325627e+00  4.29020000e-08  2.06557773e+00  4.29020000e-08  2.15732688e+00  4.29020000e-08  3.30000000e+00  4.29020000e-08  3.30000000e+00 
 4.29060000e-08  3.74352785e+00  4.29060000e-08  3.74278192e+00  4.29060000e-08  2.04574777e+00  4.29060000e-08  2.13761873e+00  4.29060000e-08  3.30000000e+00  4.29060000e-08  3.30000000e+00 
 4.29140000e-08  3.74242169e+00  4.29140000e-08  3.74088140e+00  4.29140000e-08  2.01062948e+00  4.29140000e-08  2.10283545e+00  4.29140000e-08  3.30000000e+00  4.29140000e-08  3.30000000e+00 
 4.29300000e-08  3.73729737e+00  4.29300000e-08  3.73353936e+00  4.29300000e-08  1.95401493e+00  4.29300000e-08  2.04694372e+00  4.29300000e-08  3.30000000e+00  4.29300000e-08  3.30000000e+00 
 4.29500000e-08  3.72670681e+00  4.29500000e-08  3.71958720e+00  4.29500000e-08  1.89889170e+00  4.29500000e-08  1.99279749e+00  4.29500000e-08  3.30000000e+00  4.29500000e-08  3.30000000e+00 
 4.29700000e-08  3.71493312e+00  4.29700000e-08  3.69381190e+00  4.29700000e-08  1.85213798e+00  4.29700000e-08  1.94706432e+00  4.29700000e-08  3.30000000e+00  4.29700000e-08  3.30000000e+00 
 4.29900000e-08  3.65228675e+00  4.29900000e-08  3.63926596e+00  4.29900000e-08  1.80892434e+00  4.29900000e-08  1.90548002e+00  4.29900000e-08  3.30000000e+00  4.29900000e-08  3.30000000e+00 
 4.30100000e-08  3.45270219e+00  4.30100000e-08  3.57184940e+00  4.30100000e-08  1.76740871e+00  4.30100000e-08  1.86663510e+00  4.30100000e-08  3.30000000e+00  4.30100000e-08  3.30000000e+00 
 4.30300000e-08  3.13449498e+00  4.30300000e-08  3.49144156e+00  4.30300000e-08  1.72671583e+00  4.30300000e-08  1.82966914e+00  4.30300000e-08  3.30000000e+00  4.30300000e-08  3.30000000e+00 
 4.30500000e-08  2.75055189e+00  4.30500000e-08  3.41376428e+00  4.30500000e-08  1.68631441e+00  4.30500000e-08  1.79384500e+00  4.30500000e-08  3.30000000e+00  4.30500000e-08  3.30000000e+00 
 4.30700000e-08  2.34234897e+00  4.30700000e-08  3.34329119e+00  4.30700000e-08  1.64598378e+00  4.30700000e-08  1.75871759e+00  4.30700000e-08  3.30000000e+00  4.30700000e-08  3.30000000e+00 
 4.30900000e-08  1.96654764e+00  4.30900000e-08  3.27418130e+00  4.30900000e-08  1.60600395e+00  4.30900000e-08  1.72374333e+00  4.30900000e-08  3.30000000e+00  4.30900000e-08  3.30000000e+00 
 4.31100000e-08  1.67896826e+00  4.31100000e-08  3.20681044e+00  4.31100000e-08  1.56659019e+00  4.31100000e-08  1.68836252e+00  4.31100000e-08  3.30000000e+00  4.31100000e-08  3.30000000e+00 
 4.31300000e-08  1.45821069e+00  4.31300000e-08  3.15140898e+00  4.31300000e-08  1.52767318e+00  4.31300000e-08  1.65267934e+00  4.31300000e-08  3.30000000e+00  4.31300000e-08  3.30000000e+00 
 4.31500000e-08  1.26533670e+00  4.31500000e-08  3.10698647e+00  4.31500000e-08  1.48893409e+00  4.31500000e-08  1.61711789e+00  4.31500000e-08  3.30000000e+00  4.31500000e-08  3.30000000e+00 
 4.31700000e-08  1.08837450e+00  4.31700000e-08  3.07216185e+00  4.31700000e-08  1.44900510e+00  4.31700000e-08  1.58152113e+00  4.31700000e-08  3.30000000e+00  4.31700000e-08  3.30000000e+00 
 4.31900000e-08  9.24973275e-01  4.31900000e-08  3.04632646e+00  4.31900000e-08  1.40712965e+00  4.31900000e-08  1.54562574e+00  4.31900000e-08  3.30000000e+00  4.31900000e-08  3.30000000e+00 
 4.32100000e-08  7.72699982e-01  4.32100000e-08  3.02902886e+00  4.32100000e-08  1.36544092e+00  4.32100000e-08  1.50938398e+00  4.32100000e-08  3.30000000e+00  4.32100000e-08  3.30000000e+00 
 4.32300000e-08  6.33478737e-01  4.32300000e-08  3.02044025e+00  4.32300000e-08  1.32509511e+00  4.32300000e-08  1.47259331e+00  4.32300000e-08  3.30000000e+00  4.32300000e-08  3.30000000e+00 
 4.32500000e-08  5.13450509e-01  4.32500000e-08  3.02137127e+00  4.32500000e-08  1.28610445e+00  4.32500000e-08  1.43469184e+00  4.32500000e-08  3.30000000e+00  4.32500000e-08  3.30000000e+00 
 4.32700000e-08  4.15831014e-01  4.32700000e-08  3.03079904e+00  4.32700000e-08  1.24826889e+00  4.32700000e-08  1.39603510e+00  4.32700000e-08  3.30000000e+00  4.32700000e-08  3.30000000e+00 
 4.32900000e-08  3.37255305e-01  4.32900000e-08  3.04588306e+00  4.32900000e-08  1.21145856e+00  4.32900000e-08  1.35770493e+00  4.32900000e-08  3.30000000e+00  4.32900000e-08  3.30000000e+00 
 4.33100000e-08  2.72907373e-01  4.33100000e-08  3.06405576e+00  4.33100000e-08  1.17560455e+00  4.33100000e-08  1.32044225e+00  4.33100000e-08  3.30000000e+00  4.33100000e-08  3.30000000e+00 
 4.33300000e-08  2.19511557e-01  4.33300000e-08  3.08361159e+00  4.33300000e-08  1.14066507e+00  4.33300000e-08  1.28453103e+00  4.33300000e-08  3.30000000e+00  4.33300000e-08  3.30000000e+00 
 4.33500000e-08  1.74793591e-01  4.33500000e-08  3.10343068e+00  4.33500000e-08  1.10660011e+00  4.33500000e-08  1.25000586e+00  4.33500000e-08  3.30000000e+00  4.33500000e-08  3.30000000e+00 
 4.33700000e-08  1.37093031e-01  4.33700000e-08  3.12278280e+00  4.33700000e-08  1.07336316e+00  4.33700000e-08  1.21679099e+00  4.33700000e-08  3.30000000e+00  4.33700000e-08  3.30000000e+00 
 4.33900000e-08  1.05136457e-01  4.33900000e-08  3.14120319e+00  4.33900000e-08  1.04090126e+00  4.33900000e-08  1.18476418e+00  4.33900000e-08  3.30000000e+00  4.33900000e-08  3.30000000e+00 
 4.34100000e-08  7.79414652e-02  4.34100000e-08  3.15842076e+00  4.34100000e-08  1.00915756e+00  4.34100000e-08  1.15379212e+00  4.34100000e-08  3.30000000e+00  4.34100000e-08  3.30000000e+00 
 4.34300000e-08  5.46958739e-02  4.34300000e-08  3.17428374e+00  4.34300000e-08  9.78087425e-01  4.34300000e-08  1.12374472e+00  4.34300000e-08  3.30000000e+00  4.34300000e-08  3.30000000e+00 
 4.34500000e-08  3.47409455e-02  4.34500000e-08  3.18873735e+00  4.34500000e-08  9.47634720e-01  4.34500000e-08  1.09450042e+00  4.34500000e-08  3.30000000e+00  4.34500000e-08  3.30000000e+00 
 4.34700000e-08  1.75301965e-02  4.34700000e-08  3.20178586e+00  4.34700000e-08  9.17752277e-01  4.34700000e-08  1.06596022e+00  4.34700000e-08  3.30000000e+00  4.34700000e-08  3.30000000e+00 
 4.34900000e-08  2.62195116e-03  4.34900000e-08  3.21348280e+00  4.34900000e-08  8.88416048e-01  4.34900000e-08  1.03803538e+00  4.34900000e-08  3.30000000e+00  4.34900000e-08  3.30000000e+00 
 4.35100000e-08 -1.03522676e-02  4.35100000e-08  3.22390408e+00  4.35100000e-08  8.59633605e-01  4.35100000e-08  1.01064878e+00  4.35100000e-08  3.30000000e+00  4.35100000e-08  3.30000000e+00 
 4.35300000e-08 -2.16905563e-02  4.35300000e-08  3.23314560e+00  4.35300000e-08  8.31477075e-01  4.35300000e-08  9.83741840e-01  4.35300000e-08  3.30000000e+00  4.35300000e-08  3.30000000e+00 
 4.35500000e-08 -3.16598043e-02  4.35500000e-08  3.24130090e+00  4.35500000e-08  8.04145683e-01  4.35500000e-08  9.57289265e-01  4.35500000e-08  3.30000000e+00  4.35500000e-08  3.30000000e+00 
 4.35700000e-08 -4.04470259e-02  4.35700000e-08  3.24848369e+00  4.35700000e-08  7.78076765e-01  4.35700000e-08  9.31273817e-01  4.35700000e-08  3.30000000e+00  4.35700000e-08  3.30000000e+00 
 4.35900000e-08 -4.81846480e-02  4.35900000e-08  3.25480328e+00  4.35900000e-08  7.53976681e-01  4.35900000e-08  9.05693796e-01  4.35900000e-08  3.30000000e+00  4.35900000e-08  3.30000000e+00 
 4.36100000e-08 -5.49874907e-02  4.36100000e-08  3.26036174e+00  4.36100000e-08  7.32579285e-01  4.36100000e-08  8.80535450e-01  4.36100000e-08  3.30000000e+00  4.36100000e-08  3.30000000e+00 
 4.36300000e-08 -6.09751572e-02  4.36300000e-08  3.26524292e+00  4.36300000e-08  7.14255205e-01  4.36300000e-08  8.55737811e-01  4.36300000e-08  3.30000000e+00  4.36300000e-08  3.30000000e+00 
 4.36500000e-08 -6.62630855e-02  4.36500000e-08  3.26952143e+00  4.36500000e-08  6.98868607e-01  4.36500000e-08  8.31222840e-01  4.36500000e-08  3.30000000e+00  4.36500000e-08  3.30000000e+00 
 4.36700000e-08 -7.09685006e-02  4.36700000e-08  3.27325909e+00  4.36700000e-08  6.85964774e-01  4.36700000e-08  8.06966565e-01  4.36700000e-08  3.30000000e+00  4.36700000e-08  3.30000000e+00 
 4.36900000e-08 -7.51577582e-02  4.36900000e-08  3.27652776e+00  4.36900000e-08  6.75028708e-01  4.36900000e-08  7.83101564e-01  4.36900000e-08  3.30000000e+00  4.36900000e-08  3.30000000e+00 
 4.37100000e-08 -7.88206351e-02  4.37100000e-08  3.27941121e+00  4.37100000e-08  6.65621362e-01  4.37100000e-08  7.60009466e-01  4.37100000e-08  3.30000000e+00  4.37100000e-08  3.30000000e+00 
 4.37300000e-08 -8.18489193e-02  4.37300000e-08  3.28201048e+00  4.37300000e-08  6.57394992e-01  4.37300000e-08  7.38289139e-01  4.37300000e-08  3.30000000e+00  4.37300000e-08  3.30000000e+00 
 4.37500000e-08 -8.41224586e-02  4.37500000e-08  3.28440706e+00  4.37500000e-08  6.50080853e-01  4.37500000e-08  7.18526977e-01  4.37500000e-08  3.30000000e+00  4.37500000e-08  3.30000000e+00 
 4.37700000e-08 -8.55961229e-02  4.37700000e-08  3.28664353e+00  4.37700000e-08  6.43456839e-01  4.37700000e-08  7.01018091e-01  4.37700000e-08  3.30000000e+00  4.37700000e-08  3.30000000e+00 
 4.37900000e-08 -8.63632142e-02  4.37900000e-08  3.28871117e+00  4.37900000e-08  6.37333164e-01  4.37900000e-08  6.85686862e-01  4.37900000e-08  3.30000000e+00  4.37900000e-08  3.30000000e+00 
 4.38100000e-08 -8.65925035e-02  4.38100000e-08  3.29058516e+00  4.38100000e-08  6.31564020e-01  4.38100000e-08  6.72232068e-01  4.38100000e-08  3.30000000e+00  4.38100000e-08  3.30000000e+00 
 4.38300000e-08 -8.64719519e-02  4.38300000e-08  3.29223997e+00  4.38300000e-08  6.26037649e-01  4.38300000e-08  6.60294414e-01  4.38300000e-08  3.30000000e+00  4.38300000e-08  3.30000000e+00 
 4.38500000e-08 -8.61479182e-02  4.38500000e-08  3.29367082e+00  4.38500000e-08  6.20670778e-01  4.38500000e-08  6.49555292e-01  4.38500000e-08  3.30000000e+00  4.38500000e-08  3.30000000e+00 
 4.38700000e-08 -8.57314936e-02  4.38700000e-08  3.29488222e+00  4.38700000e-08  6.15403028e-01  4.38700000e-08  6.39760329e-01  4.38700000e-08  3.30000000e+00  4.38700000e-08  3.30000000e+00 
 4.38900000e-08 -8.52857824e-02  4.38900000e-08  3.29589375e+00  4.38900000e-08  6.10192410e-01  4.38900000e-08  6.30722504e-01  4.38900000e-08  3.30000000e+00  4.38900000e-08  3.30000000e+00 
 4.39100000e-08 -8.48574473e-02  4.39100000e-08  3.29672534e+00  4.39100000e-08  6.05011150e-01  4.39100000e-08  6.22300585e-01  4.39100000e-08  3.30000000e+00  4.39100000e-08  3.30000000e+00 
 4.39300000e-08 -8.44669637e-02  4.39300000e-08  3.29740274e+00  4.39300000e-08  5.99842475e-01  4.39300000e-08  6.14385593e-01  4.39300000e-08  3.30000000e+00  4.39300000e-08  3.30000000e+00 
 4.39500000e-08 -8.41327951e-02  4.39500000e-08  3.29794637e+00  4.39500000e-08  5.94677373e-01  4.39500000e-08  6.06896311e-01  4.39500000e-08  3.30000000e+00  4.39500000e-08  3.30000000e+00 
 4.39700000e-08 -8.38558799e-02  4.39700000e-08  3.29837975e+00  4.39700000e-08  5.89512633e-01  4.39700000e-08  5.99768567e-01  4.39700000e-08  3.30000000e+00  4.39700000e-08  3.30000000e+00 
 4.39900000e-08 -8.36431246e-02  4.39900000e-08  3.29871897e+00  4.39900000e-08  5.84348667e-01  4.39900000e-08  5.92950886e-01  4.39900000e-08  3.30000000e+00  4.39900000e-08  3.30000000e+00 
 4.40100000e-08 -8.34886152e-02  4.40100000e-08  3.29898284e+00  4.40100000e-08  5.79188470e-01  4.40100000e-08  5.86401884e-01  4.40100000e-08  3.30000000e+00  4.40100000e-08  3.30000000e+00 
 4.40300000e-08 -8.33946542e-02  4.40300000e-08  3.29918277e+00  4.40300000e-08  5.74036243e-01  4.40300000e-08  5.80087065e-01  4.40300000e-08  3.30000000e+00  4.40300000e-08  3.30000000e+00 
 4.40500000e-08 -8.33527820e-02  4.40500000e-08  3.29933312e+00  4.40500000e-08  5.68897037e-01  4.40500000e-08  5.73977969e-01  4.40500000e-08  3.30000000e+00  4.40500000e-08  3.30000000e+00 
 4.40700000e-08 -8.33639628e-02  4.40700000e-08  3.29944133e+00  4.40700000e-08  5.63775868e-01  4.40700000e-08  5.68050247e-01  4.40700000e-08  3.30000000e+00  4.40700000e-08  3.30000000e+00 
 4.40900000e-08 -8.34192694e-02  4.40900000e-08  3.29951831e+00  4.40900000e-08  5.58677779e-01  4.40900000e-08  5.62283547e-01  4.40900000e-08  3.30000000e+00  4.40900000e-08  3.30000000e+00 
 4.41100000e-08 -8.35187150e-02  4.41100000e-08  3.29956819e+00  4.41100000e-08  5.53607217e-01  4.41100000e-08  5.56660224e-01  4.41100000e-08  3.30000000e+00  4.41100000e-08  3.30000000e+00 
 4.41300000e-08 -8.36538708e-02  4.41300000e-08  3.29959930e+00  4.41300000e-08  5.48568336e-01  4.41300000e-08  5.51165462e-01  4.41300000e-08  3.30000000e+00  4.41300000e-08  3.30000000e+00 
 4.41500000e-08 -8.38251050e-02  4.41500000e-08  3.29961358e+00  4.41500000e-08  5.43564508e-01  4.41500000e-08  5.45786310e-01  4.41500000e-08  3.30000000e+00  4.41500000e-08  3.30000000e+00 
 4.41700000e-08 -8.40243993e-02  4.41700000e-08  3.29961752e+00  4.41700000e-08  5.38598760e-01  4.41700000e-08  5.40511935e-01  4.41700000e-08  3.30000000e+00  4.41700000e-08  3.30000000e+00 
 4.41900000e-08 -8.42525900e-02  4.41900000e-08  3.29961146e+00  4.41900000e-08  5.33673336e-01  4.41900000e-08  5.35332824e-01  4.41900000e-08  3.30000000e+00  4.41900000e-08  3.30000000e+00 
 4.42100000e-08 -8.45021608e-02  4.42100000e-08  3.29960056e+00  4.42100000e-08  5.28790202e-01  4.42100000e-08  5.30241066e-01  4.42100000e-08  3.30000000e+00  4.42100000e-08  3.30000000e+00 
 4.42300000e-08 -8.47744459e-02  4.42300000e-08  3.29958407e+00  4.42300000e-08  5.23950624e-01  4.42300000e-08  5.25229682e-01  4.42300000e-08  3.30000000e+00  4.42300000e-08  3.30000000e+00 
 4.42500000e-08 -8.50624282e-02  4.42500000e-08  3.29956627e+00  4.42500000e-08  5.19155704e-01  4.42500000e-08  5.20292910e-01  4.42500000e-08  3.30000000e+00  4.42500000e-08  3.30000000e+00 
 4.42700000e-08 -8.53679138e-02  4.42700000e-08  3.29954562e+00  4.42700000e-08  5.14405950e-01  4.42700000e-08  5.15425627e-01  4.42700000e-08  3.30000000e+00  4.42700000e-08  3.30000000e+00 
 4.42900000e-08 -8.56843459e-02  4.42900000e-08  3.29952582e+00  4.42900000e-08  5.09701824e-01  4.42900000e-08  5.10623635e-01  4.42900000e-08  3.30000000e+00  4.42900000e-08  3.30000000e+00 
 4.43100000e-08 -8.60139564e-02  4.43100000e-08  3.29950483e+00  4.43100000e-08  5.05043293e-01  4.43100000e-08  5.05883156e-01  4.43100000e-08  3.30000000e+00  4.43100000e-08  3.30000000e+00 
 4.43300000e-08 -8.63505978e-02  4.43300000e-08  3.29948594e+00  4.43300000e-08  5.00430387e-01  4.43300000e-08  5.01201117e-01  4.43300000e-08  3.30000000e+00  4.43300000e-08  3.30000000e+00 
 4.43500000e-08 -8.66968755e-02  4.43500000e-08  3.29946678e+00  4.43500000e-08  4.95862716e-01  4.43500000e-08  4.96574700e-01  4.43500000e-08  3.30000000e+00  4.43500000e-08  3.30000000e+00 
 4.43700000e-08 -8.70469980e-02  4.43700000e-08  3.29945037e+00  4.43700000e-08  4.91340039e-01  4.43700000e-08  4.92001626e-01  4.43700000e-08  3.30000000e+00  4.43700000e-08  3.30000000e+00 
 4.43900000e-08 -8.74038917e-02  4.43900000e-08  3.29943413e+00  4.43900000e-08  4.86861755e-01  4.43900000e-08  4.87479761e-01  4.43900000e-08  3.30000000e+00  4.43900000e-08  3.30000000e+00 
 4.44100000e-08 -8.77620705e-02  4.44100000e-08  3.29942094e+00  4.44100000e-08  4.82427470e-01  4.44100000e-08  4.83007381e-01  4.44100000e-08  3.30000000e+00  4.44100000e-08  3.30000000e+00 
 4.44300000e-08 -8.81247325e-02  4.44300000e-08  3.29940805e+00  4.44300000e-08  4.78036473e-01  4.44300000e-08  4.78582832e-01  4.44300000e-08  3.30000000e+00  4.44300000e-08  3.30000000e+00 
 4.44500000e-08 -8.84866493e-02  4.44500000e-08  3.29939825e+00  4.44500000e-08  4.73688302e-01  4.44500000e-08  4.74204777e-01  4.44500000e-08  3.30000000e+00  4.44500000e-08  3.30000000e+00 
 4.44700000e-08 -8.88512459e-02  4.44700000e-08  3.29938872e+00  4.44700000e-08  4.69382200e-01  4.44700000e-08  4.69871901e-01  4.44700000e-08  3.30000000e+00  4.44700000e-08  3.30000000e+00 
 4.44900000e-08 -8.92135089e-02  4.44900000e-08  3.29938220e+00  4.44900000e-08  4.65117689e-01  4.44900000e-08  4.65583138e-01  4.44900000e-08  3.30000000e+00  4.44900000e-08  3.30000000e+00 
 4.45100000e-08 -8.95770503e-02  4.45100000e-08  3.29937580e+00  4.45100000e-08  4.60894009e-01  4.45100000e-08  4.61337411e-01  4.45100000e-08  3.30000000e+00  4.45100000e-08  3.30000000e+00 
 4.45300000e-08 -8.99370345e-02  4.45300000e-08  3.29937225e+00  4.45300000e-08  4.56710697e-01  4.45300000e-08  4.57133845e-01  4.45300000e-08  3.30000000e+00  4.45300000e-08  3.30000000e+00 
 4.45500000e-08 -9.02972256e-02  4.45500000e-08  3.29936863e+00  4.45500000e-08  4.52567012e-01  4.45500000e-08  4.52971537e-01  4.45500000e-08  3.30000000e+00  4.45500000e-08  3.30000000e+00 
 4.45700000e-08 -9.06529334e-02  4.45700000e-08  3.29936767e+00  4.45700000e-08  4.48462521e-01  4.45700000e-08  4.48849747e-01  4.45700000e-08  3.30000000e+00  4.45700000e-08  3.30000000e+00 
 4.45900000e-08 -9.10080447e-02  4.45900000e-08  3.29936644e+00  4.45900000e-08  4.44396514e-01  4.45900000e-08  4.44767699e-01  4.45900000e-08  3.30000000e+00  4.45900000e-08  3.30000000e+00 
 4.46100000e-08 -9.13579874e-02  4.46100000e-08  3.29936766e+00  4.46100000e-08  4.40368597e-01  4.46100000e-08  4.40724753e-01  4.46100000e-08  3.30000000e+00  4.46100000e-08  3.30000000e+00 
 4.46300000e-08 -9.17067458e-02  4.46300000e-08  3.29936842e+00  4.46300000e-08  4.36378093e-01  4.46300000e-08  4.36720230e-01  4.46300000e-08  3.30000000e+00  4.46300000e-08  3.30000000e+00 
 4.46500000e-08 -9.20498432e-02  4.46500000e-08  3.29937145e+00  4.46500000e-08  4.32424646e-01  4.46500000e-08  4.32753564e-01  4.46500000e-08  3.30000000e+00  4.46500000e-08  3.30000000e+00 
 4.46700000e-08 -9.23913410e-02  4.46700000e-08  3.29937382e+00  4.46700000e-08  4.28507614e-01  4.46700000e-08  4.28824149e-01  4.46700000e-08  3.30000000e+00  4.46700000e-08  3.30000000e+00 
 4.46900000e-08 -9.27268386e-02  4.46900000e-08  3.29937829e+00  4.46900000e-08  4.24626678e-01  4.46900000e-08  4.24931478e-01  4.46900000e-08  3.30000000e+00  4.46900000e-08  3.30000000e+00 
 4.47100000e-08 -9.30604575e-02  4.47100000e-08  3.29938193e+00  4.47100000e-08  4.20781228e-01  4.47100000e-08  4.21075004e-01  4.47100000e-08  3.30000000e+00  4.47100000e-08  3.30000000e+00 
 4.47300000e-08 -9.33878581e-02  4.47300000e-08  3.29938753e+00  4.47300000e-08  4.16970979e-01  4.47300000e-08  4.17254264e-01  4.47300000e-08  3.30000000e+00  4.47300000e-08  3.30000000e+00 
 4.47500000e-08 -9.37132082e-02  4.47500000e-08  3.29939215e+00  4.47500000e-08  4.13195350e-01  4.47500000e-08  4.13468761e-01  4.47500000e-08  3.30000000e+00  4.47500000e-08  3.30000000e+00 
 4.47700000e-08 -9.40322163e-02  4.47700000e-08  3.29939860e+00  4.47700000e-08  4.09454087e-01  4.47700000e-08  4.09718067e-01  4.47700000e-08  3.30000000e+00  4.47700000e-08  3.30000000e+00 
 4.47900000e-08 -9.43490852e-02  4.47900000e-08  3.29940395e+00  4.47900000e-08  4.05746634e-01  4.47900000e-08  4.06001726e-01  4.47900000e-08  3.30000000e+00  4.47900000e-08  3.30000000e+00 
 4.48100000e-08 -9.46595617e-02  4.48100000e-08  3.29941102e+00  4.48100000e-08  4.02072762e-01  4.48100000e-08  4.02319340e-01  4.48100000e-08  3.30000000e+00  4.48100000e-08  3.30000000e+00 
 4.48300000e-08 -9.49678746e-02  4.48300000e-08  3.29941689e+00  4.48300000e-08  3.98431939e-01  4.48300000e-08  3.98670486e-01  4.48300000e-08  3.30000000e+00  4.48300000e-08  3.30000000e+00 
 4.48500000e-08 -9.52698005e-02  4.48500000e-08  3.29942438e+00  4.48500000e-08  3.94823961e-01  4.48500000e-08  3.95054790e-01  4.48500000e-08  3.30000000e+00  4.48500000e-08  3.30000000e+00 
 4.48700000e-08 -9.55695870e-02  4.48700000e-08  3.29943060e+00  4.48700000e-08  3.91248314e-01  4.48700000e-08  3.91471860e-01  4.48700000e-08  3.30000000e+00  4.48700000e-08  3.30000000e+00 
 4.48900000e-08 -9.58630342e-02  4.48900000e-08  3.29943836e+00  4.48900000e-08  3.87704815e-01  4.48900000e-08  3.87921341e-01  4.48900000e-08  3.30000000e+00  4.48900000e-08  3.30000000e+00 
 4.49100000e-08 -9.61544027e-02  4.49100000e-08  3.29944478e+00  4.49100000e-08  3.84192967e-01  4.49100000e-08  3.84402866e-01  4.49100000e-08  3.30000000e+00  4.49100000e-08  3.30000000e+00 
 4.49300000e-08 -9.64395107e-02  4.49300000e-08  3.29945269e+00  4.49300000e-08  3.80712604e-01  4.49300000e-08  3.80916100e-01  4.49300000e-08  3.30000000e+00  4.49300000e-08  3.30000000e+00 
 4.49500000e-08 -9.67226273e-02  4.49500000e-08  3.29945920e+00  4.49500000e-08  3.77263245e-01  4.49500000e-08  3.77460696e-01  4.49500000e-08  3.30000000e+00  4.49500000e-08  3.30000000e+00 
 4.49700000e-08 -9.69995847e-02  4.49700000e-08  3.29946716e+00  4.49700000e-08  3.73844741e-01  4.49700000e-08  3.74036333e-01  4.49700000e-08  3.30000000e+00  4.49700000e-08  3.30000000e+00 
 4.49850000e-08 -9.72065253e-02  4.49850000e-08  3.29947186e+00  4.49850000e-08  3.71300807e-01  4.49850000e-08  3.71488240e-01  4.49850000e-08  3.30000000e+00  4.49850000e-08  3.30000000e+00 
 4.50000000e-08 -9.74091404e-02  4.50000000e-08  3.29947799e+00  4.50000000e-08  3.68773967e-01  4.50000000e-08  3.68957294e-01  4.50000000e-08  3.30000000e+00  4.50000000e-08  3.30000000e+00 
