 0.00000000e+00  3.30000000e+00  0.00000000e+00  3.30000000e+00  0.00000000e+00  3.29999988e+00  0.00000000e+00  3.29999989e+00  0.00000000e+00  0.00000000e+00  0.00000000e+00  0.00000000e+00 
 2.00000000e-13  3.30000000e+00  2.00000000e-13  3.30000000e+00  2.00000000e-13  3.29999988e+00  2.00000000e-13  3.29999989e+00  2.00000000e-13  0.00000000e+00  2.00000000e-13  0.00000000e+00 
 4.00000000e-13  3.30000000e+00  4.00000000e-13  3.30000000e+00  4.00000000e-13  3.29999988e+00  4.00000000e-13  3.29999989e+00  4.00000000e-13  0.00000000e+00  4.00000000e-13  0.00000000e+00 
 8.00000000e-13  3.30000000e+00  8.00000000e-13  3.30000000e+00  8.00000000e-13  3.29999988e+00  8.00000000e-13  3.29999989e+00  8.00000000e-13  0.00000000e+00  8.00000000e-13  0.00000000e+00 
 1.60000000e-12  3.30000000e+00  1.60000000e-12  3.30000000e+00  1.60000000e-12  3.29999988e+00  1.60000000e-12  3.29999990e+00  1.60000000e-12  0.00000000e+00  1.60000000e-12  0.00000000e+00 
 3.20000000e-12  3.30000000e+00  3.20000000e-12  3.30000000e+00  3.20000000e-12  3.29999988e+00  3.20000000e-12  3.29999990e+00  3.20000000e-12  0.00000000e+00  3.20000000e-12  0.00000000e+00 
 6.40000000e-12  3.30000000e+00  6.40000000e-12  3.30000000e+00  6.40000000e-12  3.29999988e+00  6.40000000e-12  3.29999991e+00  6.40000000e-12  0.00000000e+00  6.40000000e-12  0.00000000e+00 
 1.28000000e-11  3.30000000e+00  1.28000000e-11  3.30000000e+00  1.28000000e-11  3.29999988e+00  1.28000000e-11  3.29999992e+00  1.28000000e-11  0.00000000e+00  1.28000000e-11  0.00000000e+00 
 2.56000000e-11  3.30000000e+00  2.56000000e-11  3.30000000e+00  2.56000000e-11  3.29999988e+00  2.56000000e-11  3.29999995e+00  2.56000000e-11  0.00000000e+00  2.56000000e-11  0.00000000e+00 
 4.56000000e-11  3.30000000e+00  4.56000000e-11  3.30000000e+00  4.56000000e-11  3.29999988e+00  4.56000000e-11  3.29999999e+00  4.56000000e-11  0.00000000e+00  4.56000000e-11  0.00000000e+00 
 6.56000000e-11  3.30000000e+00  6.56000000e-11  3.30000000e+00  6.56000000e-11  3.29999988e+00  6.56000000e-11  3.30000002e+00  6.56000000e-11  0.00000000e+00  6.56000000e-11  0.00000000e+00 
 8.56000000e-11  3.30000000e+00  8.56000000e-11  3.30000000e+00  8.56000000e-11  3.29999988e+00  8.56000000e-11  3.30000005e+00  8.56000000e-11  0.00000000e+00  8.56000000e-11  0.00000000e+00 
 1.05600000e-10  3.30000000e+00  1.05600000e-10  3.30000000e+00  1.05600000e-10  3.29999988e+00  1.05600000e-10  3.30000007e+00  1.05600000e-10  0.00000000e+00  1.05600000e-10  0.00000000e+00 
 1.25600000e-10  3.30000000e+00  1.25600000e-10  3.30000000e+00  1.25600000e-10  3.29999988e+00  1.25600000e-10  3.30000009e+00  1.25600000e-10  0.00000000e+00  1.25600000e-10  0.00000000e+00 
 1.45600000e-10  3.30000000e+00  1.45600000e-10  3.30000000e+00  1.45600000e-10  3.29999988e+00  1.45600000e-10  3.30000010e+00  1.45600000e-10  0.00000000e+00  1.45600000e-10  0.00000000e+00 
 1.65600000e-10  3.30000000e+00  1.65600000e-10  3.30000000e+00  1.65600000e-10  3.29999988e+00  1.65600000e-10  3.30000011e+00  1.65600000e-10  0.00000000e+00  1.65600000e-10  0.00000000e+00 
 1.85600000e-10  3.30000000e+00  1.85600000e-10  3.30000000e+00  1.85600000e-10  3.29999988e+00  1.85600000e-10  3.30000012e+00  1.85600000e-10  0.00000000e+00  1.85600000e-10  0.00000000e+00 
 2.05600000e-10  3.30000000e+00  2.05600000e-10  3.30000000e+00  2.05600000e-10  3.29999988e+00  2.05600000e-10  3.30000013e+00  2.05600000e-10  0.00000000e+00  2.05600000e-10  0.00000000e+00 
 2.25600000e-10  3.30000000e+00  2.25600000e-10  3.30000000e+00  2.25600000e-10  3.29999988e+00  2.25600000e-10  3.30000013e+00  2.25600000e-10  0.00000000e+00  2.25600000e-10  0.00000000e+00 
 2.45600000e-10  3.30000000e+00  2.45600000e-10  3.30000000e+00  2.45600000e-10  3.29999988e+00  2.45600000e-10  3.30000014e+00  2.45600000e-10  0.00000000e+00  2.45600000e-10  0.00000000e+00 
 2.65600000e-10  3.30000000e+00  2.65600000e-10  3.30000000e+00  2.65600000e-10  3.29999988e+00  2.65600000e-10  3.30000014e+00  2.65600000e-10  0.00000000e+00  2.65600000e-10  0.00000000e+00 
 2.85600000e-10  3.30000000e+00  2.85600000e-10  3.30000000e+00  2.85600000e-10  3.29999988e+00  2.85600000e-10  3.30000014e+00  2.85600000e-10  0.00000000e+00  2.85600000e-10  0.00000000e+00 
 3.05600000e-10  3.30000000e+00  3.05600000e-10  3.30000000e+00  3.05600000e-10  3.29999988e+00  3.05600000e-10  3.30000014e+00  3.05600000e-10  0.00000000e+00  3.05600000e-10  0.00000000e+00 
 3.25600000e-10  3.30000000e+00  3.25600000e-10  3.30000000e+00  3.25600000e-10  3.29999988e+00  3.25600000e-10  3.30000015e+00  3.25600000e-10  0.00000000e+00  3.25600000e-10  0.00000000e+00 
 3.45600000e-10  3.30000000e+00  3.45600000e-10  3.30000000e+00  3.45600000e-10  3.29999988e+00  3.45600000e-10  3.30000015e+00  3.45600000e-10  0.00000000e+00  3.45600000e-10  0.00000000e+00 
 3.65600000e-10  3.30000000e+00  3.65600000e-10  3.30000000e+00  3.65600000e-10  3.29999988e+00  3.65600000e-10  3.30000015e+00  3.65600000e-10  0.00000000e+00  3.65600000e-10  0.00000000e+00 
 3.85600000e-10  3.30000000e+00  3.85600000e-10  3.30000000e+00  3.85600000e-10  3.29999988e+00  3.85600000e-10  3.30000015e+00  3.85600000e-10  0.00000000e+00  3.85600000e-10  0.00000000e+00 
 4.05600000e-10  3.30000000e+00  4.05600000e-10  3.30000000e+00  4.05600000e-10  3.29999988e+00  4.05600000e-10  3.30000015e+00  4.05600000e-10  0.00000000e+00  4.05600000e-10  0.00000000e+00 
 4.25600000e-10  3.30000000e+00  4.25600000e-10  3.30000000e+00  4.25600000e-10  3.29999988e+00  4.25600000e-10  3.30000015e+00  4.25600000e-10  0.00000000e+00  4.25600000e-10  0.00000000e+00 
 4.45600000e-10  3.30000000e+00  4.45600000e-10  3.30000000e+00  4.45600000e-10  3.29999988e+00  4.45600000e-10  3.30000015e+00  4.45600000e-10  0.00000000e+00  4.45600000e-10  0.00000000e+00 
 4.65600000e-10  3.30000000e+00  4.65600000e-10  3.30000000e+00  4.65600000e-10  3.29999988e+00  4.65600000e-10  3.30000015e+00  4.65600000e-10  0.00000000e+00  4.65600000e-10  0.00000000e+00 
 4.85600000e-10  3.30000000e+00  4.85600000e-10  3.30000000e+00  4.85600000e-10  3.29999988e+00  4.85600000e-10  3.30000015e+00  4.85600000e-10  0.00000000e+00  4.85600000e-10  0.00000000e+00 
 5.05600000e-10  3.30000000e+00  5.05600000e-10  3.30000000e+00  5.05600000e-10  3.29999988e+00  5.05600000e-10  3.30000015e+00  5.05600000e-10  0.00000000e+00  5.05600000e-10  0.00000000e+00 
 5.25600000e-10  3.30000000e+00  5.25600000e-10  3.30000000e+00  5.25600000e-10  3.29999988e+00  5.25600000e-10  3.30000015e+00  5.25600000e-10  0.00000000e+00  5.25600000e-10  0.00000000e+00 
 5.45600000e-10  3.30000000e+00  5.45600000e-10  3.30000000e+00  5.45600000e-10  3.29999988e+00  5.45600000e-10  3.30000015e+00  5.45600000e-10  0.00000000e+00  5.45600000e-10  0.00000000e+00 
 5.65600000e-10  3.30000000e+00  5.65600000e-10  3.30000000e+00  5.65600000e-10  3.29999988e+00  5.65600000e-10  3.30000015e+00  5.65600000e-10  0.00000000e+00  5.65600000e-10  0.00000000e+00 
 5.85600000e-10  3.30000000e+00  5.85600000e-10  3.30000000e+00  5.85600000e-10  3.29999988e+00  5.85600000e-10  3.30000015e+00  5.85600000e-10  0.00000000e+00  5.85600000e-10  0.00000000e+00 
 6.05600000e-10  3.30000000e+00  6.05600000e-10  3.30000000e+00  6.05600000e-10  3.29999988e+00  6.05600000e-10  3.30000015e+00  6.05600000e-10  0.00000000e+00  6.05600000e-10  0.00000000e+00 
 6.25600000e-10  3.30000000e+00  6.25600000e-10  3.30000000e+00  6.25600000e-10  3.29999988e+00  6.25600000e-10  3.30000015e+00  6.25600000e-10  0.00000000e+00  6.25600000e-10  0.00000000e+00 
 6.45600000e-10  3.30000000e+00  6.45600000e-10  3.30000000e+00  6.45600000e-10  3.29999988e+00  6.45600000e-10  3.30000015e+00  6.45600000e-10  0.00000000e+00  6.45600000e-10  0.00000000e+00 
 6.65600000e-10  3.30000000e+00  6.65600000e-10  3.30000000e+00  6.65600000e-10  3.29999988e+00  6.65600000e-10  3.30000015e+00  6.65600000e-10  0.00000000e+00  6.65600000e-10  0.00000000e+00 
 6.85600000e-10  3.30000000e+00  6.85600000e-10  3.30000000e+00  6.85600000e-10  3.29999988e+00  6.85600000e-10  3.30000015e+00  6.85600000e-10  0.00000000e+00  6.85600000e-10  0.00000000e+00 
 7.05600000e-10  3.30000000e+00  7.05600000e-10  3.30000000e+00  7.05600000e-10  3.29999988e+00  7.05600000e-10  3.30000015e+00  7.05600000e-10  0.00000000e+00  7.05600000e-10  0.00000000e+00 
 7.25600000e-10  3.30000000e+00  7.25600000e-10  3.30000000e+00  7.25600000e-10  3.29999988e+00  7.25600000e-10  3.30000015e+00  7.25600000e-10  0.00000000e+00  7.25600000e-10  0.00000000e+00 
 7.45600000e-10  3.30000000e+00  7.45600000e-10  3.30000000e+00  7.45600000e-10  3.29999988e+00  7.45600000e-10  3.30000015e+00  7.45600000e-10  0.00000000e+00  7.45600000e-10  0.00000000e+00 
 7.65600000e-10  3.30000000e+00  7.65600000e-10  3.30000000e+00  7.65600000e-10  3.29999988e+00  7.65600000e-10  3.30000015e+00  7.65600000e-10  0.00000000e+00  7.65600000e-10  0.00000000e+00 
 7.85600000e-10  3.30000000e+00  7.85600000e-10  3.30000000e+00  7.85600000e-10  3.29999988e+00  7.85600000e-10  3.30000015e+00  7.85600000e-10  0.00000000e+00  7.85600000e-10  0.00000000e+00 
 8.05600000e-10  3.30000000e+00  8.05600000e-10  3.30000000e+00  8.05600000e-10  3.29999988e+00  8.05600000e-10  3.30000015e+00  8.05600000e-10  0.00000000e+00  8.05600000e-10  0.00000000e+00 
 8.25600000e-10  3.30000000e+00  8.25600000e-10  3.30000000e+00  8.25600000e-10  3.29999988e+00  8.25600000e-10  3.30000015e+00  8.25600000e-10  0.00000000e+00  8.25600000e-10  0.00000000e+00 
 8.45600000e-10  3.30000000e+00  8.45600000e-10  3.30000000e+00  8.45600000e-10  3.29999988e+00  8.45600000e-10  3.30000015e+00  8.45600000e-10  0.00000000e+00  8.45600000e-10  0.00000000e+00 
 8.65600000e-10  3.30000000e+00  8.65600000e-10  3.30000000e+00  8.65600000e-10  3.29999988e+00  8.65600000e-10  3.30000015e+00  8.65600000e-10  0.00000000e+00  8.65600000e-10  0.00000000e+00 
 8.85600000e-10  3.30000000e+00  8.85600000e-10  3.30000000e+00  8.85600000e-10  3.29999988e+00  8.85600000e-10  3.30000015e+00  8.85600000e-10  0.00000000e+00  8.85600000e-10  0.00000000e+00 
 9.05600000e-10  3.30000000e+00  9.05600000e-10  3.30000000e+00  9.05600000e-10  3.29999988e+00  9.05600000e-10  3.30000015e+00  9.05600000e-10  0.00000000e+00  9.05600000e-10  0.00000000e+00 
 9.25600000e-10  3.30000000e+00  9.25600000e-10  3.30000000e+00  9.25600000e-10  3.29999988e+00  9.25600000e-10  3.30000015e+00  9.25600000e-10  0.00000000e+00  9.25600000e-10  0.00000000e+00 
 9.45600000e-10  3.30000000e+00  9.45600000e-10  3.30000000e+00  9.45600000e-10  3.29999988e+00  9.45600000e-10  3.30000015e+00  9.45600000e-10  0.00000000e+00  9.45600000e-10  0.00000000e+00 
 9.65600000e-10  3.30000000e+00  9.65600000e-10  3.30000000e+00  9.65600000e-10  3.29999988e+00  9.65600000e-10  3.30000015e+00  9.65600000e-10  0.00000000e+00  9.65600000e-10  0.00000000e+00 
 9.85600000e-10  3.30000000e+00  9.85600000e-10  3.30000000e+00  9.85600000e-10  3.29999988e+00  9.85600000e-10  3.30000015e+00  9.85600000e-10  0.00000000e+00  9.85600000e-10  0.00000000e+00 
 1.00560000e-09  3.30000000e+00  1.00560000e-09  3.30000000e+00  1.00560000e-09  3.29999988e+00  1.00560000e-09  3.30000015e+00  1.00560000e-09  0.00000000e+00  1.00560000e-09  0.00000000e+00 
 1.02560000e-09  3.30000000e+00  1.02560000e-09  3.30000000e+00  1.02560000e-09  3.29999988e+00  1.02560000e-09  3.30000015e+00  1.02560000e-09  0.00000000e+00  1.02560000e-09  0.00000000e+00 
 1.04560000e-09  3.30000000e+00  1.04560000e-09  3.30000000e+00  1.04560000e-09  3.29999988e+00  1.04560000e-09  3.30000015e+00  1.04560000e-09  0.00000000e+00  1.04560000e-09  0.00000000e+00 
 1.06560000e-09  3.30000000e+00  1.06560000e-09  3.30000000e+00  1.06560000e-09  3.29999988e+00  1.06560000e-09  3.30000015e+00  1.06560000e-09  0.00000000e+00  1.06560000e-09  0.00000000e+00 
 1.08560000e-09  3.30000000e+00  1.08560000e-09  3.30000000e+00  1.08560000e-09  3.29999988e+00  1.08560000e-09  3.30000015e+00  1.08560000e-09  0.00000000e+00  1.08560000e-09  0.00000000e+00 
 1.10560000e-09  3.30000000e+00  1.10560000e-09  3.30000000e+00  1.10560000e-09  3.29999988e+00  1.10560000e-09  3.30000015e+00  1.10560000e-09  0.00000000e+00  1.10560000e-09  0.00000000e+00 
 1.12560000e-09  3.30000000e+00  1.12560000e-09  3.30000000e+00  1.12560000e-09  3.29999988e+00  1.12560000e-09  3.30000015e+00  1.12560000e-09  0.00000000e+00  1.12560000e-09  0.00000000e+00 
 1.14560000e-09  3.30000000e+00  1.14560000e-09  3.30000000e+00  1.14560000e-09  3.29999988e+00  1.14560000e-09  3.30000015e+00  1.14560000e-09  0.00000000e+00  1.14560000e-09  0.00000000e+00 
 1.16560000e-09  3.30000000e+00  1.16560000e-09  3.30000000e+00  1.16560000e-09  3.29999988e+00  1.16560000e-09  3.30000015e+00  1.16560000e-09  0.00000000e+00  1.16560000e-09  0.00000000e+00 
 1.18560000e-09  3.30000000e+00  1.18560000e-09  3.30000000e+00  1.18560000e-09  3.29999988e+00  1.18560000e-09  3.30000015e+00  1.18560000e-09  0.00000000e+00  1.18560000e-09  0.00000000e+00 
 1.20560000e-09  3.30000000e+00  1.20560000e-09  3.30000000e+00  1.20560000e-09  3.29999988e+00  1.20560000e-09  3.30000015e+00  1.20560000e-09  0.00000000e+00  1.20560000e-09  0.00000000e+00 
 1.22560000e-09  3.30000000e+00  1.22560000e-09  3.30000000e+00  1.22560000e-09  3.29999988e+00  1.22560000e-09  3.30000015e+00  1.22560000e-09  0.00000000e+00  1.22560000e-09  0.00000000e+00 
 1.24560000e-09  3.30000000e+00  1.24560000e-09  3.30000000e+00  1.24560000e-09  3.29999988e+00  1.24560000e-09  3.30000015e+00  1.24560000e-09  0.00000000e+00  1.24560000e-09  0.00000000e+00 
 1.26560000e-09  3.30000000e+00  1.26560000e-09  3.30000000e+00  1.26560000e-09  3.29999988e+00  1.26560000e-09  3.30000015e+00  1.26560000e-09  0.00000000e+00  1.26560000e-09  0.00000000e+00 
 1.28560000e-09  3.30000000e+00  1.28560000e-09  3.30000000e+00  1.28560000e-09  3.29999988e+00  1.28560000e-09  3.30000015e+00  1.28560000e-09  0.00000000e+00  1.28560000e-09  0.00000000e+00 
 1.30560000e-09  3.30000000e+00  1.30560000e-09  3.30000000e+00  1.30560000e-09  3.29999988e+00  1.30560000e-09  3.30000015e+00  1.30560000e-09  0.00000000e+00  1.30560000e-09  0.00000000e+00 
 1.32560000e-09  3.30000000e+00  1.32560000e-09  3.30000000e+00  1.32560000e-09  3.29999988e+00  1.32560000e-09  3.30000015e+00  1.32560000e-09  0.00000000e+00  1.32560000e-09  0.00000000e+00 
 1.34560000e-09  3.30000000e+00  1.34560000e-09  3.30000000e+00  1.34560000e-09  3.29999988e+00  1.34560000e-09  3.30000015e+00  1.34560000e-09  0.00000000e+00  1.34560000e-09  0.00000000e+00 
 1.36560000e-09  3.30000000e+00  1.36560000e-09  3.30000000e+00  1.36560000e-09  3.29999988e+00  1.36560000e-09  3.30000015e+00  1.36560000e-09  0.00000000e+00  1.36560000e-09  0.00000000e+00 
 1.38560000e-09  3.30000000e+00  1.38560000e-09  3.30000000e+00  1.38560000e-09  3.29999988e+00  1.38560000e-09  3.30000015e+00  1.38560000e-09  0.00000000e+00  1.38560000e-09  0.00000000e+00 
 1.40560000e-09  3.30000000e+00  1.40560000e-09  3.30000000e+00  1.40560000e-09  3.29999988e+00  1.40560000e-09  3.30000015e+00  1.40560000e-09  0.00000000e+00  1.40560000e-09  0.00000000e+00 
 1.42560000e-09  3.30000000e+00  1.42560000e-09  3.30000000e+00  1.42560000e-09  3.29999988e+00  1.42560000e-09  3.30000015e+00  1.42560000e-09  0.00000000e+00  1.42560000e-09  0.00000000e+00 
 1.44560000e-09  3.30000000e+00  1.44560000e-09  3.30000000e+00  1.44560000e-09  3.29999988e+00  1.44560000e-09  3.30000015e+00  1.44560000e-09  0.00000000e+00  1.44560000e-09  0.00000000e+00 
 1.46560000e-09  3.30000000e+00  1.46560000e-09  3.30000000e+00  1.46560000e-09  3.29999988e+00  1.46560000e-09  3.30000015e+00  1.46560000e-09  0.00000000e+00  1.46560000e-09  0.00000000e+00 
 1.48560000e-09  3.30000000e+00  1.48560000e-09  3.30000000e+00  1.48560000e-09  3.29999988e+00  1.48560000e-09  3.30000015e+00  1.48560000e-09  0.00000000e+00  1.48560000e-09  0.00000000e+00 
 1.50560000e-09  3.30000000e+00  1.50560000e-09  3.30000000e+00  1.50560000e-09  3.29999988e+00  1.50560000e-09  3.30000015e+00  1.50560000e-09  0.00000000e+00  1.50560000e-09  0.00000000e+00 
 1.52560000e-09  3.30000000e+00  1.52560000e-09  3.30000000e+00  1.52560000e-09  3.29999988e+00  1.52560000e-09  3.30000015e+00  1.52560000e-09  0.00000000e+00  1.52560000e-09  0.00000000e+00 
 1.54560000e-09  3.30000000e+00  1.54560000e-09  3.30000000e+00  1.54560000e-09  3.29999988e+00  1.54560000e-09  3.30000015e+00  1.54560000e-09  0.00000000e+00  1.54560000e-09  0.00000000e+00 
 1.56560000e-09  3.30000000e+00  1.56560000e-09  3.30000000e+00  1.56560000e-09  3.29999988e+00  1.56560000e-09  3.30000015e+00  1.56560000e-09  0.00000000e+00  1.56560000e-09  0.00000000e+00 
 1.58560000e-09  3.30000000e+00  1.58560000e-09  3.30000000e+00  1.58560000e-09  3.29999988e+00  1.58560000e-09  3.30000015e+00  1.58560000e-09  0.00000000e+00  1.58560000e-09  0.00000000e+00 
 1.60560000e-09  3.30000000e+00  1.60560000e-09  3.30000000e+00  1.60560000e-09  3.29999988e+00  1.60560000e-09  3.30000015e+00  1.60560000e-09  0.00000000e+00  1.60560000e-09  0.00000000e+00 
 1.62560000e-09  3.30000000e+00  1.62560000e-09  3.30000000e+00  1.62560000e-09  3.29999988e+00  1.62560000e-09  3.30000015e+00  1.62560000e-09  0.00000000e+00  1.62560000e-09  0.00000000e+00 
 1.64560000e-09  3.30000000e+00  1.64560000e-09  3.30000000e+00  1.64560000e-09  3.29999988e+00  1.64560000e-09  3.30000015e+00  1.64560000e-09  0.00000000e+00  1.64560000e-09  0.00000000e+00 
 1.66560000e-09  3.30000000e+00  1.66560000e-09  3.30000000e+00  1.66560000e-09  3.29999988e+00  1.66560000e-09  3.30000015e+00  1.66560000e-09  0.00000000e+00  1.66560000e-09  0.00000000e+00 
 1.68560000e-09  3.30000000e+00  1.68560000e-09  3.30000000e+00  1.68560000e-09  3.29999988e+00  1.68560000e-09  3.30000015e+00  1.68560000e-09  0.00000000e+00  1.68560000e-09  0.00000000e+00 
 1.70560000e-09  3.30000000e+00  1.70560000e-09  3.30000000e+00  1.70560000e-09  3.29999988e+00  1.70560000e-09  3.30000015e+00  1.70560000e-09  0.00000000e+00  1.70560000e-09  0.00000000e+00 
 1.72560000e-09  3.30000000e+00  1.72560000e-09  3.30000000e+00  1.72560000e-09  3.29999988e+00  1.72560000e-09  3.30000015e+00  1.72560000e-09  0.00000000e+00  1.72560000e-09  0.00000000e+00 
 1.74560000e-09  3.30000000e+00  1.74560000e-09  3.30000000e+00  1.74560000e-09  3.29999988e+00  1.74560000e-09  3.30000015e+00  1.74560000e-09  0.00000000e+00  1.74560000e-09  0.00000000e+00 
 1.76560000e-09  3.30000000e+00  1.76560000e-09  3.30000000e+00  1.76560000e-09  3.29999988e+00  1.76560000e-09  3.30000015e+00  1.76560000e-09  0.00000000e+00  1.76560000e-09  0.00000000e+00 
 1.78560000e-09  3.30000000e+00  1.78560000e-09  3.30000000e+00  1.78560000e-09  3.29999988e+00  1.78560000e-09  3.30000015e+00  1.78560000e-09  0.00000000e+00  1.78560000e-09  0.00000000e+00 
 1.80560000e-09  3.30000000e+00  1.80560000e-09  3.30000000e+00  1.80560000e-09  3.29999988e+00  1.80560000e-09  3.30000015e+00  1.80560000e-09  0.00000000e+00  1.80560000e-09  0.00000000e+00 
 1.82560000e-09  3.30000000e+00  1.82560000e-09  3.30000000e+00  1.82560000e-09  3.29999988e+00  1.82560000e-09  3.30000015e+00  1.82560000e-09  0.00000000e+00  1.82560000e-09  0.00000000e+00 
 1.84560000e-09  3.30000000e+00  1.84560000e-09  3.30000000e+00  1.84560000e-09  3.29999988e+00  1.84560000e-09  3.30000015e+00  1.84560000e-09  0.00000000e+00  1.84560000e-09  0.00000000e+00 
 1.86560000e-09  3.30000000e+00  1.86560000e-09  3.30000000e+00  1.86560000e-09  3.29999988e+00  1.86560000e-09  3.30000015e+00  1.86560000e-09  0.00000000e+00  1.86560000e-09  0.00000000e+00 
 1.88560000e-09  3.30000000e+00  1.88560000e-09  3.30000000e+00  1.88560000e-09  3.29999988e+00  1.88560000e-09  3.30000015e+00  1.88560000e-09  0.00000000e+00  1.88560000e-09  0.00000000e+00 
 1.90560000e-09  3.30000000e+00  1.90560000e-09  3.30000000e+00  1.90560000e-09  3.29999988e+00  1.90560000e-09  3.30000015e+00  1.90560000e-09  0.00000000e+00  1.90560000e-09  0.00000000e+00 
 1.92560000e-09  3.30000000e+00  1.92560000e-09  3.30000000e+00  1.92560000e-09  3.29999988e+00  1.92560000e-09  3.30000015e+00  1.92560000e-09  0.00000000e+00  1.92560000e-09  0.00000000e+00 
 1.94560000e-09  3.30000000e+00  1.94560000e-09  3.30000000e+00  1.94560000e-09  3.29999988e+00  1.94560000e-09  3.30000015e+00  1.94560000e-09  0.00000000e+00  1.94560000e-09  0.00000000e+00 
 1.96560000e-09  3.30000000e+00  1.96560000e-09  3.30000000e+00  1.96560000e-09  3.29999988e+00  1.96560000e-09  3.30000015e+00  1.96560000e-09  0.00000000e+00  1.96560000e-09  0.00000000e+00 
 1.98280000e-09  3.30000000e+00  1.98280000e-09  3.30000000e+00  1.98280000e-09  3.29999988e+00  1.98280000e-09  3.30000015e+00  1.98280000e-09  0.00000000e+00  1.98280000e-09  0.00000000e+00 
 2.00000000e-09  3.30000000e+00  2.00000000e-09  3.30000000e+00  2.00000000e-09  3.29999988e+00  2.00000000e-09  3.30000015e+00  2.00000000e-09  0.00000000e+00  2.00000000e-09  0.00000000e+00 
 2.00200000e-09  3.30000713e+00  2.00200000e-09  3.30000713e+00  2.00200000e-09  3.30263575e+00  2.00200000e-09  3.30263627e+00  2.00200000e-09  6.60000000e-02  2.00200000e-09  0.00000000e+00 
 2.00600000e-09  3.30001662e+00  2.00600000e-09  3.30001662e+00  2.00600000e-09  3.30780902e+00  2.00600000e-09  3.30781003e+00  2.00600000e-09  1.98000000e-01  2.00600000e-09  0.00000000e+00 
 2.01400000e-09  3.30001846e+00  2.01400000e-09  3.30001846e+00  2.01400000e-09  3.31759756e+00  2.01400000e-09  3.31759942e+00  2.01400000e-09  4.62000000e-01  2.01400000e-09  0.00000000e+00 
 2.03000000e-09  3.30000705e+00  2.03000000e-09  3.30000705e+00  2.03000000e-09  3.33554711e+00  2.03000000e-09  3.33555071e+00  2.03000000e-09  9.90000000e-01  2.03000000e-09  0.00000000e+00 
 2.05000000e-09  3.29999980e+00  2.05000000e-09  3.29999980e+00  2.05000000e-09  3.35653508e+00  2.05000000e-09  3.35654032e+00  2.05000000e-09  1.65000000e+00  2.05000000e-09  0.00000000e+00 
 2.07000000e-09  3.30000115e+00  2.07000000e-09  3.30000115e+00  2.07000000e-09  3.37843007e+00  2.07000000e-09  3.37843568e+00  2.07000000e-09  2.31000000e+00  2.07000000e-09  0.00000000e+00 
 2.08500000e-09  3.29999951e+00  2.08500000e-09  3.29999951e+00  2.08500000e-09  3.39421025e+00  2.08500000e-09  3.39421489e+00  2.08500000e-09  2.80500000e+00  2.08500000e-09  0.00000000e+00 
 2.10000000e-09  3.29998755e+00  2.10000000e-09  3.29998754e+00  2.10000000e-09  3.40042565e+00  2.10000000e-09  3.40042612e+00  2.10000000e-09  3.30000000e+00  2.10000000e-09  0.00000000e+00 
 2.10200000e-09  3.29998665e+00  2.10200000e-09  3.29998665e+00  2.10200000e-09  3.40043377e+00  2.10200000e-09  3.40043274e+00  2.10200000e-09  3.30000000e+00  2.10200000e-09  0.00000000e+00 
 2.10600000e-09  3.29998598e+00  2.10600000e-09  3.29998597e+00  2.10600000e-09  3.40045485e+00  2.10600000e-09  3.40045029e+00  2.10600000e-09  3.30000000e+00  2.10600000e-09  0.00000000e+00 
 2.11400000e-09  3.29998837e+00  2.11400000e-09  3.29998835e+00  2.11400000e-09  3.40052018e+00  2.11400000e-09  3.40050598e+00  2.11400000e-09  3.30000000e+00  2.11400000e-09  0.00000000e+00 
 2.13000000e-09  3.29999512e+00  2.13000000e-09  3.29999509e+00  2.13000000e-09  3.40078272e+00  2.13000000e-09  3.40073317e+00  2.13000000e-09  3.30000000e+00  2.13000000e-09  0.00000000e+00 
 2.15000000e-09  3.29999956e+00  2.15000000e-09  3.29999950e+00  2.15000000e-09  3.40156904e+00  2.15000000e-09  3.40141780e+00  2.15000000e-09  3.30000000e+00  2.15000000e-09  0.00000000e+00 
 2.17000000e-09  3.30000102e+00  2.17000000e-09  3.30000088e+00  2.17000000e-09  3.40339950e+00  2.17000000e-09  3.40301555e+00  2.17000000e-09  3.30000000e+00  2.17000000e-09  0.00000000e+00 
 2.19000000e-09  3.30000206e+00  2.19000000e-09  3.30000182e+00  2.19000000e-09  3.40711933e+00  2.19000000e-09  3.40628169e+00  2.19000000e-09  3.30000000e+00  2.19000000e-09  0.00000000e+00 
 2.21000000e-09  3.30000277e+00  2.21000000e-09  3.30000251e+00  2.21000000e-09  3.41330910e+00  2.21000000e-09  3.41179220e+00  2.21000000e-09  3.30000000e+00  2.21000000e-09  0.00000000e+00 
 2.23000000e-09  3.30000224e+00  2.23000000e-09  3.30000216e+00  2.23000000e-09  3.42138022e+00  2.23000000e-09  3.41915010e+00  2.23000000e-09  3.30000000e+00  2.23000000e-09  0.00000000e+00 
 2.25000000e-09  3.30000030e+00  2.25000000e-09  3.30000056e+00  2.25000000e-09  3.42951980e+00  2.25000000e-09  3.42685455e+00  2.25000000e-09  3.30000000e+00  2.25000000e-09  0.00000000e+00 
 2.27000000e-09  3.29999797e+00  2.27000000e-09  3.29999851e+00  2.27000000e-09  3.43558904e+00  2.27000000e-09  3.43301484e+00  2.27000000e-09  3.30000000e+00  2.27000000e-09  0.00000000e+00 
 2.29000000e-09  3.29999595e+00  2.29000000e-09  3.29999665e+00  2.29000000e-09  3.43789415e+00  2.29000000e-09  3.43604263e+00  2.29000000e-09  3.30000000e+00  2.29000000e-09  0.00000000e+00 
 2.31000000e-09  3.29999471e+00  2.31000000e-09  3.29999539e+00  2.31000000e-09  3.43541859e+00  2.31000000e-09  3.43491593e+00  2.31000000e-09  3.30000000e+00  2.31000000e-09  0.00000000e+00 
 2.33000000e-09  3.29999422e+00  2.33000000e-09  3.29999491e+00  2.33000000e-09  3.42774445e+00  2.33000000e-09  3.42915496e+00  2.33000000e-09  3.30000000e+00  2.33000000e-09  0.00000000e+00 
 2.35000000e-09  3.29999405e+00  2.35000000e-09  3.29999463e+00  2.35000000e-09  3.41488953e+00  2.35000000e-09  3.41869567e+00  2.35000000e-09  3.30000000e+00  2.35000000e-09  0.00000000e+00 
 2.37000000e-09  3.29999437e+00  2.37000000e-09  3.29999483e+00  2.37000000e-09  3.39715351e+00  2.37000000e-09  3.40375551e+00  2.37000000e-09  3.30000000e+00  2.37000000e-09  0.00000000e+00 
 2.39000000e-09  3.29999493e+00  2.39000000e-09  3.29999529e+00  2.39000000e-09  3.37499549e+00  2.39000000e-09  3.38471842e+00  2.39000000e-09  3.30000000e+00  2.39000000e-09  0.00000000e+00 
 2.41000000e-09  3.29999562e+00  2.41000000e-09  3.29999587e+00  2.41000000e-09  3.34894323e+00  2.41000000e-09  3.36204804e+00  2.41000000e-09  3.30000000e+00  2.41000000e-09  0.00000000e+00 
 2.43000000e-09  3.29999636e+00  2.43000000e-09  3.29999652e+00  2.43000000e-09  3.31953672e+00  2.43000000e-09  3.33623102e+00  2.43000000e-09  3.30000000e+00  2.43000000e-09  0.00000000e+00 
 2.45000000e-09  3.29999709e+00  2.45000000e-09  3.29999716e+00  2.45000000e-09  3.28729348e+00  2.45000000e-09  3.30773997e+00  2.45000000e-09  3.30000000e+00  2.45000000e-09  0.00000000e+00 
 2.47000000e-09  3.29999778e+00  2.47000000e-09  3.29999778e+00  2.47000000e-09  3.25268418e+00  2.47000000e-09  3.27701002e+00  2.47000000e-09  3.30000000e+00  2.47000000e-09  0.00000000e+00 
 2.49000000e-09  3.29999841e+00  2.49000000e-09  3.29999835e+00  2.49000000e-09  3.21612552e+00  2.49000000e-09  3.24442683e+00  2.49000000e-09  3.30000000e+00  2.49000000e-09  0.00000000e+00 
 2.51000000e-09  3.29999895e+00  2.51000000e-09  3.29999885e+00  2.51000000e-09  3.17797763e+00  2.51000000e-09  3.21032669e+00  2.51000000e-09  3.30000000e+00  2.51000000e-09  0.00000000e+00 
 2.53000000e-09  3.29999940e+00  2.53000000e-09  3.29999927e+00  2.53000000e-09  3.13854681e+00  2.53000000e-09  3.17499601e+00  2.53000000e-09  3.30000000e+00  2.53000000e-09  0.00000000e+00 
 2.55000000e-09  3.29999974e+00  2.55000000e-09  3.29999961e+00  2.55000000e-09  3.09809098e+00  2.55000000e-09  3.13867615e+00  2.55000000e-09  3.30000000e+00  2.55000000e-09  0.00000000e+00 
 2.57000000e-09  3.29999999e+00  2.57000000e-09  3.29999987e+00  2.57000000e-09  3.05682540e+00  2.57000000e-09  3.10156868e+00  2.57000000e-09  3.30000000e+00  2.57000000e-09  0.00000000e+00 
 2.58500000e-09  3.30000013e+00  2.58500000e-09  3.30000001e+00  2.58500000e-09  3.02544990e+00  2.58500000e-09  3.07331958e+00  2.58500000e-09  3.30000000e+00  2.58500000e-09  0.00000000e+00 
 2.60000000e-09  3.30000022e+00  2.60000000e-09  3.30000013e+00  2.60000000e-09  2.99378457e+00  2.60000000e-09  3.04478268e+00  2.60000000e-09  3.30000000e+00  2.60000000e-09  0.00000000e+00 
 2.60200000e-09  3.32132331e+00  2.60200000e-09  3.32132288e+00  2.60200000e-09  2.98990287e+00  2.60200000e-09  3.04132637e+00  2.60200000e-09  3.30000000e+00  2.60200000e-09  6.60000000e-02 
 2.60600000e-09  3.35608235e+00  2.60600000e-09  3.35608105e+00  2.60600000e-09  2.98204435e+00  2.60600000e-09  3.03431541e+00  2.60600000e-09  3.30000000e+00  2.60600000e-09  1.98000000e-01 
 2.61400000e-09  3.39508704e+00  2.61400000e-09  3.39508595e+00  2.61400000e-09  2.96590855e+00  2.61400000e-09  3.01986480e+00  2.61400000e-09  3.30000000e+00  2.61400000e-09  4.62000000e-01 
 2.63000000e-09  3.43011097e+00  2.63000000e-09  3.43011125e+00  2.63000000e-09  2.93205064e+00  2.63000000e-09  2.98935694e+00  2.63000000e-09  3.30000000e+00  2.63000000e-09  9.90000000e-01 
 2.65000000e-09  3.46572139e+00  2.65000000e-09  3.46572254e+00  2.65000000e-09  2.88405059e+00  2.65000000e-09  2.94551435e+00  2.65000000e-09  3.30000000e+00  2.65000000e-09  1.65000000e+00 
 2.67000000e-09  3.53497825e+00  2.67000000e-09  3.53518928e+00  2.67000000e-09  2.82249836e+00  2.67000000e-09  2.88067037e+00  2.67000000e-09  3.30000000e+00  2.67000000e-09  2.31000000e+00 
 2.68500000e-09  3.62715239e+00  2.68500000e-09  3.62726382e+00  2.68500000e-09  2.73802147e+00  2.68500000e-09  2.79221969e+00  2.68500000e-09  3.30000000e+00  2.68500000e-09  2.80500000e+00 
 2.70000000e-09  3.74325793e+00  2.70000000e-09  3.74273039e+00  2.70000000e-09  2.64559867e+00  2.70000000e-09  2.70105236e+00  2.70000000e-09  3.30000000e+00  2.70000000e-09  3.30000000e+00 
 2.70200000e-09  3.74307891e+00  2.70200000e-09  3.74243657e+00  2.70200000e-09  2.63333101e+00  2.70200000e-09  2.68898366e+00  2.70200000e-09  3.30000000e+00  2.70200000e-09  3.30000000e+00 
 2.70600000e-09  3.74252015e+00  2.70600000e-09  3.74162781e+00  2.70600000e-09  2.60980043e+00  2.70600000e-09  2.66585820e+00  2.70600000e-09  3.30000000e+00  2.70600000e-09  3.30000000e+00 
 2.71400000e-09  3.74025347e+00  2.71400000e-09  3.73872340e+00  2.71400000e-09  2.56813436e+00  2.71400000e-09  2.62500023e+00  2.71400000e-09  3.30000000e+00  2.71400000e-09  3.30000000e+00 
 2.73000000e-09  3.73134595e+00  2.73000000e-09  3.72815004e+00  2.73000000e-09  2.50096346e+00  2.73000000e-09  2.55939525e+00  2.73000000e-09  3.30000000e+00  2.73000000e-09  3.30000000e+00 
 2.75000000e-09  3.71503696e+00  2.75000000e-09  3.70652467e+00  2.75000000e-09  2.43575477e+00  2.75000000e-09  2.49602569e+00  2.75000000e-09  3.30000000e+00  2.75000000e-09  3.30000000e+00 
 2.77000000e-09  3.64154906e+00  2.77000000e-09  3.63698286e+00  2.77000000e-09  2.38053437e+00  2.77000000e-09  2.44281708e+00  2.77000000e-09  3.30000000e+00  2.77000000e-09  3.30000000e+00 
 2.79000000e-09  3.40139998e+00  2.79000000e-09  3.49744666e+00  2.79000000e-09  2.32938906e+00  2.79000000e-09  2.39490545e+00  2.79000000e-09  3.30000000e+00  2.79000000e-09  3.30000000e+00 
 2.81000000e-09  3.01127123e+00  2.81000000e-09  3.29269160e+00  2.81000000e-09  2.28037434e+00  2.81000000e-09  2.35055436e+00  2.81000000e-09  3.30000000e+00  2.81000000e-09  3.30000000e+00 
 2.83000000e-09  2.54788808e+00  2.83000000e-09  3.08416891e+00  2.83000000e-09  2.23210204e+00  2.83000000e-09  2.30788638e+00  2.83000000e-09  3.30000000e+00  2.83000000e-09  3.30000000e+00 
 2.85000000e-09  2.05705759e+00  2.85000000e-09  2.91404856e+00  2.85000000e-09  2.18120800e+00  2.85000000e-09  2.26513221e+00  2.85000000e-09  3.30000000e+00  2.85000000e-09  3.30000000e+00 
 2.87000000e-09  1.58342483e+00  2.87000000e-09  2.80968422e+00  2.87000000e-09  2.11881730e+00  2.87000000e-09  2.21945954e+00  2.87000000e-09  3.30000000e+00  2.87000000e-09  3.30000000e+00 
 2.89000000e-09  1.20223352e+00  2.89000000e-09  2.75581331e+00  2.89000000e-09  2.05418238e+00  2.89000000e-09  2.16751305e+00  2.89000000e-09  3.30000000e+00  2.89000000e-09  3.30000000e+00 
 2.91000000e-09  9.40215862e-01  2.91000000e-09  2.73783990e+00  2.91000000e-09  1.99369041e+00  2.91000000e-09  2.10921628e+00  2.91000000e-09  3.30000000e+00  2.91000000e-09  3.30000000e+00 
 2.93000000e-09  7.56625491e-01  2.93000000e-09  2.74571005e+00  2.93000000e-09  1.93685718e+00  2.93000000e-09  2.04900069e+00  2.93000000e-09  3.30000000e+00  2.93000000e-09  3.30000000e+00 
 2.95000000e-09  6.14221166e-01  2.95000000e-09  2.76897137e+00  2.95000000e-09  1.88293848e+00  2.95000000e-09  1.99097086e+00  2.95000000e-09  3.30000000e+00  2.95000000e-09  3.30000000e+00 
 2.97000000e-09  4.99364735e-01  2.97000000e-09  2.80155364e+00  2.97000000e-09  1.83173220e+00  2.97000000e-09  1.93659624e+00  2.97000000e-09  3.30000000e+00  2.97000000e-09  3.30000000e+00 
 2.99000000e-09  4.05314368e-01  2.99000000e-09  2.83945781e+00  2.99000000e-09  1.78316911e+00  2.99000000e-09  1.88608796e+00  2.99000000e-09  3.30000000e+00  2.99000000e-09  3.30000000e+00 
 3.01000000e-09  3.27613421e-01  3.01000000e-09  2.87981768e+00  3.01000000e-09  1.73715862e+00  3.01000000e-09  1.83920073e+00  3.01000000e-09  3.30000000e+00  3.01000000e-09  3.30000000e+00 
 3.03000000e-09  2.63072143e-01  3.03000000e-09  2.92057837e+00  3.03000000e-09  1.69355713e+00  3.03000000e-09  1.79554389e+00  3.03000000e-09  3.30000000e+00  3.03000000e-09  3.30000000e+00 
 3.05000000e-09  2.09149692e-01  3.05000000e-09  2.96026591e+00  3.05000000e-09  1.65217175e+00  3.05000000e-09  1.75470472e+00  3.05000000e-09  3.30000000e+00  3.05000000e-09  3.30000000e+00 
 3.07000000e-09  1.63903395e-01  3.07000000e-09  2.99791592e+00  3.07000000e-09  1.61277638e+00  3.07000000e-09  1.71629276e+00  3.07000000e-09  3.30000000e+00  3.07000000e-09  3.30000000e+00 
 3.09000000e-09  1.25793684e-01  3.09000000e-09  3.03294167e+00  3.09000000e-09  1.57513665e+00  3.09000000e-09  1.67995596e+00  3.09000000e-09  3.30000000e+00  3.09000000e-09  3.30000000e+00 
 3.11000000e-09  9.36167891e-02  3.11000000e-09  3.06504484e+00  3.11000000e-09  1.53902617e+00  3.11000000e-09  1.64538671e+00  3.11000000e-09  3.30000000e+00  3.11000000e-09  3.30000000e+00 
 3.13000000e-09  6.63776234e-02  3.13000000e-09  3.09412187e+00  3.13000000e-09  1.50423666e+00  3.13000000e-09  1.61231830e+00  3.13000000e-09  3.30000000e+00  3.13000000e-09  3.30000000e+00 
 3.15000000e-09  4.32871775e-02  3.15000000e-09  3.12021387e+00  3.15000000e-09  1.47058193e+00  3.15000000e-09  1.58052332e+00  3.15000000e-09  3.30000000e+00  3.15000000e-09  3.30000000e+00 
 3.17000000e-09  2.36658011e-02  3.17000000e-09  3.14344410e+00  3.17000000e-09  1.43790548e+00  3.17000000e-09  1.54980008e+00  3.17000000e-09  3.30000000e+00  3.17000000e-09  3.30000000e+00 
 3.19000000e-09  6.96803891e-03  3.19000000e-09  3.16399614e+00  3.19000000e-09  1.40605289e+00  3.19000000e-09  1.51997963e+00  3.19000000e-09  3.30000000e+00  3.19000000e-09  3.30000000e+00 
 3.21000000e-09 -7.28815952e-03  3.21000000e-09  3.18207806e+00  3.21000000e-09  1.37490882e+00  3.21000000e-09  1.49093476e+00  3.21000000e-09  3.30000000e+00  3.21000000e-09  3.30000000e+00 
 3.23000000e-09 -1.94682766e-02  3.23000000e-09  3.19792300e+00  3.23000000e-09  1.34436297e+00  3.23000000e-09  1.46254319e+00  3.23000000e-09  3.30000000e+00  3.23000000e-09  3.30000000e+00 
 3.25000000e-09 -2.99210355e-02  3.25000000e-09  3.21174846e+00  3.25000000e-09  1.31432523e+00  3.25000000e-09  1.43470936e+00  3.25000000e-09  3.30000000e+00  3.25000000e-09  3.30000000e+00 
 3.27000000e-09 -3.89211344e-02  3.27000000e-09  3.22377241e+00  3.27000000e-09  1.28472133e+00  3.27000000e-09  1.40735681e+00  3.27000000e-09  3.30000000e+00  3.27000000e-09  3.30000000e+00 
 3.29000000e-09 -4.66882154e-02  3.29000000e-09  3.23420700e+00  3.29000000e-09  1.25549547e+00  3.29000000e-09  1.38041152e+00  3.29000000e-09  3.30000000e+00  3.29000000e-09  3.30000000e+00 
 3.31000000e-09 -5.33856244e-02  3.31000000e-09  3.24324702e+00  3.31000000e-09  1.22659698e+00  3.31000000e-09  1.35381491e+00  3.31000000e-09  3.30000000e+00  3.31000000e-09  3.30000000e+00 
 3.33000000e-09 -5.91967883e-02  3.33000000e-09  3.25105917e+00  3.33000000e-09  1.19798346e+00  3.33000000e-09  1.32751905e+00  3.33000000e-09  3.30000000e+00  3.33000000e-09  3.30000000e+00 
 3.35000000e-09 -6.42441161e-02  3.35000000e-09  3.25780224e+00  3.35000000e-09  1.16961914e+00  3.35000000e-09  1.30148443e+00  3.35000000e-09  3.30000000e+00  3.35000000e-09  3.30000000e+00 
 3.37000000e-09 -6.86584756e-02  3.37000000e-09  3.26361058e+00  3.37000000e-09  1.14147419e+00  3.37000000e-09  1.27567714e+00  3.37000000e-09  3.30000000e+00  3.37000000e-09  3.30000000e+00 
 3.39000000e-09 -7.25239319e-02  3.39000000e-09  3.26861072e+00  3.39000000e-09  1.11352343e+00  3.39000000e-09  1.25006956e+00  3.39000000e-09  3.30000000e+00  3.39000000e-09  3.30000000e+00 
 3.41000000e-09 -7.59381425e-02  3.41000000e-09  3.27290677e+00  3.41000000e-09  1.08574620e+00  3.41000000e-09  1.22463758e+00  3.41000000e-09  3.30000000e+00  3.41000000e-09  3.30000000e+00 
 3.43000000e-09 -7.89581739e-02  3.43000000e-09  3.27659731e+00  3.43000000e-09  1.05812538e+00  3.43000000e-09  1.19936184e+00  3.43000000e-09  3.30000000e+00  3.43000000e-09  3.30000000e+00 
 3.45000000e-09 -8.16589921e-02  3.45000000e-09  3.27976105e+00  3.45000000e-09  1.03064770e+00  3.45000000e-09  1.17422527e+00  3.45000000e-09  3.30000000e+00  3.45000000e-09  3.30000000e+00 
 3.47000000e-09 -8.40786615e-02  3.47000000e-09  3.28247382e+00  3.47000000e-09  1.00330318e+00  3.47000000e-09  1.14921452e+00  3.47000000e-09  3.30000000e+00  3.47000000e-09  3.30000000e+00 
 3.49000000e-09 -8.62761097e-02  3.49000000e-09  3.28479405e+00  3.49000000e-09  9.76086187e-01  3.49000000e-09  1.12431777e+00  3.49000000e-09  3.30000000e+00  3.49000000e-09  3.30000000e+00 
 3.51000000e-09 -8.82757405e-02  3.51000000e-09  3.28677971e+00  3.51000000e-09  9.48995787e-01  3.51000000e-09  1.09952640e+00  3.51000000e-09  3.30000000e+00  3.51000000e-09  3.30000000e+00 
 3.53000000e-09 -9.01247306e-02  3.53000000e-09  3.28847361e+00  3.53000000e-09  9.22038613e-01  3.53000000e-09  1.07483299e+00  3.53000000e-09  3.30000000e+00  3.53000000e-09  3.30000000e+00 
 3.55000000e-09 -9.18371358e-02  3.55000000e-09  3.28992015e+00  3.55000000e-09  8.95232448e-01  3.55000000e-09  1.05023329e+00  3.55000000e-09  3.30000000e+00  3.55000000e-09  3.30000000e+00 
 3.57000000e-09 -9.34506747e-02  3.57000000e-09  3.29115046e+00  3.57000000e-09  8.68615682e-01  3.57000000e-09  1.02572479e+00  3.57000000e-09  3.30000000e+00  3.57000000e-09  3.30000000e+00 
 3.59000000e-09 -9.49700633e-02  3.59000000e-09  3.29219918e+00  3.59000000e-09  8.42264912e-01  3.59000000e-09  1.00130970e+00  3.59000000e-09  3.30000000e+00  3.59000000e-09  3.30000000e+00 
 3.61000000e-09 -9.64224687e-02  3.61000000e-09  3.29308963e+00  3.61000000e-09  8.16335431e-01  3.61000000e-09  9.76995986e-01  3.61000000e-09  3.30000000e+00  3.61000000e-09  3.30000000e+00 
 3.63000000e-09 -9.77984840e-02  3.63000000e-09  3.29385106e+00  3.63000000e-09  7.91136118e-01  3.63000000e-09  9.52804760e-01  3.63000000e-09  3.30000000e+00  3.63000000e-09  3.30000000e+00 
 3.65000000e-09 -9.91058916e-02  3.65000000e-09  3.29450388e+00  3.65000000e-09  7.67208688e-01  3.65000000e-09  9.28770673e-01  3.65000000e-09  3.30000000e+00  3.65000000e-09  3.30000000e+00 
 3.67000000e-09 -1.00316527e-01  3.67000000e-09  3.29507445e+00  3.67000000e-09  7.45264399e-01  3.67000000e-09  9.04925114e-01  3.67000000e-09  3.30000000e+00  3.67000000e-09  3.30000000e+00 
 3.69000000e-09 -1.01436836e-01  3.69000000e-09  3.29557502e+00  3.69000000e-09  7.25892388e-01  3.69000000e-09  8.81259391e-01  3.69000000e-09  3.30000000e+00  3.69000000e-09  3.30000000e+00 
 3.71000000e-09 -1.02466985e-01  3.71000000e-09  3.29601600e+00  3.71000000e-09  7.09279123e-01  3.71000000e-09  8.57718224e-01  3.71000000e-09  3.30000000e+00  3.71000000e-09  3.30000000e+00 
 3.73000000e-09 -1.03459368e-01  3.73000000e-09  3.29639162e+00  3.73000000e-09  6.95208915e-01  3.73000000e-09  8.34233793e-01  3.73000000e-09  3.30000000e+00  3.73000000e-09  3.30000000e+00 
 3.75000000e-09 -1.04444021e-01  3.75000000e-09  3.29670361e+00  3.75000000e-09  6.83260557e-01  3.75000000e-09  8.10789454e-01  3.75000000e-09  3.30000000e+00  3.75000000e-09  3.30000000e+00 
 3.77000000e-09 -1.05449511e-01  3.77000000e-09  3.29695686e+00  3.77000000e-09  6.73001451e-01  3.77000000e-09  7.87499779e-01  3.77000000e-09  3.30000000e+00  3.77000000e-09  3.30000000e+00 
 3.79000000e-09 -1.06404476e-01  3.79000000e-09  3.29718648e+00  3.79000000e-09  6.64065466e-01  3.79000000e-09  7.64704576e-01  3.79000000e-09  3.30000000e+00  3.79000000e-09  3.30000000e+00 
 3.81000000e-09 -1.07178350e-01  3.81000000e-09  3.29744073e+00  3.81000000e-09  6.56176456e-01  3.81000000e-09  7.42973581e-01  3.81000000e-09  3.30000000e+00  3.81000000e-09  3.30000000e+00 
 3.83000000e-09 -1.07575107e-01  3.83000000e-09  3.29777471e+00  3.83000000e-09  6.49114312e-01  3.83000000e-09  7.22928324e-01  3.83000000e-09  3.30000000e+00  3.83000000e-09  3.30000000e+00 
 3.85000000e-09 -1.07485952e-01  3.85000000e-09  3.29820559e+00  3.85000000e-09  6.42687189e-01  3.85000000e-09  7.04980075e-01  3.85000000e-09  3.30000000e+00  3.85000000e-09  3.30000000e+00 
 3.87000000e-09 -1.06897671e-01  3.87000000e-09  3.29871485e+00  3.87000000e-09  6.36728468e-01  3.87000000e-09  6.89179232e-01  3.87000000e-09  3.30000000e+00  3.87000000e-09  3.30000000e+00 
 3.89000000e-09 -1.05931659e-01  3.89000000e-09  3.29924649e+00  3.89000000e-09  6.31102926e-01  3.89000000e-09  6.75292048e-01  3.89000000e-09  3.30000000e+00  3.89000000e-09  3.30000000e+00 
 3.91000000e-09 -1.04725131e-01  3.91000000e-09  3.29975373e+00  3.91000000e-09  6.25704557e-01  3.91000000e-09  6.62986478e-01  3.91000000e-09  3.30000000e+00  3.91000000e-09  3.30000000e+00 
 3.93000000e-09 -1.03427645e-01  3.93000000e-09  3.30019883e+00  3.93000000e-09  6.20454893e-01  3.93000000e-09  6.51938308e-01  3.93000000e-09  3.30000000e+00  3.93000000e-09  3.30000000e+00 
 3.95000000e-09 -1.02122048e-01  3.95000000e-09  3.30056762e+00  3.95000000e-09  6.15294354e-01  3.95000000e-09  6.41889347e-01  3.95000000e-09  3.30000000e+00  3.95000000e-09  3.30000000e+00 
 3.97000000e-09 -1.00882508e-01  3.97000000e-09  3.30085072e+00  3.97000000e-09  6.10182952e-01  3.97000000e-09  6.32643810e-01  3.97000000e-09  3.30000000e+00  3.97000000e-09  3.30000000e+00 
 3.99000000e-09 -9.97300134e-02  3.99000000e-09  3.30105614e+00  3.99000000e-09  6.05092161e-01  3.99000000e-09  6.24049284e-01  3.99000000e-09  3.30000000e+00  3.99000000e-09  3.30000000e+00 
 4.01000000e-09 -9.86981672e-02  4.01000000e-09  3.30118876e+00  4.01000000e-09  6.00006470e-01  4.01000000e-09  6.15990345e-01  4.01000000e-09  3.30000000e+00  4.01000000e-09  3.30000000e+00 
 4.03000000e-09 -9.77790469e-02  4.03000000e-09  3.30126285e+00  4.03000000e-09  5.94915878e-01  4.03000000e-09  6.08379537e-01  4.03000000e-09  3.30000000e+00  4.03000000e-09  3.30000000e+00 
 4.05000000e-09 -9.69874712e-02  4.05000000e-09  3.30128533e+00  4.05000000e-09  5.89818460e-01  4.05000000e-09  6.01148073e-01  4.05000000e-09  3.30000000e+00  4.05000000e-09  3.30000000e+00 
 4.07000000e-09 -9.63043711e-02  4.07000000e-09  3.30127000e+00  4.07000000e-09  5.84713719e-01  4.07000000e-09  5.94241978e-01  4.07000000e-09  3.30000000e+00  4.07000000e-09  3.30000000e+00 
 4.09000000e-09 -9.57380507e-02  4.09000000e-09  3.30122203e+00  4.09000000e-09  5.79606142e-01  4.09000000e-09  5.87616881e-01  4.09000000e-09  3.30000000e+00  4.09000000e-09  3.30000000e+00 
 4.11000000e-09 -9.52659505e-02  4.11000000e-09  3.30115294e+00  4.11000000e-09  5.74499184e-01  4.11000000e-09  5.81236889e-01  4.11000000e-09  3.30000000e+00  4.11000000e-09  3.30000000e+00 
 4.13000000e-09 -9.48947311e-02  4.13000000e-09  3.30106543e+00  4.13000000e-09  5.69399565e-01  4.13000000e-09  5.75071436e-01  4.13000000e-09  3.30000000e+00  4.13000000e-09  3.30000000e+00 
 4.15000000e-09 -9.46013646e-02  4.15000000e-09  3.30096872e+00  4.15000000e-09  5.64311645e-01  4.15000000e-09  5.69095357e-01  4.15000000e-09  3.30000000e+00  4.15000000e-09  3.30000000e+00 
 4.17000000e-09 -9.43927403e-02  4.17000000e-09  3.30086330e+00  4.17000000e-09  5.59242216e-01  4.17000000e-09  5.63286702e-01  4.17000000e-09  3.30000000e+00  4.17000000e-09  3.30000000e+00 
 4.19000000e-09 -9.42464951e-02  4.19000000e-09  3.30075654e+00  4.19000000e-09  5.54195070e-01  4.19000000e-09  5.57627313e-01  4.19000000e-09  3.30000000e+00  4.19000000e-09  3.30000000e+00 
 4.21000000e-09 -9.41704029e-02  4.21000000e-09  3.30064726e+00  4.21000000e-09  5.49176111e-01  4.21000000e-09  5.52101108e-01  4.21000000e-09  3.30000000e+00  4.21000000e-09  3.30000000e+00 
 4.23000000e-09 -9.41431131e-02  4.23000000e-09  3.30054148e+00  4.23000000e-09  5.44187999e-01  4.23000000e-09  5.46694842e-01  4.23000000e-09  3.30000000e+00  4.23000000e-09  3.30000000e+00 
 4.25000000e-09 -9.41735910e-02  4.25000000e-09  3.30043689e+00  4.25000000e-09  5.39235459e-01  4.25000000e-09  5.41396652e-01  4.25000000e-09  3.30000000e+00  4.25000000e-09  3.30000000e+00 
 4.27000000e-09 -9.42416856e-02  4.27000000e-09  3.30033863e+00  4.27000000e-09  5.34319931e-01  4.27000000e-09  5.36196869e-01  4.27000000e-09  3.30000000e+00  4.27000000e-09  3.30000000e+00 
 4.29000000e-09 -9.43565513e-02  4.29000000e-09  3.30024338e+00  4.29000000e-09  5.29445011e-01  4.29000000e-09  5.31086765e-01  4.29000000e-09  3.30000000e+00  4.29000000e-09  3.30000000e+00 
 4.31000000e-09 -9.44993402e-02  4.31000000e-09  3.30015570e+00  4.31000000e-09  5.24611058e-01  4.31000000e-09  5.26059311e-01  4.31000000e-09  3.30000000e+00  4.31000000e-09  3.30000000e+00 
 4.33000000e-09 -9.46801955e-02  4.33000000e-09  3.30007187e+00  4.33000000e-09  5.19820735e-01  4.33000000e-09  5.21108066e-01  4.33000000e-09  3.30000000e+00  4.33000000e-09  3.30000000e+00 
 4.35000000e-09 -9.48810677e-02  4.35000000e-09  3.29999613e+00  4.35000000e-09  5.15073545e-01  4.35000000e-09  5.16227938e-01  4.35000000e-09  3.30000000e+00  4.35000000e-09  3.30000000e+00 
 4.37000000e-09 -9.51129609e-02  4.37000000e-09  3.29992486e+00  4.37000000e-09  5.10371452e-01  4.37000000e-09  5.11414173e-01  4.37000000e-09  3.30000000e+00  4.37000000e-09  3.30000000e+00 
 4.39000000e-09 -9.53582792e-02  4.39000000e-09  3.29986150e+00  4.39000000e-09  5.05713335e-01  4.39000000e-09  5.06663085e-01  4.39000000e-09  3.30000000e+00  4.39000000e-09  3.30000000e+00 
 4.41000000e-09 -9.56286110e-02  4.41000000e-09  3.29980164e+00  4.41000000e-09  5.01100672e-01  4.41000000e-09  5.01971141e-01  4.41000000e-09  3.30000000e+00  4.41000000e-09  3.30000000e+00 
 4.43000000e-09 -9.59071766e-02  4.43000000e-09  3.29974935e+00  4.43000000e-09  4.96531921e-01  4.43000000e-09  4.97335657e-01  4.43000000e-09  3.30000000e+00  4.43000000e-09  3.30000000e+00 
 4.45000000e-09 -9.62059332e-02  4.45000000e-09  3.29970010e+00  4.45000000e-09  4.92008252e-01  4.45000000e-09  4.92753968e-01  4.45000000e-09  3.30000000e+00  4.45000000e-09  3.30000000e+00 
 4.47000000e-09 -9.65086356e-02  4.47000000e-09  3.29965793e+00  4.47000000e-09  4.87527856e-01  4.47000000e-09  4.88224098e-01  4.47000000e-09  3.30000000e+00  4.47000000e-09  3.30000000e+00 
 4.49000000e-09 -9.68276589e-02  4.49000000e-09  3.29961824e+00  4.49000000e-09  4.83091729e-01  4.49000000e-09  4.83743995e-01  4.49000000e-09  3.30000000e+00  4.49000000e-09  3.30000000e+00 
 4.51000000e-09 -9.71471649e-02  4.51000000e-09  3.29958505e+00  4.51000000e-09  4.78697909e-01  4.51000000e-09  4.79312177e-01  4.51000000e-09  3.30000000e+00  4.51000000e-09  3.30000000e+00 
 4.53000000e-09 -9.74798892e-02  4.53000000e-09  3.29955374e+00  4.53000000e-09  4.74347310e-01  4.53000000e-09  4.74927025e-01  4.53000000e-09  3.30000000e+00  4.53000000e-09  3.30000000e+00 
 4.55000000e-09 -9.78103265e-02  4.55000000e-09  3.29952834e+00  4.55000000e-09  4.70037891e-01  4.55000000e-09  4.70587399e-01  4.55000000e-09  3.30000000e+00  4.55000000e-09  3.30000000e+00 
 4.57000000e-09 -9.81515113e-02  4.57000000e-09  3.29950423e+00  4.57000000e-09  4.65770544e-01  4.57000000e-09  4.66291985e-01  4.57000000e-09  3.30000000e+00  4.57000000e-09  3.30000000e+00 
 4.59000000e-09 -9.84882128e-02  4.59000000e-09  3.29948548e+00  4.59000000e-09  4.61543202e-01  4.59000000e-09  4.62039882e-01  4.59000000e-09  3.30000000e+00  4.59000000e-09  3.30000000e+00 
 4.61000000e-09 -9.88337109e-02  4.61000000e-09  3.29946745e+00  4.61000000e-09  4.57356766e-01  4.61000000e-09  4.57829995e-01  4.61000000e-09  3.30000000e+00  4.61000000e-09  3.30000000e+00 
 4.63000000e-09 -9.91730000e-02  4.63000000e-09  3.29945428e+00  4.63000000e-09  4.53209172e-01  4.63000000e-09  4.53661589e-01  4.63000000e-09  3.30000000e+00  4.63000000e-09  3.30000000e+00 
 4.65000000e-09 -9.95195595e-02  4.65000000e-09  3.29944133e+00  4.65000000e-09  4.49101352e-01  4.65000000e-09  4.49533729e-01  4.65000000e-09  3.30000000e+00  4.65000000e-09  3.30000000e+00 
 4.67000000e-09 -9.98585683e-02  4.67000000e-09  3.29943278e+00  4.67000000e-09  4.45031257e-01  4.67000000e-09  4.45445799e-01  4.67000000e-09  3.30000000e+00  4.67000000e-09  3.30000000e+00 
 4.69000000e-09 -1.00203667e-01  4.69000000e-09  3.29942402e+00  4.69000000e-09  4.40999860e-01  4.69000000e-09  4.41396983e-01  4.69000000e-09  3.30000000e+00  4.69000000e-09  3.30000000e+00 
 4.71000000e-09 -1.00540185e-01  4.71000000e-09  3.29941925e+00  4.71000000e-09  4.37005136e-01  4.71000000e-09  4.37386750e-01  4.71000000e-09  3.30000000e+00  4.71000000e-09  3.30000000e+00 
 4.73000000e-09 -1.00881893e-01  4.73000000e-09  3.29941389e+00  4.73000000e-09  4.33048099e-01  4.73000000e-09  4.33414376e-01  4.73000000e-09  3.30000000e+00  4.73000000e-09  3.30000000e+00 
 4.75000000e-09 -1.01214240e-01  4.75000000e-09  3.29941218e+00  4.75000000e-09  4.29126748e-01  4.75000000e-09  4.29479395e-01  4.75000000e-09  3.30000000e+00  4.75000000e-09  3.30000000e+00 
 4.77000000e-09 -1.01551102e-01  4.77000000e-09  3.29940955e+00  4.77000000e-09  4.25242141e-01  4.77000000e-09  4.25581154e-01  4.77000000e-09  3.30000000e+00  4.77000000e-09  3.30000000e+00 
 4.79000000e-09 -1.01878026e-01  4.79000000e-09  3.29941029e+00  4.79000000e-09  4.21392299e-01  4.79000000e-09  4.21719237e-01  4.79000000e-09  3.30000000e+00  4.79000000e-09  3.30000000e+00 
 4.81000000e-09 -1.02208970e-01  4.81000000e-09  3.29940984e+00  4.81000000e-09  4.17578319e-01  4.81000000e-09  4.17893049e-01  4.81000000e-09  3.30000000e+00  4.81000000e-09  3.30000000e+00 
 4.83000000e-09 -1.02529561e-01  4.83000000e-09  3.29941251e+00  4.83000000e-09  4.13798244e-01  4.83000000e-09  4.14102212e-01  4.83000000e-09  3.30000000e+00  4.83000000e-09  3.30000000e+00 
 4.85000000e-09 -1.02853819e-01  4.85000000e-09  3.29941375e+00  4.85000000e-09  4.10053205e-01  4.85000000e-09  4.10346178e-01  4.85000000e-09  3.30000000e+00  4.85000000e-09  3.30000000e+00 
 4.87000000e-09 -1.03167437e-01  4.87000000e-09  3.29941792e+00  4.87000000e-09  4.06341266e-01  4.87000000e-09  4.06624601e-01  4.87000000e-09  3.30000000e+00  4.87000000e-09  3.30000000e+00 
 4.89000000e-09 -1.03484486e-01  4.89000000e-09  3.29942046e+00  4.89000000e-09  4.02663588e-01  4.89000000e-09  4.02936974e-01  4.89000000e-09  3.30000000e+00  4.89000000e-09  3.30000000e+00 
 4.91000000e-09 -1.03790707e-01  4.91000000e-09  3.29942578e+00  4.91000000e-09  3.99018252e-01  4.91000000e-09  3.99282973e-01  4.91000000e-09  3.30000000e+00  4.91000000e-09  3.30000000e+00 
 4.93000000e-09 -1.04100211e-01  4.93000000e-09  3.29942931e+00  4.93000000e-09  3.95406449e-01  4.93000000e-09  3.95662128e-01  4.93000000e-09  3.30000000e+00  4.93000000e-09  3.30000000e+00 
 4.95000000e-09 -1.04398781e-01  4.95000000e-09  3.29943548e+00  4.95000000e-09  3.91826272e-01  4.95000000e-09  3.92074135e-01  4.95000000e-09  3.30000000e+00  4.95000000e-09  3.30000000e+00 
 4.97000000e-09 -1.04700555e-01  4.97000000e-09  3.29943974e+00  4.97000000e-09  3.88278936e-01  4.97000000e-09  3.88518553e-01  4.97000000e-09  3.30000000e+00  4.97000000e-09  3.30000000e+00 
 4.99000000e-09 -1.04991351e-01  4.99000000e-09  3.29944652e+00  4.99000000e-09  3.84762549e-01  4.99000000e-09  3.84995096e-01  4.99000000e-09  3.30000000e+00  4.99000000e-09  3.30000000e+00 
 5.01000000e-09 -1.05285327e-01  5.01000000e-09  3.29945129e+00  5.01000000e-09  3.81278348e-01  5.01000000e-09  3.81503348e-01  5.01000000e-09  3.30000000e+00  5.01000000e-09  3.30000000e+00 
 5.03000000e-09 -1.05568328e-01  5.03000000e-09  3.29945851e+00  5.03000000e-09  3.77824449e-01  5.03000000e-09  3.78043037e-01  5.03000000e-09  3.30000000e+00  5.03000000e-09  3.30000000e+00 
 5.05000000e-09 -1.05854527e-01  5.05000000e-09  3.29946362e+00  5.05000000e-09  3.74402111e-01  5.05000000e-09  3.74613770e-01  5.05000000e-09  3.30000000e+00  5.05000000e-09  3.30000000e+00 
 5.07000000e-09 -1.06129790e-01  5.07000000e-09  3.29947111e+00  5.07000000e-09  3.71009458e-01  5.07000000e-09  3.71215288e-01  5.07000000e-09  3.30000000e+00  5.07000000e-09  3.30000000e+00 
 5.09000000e-09 -1.06408299e-01  5.09000000e-09  3.29947643e+00  5.09000000e-09  3.67647766e-01  5.09000000e-09  3.67847217e-01  5.09000000e-09  3.30000000e+00  5.09000000e-09  3.30000000e+00 
 5.11000000e-09 -1.06675939e-01  5.11000000e-09  3.29948408e+00  5.11000000e-09  3.64315169e-01  5.11000000e-09  3.64509309e-01  5.11000000e-09  3.30000000e+00  5.11000000e-09  3.30000000e+00 
 5.13000000e-09 -1.06946897e-01  5.13000000e-09  3.29948950e+00  5.13000000e-09  3.61012958e-01  5.13000000e-09  3.61201208e-01  5.13000000e-09  3.30000000e+00  5.13000000e-09  3.30000000e+00 
 5.15000000e-09 -1.07207072e-01  5.15000000e-09  3.29949721e+00  5.15000000e-09  3.57739273e-01  5.15000000e-09  3.57922674e-01  5.15000000e-09  3.30000000e+00  5.15000000e-09  3.30000000e+00 
 5.17000000e-09 -1.07470654e-01  5.17000000e-09  3.29950265e+00  5.17000000e-09  3.54495419e-01  5.17000000e-09  3.54673367e-01  5.17000000e-09  3.30000000e+00  5.17000000e-09  3.30000000e+00 
 5.19000000e-09 -1.07723552e-01  5.19000000e-09  3.29951035e+00  5.19000000e-09  3.51279544e-01  5.19000000e-09  3.51453057e-01  5.19000000e-09  3.30000000e+00  5.19000000e-09  3.30000000e+00 
 5.21000000e-09 -1.07979958e-01  5.21000000e-09  3.29951574e+00  5.21000000e-09  3.48092964e-01  5.21000000e-09  3.48261416e-01  5.21000000e-09  3.30000000e+00  5.21000000e-09  3.30000000e+00 
 5.23000000e-09 -1.08225789e-01  5.23000000e-09  3.29952337e+00  5.23000000e-09  3.44933832e-01  5.23000000e-09  3.45098220e-01  5.23000000e-09  3.30000000e+00  5.23000000e-09  3.30000000e+00 
 5.25000000e-09 -1.08475235e-01  5.25000000e-09  3.29952868e+00  5.25000000e-09  3.41803477e-01  5.25000000e-09  3.41963157e-01  5.25000000e-09  3.30000000e+00  5.25000000e-09  3.30000000e+00 
 5.27000000e-09 -1.08714222e-01  5.27000000e-09  3.29953620e+00  5.27000000e-09  3.38700057e-01  5.27000000e-09  3.38856007e-01  5.27000000e-09  3.30000000e+00  5.27000000e-09  3.30000000e+00 
 5.29000000e-09 -1.08956936e-01  5.29000000e-09  3.29954137e+00  5.29000000e-09  3.35624911e-01  5.29000000e-09  3.35776470e-01  5.29000000e-09  3.30000000e+00  5.29000000e-09  3.30000000e+00 
 5.31000000e-09 -1.09189309e-01  5.31000000e-09  3.29954875e+00  5.31000000e-09  3.32576200e-01  5.31000000e-09  3.32724332e-01  5.31000000e-09  3.30000000e+00  5.31000000e-09  3.30000000e+00 
 5.33000000e-09 -1.09425522e-01  5.33000000e-09  3.29955377e+00  5.33000000e-09  3.29555276e-01  5.33000000e-09  3.29699302e-01  5.33000000e-09  3.30000000e+00  5.33000000e-09  3.30000000e+00 
 5.35000000e-09 -1.09651513e-01  5.35000000e-09  3.29956099e+00  5.35000000e-09  3.26560301e-01  5.35000000e-09  3.26701173e-01  5.35000000e-09  3.30000000e+00  5.35000000e-09  3.30000000e+00 
 5.37000000e-09 -1.09881457e-01  5.37000000e-09  3.29956583e+00  5.37000000e-09  3.23592637e-01  5.37000000e-09  3.23729663e-01  5.37000000e-09  3.30000000e+00  5.37000000e-09  3.30000000e+00 
 5.39000000e-09 -1.10101298e-01  5.39000000e-09  3.29957288e+00  5.39000000e-09  3.20650449e-01  5.39000000e-09  3.20784569e-01  5.39000000e-09  3.30000000e+00  5.39000000e-09  3.30000000e+00 
 5.41000000e-09 -1.10325204e-01  5.41000000e-09  3.29957754e+00  5.41000000e-09  3.17735108e-01  5.41000000e-09  3.17865618e-01  5.41000000e-09  3.30000000e+00  5.41000000e-09  3.30000000e+00 
 5.43000000e-09 -1.10539122e-01  5.43000000e-09  3.29958440e+00  5.43000000e-09  3.14844784e-01  5.43000000e-09  3.14972612e-01  5.43000000e-09  3.30000000e+00  5.43000000e-09  3.30000000e+00 
 5.45000000e-09 -1.10757215e-01  5.45000000e-09  3.29958887e+00  5.45000000e-09  3.11980852e-01  5.45000000e-09  3.12105285e-01  5.45000000e-09  3.30000000e+00  5.45000000e-09  3.30000000e+00 
 5.47000000e-09 -1.10965433e-01  5.47000000e-09  3.29959554e+00  5.47000000e-09  3.09141487e-01  5.47000000e-09  3.09263443e-01  5.47000000e-09  3.30000000e+00  5.47000000e-09  3.30000000e+00 
 5.49000000e-09 -1.11177932e-01  5.49000000e-09  3.29959981e+00  5.49000000e-09  3.06328072e-01  5.49000000e-09  3.06446828e-01  5.49000000e-09  3.30000000e+00  5.49000000e-09  3.30000000e+00 
 5.51000000e-09 -1.11380666e-01  5.51000000e-09  3.29960629e+00  5.51000000e-09  3.03538784e-01  5.51000000e-09  3.03655250e-01  5.51000000e-09  3.30000000e+00  5.51000000e-09  3.30000000e+00 
 5.53000000e-09 -1.11587783e-01  5.53000000e-09  3.29961038e+00  5.53000000e-09  3.00775012e-01  5.53000000e-09  3.00888457e-01  5.53000000e-09  3.30000000e+00  5.53000000e-09  3.30000000e+00 
 5.55000000e-09 -1.11785240e-01  5.55000000e-09  3.29961667e+00  5.55000000e-09  2.98034937e-01  5.55000000e-09  2.98146263e-01  5.55000000e-09  3.30000000e+00  5.55000000e-09  3.30000000e+00 
 5.57000000e-09 -1.11987178e-01  5.57000000e-09  3.29962056e+00  5.57000000e-09  2.95319955e-01  5.57000000e-09  2.95428423e-01  5.57000000e-09  3.30000000e+00  5.57000000e-09  3.30000000e+00 
 5.59000000e-09 -1.12179558e-01  5.59000000e-09  3.29962667e+00  5.59000000e-09  2.92628247e-01  5.59000000e-09  2.92734753e-01  5.59000000e-09  3.30000000e+00  5.59000000e-09  3.30000000e+00 
 5.61000000e-09 -1.12376512e-01  5.61000000e-09  3.29963038e+00  5.61000000e-09  2.89961217e-01  5.61000000e-09  2.90065015e-01  5.61000000e-09  3.30000000e+00  5.61000000e-09  3.30000000e+00 
 5.63000000e-09 -1.12564006e-01  5.63000000e-09  3.29963630e+00  5.63000000e-09  2.87317048e-01  5.63000000e-09  2.87419028e-01  5.63000000e-09  3.30000000e+00  5.63000000e-09  3.30000000e+00 
 5.65000000e-09 -1.12756162e-01  5.65000000e-09  3.29963983e+00  5.65000000e-09  2.84697149e-01  5.65000000e-09  2.84796560e-01  5.65000000e-09  3.30000000e+00  5.65000000e-09  3.30000000e+00 
 5.67000000e-09 -1.12938951e-01  5.67000000e-09  3.29964558e+00  5.67000000e-09  2.82099707e-01  5.67000000e-09  2.82197431e-01  5.67000000e-09  3.30000000e+00  5.67000000e-09  3.30000000e+00 
 5.69000000e-09 -1.13126487e-01  5.69000000e-09  3.29964894e+00  5.69000000e-09  2.79526135e-01  5.69000000e-09  2.79621417e-01  5.69000000e-09  3.30000000e+00  5.69000000e-09  3.30000000e+00 
 5.71000000e-09 -1.13304744e-01  5.71000000e-09  3.29965452e+00  5.71000000e-09  2.76974623e-01  5.71000000e-09  2.77068340e-01  5.71000000e-09  3.30000000e+00  5.71000000e-09  3.30000000e+00 
 5.73000000e-09 -1.13487828e-01  5.73000000e-09  3.29965771e+00  5.73000000e-09  2.74446588e-01  5.73000000e-09  2.74537980e-01  5.73000000e-09  3.30000000e+00  5.73000000e-09  3.30000000e+00 
 5.75000000e-09 -1.13661717e-01  5.75000000e-09  3.29966313e+00  5.75000000e-09  2.71940223e-01  5.75000000e-09  2.72030164e-01  5.75000000e-09  3.30000000e+00  5.75000000e-09  3.30000000e+00 
 5.77000000e-09 -1.13840510e-01  5.77000000e-09  3.29966616e+00  5.77000000e-09  2.69456950e-01  5.77000000e-09  2.69544674e-01  5.77000000e-09  3.30000000e+00  5.77000000e-09  3.30000000e+00 
 5.79000000e-09 -1.14010188e-01  5.79000000e-09  3.29967142e+00  5.79000000e-09  2.66994964e-01  5.79000000e-09  2.67081341e-01  5.79000000e-09  3.30000000e+00  5.79000000e-09  3.30000000e+00 
 5.81000000e-09 -1.14184842e-01  5.81000000e-09  3.29967430e+00  5.81000000e-09  2.64555693e-01  5.81000000e-09  2.64639952e-01  5.81000000e-09  3.30000000e+00  5.81000000e-09  3.30000000e+00 
 5.83000000e-09 -1.14350456e-01  5.83000000e-09  3.29967942e+00  5.83000000e-09  2.62137332e-01  5.83000000e-09  2.62220340e-01  5.83000000e-09  3.30000000e+00  5.83000000e-09  3.30000000e+00 
 5.85000000e-09 -1.14521114e-01  5.85000000e-09  3.29968215e+00  5.85000000e-09  2.59741314e-01  5.85000000e-09  2.59822298e-01  5.85000000e-09  3.30000000e+00  5.85000000e-09  3.30000000e+00 
 5.87000000e-09 -1.14682806e-01  5.87000000e-09  3.29968713e+00  5.87000000e-09  2.57365837e-01  5.87000000e-09  2.57445659e-01  5.87000000e-09  3.30000000e+00  5.87000000e-09  3.30000000e+00 
 5.89000000e-09 -1.14849605e-01  5.89000000e-09  3.29968972e+00  5.89000000e-09  2.55012337e-01  5.89000000e-09  2.55090221e-01  5.89000000e-09  3.30000000e+00  5.89000000e-09  3.30000000e+00 
 5.91000000e-09 -1.15007506e-01  5.91000000e-09  3.29969456e+00  5.91000000e-09  2.52679015e-01  5.91000000e-09  2.52755821e-01  5.91000000e-09  3.30000000e+00  5.91000000e-09  3.30000000e+00 
 5.93000000e-09 -1.15170576e-01  5.93000000e-09  3.29969702e+00  5.93000000e-09  2.50367311e-01  5.93000000e-09  2.50442259e-01  5.93000000e-09  3.30000000e+00  5.93000000e-09  3.30000000e+00 
 5.95000000e-09 -1.15324814e-01  5.95000000e-09  3.29970174e+00  5.95000000e-09  2.48075428e-01  5.95000000e-09  2.48149375e-01  5.95000000e-09  3.30000000e+00  5.95000000e-09  3.30000000e+00 
 5.97000000e-09 -1.15484277e-01  5.97000000e-09  3.29970407e+00  5.97000000e-09  2.45804810e-01  5.97000000e-09  2.45876974e-01  5.97000000e-09  3.30000000e+00  5.97000000e-09  3.30000000e+00 
 5.99000000e-09 -1.15634970e-01  5.99000000e-09  3.29970867e+00  5.99000000e-09  2.43553663e-01  5.99000000e-09  2.43624897e-01  5.99000000e-09  3.30000000e+00  5.99000000e-09  3.30000000e+00 
 6.01000000e-09 -1.15790942e-01  6.01000000e-09  3.29971088e+00  6.01000000e-09  2.41323433e-01  6.01000000e-09  2.41392953e-01  6.01000000e-09  3.30000000e+00  6.01000000e-09  3.30000000e+00 
 6.03000000e-09 -1.15938204e-01  6.03000000e-09  3.29971537e+00  6.03000000e-09  2.39112328e-01  6.03000000e-09  2.39180986e-01  6.03000000e-09  3.30000000e+00  6.03000000e-09  3.30000000e+00 
 6.05000000e-09 -1.16090797e-01  6.05000000e-09  3.29971747e+00  6.05000000e-09  2.36921799e-01  6.05000000e-09  2.36988808e-01  6.05000000e-09  3.30000000e+00  6.05000000e-09  3.30000000e+00 
 6.07000000e-09 -1.16234736e-01  6.07000000e-09  3.29972185e+00  6.07000000e-09  2.34750055e-01  6.07000000e-09  2.34816265e-01  6.07000000e-09  3.30000000e+00  6.07000000e-09  3.30000000e+00 
 6.09000000e-09 -1.16384054e-01  6.09000000e-09  3.29972384e+00  6.09000000e-09  2.32598552e-01  6.09000000e-09  2.32663173e-01  6.09000000e-09  3.30000000e+00  6.09000000e-09  3.30000000e+00 
 6.11000000e-09 -1.16524771e-01  6.11000000e-09  3.29972811e+00  6.11000000e-09  2.30465500e-01  6.11000000e-09  2.30529381e-01  6.11000000e-09  3.30000000e+00  6.11000000e-09  3.30000000e+00 
 6.13000000e-09 -1.16670913e-01  6.13000000e-09  3.29973001e+00  6.13000000e-09  2.28352358e-01  6.13000000e-09  2.28414707e-01  6.13000000e-09  3.30000000e+00  6.13000000e-09  3.30000000e+00 
 6.15000000e-09 -1.16808506e-01  6.15000000e-09  3.29973418e+00  6.15000000e-09  2.26257339e-01  6.15000000e-09  2.26319002e-01  6.15000000e-09  3.30000000e+00  6.15000000e-09  3.30000000e+00 
 6.17000000e-09 -1.16951568e-01  6.17000000e-09  3.29973598e+00  6.17000000e-09  2.24181904e-01  6.17000000e-09  2.24242089e-01  6.17000000e-09  3.30000000e+00  6.17000000e-09  3.30000000e+00 
 6.19000000e-09 -1.17086129e-01  6.19000000e-09  3.29974006e+00  6.19000000e-09  2.22124269e-01  6.19000000e-09  2.22183820e-01  6.19000000e-09  3.30000000e+00  6.19000000e-09  3.30000000e+00 
 6.21000000e-09 -1.17226200e-01  6.21000000e-09  3.29974176e+00  6.21000000e-09  2.20085899e-01  6.21000000e-09  2.20144021e-01  6.21000000e-09  3.30000000e+00  6.21000000e-09  3.30000000e+00 
 6.23000000e-09 -1.17357816e-01  6.23000000e-09  3.29974576e+00  6.23000000e-09  2.18065011e-01  6.23000000e-09  2.18122546e-01  6.23000000e-09  3.30000000e+00  6.23000000e-09  3.30000000e+00 
 6.25000000e-09 -1.17494982e-01  6.25000000e-09  3.29974737e+00  6.25000000e-09  2.16063071e-01  6.25000000e-09  2.16119226e-01  6.25000000e-09  3.30000000e+00  6.25000000e-09  3.30000000e+00 
 6.27000000e-09 -1.17623739e-01  6.27000000e-09  3.29975129e+00  6.27000000e-09  2.14078302e-01  6.27000000e-09  2.14133915e-01  6.27000000e-09  3.30000000e+00  6.27000000e-09  3.30000000e+00 
 6.29000000e-09 -1.17758081e-01  6.29000000e-09  3.29975282e+00  6.29000000e-09  2.12112172e-01  6.29000000e-09  2.12166447e-01  6.29000000e-09  3.30000000e+00  6.29000000e-09  3.30000000e+00 
 6.31000000e-09 -1.17884057e-01  6.31000000e-09  3.29975665e+00  6.31000000e-09  2.10162903e-01  6.31000000e-09  2.10216680e-01  6.31000000e-09  3.30000000e+00  6.31000000e-09  3.30000000e+00 
 6.33000000e-09 -1.18015655e-01  6.33000000e-09  3.29975810e+00  6.33000000e-09  2.08231969e-01  6.33000000e-09  2.08284450e-01  6.33000000e-09  3.30000000e+00  6.33000000e-09  3.30000000e+00 
 6.35000000e-09 -1.18138927e-01  6.35000000e-09  3.29976186e+00  6.35000000e-09  2.06317594e-01  6.35000000e-09  2.06369617e-01  6.35000000e-09  3.30000000e+00  6.35000000e-09  3.30000000e+00 
 6.37000000e-09 -1.18267853e-01  6.37000000e-09  3.29976324e+00  6.37000000e-09  2.04421253e-01  6.37000000e-09  2.04472018e-01  6.37000000e-09  3.30000000e+00  6.37000000e-09  3.30000000e+00 
 6.39000000e-09 -1.18388493e-01  6.39000000e-09  3.29976692e+00  6.39000000e-09  2.02541173e-01  6.39000000e-09  2.02591518e-01  6.39000000e-09  3.30000000e+00  6.39000000e-09  3.30000000e+00 
 6.41000000e-09 -1.18514820e-01  6.41000000e-09  3.29976823e+00  6.41000000e-09  2.00678831e-01  6.41000000e-09  2.00727956e-01  6.41000000e-09  3.30000000e+00  6.41000000e-09  3.30000000e+00 
 6.43000000e-09 -1.18632899e-01  6.43000000e-09  3.29977184e+00  6.43000000e-09  1.98832457e-01  6.43000000e-09  1.98881197e-01  6.43000000e-09  3.30000000e+00  6.43000000e-09  3.30000000e+00 
 6.45000000e-09 -1.18756695e-01  6.45000000e-09  3.29977308e+00  6.45000000e-09  1.97003532e-01  6.45000000e-09  1.97051086e-01  6.45000000e-09  3.30000000e+00  6.45000000e-09  3.30000000e+00 
 6.47000000e-09 -1.18872278e-01  6.47000000e-09  3.29977663e+00  6.47000000e-09  1.95190286e-01  6.47000000e-09  1.95237488e-01  6.47000000e-09  3.30000000e+00  6.47000000e-09  3.30000000e+00 
 6.49000000e-09 -1.18993608e-01  6.49000000e-09  3.29977780e+00  6.49000000e-09  1.93394201e-01  6.49000000e-09  1.93440251e-01  6.49000000e-09  3.30000000e+00  6.49000000e-09  3.30000000e+00 
 6.51000000e-09 -1.19106761e-01  6.51000000e-09  3.29978128e+00  6.51000000e-09  1.91613512e-01  6.51000000e-09  1.91659242e-01  6.51000000e-09  3.30000000e+00  6.51000000e-09  3.30000000e+00 
 6.53000000e-09 -1.19225687e-01  6.53000000e-09  3.29978239e+00  6.53000000e-09  1.89849703e-01  6.53000000e-09  1.89894312e-01  6.53000000e-09  3.30000000e+00  6.53000000e-09  3.30000000e+00 
 6.55000000e-09 -1.19336470e-01  6.55000000e-09  3.29978582e+00  6.55000000e-09  1.88101010e-01  6.55000000e-09  1.88145329e-01  6.55000000e-09  3.30000000e+00  6.55000000e-09  3.30000000e+00 
 6.57000000e-09 -1.19453053e-01  6.57000000e-09  3.29978687e+00  6.57000000e-09  1.86368921e-01  6.57000000e-09  1.86412147e-01  6.57000000e-09  3.30000000e+00  6.57000000e-09  3.30000000e+00 
 6.59000000e-09 -1.19561525e-01  6.59000000e-09  3.29979023e+00  6.59000000e-09  1.84651672e-01  6.59000000e-09  1.84694638e-01  6.59000000e-09  3.30000000e+00  6.59000000e-09  3.30000000e+00 
 6.61000000e-09 -1.19675822e-01  6.61000000e-09  3.29979122e+00  6.61000000e-09  1.82950754e-01  6.61000000e-09  1.82992655e-01  6.61000000e-09  3.30000000e+00  6.61000000e-09  3.30000000e+00 
 6.63000000e-09 -1.19782040e-01  6.63000000e-09  3.29979454e+00  6.63000000e-09  1.81264407e-01  6.63000000e-09  1.81306073e-01  6.63000000e-09  3.30000000e+00  6.63000000e-09  3.30000000e+00 
 6.65000000e-09 -1.19894108e-01  6.65000000e-09  3.29979547e+00  6.65000000e-09  1.79594121e-01  6.65000000e-09  1.79634749e-01  6.65000000e-09  3.30000000e+00  6.65000000e-09  3.30000000e+00 
 6.67000000e-09 -1.19998126e-01  6.67000000e-09  3.29979873e+00  6.67000000e-09  1.77938140e-01  6.67000000e-09  1.77978559e-01  6.67000000e-09  3.30000000e+00  6.67000000e-09  3.30000000e+00 
 6.69000000e-09 -1.20108017e-01  6.69000000e-09  3.29979961e+00  6.69000000e-09  1.76297957e-01  6.69000000e-09  1.76337363e-01  6.69000000e-09  3.30000000e+00  6.69000000e-09  3.30000000e+00 
 6.71000000e-09 -1.20209888e-01  6.71000000e-09  3.29980282e+00  6.71000000e-09  1.74671817e-01  6.71000000e-09  1.74711038e-01  6.71000000e-09  3.30000000e+00  6.71000000e-09  3.30000000e+00 
 6.73000000e-09 -1.20317654e-01  6.73000000e-09  3.29980365e+00  6.73000000e-09  1.73061214e-01  6.73000000e-09  1.73099445e-01  6.73000000e-09  3.30000000e+00  6.73000000e-09  3.30000000e+00 
 6.75000000e-09 -1.20417429e-01  6.75000000e-09  3.29980681e+00  6.75000000e-09  1.71464397e-01  6.75000000e-09  1.71502466e-01  6.75000000e-09  3.30000000e+00  6.75000000e-09  3.30000000e+00 
 6.77000000e-09 -1.20523120e-01  6.77000000e-09  3.29980759e+00  6.77000000e-09  1.69882862e-01  6.77000000e-09  1.69919964e-01  6.77000000e-09  3.30000000e+00  6.77000000e-09  3.30000000e+00 
 6.79000000e-09 -1.20620847e-01  6.79000000e-09  3.29981070e+00  6.79000000e-09  1.68314857e-01  6.79000000e-09  1.68351820e-01  6.79000000e-09  3.30000000e+00  6.79000000e-09  3.30000000e+00 
 6.81000000e-09 -1.20724511e-01  6.81000000e-09  3.29981144e+00  6.81000000e-09  1.66761884e-01  6.81000000e-09  1.66797900e-01  6.81000000e-09  3.30000000e+00  6.81000000e-09  3.30000000e+00 
 6.83000000e-09 -1.20820238e-01  6.83000000e-09  3.29981450e+00  6.83000000e-09  1.65222192e-01  6.83000000e-09  1.65258090e-01  6.83000000e-09  3.30000000e+00  6.83000000e-09  3.30000000e+00 
 6.85000000e-09 -1.20921920e-01  6.85000000e-09  3.29981519e+00  6.85000000e-09  1.63697284e-01  6.85000000e-09  1.63732256e-01  6.85000000e-09  3.30000000e+00  6.85000000e-09  3.30000000e+00 
 6.87000000e-09 -1.21015693e-01  6.87000000e-09  3.29981821e+00  6.87000000e-09  1.62185412e-01  6.87000000e-09  1.62220284e-01  6.87000000e-09  3.30000000e+00  6.87000000e-09  3.30000000e+00 
 6.89000000e-09 -1.21115439e-01  6.89000000e-09  3.29981886e+00  6.89000000e-09  1.60688080e-01  6.89000000e-09  1.60722045e-01  6.89000000e-09  3.30000000e+00  6.89000000e-09  3.30000000e+00 
 6.91000000e-09 -1.21207300e-01  6.91000000e-09  3.29982184e+00  6.91000000e-09  1.59203542e-01  6.91000000e-09  1.59237426e-01  6.91000000e-09  3.30000000e+00  6.91000000e-09  3.30000000e+00 
 6.93000000e-09 -1.21305154e-01  6.93000000e-09  3.29982244e+00  6.93000000e-09  1.57733304e-01  6.93000000e-09  1.57766301e-01  6.93000000e-09  3.30000000e+00  6.93000000e-09  3.30000000e+00 
 6.95000000e-09 -1.21395147e-01  6.95000000e-09  3.29982538e+00  6.95000000e-09  1.56275623e-01  6.95000000e-09  1.56308557e-01  6.95000000e-09  3.30000000e+00  6.95000000e-09  3.30000000e+00 
 6.97000000e-09 -1.21491151e-01  6.97000000e-09  3.29982594e+00  6.97000000e-09  1.54832007e-01  6.97000000e-09  1.54864070e-01  6.97000000e-09  3.30000000e+00  6.97000000e-09  3.30000000e+00 
 6.99000000e-09 -1.21579317e-01  6.99000000e-09  3.29982884e+00  6.99000000e-09  1.53400713e-01  6.99000000e-09  1.53432730e-01  6.99000000e-09  3.30000000e+00  6.99000000e-09  3.30000000e+00 
 7.01000000e-09 -1.21673510e-01  7.01000000e-09  3.29982936e+00  7.01000000e-09  1.51983252e-01  7.01000000e-09  1.52014416e-01  7.01000000e-09  3.30000000e+00  7.01000000e-09  3.30000000e+00 
 7.03000000e-09 -1.21759890e-01  7.03000000e-09  3.29983222e+00  7.03000000e-09  1.50577884e-01  7.03000000e-09  1.50609018e-01  7.03000000e-09  3.30000000e+00  7.03000000e-09  3.30000000e+00 
 7.05000000e-09 -1.21852312e-01  7.05000000e-09  3.29983270e+00  7.05000000e-09  1.49186121e-01  7.05000000e-09  1.49216417e-01  7.05000000e-09  3.30000000e+00  7.05000000e-09  3.30000000e+00 
 7.07000000e-09 -1.21936944e-01  7.07000000e-09  3.29983552e+00  7.07000000e-09  1.47806223e-01  7.07000000e-09  1.47836506e-01  7.07000000e-09  3.30000000e+00  7.07000000e-09  3.30000000e+00 
 7.09000000e-09 -1.22027634e-01  7.09000000e-09  3.29983597e+00  7.09000000e-09  1.46439707e-01  7.09000000e-09  1.46469166e-01  7.09000000e-09  3.30000000e+00  7.09000000e-09  3.30000000e+00 
 7.11000000e-09 -1.22110556e-01  7.11000000e-09  3.29983876e+00  7.11000000e-09  1.45084834e-01  7.11000000e-09  1.45114294e-01  7.11000000e-09  3.30000000e+00  7.11000000e-09  3.30000000e+00 
 7.13000000e-09 -1.22199551e-01  7.13000000e-09  3.29983916e+00  7.13000000e-09  1.43743121e-01  7.13000000e-09  1.43771773e-01  7.13000000e-09  3.30000000e+00  7.13000000e-09  3.30000000e+00 
 7.15000000e-09 -1.22280799e-01  7.15000000e-09  3.29984192e+00  7.15000000e-09  1.42412832e-01  7.15000000e-09  1.42441499e-01  7.15000000e-09  3.30000000e+00  7.15000000e-09  3.30000000e+00 
 7.17000000e-09 -1.22368135e-01  7.17000000e-09  3.29984229e+00  7.17000000e-09  1.41095486e-01  7.17000000e-09  1.41123359e-01  7.17000000e-09  3.30000000e+00  7.17000000e-09  3.30000000e+00 
 7.19000000e-09 -1.22447746e-01  7.19000000e-09  3.29984501e+00  7.19000000e-09  1.39789350e-01  7.19000000e-09  1.39817251e-01  7.19000000e-09  3.30000000e+00  7.19000000e-09  3.30000000e+00 
 7.21000000e-09 -1.22533458e-01  7.21000000e-09  3.29984535e+00  7.21000000e-09  1.38495942e-01  7.21000000e-09  1.38523062e-01  7.21000000e-09  3.30000000e+00  7.21000000e-09  3.30000000e+00 
 7.23000000e-09 -1.22611465e-01  7.23000000e-09  3.29984804e+00  7.23000000e-09  1.37213532e-01  7.23000000e-09  1.37240693e-01  7.23000000e-09  3.30000000e+00  7.23000000e-09  3.30000000e+00 
 7.25000000e-09 -1.22695587e-01  7.25000000e-09  3.29984834e+00  7.25000000e-09  1.35943641e-01  7.25000000e-09  1.35970033e-01  7.25000000e-09  3.30000000e+00  7.25000000e-09  3.30000000e+00 
 7.27000000e-09 -1.22772024e-01  7.27000000e-09  3.29985100e+00  7.27000000e-09  1.34684539e-01  7.27000000e-09  1.34710985e-01  7.27000000e-09  3.30000000e+00  7.27000000e-09  3.30000000e+00 
 7.29000000e-09 -1.22854589e-01  7.29000000e-09  3.29985127e+00  7.29000000e-09  1.33437750e-01  7.29000000e-09  1.33463439e-01  7.29000000e-09  3.30000000e+00  7.29000000e-09  3.30000000e+00 
 7.31000000e-09 -1.22929490e-01  7.31000000e-09  3.29985390e+00  7.31000000e-09  1.32201544e-01  7.31000000e-09  1.32227300e-01  7.31000000e-09  3.30000000e+00  7.31000000e-09  3.30000000e+00 
 7.33000000e-09 -1.23010531e-01  7.33000000e-09  3.29985414e+00  7.33000000e-09  1.30977448e-01  7.33000000e-09  1.31002459e-01  7.33000000e-09  3.30000000e+00  7.33000000e-09  3.30000000e+00 
 7.35000000e-09 -1.23083926e-01  7.35000000e-09  3.29985673e+00  7.35000000e-09  1.29763735e-01  7.35000000e-09  1.29788822e-01  7.35000000e-09  3.30000000e+00  7.35000000e-09  3.30000000e+00 
 7.37000000e-09 -1.23163474e-01  7.37000000e-09  3.29985694e+00  7.37000000e-09  1.28561931e-01  7.37000000e-09  1.28586285e-01  7.37000000e-09  3.30000000e+00  7.37000000e-09  3.30000000e+00 
 7.39000000e-09 -1.23235395e-01  7.39000000e-09  3.29985951e+00  7.39000000e-09  1.27370312e-01  7.39000000e-09  1.27394753e-01  7.39000000e-09  3.30000000e+00  7.39000000e-09  3.30000000e+00 
 7.41000000e-09 -1.23313481e-01  7.41000000e-09  3.29985969e+00  7.41000000e-09  1.26190405e-01  7.41000000e-09  1.26214123e-01  7.41000000e-09  3.30000000e+00  7.41000000e-09  3.30000000e+00 
 7.43000000e-09 -1.23383958e-01  7.43000000e-09  3.29986223e+00  7.43000000e-09  1.25020489e-01  7.43000000e-09  1.25044305e-01  7.43000000e-09  3.30000000e+00  7.43000000e-09  3.30000000e+00 
 7.45000000e-09 -1.23460612e-01  7.45000000e-09  3.29986238e+00  7.45000000e-09  1.23862092e-01  7.45000000e-09  1.23885195e-01  7.45000000e-09  3.30000000e+00  7.45000000e-09  3.30000000e+00 
 7.47000000e-09 -1.23529675e-01  7.47000000e-09  3.29986489e+00  7.47000000e-09  1.22713493e-01  7.47000000e-09  1.22736704e-01  7.47000000e-09  3.30000000e+00  7.47000000e-09  3.30000000e+00 
 7.49000000e-09 -1.23604925e-01  7.49000000e-09  3.29986502e+00  7.49000000e-09  1.21576224e-01  7.49000000e-09  1.21598732e-01  7.49000000e-09  3.30000000e+00  7.49000000e-09  3.30000000e+00 
 7.51000000e-09 -1.23672603e-01  7.51000000e-09  3.29986750e+00  7.51000000e-09  1.20448564e-01  7.51000000e-09  1.20471190e-01  7.51000000e-09  3.30000000e+00  7.51000000e-09  3.30000000e+00 
 7.53000000e-09 -1.23746478e-01  7.53000000e-09  3.29986760e+00  7.53000000e-09  1.19332047e-01  7.53000000e-09  1.19353980e-01  7.53000000e-09  3.30000000e+00  7.53000000e-09  3.30000000e+00 
 7.55000000e-09 -1.23812798e-01  7.55000000e-09  3.29987006e+00  7.55000000e-09  1.18224955e-01  7.55000000e-09  1.18247014e-01  7.55000000e-09  3.30000000e+00  7.55000000e-09  3.30000000e+00 
 7.57000000e-09 -1.23885326e-01  7.57000000e-09  3.29987013e+00  7.57000000e-09  1.17128822e-01  7.57000000e-09  1.17150196e-01  7.57000000e-09  3.30000000e+00  7.57000000e-09  3.30000000e+00 
 7.59000000e-09 -1.23950316e-01  7.59000000e-09  3.29987256e+00  7.59000000e-09  1.16041931e-01  7.59000000e-09  1.16063441e-01  7.59000000e-09  3.30000000e+00  7.59000000e-09  3.30000000e+00 
 7.61000000e-09 -1.24021524e-01  7.61000000e-09  3.29987260e+00  7.61000000e-09  1.14965819e-01  7.61000000e-09  1.14986652e-01  7.61000000e-09  3.30000000e+00  7.61000000e-09  3.30000000e+00 
 7.63000000e-09 -1.24085210e-01  7.63000000e-09  3.29987501e+00  7.63000000e-09  1.13898770e-01  7.63000000e-09  1.13919747e-01  7.63000000e-09  3.30000000e+00  7.63000000e-09  3.30000000e+00 
 7.65000000e-09 -1.24155124e-01  7.65000000e-09  3.29987503e+00  7.65000000e-09  1.12842321e-01  7.65000000e-09  1.12862631e-01  7.65000000e-09  3.30000000e+00  7.65000000e-09  3.30000000e+00 
 7.67000000e-09 -1.24217533e-01  7.67000000e-09  3.29987741e+00  7.67000000e-09  1.11794760e-01  7.67000000e-09  1.11815222e-01  7.67000000e-09  3.30000000e+00  7.67000000e-09  3.30000000e+00 
 7.68500000e-09 -1.24269935e-01  7.68500000e-09  3.29987711e+00  7.68500000e-09  1.11016116e-01  7.68500000e-09  1.11035981e-01  7.68500000e-09  3.30000000e+00  7.68500000e-09  3.30000000e+00 
 7.70000000e-09 -1.24315120e-01  7.70000000e-09  3.29987918e+00  7.70000000e-09  1.10242031e-01  7.70000000e-09  1.10262116e-01  7.70000000e-09  3.30000000e+00  7.70000000e-09  3.30000000e+00 
 7.70200000e-09 -1.29984020e-01  7.70200000e-09  3.29331177e+00  7.70200000e-09  1.10086319e-01  7.70200000e-09  1.10102546e-01  7.70200000e-09  3.30000000e+00  7.70200000e-09  3.23400000e+00 
 7.70600000e-09 -1.40562273e-01  7.70600000e-09  3.28025747e+00  7.70600000e-09  1.09790883e-01  7.70600000e-09  1.09796682e-01  7.70600000e-09  3.30000000e+00  7.70600000e-09  3.10200000e+00 
 7.71400000e-09 -1.62679287e-01  7.71400000e-09  3.25197372e+00  7.71400000e-09  1.09252700e-01  7.71400000e-09  1.09228539e-01  7.71400000e-09  3.30000000e+00  7.71400000e-09  2.83800000e+00 
 7.73000000e-09 -2.30285323e-01  7.73000000e-09  3.14721927e+00  7.73000000e-09  1.08193956e-01  7.73000000e-09  1.08066765e-01  7.73000000e-09  3.30000000e+00  7.73000000e-09  2.31000000e+00 
 7.75000000e-09 -6.66579538e-02  7.75000000e-09  3.11357883e+00  7.75000000e-09  1.08010689e-01  7.75000000e-09  1.07942099e-01  7.75000000e-09  3.30000000e+00  7.75000000e-09  1.65000000e+00 
 7.77000000e-09  6.26172584e-01  7.77000000e-09  3.22851863e+00  7.77000000e-09  1.09455980e-01  7.77000000e-09  1.09679245e-01  7.77000000e-09  3.30000000e+00  7.77000000e-09  9.90000000e-01 
 7.78500000e-09  1.56188924e+00  7.78500000e-09  3.33556085e+00  7.78500000e-09  1.11056548e-01  7.78500000e-09  1.11378991e-01  7.78500000e-09  3.30000000e+00  7.78500000e-09  4.95000000e-01 
 7.80000000e-09  2.51000265e+00  7.80000000e-09  3.36058698e+00  7.80000000e-09  1.12428065e-01  7.80000000e-09  1.12472054e-01  7.80000000e-09  3.30000000e+00  7.80000000e-09  0.00000000e+00 
 7.80200000e-09  2.62560948e+00  7.80200000e-09  3.37096818e+00  7.80200000e-09  1.12539906e-01  7.80200000e-09  1.12537769e-01  7.80200000e-09  3.30000000e+00  7.80200000e-09  0.00000000e+00 
 7.80600000e-09  2.82625042e+00  7.80600000e-09  3.37701968e+00  7.80600000e-09  1.12651021e-01  7.80600000e-09  1.12591734e-01  7.80600000e-09  3.30000000e+00  7.80600000e-09  0.00000000e+00 
 7.81400000e-09  3.08237556e+00  7.81400000e-09  3.35597115e+00  7.81400000e-09  1.12463847e-01  7.81400000e-09  1.12384011e-01  7.81400000e-09  3.30000000e+00  7.81400000e-09  0.00000000e+00 
 7.83000000e-09  3.27166882e+00  7.83000000e-09  3.31936532e+00  7.83000000e-09  1.11461099e-01  7.83000000e-09  1.11417990e-01  7.83000000e-09  3.30000000e+00  7.83000000e-09  0.00000000e+00 
 7.85000000e-09  3.30053144e+00  7.85000000e-09  3.30261733e+00  7.85000000e-09  1.10117302e-01  7.85000000e-09  1.10118516e-01  7.85000000e-09  3.30000000e+00  7.85000000e-09  0.00000000e+00 
 7.87000000e-09  3.30021218e+00  7.87000000e-09  3.30025734e+00  7.87000000e-09  1.08993990e-01  7.87000000e-09  1.09009085e-01  7.87000000e-09  3.30000000e+00  7.87000000e-09  0.00000000e+00 
 7.89000000e-09  3.30003700e+00  7.89000000e-09  3.30004138e+00  7.89000000e-09  1.07963291e-01  7.89000000e-09  1.07981104e-01  7.89000000e-09  3.30000000e+00  7.89000000e-09  0.00000000e+00 
 7.91000000e-09  3.30000625e+00  7.91000000e-09  3.30000649e+00  7.91000000e-09  1.06956582e-01  7.91000000e-09  1.06974852e-01  7.91000000e-09  3.30000000e+00  7.91000000e-09  0.00000000e+00 
 7.93000000e-09  3.30000061e+00  7.93000000e-09  3.30000107e+00  7.93000000e-09  1.05961582e-01  7.93000000e-09  1.05979829e-01  7.93000000e-09  3.30000000e+00  7.93000000e-09  0.00000000e+00 
 7.95000000e-09  3.30000051e+00  7.95000000e-09  3.30000015e+00  7.95000000e-09  1.04976127e-01  7.95000000e-09  1.04994235e-01  7.95000000e-09  3.30000000e+00  7.95000000e-09  0.00000000e+00 
 7.97000000e-09  3.29999968e+00  7.97000000e-09  3.30000005e+00  7.97000000e-09  1.03999850e-01  7.97000000e-09  1.04017768e-01  7.97000000e-09  3.30000000e+00  7.97000000e-09  0.00000000e+00 
 7.99000000e-09  3.30000030e+00  7.99000000e-09  3.29999998e+00  7.99000000e-09  1.03032557e-01  7.99000000e-09  1.03050277e-01  7.99000000e-09  3.30000000e+00  7.99000000e-09  0.00000000e+00 
 8.01000000e-09  3.29999964e+00  8.01000000e-09  3.30000002e+00  8.01000000e-09  1.02074205e-01  8.01000000e-09  1.02091714e-01  8.01000000e-09  3.30000000e+00  8.01000000e-09  0.00000000e+00 
 8.03000000e-09  3.30000029e+00  8.03000000e-09  3.29999998e+00  8.03000000e-09  1.01124660e-01  8.03000000e-09  1.01141964e-01  8.03000000e-09  3.30000000e+00  8.03000000e-09  0.00000000e+00 
 8.05000000e-09  3.29999964e+00  8.05000000e-09  3.30000002e+00  8.05000000e-09  1.00183891e-01  8.05000000e-09  1.00200984e-01  8.05000000e-09  3.30000000e+00  8.05000000e-09  0.00000000e+00 
 8.07000000e-09  3.30000029e+00  8.07000000e-09  3.29999998e+00  8.07000000e-09  9.92517686e-02  8.07000000e-09  9.92686598e-02  8.07000000e-09  3.30000000e+00  8.07000000e-09  0.00000000e+00 
 8.09000000e-09  3.29999964e+00  8.09000000e-09  3.30000002e+00  8.09000000e-09  9.83282642e-02  8.09000000e-09  9.83449488e-02  8.09000000e-09  3.30000000e+00  8.09000000e-09  0.00000000e+00 
 8.11000000e-09  3.30000029e+00  8.11000000e-09  3.29999998e+00  8.11000000e-09  9.74132498e-02  8.11000000e-09  9.74297382e-02  8.11000000e-09  3.30000000e+00  8.11000000e-09  0.00000000e+00 
 8.13000000e-09  3.29999964e+00  8.13000000e-09  3.30000002e+00  8.13000000e-09  9.65066989e-02  8.13000000e-09  9.65229863e-02  8.13000000e-09  3.30000000e+00  8.13000000e-09  0.00000000e+00 
 8.15000000e-09  3.30000029e+00  8.15000000e-09  3.29999998e+00  8.15000000e-09  9.56084846e-02  8.15000000e-09  9.56245814e-02  8.15000000e-09  3.30000000e+00  8.15000000e-09  0.00000000e+00 
 8.17000000e-09  3.29999964e+00  8.17000000e-09  3.30000002e+00  8.17000000e-09  9.47185818e-02  8.17000000e-09  9.47344832e-02  8.17000000e-09  3.30000000e+00  8.17000000e-09  0.00000000e+00 
 8.19000000e-09  3.30000029e+00  8.19000000e-09  3.29999998e+00  8.19000000e-09  9.38368651e-02  8.19000000e-09  9.38525815e-02  8.19000000e-09  3.30000000e+00  8.19000000e-09  0.00000000e+00 
 8.21000000e-09  3.29999964e+00  8.21000000e-09  3.30000002e+00  8.21000000e-09  9.29633105e-02  8.21000000e-09  9.29788370e-02  8.21000000e-09  3.30000000e+00  8.21000000e-09  0.00000000e+00 
 8.23000000e-09  3.30000029e+00  8.23000000e-09  3.29999998e+00  8.23000000e-09  9.20977940e-02  8.23000000e-09  9.21131409e-02  8.23000000e-09  3.30000000e+00  8.23000000e-09  0.00000000e+00 
 8.25000000e-09  3.29999964e+00  8.25000000e-09  3.30000002e+00  8.25000000e-09  9.12402929e-02  8.25000000e-09  9.12554553e-02  8.25000000e-09  3.30000000e+00  8.25000000e-09  0.00000000e+00 
 8.27000000e-09  3.30000029e+00  8.27000000e-09  3.29999998e+00  8.27000000e-09  9.03906845e-02  8.27000000e-09  9.04056725e-02  8.27000000e-09  3.30000000e+00  8.27000000e-09  0.00000000e+00 
 8.29000000e-09  3.29999964e+00  8.29000000e-09  3.30000002e+00  8.29000000e-09  8.95489472e-02  8.29000000e-09  8.95637558e-02  8.29000000e-09  3.30000000e+00  8.29000000e-09  0.00000000e+00 
 8.31000000e-09  3.30000029e+00  8.31000000e-09  3.29999998e+00  8.31000000e-09  8.87149598e-02  8.31000000e-09  8.87295990e-02  8.31000000e-09  3.30000000e+00  8.31000000e-09  0.00000000e+00 
 8.33000000e-09  3.29999964e+00  8.33000000e-09  3.30000002e+00  8.33000000e-09  8.78887018e-02  8.33000000e-09  8.79031665e-02  8.33000000e-09  3.30000000e+00  8.33000000e-09  0.00000000e+00 
 8.35000000e-09  3.30000029e+00  8.35000000e-09  3.29999998e+00  8.35000000e-09  8.70700531e-02  8.35000000e-09  8.70843534e-02  8.35000000e-09  3.30000000e+00  8.35000000e-09  0.00000000e+00 
 8.37000000e-09  3.29999964e+00  8.37000000e-09  3.30000002e+00  8.37000000e-09  8.62589948e-02  8.37000000e-09  8.62731253e-02  8.37000000e-09  3.30000000e+00  8.37000000e-09  0.00000000e+00 
 8.39000000e-09  3.30000029e+00  8.39000000e-09  3.29999998e+00  8.39000000e-09  8.54554077e-02  8.39000000e-09  8.54693785e-02  8.39000000e-09  3.30000000e+00  8.39000000e-09  0.00000000e+00 
 8.41000000e-09  3.29999964e+00  8.41000000e-09  3.30000002e+00  8.41000000e-09  8.46592741e-02  8.41000000e-09  8.46730798e-02  8.41000000e-09  3.30000000e+00  8.41000000e-09  0.00000000e+00 
 8.43000000e-09  3.30000029e+00  8.43000000e-09  3.29999998e+00  8.43000000e-09  8.38704762e-02  8.43000000e-09  8.38841266e-02  8.43000000e-09  3.30000000e+00  8.43000000e-09  0.00000000e+00 
 8.45000000e-09  3.29999964e+00  8.45000000e-09  3.30000002e+00  8.45000000e-09  8.30889973e-02  8.45000000e-09  8.31024871e-02  8.45000000e-09  3.30000000e+00  8.45000000e-09  0.00000000e+00 
 8.47000000e-09  3.30000029e+00  8.47000000e-09  3.29999998e+00  8.47000000e-09  8.23147210e-02  8.47000000e-09  8.23280598e-02  8.47000000e-09  3.30000000e+00  8.47000000e-09  0.00000000e+00 
 8.49000000e-09  3.29999964e+00  8.49000000e-09  3.30000002e+00  8.49000000e-09  8.15476315e-02  8.49000000e-09  8.15608140e-02  8.49000000e-09  3.30000000e+00  8.49000000e-09  0.00000000e+00 
 8.51000000e-09  3.30000029e+00  8.51000000e-09  3.29999998e+00  8.51000000e-09  8.07876136e-02  8.51000000e-09  8.08006495e-02  8.51000000e-09  3.30000000e+00  8.51000000e-09  0.00000000e+00 
 8.53000000e-09  3.29999964e+00  8.53000000e-09  3.30000002e+00  8.53000000e-09  8.00346528e-02  8.53000000e-09  8.00475366e-02  8.53000000e-09  3.30000000e+00  8.53000000e-09  0.00000000e+00 
 8.55000000e-09  3.30000029e+00  8.55000000e-09  3.29999998e+00  8.55000000e-09  7.92886350e-02  8.55000000e-09  7.93013762e-02  8.55000000e-09  3.30000000e+00  8.55000000e-09  0.00000000e+00 
 8.57000000e-09  3.29999964e+00  8.57000000e-09  3.30000002e+00  8.57000000e-09  7.85495468e-02  8.57000000e-09  7.85621398e-02  8.57000000e-09  3.30000000e+00  8.57000000e-09  0.00000000e+00 
 8.59000000e-09  3.30000029e+00  8.59000000e-09  3.29999998e+00  8.59000000e-09  7.78172752e-02  8.59000000e-09  7.78297296e-02  8.59000000e-09  3.30000000e+00  8.59000000e-09  0.00000000e+00 
 8.61000000e-09  3.29999964e+00  8.61000000e-09  3.30000002e+00  8.61000000e-09  7.70918078e-02  8.61000000e-09  7.71041180e-02  8.61000000e-09  3.30000000e+00  8.61000000e-09  0.00000000e+00 
 8.63000000e-09  3.30000029e+00  8.63000000e-09  3.29999998e+00  8.63000000e-09  7.63730329e-02  8.63000000e-09  7.63852083e-02  8.63000000e-09  3.30000000e+00  8.63000000e-09  0.00000000e+00 
 8.65000000e-09  3.29999964e+00  8.65000000e-09  3.30000002e+00  8.65000000e-09  7.56609392e-02  8.65000000e-09  7.56729741e-02  8.65000000e-09  3.30000000e+00  8.65000000e-09  0.00000000e+00 
 8.67000000e-09  3.30000029e+00  8.67000000e-09  3.29999998e+00  8.67000000e-09  7.49554160e-02  8.67000000e-09  7.49673198e-02  8.67000000e-09  3.30000000e+00  8.67000000e-09  0.00000000e+00 
 8.69000000e-09  3.29999964e+00  8.69000000e-09  3.30000002e+00  8.69000000e-09  7.42564530e-02  8.69000000e-09  7.42682199e-02  8.69000000e-09  3.30000000e+00  8.69000000e-09  0.00000000e+00 
 8.71000000e-09  3.30000029e+00  8.71000000e-09  3.29999998e+00  8.71000000e-09  7.35639406e-02  8.71000000e-09  7.35755801e-02  8.71000000e-09  3.30000000e+00  8.71000000e-09  0.00000000e+00 
 8.73000000e-09  3.29999964e+00  8.73000000e-09  3.30000002e+00  8.73000000e-09  7.28778697e-02  8.73000000e-09  7.28893758e-02  8.73000000e-09  3.30000000e+00  8.73000000e-09  0.00000000e+00 
 8.75000000e-09  3.30000029e+00  8.75000000e-09  3.29999998e+00  8.75000000e-09  7.21981317e-02  8.75000000e-09  7.22095138e-02  8.75000000e-09  3.30000000e+00  8.75000000e-09  0.00000000e+00 
 8.77000000e-09  3.29999964e+00  8.77000000e-09  3.30000002e+00  8.77000000e-09  7.15247184e-02  8.77000000e-09  7.15359706e-02  8.77000000e-09  3.30000000e+00  8.77000000e-09  0.00000000e+00 
 8.79000000e-09  3.30000029e+00  8.79000000e-09  3.29999998e+00  8.79000000e-09  7.08575224e-02  8.79000000e-09  7.08686539e-02  8.79000000e-09  3.30000000e+00  8.79000000e-09  0.00000000e+00 
 8.81000000e-09  3.29999964e+00  8.81000000e-09  3.30000002e+00  8.81000000e-09  7.01965364e-02  8.81000000e-09  7.02075413e-02  8.81000000e-09  3.30000000e+00  8.81000000e-09  0.00000000e+00 
 8.83000000e-09  3.30000029e+00  8.83000000e-09  3.29999998e+00  8.83000000e-09  6.95416541e-02  8.83000000e-09  6.95525415e-02  8.83000000e-09  3.30000000e+00  8.83000000e-09  0.00000000e+00 
 8.85000000e-09  3.29999964e+00  8.85000000e-09  3.30000002e+00  8.85000000e-09  6.88928692e-02  8.85000000e-09  6.89036332e-02  8.85000000e-09  3.30000000e+00  8.85000000e-09  0.00000000e+00 
 8.87000000e-09  3.30000029e+00  8.87000000e-09  3.29999998e+00  8.87000000e-09  6.82500764e-02  8.87000000e-09  6.82607260e-02  8.87000000e-09  3.30000000e+00  8.87000000e-09  0.00000000e+00 
 8.89000000e-09  3.29999964e+00  8.89000000e-09  3.30000002e+00  8.89000000e-09  6.76132703e-02  8.89000000e-09  6.76237997e-02  8.89000000e-09  3.30000000e+00  8.89000000e-09  0.00000000e+00 
 8.91000000e-09  3.30000029e+00  8.91000000e-09  3.29999998e+00  8.91000000e-09  6.69823466e-02  8.91000000e-09  6.69927647e-02  8.91000000e-09  3.30000000e+00  8.91000000e-09  0.00000000e+00 
 8.93000000e-09  3.29999964e+00  8.93000000e-09  3.30000002e+00  8.93000000e-09  6.63573010e-02  8.93000000e-09  6.63676018e-02  8.93000000e-09  3.30000000e+00  8.93000000e-09  0.00000000e+00 
 8.95000000e-09  3.30000029e+00  8.95000000e-09  3.29999998e+00  8.95000000e-09  6.57380301e-02  8.95000000e-09  6.57482226e-02  8.95000000e-09  3.30000000e+00  8.95000000e-09  0.00000000e+00 
 8.97000000e-09  3.29999964e+00  8.97000000e-09  3.30000002e+00  8.97000000e-09  6.51245306e-02  8.97000000e-09  6.51346087e-02  8.97000000e-09  3.30000000e+00  8.97000000e-09  0.00000000e+00 
 8.99000000e-09  3.30000029e+00  8.99000000e-09  3.29999998e+00  8.99000000e-09  6.45167000e-02  8.99000000e-09  6.45266726e-02  8.99000000e-09  3.30000000e+00  8.99000000e-09  0.00000000e+00 
 9.01000000e-09  3.29999964e+00  9.01000000e-09  3.30000002e+00  9.01000000e-09  6.39145358e-02  9.01000000e-09  6.39243969e-02  9.01000000e-09  3.30000000e+00  9.01000000e-09  0.00000000e+00 
 9.03000000e-09  3.30000029e+00  9.03000000e-09  3.29999998e+00  9.03000000e-09  6.33179367e-02  9.03000000e-09  6.33276951e-02  9.03000000e-09  3.30000000e+00  9.03000000e-09  0.00000000e+00 
 9.05000000e-09  3.29999964e+00  9.05000000e-09  3.30000002e+00  9.05000000e-09  6.27269010e-02  9.05000000e-09  6.27365506e-02  9.05000000e-09  3.30000000e+00  9.05000000e-09  0.00000000e+00 
 9.07000000e-09  3.30000029e+00  9.07000000e-09  3.29999998e+00  9.07000000e-09  6.21413283e-02  9.07000000e-09  6.21508778e-02  9.07000000e-09  3.30000000e+00  9.07000000e-09  0.00000000e+00 
 9.09000000e-09  3.29999964e+00  9.09000000e-09  3.30000002e+00  9.09000000e-09  6.15612178e-02  9.09000000e-09  6.15706612e-02  9.09000000e-09  3.30000000e+00  9.09000000e-09  0.00000000e+00 
 9.11000000e-09  3.30000029e+00  9.11000000e-09  3.29999998e+00  9.11000000e-09  6.09864701e-02  9.11000000e-09  6.09958161e-02  9.11000000e-09  3.30000000e+00  9.11000000e-09  0.00000000e+00 
 9.13000000e-09  3.29999964e+00  9.13000000e-09  3.30000002e+00  9.13000000e-09  6.04170852e-02  9.13000000e-09  6.04263277e-02  9.13000000e-09  3.30000000e+00  9.13000000e-09  0.00000000e+00 
 9.15000000e-09  3.30000029e+00  9.15000000e-09  3.29999998e+00  9.15000000e-09  5.98529647e-02  9.15000000e-09  5.98621122e-02  9.15000000e-09  3.30000000e+00  9.15000000e-09  0.00000000e+00 
 9.17000000e-09  3.29999964e+00  9.17000000e-09  3.30000002e+00  9.17000000e-09  5.92941094e-02  9.17000000e-09  5.93031558e-02  9.17000000e-09  3.30000000e+00  9.17000000e-09  0.00000000e+00 
 9.19000000e-09  3.30000029e+00  9.19000000e-09  3.29999998e+00  9.19000000e-09  5.87404217e-02  9.19000000e-09  5.87493757e-02  9.19000000e-09  3.30000000e+00  9.19000000e-09  0.00000000e+00 
 9.21000000e-09  3.29999964e+00  9.21000000e-09  3.30000002e+00  9.21000000e-09  5.81919034e-02  9.21000000e-09  5.82007587e-02  9.21000000e-09  3.30000000e+00  9.21000000e-09  0.00000000e+00 
 9.23000000e-09  3.30000029e+00  9.23000000e-09  3.29999998e+00  9.23000000e-09  5.76484577e-02  9.23000000e-09  5.76572230e-02  9.23000000e-09  3.30000000e+00  9.23000000e-09  0.00000000e+00 
 9.25000000e-09  3.29999964e+00  9.25000000e-09  3.30000002e+00  9.25000000e-09  5.71100873e-02  9.25000000e-09  5.71187562e-02  9.25000000e-09  3.30000000e+00  9.25000000e-09  0.00000000e+00 
 9.27000000e-09  3.30000029e+00  9.27000000e-09  3.29999998e+00  9.27000000e-09  5.65766962e-02  9.27000000e-09  5.65852774e-02  9.27000000e-09  3.30000000e+00  9.27000000e-09  0.00000000e+00 
 9.29000000e-09  3.29999964e+00  9.29000000e-09  3.30000002e+00  9.29000000e-09  5.60482878e-02  9.29000000e-09  5.60567750e-02  9.29000000e-09  3.30000000e+00  9.29000000e-09  0.00000000e+00 
 9.31000000e-09  3.30000029e+00  9.31000000e-09  3.29999998e+00  9.31000000e-09  5.55247672e-02  9.31000000e-09  5.55331689e-02  9.31000000e-09  3.30000000e+00  9.31000000e-09  0.00000000e+00 
 9.33000000e-09  3.29999964e+00  9.33000000e-09  3.30000002e+00  9.33000000e-09  5.50061385e-02  9.33000000e-09  5.50144484e-02  9.33000000e-09  3.30000000e+00  9.33000000e-09  0.00000000e+00 
 9.35000000e-09  3.30000029e+00  9.35000000e-09  3.29999998e+00  9.35000000e-09  5.44923076e-02  9.35000000e-09  5.45005341e-02  9.35000000e-09  3.30000000e+00  9.35000000e-09  0.00000000e+00 
 9.37000000e-09  3.29999964e+00  9.37000000e-09  3.30000002e+00  9.37000000e-09  5.39832794e-02  9.37000000e-09  5.39914163e-02  9.37000000e-09  3.30000000e+00  9.37000000e-09  0.00000000e+00 
 9.39000000e-09  3.30000029e+00  9.39000000e-09  3.29999998e+00  9.39000000e-09  5.34789606e-02  9.39000000e-09  5.34870163e-02  9.39000000e-09  3.30000000e+00  9.39000000e-09  0.00000000e+00 
 9.41000000e-09  3.29999964e+00  9.41000000e-09  3.30000002e+00  9.41000000e-09  5.29793569e-02  9.41000000e-09  5.29873250e-02  9.41000000e-09  3.30000000e+00  9.41000000e-09  0.00000000e+00 
 9.43000000e-09  3.30000029e+00  9.43000000e-09  3.29999998e+00  9.43000000e-09  5.24843759e-02  9.43000000e-09  5.24922649e-02  9.43000000e-09  3.30000000e+00  9.43000000e-09  0.00000000e+00 
 9.45000000e-09  3.29999964e+00  9.45000000e-09  3.30000002e+00  9.45000000e-09  5.19940240e-02  9.45000000e-09  5.20018274e-02  9.45000000e-09  3.30000000e+00  9.45000000e-09  0.00000000e+00 
 9.47000000e-09  3.30000029e+00  9.47000000e-09  3.29999998e+00  9.47000000e-09  5.15082096e-02  9.47000000e-09  5.15159358e-02  9.47000000e-09  3.30000000e+00  9.47000000e-09  0.00000000e+00 
 9.49000000e-09  3.29999964e+00  9.49000000e-09  3.30000002e+00  9.49000000e-09  5.10269397e-02  9.49000000e-09  5.10345824e-02  9.49000000e-09  3.30000000e+00  9.49000000e-09  0.00000000e+00 
 9.51000000e-09  3.30000029e+00  9.51000000e-09  3.29999998e+00  9.51000000e-09  5.05501236e-02  9.51000000e-09  5.05576911e-02  9.51000000e-09  3.30000000e+00  9.51000000e-09  0.00000000e+00 
 9.53000000e-09  3.29999964e+00  9.53000000e-09  3.30000002e+00  9.53000000e-09  5.00777691e-02  9.53000000e-09  5.00852549e-02  9.53000000e-09  3.30000000e+00  9.53000000e-09  0.00000000e+00 
 9.55000000e-09  3.30000029e+00  9.55000000e-09  3.29999998e+00  9.55000000e-09  4.96097862e-02  9.55000000e-09  4.96171987e-02  9.55000000e-09  3.30000000e+00  9.55000000e-09  0.00000000e+00 
 9.57000000e-09  3.29999964e+00  9.57000000e-09  3.30000001e+00  9.57000000e-09  4.91461835e-02  9.57000000e-09  4.91535162e-02  9.57000000e-09  3.30000000e+00  9.57000000e-09  0.00000000e+00 
 9.59000000e-09  3.30000029e+00  9.59000000e-09  3.29999998e+00  9.59000000e-09  4.86868716e-02  9.59000000e-09  4.86941328e-02  9.59000000e-09  3.30000000e+00  9.59000000e-09  0.00000000e+00 
 9.61000000e-09  3.29999964e+00  9.61000000e-09  3.30000001e+00  9.61000000e-09  4.82318599e-02  9.61000000e-09  4.82390432e-02  9.61000000e-09  3.30000000e+00  9.61000000e-09  0.00000000e+00 
 9.63000000e-09  3.30000029e+00  9.63000000e-09  3.29999998e+00  9.63000000e-09  4.77810599e-02  9.63000000e-09  4.77881734e-02  9.63000000e-09  3.30000000e+00  9.63000000e-09  0.00000000e+00 
 9.65000000e-09  3.29999964e+00  9.65000000e-09  3.30000001e+00  9.65000000e-09  4.73344814e-02  9.65000000e-09  4.73415187e-02  9.65000000e-09  3.30000000e+00  9.65000000e-09  0.00000000e+00 
 9.67000000e-09  3.30000029e+00  9.67000000e-09  3.29999998e+00  9.67000000e-09  4.68920367e-02  9.67000000e-09  4.68990060e-02  9.67000000e-09  3.30000000e+00  9.67000000e-09  0.00000000e+00 
 9.69000000e-09  3.29999964e+00  9.69000000e-09  3.30000001e+00  9.69000000e-09  4.64537365e-02  9.69000000e-09  4.64606313e-02  9.69000000e-09  3.30000000e+00  9.69000000e-09  0.00000000e+00 
 9.71000000e-09  3.30000029e+00  9.71000000e-09  3.29999998e+00  9.71000000e-09  4.60194937e-02  9.71000000e-09  4.60263222e-02  9.71000000e-09  3.30000000e+00  9.71000000e-09  0.00000000e+00 
 9.73000000e-09  3.29999964e+00  9.73000000e-09  3.30000001e+00  9.73000000e-09  4.55893195e-02  9.73000000e-09  4.55960752e-02  9.73000000e-09  3.30000000e+00  9.73000000e-09  0.00000000e+00 
 9.75000000e-09  3.30000029e+00  9.75000000e-09  3.29999998e+00  9.75000000e-09  4.51631277e-02  9.75000000e-09  4.51698187e-02  9.75000000e-09  3.30000000e+00  9.75000000e-09  0.00000000e+00 
 9.77000000e-09  3.29999964e+00  9.77000000e-09  3.30000001e+00  9.77000000e-09  4.47409302e-02  9.77000000e-09  4.47475500e-02  9.77000000e-09  3.30000000e+00  9.77000000e-09  0.00000000e+00 
 9.79000000e-09  3.30000029e+00  9.79000000e-09  3.29999998e+00  9.79000000e-09  4.43226414e-02  9.79000000e-09  4.43291981e-02  9.79000000e-09  3.30000000e+00  9.79000000e-09  0.00000000e+00 
 9.81000000e-09  3.29999964e+00  9.81000000e-09  3.30000001e+00  9.81000000e-09  4.39082738e-02  9.81000000e-09  4.39147609e-02  9.81000000e-09  3.30000000e+00  9.81000000e-09  0.00000000e+00 
 9.83000000e-09  3.30000028e+00  9.83000000e-09  3.29999998e+00  9.83000000e-09  4.34977426e-02  9.83000000e-09  4.35041681e-02  9.83000000e-09  3.30000000e+00  9.83000000e-09  0.00000000e+00 
 9.85000000e-09  3.29999964e+00  9.85000000e-09  3.30000001e+00  9.85000000e-09  4.30910608e-02  9.85000000e-09  4.30974183e-02  9.85000000e-09  3.30000000e+00  9.85000000e-09  0.00000000e+00 
 9.87000000e-09  3.30000028e+00  9.87000000e-09  3.29999998e+00  9.87000000e-09  4.26881444e-02  9.87000000e-09  4.26944418e-02  9.87000000e-09  3.30000000e+00  9.87000000e-09  0.00000000e+00 
 9.89000000e-09  3.29999964e+00  9.89000000e-09  3.30000001e+00  9.89000000e-09  4.22890070e-02  9.89000000e-09  4.22952379e-02  9.89000000e-09  3.30000000e+00  9.89000000e-09  0.00000000e+00 
 9.91000000e-09  3.30000028e+00  9.91000000e-09  3.29999998e+00  9.91000000e-09  4.18935652e-02  9.91000000e-09  4.18997375e-02  9.91000000e-09  3.30000000e+00  9.91000000e-09  0.00000000e+00 
 9.93000000e-09  3.29999964e+00  9.93000000e-09  3.30000001e+00  9.93000000e-09  4.15018333e-02  9.93000000e-09  4.15079405e-02  9.93000000e-09  3.30000000e+00  9.93000000e-09  0.00000000e+00 
 9.95000000e-09  3.30000028e+00  9.95000000e-09  3.29999998e+00  9.95000000e-09  4.11137285e-02  9.95000000e-09  4.11197785e-02  9.95000000e-09  3.30000000e+00  9.95000000e-09  0.00000000e+00 
 9.97000000e-09  3.29999964e+00  9.97000000e-09  3.30000001e+00  9.97000000e-09  4.07292657e-02  9.97000000e-09  4.07352520e-02  9.97000000e-09  3.30000000e+00  9.97000000e-09  0.00000000e+00 
 9.99000000e-09  3.30000028e+00  9.99000000e-09  3.29999998e+00  9.99000000e-09  4.03483627e-02  9.99000000e-09  4.03542932e-02  9.99000000e-09  3.30000000e+00  9.99000000e-09  0.00000000e+00 
 1.00100000e-08  3.29999964e+00  1.00100000e-08  3.30000001e+00  1.00100000e-08  3.99710350e-02  1.00100000e-08  3.99769032e-02  1.00100000e-08  3.30000000e+00  1.00100000e-08  0.00000000e+00 
 1.00300000e-08  3.30000028e+00  1.00300000e-08  3.29999998e+00  1.00300000e-08  3.95972012e-02  1.00300000e-08  3.96030150e-02  1.00300000e-08  3.30000000e+00  1.00300000e-08  0.00000000e+00 
 1.00500000e-08  3.29999964e+00  1.00500000e-08  3.30000001e+00  1.00500000e-08  3.92268772e-02  1.00500000e-08  3.92326300e-02  1.00500000e-08  3.30000000e+00  1.00500000e-08  0.00000000e+00 
 1.00700000e-08  3.30000028e+00  1.00700000e-08  3.29999998e+00  1.00700000e-08  3.88599822e-02  1.00700000e-08  3.88656819e-02  1.00700000e-08  3.30000000e+00  1.00700000e-08  0.00000000e+00 
 1.00850000e-08  3.29999964e+00  1.00850000e-08  3.30000001e+00  1.00850000e-08  3.85870800e-02  1.00850000e-08  3.85927340e-02  1.00850000e-08  3.30000000e+00  1.00850000e-08  0.00000000e+00 
 1.01000000e-08  3.30000027e+00  1.01000000e-08  3.29999998e+00  1.01000000e-08  3.83160646e-02  1.01000000e-08  3.83216805e-02  1.01000000e-08  3.30000000e+00  1.01000000e-08  0.00000000e+00 
 1.01020000e-08  3.29999994e+00  1.01020000e-08  3.29999999e+00  1.01020000e-08  3.82754825e-02  1.01020000e-08  3.82815576e-02  1.01020000e-08  3.23400000e+00  1.01020000e-08  0.00000000e+00 
 1.01060000e-08  3.29999975e+00  1.01060000e-08  3.29999977e+00  1.01060000e-08  3.80720204e-02  1.01060000e-08  3.80796213e-02  1.01060000e-08  3.10200000e+00  1.01060000e-08  0.00000000e+00 
 1.01140000e-08  3.29999898e+00  1.01140000e-08  3.29999896e+00  1.01140000e-08  3.70894006e-02  1.01140000e-08  3.71018621e-02  1.01140000e-08  2.83800000e+00  1.01140000e-08  0.00000000e+00 
 1.01300000e-08  3.29999820e+00  1.01300000e-08  3.29999820e+00  1.01300000e-08  3.37005562e-02  1.01300000e-08  3.37208723e-02  1.01300000e-08  2.31000000e+00  1.01300000e-08  0.00000000e+00 
 1.01500000e-08  3.30000250e+00  1.01500000e-08  3.30000251e+00  1.01500000e-08  3.42264404e-02  1.01500000e-08  3.42622115e-02  1.01500000e-08  1.65000000e+00  1.01500000e-08  0.00000000e+00 
 1.01700000e-08  3.30000646e+00  1.01700000e-08  3.30000648e+00  1.01700000e-08  4.41541349e-02  1.01700000e-08  4.42339796e-02  1.01700000e-08  9.90000000e-01  1.01700000e-08  0.00000000e+00 
 1.01850000e-08  3.30000695e+00  1.01850000e-08  3.30000697e+00  1.01850000e-08  5.80496336e-02  1.01850000e-08  5.81837424e-02  1.01850000e-08  4.95000000e-01  1.01850000e-08  0.00000000e+00 
 1.02000000e-08  3.30000788e+00  1.02000000e-08  3.30000790e+00  1.02000000e-08  7.83864221e-02  1.02000000e-08  7.85887931e-02  1.02000000e-08  0.00000000e+00  1.02000000e-08  0.00000000e+00 
 1.02020000e-08  3.30000846e+00  1.02020000e-08  3.30000848e+00  1.02020000e-08  8.19270980e-02  1.02020000e-08  8.21402928e-02  1.02020000e-08  0.00000000e+00  1.02020000e-08  0.00000000e+00 
 1.02060000e-08  3.30000838e+00  1.02060000e-08  3.30000841e+00  1.02060000e-08  8.87461257e-02  1.02060000e-08  8.89815190e-02  1.02060000e-08  0.00000000e+00  1.02060000e-08  0.00000000e+00 
 1.02140000e-08  3.30000499e+00  1.02140000e-08  3.30000501e+00  1.02140000e-08  1.01288970e-01  1.02140000e-08  1.01568910e-01  1.02140000e-08  0.00000000e+00  1.02140000e-08  0.00000000e+00 
 1.02300000e-08  3.30000002e+00  1.02300000e-08  3.30000003e+00  1.02300000e-08  1.24617996e-01  1.02300000e-08  1.24976626e-01  1.02300000e-08  0.00000000e+00  1.02300000e-08  0.00000000e+00 
 1.02500000e-08  3.29999956e+00  1.02500000e-08  3.29999955e+00  1.02500000e-08  1.53028388e-01  1.02500000e-08  1.53464572e-01  1.02500000e-08  0.00000000e+00  1.02500000e-08  0.00000000e+00 
 1.02700000e-08  3.30000018e+00  1.02700000e-08  3.30000017e+00  1.02700000e-08  1.81586472e-01  1.02700000e-08  1.82087411e-01  1.02700000e-08  0.00000000e+00  1.02700000e-08  0.00000000e+00 
 1.02900000e-08  3.30000034e+00  1.02900000e-08  3.30000034e+00  1.02900000e-08  2.10374821e-01  1.02900000e-08  2.10938450e-01  1.02900000e-08  0.00000000e+00  1.02900000e-08  0.00000000e+00 
 1.03100000e-08  3.30000042e+00  1.03100000e-08  3.30000043e+00  1.03100000e-08  2.39404787e-01  1.03100000e-08  2.40035196e-01  1.03100000e-08  0.00000000e+00  1.03100000e-08  0.00000000e+00 
 1.03300000e-08  3.30000051e+00  1.03300000e-08  3.30000052e+00  1.03300000e-08  2.68695241e-01  1.03300000e-08  2.69400636e-01  1.03300000e-08  0.00000000e+00  1.03300000e-08  0.00000000e+00 
 1.03500000e-08  3.30000064e+00  1.03500000e-08  3.30000065e+00  1.03500000e-08  2.98271691e-01  1.03500000e-08  2.99063823e-01  1.03500000e-08  0.00000000e+00  1.03500000e-08  0.00000000e+00 
 1.03700000e-08  3.30000080e+00  1.03700000e-08  3.30000082e+00  1.03700000e-08  3.28167976e-01  1.03700000e-08  3.29062415e-01  1.03700000e-08  0.00000000e+00  1.03700000e-08  0.00000000e+00 
 1.03900000e-08  3.30000101e+00  1.03900000e-08  3.30000104e+00  1.03900000e-08  3.58429149e-01  1.03900000e-08  3.59446225e-01  1.03900000e-08  0.00000000e+00  1.03900000e-08  0.00000000e+00 
 1.04100000e-08  3.30000128e+00  1.04100000e-08  3.30000133e+00  1.04100000e-08  3.89116010e-01  1.04100000e-08  3.90282506e-01  1.04100000e-08  0.00000000e+00  1.04100000e-08  0.00000000e+00 
 1.04300000e-08  3.30000162e+00  1.04300000e-08  3.30000169e+00  1.04300000e-08  4.20312410e-01  1.04300000e-08  4.21664373e-01  1.04300000e-08  0.00000000e+00  1.04300000e-08  0.00000000e+00 
 1.04500000e-08  3.30000203e+00  1.04500000e-08  3.30000213e+00  1.04500000e-08  4.52137328e-01  1.04500000e-08  4.53724880e-01  1.04500000e-08  0.00000000e+00  1.04500000e-08  0.00000000e+00 
 1.04700000e-08  3.30000250e+00  1.04700000e-08  3.30000266e+00  1.04700000e-08  4.84766031e-01  1.04700000e-08  4.86662020e-01  1.04700000e-08  0.00000000e+00  1.04700000e-08  0.00000000e+00 
 1.04900000e-08  3.30000303e+00  1.04900000e-08  3.30000328e+00  1.04900000e-08  5.18469373e-01  1.04900000e-08  5.20786236e-01  1.04900000e-08  0.00000000e+00  1.04900000e-08  0.00000000e+00 
 1.05100000e-08  3.30000362e+00  1.05100000e-08  3.30000404e+00  1.05100000e-08  5.53692794e-01  1.05100000e-08  5.56618530e-01  1.05100000e-08  0.00000000e+00  1.05100000e-08  0.00000000e+00 
 1.05300000e-08  3.30000440e+00  1.05300000e-08  3.30000520e+00  1.05300000e-08  5.91238895e-01  1.05300000e-08  5.95124829e-01  1.05300000e-08  0.00000000e+00  1.05300000e-08  0.00000000e+00 
 1.05500000e-08  3.30000580e+00  1.05500000e-08  3.30000750e+00  1.05500000e-08  6.32683049e-01  1.05500000e-08  6.38252264e-01  1.05500000e-08  0.00000000e+00  1.05500000e-08  0.00000000e+00 
 1.05700000e-08  3.30000901e+00  1.05700000e-08  3.30001279e+00  1.05700000e-08  6.81361336e-01  1.05700000e-08  6.90060688e-01  1.05700000e-08  0.00000000e+00  1.05700000e-08  0.00000000e+00 
 1.05900000e-08  3.30001572e+00  1.05900000e-08  3.30002132e+00  1.05900000e-08  7.43517409e-01  1.05900000e-08  7.57026980e-01  1.05900000e-08  0.00000000e+00  1.05900000e-08  0.00000000e+00 
 1.06100000e-08  3.30002092e+00  1.06100000e-08  3.30002212e+00  1.06100000e-08  8.25150899e-01  1.06100000e-08  8.43528414e-01  1.06100000e-08  0.00000000e+00  1.06100000e-08  0.00000000e+00 
 1.06300000e-08  3.30001133e+00  1.06300000e-08  3.30000446e+00  1.06300000e-08  9.26127064e-01  1.06300000e-08  9.48596747e-01  1.06300000e-08  0.00000000e+00  1.06300000e-08  0.00000000e+00 
 1.06500000e-08  3.29998945e+00  1.06500000e-08  3.29997532e+00  1.06500000e-08  1.04245320e+00  1.06500000e-08  1.06827267e+00  1.06500000e-08  0.00000000e+00  1.06500000e-08  0.00000000e+00 
 1.06700000e-08  3.29996662e+00  1.06700000e-08  3.29994730e+00  1.06700000e-08  1.17023283e+00  1.06700000e-08  1.19893248e+00  1.06700000e-08  0.00000000e+00  1.06700000e-08  0.00000000e+00 
 1.06900000e-08  3.29994988e+00  1.06900000e-08  3.29992970e+00  1.06900000e-08  1.30669588e+00  1.06900000e-08  1.33791799e+00  1.06900000e-08  0.00000000e+00  1.06900000e-08  0.00000000e+00 
 1.07100000e-08  3.29994275e+00  1.07100000e-08  3.29992144e+00  1.07100000e-08  1.44960950e+00  1.07100000e-08  1.48301689e+00  1.07100000e-08  0.00000000e+00  1.07100000e-08  0.00000000e+00 
 1.07300000e-08  3.29993993e+00  1.07300000e-08  3.29991916e+00  1.07300000e-08  1.59694429e+00  1.07300000e-08  1.63222559e+00  1.07300000e-08  0.00000000e+00  1.07300000e-08  0.00000000e+00 
 1.07500000e-08  3.29994255e+00  1.07500000e-08  3.29992416e+00  1.07500000e-08  1.74684463e+00  1.07500000e-08  1.78367491e+00  1.07500000e-08  0.00000000e+00  1.07500000e-08  0.00000000e+00 
 1.07700000e-08  3.29994878e+00  1.07700000e-08  3.29993215e+00  1.07700000e-08  1.89711521e+00  1.07700000e-08  1.93491864e+00  1.07700000e-08  0.00000000e+00  1.07700000e-08  0.00000000e+00 
 1.07900000e-08  3.29995576e+00  1.07900000e-08  3.29994217e+00  1.07900000e-08  2.04481543e+00  1.07900000e-08  2.08289532e+00  1.07900000e-08  0.00000000e+00  1.07900000e-08  0.00000000e+00 
 1.08100000e-08  3.29996389e+00  1.08100000e-08  3.29995493e+00  1.08100000e-08  2.18711459e+00  1.08100000e-08  2.22485091e+00  1.08100000e-08  0.00000000e+00  1.08100000e-08  0.00000000e+00 
 1.08300000e-08  3.29997322e+00  1.08300000e-08  3.29996912e+00  1.08300000e-08  2.32174824e+00  1.08300000e-08  2.35861698e+00  1.08300000e-08  0.00000000e+00  1.08300000e-08  0.00000000e+00 
 1.08500000e-08  3.29998281e+00  1.08500000e-08  3.29998312e+00  1.08500000e-08  2.44702123e+00  1.08500000e-08  2.48258901e+00  1.08500000e-08  0.00000000e+00  1.08500000e-08  0.00000000e+00 
 1.08700000e-08  3.29999170e+00  1.08700000e-08  3.29999573e+00  1.08700000e-08  2.56178423e+00  1.08700000e-08  2.59570906e+00  1.08700000e-08  0.00000000e+00  1.08700000e-08  0.00000000e+00 
 1.08900000e-08  3.29999941e+00  1.08900000e-08  3.30000670e+00  1.08900000e-08  2.66540740e+00  1.08900000e-08  2.69743915e+00  1.08900000e-08  0.00000000e+00  1.08900000e-08  0.00000000e+00 
 1.09100000e-08  3.30000610e+00  1.09100000e-08  3.30001539e+00  1.09100000e-08  2.75773021e+00  1.09100000e-08  2.78770663e+00  1.09100000e-08  0.00000000e+00  1.09100000e-08  0.00000000e+00 
 1.09300000e-08  3.30001110e+00  1.09300000e-08  3.30002168e+00  1.09300000e-08  2.83899064e+00  1.09300000e-08  2.86682928e+00  1.09300000e-08  0.00000000e+00  1.09300000e-08  0.00000000e+00 
 1.09500000e-08  3.30001472e+00  1.09500000e-08  3.30002597e+00  1.09500000e-08  2.90973762e+00  1.09500000e-08  2.93542431e+00  1.09500000e-08  0.00000000e+00  1.09500000e-08  0.00000000e+00 
 1.09700000e-08  3.30001714e+00  1.09700000e-08  3.30002850e+00  1.09700000e-08  2.97073906e+00  1.09700000e-08  2.99431467e+00  1.09700000e-08  0.00000000e+00  1.09700000e-08  0.00000000e+00 
 1.09900000e-08  3.30001856e+00  1.09900000e-08  3.30002959e+00  1.09900000e-08  3.02289563e+00  1.09900000e-08  3.04444250e+00  1.09900000e-08  0.00000000e+00  1.09900000e-08  0.00000000e+00 
 1.10100000e-08  3.30001916e+00  1.10100000e-08  3.30002956e+00  1.10100000e-08  3.06716703e+00  1.10100000e-08  3.08679635e+00  1.10100000e-08  0.00000000e+00  1.10100000e-08  0.00000000e+00 
 1.10300000e-08  3.30001914e+00  1.10300000e-08  3.30002873e+00  1.10300000e-08  3.10451413e+00  1.10300000e-08  3.12235500e+00  1.10300000e-08  0.00000000e+00  1.10300000e-08  0.00000000e+00 
 1.10500000e-08  3.30001867e+00  1.10500000e-08  3.30002735e+00  1.10500000e-08  3.13585735e+00  1.10500000e-08  3.15204792e+00  1.10500000e-08  0.00000000e+00  1.10500000e-08  0.00000000e+00 
 1.10700000e-08  3.30001790e+00  1.10700000e-08  3.30002564e+00  1.10700000e-08  3.16204977e+00  1.10700000e-08  3.17673043e+00  1.10700000e-08  0.00000000e+00  1.10700000e-08  0.00000000e+00 
 1.10900000e-08  3.30001692e+00  1.10900000e-08  3.30002375e+00  1.10900000e-08  3.18386223e+00  1.10900000e-08  3.19717081e+00  1.10900000e-08  0.00000000e+00  1.10900000e-08  0.00000000e+00 
 1.11100000e-08  3.30001584e+00  1.11100000e-08  3.30002179e+00  1.11100000e-08  3.20197763e+00  1.11100000e-08  3.21404602e+00  1.11100000e-08  0.00000000e+00  1.11100000e-08  0.00000000e+00 
 1.11300000e-08  3.30001470e+00  1.11300000e-08  3.30001986e+00  1.11300000e-08  3.21699143e+00  1.11300000e-08  3.22794364e+00  1.11300000e-08  0.00000000e+00  1.11300000e-08  0.00000000e+00 
 1.11500000e-08  3.30001355e+00  1.11500000e-08  3.30001799e+00  1.11500000e-08  3.22941645e+00  1.11500000e-08  3.23936737e+00  1.11500000e-08  0.00000000e+00  1.11500000e-08  0.00000000e+00 
 1.11700000e-08  3.30001243e+00  1.11700000e-08  3.30001623e+00  1.11700000e-08  3.23968975e+00  1.11700000e-08  3.24874476e+00  1.11700000e-08  0.00000000e+00  1.11700000e-08  0.00000000e+00 
 1.11900000e-08  3.30001135e+00  1.11900000e-08  3.30001459e+00  1.11900000e-08  3.24818080e+00  1.11900000e-08  3.25643573e+00  1.11900000e-08  0.00000000e+00  1.11900000e-08  0.00000000e+00 
 1.12100000e-08  3.30001032e+00  1.12100000e-08  3.30001308e+00  1.12100000e-08  3.25519982e+00  1.12100000e-08  3.26274127e+00  1.12100000e-08  0.00000000e+00  1.12100000e-08  0.00000000e+00 
 1.12300000e-08  3.30000937e+00  1.12300000e-08  3.30001171e+00  1.12300000e-08  3.26100583e+00  1.12300000e-08  3.26791160e+00  1.12300000e-08  0.00000000e+00  1.12300000e-08  0.00000000e+00 
 1.12500000e-08  3.30000848e+00  1.12500000e-08  3.30001046e+00  1.12500000e-08  3.26581406e+00  1.12500000e-08  3.27215380e+00  1.12500000e-08  0.00000000e+00  1.12500000e-08  0.00000000e+00 
 1.12700000e-08  3.30000766e+00  1.12700000e-08  3.30000934e+00  1.12700000e-08  3.26980273e+00  1.12700000e-08  3.27563853e+00  1.12700000e-08  0.00000000e+00  1.12700000e-08  0.00000000e+00 
 1.12900000e-08  3.30000692e+00  1.12900000e-08  3.30000834e+00  1.12900000e-08  3.27311893e+00  1.12900000e-08  3.27850599e+00  1.12900000e-08  0.00000000e+00  1.12900000e-08  0.00000000e+00 
 1.13100000e-08  3.30000624e+00  1.13100000e-08  3.30000745e+00  1.13100000e-08  3.27588371e+00  1.13100000e-08  3.28087100e+00  1.13100000e-08  0.00000000e+00  1.13100000e-08  0.00000000e+00 
 1.13300000e-08  3.30000563e+00  1.13300000e-08  3.30000665e+00  1.13300000e-08  3.27819651e+00  1.13300000e-08  3.28282737e+00  1.13300000e-08  0.00000000e+00  1.13300000e-08  0.00000000e+00 
 1.13500000e-08  3.30000508e+00  1.13500000e-08  3.30000594e+00  1.13500000e-08  3.28013884e+00  1.13500000e-08  3.28445157e+00  1.13500000e-08  0.00000000e+00  1.13500000e-08  0.00000000e+00 
 1.13700000e-08  3.30000458e+00  1.13700000e-08  3.30000531e+00  1.13700000e-08  3.28177741e+00  1.13700000e-08  3.28580583e+00  1.13700000e-08  0.00000000e+00  1.13700000e-08  0.00000000e+00 
 1.13900000e-08  3.30000413e+00  1.13900000e-08  3.30000476e+00  1.13900000e-08  3.28316680e+00  1.13900000e-08  3.28694069e+00  1.13900000e-08  0.00000000e+00  1.13900000e-08  0.00000000e+00 
 1.14100000e-08  3.30000373e+00  1.14100000e-08  3.30000427e+00  1.14100000e-08  3.28435153e+00  1.14100000e-08  3.28789719e+00  1.14100000e-08  0.00000000e+00  1.14100000e-08  0.00000000e+00 
 1.14300000e-08  3.30000337e+00  1.14300000e-08  3.30000383e+00  1.14300000e-08  3.28536799e+00  1.14300000e-08  3.28870853e+00  1.14300000e-08  0.00000000e+00  1.14300000e-08  0.00000000e+00 
 1.14500000e-08  3.30000305e+00  1.14500000e-08  3.30000344e+00  1.14500000e-08  3.28624583e+00  1.14500000e-08  3.28940163e+00  1.14500000e-08  0.00000000e+00  1.14500000e-08  0.00000000e+00 
 1.14700000e-08  3.30000277e+00  1.14700000e-08  3.30000310e+00  1.14700000e-08  3.28700924e+00  1.14700000e-08  3.28999825e+00  1.14700000e-08  0.00000000e+00  1.14700000e-08  0.00000000e+00 
 1.14900000e-08  3.30000251e+00  1.14900000e-08  3.30000280e+00  1.14900000e-08  3.28767793e+00  1.14900000e-08  3.29051598e+00  1.14900000e-08  0.00000000e+00  1.14900000e-08  0.00000000e+00 
 1.15100000e-08  3.30000228e+00  1.15100000e-08  3.30000253e+00  1.15100000e-08  3.28826799e+00  1.15100000e-08  3.29096901e+00  1.15100000e-08  0.00000000e+00  1.15100000e-08  0.00000000e+00 
 1.15300000e-08  3.30000208e+00  1.15300000e-08  3.30000229e+00  1.15300000e-08  3.28879253e+00  1.15300000e-08  3.29136885e+00  1.15300000e-08  0.00000000e+00  1.15300000e-08  0.00000000e+00 
 1.15500000e-08  3.30000189e+00  1.15500000e-08  3.30000208e+00  1.15500000e-08  3.28926225e+00  1.15500000e-08  3.29172475e+00  1.15500000e-08  0.00000000e+00  1.15500000e-08  0.00000000e+00 
 1.15700000e-08  3.30000173e+00  1.15700000e-08  3.30000189e+00  1.15700000e-08  3.28968590e+00  1.15700000e-08  3.29204421e+00  1.15700000e-08  0.00000000e+00  1.15700000e-08  0.00000000e+00 
 1.15900000e-08  3.30000158e+00  1.15900000e-08  3.30000173e+00  1.15900000e-08  3.29007063e+00  1.15900000e-08  3.29233329e+00  1.15900000e-08  0.00000000e+00  1.15900000e-08  0.00000000e+00 
 1.16100000e-08  3.30000145e+00  1.16100000e-08  3.30000158e+00  1.16100000e-08  3.29042229e+00  1.16100000e-08  3.29259688e+00  1.16100000e-08  0.00000000e+00  1.16100000e-08  0.00000000e+00 
 1.16300000e-08  3.30000133e+00  1.16300000e-08  3.30000144e+00  1.16300000e-08  3.29074568e+00  1.16300000e-08  3.29283895e+00  1.16300000e-08  0.00000000e+00  1.16300000e-08  0.00000000e+00 
 1.16500000e-08  3.30000122e+00  1.16500000e-08  3.30000132e+00  1.16500000e-08  3.29104474e+00  1.16500000e-08  3.29306273e+00  1.16500000e-08  0.00000000e+00  1.16500000e-08  0.00000000e+00 
 1.16700000e-08  3.30000112e+00  1.16700000e-08  3.30000121e+00  1.16700000e-08  3.29132275e+00  1.16700000e-08  3.29327081e+00  1.16700000e-08  0.00000000e+00  1.16700000e-08  0.00000000e+00 
 1.16900000e-08  3.30000104e+00  1.16900000e-08  3.30000112e+00  1.16900000e-08  3.29158237e+00  1.16900000e-08  3.29346535e+00  1.16900000e-08  0.00000000e+00  1.16900000e-08  0.00000000e+00 
 1.17100000e-08  3.30000096e+00  1.17100000e-08  3.30000103e+00  1.17100000e-08  3.29182586e+00  1.17100000e-08  3.29364807e+00  1.17100000e-08  0.00000000e+00  1.17100000e-08  0.00000000e+00 
 1.17300000e-08  3.30000089e+00  1.17300000e-08  3.30000095e+00  1.17300000e-08  3.29205505e+00  1.17300000e-08  3.29382042e+00  1.17300000e-08  0.00000000e+00  1.17300000e-08  0.00000000e+00 
 1.17500000e-08  3.30000082e+00  1.17500000e-08  3.30000088e+00  1.17500000e-08  3.29227152e+00  1.17500000e-08  3.29398356e+00  1.17500000e-08  0.00000000e+00  1.17500000e-08  0.00000000e+00 
 1.17700000e-08  3.30000076e+00  1.17700000e-08  3.30000082e+00  1.17700000e-08  3.29247656e+00  1.17700000e-08  3.29413848e+00  1.17700000e-08  0.00000000e+00  1.17700000e-08  0.00000000e+00 
 1.17900000e-08  3.30000071e+00  1.17900000e-08  3.30000076e+00  1.17900000e-08  3.29267129e+00  1.17900000e-08  3.29428597e+00  1.17900000e-08  0.00000000e+00  1.17900000e-08  0.00000000e+00 
 1.18100000e-08  3.30000066e+00  1.18100000e-08  3.30000071e+00  1.18100000e-08  3.29285663e+00  1.18100000e-08  3.29442674e+00  1.18100000e-08  0.00000000e+00  1.18100000e-08  0.00000000e+00 
 1.18300000e-08  3.30000062e+00  1.18300000e-08  3.30000066e+00  1.18300000e-08  3.29303340e+00  1.18300000e-08  3.29456134e+00  1.18300000e-08  0.00000000e+00  1.18300000e-08  0.00000000e+00 
 1.18500000e-08  3.30000058e+00  1.18500000e-08  3.30000061e+00  1.18500000e-08  3.29320229e+00  1.18500000e-08  3.29469028e+00  1.18500000e-08  0.00000000e+00  1.18500000e-08  0.00000000e+00 
 1.18700000e-08  3.30000054e+00  1.18700000e-08  3.30000057e+00  1.18700000e-08  3.29336390e+00  1.18700000e-08  3.29481396e+00  1.18700000e-08  0.00000000e+00  1.18700000e-08  0.00000000e+00 
 1.18900000e-08  3.30000051e+00  1.18900000e-08  3.30000054e+00  1.18900000e-08  3.29351875e+00  1.18900000e-08  3.29493276e+00  1.18900000e-08  0.00000000e+00  1.18900000e-08  0.00000000e+00 
 1.19100000e-08  3.30000048e+00  1.19100000e-08  3.30000050e+00  1.19100000e-08  3.29366731e+00  1.19100000e-08  3.29504699e+00  1.19100000e-08  0.00000000e+00  1.19100000e-08  0.00000000e+00 
 1.19300000e-08  3.30000045e+00  1.19300000e-08  3.30000047e+00  1.19300000e-08  3.29380997e+00  1.19300000e-08  3.29515694e+00  1.19300000e-08  0.00000000e+00  1.19300000e-08  0.00000000e+00 
 1.19500000e-08  3.30000042e+00  1.19500000e-08  3.30000044e+00  1.19500000e-08  3.29394713e+00  1.19500000e-08  3.29526284e+00  1.19500000e-08  0.00000000e+00  1.19500000e-08  0.00000000e+00 
 1.19700000e-08  3.30000040e+00  1.19700000e-08  3.30000042e+00  1.19700000e-08  3.29407908e+00  1.19700000e-08  3.29536494e+00  1.19700000e-08  0.00000000e+00  1.19700000e-08  0.00000000e+00 
 1.19900000e-08  3.30000037e+00  1.19900000e-08  3.30000039e+00  1.19900000e-08  3.29420614e+00  1.19900000e-08  3.29546341e+00  1.19900000e-08  0.00000000e+00  1.19900000e-08  0.00000000e+00 
 1.20100000e-08  3.30000035e+00  1.20100000e-08  3.30000037e+00  1.20100000e-08  3.29432857e+00  1.20100000e-08  3.29555847e+00  1.20100000e-08  0.00000000e+00  1.20100000e-08  0.00000000e+00 
 1.20300000e-08  3.30000033e+00  1.20300000e-08  3.30000035e+00  1.20300000e-08  3.29444662e+00  1.20300000e-08  3.29565025e+00  1.20300000e-08  0.00000000e+00  1.20300000e-08  0.00000000e+00 
 1.20500000e-08  3.30000032e+00  1.20500000e-08  3.30000033e+00  1.20500000e-08  3.29456050e+00  1.20500000e-08  3.29573893e+00  1.20500000e-08  0.00000000e+00  1.20500000e-08  0.00000000e+00 
 1.20700000e-08  3.30000030e+00  1.20700000e-08  3.30000031e+00  1.20700000e-08  3.29467044e+00  1.20700000e-08  3.29582464e+00  1.20700000e-08  0.00000000e+00  1.20700000e-08  0.00000000e+00 
 1.20900000e-08  3.30000028e+00  1.20900000e-08  3.30000030e+00  1.20900000e-08  3.29477662e+00  1.20900000e-08  3.29590753e+00  1.20900000e-08  0.00000000e+00  1.20900000e-08  0.00000000e+00 
 1.21100000e-08  3.30000027e+00  1.21100000e-08  3.30000028e+00  1.21100000e-08  3.29487922e+00  1.21100000e-08  3.29598771e+00  1.21100000e-08  0.00000000e+00  1.21100000e-08  0.00000000e+00 
 1.21300000e-08  3.30000026e+00  1.21300000e-08  3.30000027e+00  1.21300000e-08  3.29497841e+00  1.21300000e-08  3.29606531e+00  1.21300000e-08  0.00000000e+00  1.21300000e-08  0.00000000e+00 
 1.21500000e-08  3.30000024e+00  1.21500000e-08  3.30000026e+00  1.21500000e-08  3.29507434e+00  1.21500000e-08  3.29614042e+00  1.21500000e-08  0.00000000e+00  1.21500000e-08  0.00000000e+00 
 1.21700000e-08  3.30000023e+00  1.21700000e-08  3.30000024e+00  1.21700000e-08  3.29516717e+00  1.21700000e-08  3.29621317e+00  1.21700000e-08  0.00000000e+00  1.21700000e-08  0.00000000e+00 
 1.21900000e-08  3.30000022e+00  1.21900000e-08  3.30000023e+00  1.21900000e-08  3.29525702e+00  1.21900000e-08  3.29628364e+00  1.21900000e-08  0.00000000e+00  1.21900000e-08  0.00000000e+00 
 1.22100000e-08  3.30000021e+00  1.22100000e-08  3.30000022e+00  1.22100000e-08  3.29534403e+00  1.22100000e-08  3.29635194e+00  1.22100000e-08  0.00000000e+00  1.22100000e-08  0.00000000e+00 
 1.22300000e-08  3.30000020e+00  1.22300000e-08  3.30000021e+00  1.22300000e-08  3.29542833e+00  1.22300000e-08  3.29641813e+00  1.22300000e-08  0.00000000e+00  1.22300000e-08  0.00000000e+00 
 1.22500000e-08  3.30000019e+00  1.22500000e-08  3.30000020e+00  1.22500000e-08  3.29551001e+00  1.22500000e-08  3.29648233e+00  1.22500000e-08  0.00000000e+00  1.22500000e-08  0.00000000e+00 
 1.22700000e-08  3.30000018e+00  1.22700000e-08  3.30000019e+00  1.22700000e-08  3.29558921e+00  1.22700000e-08  3.29654460e+00  1.22700000e-08  0.00000000e+00  1.22700000e-08  0.00000000e+00 
 1.22900000e-08  3.30000018e+00  1.22900000e-08  3.30000018e+00  1.22900000e-08  3.29566601e+00  1.22900000e-08  3.29660502e+00  1.22900000e-08  0.00000000e+00  1.22900000e-08  0.00000000e+00 
 1.23100000e-08  3.30000017e+00  1.23100000e-08  3.30000018e+00  1.23100000e-08  3.29574052e+00  1.23100000e-08  3.29666365e+00  1.23100000e-08  0.00000000e+00  1.23100000e-08  0.00000000e+00 
 1.23300000e-08  3.30000016e+00  1.23300000e-08  3.30000017e+00  1.23300000e-08  3.29581282e+00  1.23300000e-08  3.29672059e+00  1.23300000e-08  0.00000000e+00  1.23300000e-08  0.00000000e+00 
 1.23500000e-08  3.30000015e+00  1.23500000e-08  3.30000016e+00  1.23500000e-08  3.29588302e+00  1.23500000e-08  3.29677587e+00  1.23500000e-08  0.00000000e+00  1.23500000e-08  0.00000000e+00 
 1.23700000e-08  3.30000015e+00  1.23700000e-08  3.30000015e+00  1.23700000e-08  3.29595118e+00  1.23700000e-08  3.29682958e+00  1.23700000e-08  0.00000000e+00  1.23700000e-08  0.00000000e+00 
 1.23900000e-08  3.30000014e+00  1.23900000e-08  3.30000015e+00  1.23900000e-08  3.29601740e+00  1.23900000e-08  3.29688176e+00  1.23900000e-08  0.00000000e+00  1.23900000e-08  0.00000000e+00 
 1.24100000e-08  3.30000014e+00  1.24100000e-08  3.30000014e+00  1.24100000e-08  3.29608174e+00  1.24100000e-08  3.29693249e+00  1.24100000e-08  0.00000000e+00  1.24100000e-08  0.00000000e+00 
 1.24300000e-08  3.30000013e+00  1.24300000e-08  3.30000014e+00  1.24300000e-08  3.29614428e+00  1.24300000e-08  3.29698180e+00  1.24300000e-08  0.00000000e+00  1.24300000e-08  0.00000000e+00 
 1.24500000e-08  3.30000013e+00  1.24500000e-08  3.30000013e+00  1.24500000e-08  3.29620509e+00  1.24500000e-08  3.29702976e+00  1.24500000e-08  0.00000000e+00  1.24500000e-08  0.00000000e+00 
 1.24700000e-08  3.30000012e+00  1.24700000e-08  3.30000013e+00  1.24700000e-08  3.29626424e+00  1.24700000e-08  3.29707641e+00  1.24700000e-08  0.00000000e+00  1.24700000e-08  0.00000000e+00 
 1.24900000e-08  3.30000012e+00  1.24900000e-08  3.30000012e+00  1.24900000e-08  3.29632177e+00  1.24900000e-08  3.29712181e+00  1.24900000e-08  0.00000000e+00  1.24900000e-08  0.00000000e+00 
 1.25100000e-08  3.30000011e+00  1.25100000e-08  3.30000012e+00  1.25100000e-08  3.29637777e+00  1.25100000e-08  3.29716599e+00  1.25100000e-08  0.00000000e+00  1.25100000e-08  0.00000000e+00 
 1.25300000e-08  3.30000011e+00  1.25300000e-08  3.30000011e+00  1.25300000e-08  3.29643228e+00  1.25300000e-08  3.29720901e+00  1.25300000e-08  0.00000000e+00  1.25300000e-08  0.00000000e+00 
 1.25500000e-08  3.30000010e+00  1.25500000e-08  3.30000011e+00  1.25500000e-08  3.29648535e+00  1.25500000e-08  3.29725090e+00  1.25500000e-08  0.00000000e+00  1.25500000e-08  0.00000000e+00 
 1.25700000e-08  3.30000010e+00  1.25700000e-08  3.30000011e+00  1.25700000e-08  3.29653704e+00  1.25700000e-08  3.29729170e+00  1.25700000e-08  0.00000000e+00  1.25700000e-08  0.00000000e+00 
 1.25900000e-08  3.30000010e+00  1.25900000e-08  3.30000010e+00  1.25900000e-08  3.29658741e+00  1.25900000e-08  3.29733145e+00  1.25900000e-08  0.00000000e+00  1.25900000e-08  0.00000000e+00 
 1.26100000e-08  3.30000009e+00  1.26100000e-08  3.30000010e+00  1.26100000e-08  3.29663648e+00  1.26100000e-08  3.29737020e+00  1.26100000e-08  0.00000000e+00  1.26100000e-08  0.00000000e+00 
 1.26300000e-08  3.30000009e+00  1.26300000e-08  3.30000009e+00  1.26300000e-08  3.29668432e+00  1.26300000e-08  3.29740796e+00  1.26300000e-08  0.00000000e+00  1.26300000e-08  0.00000000e+00 
 1.26500000e-08  3.30000009e+00  1.26500000e-08  3.30000009e+00  1.26500000e-08  3.29673096e+00  1.26500000e-08  3.29744479e+00  1.26500000e-08  0.00000000e+00  1.26500000e-08  0.00000000e+00 
 1.26700000e-08  3.30000009e+00  1.26700000e-08  3.30000009e+00  1.26700000e-08  3.29677644e+00  1.26700000e-08  3.29748070e+00  1.26700000e-08  0.00000000e+00  1.26700000e-08  0.00000000e+00 
 1.26900000e-08  3.30000008e+00  1.26900000e-08  3.30000009e+00  1.26900000e-08  3.29682081e+00  1.26900000e-08  3.29751574e+00  1.26900000e-08  0.00000000e+00  1.26900000e-08  0.00000000e+00 
 1.27100000e-08  3.30000008e+00  1.27100000e-08  3.30000008e+00  1.27100000e-08  3.29686411e+00  1.27100000e-08  3.29754991e+00  1.27100000e-08  0.00000000e+00  1.27100000e-08  0.00000000e+00 
 1.27300000e-08  3.30000008e+00  1.27300000e-08  3.30000008e+00  1.27300000e-08  3.29690636e+00  1.27300000e-08  3.29758328e+00  1.27300000e-08  0.00000000e+00  1.27300000e-08  0.00000000e+00 
 1.27500000e-08  3.30000007e+00  1.27500000e-08  3.30000008e+00  1.27500000e-08  3.29694760e+00  1.27500000e-08  3.29761584e+00  1.27500000e-08  0.00000000e+00  1.27500000e-08  0.00000000e+00 
 1.27700000e-08  3.30000007e+00  1.27700000e-08  3.30000007e+00  1.27700000e-08  3.29698787e+00  1.27700000e-08  3.29764764e+00  1.27700000e-08  0.00000000e+00  1.27700000e-08  0.00000000e+00 
 1.27900000e-08  3.30000007e+00  1.27900000e-08  3.30000007e+00  1.27900000e-08  3.29702721e+00  1.27900000e-08  3.29767869e+00  1.27900000e-08  0.00000000e+00  1.27900000e-08  0.00000000e+00 
 1.28100000e-08  3.30000007e+00  1.28100000e-08  3.30000007e+00  1.28100000e-08  3.29706563e+00  1.28100000e-08  3.29770903e+00  1.28100000e-08  0.00000000e+00  1.28100000e-08  0.00000000e+00 
 1.28300000e-08  3.30000007e+00  1.28300000e-08  3.30000007e+00  1.28300000e-08  3.29710317e+00  1.28300000e-08  3.29773866e+00  1.28300000e-08  0.00000000e+00  1.28300000e-08  0.00000000e+00 
 1.28500000e-08  3.30000006e+00  1.28500000e-08  3.30000007e+00  1.28500000e-08  3.29713985e+00  1.28500000e-08  3.29776763e+00  1.28500000e-08  0.00000000e+00  1.28500000e-08  0.00000000e+00 
 1.28700000e-08  3.30000006e+00  1.28700000e-08  3.30000006e+00  1.28700000e-08  3.29717572e+00  1.28700000e-08  3.29779594e+00  1.28700000e-08  0.00000000e+00  1.28700000e-08  0.00000000e+00 
 1.28900000e-08  3.30000006e+00  1.28900000e-08  3.30000006e+00  1.28900000e-08  3.29721077e+00  1.28900000e-08  3.29782362e+00  1.28900000e-08  0.00000000e+00  1.28900000e-08  0.00000000e+00 
 1.29100000e-08  3.30000006e+00  1.29100000e-08  3.30000006e+00  1.29100000e-08  3.29724506e+00  1.29100000e-08  3.29785068e+00  1.29100000e-08  0.00000000e+00  1.29100000e-08  0.00000000e+00 
 1.29300000e-08  3.30000006e+00  1.29300000e-08  3.30000006e+00  1.29300000e-08  3.29727860e+00  1.29300000e-08  3.29787715e+00  1.29300000e-08  0.00000000e+00  1.29300000e-08  0.00000000e+00 
 1.29500000e-08  3.30000006e+00  1.29500000e-08  3.30000006e+00  1.29500000e-08  3.29731141e+00  1.29500000e-08  3.29790304e+00  1.29500000e-08  0.00000000e+00  1.29500000e-08  0.00000000e+00 
 1.29700000e-08  3.30000005e+00  1.29700000e-08  3.30000006e+00  1.29700000e-08  3.29734351e+00  1.29700000e-08  3.29792838e+00  1.29700000e-08  0.00000000e+00  1.29700000e-08  0.00000000e+00 
 1.29900000e-08  3.30000005e+00  1.29900000e-08  3.30000005e+00  1.29900000e-08  3.29737493e+00  1.29900000e-08  3.29795317e+00  1.29900000e-08  0.00000000e+00  1.29900000e-08  0.00000000e+00 
 1.30100000e-08  3.30000005e+00  1.30100000e-08  3.30000005e+00  1.30100000e-08  3.29740568e+00  1.30100000e-08  3.29797744e+00  1.30100000e-08  0.00000000e+00  1.30100000e-08  0.00000000e+00 
 1.30300000e-08  3.30000005e+00  1.30300000e-08  3.30000005e+00  1.30300000e-08  3.29743579e+00  1.30300000e-08  3.29800119e+00  1.30300000e-08  0.00000000e+00  1.30300000e-08  0.00000000e+00 
 1.30500000e-08  3.30000005e+00  1.30500000e-08  3.30000005e+00  1.30500000e-08  3.29746527e+00  1.30500000e-08  3.29802446e+00  1.30500000e-08  0.00000000e+00  1.30500000e-08  0.00000000e+00 
 1.30700000e-08  3.30000005e+00  1.30700000e-08  3.30000005e+00  1.30700000e-08  3.29749415e+00  1.30700000e-08  3.29804723e+00  1.30700000e-08  0.00000000e+00  1.30700000e-08  0.00000000e+00 
 1.30900000e-08  3.30000005e+00  1.30900000e-08  3.30000005e+00  1.30900000e-08  3.29752243e+00  1.30900000e-08  3.29806955e+00  1.30900000e-08  0.00000000e+00  1.30900000e-08  0.00000000e+00 
 1.31100000e-08  3.30000004e+00  1.31100000e-08  3.30000005e+00  1.31100000e-08  3.29755015e+00  1.31100000e-08  3.29809141e+00  1.31100000e-08  0.00000000e+00  1.31100000e-08  0.00000000e+00 
 1.31300000e-08  3.30000004e+00  1.31300000e-08  3.30000004e+00  1.31300000e-08  3.29757731e+00  1.31300000e-08  3.29811283e+00  1.31300000e-08  0.00000000e+00  1.31300000e-08  0.00000000e+00 
 1.31500000e-08  3.30000004e+00  1.31500000e-08  3.30000004e+00  1.31500000e-08  3.29760393e+00  1.31500000e-08  3.29813382e+00  1.31500000e-08  0.00000000e+00  1.31500000e-08  0.00000000e+00 
 1.31700000e-08  3.30000004e+00  1.31700000e-08  3.30000004e+00  1.31700000e-08  3.29763002e+00  1.31700000e-08  3.29815440e+00  1.31700000e-08  0.00000000e+00  1.31700000e-08  0.00000000e+00 
 1.31900000e-08  3.30000004e+00  1.31900000e-08  3.30000004e+00  1.31900000e-08  3.29765560e+00  1.31900000e-08  3.29817457e+00  1.31900000e-08  0.00000000e+00  1.31900000e-08  0.00000000e+00 
 1.32100000e-08  3.30000004e+00  1.32100000e-08  3.30000004e+00  1.32100000e-08  3.29768069e+00  1.32100000e-08  3.29819435e+00  1.32100000e-08  0.00000000e+00  1.32100000e-08  0.00000000e+00 
 1.32300000e-08  3.30000004e+00  1.32300000e-08  3.30000004e+00  1.32300000e-08  3.29770529e+00  1.32300000e-08  3.29821374e+00  1.32300000e-08  0.00000000e+00  1.32300000e-08  0.00000000e+00 
 1.32500000e-08  3.30000004e+00  1.32500000e-08  3.30000004e+00  1.32500000e-08  3.29772942e+00  1.32500000e-08  3.29823276e+00  1.32500000e-08  0.00000000e+00  1.32500000e-08  0.00000000e+00 
 1.32700000e-08  3.30000004e+00  1.32700000e-08  3.30000004e+00  1.32700000e-08  3.29775310e+00  1.32700000e-08  3.29825142e+00  1.32700000e-08  0.00000000e+00  1.32700000e-08  0.00000000e+00 
 1.32900000e-08  3.30000004e+00  1.32900000e-08  3.30000004e+00  1.32900000e-08  3.29777633e+00  1.32900000e-08  3.29826973e+00  1.32900000e-08  0.00000000e+00  1.32900000e-08  0.00000000e+00 
 1.33100000e-08  3.30000003e+00  1.33100000e-08  3.30000004e+00  1.33100000e-08  3.29779913e+00  1.33100000e-08  3.29828769e+00  1.33100000e-08  0.00000000e+00  1.33100000e-08  0.00000000e+00 
 1.33300000e-08  3.30000003e+00  1.33300000e-08  3.30000003e+00  1.33300000e-08  3.29782150e+00  1.33300000e-08  3.29830533e+00  1.33300000e-08  0.00000000e+00  1.33300000e-08  0.00000000e+00 
 1.33500000e-08  3.30000003e+00  1.33500000e-08  3.30000003e+00  1.33500000e-08  3.29784347e+00  1.33500000e-08  3.29832263e+00  1.33500000e-08  0.00000000e+00  1.33500000e-08  0.00000000e+00 
 1.33700000e-08  3.30000003e+00  1.33700000e-08  3.30000003e+00  1.33700000e-08  3.29786503e+00  1.33700000e-08  3.29833962e+00  1.33700000e-08  0.00000000e+00  1.33700000e-08  0.00000000e+00 
 1.33900000e-08  3.30000003e+00  1.33900000e-08  3.30000003e+00  1.33900000e-08  3.29788621e+00  1.33900000e-08  3.29835629e+00  1.33900000e-08  0.00000000e+00  1.33900000e-08  0.00000000e+00 
 1.34100000e-08  3.30000003e+00  1.34100000e-08  3.30000003e+00  1.34100000e-08  3.29790700e+00  1.34100000e-08  3.29837268e+00  1.34100000e-08  0.00000000e+00  1.34100000e-08  0.00000000e+00 
 1.34300000e-08  3.30000003e+00  1.34300000e-08  3.30000003e+00  1.34300000e-08  3.29792743e+00  1.34300000e-08  3.29838876e+00  1.34300000e-08  0.00000000e+00  1.34300000e-08  0.00000000e+00 
 1.34500000e-08  3.30000003e+00  1.34500000e-08  3.30000003e+00  1.34500000e-08  3.29794749e+00  1.34500000e-08  3.29840456e+00  1.34500000e-08  0.00000000e+00  1.34500000e-08  0.00000000e+00 
 1.34700000e-08  3.30000003e+00  1.34700000e-08  3.30000003e+00  1.34700000e-08  3.29796720e+00  1.34700000e-08  3.29842008e+00  1.34700000e-08  0.00000000e+00  1.34700000e-08  0.00000000e+00 
 1.34900000e-08  3.30000003e+00  1.34900000e-08  3.30000003e+00  1.34900000e-08  3.29798657e+00  1.34900000e-08  3.29843533e+00  1.34900000e-08  0.00000000e+00  1.34900000e-08  0.00000000e+00 
 1.35100000e-08  3.30000003e+00  1.35100000e-08  3.30000003e+00  1.35100000e-08  3.29800561e+00  1.35100000e-08  3.29845031e+00  1.35100000e-08  0.00000000e+00  1.35100000e-08  0.00000000e+00 
 1.35300000e-08  3.30000003e+00  1.35300000e-08  3.30000003e+00  1.35300000e-08  3.29802431e+00  1.35300000e-08  3.29846504e+00  1.35300000e-08  0.00000000e+00  1.35300000e-08  0.00000000e+00 
 1.35500000e-08  3.30000003e+00  1.35500000e-08  3.30000003e+00  1.35500000e-08  3.29804271e+00  1.35500000e-08  3.29847951e+00  1.35500000e-08  0.00000000e+00  1.35500000e-08  0.00000000e+00 
 1.35700000e-08  3.30000003e+00  1.35700000e-08  3.30000003e+00  1.35700000e-08  3.29806079e+00  1.35700000e-08  3.29849374e+00  1.35700000e-08  0.00000000e+00  1.35700000e-08  0.00000000e+00 
 1.35900000e-08  3.30000002e+00  1.35900000e-08  3.30000003e+00  1.35900000e-08  3.29807857e+00  1.35900000e-08  3.29850773e+00  1.35900000e-08  0.00000000e+00  1.35900000e-08  0.00000000e+00 
 1.36100000e-08  3.30000002e+00  1.36100000e-08  3.30000002e+00  1.36100000e-08  3.29809604e+00  1.36100000e-08  3.29852148e+00  1.36100000e-08  0.00000000e+00  1.36100000e-08  0.00000000e+00 
 1.36300000e-08  3.30000002e+00  1.36300000e-08  3.30000002e+00  1.36300000e-08  3.29811324e+00  1.36300000e-08  3.29853500e+00  1.36300000e-08  0.00000000e+00  1.36300000e-08  0.00000000e+00 
 1.36500000e-08  3.30000002e+00  1.36500000e-08  3.30000002e+00  1.36500000e-08  3.29813014e+00  1.36500000e-08  3.29854831e+00  1.36500000e-08  0.00000000e+00  1.36500000e-08  0.00000000e+00 
 1.36700000e-08  3.30000002e+00  1.36700000e-08  3.30000002e+00  1.36700000e-08  3.29814678e+00  1.36700000e-08  3.29856139e+00  1.36700000e-08  0.00000000e+00  1.36700000e-08  0.00000000e+00 
 1.36900000e-08  3.30000002e+00  1.36900000e-08  3.30000002e+00  1.36900000e-08  3.29816314e+00  1.36900000e-08  3.29857426e+00  1.36900000e-08  0.00000000e+00  1.36900000e-08  0.00000000e+00 
 1.37100000e-08  3.30000002e+00  1.37100000e-08  3.30000002e+00  1.37100000e-08  3.29817925e+00  1.37100000e-08  3.29858692e+00  1.37100000e-08  0.00000000e+00  1.37100000e-08  0.00000000e+00 
 1.37300000e-08  3.30000002e+00  1.37300000e-08  3.30000002e+00  1.37300000e-08  3.29819509e+00  1.37300000e-08  3.29859938e+00  1.37300000e-08  0.00000000e+00  1.37300000e-08  0.00000000e+00 
 1.37500000e-08  3.30000002e+00  1.37500000e-08  3.30000002e+00  1.37500000e-08  3.29821069e+00  1.37500000e-08  3.29861163e+00  1.37500000e-08  0.00000000e+00  1.37500000e-08  0.00000000e+00 
 1.37700000e-08  3.30000002e+00  1.37700000e-08  3.30000002e+00  1.37700000e-08  3.29822603e+00  1.37700000e-08  3.29862370e+00  1.37700000e-08  0.00000000e+00  1.37700000e-08  0.00000000e+00 
 1.37900000e-08  3.30000002e+00  1.37900000e-08  3.30000002e+00  1.37900000e-08  3.29824114e+00  1.37900000e-08  3.29863557e+00  1.37900000e-08  0.00000000e+00  1.37900000e-08  0.00000000e+00 
 1.38100000e-08  3.30000002e+00  1.38100000e-08  3.30000002e+00  1.38100000e-08  3.29825601e+00  1.38100000e-08  3.29864727e+00  1.38100000e-08  0.00000000e+00  1.38100000e-08  0.00000000e+00 
 1.38300000e-08  3.30000002e+00  1.38300000e-08  3.30000002e+00  1.38300000e-08  3.29827066e+00  1.38300000e-08  3.29865877e+00  1.38300000e-08  0.00000000e+00  1.38300000e-08  0.00000000e+00 
 1.38500000e-08  3.30000002e+00  1.38500000e-08  3.30000002e+00  1.38500000e-08  3.29828508e+00  1.38500000e-08  3.29867010e+00  1.38500000e-08  0.00000000e+00  1.38500000e-08  0.00000000e+00 
 1.38700000e-08  3.30000002e+00  1.38700000e-08  3.30000002e+00  1.38700000e-08  3.29829928e+00  1.38700000e-08  3.29868125e+00  1.38700000e-08  0.00000000e+00  1.38700000e-08  0.00000000e+00 
 1.38900000e-08  3.30000002e+00  1.38900000e-08  3.30000002e+00  1.38900000e-08  3.29831326e+00  1.38900000e-08  3.29869225e+00  1.38900000e-08  0.00000000e+00  1.38900000e-08  0.00000000e+00 
 1.39100000e-08  3.30000002e+00  1.39100000e-08  3.30000002e+00  1.39100000e-08  3.29832704e+00  1.39100000e-08  3.29870306e+00  1.39100000e-08  0.00000000e+00  1.39100000e-08  0.00000000e+00 
 1.39300000e-08  3.30000002e+00  1.39300000e-08  3.30000002e+00  1.39300000e-08  3.29834061e+00  1.39300000e-08  3.29871372e+00  1.39300000e-08  0.00000000e+00  1.39300000e-08  0.00000000e+00 
 1.39500000e-08  3.30000002e+00  1.39500000e-08  3.30000002e+00  1.39500000e-08  3.29835398e+00  1.39500000e-08  3.29872422e+00  1.39500000e-08  0.00000000e+00  1.39500000e-08  0.00000000e+00 
 1.39700000e-08  3.30000002e+00  1.39700000e-08  3.30000002e+00  1.39700000e-08  3.29836715e+00  1.39700000e-08  3.29873456e+00  1.39700000e-08  0.00000000e+00  1.39700000e-08  0.00000000e+00 
 1.39900000e-08  3.30000002e+00  1.39900000e-08  3.30000002e+00  1.39900000e-08  3.29838013e+00  1.39900000e-08  3.29874475e+00  1.39900000e-08  0.00000000e+00  1.39900000e-08  0.00000000e+00 
 1.40100000e-08  3.30000002e+00  1.40100000e-08  3.30000002e+00  1.40100000e-08  3.29839292e+00  1.40100000e-08  3.29875479e+00  1.40100000e-08  0.00000000e+00  1.40100000e-08  0.00000000e+00 
 1.40300000e-08  3.30000002e+00  1.40300000e-08  3.30000002e+00  1.40300000e-08  3.29840553e+00  1.40300000e-08  3.29876468e+00  1.40300000e-08  0.00000000e+00  1.40300000e-08  0.00000000e+00 
 1.40500000e-08  3.30000002e+00  1.40500000e-08  3.30000002e+00  1.40500000e-08  3.29841795e+00  1.40500000e-08  3.29877444e+00  1.40500000e-08  0.00000000e+00  1.40500000e-08  0.00000000e+00 
 1.40700000e-08  3.30000001e+00  1.40700000e-08  3.30000002e+00  1.40700000e-08  3.29843020e+00  1.40700000e-08  3.29878405e+00  1.40700000e-08  0.00000000e+00  1.40700000e-08  0.00000000e+00 
 1.40900000e-08  3.30000001e+00  1.40900000e-08  3.30000001e+00  1.40900000e-08  3.29844227e+00  1.40900000e-08  3.29879353e+00  1.40900000e-08  0.00000000e+00  1.40900000e-08  0.00000000e+00 
 1.41100000e-08  3.30000001e+00  1.41100000e-08  3.30000001e+00  1.41100000e-08  3.29845418e+00  1.41100000e-08  3.29880286e+00  1.41100000e-08  0.00000000e+00  1.41100000e-08  0.00000000e+00 
 1.41300000e-08  3.30000001e+00  1.41300000e-08  3.30000001e+00  1.41300000e-08  3.29846591e+00  1.41300000e-08  3.29881207e+00  1.41300000e-08  0.00000000e+00  1.41300000e-08  0.00000000e+00 
 1.41500000e-08  3.30000001e+00  1.41500000e-08  3.30000001e+00  1.41500000e-08  3.29847749e+00  1.41500000e-08  3.29882115e+00  1.41500000e-08  0.00000000e+00  1.41500000e-08  0.00000000e+00 
 1.41700000e-08  3.30000001e+00  1.41700000e-08  3.30000001e+00  1.41700000e-08  3.29848890e+00  1.41700000e-08  3.29883010e+00  1.41700000e-08  0.00000000e+00  1.41700000e-08  0.00000000e+00 
 1.41900000e-08  3.30000001e+00  1.41900000e-08  3.30000001e+00  1.41900000e-08  3.29850015e+00  1.41900000e-08  3.29883892e+00  1.41900000e-08  0.00000000e+00  1.41900000e-08  0.00000000e+00 
 1.42100000e-08  3.30000001e+00  1.42100000e-08  3.30000001e+00  1.42100000e-08  3.29851125e+00  1.42100000e-08  3.29884764e+00  1.42100000e-08  0.00000000e+00  1.42100000e-08  0.00000000e+00 
 1.42300000e-08  3.30000001e+00  1.42300000e-08  3.30000001e+00  1.42300000e-08  3.29852221e+00  1.42300000e-08  3.29885622e+00  1.42300000e-08  0.00000000e+00  1.42300000e-08  0.00000000e+00 
 1.42500000e-08  3.30000001e+00  1.42500000e-08  3.30000001e+00  1.42500000e-08  3.29853301e+00  1.42500000e-08  3.29886469e+00  1.42500000e-08  0.00000000e+00  1.42500000e-08  0.00000000e+00 
 1.42700000e-08  3.30000001e+00  1.42700000e-08  3.30000001e+00  1.42700000e-08  3.29854367e+00  1.42700000e-08  3.29887304e+00  1.42700000e-08  0.00000000e+00  1.42700000e-08  0.00000000e+00 
 1.42900000e-08  3.30000001e+00  1.42900000e-08  3.30000001e+00  1.42900000e-08  3.29855418e+00  1.42900000e-08  3.29888129e+00  1.42900000e-08  0.00000000e+00  1.42900000e-08  0.00000000e+00 
 1.43100000e-08  3.30000001e+00  1.43100000e-08  3.30000001e+00  1.43100000e-08  3.29856456e+00  1.43100000e-08  3.29888942e+00  1.43100000e-08  0.00000000e+00  1.43100000e-08  0.00000000e+00 
 1.43300000e-08  3.30000001e+00  1.43300000e-08  3.30000001e+00  1.43300000e-08  3.29857480e+00  1.43300000e-08  3.29889745e+00  1.43300000e-08  0.00000000e+00  1.43300000e-08  0.00000000e+00 
 1.43500000e-08  3.30000001e+00  1.43500000e-08  3.30000001e+00  1.43500000e-08  3.29858491e+00  1.43500000e-08  3.29890536e+00  1.43500000e-08  0.00000000e+00  1.43500000e-08  0.00000000e+00 
 1.43700000e-08  3.30000001e+00  1.43700000e-08  3.30000001e+00  1.43700000e-08  3.29859488e+00  1.43700000e-08  3.29891318e+00  1.43700000e-08  0.00000000e+00  1.43700000e-08  0.00000000e+00 
 1.43900000e-08  3.30000001e+00  1.43900000e-08  3.30000001e+00  1.43900000e-08  3.29860472e+00  1.43900000e-08  3.29892089e+00  1.43900000e-08  0.00000000e+00  1.43900000e-08  0.00000000e+00 
 1.44100000e-08  3.30000001e+00  1.44100000e-08  3.30000001e+00  1.44100000e-08  3.29861444e+00  1.44100000e-08  3.29892851e+00  1.44100000e-08  0.00000000e+00  1.44100000e-08  0.00000000e+00 
 1.44300000e-08  3.30000001e+00  1.44300000e-08  3.30000001e+00  1.44300000e-08  3.29862403e+00  1.44300000e-08  3.29893601e+00  1.44300000e-08  0.00000000e+00  1.44300000e-08  0.00000000e+00 
 1.44500000e-08  3.30000001e+00  1.44500000e-08  3.30000001e+00  1.44500000e-08  3.29863350e+00  1.44500000e-08  3.29894344e+00  1.44500000e-08  0.00000000e+00  1.44500000e-08  0.00000000e+00 
 1.44700000e-08  3.30000001e+00  1.44700000e-08  3.30000001e+00  1.44700000e-08  3.29864285e+00  1.44700000e-08  3.29895075e+00  1.44700000e-08  0.00000000e+00  1.44700000e-08  0.00000000e+00 
 1.44900000e-08  3.30000001e+00  1.44900000e-08  3.30000001e+00  1.44900000e-08  3.29865208e+00  1.44900000e-08  3.29895799e+00  1.44900000e-08  0.00000000e+00  1.44900000e-08  0.00000000e+00 
 1.45100000e-08  3.30000001e+00  1.45100000e-08  3.30000001e+00  1.45100000e-08  3.29866120e+00  1.45100000e-08  3.29896512e+00  1.45100000e-08  0.00000000e+00  1.45100000e-08  0.00000000e+00 
 1.45300000e-08  3.30000001e+00  1.45300000e-08  3.30000001e+00  1.45300000e-08  3.29867020e+00  1.45300000e-08  3.29897217e+00  1.45300000e-08  0.00000000e+00  1.45300000e-08  0.00000000e+00 
 1.45500000e-08  3.30000001e+00  1.45500000e-08  3.30000001e+00  1.45500000e-08  3.29867910e+00  1.45500000e-08  3.29897913e+00  1.45500000e-08  0.00000000e+00  1.45500000e-08  0.00000000e+00 
 1.45700000e-08  3.30000001e+00  1.45700000e-08  3.30000001e+00  1.45700000e-08  3.29868787e+00  1.45700000e-08  3.29898601e+00  1.45700000e-08  0.00000000e+00  1.45700000e-08  0.00000000e+00 
 1.45900000e-08  3.30000001e+00  1.45900000e-08  3.30000001e+00  1.45900000e-08  3.29869655e+00  1.45900000e-08  3.29899279e+00  1.45900000e-08  0.00000000e+00  1.45900000e-08  0.00000000e+00 
 1.46100000e-08  3.30000001e+00  1.46100000e-08  3.30000001e+00  1.46100000e-08  3.29870512e+00  1.46100000e-08  3.29899950e+00  1.46100000e-08  0.00000000e+00  1.46100000e-08  0.00000000e+00 
 1.46300000e-08  3.30000001e+00  1.46300000e-08  3.30000001e+00  1.46300000e-08  3.29871358e+00  1.46300000e-08  3.29900612e+00  1.46300000e-08  0.00000000e+00  1.46300000e-08  0.00000000e+00 
 1.46500000e-08  3.30000001e+00  1.46500000e-08  3.30000001e+00  1.46500000e-08  3.29872194e+00  1.46500000e-08  3.29901267e+00  1.46500000e-08  0.00000000e+00  1.46500000e-08  0.00000000e+00 
 1.46700000e-08  3.30000001e+00  1.46700000e-08  3.30000001e+00  1.46700000e-08  3.29873021e+00  1.46700000e-08  3.29901913e+00  1.46700000e-08  0.00000000e+00  1.46700000e-08  0.00000000e+00 
 1.46900000e-08  3.30000001e+00  1.46900000e-08  3.30000001e+00  1.46900000e-08  3.29873837e+00  1.46900000e-08  3.29902552e+00  1.46900000e-08  0.00000000e+00  1.46900000e-08  0.00000000e+00 
 1.47100000e-08  3.30000001e+00  1.47100000e-08  3.30000001e+00  1.47100000e-08  3.29874644e+00  1.47100000e-08  3.29903182e+00  1.47100000e-08  0.00000000e+00  1.47100000e-08  0.00000000e+00 
 1.47300000e-08  3.30000001e+00  1.47300000e-08  3.30000001e+00  1.47300000e-08  3.29875440e+00  1.47300000e-08  3.29903806e+00  1.47300000e-08  0.00000000e+00  1.47300000e-08  0.00000000e+00 
 1.47500000e-08  3.30000001e+00  1.47500000e-08  3.30000001e+00  1.47500000e-08  3.29876228e+00  1.47500000e-08  3.29904422e+00  1.47500000e-08  0.00000000e+00  1.47500000e-08  0.00000000e+00 
 1.47700000e-08  3.30000001e+00  1.47700000e-08  3.30000001e+00  1.47700000e-08  3.29877007e+00  1.47700000e-08  3.29905031e+00  1.47700000e-08  0.00000000e+00  1.47700000e-08  0.00000000e+00 
 1.47900000e-08  3.30000001e+00  1.47900000e-08  3.30000001e+00  1.47900000e-08  3.29877776e+00  1.47900000e-08  3.29905632e+00  1.47900000e-08  0.00000000e+00  1.47900000e-08  0.00000000e+00 
 1.48100000e-08  3.30000001e+00  1.48100000e-08  3.30000001e+00  1.48100000e-08  3.29878537e+00  1.48100000e-08  3.29906227e+00  1.48100000e-08  0.00000000e+00  1.48100000e-08  0.00000000e+00 
 1.48300000e-08  3.30000001e+00  1.48300000e-08  3.30000001e+00  1.48300000e-08  3.29879289e+00  1.48300000e-08  3.29906814e+00  1.48300000e-08  0.00000000e+00  1.48300000e-08  0.00000000e+00 
 1.48500000e-08  3.30000001e+00  1.48500000e-08  3.30000001e+00  1.48500000e-08  3.29880032e+00  1.48500000e-08  3.29907396e+00  1.48500000e-08  0.00000000e+00  1.48500000e-08  0.00000000e+00 
 1.48700000e-08  3.30000001e+00  1.48700000e-08  3.30000001e+00  1.48700000e-08  3.29880767e+00  1.48700000e-08  3.29907970e+00  1.48700000e-08  0.00000000e+00  1.48700000e-08  0.00000000e+00 
 1.48900000e-08  3.30000001e+00  1.48900000e-08  3.30000001e+00  1.48900000e-08  3.29881493e+00  1.48900000e-08  3.29908538e+00  1.48900000e-08  0.00000000e+00  1.48900000e-08  0.00000000e+00 
 1.49100000e-08  3.30000001e+00  1.49100000e-08  3.30000001e+00  1.49100000e-08  3.29882211e+00  1.49100000e-08  3.29909098e+00  1.49100000e-08  0.00000000e+00  1.49100000e-08  0.00000000e+00 
 1.49300000e-08  3.30000001e+00  1.49300000e-08  3.30000001e+00  1.49300000e-08  3.29882921e+00  1.49300000e-08  3.29909654e+00  1.49300000e-08  0.00000000e+00  1.49300000e-08  0.00000000e+00 
 1.49500000e-08  3.30000001e+00  1.49500000e-08  3.30000001e+00  1.49500000e-08  3.29883624e+00  1.49500000e-08  3.29910202e+00  1.49500000e-08  0.00000000e+00  1.49500000e-08  0.00000000e+00 
 1.49700000e-08  3.30000001e+00  1.49700000e-08  3.30000001e+00  1.49700000e-08  3.29884318e+00  1.49700000e-08  3.29910745e+00  1.49700000e-08  0.00000000e+00  1.49700000e-08  0.00000000e+00 
 1.49900000e-08  3.30000001e+00  1.49900000e-08  3.30000001e+00  1.49900000e-08  3.29885005e+00  1.49900000e-08  3.29911281e+00  1.49900000e-08  0.00000000e+00  1.49900000e-08  0.00000000e+00 
 1.50100000e-08  3.30000001e+00  1.50100000e-08  3.30000001e+00  1.50100000e-08  3.29885684e+00  1.50100000e-08  3.29911812e+00  1.50100000e-08  0.00000000e+00  1.50100000e-08  0.00000000e+00 
 1.50300000e-08  3.30000001e+00  1.50300000e-08  3.30000001e+00  1.50300000e-08  3.29886356e+00  1.50300000e-08  3.29912336e+00  1.50300000e-08  0.00000000e+00  1.50300000e-08  0.00000000e+00 
 1.50500000e-08  3.30000001e+00  1.50500000e-08  3.30000001e+00  1.50500000e-08  3.29887020e+00  1.50500000e-08  3.29912856e+00  1.50500000e-08  0.00000000e+00  1.50500000e-08  0.00000000e+00 
 1.50700000e-08  3.30000001e+00  1.50700000e-08  3.30000001e+00  1.50700000e-08  3.29887677e+00  1.50700000e-08  3.29913368e+00  1.50700000e-08  0.00000000e+00  1.50700000e-08  0.00000000e+00 
 1.50900000e-08  3.30000001e+00  1.50900000e-08  3.30000001e+00  1.50900000e-08  3.29888327e+00  1.50900000e-08  3.29913876e+00  1.50900000e-08  0.00000000e+00  1.50900000e-08  0.00000000e+00 
 1.51100000e-08  3.30000001e+00  1.51100000e-08  3.30000001e+00  1.51100000e-08  3.29888970e+00  1.51100000e-08  3.29914378e+00  1.51100000e-08  0.00000000e+00  1.51100000e-08  0.00000000e+00 
 1.51300000e-08  3.30000001e+00  1.51300000e-08  3.30000001e+00  1.51300000e-08  3.29889606e+00  1.51300000e-08  3.29914875e+00  1.51300000e-08  0.00000000e+00  1.51300000e-08  0.00000000e+00 
 1.51500000e-08  3.30000001e+00  1.51500000e-08  3.30000001e+00  1.51500000e-08  3.29890236e+00  1.51500000e-08  3.29915366e+00  1.51500000e-08  0.00000000e+00  1.51500000e-08  0.00000000e+00 
 1.51700000e-08  3.30000001e+00  1.51700000e-08  3.30000001e+00  1.51700000e-08  3.29890859e+00  1.51700000e-08  3.29915853e+00  1.51700000e-08  0.00000000e+00  1.51700000e-08  0.00000000e+00 
 1.51900000e-08  3.30000001e+00  1.51900000e-08  3.30000001e+00  1.51900000e-08  3.29891475e+00  1.51900000e-08  3.29916333e+00  1.51900000e-08  0.00000000e+00  1.51900000e-08  0.00000000e+00 
 1.52100000e-08  3.30000001e+00  1.52100000e-08  3.30000001e+00  1.52100000e-08  3.29892085e+00  1.52100000e-08  3.29916810e+00  1.52100000e-08  0.00000000e+00  1.52100000e-08  0.00000000e+00 
 1.52300000e-08  3.30000000e+00  1.52300000e-08  3.30000001e+00  1.52300000e-08  3.29892689e+00  1.52300000e-08  3.29917280e+00  1.52300000e-08  0.00000000e+00  1.52300000e-08  0.00000000e+00 
 1.52500000e-08  3.30000001e+00  1.52500000e-08  3.30000000e+00  1.52500000e-08  3.29893285e+00  1.52500000e-08  3.29917747e+00  1.52500000e-08  0.00000000e+00  1.52500000e-08  0.00000000e+00 
 1.52700000e-08  3.30000000e+00  1.52700000e-08  3.30000001e+00  1.52700000e-08  3.29893877e+00  1.52700000e-08  3.29918207e+00  1.52700000e-08  0.00000000e+00  1.52700000e-08  0.00000000e+00 
 1.52900000e-08  3.30000000e+00  1.52900000e-08  3.30000000e+00  1.52900000e-08  3.29894461e+00  1.52900000e-08  3.29918664e+00  1.52900000e-08  0.00000000e+00  1.52900000e-08  0.00000000e+00 
 1.53100000e-08  3.30000000e+00  1.53100000e-08  3.30000000e+00  1.53100000e-08  3.29895041e+00  1.53100000e-08  3.29919115e+00  1.53100000e-08  0.00000000e+00  1.53100000e-08  0.00000000e+00 
 1.53300000e-08  3.30000000e+00  1.53300000e-08  3.30000000e+00  1.53300000e-08  3.29895613e+00  1.53300000e-08  3.29919563e+00  1.53300000e-08  0.00000000e+00  1.53300000e-08  0.00000000e+00 
 1.53500000e-08  3.30000000e+00  1.53500000e-08  3.30000000e+00  1.53500000e-08  3.29896181e+00  1.53500000e-08  3.29920004e+00  1.53500000e-08  0.00000000e+00  1.53500000e-08  0.00000000e+00 
 1.53700000e-08  3.30000000e+00  1.53700000e-08  3.30000000e+00  1.53700000e-08  3.29896742e+00  1.53700000e-08  3.29920443e+00  1.53700000e-08  0.00000000e+00  1.53700000e-08  0.00000000e+00 
 1.53900000e-08  3.30000000e+00  1.53900000e-08  3.30000000e+00  1.53900000e-08  3.29897298e+00  1.53900000e-08  3.29920876e+00  1.53900000e-08  0.00000000e+00  1.53900000e-08  0.00000000e+00 
 1.54100000e-08  3.30000000e+00  1.54100000e-08  3.30000000e+00  1.54100000e-08  3.29897848e+00  1.54100000e-08  3.29921305e+00  1.54100000e-08  0.00000000e+00  1.54100000e-08  0.00000000e+00 
 1.54300000e-08  3.30000000e+00  1.54300000e-08  3.30000000e+00  1.54300000e-08  3.29898393e+00  1.54300000e-08  3.29921730e+00  1.54300000e-08  0.00000000e+00  1.54300000e-08  0.00000000e+00 
 1.54500000e-08  3.30000000e+00  1.54500000e-08  3.30000000e+00  1.54500000e-08  3.29898932e+00  1.54500000e-08  3.29922151e+00  1.54500000e-08  0.00000000e+00  1.54500000e-08  0.00000000e+00 
 1.54700000e-08  3.30000000e+00  1.54700000e-08  3.30000000e+00  1.54700000e-08  3.29899467e+00  1.54700000e-08  3.29922566e+00  1.54700000e-08  0.00000000e+00  1.54700000e-08  0.00000000e+00 
 1.54900000e-08  3.30000000e+00  1.54900000e-08  3.30000000e+00  1.54900000e-08  3.29899995e+00  1.54900000e-08  3.29922979e+00  1.54900000e-08  0.00000000e+00  1.54900000e-08  0.00000000e+00 
 1.55100000e-08  3.30000000e+00  1.55100000e-08  3.30000000e+00  1.55100000e-08  3.29900519e+00  1.55100000e-08  3.29923387e+00  1.55100000e-08  0.00000000e+00  1.55100000e-08  0.00000000e+00 
 1.55300000e-08  3.30000000e+00  1.55300000e-08  3.30000000e+00  1.55300000e-08  3.29901037e+00  1.55300000e-08  3.29923791e+00  1.55300000e-08  0.00000000e+00  1.55300000e-08  0.00000000e+00 
 1.55500000e-08  3.30000000e+00  1.55500000e-08  3.30000000e+00  1.55500000e-08  3.29901551e+00  1.55500000e-08  3.29924191e+00  1.55500000e-08  0.00000000e+00  1.55500000e-08  0.00000000e+00 
 1.55700000e-08  3.30000000e+00  1.55700000e-08  3.30000000e+00  1.55700000e-08  3.29902059e+00  1.55700000e-08  3.29924588e+00  1.55700000e-08  0.00000000e+00  1.55700000e-08  0.00000000e+00 
 1.55900000e-08  3.30000000e+00  1.55900000e-08  3.30000000e+00  1.55900000e-08  3.29902563e+00  1.55900000e-08  3.29924980e+00  1.55900000e-08  0.00000000e+00  1.55900000e-08  0.00000000e+00 
 1.56100000e-08  3.30000000e+00  1.56100000e-08  3.30000000e+00  1.56100000e-08  3.29903062e+00  1.56100000e-08  3.29925369e+00  1.56100000e-08  0.00000000e+00  1.56100000e-08  0.00000000e+00 
 1.56300000e-08  3.30000000e+00  1.56300000e-08  3.30000000e+00  1.56300000e-08  3.29903556e+00  1.56300000e-08  3.29925753e+00  1.56300000e-08  0.00000000e+00  1.56300000e-08  0.00000000e+00 
 1.56500000e-08  3.30000000e+00  1.56500000e-08  3.30000000e+00  1.56500000e-08  3.29904045e+00  1.56500000e-08  3.29926135e+00  1.56500000e-08  0.00000000e+00  1.56500000e-08  0.00000000e+00 
 1.56700000e-08  3.30000000e+00  1.56700000e-08  3.30000000e+00  1.56700000e-08  3.29904530e+00  1.56700000e-08  3.29926512e+00  1.56700000e-08  0.00000000e+00  1.56700000e-08  0.00000000e+00 
 1.56900000e-08  3.30000000e+00  1.56900000e-08  3.30000000e+00  1.56900000e-08  3.29905010e+00  1.56900000e-08  3.29926886e+00  1.56900000e-08  0.00000000e+00  1.56900000e-08  0.00000000e+00 
 1.57100000e-08  3.30000000e+00  1.57100000e-08  3.30000000e+00  1.57100000e-08  3.29905486e+00  1.57100000e-08  3.29927256e+00  1.57100000e-08  0.00000000e+00  1.57100000e-08  0.00000000e+00 
 1.57300000e-08  3.30000000e+00  1.57300000e-08  3.30000000e+00  1.57300000e-08  3.29905957e+00  1.57300000e-08  3.29927624e+00  1.57300000e-08  0.00000000e+00  1.57300000e-08  0.00000000e+00 
 1.57500000e-08  3.30000000e+00  1.57500000e-08  3.30000000e+00  1.57500000e-08  3.29906424e+00  1.57500000e-08  3.29927987e+00  1.57500000e-08  0.00000000e+00  1.57500000e-08  0.00000000e+00 
 1.57700000e-08  3.30000000e+00  1.57700000e-08  3.30000000e+00  1.57700000e-08  3.29906886e+00  1.57700000e-08  3.29928347e+00  1.57700000e-08  0.00000000e+00  1.57700000e-08  0.00000000e+00 
 1.57900000e-08  3.30000000e+00  1.57900000e-08  3.30000000e+00  1.57900000e-08  3.29907345e+00  1.57900000e-08  3.29928704e+00  1.57900000e-08  0.00000000e+00  1.57900000e-08  0.00000000e+00 
 1.58100000e-08  3.30000000e+00  1.58100000e-08  3.30000000e+00  1.58100000e-08  3.29907798e+00  1.58100000e-08  3.29929058e+00  1.58100000e-08  0.00000000e+00  1.58100000e-08  0.00000000e+00 
 1.58300000e-08  3.30000000e+00  1.58300000e-08  3.30000000e+00  1.58300000e-08  3.29908248e+00  1.58300000e-08  3.29929407e+00  1.58300000e-08  0.00000000e+00  1.58300000e-08  0.00000000e+00 
 1.58500000e-08  3.30000000e+00  1.58500000e-08  3.30000000e+00  1.58500000e-08  3.29908694e+00  1.58500000e-08  3.29929755e+00  1.58500000e-08  0.00000000e+00  1.58500000e-08  0.00000000e+00 
 1.58700000e-08  3.30000000e+00  1.58700000e-08  3.30000000e+00  1.58700000e-08  3.29909136e+00  1.58700000e-08  3.29930098e+00  1.58700000e-08  0.00000000e+00  1.58700000e-08  0.00000000e+00 
 1.58900000e-08  3.30000000e+00  1.58900000e-08  3.30000000e+00  1.58900000e-08  3.29909573e+00  1.58900000e-08  3.29930439e+00  1.58900000e-08  0.00000000e+00  1.58900000e-08  0.00000000e+00 
 1.59100000e-08  3.30000000e+00  1.59100000e-08  3.30000000e+00  1.59100000e-08  3.29910008e+00  1.59100000e-08  3.29930776e+00  1.59100000e-08  0.00000000e+00  1.59100000e-08  0.00000000e+00 
 1.59300000e-08  3.30000000e+00  1.59300000e-08  3.30000000e+00  1.59300000e-08  3.29910437e+00  1.59300000e-08  3.29931111e+00  1.59300000e-08  0.00000000e+00  1.59300000e-08  0.00000000e+00 
 1.59500000e-08  3.30000000e+00  1.59500000e-08  3.30000000e+00  1.59500000e-08  3.29910863e+00  1.59500000e-08  3.29931442e+00  1.59500000e-08  0.00000000e+00  1.59500000e-08  0.00000000e+00 
 1.59700000e-08  3.30000000e+00  1.59700000e-08  3.30000000e+00  1.59700000e-08  3.29911286e+00  1.59700000e-08  3.29931771e+00  1.59700000e-08  0.00000000e+00  1.59700000e-08  0.00000000e+00 
 1.59900000e-08  3.30000000e+00  1.59900000e-08  3.30000000e+00  1.59900000e-08  3.29911704e+00  1.59900000e-08  3.29932097e+00  1.59900000e-08  0.00000000e+00  1.59900000e-08  0.00000000e+00 
 1.60100000e-08  3.30000000e+00  1.60100000e-08  3.30000000e+00  1.60100000e-08  3.29912119e+00  1.60100000e-08  3.29932420e+00  1.60100000e-08  0.00000000e+00  1.60100000e-08  0.00000000e+00 
 1.60300000e-08  3.30000000e+00  1.60300000e-08  3.30000000e+00  1.60300000e-08  3.29912530e+00  1.60300000e-08  3.29932739e+00  1.60300000e-08  0.00000000e+00  1.60300000e-08  0.00000000e+00 
 1.60500000e-08  3.30000000e+00  1.60500000e-08  3.30000000e+00  1.60500000e-08  3.29912938e+00  1.60500000e-08  3.29933057e+00  1.60500000e-08  0.00000000e+00  1.60500000e-08  0.00000000e+00 
 1.60700000e-08  3.30000000e+00  1.60700000e-08  3.30000000e+00  1.60700000e-08  3.29913342e+00  1.60700000e-08  3.29933370e+00  1.60700000e-08  0.00000000e+00  1.60700000e-08  0.00000000e+00 
 1.60900000e-08  3.30000000e+00  1.60900000e-08  3.30000000e+00  1.60900000e-08  3.29913742e+00  1.60900000e-08  3.29933682e+00  1.60900000e-08  0.00000000e+00  1.60900000e-08  0.00000000e+00 
 1.61100000e-08  3.30000000e+00  1.61100000e-08  3.30000000e+00  1.61100000e-08  3.29914140e+00  1.61100000e-08  3.29933991e+00  1.61100000e-08  0.00000000e+00  1.61100000e-08  0.00000000e+00 
 1.61300000e-08  3.30000000e+00  1.61300000e-08  3.30000000e+00  1.61300000e-08  3.29914533e+00  1.61300000e-08  3.29934297e+00  1.61300000e-08  0.00000000e+00  1.61300000e-08  0.00000000e+00 
 1.61500000e-08  3.30000000e+00  1.61500000e-08  3.30000000e+00  1.61500000e-08  3.29914924e+00  1.61500000e-08  3.29934600e+00  1.61500000e-08  0.00000000e+00  1.61500000e-08  0.00000000e+00 
 1.61700000e-08  3.30000000e+00  1.61700000e-08  3.30000000e+00  1.61700000e-08  3.29915310e+00  1.61700000e-08  3.29934902e+00  1.61700000e-08  0.00000000e+00  1.61700000e-08  0.00000000e+00 
 1.61900000e-08  3.30000000e+00  1.61900000e-08  3.30000000e+00  1.61900000e-08  3.29915694e+00  1.61900000e-08  3.29935199e+00  1.61900000e-08  0.00000000e+00  1.61900000e-08  0.00000000e+00 
 1.62100000e-08  3.30000000e+00  1.62100000e-08  3.30000000e+00  1.62100000e-08  3.29916074e+00  1.62100000e-08  3.29935496e+00  1.62100000e-08  0.00000000e+00  1.62100000e-08  0.00000000e+00 
 1.62300000e-08  3.30000000e+00  1.62300000e-08  3.30000000e+00  1.62300000e-08  3.29916452e+00  1.62300000e-08  3.29935788e+00  1.62300000e-08  0.00000000e+00  1.62300000e-08  0.00000000e+00 
 1.62500000e-08  3.30000000e+00  1.62500000e-08  3.30000000e+00  1.62500000e-08  3.29916826e+00  1.62500000e-08  3.29936080e+00  1.62500000e-08  0.00000000e+00  1.62500000e-08  0.00000000e+00 
 1.62700000e-08  3.30000000e+00  1.62700000e-08  3.30000000e+00  1.62700000e-08  3.29917197e+00  1.62700000e-08  3.29936367e+00  1.62700000e-08  0.00000000e+00  1.62700000e-08  0.00000000e+00 
 1.62900000e-08  3.30000000e+00  1.62900000e-08  3.30000000e+00  1.62900000e-08  3.29917564e+00  1.62900000e-08  3.29936654e+00  1.62900000e-08  0.00000000e+00  1.62900000e-08  0.00000000e+00 
 1.63100000e-08  3.30000000e+00  1.63100000e-08  3.30000000e+00  1.63100000e-08  3.29917929e+00  1.63100000e-08  3.29936937e+00  1.63100000e-08  0.00000000e+00  1.63100000e-08  0.00000000e+00 
 1.63300000e-08  3.30000000e+00  1.63300000e-08  3.30000000e+00  1.63300000e-08  3.29918291e+00  1.63300000e-08  3.29937218e+00  1.63300000e-08  0.00000000e+00  1.63300000e-08  0.00000000e+00 
 1.63500000e-08  3.30000000e+00  1.63500000e-08  3.30000000e+00  1.63500000e-08  3.29918650e+00  1.63500000e-08  3.29937496e+00  1.63500000e-08  0.00000000e+00  1.63500000e-08  0.00000000e+00 
 1.63700000e-08  3.30000000e+00  1.63700000e-08  3.30000000e+00  1.63700000e-08  3.29919005e+00  1.63700000e-08  3.29937773e+00  1.63700000e-08  0.00000000e+00  1.63700000e-08  0.00000000e+00 
 1.63900000e-08  3.30000000e+00  1.63900000e-08  3.30000000e+00  1.63900000e-08  3.29919359e+00  1.63900000e-08  3.29938047e+00  1.63900000e-08  0.00000000e+00  1.63900000e-08  0.00000000e+00 
 1.64100000e-08  3.30000000e+00  1.64100000e-08  3.30000000e+00  1.64100000e-08  3.29919708e+00  1.64100000e-08  3.29938319e+00  1.64100000e-08  0.00000000e+00  1.64100000e-08  0.00000000e+00 
 1.64300000e-08  3.30000000e+00  1.64300000e-08  3.30000000e+00  1.64300000e-08  3.29920056e+00  1.64300000e-08  3.29938588e+00  1.64300000e-08  0.00000000e+00  1.64300000e-08  0.00000000e+00 
 1.64500000e-08  3.30000000e+00  1.64500000e-08  3.30000000e+00  1.64500000e-08  3.29920400e+00  1.64500000e-08  3.29938856e+00  1.64500000e-08  0.00000000e+00  1.64500000e-08  0.00000000e+00 
 1.64700000e-08  3.30000000e+00  1.64700000e-08  3.30000000e+00  1.64700000e-08  3.29920742e+00  1.64700000e-08  3.29939121e+00  1.64700000e-08  0.00000000e+00  1.64700000e-08  0.00000000e+00 
 1.64900000e-08  3.30000000e+00  1.64900000e-08  3.30000000e+00  1.64900000e-08  3.29921080e+00  1.64900000e-08  3.29939385e+00  1.64900000e-08  0.00000000e+00  1.64900000e-08  0.00000000e+00 
 1.65100000e-08  3.30000000e+00  1.65100000e-08  3.30000000e+00  1.65100000e-08  3.29921416e+00  1.65100000e-08  3.29939645e+00  1.65100000e-08  0.00000000e+00  1.65100000e-08  0.00000000e+00 
 1.65300000e-08  3.30000000e+00  1.65300000e-08  3.30000000e+00  1.65300000e-08  3.29921749e+00  1.65300000e-08  3.29939905e+00  1.65300000e-08  0.00000000e+00  1.65300000e-08  0.00000000e+00 
 1.65500000e-08  3.30000000e+00  1.65500000e-08  3.30000000e+00  1.65500000e-08  3.29922081e+00  1.65500000e-08  3.29940161e+00  1.65500000e-08  0.00000000e+00  1.65500000e-08  0.00000000e+00 
 1.65700000e-08  3.30000000e+00  1.65700000e-08  3.30000000e+00  1.65700000e-08  3.29922408e+00  1.65700000e-08  3.29940416e+00  1.65700000e-08  0.00000000e+00  1.65700000e-08  0.00000000e+00 
 1.65900000e-08  3.30000000e+00  1.65900000e-08  3.30000000e+00  1.65900000e-08  3.29922734e+00  1.65900000e-08  3.29940668e+00  1.65900000e-08  0.00000000e+00  1.65900000e-08  0.00000000e+00 
 1.66100000e-08  3.30000000e+00  1.66100000e-08  3.30000000e+00  1.66100000e-08  3.29923057e+00  1.66100000e-08  3.29940920e+00  1.66100000e-08  0.00000000e+00  1.66100000e-08  0.00000000e+00 
 1.66300000e-08  3.30000000e+00  1.66300000e-08  3.30000000e+00  1.66300000e-08  3.29923378e+00  1.66300000e-08  3.29941168e+00  1.66300000e-08  0.00000000e+00  1.66300000e-08  0.00000000e+00 
 1.66500000e-08  3.30000000e+00  1.66500000e-08  3.30000000e+00  1.66500000e-08  3.29923695e+00  1.66500000e-08  3.29941415e+00  1.66500000e-08  0.00000000e+00  1.66500000e-08  0.00000000e+00 
 1.66700000e-08  3.30000000e+00  1.66700000e-08  3.30000000e+00  1.66700000e-08  3.29924011e+00  1.66700000e-08  3.29941659e+00  1.66700000e-08  0.00000000e+00  1.66700000e-08  0.00000000e+00 
 1.66900000e-08  3.30000000e+00  1.66900000e-08  3.30000000e+00  1.66900000e-08  3.29924324e+00  1.66900000e-08  3.29941903e+00  1.66900000e-08  0.00000000e+00  1.66900000e-08  0.00000000e+00 
 1.67100000e-08  3.30000000e+00  1.67100000e-08  3.30000000e+00  1.67100000e-08  3.29924635e+00  1.67100000e-08  3.29942143e+00  1.67100000e-08  0.00000000e+00  1.67100000e-08  0.00000000e+00 
 1.67300000e-08  3.30000000e+00  1.67300000e-08  3.30000000e+00  1.67300000e-08  3.29924942e+00  1.67300000e-08  3.29942383e+00  1.67300000e-08  0.00000000e+00  1.67300000e-08  0.00000000e+00 
 1.67500000e-08  3.30000000e+00  1.67500000e-08  3.30000000e+00  1.67500000e-08  3.29925249e+00  1.67500000e-08  3.29942620e+00  1.67500000e-08  0.00000000e+00  1.67500000e-08  0.00000000e+00 
 1.67700000e-08  3.30000000e+00  1.67700000e-08  3.30000000e+00  1.67700000e-08  3.29925552e+00  1.67700000e-08  3.29942856e+00  1.67700000e-08  0.00000000e+00  1.67700000e-08  0.00000000e+00 
 1.67900000e-08  3.30000000e+00  1.67900000e-08  3.30000000e+00  1.67900000e-08  3.29925853e+00  1.67900000e-08  3.29943089e+00  1.67900000e-08  0.00000000e+00  1.67900000e-08  0.00000000e+00 
 1.68100000e-08  3.30000000e+00  1.68100000e-08  3.30000000e+00  1.68100000e-08  3.29926152e+00  1.68100000e-08  3.29943321e+00  1.68100000e-08  0.00000000e+00  1.68100000e-08  0.00000000e+00 
 1.68300000e-08  3.30000000e+00  1.68300000e-08  3.30000000e+00  1.68300000e-08  3.29926449e+00  1.68300000e-08  3.29943551e+00  1.68300000e-08  0.00000000e+00  1.68300000e-08  0.00000000e+00 
 1.68500000e-08  3.30000000e+00  1.68500000e-08  3.30000000e+00  1.68500000e-08  3.29926743e+00  1.68500000e-08  3.29943780e+00  1.68500000e-08  0.00000000e+00  1.68500000e-08  0.00000000e+00 
 1.68700000e-08  3.30000000e+00  1.68700000e-08  3.30000000e+00  1.68700000e-08  3.29927035e+00  1.68700000e-08  3.29944006e+00  1.68700000e-08  0.00000000e+00  1.68700000e-08  0.00000000e+00 
 1.68900000e-08  3.30000000e+00  1.68900000e-08  3.30000000e+00  1.68900000e-08  3.29927325e+00  1.68900000e-08  3.29944231e+00  1.68900000e-08  0.00000000e+00  1.68900000e-08  0.00000000e+00 
 1.69100000e-08  3.30000000e+00  1.69100000e-08  3.30000000e+00  1.69100000e-08  3.29927613e+00  1.69100000e-08  3.29944454e+00  1.69100000e-08  0.00000000e+00  1.69100000e-08  0.00000000e+00 
 1.69300000e-08  3.30000000e+00  1.69300000e-08  3.30000000e+00  1.69300000e-08  3.29927898e+00  1.69300000e-08  3.29944676e+00  1.69300000e-08  0.00000000e+00  1.69300000e-08  0.00000000e+00 
 1.69500000e-08  3.30000000e+00  1.69500000e-08  3.30000000e+00  1.69500000e-08  3.29928182e+00  1.69500000e-08  3.29944895e+00  1.69500000e-08  0.00000000e+00  1.69500000e-08  0.00000000e+00 
 1.69700000e-08  3.30000000e+00  1.69700000e-08  3.30000000e+00  1.69700000e-08  3.29928463e+00  1.69700000e-08  3.29945114e+00  1.69700000e-08  0.00000000e+00  1.69700000e-08  0.00000000e+00 
 1.69900000e-08  3.30000000e+00  1.69900000e-08  3.30000000e+00  1.69900000e-08  3.29928743e+00  1.69900000e-08  3.29945330e+00  1.69900000e-08  0.00000000e+00  1.69900000e-08  0.00000000e+00 
 1.70100000e-08  3.30000000e+00  1.70100000e-08  3.30000000e+00  1.70100000e-08  3.29929020e+00  1.70100000e-08  3.29945546e+00  1.70100000e-08  0.00000000e+00  1.70100000e-08  0.00000000e+00 
 1.70300000e-08  3.30000000e+00  1.70300000e-08  3.30000000e+00  1.70300000e-08  3.29929296e+00  1.70300000e-08  3.29945759e+00  1.70300000e-08  0.00000000e+00  1.70300000e-08  0.00000000e+00 
 1.70500000e-08  3.30000000e+00  1.70500000e-08  3.30000000e+00  1.70500000e-08  3.29929569e+00  1.70500000e-08  3.29945971e+00  1.70500000e-08  0.00000000e+00  1.70500000e-08  0.00000000e+00 
 1.70700000e-08  3.30000000e+00  1.70700000e-08  3.30000000e+00  1.70700000e-08  3.29929840e+00  1.70700000e-08  3.29946181e+00  1.70700000e-08  0.00000000e+00  1.70700000e-08  0.00000000e+00 
 1.70900000e-08  3.30000000e+00  1.70900000e-08  3.30000000e+00  1.70900000e-08  3.29930109e+00  1.70900000e-08  3.29946390e+00  1.70900000e-08  0.00000000e+00  1.70900000e-08  0.00000000e+00 
 1.71100000e-08  3.30000000e+00  1.71100000e-08  3.30000000e+00  1.71100000e-08  3.29930377e+00  1.71100000e-08  3.29946597e+00  1.71100000e-08  0.00000000e+00  1.71100000e-08  0.00000000e+00 
 1.71300000e-08  3.30000000e+00  1.71300000e-08  3.30000000e+00  1.71300000e-08  3.29930642e+00  1.71300000e-08  3.29946803e+00  1.71300000e-08  0.00000000e+00  1.71300000e-08  0.00000000e+00 
 1.71500000e-08  3.30000000e+00  1.71500000e-08  3.30000000e+00  1.71500000e-08  3.29930906e+00  1.71500000e-08  3.29947007e+00  1.71500000e-08  0.00000000e+00  1.71500000e-08  0.00000000e+00 
 1.71700000e-08  3.30000000e+00  1.71700000e-08  3.30000000e+00  1.71700000e-08  3.29931167e+00  1.71700000e-08  3.29947210e+00  1.71700000e-08  0.00000000e+00  1.71700000e-08  0.00000000e+00 
 1.71900000e-08  3.30000000e+00  1.71900000e-08  3.30000000e+00  1.71900000e-08  3.29931427e+00  1.71900000e-08  3.29947411e+00  1.71900000e-08  0.00000000e+00  1.71900000e-08  0.00000000e+00 
 1.72100000e-08  3.30000000e+00  1.72100000e-08  3.30000000e+00  1.72100000e-08  3.29931685e+00  1.72100000e-08  3.29947611e+00  1.72100000e-08  0.00000000e+00  1.72100000e-08  0.00000000e+00 
 1.72300000e-08  3.30000000e+00  1.72300000e-08  3.30000000e+00  1.72300000e-08  3.29931942e+00  1.72300000e-08  3.29947809e+00  1.72300000e-08  0.00000000e+00  1.72300000e-08  0.00000000e+00 
 1.72500000e-08  3.30000000e+00  1.72500000e-08  3.30000000e+00  1.72500000e-08  3.29932196e+00  1.72500000e-08  3.29948007e+00  1.72500000e-08  0.00000000e+00  1.72500000e-08  0.00000000e+00 
 1.72700000e-08  3.30000000e+00  1.72700000e-08  3.30000000e+00  1.72700000e-08  3.29932448e+00  1.72700000e-08  3.29948202e+00  1.72700000e-08  0.00000000e+00  1.72700000e-08  0.00000000e+00 
 1.72900000e-08  3.30000000e+00  1.72900000e-08  3.30000000e+00  1.72900000e-08  3.29932699e+00  1.72900000e-08  3.29948397e+00  1.72900000e-08  0.00000000e+00  1.72900000e-08  0.00000000e+00 
 1.73100000e-08  3.30000000e+00  1.73100000e-08  3.30000000e+00  1.73100000e-08  3.29932948e+00  1.73100000e-08  3.29948589e+00  1.73100000e-08  0.00000000e+00  1.73100000e-08  0.00000000e+00 
 1.73300000e-08  3.30000000e+00  1.73300000e-08  3.30000000e+00  1.73300000e-08  3.29933195e+00  1.73300000e-08  3.29948781e+00  1.73300000e-08  0.00000000e+00  1.73300000e-08  0.00000000e+00 
 1.73500000e-08  3.30000000e+00  1.73500000e-08  3.30000000e+00  1.73500000e-08  3.29933441e+00  1.73500000e-08  3.29948971e+00  1.73500000e-08  0.00000000e+00  1.73500000e-08  0.00000000e+00 
 1.73700000e-08  3.30000000e+00  1.73700000e-08  3.30000000e+00  1.73700000e-08  3.29933685e+00  1.73700000e-08  3.29949160e+00  1.73700000e-08  0.00000000e+00  1.73700000e-08  0.00000000e+00 
 1.73900000e-08  3.30000000e+00  1.73900000e-08  3.30000000e+00  1.73900000e-08  3.29933927e+00  1.73900000e-08  3.29949347e+00  1.73900000e-08  0.00000000e+00  1.73900000e-08  0.00000000e+00 
 1.74100000e-08  3.30000000e+00  1.74100000e-08  3.30000000e+00  1.74100000e-08  3.29934167e+00  1.74100000e-08  3.29949534e+00  1.74100000e-08  0.00000000e+00  1.74100000e-08  0.00000000e+00 
 1.74300000e-08  3.30000000e+00  1.74300000e-08  3.30000000e+00  1.74300000e-08  3.29934406e+00  1.74300000e-08  3.29949719e+00  1.74300000e-08  0.00000000e+00  1.74300000e-08  0.00000000e+00 
 1.74500000e-08  3.30000000e+00  1.74500000e-08  3.30000000e+00  1.74500000e-08  3.29934643e+00  1.74500000e-08  3.29949903e+00  1.74500000e-08  0.00000000e+00  1.74500000e-08  0.00000000e+00 
 1.74700000e-08  3.30000000e+00  1.74700000e-08  3.30000000e+00  1.74700000e-08  3.29934879e+00  1.74700000e-08  3.29950085e+00  1.74700000e-08  0.00000000e+00  1.74700000e-08  0.00000000e+00 
 1.74900000e-08  3.30000000e+00  1.74900000e-08  3.30000000e+00  1.74900000e-08  3.29935113e+00  1.74900000e-08  3.29950266e+00  1.74900000e-08  0.00000000e+00  1.74900000e-08  0.00000000e+00 
 1.75100000e-08  3.30000000e+00  1.75100000e-08  3.30000000e+00  1.75100000e-08  3.29935346e+00  1.75100000e-08  3.29950446e+00  1.75100000e-08  0.00000000e+00  1.75100000e-08  0.00000000e+00 
 1.75300000e-08  3.30000000e+00  1.75300000e-08  3.30000000e+00  1.75300000e-08  3.29935576e+00  1.75300000e-08  3.29950625e+00  1.75300000e-08  0.00000000e+00  1.75300000e-08  0.00000000e+00 
 1.75500000e-08  3.30000000e+00  1.75500000e-08  3.30000000e+00  1.75500000e-08  3.29935806e+00  1.75500000e-08  3.29950802e+00  1.75500000e-08  0.00000000e+00  1.75500000e-08  0.00000000e+00 
 1.75700000e-08  3.30000000e+00  1.75700000e-08  3.30000000e+00  1.75700000e-08  3.29936033e+00  1.75700000e-08  3.29950979e+00  1.75700000e-08  0.00000000e+00  1.75700000e-08  0.00000000e+00 
 1.75900000e-08  3.30000000e+00  1.75900000e-08  3.30000000e+00  1.75900000e-08  3.29936260e+00  1.75900000e-08  3.29951154e+00  1.75900000e-08  0.00000000e+00  1.75900000e-08  0.00000000e+00 
 1.76100000e-08  3.30000000e+00  1.76100000e-08  3.30000000e+00  1.76100000e-08  3.29936484e+00  1.76100000e-08  3.29951328e+00  1.76100000e-08  0.00000000e+00  1.76100000e-08  0.00000000e+00 
 1.76300000e-08  3.30000000e+00  1.76300000e-08  3.30000000e+00  1.76300000e-08  3.29936708e+00  1.76300000e-08  3.29951500e+00  1.76300000e-08  0.00000000e+00  1.76300000e-08  0.00000000e+00 
 1.76500000e-08  3.30000000e+00  1.76500000e-08  3.30000000e+00  1.76500000e-08  3.29936929e+00  1.76500000e-08  3.29951672e+00  1.76500000e-08  0.00000000e+00  1.76500000e-08  0.00000000e+00 
 1.76700000e-08  3.30000000e+00  1.76700000e-08  3.30000000e+00  1.76700000e-08  3.29937150e+00  1.76700000e-08  3.29951842e+00  1.76700000e-08  0.00000000e+00  1.76700000e-08  0.00000000e+00 
 1.76900000e-08  3.30000000e+00  1.76900000e-08  3.30000000e+00  1.76900000e-08  3.29937368e+00  1.76900000e-08  3.29952012e+00  1.76900000e-08  0.00000000e+00  1.76900000e-08  0.00000000e+00 
 1.77100000e-08  3.30000000e+00  1.77100000e-08  3.30000000e+00  1.77100000e-08  3.29937586e+00  1.77100000e-08  3.29952180e+00  1.77100000e-08  0.00000000e+00  1.77100000e-08  0.00000000e+00 
 1.77300000e-08  3.30000000e+00  1.77300000e-08  3.30000000e+00  1.77300000e-08  3.29937802e+00  1.77300000e-08  3.29952347e+00  1.77300000e-08  0.00000000e+00  1.77300000e-08  0.00000000e+00 
 1.77500000e-08  3.30000000e+00  1.77500000e-08  3.30000000e+00  1.77500000e-08  3.29938017e+00  1.77500000e-08  3.29952513e+00  1.77500000e-08  0.00000000e+00  1.77500000e-08  0.00000000e+00 
 1.77700000e-08  3.30000000e+00  1.77700000e-08  3.30000000e+00  1.77700000e-08  3.29938230e+00  1.77700000e-08  3.29952678e+00  1.77700000e-08  0.00000000e+00  1.77700000e-08  0.00000000e+00 
 1.77900000e-08  3.30000000e+00  1.77900000e-08  3.30000000e+00  1.77900000e-08  3.29938442e+00  1.77900000e-08  3.29952842e+00  1.77900000e-08  0.00000000e+00  1.77900000e-08  0.00000000e+00 
 1.78100000e-08  3.30000000e+00  1.78100000e-08  3.30000000e+00  1.78100000e-08  3.29938652e+00  1.78100000e-08  3.29953005e+00  1.78100000e-08  0.00000000e+00  1.78100000e-08  0.00000000e+00 
 1.78300000e-08  3.30000000e+00  1.78300000e-08  3.30000000e+00  1.78300000e-08  3.29938861e+00  1.78300000e-08  3.29953166e+00  1.78300000e-08  0.00000000e+00  1.78300000e-08  0.00000000e+00 
 1.78500000e-08  3.30000000e+00  1.78500000e-08  3.30000000e+00  1.78500000e-08  3.29939069e+00  1.78500000e-08  3.29953327e+00  1.78500000e-08  0.00000000e+00  1.78500000e-08  0.00000000e+00 
 1.78700000e-08  3.30000000e+00  1.78700000e-08  3.30000000e+00  1.78700000e-08  3.29939275e+00  1.78700000e-08  3.29953487e+00  1.78700000e-08  0.00000000e+00  1.78700000e-08  0.00000000e+00 
 1.78900000e-08  3.30000000e+00  1.78900000e-08  3.30000000e+00  1.78900000e-08  3.29939480e+00  1.78900000e-08  3.29953646e+00  1.78900000e-08  0.00000000e+00  1.78900000e-08  0.00000000e+00 
 1.79100000e-08  3.30000000e+00  1.79100000e-08  3.30000000e+00  1.79100000e-08  3.29939684e+00  1.79100000e-08  3.29953803e+00  1.79100000e-08  0.00000000e+00  1.79100000e-08  0.00000000e+00 
 1.79300000e-08  3.30000000e+00  1.79300000e-08  3.30000000e+00  1.79300000e-08  3.29939886e+00  1.79300000e-08  3.29953960e+00  1.79300000e-08  0.00000000e+00  1.79300000e-08  0.00000000e+00 
 1.79500000e-08  3.30000000e+00  1.79500000e-08  3.30000000e+00  1.79500000e-08  3.29940088e+00  1.79500000e-08  3.29954115e+00  1.79500000e-08  0.00000000e+00  1.79500000e-08  0.00000000e+00 
 1.79700000e-08  3.30000000e+00  1.79700000e-08  3.30000000e+00  1.79700000e-08  3.29940287e+00  1.79700000e-08  3.29954270e+00  1.79700000e-08  0.00000000e+00  1.79700000e-08  0.00000000e+00 
 1.79900000e-08  3.30000000e+00  1.79900000e-08  3.30000000e+00  1.79900000e-08  3.29940486e+00  1.79900000e-08  3.29954423e+00  1.79900000e-08  0.00000000e+00  1.79900000e-08  0.00000000e+00 
 1.80100000e-08  3.30000000e+00  1.80100000e-08  3.30000000e+00  1.80100000e-08  3.29940683e+00  1.80100000e-08  3.29954576e+00  1.80100000e-08  0.00000000e+00  1.80100000e-08  0.00000000e+00 
 1.80300000e-08  3.30000000e+00  1.80300000e-08  3.30000000e+00  1.80300000e-08  3.29940880e+00  1.80300000e-08  3.29954727e+00  1.80300000e-08  0.00000000e+00  1.80300000e-08  0.00000000e+00 
 1.80500000e-08  3.30000000e+00  1.80500000e-08  3.30000000e+00  1.80500000e-08  3.29941074e+00  1.80500000e-08  3.29954878e+00  1.80500000e-08  0.00000000e+00  1.80500000e-08  0.00000000e+00 
 1.80700000e-08  3.30000000e+00  1.80700000e-08  3.30000000e+00  1.80700000e-08  3.29941268e+00  1.80700000e-08  3.29955028e+00  1.80700000e-08  0.00000000e+00  1.80700000e-08  0.00000000e+00 
 1.80900000e-08  3.30000000e+00  1.80900000e-08  3.30000000e+00  1.80900000e-08  3.29941461e+00  1.80900000e-08  3.29955177e+00  1.80900000e-08  0.00000000e+00  1.80900000e-08  0.00000000e+00 
 1.81100000e-08  3.30000000e+00  1.81100000e-08  3.30000000e+00  1.81100000e-08  3.29941652e+00  1.81100000e-08  3.29955324e+00  1.81100000e-08  0.00000000e+00  1.81100000e-08  0.00000000e+00 
 1.81300000e-08  3.30000000e+00  1.81300000e-08  3.30000000e+00  1.81300000e-08  3.29941842e+00  1.81300000e-08  3.29955472e+00  1.81300000e-08  0.00000000e+00  1.81300000e-08  0.00000000e+00 
 1.81500000e-08  3.30000000e+00  1.81500000e-08  3.30000000e+00  1.81500000e-08  3.29942031e+00  1.81500000e-08  3.29955617e+00  1.81500000e-08  0.00000000e+00  1.81500000e-08  0.00000000e+00 
 1.81700000e-08  3.30000000e+00  1.81700000e-08  3.30000000e+00  1.81700000e-08  3.29942219e+00  1.81700000e-08  3.29955763e+00  1.81700000e-08  0.00000000e+00  1.81700000e-08  0.00000000e+00 
 1.81900000e-08  3.30000000e+00  1.81900000e-08  3.30000000e+00  1.81900000e-08  3.29942406e+00  1.81900000e-08  3.29955907e+00  1.81900000e-08  0.00000000e+00  1.81900000e-08  0.00000000e+00 
 1.82100000e-08  3.30000000e+00  1.82100000e-08  3.30000000e+00  1.82100000e-08  3.29942591e+00  1.82100000e-08  3.29956051e+00  1.82100000e-08  0.00000000e+00  1.82100000e-08  0.00000000e+00 
 1.82300000e-08  3.30000000e+00  1.82300000e-08  3.30000000e+00  1.82300000e-08  3.29942776e+00  1.82300000e-08  3.29956193e+00  1.82300000e-08  0.00000000e+00  1.82300000e-08  0.00000000e+00 
 1.82500000e-08  3.30000000e+00  1.82500000e-08  3.30000000e+00  1.82500000e-08  3.29942959e+00  1.82500000e-08  3.29956335e+00  1.82500000e-08  0.00000000e+00  1.82500000e-08  0.00000000e+00 
 1.82700000e-08  3.30000000e+00  1.82700000e-08  3.30000000e+00  1.82700000e-08  3.29943141e+00  1.82700000e-08  3.29956475e+00  1.82700000e-08  0.00000000e+00  1.82700000e-08  0.00000000e+00 
 1.82900000e-08  3.30000000e+00  1.82900000e-08  3.30000000e+00  1.82900000e-08  3.29943322e+00  1.82900000e-08  3.29956615e+00  1.82900000e-08  0.00000000e+00  1.82900000e-08  0.00000000e+00 
 1.83100000e-08  3.30000000e+00  1.83100000e-08  3.30000000e+00  1.83100000e-08  3.29943502e+00  1.83100000e-08  3.29956754e+00  1.83100000e-08  0.00000000e+00  1.83100000e-08  0.00000000e+00 
 1.83300000e-08  3.30000000e+00  1.83300000e-08  3.30000000e+00  1.83300000e-08  3.29943681e+00  1.83300000e-08  3.29956893e+00  1.83300000e-08  0.00000000e+00  1.83300000e-08  0.00000000e+00 
 1.83500000e-08  3.30000000e+00  1.83500000e-08  3.30000000e+00  1.83500000e-08  3.29943859e+00  1.83500000e-08  3.29957029e+00  1.83500000e-08  0.00000000e+00  1.83500000e-08  0.00000000e+00 
 1.83700000e-08  3.30000000e+00  1.83700000e-08  3.30000000e+00  1.83700000e-08  3.29944035e+00  1.83700000e-08  3.29957166e+00  1.83700000e-08  0.00000000e+00  1.83700000e-08  0.00000000e+00 
 1.83900000e-08  3.30000000e+00  1.83900000e-08  3.30000000e+00  1.83900000e-08  3.29944211e+00  1.83900000e-08  3.29957302e+00  1.83900000e-08  0.00000000e+00  1.83900000e-08  0.00000000e+00 
 1.84100000e-08  3.30000000e+00  1.84100000e-08  3.30000000e+00  1.84100000e-08  3.29944386e+00  1.84100000e-08  3.29957437e+00  1.84100000e-08  0.00000000e+00  1.84100000e-08  0.00000000e+00 
 1.84300000e-08  3.30000000e+00  1.84300000e-08  3.30000000e+00  1.84300000e-08  3.29944559e+00  1.84300000e-08  3.29957571e+00  1.84300000e-08  0.00000000e+00  1.84300000e-08  0.00000000e+00 
 1.84500000e-08  3.30000000e+00  1.84500000e-08  3.30000000e+00  1.84500000e-08  3.29944732e+00  1.84500000e-08  3.29957705e+00  1.84500000e-08  0.00000000e+00  1.84500000e-08  0.00000000e+00 
 1.84700000e-08  3.30000000e+00  1.84700000e-08  3.30000000e+00  1.84700000e-08  3.29944904e+00  1.84700000e-08  3.29957837e+00  1.84700000e-08  0.00000000e+00  1.84700000e-08  0.00000000e+00 
 1.84900000e-08  3.30000000e+00  1.84900000e-08  3.30000000e+00  1.84900000e-08  3.29945074e+00  1.84900000e-08  3.29957969e+00  1.84900000e-08  0.00000000e+00  1.84900000e-08  0.00000000e+00 
 1.85100000e-08  3.30000000e+00  1.85100000e-08  3.30000000e+00  1.85100000e-08  3.29945244e+00  1.85100000e-08  3.29958099e+00  1.85100000e-08  0.00000000e+00  1.85100000e-08  0.00000000e+00 
 1.85300000e-08  3.30000000e+00  1.85300000e-08  3.30000000e+00  1.85300000e-08  3.29945412e+00  1.85300000e-08  3.29958230e+00  1.85300000e-08  0.00000000e+00  1.85300000e-08  0.00000000e+00 
 1.85500000e-08  3.30000000e+00  1.85500000e-08  3.30000000e+00  1.85500000e-08  3.29945580e+00  1.85500000e-08  3.29958359e+00  1.85500000e-08  0.00000000e+00  1.85500000e-08  0.00000000e+00 
 1.85700000e-08  3.30000000e+00  1.85700000e-08  3.30000000e+00  1.85700000e-08  3.29945746e+00  1.85700000e-08  3.29958488e+00  1.85700000e-08  0.00000000e+00  1.85700000e-08  0.00000000e+00 
 1.85900000e-08  3.30000000e+00  1.85900000e-08  3.30000000e+00  1.85900000e-08  3.29945912e+00  1.85900000e-08  3.29958615e+00  1.85900000e-08  0.00000000e+00  1.85900000e-08  0.00000000e+00 
 1.86100000e-08  3.30000000e+00  1.86100000e-08  3.30000000e+00  1.86100000e-08  3.29946077e+00  1.86100000e-08  3.29958743e+00  1.86100000e-08  0.00000000e+00  1.86100000e-08  0.00000000e+00 
 1.86300000e-08  3.30000000e+00  1.86300000e-08  3.30000000e+00  1.86300000e-08  3.29946241e+00  1.86300000e-08  3.29958869e+00  1.86300000e-08  0.00000000e+00  1.86300000e-08  0.00000000e+00 
 1.86500000e-08  3.30000000e+00  1.86500000e-08  3.30000000e+00  1.86500000e-08  3.29946403e+00  1.86500000e-08  3.29958995e+00  1.86500000e-08  0.00000000e+00  1.86500000e-08  0.00000000e+00 
 1.86700000e-08  3.30000000e+00  1.86700000e-08  3.30000000e+00  1.86700000e-08  3.29946565e+00  1.86700000e-08  3.29959120e+00  1.86700000e-08  0.00000000e+00  1.86700000e-08  0.00000000e+00 
 1.86900000e-08  3.30000000e+00  1.86900000e-08  3.30000000e+00  1.86900000e-08  3.29946726e+00  1.86900000e-08  3.29959244e+00  1.86900000e-08  0.00000000e+00  1.86900000e-08  0.00000000e+00 
 1.87100000e-08  3.30000000e+00  1.87100000e-08  3.30000000e+00  1.87100000e-08  3.29946886e+00  1.87100000e-08  3.29959367e+00  1.87100000e-08  0.00000000e+00  1.87100000e-08  0.00000000e+00 
 1.87300000e-08  3.30000000e+00  1.87300000e-08  3.30000000e+00  1.87300000e-08  3.29947045e+00  1.87300000e-08  3.29959491e+00  1.87300000e-08  0.00000000e+00  1.87300000e-08  0.00000000e+00 
 1.87500000e-08  3.30000000e+00  1.87500000e-08  3.30000000e+00  1.87500000e-08  3.29947204e+00  1.87500000e-08  3.29959612e+00  1.87500000e-08  0.00000000e+00  1.87500000e-08  0.00000000e+00 
 1.87700000e-08  3.30000000e+00  1.87700000e-08  3.30000000e+00  1.87700000e-08  3.29947361e+00  1.87700000e-08  3.29959734e+00  1.87700000e-08  0.00000000e+00  1.87700000e-08  0.00000000e+00 
 1.87900000e-08  3.30000000e+00  1.87900000e-08  3.30000000e+00  1.87900000e-08  3.29947517e+00  1.87900000e-08  3.29959854e+00  1.87900000e-08  0.00000000e+00  1.87900000e-08  0.00000000e+00 
 1.88100000e-08  3.30000000e+00  1.88100000e-08  3.30000000e+00  1.88100000e-08  3.29947673e+00  1.88100000e-08  3.29959975e+00  1.88100000e-08  0.00000000e+00  1.88100000e-08  0.00000000e+00 
 1.88300000e-08  3.30000000e+00  1.88300000e-08  3.30000000e+00  1.88300000e-08  3.29947828e+00  1.88300000e-08  3.29960094e+00  1.88300000e-08  0.00000000e+00  1.88300000e-08  0.00000000e+00 
 1.88500000e-08  3.30000000e+00  1.88500000e-08  3.30000000e+00  1.88500000e-08  3.29947981e+00  1.88500000e-08  3.29960213e+00  1.88500000e-08  0.00000000e+00  1.88500000e-08  0.00000000e+00 
 1.88700000e-08  3.30000000e+00  1.88700000e-08  3.30000000e+00  1.88700000e-08  3.29948134e+00  1.88700000e-08  3.29960330e+00  1.88700000e-08  0.00000000e+00  1.88700000e-08  0.00000000e+00 
 1.88900000e-08  3.30000000e+00  1.88900000e-08  3.30000000e+00  1.88900000e-08  3.29948286e+00  1.88900000e-08  3.29960448e+00  1.88900000e-08  0.00000000e+00  1.88900000e-08  0.00000000e+00 
 1.89100000e-08  3.30000000e+00  1.89100000e-08  3.30000000e+00  1.89100000e-08  3.29948438e+00  1.89100000e-08  3.29960565e+00  1.89100000e-08  0.00000000e+00  1.89100000e-08  0.00000000e+00 
 1.89300000e-08  3.30000000e+00  1.89300000e-08  3.30000000e+00  1.89300000e-08  3.29948588e+00  1.89300000e-08  3.29960681e+00  1.89300000e-08  0.00000000e+00  1.89300000e-08  0.00000000e+00 
 1.89500000e-08  3.30000000e+00  1.89500000e-08  3.30000000e+00  1.89500000e-08  3.29948738e+00  1.89500000e-08  3.29960796e+00  1.89500000e-08  0.00000000e+00  1.89500000e-08  0.00000000e+00 
 1.89700000e-08  3.30000000e+00  1.89700000e-08  3.30000000e+00  1.89700000e-08  3.29948886e+00  1.89700000e-08  3.29960911e+00  1.89700000e-08  0.00000000e+00  1.89700000e-08  0.00000000e+00 
 1.89900000e-08  3.30000000e+00  1.89900000e-08  3.30000000e+00  1.89900000e-08  3.29949034e+00  1.89900000e-08  3.29961025e+00  1.89900000e-08  0.00000000e+00  1.89900000e-08  0.00000000e+00 
 1.90100000e-08  3.30000000e+00  1.90100000e-08  3.30000000e+00  1.90100000e-08  3.29949181e+00  1.90100000e-08  3.29961139e+00  1.90100000e-08  0.00000000e+00  1.90100000e-08  0.00000000e+00 
 1.90300000e-08  3.30000000e+00  1.90300000e-08  3.30000000e+00  1.90300000e-08  3.29949328e+00  1.90300000e-08  3.29961251e+00  1.90300000e-08  0.00000000e+00  1.90300000e-08  0.00000000e+00 
 1.90500000e-08  3.30000000e+00  1.90500000e-08  3.30000000e+00  1.90500000e-08  3.29949473e+00  1.90500000e-08  3.29961364e+00  1.90500000e-08  0.00000000e+00  1.90500000e-08  0.00000000e+00 
 1.90700000e-08  3.30000000e+00  1.90700000e-08  3.30000000e+00  1.90700000e-08  3.29949618e+00  1.90700000e-08  3.29961475e+00  1.90700000e-08  0.00000000e+00  1.90700000e-08  0.00000000e+00 
 1.90900000e-08  3.30000000e+00  1.90900000e-08  3.30000000e+00  1.90900000e-08  3.29949762e+00  1.90900000e-08  3.29961586e+00  1.90900000e-08  0.00000000e+00  1.90900000e-08  0.00000000e+00 
 1.91100000e-08  3.30000000e+00  1.91100000e-08  3.30000000e+00  1.91100000e-08  3.29949905e+00  1.91100000e-08  3.29961696e+00  1.91100000e-08  0.00000000e+00  1.91100000e-08  0.00000000e+00 
 1.91300000e-08  3.30000000e+00  1.91300000e-08  3.30000000e+00  1.91300000e-08  3.29950047e+00  1.91300000e-08  3.29961807e+00  1.91300000e-08  0.00000000e+00  1.91300000e-08  0.00000000e+00 
 1.91500000e-08  3.30000000e+00  1.91500000e-08  3.30000000e+00  1.91500000e-08  3.29950189e+00  1.91500000e-08  3.29961915e+00  1.91500000e-08  0.00000000e+00  1.91500000e-08  0.00000000e+00 
 1.91700000e-08  3.30000000e+00  1.91700000e-08  3.30000000e+00  1.91700000e-08  3.29950330e+00  1.91700000e-08  3.29962025e+00  1.91700000e-08  0.00000000e+00  1.91700000e-08  0.00000000e+00 
 1.91900000e-08  3.30000000e+00  1.91900000e-08  3.30000000e+00  1.91900000e-08  3.29950470e+00  1.91900000e-08  3.29962132e+00  1.91900000e-08  0.00000000e+00  1.91900000e-08  0.00000000e+00 
 1.92100000e-08  3.30000000e+00  1.92100000e-08  3.30000000e+00  1.92100000e-08  3.29950609e+00  1.92100000e-08  3.29962240e+00  1.92100000e-08  0.00000000e+00  1.92100000e-08  0.00000000e+00 
 1.92300000e-08  3.30000000e+00  1.92300000e-08  3.30000000e+00  1.92300000e-08  3.29950748e+00  1.92300000e-08  3.29962346e+00  1.92300000e-08  0.00000000e+00  1.92300000e-08  0.00000000e+00 
 1.92500000e-08  3.30000000e+00  1.92500000e-08  3.30000000e+00  1.92500000e-08  3.29950886e+00  1.92500000e-08  3.29962453e+00  1.92500000e-08  0.00000000e+00  1.92500000e-08  0.00000000e+00 
 1.92700000e-08  3.30000000e+00  1.92700000e-08  3.30000000e+00  1.92700000e-08  3.29951023e+00  1.92700000e-08  3.29962558e+00  1.92700000e-08  0.00000000e+00  1.92700000e-08  0.00000000e+00 
 1.92900000e-08  3.30000000e+00  1.92900000e-08  3.30000000e+00  1.92900000e-08  3.29951159e+00  1.92900000e-08  3.29962664e+00  1.92900000e-08  0.00000000e+00  1.92900000e-08  0.00000000e+00 
 1.93100000e-08  3.30000000e+00  1.93100000e-08  3.30000000e+00  1.93100000e-08  3.29951295e+00  1.93100000e-08  3.29962768e+00  1.93100000e-08  0.00000000e+00  1.93100000e-08  0.00000000e+00 
 1.93300000e-08  3.30000000e+00  1.93300000e-08  3.30000000e+00  1.93300000e-08  3.29951430e+00  1.93300000e-08  3.29962873e+00  1.93300000e-08  0.00000000e+00  1.93300000e-08  0.00000000e+00 
 1.93500000e-08  3.30000000e+00  1.93500000e-08  3.30000000e+00  1.93500000e-08  3.29951564e+00  1.93500000e-08  3.29962976e+00  1.93500000e-08  0.00000000e+00  1.93500000e-08  0.00000000e+00 
 1.93700000e-08  3.30000000e+00  1.93700000e-08  3.30000000e+00  1.93700000e-08  3.29951698e+00  1.93700000e-08  3.29963079e+00  1.93700000e-08  0.00000000e+00  1.93700000e-08  0.00000000e+00 
 1.93900000e-08  3.30000000e+00  1.93900000e-08  3.30000000e+00  1.93900000e-08  3.29951831e+00  1.93900000e-08  3.29963181e+00  1.93900000e-08  0.00000000e+00  1.93900000e-08  0.00000000e+00 
 1.94100000e-08  3.30000000e+00  1.94100000e-08  3.30000000e+00  1.94100000e-08  3.29951963e+00  1.94100000e-08  3.29963283e+00  1.94100000e-08  0.00000000e+00  1.94100000e-08  0.00000000e+00 
 1.94300000e-08  3.30000000e+00  1.94300000e-08  3.30000000e+00  1.94300000e-08  3.29952094e+00  1.94300000e-08  3.29963384e+00  1.94300000e-08  0.00000000e+00  1.94300000e-08  0.00000000e+00 
 1.94500000e-08  3.30000000e+00  1.94500000e-08  3.30000000e+00  1.94500000e-08  3.29952225e+00  1.94500000e-08  3.29963486e+00  1.94500000e-08  0.00000000e+00  1.94500000e-08  0.00000000e+00 
 1.94700000e-08  3.30000000e+00  1.94700000e-08  3.30000000e+00  1.94700000e-08  3.29952355e+00  1.94700000e-08  3.29963585e+00  1.94700000e-08  0.00000000e+00  1.94700000e-08  0.00000000e+00 
 1.94900000e-08  3.30000000e+00  1.94900000e-08  3.30000000e+00  1.94900000e-08  3.29952485e+00  1.94900000e-08  3.29963686e+00  1.94900000e-08  0.00000000e+00  1.94900000e-08  0.00000000e+00 
 1.95100000e-08  3.30000000e+00  1.95100000e-08  3.30000000e+00  1.95100000e-08  3.29952614e+00  1.95100000e-08  3.29963784e+00  1.95100000e-08  0.00000000e+00  1.95100000e-08  0.00000000e+00 
 1.95300000e-08  3.30000000e+00  1.95300000e-08  3.30000000e+00  1.95300000e-08  3.29952741e+00  1.95300000e-08  3.29963883e+00  1.95300000e-08  0.00000000e+00  1.95300000e-08  0.00000000e+00 
 1.95500000e-08  3.30000000e+00  1.95500000e-08  3.30000000e+00  1.95500000e-08  3.29952869e+00  1.95500000e-08  3.29963981e+00  1.95500000e-08  0.00000000e+00  1.95500000e-08  0.00000000e+00 
 1.95700000e-08  3.30000000e+00  1.95700000e-08  3.30000000e+00  1.95700000e-08  3.29952996e+00  1.95700000e-08  3.29964079e+00  1.95700000e-08  0.00000000e+00  1.95700000e-08  0.00000000e+00 
 1.95900000e-08  3.30000000e+00  1.95900000e-08  3.30000000e+00  1.95900000e-08  3.29953122e+00  1.95900000e-08  3.29964176e+00  1.95900000e-08  0.00000000e+00  1.95900000e-08  0.00000000e+00 
 1.96100000e-08  3.30000000e+00  1.96100000e-08  3.30000000e+00  1.96100000e-08  3.29953247e+00  1.96100000e-08  3.29964273e+00  1.96100000e-08  0.00000000e+00  1.96100000e-08  0.00000000e+00 
 1.96300000e-08  3.30000000e+00  1.96300000e-08  3.30000000e+00  1.96300000e-08  3.29953372e+00  1.96300000e-08  3.29964369e+00  1.96300000e-08  0.00000000e+00  1.96300000e-08  0.00000000e+00 
 1.96500000e-08  3.30000000e+00  1.96500000e-08  3.30000000e+00  1.96500000e-08  3.29953496e+00  1.96500000e-08  3.29964465e+00  1.96500000e-08  0.00000000e+00  1.96500000e-08  0.00000000e+00 
 1.96700000e-08  3.30000000e+00  1.96700000e-08  3.30000000e+00  1.96700000e-08  3.29953620e+00  1.96700000e-08  3.29964560e+00  1.96700000e-08  0.00000000e+00  1.96700000e-08  0.00000000e+00 
 1.96900000e-08  3.30000000e+00  1.96900000e-08  3.30000000e+00  1.96900000e-08  3.29953743e+00  1.96900000e-08  3.29964655e+00  1.96900000e-08  0.00000000e+00  1.96900000e-08  0.00000000e+00 
 1.97100000e-08  3.30000000e+00  1.97100000e-08  3.30000000e+00  1.97100000e-08  3.29953866e+00  1.97100000e-08  3.29964749e+00  1.97100000e-08  0.00000000e+00  1.97100000e-08  0.00000000e+00 
 1.97300000e-08  3.30000000e+00  1.97300000e-08  3.30000000e+00  1.97300000e-08  3.29953987e+00  1.97300000e-08  3.29964843e+00  1.97300000e-08  0.00000000e+00  1.97300000e-08  0.00000000e+00 
 1.97500000e-08  3.30000000e+00  1.97500000e-08  3.30000000e+00  1.97500000e-08  3.29954109e+00  1.97500000e-08  3.29964936e+00  1.97500000e-08  0.00000000e+00  1.97500000e-08  0.00000000e+00 
 1.97700000e-08  3.30000000e+00  1.97700000e-08  3.30000000e+00  1.97700000e-08  3.29954229e+00  1.97700000e-08  3.29965029e+00  1.97700000e-08  0.00000000e+00  1.97700000e-08  0.00000000e+00 
 1.97900000e-08  3.30000000e+00  1.97900000e-08  3.30000000e+00  1.97900000e-08  3.29954349e+00  1.97900000e-08  3.29965121e+00  1.97900000e-08  0.00000000e+00  1.97900000e-08  0.00000000e+00 
 1.98100000e-08  3.30000000e+00  1.98100000e-08  3.30000000e+00  1.98100000e-08  3.29954468e+00  1.98100000e-08  3.29965214e+00  1.98100000e-08  0.00000000e+00  1.98100000e-08  0.00000000e+00 
 1.98300000e-08  3.30000000e+00  1.98300000e-08  3.30000000e+00  1.98300000e-08  3.29954587e+00  1.98300000e-08  3.29965305e+00  1.98300000e-08  0.00000000e+00  1.98300000e-08  0.00000000e+00 
 1.98500000e-08  3.30000000e+00  1.98500000e-08  3.30000000e+00  1.98500000e-08  3.29954705e+00  1.98500000e-08  3.29965396e+00  1.98500000e-08  0.00000000e+00  1.98500000e-08  0.00000000e+00 
 1.98700000e-08  3.30000000e+00  1.98700000e-08  3.30000000e+00  1.98700000e-08  3.29954823e+00  1.98700000e-08  3.29965486e+00  1.98700000e-08  0.00000000e+00  1.98700000e-08  0.00000000e+00 
 1.98900000e-08  3.30000000e+00  1.98900000e-08  3.30000000e+00  1.98900000e-08  3.29954940e+00  1.98900000e-08  3.29965577e+00  1.98900000e-08  0.00000000e+00  1.98900000e-08  0.00000000e+00 
 1.99100000e-08  3.30000000e+00  1.99100000e-08  3.30000000e+00  1.99100000e-08  3.29955056e+00  1.99100000e-08  3.29965666e+00  1.99100000e-08  0.00000000e+00  1.99100000e-08  0.00000000e+00 
 1.99300000e-08  3.30000000e+00  1.99300000e-08  3.30000000e+00  1.99300000e-08  3.29955172e+00  1.99300000e-08  3.29965755e+00  1.99300000e-08  0.00000000e+00  1.99300000e-08  0.00000000e+00 
 1.99500000e-08  3.30000000e+00  1.99500000e-08  3.30000000e+00  1.99500000e-08  3.29955287e+00  1.99500000e-08  3.29965844e+00  1.99500000e-08  0.00000000e+00  1.99500000e-08  0.00000000e+00 
 1.99700000e-08  3.30000000e+00  1.99700000e-08  3.30000000e+00  1.99700000e-08  3.29955402e+00  1.99700000e-08  3.29965932e+00  1.99700000e-08  0.00000000e+00  1.99700000e-08  0.00000000e+00 
 1.99900000e-08  3.30000000e+00  1.99900000e-08  3.30000000e+00  1.99900000e-08  3.29955516e+00  1.99900000e-08  3.29966020e+00  1.99900000e-08  0.00000000e+00  1.99900000e-08  0.00000000e+00 
 2.00100000e-08  3.30000000e+00  2.00100000e-08  3.30000000e+00  2.00100000e-08  3.29955629e+00  2.00100000e-08  3.29966108e+00  2.00100000e-08  0.00000000e+00  2.00100000e-08  0.00000000e+00 
 2.00300000e-08  3.30000000e+00  2.00300000e-08  3.30000000e+00  2.00300000e-08  3.29955743e+00  2.00300000e-08  3.29966194e+00  2.00300000e-08  0.00000000e+00  2.00300000e-08  0.00000000e+00 
 2.00500000e-08  3.30000000e+00  2.00500000e-08  3.30000000e+00  2.00500000e-08  3.29955855e+00  2.00500000e-08  3.29966281e+00  2.00500000e-08  0.00000000e+00  2.00500000e-08  0.00000000e+00 
 2.00700000e-08  3.30000000e+00  2.00700000e-08  3.30000000e+00  2.00700000e-08  3.29955967e+00  2.00700000e-08  3.29966367e+00  2.00700000e-08  0.00000000e+00  2.00700000e-08  0.00000000e+00 
 2.00900000e-08  3.30000000e+00  2.00900000e-08  3.30000000e+00  2.00900000e-08  3.29956078e+00  2.00900000e-08  3.29966453e+00  2.00900000e-08  0.00000000e+00  2.00900000e-08  0.00000000e+00 
 2.01100000e-08  3.30000000e+00  2.01100000e-08  3.30000000e+00  2.01100000e-08  3.29956190e+00  2.01100000e-08  3.29966538e+00  2.01100000e-08  0.00000000e+00  2.01100000e-08  0.00000000e+00 
 2.01300000e-08  3.30000000e+00  2.01300000e-08  3.30000000e+00  2.01300000e-08  3.29956300e+00  2.01300000e-08  3.29966624e+00  2.01300000e-08  0.00000000e+00  2.01300000e-08  0.00000000e+00 
 2.01500000e-08  3.30000000e+00  2.01500000e-08  3.30000000e+00  2.01500000e-08  3.29956410e+00  2.01500000e-08  3.29966708e+00  2.01500000e-08  0.00000000e+00  2.01500000e-08  0.00000000e+00 
 2.01700000e-08  3.30000000e+00  2.01700000e-08  3.30000000e+00  2.01700000e-08  3.29956519e+00  2.01700000e-08  3.29966792e+00  2.01700000e-08  0.00000000e+00  2.01700000e-08  0.00000000e+00 
 2.01900000e-08  3.30000000e+00  2.01900000e-08  3.30000000e+00  2.01900000e-08  3.29956628e+00  2.01900000e-08  3.29966875e+00  2.01900000e-08  0.00000000e+00  2.01900000e-08  0.00000000e+00 
 2.02100000e-08  3.30000000e+00  2.02100000e-08  3.30000000e+00  2.02100000e-08  3.29956736e+00  2.02100000e-08  3.29966959e+00  2.02100000e-08  0.00000000e+00  2.02100000e-08  0.00000000e+00 
 2.02300000e-08  3.30000000e+00  2.02300000e-08  3.30000000e+00  2.02300000e-08  3.29956844e+00  2.02300000e-08  3.29967042e+00  2.02300000e-08  0.00000000e+00  2.02300000e-08  0.00000000e+00 
 2.02500000e-08  3.30000000e+00  2.02500000e-08  3.30000000e+00  2.02500000e-08  3.29956951e+00  2.02500000e-08  3.29967125e+00  2.02500000e-08  0.00000000e+00  2.02500000e-08  0.00000000e+00 
 2.02700000e-08  3.30000000e+00  2.02700000e-08  3.30000000e+00  2.02700000e-08  3.29957058e+00  2.02700000e-08  3.29967206e+00  2.02700000e-08  0.00000000e+00  2.02700000e-08  0.00000000e+00 
 2.02900000e-08  3.30000000e+00  2.02900000e-08  3.30000000e+00  2.02900000e-08  3.29957164e+00  2.02900000e-08  3.29967288e+00  2.02900000e-08  0.00000000e+00  2.02900000e-08  0.00000000e+00 
 2.03100000e-08  3.30000000e+00  2.03100000e-08  3.30000000e+00  2.03100000e-08  3.29957270e+00  2.03100000e-08  3.29967369e+00  2.03100000e-08  0.00000000e+00  2.03100000e-08  0.00000000e+00 
 2.03300000e-08  3.30000000e+00  2.03300000e-08  3.30000000e+00  2.03300000e-08  3.29957374e+00  2.03300000e-08  3.29967451e+00  2.03300000e-08  0.00000000e+00  2.03300000e-08  0.00000000e+00 
 2.03500000e-08  3.30000000e+00  2.03500000e-08  3.30000000e+00  2.03500000e-08  3.29957480e+00  2.03500000e-08  3.29967531e+00  2.03500000e-08  0.00000000e+00  2.03500000e-08  0.00000000e+00 
 2.03700000e-08  3.30000000e+00  2.03700000e-08  3.30000000e+00  2.03700000e-08  3.29957583e+00  2.03700000e-08  3.29967612e+00  2.03700000e-08  0.00000000e+00  2.03700000e-08  0.00000000e+00 
 2.03900000e-08  3.30000000e+00  2.03900000e-08  3.30000000e+00  2.03900000e-08  3.29957687e+00  2.03900000e-08  3.29967691e+00  2.03900000e-08  0.00000000e+00  2.03900000e-08  0.00000000e+00 
 2.04100000e-08  3.30000000e+00  2.04100000e-08  3.30000000e+00  2.04100000e-08  3.29957790e+00  2.04100000e-08  3.29967771e+00  2.04100000e-08  0.00000000e+00  2.04100000e-08  0.00000000e+00 
 2.04300000e-08  3.30000000e+00  2.04300000e-08  3.30000000e+00  2.04300000e-08  3.29957894e+00  2.04300000e-08  3.29967849e+00  2.04300000e-08  0.00000000e+00  2.04300000e-08  0.00000000e+00 
 2.04500000e-08  3.30000000e+00  2.04500000e-08  3.30000000e+00  2.04500000e-08  3.29957996e+00  2.04500000e-08  3.29967929e+00  2.04500000e-08  0.00000000e+00  2.04500000e-08  0.00000000e+00 
 2.04700000e-08  3.30000000e+00  2.04700000e-08  3.30000000e+00  2.04700000e-08  3.29958098e+00  2.04700000e-08  3.29968006e+00  2.04700000e-08  0.00000000e+00  2.04700000e-08  0.00000000e+00 
 2.04900000e-08  3.30000000e+00  2.04900000e-08  3.30000000e+00  2.04900000e-08  3.29958199e+00  2.04900000e-08  3.29968085e+00  2.04900000e-08  0.00000000e+00  2.04900000e-08  0.00000000e+00 
 2.05100000e-08  3.30000000e+00  2.05100000e-08  3.30000000e+00  2.05100000e-08  3.29958300e+00  2.05100000e-08  3.29968162e+00  2.05100000e-08  0.00000000e+00  2.05100000e-08  0.00000000e+00 
 2.05300000e-08  3.30000000e+00  2.05300000e-08  3.30000000e+00  2.05300000e-08  3.29958400e+00  2.05300000e-08  3.29968240e+00  2.05300000e-08  0.00000000e+00  2.05300000e-08  0.00000000e+00 
 2.05500000e-08  3.30000000e+00  2.05500000e-08  3.30000000e+00  2.05500000e-08  3.29958500e+00  2.05500000e-08  3.29968316e+00  2.05500000e-08  0.00000000e+00  2.05500000e-08  0.00000000e+00 
 2.05700000e-08  3.30000000e+00  2.05700000e-08  3.30000000e+00  2.05700000e-08  3.29958600e+00  2.05700000e-08  3.29968393e+00  2.05700000e-08  0.00000000e+00  2.05700000e-08  0.00000000e+00 
 2.05900000e-08  3.30000000e+00  2.05900000e-08  3.30000000e+00  2.05900000e-08  3.29958699e+00  2.05900000e-08  3.29968469e+00  2.05900000e-08  0.00000000e+00  2.05900000e-08  0.00000000e+00 
 2.06100000e-08  3.30000000e+00  2.06100000e-08  3.30000000e+00  2.06100000e-08  3.29958797e+00  2.06100000e-08  3.29968545e+00  2.06100000e-08  0.00000000e+00  2.06100000e-08  0.00000000e+00 
 2.06300000e-08  3.30000000e+00  2.06300000e-08  3.30000000e+00  2.06300000e-08  3.29958896e+00  2.06300000e-08  3.29968620e+00  2.06300000e-08  0.00000000e+00  2.06300000e-08  0.00000000e+00 
 2.06500000e-08  3.30000000e+00  2.06500000e-08  3.30000000e+00  2.06500000e-08  3.29958993e+00  2.06500000e-08  3.29968696e+00  2.06500000e-08  0.00000000e+00  2.06500000e-08  0.00000000e+00 
 2.06700000e-08  3.30000000e+00  2.06700000e-08  3.30000000e+00  2.06700000e-08  3.29959091e+00  2.06700000e-08  3.29968770e+00  2.06700000e-08  0.00000000e+00  2.06700000e-08  0.00000000e+00 
 2.06900000e-08  3.30000000e+00  2.06900000e-08  3.30000000e+00  2.06900000e-08  3.29959187e+00  2.06900000e-08  3.29968845e+00  2.06900000e-08  0.00000000e+00  2.06900000e-08  0.00000000e+00 
 2.07100000e-08  3.30000000e+00  2.07100000e-08  3.30000000e+00  2.07100000e-08  3.29959284e+00  2.07100000e-08  3.29968919e+00  2.07100000e-08  0.00000000e+00  2.07100000e-08  0.00000000e+00 
 2.07300000e-08  3.30000000e+00  2.07300000e-08  3.30000000e+00  2.07300000e-08  3.29959380e+00  2.07300000e-08  3.29968993e+00  2.07300000e-08  0.00000000e+00  2.07300000e-08  0.00000000e+00 
 2.07500000e-08  3.30000000e+00  2.07500000e-08  3.30000000e+00  2.07500000e-08  3.29959475e+00  2.07500000e-08  3.29969066e+00  2.07500000e-08  0.00000000e+00  2.07500000e-08  0.00000000e+00 
 2.07700000e-08  3.30000000e+00  2.07700000e-08  3.30000000e+00  2.07700000e-08  3.29959570e+00  2.07700000e-08  3.29969139e+00  2.07700000e-08  0.00000000e+00  2.07700000e-08  0.00000000e+00 
 2.07900000e-08  3.30000000e+00  2.07900000e-08  3.30000000e+00  2.07900000e-08  3.29959665e+00  2.07900000e-08  3.29969212e+00  2.07900000e-08  0.00000000e+00  2.07900000e-08  0.00000000e+00 
 2.08100000e-08  3.30000000e+00  2.08100000e-08  3.30000000e+00  2.08100000e-08  3.29959759e+00  2.08100000e-08  3.29969285e+00  2.08100000e-08  0.00000000e+00  2.08100000e-08  0.00000000e+00 
 2.08300000e-08  3.30000000e+00  2.08300000e-08  3.30000000e+00  2.08300000e-08  3.29959853e+00  2.08300000e-08  3.29969356e+00  2.08300000e-08  0.00000000e+00  2.08300000e-08  0.00000000e+00 
 2.08500000e-08  3.30000000e+00  2.08500000e-08  3.30000000e+00  2.08500000e-08  3.29959946e+00  2.08500000e-08  3.29969429e+00  2.08500000e-08  0.00000000e+00  2.08500000e-08  0.00000000e+00 
 2.08700000e-08  3.30000000e+00  2.08700000e-08  3.30000000e+00  2.08700000e-08  3.29960040e+00  2.08700000e-08  3.29969500e+00  2.08700000e-08  0.00000000e+00  2.08700000e-08  0.00000000e+00 
 2.08900000e-08  3.30000000e+00  2.08900000e-08  3.30000000e+00  2.08900000e-08  3.29960132e+00  2.08900000e-08  3.29969571e+00  2.08900000e-08  0.00000000e+00  2.08900000e-08  0.00000000e+00 
 2.09100000e-08  3.30000000e+00  2.09100000e-08  3.30000000e+00  2.09100000e-08  3.29960224e+00  2.09100000e-08  3.29969642e+00  2.09100000e-08  0.00000000e+00  2.09100000e-08  0.00000000e+00 
 2.09300000e-08  3.30000000e+00  2.09300000e-08  3.30000000e+00  2.09300000e-08  3.29960316e+00  2.09300000e-08  3.29969713e+00  2.09300000e-08  0.00000000e+00  2.09300000e-08  0.00000000e+00 
 2.09500000e-08  3.30000000e+00  2.09500000e-08  3.30000000e+00  2.09500000e-08  3.29960408e+00  2.09500000e-08  3.29969782e+00  2.09500000e-08  0.00000000e+00  2.09500000e-08  0.00000000e+00 
 2.09700000e-08  3.30000000e+00  2.09700000e-08  3.30000000e+00  2.09700000e-08  3.29960498e+00  2.09700000e-08  3.29969853e+00  2.09700000e-08  0.00000000e+00  2.09700000e-08  0.00000000e+00 
 2.09900000e-08  3.30000000e+00  2.09900000e-08  3.30000000e+00  2.09900000e-08  3.29960589e+00  2.09900000e-08  3.29969922e+00  2.09900000e-08  0.00000000e+00  2.09900000e-08  0.00000000e+00 
 2.10100000e-08  3.30000000e+00  2.10100000e-08  3.30000000e+00  2.10100000e-08  3.29960679e+00  2.10100000e-08  3.29969992e+00  2.10100000e-08  0.00000000e+00  2.10100000e-08  0.00000000e+00 
 2.10300000e-08  3.30000000e+00  2.10300000e-08  3.30000000e+00  2.10300000e-08  3.29960769e+00  2.10300000e-08  3.29970060e+00  2.10300000e-08  0.00000000e+00  2.10300000e-08  0.00000000e+00 
 2.10500000e-08  3.30000000e+00  2.10500000e-08  3.30000000e+00  2.10500000e-08  3.29960858e+00  2.10500000e-08  3.29970129e+00  2.10500000e-08  0.00000000e+00  2.10500000e-08  0.00000000e+00 
 2.10700000e-08  3.30000000e+00  2.10700000e-08  3.30000000e+00  2.10700000e-08  3.29960947e+00  2.10700000e-08  3.29970197e+00  2.10700000e-08  0.00000000e+00  2.10700000e-08  0.00000000e+00 
 2.10900000e-08  3.30000000e+00  2.10900000e-08  3.30000000e+00  2.10900000e-08  3.29961036e+00  2.10900000e-08  3.29970266e+00  2.10900000e-08  0.00000000e+00  2.10900000e-08  0.00000000e+00 
 2.11100000e-08  3.30000000e+00  2.11100000e-08  3.30000000e+00  2.11100000e-08  3.29961124e+00  2.11100000e-08  3.29970333e+00  2.11100000e-08  0.00000000e+00  2.11100000e-08  0.00000000e+00 
 2.11300000e-08  3.30000000e+00  2.11300000e-08  3.30000000e+00  2.11300000e-08  3.29961212e+00  2.11300000e-08  3.29970401e+00  2.11300000e-08  0.00000000e+00  2.11300000e-08  0.00000000e+00 
 2.11500000e-08  3.30000000e+00  2.11500000e-08  3.30000000e+00  2.11500000e-08  3.29961300e+00  2.11500000e-08  3.29970468e+00  2.11500000e-08  0.00000000e+00  2.11500000e-08  0.00000000e+00 
 2.11700000e-08  3.30000000e+00  2.11700000e-08  3.30000000e+00  2.11700000e-08  3.29961386e+00  2.11700000e-08  3.29970535e+00  2.11700000e-08  0.00000000e+00  2.11700000e-08  0.00000000e+00 
 2.11900000e-08  3.30000000e+00  2.11900000e-08  3.30000000e+00  2.11900000e-08  3.29961473e+00  2.11900000e-08  3.29970601e+00  2.11900000e-08  0.00000000e+00  2.11900000e-08  0.00000000e+00 
 2.12100000e-08  3.30000000e+00  2.12100000e-08  3.30000000e+00  2.12100000e-08  3.29961559e+00  2.12100000e-08  3.29970668e+00  2.12100000e-08  0.00000000e+00  2.12100000e-08  0.00000000e+00 
 2.12300000e-08  3.30000000e+00  2.12300000e-08  3.30000000e+00  2.12300000e-08  3.29961646e+00  2.12300000e-08  3.29970734e+00  2.12300000e-08  0.00000000e+00  2.12300000e-08  0.00000000e+00 
 2.12500000e-08  3.30000000e+00  2.12500000e-08  3.30000000e+00  2.12500000e-08  3.29961731e+00  2.12500000e-08  3.29970800e+00  2.12500000e-08  0.00000000e+00  2.12500000e-08  0.00000000e+00 
 2.12700000e-08  3.30000000e+00  2.12700000e-08  3.30000000e+00  2.12700000e-08  3.29961817e+00  2.12700000e-08  3.29970865e+00  2.12700000e-08  0.00000000e+00  2.12700000e-08  0.00000000e+00 
 2.12900000e-08  3.30000000e+00  2.12900000e-08  3.30000000e+00  2.12900000e-08  3.29961901e+00  2.12900000e-08  3.29970931e+00  2.12900000e-08  0.00000000e+00  2.12900000e-08  0.00000000e+00 
 2.13100000e-08  3.30000000e+00  2.13100000e-08  3.30000000e+00  2.13100000e-08  3.29961986e+00  2.13100000e-08  3.29970995e+00  2.13100000e-08  0.00000000e+00  2.13100000e-08  0.00000000e+00 
 2.13300000e-08  3.30000000e+00  2.13300000e-08  3.30000000e+00  2.13300000e-08  3.29962070e+00  2.13300000e-08  3.29971060e+00  2.13300000e-08  0.00000000e+00  2.13300000e-08  0.00000000e+00 
 2.13500000e-08  3.30000000e+00  2.13500000e-08  3.30000000e+00  2.13500000e-08  3.29962154e+00  2.13500000e-08  3.29971124e+00  2.13500000e-08  0.00000000e+00  2.13500000e-08  0.00000000e+00 
 2.13700000e-08  3.30000000e+00  2.13700000e-08  3.30000000e+00  2.13700000e-08  3.29962237e+00  2.13700000e-08  3.29971189e+00  2.13700000e-08  0.00000000e+00  2.13700000e-08  0.00000000e+00 
 2.13900000e-08  3.30000000e+00  2.13900000e-08  3.30000000e+00  2.13900000e-08  3.29962321e+00  2.13900000e-08  3.29971252e+00  2.13900000e-08  0.00000000e+00  2.13900000e-08  0.00000000e+00 
 2.14100000e-08  3.30000000e+00  2.14100000e-08  3.30000000e+00  2.14100000e-08  3.29962403e+00  2.14100000e-08  3.29971316e+00  2.14100000e-08  0.00000000e+00  2.14100000e-08  0.00000000e+00 
 2.14300000e-08  3.30000000e+00  2.14300000e-08  3.30000000e+00  2.14300000e-08  3.29962486e+00  2.14300000e-08  3.29971379e+00  2.14300000e-08  0.00000000e+00  2.14300000e-08  0.00000000e+00 
 2.14500000e-08  3.30000000e+00  2.14500000e-08  3.30000000e+00  2.14500000e-08  3.29962568e+00  2.14500000e-08  3.29971443e+00  2.14500000e-08  0.00000000e+00  2.14500000e-08  0.00000000e+00 
 2.14700000e-08  3.30000000e+00  2.14700000e-08  3.30000000e+00  2.14700000e-08  3.29962650e+00  2.14700000e-08  3.29971505e+00  2.14700000e-08  0.00000000e+00  2.14700000e-08  0.00000000e+00 
 2.14900000e-08  3.30000000e+00  2.14900000e-08  3.30000000e+00  2.14900000e-08  3.29962731e+00  2.14900000e-08  3.29971568e+00  2.14900000e-08  0.00000000e+00  2.14900000e-08  0.00000000e+00 
 2.15100000e-08  3.30000000e+00  2.15100000e-08  3.30000000e+00  2.15100000e-08  3.29962812e+00  2.15100000e-08  3.29971630e+00  2.15100000e-08  0.00000000e+00  2.15100000e-08  0.00000000e+00 
 2.15300000e-08  3.30000000e+00  2.15300000e-08  3.30000000e+00  2.15300000e-08  3.29962892e+00  2.15300000e-08  3.29971692e+00  2.15300000e-08  0.00000000e+00  2.15300000e-08  0.00000000e+00 
 2.15500000e-08  3.30000000e+00  2.15500000e-08  3.30000000e+00  2.15500000e-08  3.29962973e+00  2.15500000e-08  3.29971753e+00  2.15500000e-08  0.00000000e+00  2.15500000e-08  0.00000000e+00 
 2.15700000e-08  3.30000000e+00  2.15700000e-08  3.30000000e+00  2.15700000e-08  3.29963053e+00  2.15700000e-08  3.29971815e+00  2.15700000e-08  0.00000000e+00  2.15700000e-08  0.00000000e+00 
 2.15900000e-08  3.30000000e+00  2.15900000e-08  3.30000000e+00  2.15900000e-08  3.29963133e+00  2.15900000e-08  3.29971876e+00  2.15900000e-08  0.00000000e+00  2.15900000e-08  0.00000000e+00 
 2.16100000e-08  3.30000000e+00  2.16100000e-08  3.30000000e+00  2.16100000e-08  3.29963212e+00  2.16100000e-08  3.29971937e+00  2.16100000e-08  0.00000000e+00  2.16100000e-08  0.00000000e+00 
 2.16300000e-08  3.30000000e+00  2.16300000e-08  3.30000000e+00  2.16300000e-08  3.29963291e+00  2.16300000e-08  3.29971998e+00  2.16300000e-08  0.00000000e+00  2.16300000e-08  0.00000000e+00 
 2.16500000e-08  3.30000000e+00  2.16500000e-08  3.30000000e+00  2.16500000e-08  3.29963370e+00  2.16500000e-08  3.29972058e+00  2.16500000e-08  0.00000000e+00  2.16500000e-08  0.00000000e+00 
 2.16700000e-08  3.30000000e+00  2.16700000e-08  3.30000000e+00  2.16700000e-08  3.29963448e+00  2.16700000e-08  3.29972118e+00  2.16700000e-08  0.00000000e+00  2.16700000e-08  0.00000000e+00 
 2.16900000e-08  3.30000000e+00  2.16900000e-08  3.30000000e+00  2.16900000e-08  3.29963526e+00  2.16900000e-08  3.29972179e+00  2.16900000e-08  0.00000000e+00  2.16900000e-08  0.00000000e+00 
 2.17100000e-08  3.30000000e+00  2.17100000e-08  3.30000000e+00  2.17100000e-08  3.29963604e+00  2.17100000e-08  3.29972238e+00  2.17100000e-08  0.00000000e+00  2.17100000e-08  0.00000000e+00 
 2.17300000e-08  3.30000000e+00  2.17300000e-08  3.30000000e+00  2.17300000e-08  3.29963681e+00  2.17300000e-08  3.29972298e+00  2.17300000e-08  0.00000000e+00  2.17300000e-08  0.00000000e+00 
 2.17500000e-08  3.30000000e+00  2.17500000e-08  3.30000000e+00  2.17500000e-08  3.29963759e+00  2.17500000e-08  3.29972357e+00  2.17500000e-08  0.00000000e+00  2.17500000e-08  0.00000000e+00 
 2.17700000e-08  3.30000000e+00  2.17700000e-08  3.30000000e+00  2.17700000e-08  3.29963835e+00  2.17700000e-08  3.29972416e+00  2.17700000e-08  0.00000000e+00  2.17700000e-08  0.00000000e+00 
 2.17900000e-08  3.30000000e+00  2.17900000e-08  3.30000000e+00  2.17900000e-08  3.29963912e+00  2.17900000e-08  3.29972474e+00  2.17900000e-08  0.00000000e+00  2.17900000e-08  0.00000000e+00 
 2.18100000e-08  3.30000000e+00  2.18100000e-08  3.30000000e+00  2.18100000e-08  3.29963988e+00  2.18100000e-08  3.29972533e+00  2.18100000e-08  0.00000000e+00  2.18100000e-08  0.00000000e+00 
 2.18300000e-08  3.30000000e+00  2.18300000e-08  3.30000000e+00  2.18300000e-08  3.29964064e+00  2.18300000e-08  3.29972591e+00  2.18300000e-08  0.00000000e+00  2.18300000e-08  0.00000000e+00 
 2.18500000e-08  3.30000000e+00  2.18500000e-08  3.30000000e+00  2.18500000e-08  3.29964140e+00  2.18500000e-08  3.29972649e+00  2.18500000e-08  0.00000000e+00  2.18500000e-08  0.00000000e+00 
 2.18700000e-08  3.30000000e+00  2.18700000e-08  3.30000000e+00  2.18700000e-08  3.29964215e+00  2.18700000e-08  3.29972707e+00  2.18700000e-08  0.00000000e+00  2.18700000e-08  0.00000000e+00 
 2.18900000e-08  3.30000000e+00  2.18900000e-08  3.30000000e+00  2.18900000e-08  3.29964290e+00  2.18900000e-08  3.29972765e+00  2.18900000e-08  0.00000000e+00  2.18900000e-08  0.00000000e+00 
 2.19100000e-08  3.30000000e+00  2.19100000e-08  3.30000000e+00  2.19100000e-08  3.29964365e+00  2.19100000e-08  3.29972822e+00  2.19100000e-08  0.00000000e+00  2.19100000e-08  0.00000000e+00 
 2.19300000e-08  3.30000000e+00  2.19300000e-08  3.30000000e+00  2.19300000e-08  3.29964439e+00  2.19300000e-08  3.29972879e+00  2.19300000e-08  0.00000000e+00  2.19300000e-08  0.00000000e+00 
 2.19500000e-08  3.30000000e+00  2.19500000e-08  3.30000000e+00  2.19500000e-08  3.29964513e+00  2.19500000e-08  3.29972936e+00  2.19500000e-08  0.00000000e+00  2.19500000e-08  0.00000000e+00 
 2.19700000e-08  3.30000000e+00  2.19700000e-08  3.30000000e+00  2.19700000e-08  3.29964587e+00  2.19700000e-08  3.29972993e+00  2.19700000e-08  0.00000000e+00  2.19700000e-08  0.00000000e+00 
 2.19850000e-08  3.30000000e+00  2.19850000e-08  3.30000000e+00  2.19850000e-08  3.29964642e+00  2.19850000e-08  3.29973035e+00  2.19850000e-08  0.00000000e+00  2.19850000e-08  0.00000000e+00 
 2.20000000e-08  3.30000000e+00  2.20000000e-08  3.30000000e+00  2.20000000e-08  3.29964697e+00  2.20000000e-08  3.29973077e+00  2.20000000e-08  0.00000000e+00  2.20000000e-08  0.00000000e+00 
 2.20020000e-08  3.30000799e+00  2.20020000e-08  3.30000799e+00  2.20020000e-08  3.30225750e+00  2.20020000e-08  3.30234336e+00  2.20020000e-08  6.60000000e-02  2.20020000e-08  0.00000000e+00 
 2.20060000e-08  3.30001877e+00  2.20060000e-08  3.30001878e+00  2.20060000e-08  3.30738749e+00  2.20060000e-08  3.30747571e+00  2.20060000e-08  1.98000000e-01  2.20060000e-08  0.00000000e+00 
 2.20140000e-08  3.30002102e+00  2.20140000e-08  3.30002103e+00  2.20140000e-08  3.31708853e+00  2.20140000e-08  3.31718177e+00  2.20140000e-08  4.62000000e-01  2.20140000e-08  0.00000000e+00 
 2.20300000e-08  3.30000807e+00  2.20300000e-08  3.30000811e+00  2.20300000e-08  3.33468787e+00  2.20300000e-08  3.33481337e+00  2.20300000e-08  9.90000000e-01  2.20300000e-08  0.00000000e+00 
 2.20500000e-08  3.30000027e+00  2.20500000e-08  3.30000026e+00  2.20500000e-08  3.35539418e+00  2.20500000e-08  3.35553983e+00  2.20500000e-08  1.65000000e+00  2.20500000e-08  0.00000000e+00 
 2.20700000e-08  3.30000258e+00  2.20700000e-08  3.30000248e+00  2.20700000e-08  3.37758176e+00  2.20700000e-08  3.37767286e+00  2.20700000e-08  2.31000000e+00  2.20700000e-08  0.00000000e+00 
 2.20850000e-08  3.30000059e+00  2.20850000e-08  3.30000048e+00  2.20850000e-08  3.39395140e+00  2.20850000e-08  3.39395541e+00  2.20850000e-08  2.80500000e+00  2.20850000e-08  0.00000000e+00 
 2.21000000e-08  3.29998554e+00  2.21000000e-08  3.29998538e+00  2.21000000e-08  3.40140807e+00  2.21000000e-08  3.40126091e+00  2.21000000e-08  3.30000000e+00  2.21000000e-08  0.00000000e+00 
 2.21020000e-08  3.29998503e+00  2.21020000e-08  3.29998478e+00  2.21020000e-08  3.40183671e+00  2.21020000e-08  3.40164023e+00  2.21020000e-08  3.30000000e+00  2.21020000e-08  0.00000000e+00 
 2.21060000e-08  3.29998524e+00  2.21060000e-08  3.29998485e+00  2.21060000e-08  3.40277667e+00  2.21060000e-08  3.40247332e+00  2.21060000e-08  3.30000000e+00  2.21060000e-08  0.00000000e+00 
 2.21140000e-08  3.29998916e+00  2.21140000e-08  3.29998866e+00  2.21140000e-08  3.40496724e+00  2.21140000e-08  3.40442390e+00  2.21140000e-08  3.30000000e+00  2.21140000e-08  0.00000000e+00 
 2.21300000e-08  3.29999753e+00  2.21300000e-08  3.29999711e+00  2.21300000e-08  3.41047738e+00  2.21300000e-08  3.40938883e+00  2.21300000e-08  3.30000000e+00  2.21300000e-08  0.00000000e+00 
 2.21500000e-08  3.30000129e+00  2.21500000e-08  3.30000125e+00  2.21500000e-08  3.41863923e+00  2.21500000e-08  3.41692027e+00  2.21500000e-08  3.30000000e+00  2.21500000e-08  0.00000000e+00 
 2.21700000e-08  3.29999932e+00  2.21700000e-08  3.29999980e+00  2.21700000e-08  3.42638644e+00  2.21700000e-08  3.42436153e+00  2.21700000e-08  3.30000000e+00  2.21700000e-08  0.00000000e+00 
 2.21900000e-08  3.29999633e+00  2.21900000e-08  3.29999723e+00  2.21900000e-08  3.43167327e+00  2.21900000e-08  3.42986605e+00  2.21900000e-08  3.30000000e+00  2.21900000e-08  0.00000000e+00 
 2.22100000e-08  3.29999393e+00  2.22100000e-08  3.29999497e+00  2.22100000e-08  3.43298598e+00  2.22100000e-08  3.43198805e+00  2.22100000e-08  3.30000000e+00  2.22100000e-08  0.00000000e+00 
 2.22300000e-08  3.29999288e+00  2.22300000e-08  3.29999385e+00  2.22300000e-08  3.42946878e+00  2.22300000e-08  3.42985244e+00  2.22300000e-08  3.30000000e+00  2.22300000e-08  0.00000000e+00 
 2.22500000e-08  3.29999252e+00  2.22500000e-08  3.29999329e+00  2.22500000e-08  3.42080994e+00  2.22500000e-08  3.42308939e+00  2.22500000e-08  3.30000000e+00  2.22500000e-08  0.00000000e+00 
 2.22700000e-08  3.29999311e+00  2.22700000e-08  3.29999356e+00  2.22700000e-08  3.40708297e+00  2.22700000e-08  3.41170343e+00  2.22700000e-08  3.30000000e+00  2.22700000e-08  0.00000000e+00 
 2.22900000e-08  3.29999419e+00  2.22900000e-08  3.29999435e+00  2.22900000e-08  3.38860440e+00  2.22900000e-08  3.39594347e+00  2.22900000e-08  3.30000000e+00  2.22900000e-08  0.00000000e+00 
 2.23100000e-08  3.29999543e+00  2.23100000e-08  3.29999539e+00  2.23100000e-08  3.36582704e+00  2.23100000e-08  3.37619933e+00  2.23100000e-08  3.30000000e+00  2.23100000e-08  0.00000000e+00 
 2.23300000e-08  3.29999662e+00  2.23300000e-08  3.29999647e+00  2.23300000e-08  3.33926415e+00  2.23300000e-08  3.35292661e+00  2.23300000e-08  3.30000000e+00  2.23300000e-08  0.00000000e+00 
 2.23500000e-08  3.29999763e+00  2.23500000e-08  3.29999746e+00  2.23500000e-08  3.30943877e+00  2.23500000e-08  3.32659631e+00  2.23500000e-08  3.30000000e+00  2.23500000e-08  0.00000000e+00 
 2.23700000e-08  3.29999842e+00  2.23700000e-08  3.29999828e+00  2.23700000e-08  3.27685186e+00  2.23700000e-08  3.29766285e+00  2.23700000e-08  3.30000000e+00  2.23700000e-08  0.00000000e+00 
 2.23900000e-08  3.29999902e+00  2.23900000e-08  3.29999892e+00  2.23900000e-08  3.24196189e+00  2.23900000e-08  3.26654680e+00  2.23900000e-08  3.30000000e+00  2.23900000e-08  0.00000000e+00 
 2.24100000e-08  3.29999946e+00  2.24100000e-08  3.29999939e+00  2.24100000e-08  3.20517742e+00  2.24100000e-08  3.23362342e+00  2.24100000e-08  3.30000000e+00  2.24100000e-08  0.00000000e+00 
 2.24300000e-08  3.29999978e+00  2.24300000e-08  3.29999973e+00  2.24300000e-08  3.16685219e+00  2.24300000e-08  3.19922183e+00  2.24300000e-08  3.30000000e+00  2.24300000e-08  0.00000000e+00 
 2.24500000e-08  3.30000002e+00  2.24500000e-08  3.29999998e+00  2.24500000e-08  3.12728698e+00  2.24500000e-08  3.16362306e+00  2.24500000e-08  3.30000000e+00  2.24500000e-08  0.00000000e+00 
 2.24700000e-08  3.30000019e+00  2.24700000e-08  3.30000016e+00  2.24700000e-08  3.08673475e+00  2.24700000e-08  3.12706441e+00  2.24700000e-08  3.30000000e+00  2.24700000e-08  0.00000000e+00 
 2.24900000e-08  3.30000030e+00  2.24900000e-08  3.30000027e+00  2.24900000e-08  3.04540634e+00  2.24900000e-08  3.08974422e+00  2.24900000e-08  3.30000000e+00  2.24900000e-08  0.00000000e+00 
 2.25100000e-08  3.30000036e+00  2.25100000e-08  3.30000035e+00  2.25100000e-08  3.00347605e+00  2.25100000e-08  3.05182687e+00  2.25100000e-08  3.30000000e+00  2.25100000e-08  0.00000000e+00 
 2.25300000e-08  3.30000040e+00  2.25300000e-08  3.30000039e+00  2.25300000e-08  2.96108699e+00  2.25300000e-08  3.01344756e+00  2.25300000e-08  3.30000000e+00  2.25300000e-08  0.00000000e+00 
 2.25500000e-08  3.30000042e+00  2.25500000e-08  3.30000041e+00  2.25500000e-08  2.91835629e+00  2.25500000e-08  2.97471714e+00  2.25500000e-08  3.30000000e+00  2.25500000e-08  0.00000000e+00 
 2.25700000e-08  3.30000043e+00  2.25700000e-08  3.30000042e+00  2.25700000e-08  2.87537941e+00  2.25700000e-08  2.93572600e+00  2.25700000e-08  3.30000000e+00  2.25700000e-08  0.00000000e+00 
 2.25850000e-08  3.30000043e+00  2.25850000e-08  3.30000041e+00  2.25850000e-08  2.84303115e+00  2.25850000e-08  2.90635502e+00  2.25850000e-08  3.30000000e+00  2.25850000e-08  0.00000000e+00 
 2.26000000e-08  3.30000043e+00  2.26000000e-08  3.30000041e+00  2.26000000e-08  2.81061628e+00  2.26000000e-08  2.87690537e+00  2.26000000e-08  3.30000000e+00  2.26000000e-08  0.00000000e+00 
 2.26020000e-08  3.32132580e+00  2.26020000e-08  3.32132549e+00  2.26020000e-08  2.80662852e+00  2.26020000e-08  2.87331961e+00  2.26020000e-08  3.30000000e+00  2.26020000e-08  6.60000000e-02 
 2.26060000e-08  3.35608679e+00  2.26060000e-08  3.35608573e+00  2.26060000e-08  2.79857193e+00  2.26060000e-08  2.86606356e+00  2.26060000e-08  3.30000000e+00  2.26060000e-08  1.98000000e-01 
 2.26140000e-08  3.39509002e+00  2.26140000e-08  3.39508915e+00  2.26140000e-08  2.78210485e+00  2.26140000e-08  2.85118598e+00  2.26140000e-08  3.30000000e+00  2.26140000e-08  4.62000000e-01 
 2.26300000e-08  3.43011046e+00  2.26300000e-08  3.43011079e+00  2.26300000e-08  2.74783437e+00  2.26300000e-08  2.82006576e+00  2.26300000e-08  3.30000000e+00  2.26300000e-08  9.90000000e-01 
 2.26500000e-08  3.46572239e+00  2.26500000e-08  3.46572528e+00  2.26500000e-08  2.69983859e+00  2.26500000e-08  2.77589442e+00  2.26500000e-08  3.30000000e+00  2.26500000e-08  1.65000000e+00 
 2.26700000e-08  3.53516441e+00  2.26700000e-08  3.53547689e+00  2.26700000e-08  2.63482013e+00  2.26700000e-08  2.70302676e+00  2.26700000e-08  3.30000000e+00  2.26700000e-08  2.31000000e+00 
 2.26850000e-08  3.62707387e+00  2.26850000e-08  3.62706500e+00  2.26850000e-08  2.55203966e+00  2.26850000e-08  2.61731629e+00  2.26850000e-08  3.30000000e+00  2.26850000e-08  2.80500000e+00 
 2.27000000e-08  3.74271276e+00  2.27000000e-08  3.74189161e+00  2.27000000e-08  2.46633180e+00  2.27000000e-08  2.53263180e+00  2.27000000e-08  3.30000000e+00  2.27000000e-08  3.30000000e+00 
 2.27020000e-08  3.74248137e+00  2.27020000e-08  3.74151467e+00  2.27020000e-08  2.45508876e+00  2.27020000e-08  2.52154756e+00  2.27020000e-08  3.30000000e+00  2.27020000e-08  3.30000000e+00 
 2.27060000e-08  3.74183076e+00  2.27060000e-08  3.74054616e+00  2.27060000e-08  2.43353080e+00  2.27060000e-08  2.50031481e+00  2.27060000e-08  3.30000000e+00  2.27060000e-08  3.30000000e+00 
 2.27140000e-08  3.73946518e+00  2.27140000e-08  3.73738417e+00  2.27140000e-08  2.39533495e+00  2.27140000e-08  2.46276651e+00  2.27140000e-08  3.30000000e+00  2.27140000e-08  3.30000000e+00 
 2.27300000e-08  3.73085383e+00  2.27300000e-08  3.72681947e+00  2.27300000e-08  2.33338253e+00  2.27300000e-08  2.40209571e+00  2.27300000e-08  3.30000000e+00  2.27300000e-08  3.30000000e+00 
 2.27500000e-08  3.71596242e+00  2.27500000e-08  3.70568853e+00  2.27500000e-08  2.27247792e+00  2.27500000e-08  2.34273055e+00  2.27500000e-08  3.30000000e+00  2.27500000e-08  3.30000000e+00 
 2.27700000e-08  3.65231952e+00  2.27700000e-08  3.64318519e+00  2.27700000e-08  2.22034973e+00  2.27700000e-08  2.29246701e+00  2.27700000e-08  3.30000000e+00  2.27700000e-08  3.30000000e+00 
 2.27900000e-08  3.43023838e+00  2.27900000e-08  3.52994822e+00  2.27900000e-08  2.17190487e+00  2.27900000e-08  2.24678589e+00  2.27900000e-08  3.30000000e+00  2.27900000e-08  3.30000000e+00 
 2.28100000e-08  3.06077411e+00  2.28100000e-08  3.36595166e+00  2.28100000e-08  2.12488858e+00  2.28100000e-08  2.20422613e+00  2.28100000e-08  3.30000000e+00  2.28100000e-08  3.30000000e+00 
 2.28300000e-08  2.61374749e+00  2.28300000e-08  3.19993869e+00  2.28300000e-08  2.07853368e+00  2.28300000e-08  2.16341306e+00  2.28300000e-08  3.30000000e+00  2.28300000e-08  3.30000000e+00 
 2.28500000e-08  2.13422884e+00  2.28500000e-08  3.06168267e+00  2.28500000e-08  2.03228232e+00  2.28500000e-08  2.12360265e+00  2.28500000e-08  3.30000000e+00  2.28500000e-08  3.30000000e+00 
 2.28700000e-08  1.67337340e+00  2.28700000e-08  2.96128219e+00  2.28700000e-08  1.98251902e+00  2.28700000e-08  2.08330364e+00  2.28700000e-08  3.30000000e+00  2.28700000e-08  3.30000000e+00 
 2.28900000e-08  1.30901414e+00  2.28900000e-08  2.88967640e+00  2.28900000e-08  1.92474954e+00  2.28900000e-08  2.04026055e+00  2.28900000e-08  3.30000000e+00  2.28900000e-08  3.30000000e+00 
 2.29100000e-08  1.03564423e+00  2.29100000e-08  2.85002358e+00  2.29100000e-08  1.86760605e+00  2.29100000e-08  1.99201632e+00  2.29100000e-08  3.30000000e+00  2.29100000e-08  3.30000000e+00 
 2.29300000e-08  8.26249974e-01  2.29300000e-08  2.83734188e+00  2.29300000e-08  1.81368495e+00  2.29300000e-08  1.93860758e+00  2.29300000e-08  3.30000000e+00  2.29300000e-08  3.30000000e+00 
 2.29500000e-08  6.65860106e-01  2.29500000e-08  2.84452233e+00  2.29500000e-08  1.76252282e+00  2.29500000e-08  1.88382399e+00  2.29500000e-08  3.30000000e+00  2.29500000e-08  3.30000000e+00 
 2.29700000e-08  5.39759808e-01  2.29700000e-08  2.86430260e+00  2.29700000e-08  1.71371690e+00  2.29700000e-08  1.83086505e+00  2.29700000e-08  3.30000000e+00  2.29700000e-08  3.30000000e+00 
 2.29900000e-08  4.37736234e-01  2.29900000e-08  2.89160778e+00  2.29900000e-08  1.66709759e+00  2.29900000e-08  1.78099818e+00  2.29900000e-08  3.30000000e+00  2.29900000e-08  3.30000000e+00 
 2.30100000e-08  3.54153916e-01  2.30100000e-08  2.92308687e+00  2.30100000e-08  1.62258808e+00  2.30100000e-08  1.73442369e+00  2.30100000e-08  3.30000000e+00  2.30100000e-08  3.30000000e+00 
 2.30300000e-08  2.85076457e-01  2.30300000e-08  2.95635634e+00  2.30300000e-08  1.58010164e+00  2.30300000e-08  1.69093896e+00  2.30300000e-08  3.30000000e+00  2.30300000e-08  3.30000000e+00 
 2.30500000e-08  2.27633872e-01  2.30500000e-08  2.98975253e+00  2.30500000e-08  1.53951920e+00  2.30500000e-08  1.65020296e+00  2.30500000e-08  3.30000000e+00  2.30500000e-08  3.30000000e+00 
 2.30700000e-08  1.79631530e-01  2.30700000e-08  3.02213913e+00  2.30700000e-08  1.50069298e+00  2.30700000e-08  1.61185238e+00  2.30700000e-08  3.30000000e+00  2.30700000e-08  3.30000000e+00 
 2.30900000e-08  1.39306726e-01  2.30900000e-08  3.05276577e+00  2.30900000e-08  1.46345745e+00  2.30900000e-08  1.57554676e+00  2.30900000e-08  3.30000000e+00  2.30900000e-08  3.30000000e+00 
 2.31100000e-08  1.05305667e-01  2.31100000e-08  3.08120410e+00  2.31100000e-08  1.42763941e+00  2.31100000e-08  1.54098622e+00  2.31100000e-08  3.30000000e+00  2.31100000e-08  3.30000000e+00 
 2.31300000e-08  7.65313839e-02  2.31300000e-08  3.10723504e+00  2.31300000e-08  1.39307000e+00  2.31300000e-08  1.50790836e+00  2.31300000e-08  3.30000000e+00  2.31300000e-08  3.30000000e+00 
 2.31500000e-08  5.21222651e-02  2.31500000e-08  3.13080419e+00  2.31500000e-08  1.35959130e+00  2.31500000e-08  1.47609351e+00  2.31500000e-08  3.30000000e+00  2.31500000e-08  3.30000000e+00 
 2.31700000e-08  3.13632537e-02  2.31700000e-08  3.15195313e+00  2.31700000e-08  1.32706437e+00  2.31700000e-08  1.44534928e+00  2.31700000e-08  3.30000000e+00  2.31700000e-08  3.30000000e+00 
 2.31900000e-08  1.36663844e-02  2.31900000e-08  3.17079416e+00  2.31900000e-08  1.29535281e+00  2.31900000e-08  1.41550585e+00  2.31900000e-08  3.30000000e+00  2.31900000e-08  3.30000000e+00 
 2.32100000e-08 -1.47208413e-03  2.32100000e-08  3.18747425e+00  2.32100000e-08  1.26434588e+00  2.32100000e-08  1.38643933e+00  2.32100000e-08  3.30000000e+00  2.32100000e-08  3.30000000e+00 
 2.32300000e-08 -1.44447664e-02  2.32300000e-08  3.20217323e+00  2.32300000e-08  1.23394012e+00  2.32300000e-08  1.35803303e+00  2.32300000e-08  3.30000000e+00  2.32300000e-08  3.30000000e+00 
 2.32500000e-08 -2.55913628e-02  2.32500000e-08  3.21507084e+00  2.32500000e-08  1.20404997e+00  2.32500000e-08  1.33018705e+00  2.32500000e-08  3.30000000e+00  2.32500000e-08  3.30000000e+00 
 2.32700000e-08 -3.52226679e-02  2.32700000e-08  3.22633818e+00  2.32700000e-08  1.17459818e+00  2.32700000e-08  1.30283213e+00  2.32700000e-08  3.30000000e+00  2.32700000e-08  3.30000000e+00 
 2.32900000e-08 -4.35744520e-02  2.32900000e-08  3.23615731e+00  2.32900000e-08  1.14553050e+00  2.32900000e-08  1.27589477e+00  2.32900000e-08  3.30000000e+00  2.32900000e-08  3.30000000e+00 
 2.33100000e-08 -5.08091788e-02  2.33100000e-08  3.24470073e+00  2.33100000e-08  1.11679779e+00  2.33100000e-08  1.24931515e+00  2.33100000e-08  3.30000000e+00  2.33100000e-08  3.30000000e+00 
 2.33300000e-08 -5.71103469e-02  2.33300000e-08  3.25211400e+00  2.33300000e-08  1.08835805e+00  2.33300000e-08  1.22304442e+00  2.33300000e-08  3.30000000e+00  2.33300000e-08  3.30000000e+00 
 2.33500000e-08 -6.26142565e-02  2.33500000e-08  3.25853692e+00  2.33500000e-08  1.06017650e+00  2.33500000e-08  1.19704350e+00  2.33500000e-08  3.30000000e+00  2.33500000e-08  3.30000000e+00 
 2.33700000e-08 -6.74510744e-02  2.33700000e-08  3.26408936e+00  2.33700000e-08  1.03222463e+00  2.33700000e-08  1.17127789e+00  2.33700000e-08  3.30000000e+00  2.33700000e-08  3.30000000e+00 
 2.33900000e-08 -7.17170835e-02  2.33900000e-08  3.26888482e+00  2.33900000e-08  1.00447981e+00  2.33900000e-08  1.14572057e+00  2.33900000e-08  3.30000000e+00  2.33900000e-08  3.30000000e+00 
 2.34100000e-08 -7.55075653e-02  2.34100000e-08  3.27301794e+00  2.34100000e-08  9.76925380e-01  2.34100000e-08  1.12034721e+00  2.34100000e-08  3.30000000e+00  2.34100000e-08  3.30000000e+00 
 2.34300000e-08 -7.88903038e-02  2.34300000e-08  3.27657845e+00  2.34300000e-08  9.49551371e-01  2.34300000e-08  1.09513962e+00  2.34300000e-08  3.30000000e+00  2.34300000e-08  3.30000000e+00 
 2.34500000e-08 -8.19364217e-02  2.34500000e-08  3.27963910e+00  2.34500000e-08  9.22356454e-01  2.34500000e-08  1.07008129e+00  2.34500000e-08  3.30000000e+00  2.34500000e-08  3.30000000e+00 
 2.34700000e-08 -8.46931084e-02  2.34700000e-08  3.28226984e+00  2.34700000e-08  8.95352097e-01  2.34700000e-08  1.04516134e+00  2.34700000e-08  3.30000000e+00  2.34700000e-08  3.30000000e+00 
 2.34900000e-08 -8.72134719e-02  2.34900000e-08  3.28452578e+00  2.34900000e-08  8.68571154e-01  2.34900000e-08  1.02037065e+00  2.34900000e-08  3.30000000e+00  2.34900000e-08  3.30000000e+00 
 2.35100000e-08 -8.95281611e-02  2.35100000e-08  3.28646146e+00  2.35100000e-08  8.42086498e-01  2.35100000e-08  9.95706976e-01  2.35100000e-08  3.30000000e+00  2.35100000e-08  3.30000000e+00 
 2.35300000e-08 -9.16736496e-02  2.35300000e-08  3.28811902e+00  2.35300000e-08  8.16051064e-01  2.35300000e-08  9.71173726e-01  2.35300000e-08  3.30000000e+00  2.35300000e-08  3.30000000e+00 
 2.35500000e-08 -9.36612281e-02  2.35500000e-08  3.28954298e+00  2.35500000e-08  7.90774982e-01  2.35500000e-08  9.46789574e-01  2.35500000e-08  3.30000000e+00  2.35500000e-08  3.30000000e+00 
 2.35700000e-08 -9.55034805e-02  2.35700000e-08  3.29076838e+00  2.35700000e-08  7.66803278e-01  2.35700000e-08  9.22586639e-01  2.35700000e-08  3.30000000e+00  2.35700000e-08  3.30000000e+00 
 2.35900000e-08 -9.71890876e-02  2.35900000e-08  3.29183311e+00  2.35900000e-08  7.44849919e-01  2.35900000e-08  8.98595420e-01  2.35900000e-08  3.30000000e+00  2.35900000e-08  3.30000000e+00 
 2.36100000e-08 -9.87259164e-02  2.36100000e-08  3.29276075e+00  2.36100000e-08  7.25497981e-01  2.36100000e-08  8.74806378e-01  2.36100000e-08  3.30000000e+00  2.36100000e-08  3.30000000e+00 
 2.36300000e-08 -1.00127164e-01  2.36300000e-08  3.29357069e+00  2.36300000e-08  7.08922633e-01  2.36300000e-08  8.51167747e-01  2.36300000e-08  3.30000000e+00  2.36300000e-08  3.30000000e+00 
 2.36500000e-08 -1.01440983e-01  2.36500000e-08  3.29426694e+00  2.36500000e-08  6.94895756e-01  2.36500000e-08  8.27622095e-01  2.36500000e-08  3.30000000e+00  2.36500000e-08  3.30000000e+00 
 2.36700000e-08 -1.02701099e-01  2.36700000e-08  3.29486009e+00  2.36700000e-08  6.82990965e-01  2.36700000e-08  8.04179231e-01  2.36700000e-08  3.30000000e+00  2.36700000e-08  3.30000000e+00 
 2.36900000e-08 -1.03917318e-01  2.36900000e-08  3.29536640e+00  2.36900000e-08  6.72772482e-01  2.36900000e-08  7.81003693e-01  2.36900000e-08  3.30000000e+00  2.36900000e-08  3.30000000e+00 
 2.37100000e-08 -1.05006759e-01  2.37100000e-08  3.29583094e+00  2.37100000e-08  6.63874605e-01  2.37100000e-08  7.58500509e-01  2.37100000e-08  3.30000000e+00  2.37100000e-08  3.30000000e+00 
 2.37300000e-08 -1.05821446e-01  2.37300000e-08  3.29630811e+00  2.37300000e-08  6.56019185e-01  2.37300000e-08  7.37270837e-01  2.37300000e-08  3.30000000e+00  2.37300000e-08  3.30000000e+00 
 2.37500000e-08 -1.06187661e-01  2.37500000e-08  3.29684835e+00  2.37500000e-08  6.48979981e-01  2.37500000e-08  7.17889024e-01  2.37500000e-08  3.30000000e+00  2.37500000e-08  3.30000000e+00 
 2.37700000e-08 -1.06033258e-01  2.37700000e-08  3.29745812e+00  2.37700000e-08  6.42553821e-01  2.37700000e-08  7.00647000e-01  2.37700000e-08  3.30000000e+00  2.37700000e-08  3.30000000e+00 
 2.37900000e-08 -1.05395418e-01  2.37900000e-08  3.29810976e+00  2.37900000e-08  6.36577936e-01  2.37900000e-08  6.85491395e-01  2.37900000e-08  3.30000000e+00  2.37900000e-08  3.30000000e+00 
 2.38100000e-08 -1.04409740e-01  2.38100000e-08  3.29874918e+00  2.38100000e-08  6.30920513e-01  2.38100000e-08  6.72146340e-01  2.38100000e-08  3.30000000e+00  2.38100000e-08  3.30000000e+00 
 2.38300000e-08 -1.03219940e-01  2.38300000e-08  3.29933555e+00  2.38300000e-08  6.25481191e-01  2.38300000e-08  6.60276269e-01  2.38300000e-08  3.30000000e+00  2.38300000e-08  3.30000000e+00 
 2.38500000e-08 -1.01958634e-01  2.38500000e-08  3.29983828e+00  2.38500000e-08  6.20183236e-01  2.38500000e-08  6.49577717e-01  2.38500000e-08  3.30000000e+00  2.38500000e-08  3.30000000e+00 
 2.38700000e-08 -1.00706948e-01  2.38700000e-08  3.30025121e+00  2.38700000e-08  6.14972467e-01  2.38700000e-08  6.39807255e-01  2.38700000e-08  3.30000000e+00  2.38700000e-08  3.30000000e+00 
 2.38900000e-08 -9.95267562e-02  2.38900000e-08  3.30056997e+00  2.38900000e-08  6.09809576e-01  2.38900000e-08  6.30781934e-01  2.38900000e-08  3.30000000e+00  2.38900000e-08  3.30000000e+00 
 2.39100000e-08 -9.84396321e-02  2.39100000e-08  3.30080407e+00  2.39100000e-08  6.04670172e-01  2.39100000e-08  6.22366561e-01  2.39100000e-08  3.30000000e+00  2.39100000e-08  3.30000000e+00 
 2.39300000e-08 -9.74683329e-02  2.39300000e-08  3.30096121e+00  2.39300000e-08  5.99538073e-01  2.39300000e-08  6.14455201e-01  2.39300000e-08  3.30000000e+00  2.39300000e-08  3.30000000e+00 
 2.39500000e-08 -9.66102401e-02  2.39500000e-08  3.30105627e+00  2.39500000e-08  5.94406367e-01  2.39500000e-08  6.06967223e-01  2.39500000e-08  3.30000000e+00  2.39500000e-08  3.30000000e+00 
 2.39700000e-08 -9.58723334e-02  2.39700000e-08  3.30109762e+00  2.39700000e-08  5.89271463e-01  2.39700000e-08  5.99838949e-01  2.39700000e-08  3.30000000e+00  2.39700000e-08  3.30000000e+00 
 2.39900000e-08 -9.52420683e-02  2.39900000e-08  3.30109894e+00  2.39900000e-08  5.84135251e-01  2.39900000e-08  5.93020081e-01  2.39900000e-08  3.30000000e+00  2.39900000e-08  3.30000000e+00 
 2.40100000e-08 -9.47208283e-02  2.40100000e-08  3.30106636e+00  2.40100000e-08  5.78999919e-01  2.40100000e-08  5.86469189e-01  2.40100000e-08  3.30000000e+00  2.40100000e-08  3.30000000e+00 
 2.40300000e-08 -9.42930659e-02  2.40300000e-08  3.30101100e+00  2.40300000e-08  5.73870948e-01  2.40300000e-08  5.80152533e-01  2.40300000e-08  3.30000000e+00  2.40300000e-08  3.30000000e+00 
 2.40500000e-08 -9.39587894e-02  2.40500000e-08  3.30093635e+00  2.40500000e-08  5.68752433e-01  2.40500000e-08  5.74041406e-01  2.40500000e-08  3.30000000e+00  2.40500000e-08  3.30000000e+00 
 2.40700000e-08 -9.37021372e-02  2.40700000e-08  3.30085109e+00  2.40700000e-08  5.63650640e-01  2.40700000e-08  5.68112010e-01  2.40700000e-08  3.30000000e+00  2.40700000e-08  3.30000000e+00 
 2.40900000e-08 -9.35233918e-02  2.40900000e-08  3.30075649e+00  2.40900000e-08  5.58569601e-01  2.40900000e-08  5.62343672e-01  2.40900000e-08  3.30000000e+00  2.40900000e-08  3.30000000e+00 
 2.41100000e-08 -9.34073816e-02  2.41100000e-08  3.30065932e+00  2.41100000e-08  5.53515033e-01  2.41100000e-08  5.56719151e-01  2.41100000e-08  3.30000000e+00  2.41100000e-08  3.30000000e+00 
 2.41300000e-08 -9.33552428e-02  2.41300000e-08  3.30055915e+00  2.41300000e-08  5.48490053e-01  2.41300000e-08  5.51223289e-01  2.41300000e-08  3.30000000e+00  2.41300000e-08  3.30000000e+00 
 2.41500000e-08 -9.33527977e-02  2.41500000e-08  3.30046137e+00  2.41500000e-08  5.43499329e-01  2.41500000e-08  5.45843474e-01  2.41500000e-08  3.30000000e+00  2.41500000e-08  3.30000000e+00 
 2.41700000e-08 -9.34024916e-02  2.41700000e-08  3.30036447e+00  2.41700000e-08  5.38544823e-01  2.41700000e-08  5.40568523e-01  2.41700000e-08  3.30000000e+00  2.41700000e-08  3.30000000e+00 
 2.41900000e-08 -9.34909367e-02  2.41900000e-08  3.30027287e+00  2.41900000e-08  5.33630091e-01  2.41900000e-08  5.35389216e-01  2.41900000e-08  3.30000000e+00  2.41900000e-08  3.30000000e+00 
 2.42100000e-08 -9.36207699e-02  2.42100000e-08  3.30018401e+00  2.42100000e-08  5.28756005e-01  2.42100000e-08  5.30297335e-01  2.42100000e-08  3.30000000e+00  2.42100000e-08  3.30000000e+00 
 2.42300000e-08 -9.37802926e-02  2.42300000e-08  3.30010185e+00  2.42300000e-08  5.23925150e-01  2.42300000e-08  5.25286139e-01  2.42300000e-08  3.30000000e+00  2.42300000e-08  3.30000000e+00 
 2.42500000e-08 -9.39727624e-02  2.42500000e-08  3.30002337e+00  2.42500000e-08  5.19137501e-01  2.42500000e-08  5.20349577e-01  2.42500000e-08  3.30000000e+00  2.42500000e-08  3.30000000e+00 
 2.42700000e-08 -9.41874581e-02  2.42700000e-08  3.29995256e+00  2.42700000e-08  5.14394887e-01  2.42700000e-08  5.15482744e-01  2.42700000e-08  3.30000000e+00  2.42700000e-08  3.30000000e+00 
 2.42900000e-08 -9.44281315e-02  2.42900000e-08  3.29988568e+00  2.42900000e-08  5.09696612e-01  2.42900000e-08  5.10681180e-01  2.42900000e-08  3.30000000e+00  2.42900000e-08  3.30000000e+00 
 2.43100000e-08 -9.46847103e-02  2.43100000e-08  3.29982600e+00  2.43100000e-08  5.05043966e-01  2.43100000e-08  5.05941310e-01  2.43100000e-08  3.30000000e+00  2.43100000e-08  3.30000000e+00 
 2.43300000e-08 -9.49616254e-02  2.43300000e-08  3.29976982e+00  2.43300000e-08  5.00435785e-01  2.43300000e-08  5.01259822e-01  2.43300000e-08  3.30000000e+00  2.43300000e-08  3.30000000e+00 
 2.43500000e-08 -9.52493780e-02  2.43500000e-08  3.29972058e+00  2.43500000e-08  4.95873005e-01  2.43500000e-08  4.96634088e-01  2.43500000e-08  3.30000000e+00  2.43500000e-08  3.30000000e+00 
 2.43700000e-08 -9.55528658e-02  2.43700000e-08  3.29967443e+00  2.43700000e-08  4.91354162e-01  2.43700000e-08  4.92061617e-01  2.43700000e-08  3.30000000e+00  2.43700000e-08  3.30000000e+00 
 2.43900000e-08 -9.58630731e-02  2.43900000e-08  3.29963477e+00  2.43900000e-08  4.86879981e-01  2.43900000e-08  4.87540449e-01  2.43900000e-08  3.30000000e+00  2.43900000e-08  3.30000000e+00 
 2.44100000e-08 -9.61853061e-02  2.44100000e-08  3.29959768e+00  2.44100000e-08  4.82448820e-01  2.44100000e-08  4.83068671e-01  2.44100000e-08  3.30000000e+00  2.44100000e-08  3.30000000e+00 
 2.44300000e-08 -9.65109456e-02  2.44300000e-08  3.29956653e+00  2.44300000e-08  4.78061298e-01  2.44300000e-08  4.78644790e-01  2.44300000e-08  3.30000000e+00  2.44300000e-08  3.30000000e+00 
 2.44500000e-08 -9.68456384e-02  2.44500000e-08  3.29953740e+00  2.44500000e-08  4.73715682e-01  2.44500000e-08  4.74267302e-01  2.44500000e-08  3.30000000e+00  2.44500000e-08  3.30000000e+00 
 2.44700000e-08 -9.71810944e-02  2.44700000e-08  3.29951366e+00  2.44700000e-08  4.69412551e-01  2.44700000e-08  4.69935039e-01  2.44700000e-08  3.30000000e+00  2.44700000e-08  3.30000000e+00 
 2.44900000e-08 -9.75232403e-02  2.44900000e-08  3.29949138e+00  2.44900000e-08  4.65150134e-01  2.44900000e-08  4.65646787e-01  2.44900000e-08  3.30000000e+00  2.44900000e-08  3.30000000e+00 
 2.45100000e-08 -9.78640583e-02  2.45100000e-08  3.29947396e+00  2.45100000e-08  4.60929013e-01  2.45100000e-08  4.61401604e-01  2.45100000e-08  3.30000000e+00  2.45100000e-08  3.30000000e+00 
 2.45300000e-08 -9.82097034e-02  2.45300000e-08  3.29945747e+00  2.45300000e-08  4.56747417e-01  2.45300000e-08  4.57198482e-01  2.45300000e-08  3.30000000e+00  2.45300000e-08  3.30000000e+00 
 2.45500000e-08 -9.85523822e-02  2.45500000e-08  3.29944536e+00  2.45500000e-08  4.52605952e-01  2.45500000e-08  4.53036641e-01  2.45500000e-08  3.30000000e+00  2.45500000e-08  3.30000000e+00 
 2.45700000e-08 -9.88984346e-02  2.45700000e-08  3.29943370e+00  2.45700000e-08  4.48502862e-01  2.45700000e-08  4.48915225e-01  2.45700000e-08  3.30000000e+00  2.45700000e-08  3.30000000e+00 
 2.45900000e-08 -9.92402509e-02  2.45900000e-08  3.29942598e+00  2.45900000e-08  4.44438792e-01  2.45900000e-08  4.44833566e-01  2.45900000e-08  3.30000000e+00  2.45900000e-08  3.30000000e+00 
 2.46100000e-08 -9.95843198e-02  2.46100000e-08  3.29941830e+00  2.46100000e-08  4.40412010e-01  2.46100000e-08  4.40790923e-01  2.46100000e-08  3.30000000e+00  2.46100000e-08  3.30000000e+00 
 2.46300000e-08 -9.99231820e-02  2.46300000e-08  3.29941418e+00  2.46300000e-08  4.36423202e-01  2.46300000e-08  4.36786713e-01  2.46300000e-08  3.30000000e+00  2.46300000e-08  3.30000000e+00 
 2.46500000e-08 -1.00263444e-01  2.46500000e-08  3.29940974e+00  2.46500000e-08  4.32470665e-01  2.46500000e-08  4.32820280e-01  2.46500000e-08  3.30000000e+00  2.46500000e-08  3.30000000e+00 
 2.46700000e-08 -1.00597770e-01  2.46700000e-08  3.29940852e+00  2.46700000e-08  4.28555124e-01  2.46700000e-08  4.28891107e-01  2.46700000e-08  3.30000000e+00  2.46700000e-08  3.30000000e+00 
 2.46900000e-08 -1.00932860e-01  2.46900000e-08  3.29940666e+00  2.46900000e-08  4.24674904e-01  2.46900000e-08  4.24998604e-01  2.46900000e-08  3.30000000e+00  2.46900000e-08  3.30000000e+00 
 2.47100000e-08 -1.01261476e-01  2.47100000e-08  3.29940776e+00  2.47100000e-08  4.20830769e-01  2.47100000e-08  4.21142303e-01  2.47100000e-08  3.30000000e+00  2.47100000e-08  3.30000000e+00 
 2.47300000e-08 -1.01590392e-01  2.47300000e-08  3.29940796e+00  2.47300000e-08  4.17021067e-01  2.47300000e-08  4.17321671e-01  2.47300000e-08  3.30000000e+00  2.47300000e-08  3.30000000e+00 
 2.47500000e-08 -1.01912453e-01  2.47500000e-08  3.29941088e+00  2.47500000e-08  4.13246599e-01  2.47500000e-08  4.13536279e-01  2.47500000e-08  3.30000000e+00  2.47500000e-08  3.30000000e+00 
 2.47700000e-08 -1.02234488e-01  2.47700000e-08  3.29941269e+00  2.47700000e-08  4.09505735e-01  2.47700000e-08  4.09785637e-01  2.47700000e-08  3.30000000e+00  2.47700000e-08  3.30000000e+00 
 2.47900000e-08 -1.02549406e-01  2.47900000e-08  3.29941702e+00  2.47900000e-08  4.05799307e-01  2.47900000e-08  4.06069349e-01  2.47900000e-08  3.30000000e+00  2.47900000e-08  3.30000000e+00 
 2.48100000e-08 -1.02864082e-01  2.48100000e-08  3.29942005e+00  2.48100000e-08  4.02125706e-01  2.48100000e-08  4.02386965e-01  2.48100000e-08  3.30000000e+00  2.48100000e-08  3.30000000e+00 
 2.48300000e-08 -1.03171478e-01  2.48300000e-08  3.29942545e+00  2.48300000e-08  3.98485792e-01  2.48300000e-08  3.98738111e-01  2.48300000e-08  3.30000000e+00  2.48300000e-08  3.30000000e+00 
 2.48500000e-08 -1.03478498e-01  2.48500000e-08  3.29942941e+00  2.48500000e-08  3.94877970e-01  2.48500000e-08  3.95122371e-01  2.48500000e-08  3.30000000e+00  2.48500000e-08  3.30000000e+00 
 2.48700000e-08 -1.03778150e-01  2.48700000e-08  3.29943560e+00  2.48700000e-08  3.91303127e-01  2.48700000e-08  3.91539393e-01  2.48700000e-08  3.30000000e+00  2.48700000e-08  3.30000000e+00 
 2.48900000e-08 -1.04077362e-01  2.48900000e-08  3.29944023e+00  2.48900000e-08  3.87759683e-01  2.48900000e-08  3.87988788e-01  2.48900000e-08  3.30000000e+00  2.48900000e-08  3.30000000e+00 
 2.49100000e-08 -1.04369175e-01  2.49100000e-08  3.29944700e+00  2.49100000e-08  3.84248546e-01  2.49100000e-08  3.84470222e-01  2.49100000e-08  3.30000000e+00  2.49100000e-08  3.30000000e+00 
 2.49300000e-08 -1.04660535e-01  2.49300000e-08  3.29945209e+00  2.49300000e-08  3.80768149e-01  2.49300000e-08  3.80983332e-01  2.49300000e-08  3.30000000e+00  2.49300000e-08  3.30000000e+00 
 2.49500000e-08 -1.04944510e-01  2.49500000e-08  3.29945925e+00  2.49500000e-08  3.77319420e-01  2.49500000e-08  3.77527798e-01  2.49500000e-08  3.30000000e+00  2.49500000e-08  3.30000000e+00 
 2.49700000e-08 -1.05228058e-01  2.49700000e-08  3.29946465e+00  2.49700000e-08  3.73900803e-01  2.49700000e-08  3.74103276e-01  2.49700000e-08  3.30000000e+00  2.49700000e-08  3.30000000e+00 
 2.49900000e-08 -1.05504270e-01  2.49900000e-08  3.29947205e+00  2.49900000e-08  3.70513241e-01  2.49900000e-08  3.70709463e-01  2.49900000e-08  3.30000000e+00  2.49900000e-08  3.30000000e+00 
 2.50100000e-08 -1.05780110e-01  2.50100000e-08  3.29947763e+00  2.50100000e-08  3.67155190e-01  2.50100000e-08  3.67346032e-01  2.50100000e-08  3.30000000e+00  2.50100000e-08  3.30000000e+00 
 2.50300000e-08 -1.06048688e-01  2.50300000e-08  3.29948516e+00  2.50300000e-08  3.63827609e-01  2.50300000e-08  3.64012690e-01  2.50300000e-08  3.30000000e+00  2.50300000e-08  3.30000000e+00 
 2.50500000e-08 -1.06316970e-01  2.50500000e-08  3.29949082e+00  2.50500000e-08  3.60528961e-01  2.50500000e-08  3.60709128e-01  2.50500000e-08  3.30000000e+00  2.50500000e-08  3.30000000e+00 
 2.50700000e-08 -1.06578083e-01  2.50700000e-08  3.29949839e+00  2.50700000e-08  3.57260218e-01  2.50700000e-08  3.57435063e-01  2.50700000e-08  3.30000000e+00  2.50700000e-08  3.30000000e+00 
 2.50900000e-08 -1.06838992e-01  2.50900000e-08  3.29950406e+00  2.50900000e-08  3.54019851e-01  2.50900000e-08  3.54190201e-01  2.50900000e-08  3.30000000e+00  2.50900000e-08  3.30000000e+00 
 2.51100000e-08 -1.07092836e-01  2.51100000e-08  3.29951160e+00  2.51100000e-08  3.50808847e-01  2.51100000e-08  3.50974266e-01  2.51100000e-08  3.30000000e+00  2.51100000e-08  3.30000000e+00 
 2.51300000e-08 -1.07346580e-01  2.51300000e-08  3.29951720e+00  2.51300000e-08  3.47625680e-01  2.51300000e-08  3.47786978e-01  2.51300000e-08  3.30000000e+00  2.51300000e-08  3.30000000e+00 
 2.51500000e-08 -1.07593372e-01  2.51500000e-08  3.29952466e+00  2.51500000e-08  3.44471349e-01  2.51500000e-08  3.44628069e-01  2.51500000e-08  3.30000000e+00  2.51500000e-08  3.30000000e+00 
 2.51700000e-08 -1.07840173e-01  2.51700000e-08  3.29953016e+00  2.51700000e-08  3.41344336e-01  2.51700000e-08  3.41497272e-01  2.51700000e-08  3.30000000e+00  2.51700000e-08  3.30000000e+00 
 2.51900000e-08 -1.08080140e-01  2.51900000e-08  3.29953750e+00  2.51900000e-08  3.38245649e-01  2.51900000e-08  3.38394323e-01  2.51900000e-08  3.30000000e+00  2.51900000e-08  3.30000000e+00 
 2.52100000e-08 -1.08320229e-01  2.52100000e-08  3.29954286e+00  2.52100000e-08  3.35173775e-01  2.52100000e-08  3.35318968e-01  2.52100000e-08  3.30000000e+00  2.52100000e-08  3.30000000e+00 
 2.52300000e-08 -1.08553605e-01  2.52300000e-08  3.29955005e+00  2.52300000e-08  3.32129732e-01  2.52300000e-08  3.32270949e-01  2.52300000e-08  3.30000000e+00  2.52300000e-08  3.30000000e+00 
 2.52500000e-08 -1.08787217e-01  2.52500000e-08  3.29955525e+00  2.52500000e-08  3.29112010e-01  2.52500000e-08  3.29250020e-01  2.52500000e-08  3.30000000e+00  2.52500000e-08  3.30000000e+00 
 2.52700000e-08 -1.09014235e-01  2.52700000e-08  3.29956227e+00  2.52700000e-08  3.26121637e-01  2.52700000e-08  3.26255931e-01  2.52700000e-08  3.30000000e+00  2.52700000e-08  3.30000000e+00 
 2.52900000e-08 -1.09241604e-01  2.52900000e-08  3.29956730e+00  2.52900000e-08  3.23157109e-01  2.52900000e-08  3.23288443e-01  2.52900000e-08  3.30000000e+00  2.52900000e-08  3.30000000e+00 
 2.53100000e-08 -1.09462499e-01  2.53100000e-08  3.29957414e+00  2.53100000e-08  3.20219460e-01  2.53100000e-08  3.20347313e-01  2.53100000e-08  3.30000000e+00  2.53100000e-08  3.30000000e+00 
 2.53300000e-08 -1.09683857e-01  2.53300000e-08  3.29957897e+00  2.53300000e-08  3.17307189e-01  2.53300000e-08  3.17432308e-01  2.53300000e-08  3.30000000e+00  2.53300000e-08  3.30000000e+00 
 2.53500000e-08 -1.09898857e-01  2.53500000e-08  3.29958563e+00  2.53500000e-08  3.14421340e-01  2.53500000e-08  3.14543191e-01  2.53500000e-08  3.30000000e+00  2.53500000e-08  3.30000000e+00 
 2.53700000e-08 -1.10114429e-01  2.53700000e-08  3.29959027e+00  2.53700000e-08  3.11560415e-01  2.53700000e-08  3.11679737e-01  2.53700000e-08  3.30000000e+00  2.53700000e-08  3.30000000e+00 
 2.53900000e-08 -1.10323757e-01  2.53900000e-08  3.29959673e+00  2.53900000e-08  3.08725464e-01  2.53900000e-08  3.08841712e-01  2.53900000e-08  3.30000000e+00  2.53900000e-08  3.30000000e+00 
 2.54100000e-08 -1.10533762e-01  2.54100000e-08  3.29960118e+00  2.54100000e-08  3.05914993e-01  2.54100000e-08  3.06028899e-01  2.54100000e-08  3.30000000e+00  2.54100000e-08  3.30000000e+00 
 2.54300000e-08 -1.10737634e-01  2.54300000e-08  3.29960745e+00  2.54300000e-08  3.03130058e-01  2.54300000e-08  3.03241067e-01  2.54300000e-08  3.30000000e+00  2.54300000e-08  3.30000000e+00 
 2.54500000e-08 -1.10942284e-01  2.54500000e-08  3.29961170e+00  2.54500000e-08  3.00369169e-01  2.54500000e-08  3.00478007e-01  2.54500000e-08  3.30000000e+00  2.54500000e-08  3.30000000e+00 
 2.54700000e-08 -1.11140907e-01  2.54700000e-08  3.29961778e+00  2.54700000e-08  2.97633387e-01  2.54700000e-08  2.97739491e-01  2.54700000e-08  3.30000000e+00  2.54700000e-08  3.30000000e+00 
 2.54900000e-08 -1.11340406e-01  2.54900000e-08  3.29962184e+00  2.54900000e-08  2.94921226e-01  2.54900000e-08  2.95025316e-01  2.54900000e-08  3.30000000e+00  2.54900000e-08  3.30000000e+00 
 2.55100000e-08 -1.11533978e-01  2.55100000e-08  3.29962774e+00  2.55100000e-08  2.92233754e-01  2.55100000e-08  2.92335257e-01  2.55100000e-08  3.30000000e+00  2.55100000e-08  3.30000000e+00 
 2.55300000e-08 -1.11728519e-01  2.55300000e-08  3.29963161e+00  2.55300000e-08  2.89569486e-01  2.55300000e-08  2.89669119e-01  2.55300000e-08  3.30000000e+00  2.55300000e-08  3.30000000e+00 
 2.55500000e-08 -1.11917231e-01  2.55500000e-08  3.29963733e+00  2.55500000e-08  2.86929495e-01  2.55500000e-08  2.87026678e-01  2.55500000e-08  3.30000000e+00  2.55500000e-08  3.30000000e+00 
 2.55700000e-08 -1.12107000e-01  2.55700000e-08  3.29964102e+00  2.55700000e-08  2.84312300e-01  2.55700000e-08  2.84407744e-01  2.55700000e-08  3.30000000e+00  2.55700000e-08  3.30000000e+00 
 2.55900000e-08 -1.12291032e-01  2.55900000e-08  3.29964656e+00  2.55900000e-08  2.81718978e-01  2.55900000e-08  2.81812099e-01  2.55900000e-08  3.30000000e+00  2.55900000e-08  3.30000000e+00 
 2.56100000e-08 -1.12476206e-01  2.56100000e-08  3.29965009e+00  2.56100000e-08  2.79148053e-01  2.56100000e-08  2.79239556e-01  2.56100000e-08  3.30000000e+00  2.56100000e-08  3.30000000e+00 
 2.56300000e-08 -1.12655730e-01  2.56300000e-08  3.29965545e+00  2.56300000e-08  2.76600605e-01  2.56300000e-08  2.76689900e-01  2.56300000e-08  3.30000000e+00  2.56300000e-08  3.30000000e+00 
 2.56500000e-08 -1.12836476e-01  2.56500000e-08  3.29965881e+00  2.56500000e-08  2.74075160e-01  2.56500000e-08  2.74162950e-01  2.56500000e-08  3.30000000e+00  2.56500000e-08  3.30000000e+00 
 2.56700000e-08 -1.13011656e-01  2.56700000e-08  3.29966402e+00  2.56700000e-08  2.71572805e-01  2.56700000e-08  2.71658494e-01  2.56700000e-08  3.30000000e+00  2.56700000e-08  3.30000000e+00 
 2.56900000e-08 -1.13188134e-01  2.56900000e-08  3.29966722e+00  2.56900000e-08  2.69092067e-01  2.56900000e-08  2.69176354e-01  2.56900000e-08  3.30000000e+00  2.56900000e-08  3.30000000e+00 
 2.57100000e-08 -1.13359124e-01  2.57100000e-08  3.29967227e+00  2.57100000e-08  2.66634037e-01  2.57100000e-08  2.66716322e-01  2.57100000e-08  3.30000000e+00  2.57100000e-08  3.30000000e+00 
 2.57300000e-08 -1.13531484e-01  2.57300000e-08  3.29967532e+00  2.57300000e-08  2.64197245e-01  2.57300000e-08  2.64278224e-01  2.57300000e-08  3.30000000e+00  2.57300000e-08  3.30000000e+00 
 2.57500000e-08 -1.13698432e-01  2.57500000e-08  3.29968022e+00  2.57500000e-08  2.61782787e-01  2.57500000e-08  2.61861855e-01  2.57500000e-08  3.30000000e+00  2.57500000e-08  3.30000000e+00 
 2.57700000e-08 -1.13866817e-01  2.57700000e-08  3.29968313e+00  2.57700000e-08  2.59389194e-01  2.57700000e-08  2.59467046e-01  2.57700000e-08  3.30000000e+00  2.57700000e-08  3.30000000e+00 
 2.57900000e-08 -1.14029862e-01  2.57900000e-08  3.29968789e+00  2.57900000e-08  2.57017567e-01  2.57900000e-08  2.57093593e-01  2.57900000e-08  3.30000000e+00  2.57900000e-08  3.30000000e+00 
 2.58100000e-08 -1.14194409e-01  2.58100000e-08  3.29969066e+00  2.58100000e-08  2.54666440e-01  2.58100000e-08  2.54741331e-01  2.58100000e-08  3.30000000e+00  2.58100000e-08  3.30000000e+00 
 2.58300000e-08 -1.14353682e-01  2.58300000e-08  3.29969529e+00  2.58300000e-08  2.52336917e-01  2.58300000e-08  2.52410061e-01  2.58300000e-08  3.30000000e+00  2.58300000e-08  3.30000000e+00 
 2.58500000e-08 -1.14514518e-01  2.58500000e-08  3.29969793e+00  2.58500000e-08  2.50027534e-01  2.58500000e-08  2.50099620e-01  2.58500000e-08  3.30000000e+00  2.58500000e-08  3.30000000e+00 
 2.58700000e-08 -1.14670146e-01  2.58700000e-08  3.29970243e+00  2.58700000e-08  2.47739398e-01  2.58700000e-08  2.47809811e-01  2.58700000e-08  3.30000000e+00  2.58700000e-08  3.30000000e+00 
 2.58900000e-08 -1.14827393e-01  2.58900000e-08  3.29970494e+00  2.58900000e-08  2.45471050e-01  2.58900000e-08  2.45540476e-01  2.58900000e-08  3.30000000e+00  2.58900000e-08  3.30000000e+00 
 2.59100000e-08 -1.14979493e-01  2.59100000e-08  3.29970933e+00  2.59100000e-08  2.43223599e-01  2.59100000e-08  2.43291420e-01  2.59100000e-08  3.30000000e+00  2.59100000e-08  3.30000000e+00 
 2.59300000e-08 -1.15133267e-01  2.59300000e-08  3.29971172e+00  2.59300000e-08  2.40995588e-01  2.59300000e-08  2.41062489e-01  2.59300000e-08  3.30000000e+00  2.59300000e-08  3.30000000e+00 
 2.59500000e-08 -1.15281952e-01  2.59500000e-08  3.29971600e+00  2.59500000e-08  2.38788131e-01  2.59500000e-08  2.38853490e-01  2.59500000e-08  3.30000000e+00  2.59500000e-08  3.30000000e+00 
 2.59700000e-08 -1.15432362e-01  2.59700000e-08  3.29971828e+00  2.59700000e-08  2.36599771e-01  2.59700000e-08  2.36664273e-01  2.59700000e-08  3.30000000e+00  2.59700000e-08  3.30000000e+00 
 2.59900000e-08 -1.15577739e-01  2.59900000e-08  3.29972244e+00  2.59900000e-08  2.34431626e-01  2.59900000e-08  2.34494646e-01  2.59900000e-08  3.30000000e+00  2.59900000e-08  3.30000000e+00 
 2.60100000e-08 -1.15724889e-01  2.60100000e-08  3.29972462e+00  2.60100000e-08  2.32282243e-01  2.60100000e-08  2.32344463e-01  2.60100000e-08  3.30000000e+00  2.60100000e-08  3.30000000e+00 
 2.60300000e-08 -1.15867059e-01  2.60300000e-08  3.29972868e+00  2.60300000e-08  2.30152742e-01  2.60300000e-08  2.30213536e-01  2.60300000e-08  3.30000000e+00  2.60300000e-08  3.30000000e+00 
 2.60500000e-08 -1.16011049e-01  2.60500000e-08  3.29973075e+00  2.60500000e-08  2.28041672e-01  2.60500000e-08  2.28101721e-01  2.60500000e-08  3.30000000e+00  2.60500000e-08  3.30000000e+00 
 2.60700000e-08 -1.16150108e-01  2.60700000e-08  3.29973472e+00  2.60700000e-08  2.25950156e-01  2.60700000e-08  2.26008831e-01  2.60700000e-08  3.30000000e+00  2.60700000e-08  3.30000000e+00 
 2.60900000e-08 -1.16291030e-01  2.60900000e-08  3.29973670e+00  2.60900000e-08  2.23876746e-01  2.60900000e-08  2.23934727e-01  2.60900000e-08  3.30000000e+00  2.60900000e-08  3.30000000e+00 
 2.61100000e-08 -1.16427070e-01  2.61100000e-08  3.29974057e+00  2.61100000e-08  2.21822568e-01  2.61100000e-08  2.21879224e-01  2.61100000e-08  3.30000000e+00  2.61100000e-08  3.30000000e+00 
 2.61300000e-08 -1.16565014e-01  2.61300000e-08  3.29974246e+00  2.61300000e-08  2.19786176e-01  2.61300000e-08  2.19842185e-01  2.61300000e-08  3.30000000e+00  2.61300000e-08  3.30000000e+00 
 2.61500000e-08 -1.16698122e-01  2.61500000e-08  3.29974625e+00  2.61500000e-08  2.17768698e-01  2.61500000e-08  2.17823428e-01  2.61500000e-08  3.30000000e+00  2.61500000e-08  3.30000000e+00 
 2.61700000e-08 -1.16833174e-01  2.61700000e-08  3.29974805e+00  2.61700000e-08  2.15768692e-01  2.61700000e-08  2.15822819e-01  2.61700000e-08  3.30000000e+00  2.61700000e-08  3.30000000e+00 
 2.61900000e-08 -1.16963433e-01  2.61900000e-08  3.29975175e+00  2.61900000e-08  2.13787287e-01  2.61900000e-08  2.13840179e-01  2.61900000e-08  3.30000000e+00  2.61900000e-08  3.30000000e+00 
 2.62100000e-08 -1.17095674e-01  2.62100000e-08  3.29975347e+00  2.62100000e-08  2.11823044e-01  2.62100000e-08  2.11875376e-01  2.62100000e-08  3.30000000e+00  2.62100000e-08  3.30000000e+00 
 2.62300000e-08 -1.17223163e-01  2.62300000e-08  3.29975709e+00  2.62300000e-08  2.09877096e-01  2.62300000e-08  2.09928233e-01  2.62300000e-08  3.30000000e+00  2.62300000e-08  3.30000000e+00 
 2.62500000e-08 -1.17352669e-01  2.62500000e-08  3.29975873e+00  2.62500000e-08  2.07948005e-01  2.62500000e-08  2.07998621e-01  2.62500000e-08  3.30000000e+00  2.62500000e-08  3.30000000e+00 
 2.62700000e-08 -1.17477464e-01  2.62700000e-08  3.29976228e+00  2.62700000e-08  2.06036906e-01  2.62700000e-08  2.06086365e-01  2.62700000e-08  3.30000000e+00  2.62700000e-08  3.30000000e+00 
 2.62900000e-08 -1.17604311e-01  2.62900000e-08  3.29976385e+00  2.62900000e-08  2.04142364e-01  2.62900000e-08  2.04191340e-01  2.62900000e-08  3.30000000e+00  2.62900000e-08  3.30000000e+00 
 2.63100000e-08 -1.17726484e-01  2.63100000e-08  3.29976732e+00  2.63100000e-08  2.02265517e-01  2.63100000e-08  2.02313372e-01  2.63100000e-08  3.30000000e+00  2.63100000e-08  3.30000000e+00 
 2.63300000e-08 -1.17850741e-01  2.63300000e-08  3.29976882e+00  2.63300000e-08  2.00404931e-01  2.63300000e-08  2.00452338e-01  2.63300000e-08  3.30000000e+00  2.63300000e-08  3.30000000e+00 
 2.63500000e-08 -1.17970362e-01  2.63500000e-08  3.29977222e+00  2.63500000e-08  1.98561748e-01  2.63500000e-08  1.98608068e-01  2.63500000e-08  3.30000000e+00  2.63500000e-08  3.30000000e+00 
 2.63700000e-08 -1.18092096e-01  2.63700000e-08  3.29977365e+00  2.63700000e-08  1.96734536e-01  2.63700000e-08  1.96780441e-01  2.63700000e-08  3.30000000e+00  2.63700000e-08  3.30000000e+00 
 2.63900000e-08 -1.18209231e-01  2.63900000e-08  3.29977699e+00  2.63900000e-08  1.94924438e-01  2.63900000e-08  1.94969288e-01  2.63900000e-08  3.30000000e+00  2.63900000e-08  3.30000000e+00 
 2.64100000e-08 -1.18328509e-01  2.64100000e-08  3.29977835e+00  2.64100000e-08  1.93130025e-01  2.64100000e-08  1.93174491e-01  2.64100000e-08  3.30000000e+00  2.64100000e-08  3.30000000e+00 
 2.64300000e-08 -1.18443220e-01  2.64300000e-08  3.29978163e+00  2.64300000e-08  1.91352443e-01  2.64300000e-08  1.91395885e-01  2.64300000e-08  3.30000000e+00  2.64300000e-08  3.30000000e+00 
 2.64500000e-08 -1.18560104e-01  2.64500000e-08  3.29978293e+00  2.64500000e-08  1.89590264e-01  2.64500000e-08  1.89633352e-01  2.64500000e-08  3.30000000e+00  2.64500000e-08  3.30000000e+00 
 2.64700000e-08 -1.18672453e-01  2.64700000e-08  3.29978615e+00  2.64700000e-08  1.87844638e-01  2.64700000e-08  1.87886730e-01  2.64700000e-08  3.30000000e+00  2.64700000e-08  3.30000000e+00 
 2.64900000e-08 -1.18787001e-01  2.64900000e-08  3.29978739e+00  2.64900000e-08  1.86114138e-01  2.64900000e-08  1.86155904e-01  2.64900000e-08  3.30000000e+00  2.64900000e-08  3.30000000e+00 
 2.65100000e-08 -1.18897048e-01  2.65100000e-08  3.29979055e+00  2.65100000e-08  1.84399916e-01  2.65100000e-08  1.84440713e-01  2.65100000e-08  3.30000000e+00  2.65100000e-08  3.30000000e+00 
 2.65300000e-08 -1.19009318e-01  2.65300000e-08  3.29979173e+00  2.65300000e-08  1.82700547e-01  2.65300000e-08  1.82741045e-01  2.65300000e-08  3.30000000e+00  2.65300000e-08  3.30000000e+00 
 2.65500000e-08 -1.19117118e-01  2.65500000e-08  3.29979484e+00  2.65500000e-08  1.81017187e-01  2.65500000e-08  1.81056741e-01  2.65500000e-08  3.30000000e+00  2.65500000e-08  3.30000000e+00 
 2.65700000e-08 -1.19227166e-01  2.65700000e-08  3.29979596e+00  2.65700000e-08  1.79348412e-01  2.65700000e-08  1.79387692e-01  2.65700000e-08  3.30000000e+00  2.65700000e-08  3.30000000e+00 
 2.65900000e-08 -1.19332772e-01  2.65900000e-08  3.29979902e+00  2.65900000e-08  1.77695379e-01  2.65900000e-08  1.77733740e-01  2.65900000e-08  3.30000000e+00  2.65900000e-08  3.30000000e+00 
 2.66100000e-08 -1.19440651e-01  2.66100000e-08  3.29980009e+00  2.66100000e-08  1.76056667e-01  2.66100000e-08  1.76094779e-01  2.66100000e-08  3.30000000e+00  2.66100000e-08  3.30000000e+00 
 2.66300000e-08 -1.19544116e-01  2.66300000e-08  3.29980310e+00  2.66300000e-08  1.74433437e-01  2.66300000e-08  1.74470652e-01  2.66300000e-08  3.30000000e+00  2.66300000e-08  3.30000000e+00 
 2.66500000e-08 -1.19649877e-01  2.66500000e-08  3.29980412e+00  2.66500000e-08  1.72824268e-01  2.66500000e-08  1.72861256e-01  2.66500000e-08  3.30000000e+00  2.66500000e-08  3.30000000e+00 
 2.66700000e-08 -1.19751252e-01  2.66700000e-08  3.29980707e+00  2.66700000e-08  1.71230322e-01  2.66700000e-08  1.71266436e-01  2.66700000e-08  3.30000000e+00  2.66700000e-08  3.30000000e+00 
 2.66900000e-08 -1.19854944e-01  2.66900000e-08  3.29980805e+00  2.66900000e-08  1.69650183e-01  2.66900000e-08  1.69686091e-01  2.66900000e-08  3.30000000e+00  2.66900000e-08  3.30000000e+00 
 2.67100000e-08 -1.19954277e-01  2.67100000e-08  3.29981095e+00  2.67100000e-08  1.68085014e-01  2.67100000e-08  1.68120068e-01  2.67100000e-08  3.30000000e+00  2.67100000e-08  3.30000000e+00 
 2.67300000e-08 -1.20055948e-01  2.67300000e-08  3.29981188e+00  2.67300000e-08  1.66533400e-01  2.67300000e-08  1.66568269e-01  2.67300000e-08  3.30000000e+00  2.67300000e-08  3.30000000e+00 
 2.67500000e-08 -1.20153286e-01  2.67500000e-08  3.29981474e+00  2.67500000e-08  1.64996507e-01  2.67500000e-08  1.65030542e-01  2.67500000e-08  3.30000000e+00  2.67500000e-08  3.30000000e+00 
 2.67700000e-08 -1.20252983e-01  2.67700000e-08  3.29981562e+00  2.67700000e-08  1.63472922e-01  2.67700000e-08  1.63506791e-01  2.67700000e-08  3.30000000e+00  2.67700000e-08  3.30000000e+00 
 2.67900000e-08 -1.20348371e-01  2.67900000e-08  3.29981844e+00  2.67900000e-08  1.61963812e-01  2.67900000e-08  1.61996866e-01  2.67900000e-08  3.30000000e+00  2.67900000e-08  3.30000000e+00 
 2.68100000e-08 -1.20446137e-01  2.68100000e-08  3.29981928e+00  2.68100000e-08  1.60467767e-01  2.68100000e-08  1.60500673e-01  2.68100000e-08  3.30000000e+00  2.68100000e-08  3.30000000e+00 
 2.68300000e-08 -1.20539620e-01  2.68300000e-08  3.29982206e+00  2.68300000e-08  1.58985956e-01  2.68300000e-08  1.59018066e-01  2.68300000e-08  3.30000000e+00  2.68300000e-08  3.30000000e+00 
 2.68500000e-08 -1.20635499e-01  2.68500000e-08  3.29982285e+00  2.68500000e-08  1.57516971e-01  2.68500000e-08  1.57548950e-01  2.68500000e-08  3.30000000e+00  2.68500000e-08  3.30000000e+00 
 2.68700000e-08 -1.20727118e-01  2.68700000e-08  3.29982559e+00  2.68700000e-08  1.56061982e-01  2.68700000e-08  1.56093182e-01  2.68700000e-08  3.30000000e+00  2.68700000e-08  3.30000000e+00 
 2.68900000e-08 -1.20821151e-01  2.68900000e-08  3.29982634e+00  2.68900000e-08  1.54619583e-01  2.68900000e-08  1.54650669e-01  2.68900000e-08  3.30000000e+00  2.68900000e-08  3.30000000e+00 
 2.69100000e-08 -1.20910948e-01  2.69100000e-08  3.29982904e+00  2.69100000e-08  1.53190948e-01  2.69100000e-08  1.53221270e-01  2.69100000e-08  3.30000000e+00  2.69100000e-08  3.30000000e+00 
 2.69300000e-08 -1.21003177e-01  2.69300000e-08  3.29982975e+00  2.69300000e-08  1.51774671e-01  2.69300000e-08  1.51804896e-01  2.69300000e-08  3.30000000e+00  2.69300000e-08  3.30000000e+00 
 2.69500000e-08 -1.21091191e-01  2.69500000e-08  3.29983241e+00  2.69500000e-08  1.50371927e-01  2.69500000e-08  1.50401404e-01  2.69500000e-08  3.30000000e+00  2.69500000e-08  3.30000000e+00 
 2.69700000e-08 -1.21181654e-01  2.69700000e-08  3.29983308e+00  2.69700000e-08  1.48981314e-01  2.69700000e-08  1.49010709e-01  2.69700000e-08  3.30000000e+00  2.69700000e-08  3.30000000e+00 
 2.69900000e-08 -1.21267925e-01  2.69900000e-08  3.29983571e+00  2.69900000e-08  1.47604008e-01  2.69900000e-08  1.47632670e-01  2.69900000e-08  3.30000000e+00  2.69900000e-08  3.30000000e+00 
 2.70100000e-08 -1.21356661e-01  2.70100000e-08  3.29983635e+00  2.70100000e-08  1.46238609e-01  2.70100000e-08  1.46267202e-01  2.70100000e-08  3.30000000e+00  2.70100000e-08  3.30000000e+00 
 2.70300000e-08 -1.21441225e-01  2.70300000e-08  3.29983893e+00  2.70300000e-08  1.44886294e-01  2.70300000e-08  1.44914169e-01  2.70300000e-08  3.30000000e+00  2.70300000e-08  3.30000000e+00 
 2.70500000e-08 -1.21528270e-01  2.70500000e-08  3.29983953e+00  2.70500000e-08  1.43545666e-01  2.70500000e-08  1.43573487e-01  2.70500000e-08  3.30000000e+00  2.70500000e-08  3.30000000e+00 
 2.70700000e-08 -1.21611165e-01  2.70700000e-08  3.29984208e+00  2.70700000e-08  1.42217904e-01  2.70700000e-08  1.42245019e-01  2.70700000e-08  3.30000000e+00  2.70700000e-08  3.30000000e+00 
 2.70900000e-08 -1.21696555e-01  2.70900000e-08  3.29984265e+00  2.70900000e-08  1.40901611e-01  2.70900000e-08  1.40928686e-01  2.70900000e-08  3.30000000e+00  2.70900000e-08  3.30000000e+00 
 2.71100000e-08 -1.21777815e-01  2.71100000e-08  3.29984517e+00  2.71100000e-08  1.39597969e-01  2.71100000e-08  1.39624351e-01  2.71100000e-08  3.30000000e+00  2.71100000e-08  3.30000000e+00 
 2.71300000e-08 -1.21861586e-01  2.71300000e-08  3.29984570e+00  2.71300000e-08  1.38305583e-01  2.71300000e-08  1.38331937e-01  2.71300000e-08  3.30000000e+00  2.71300000e-08  3.30000000e+00 
 2.71500000e-08 -1.21941246e-01  2.71500000e-08  3.29984819e+00  2.71500000e-08  1.37025637e-01  2.71500000e-08  1.37051311e-01  2.71500000e-08  3.30000000e+00  2.71500000e-08  3.30000000e+00 
 2.71700000e-08 -1.22023431e-01  2.71700000e-08  3.29984869e+00  2.71700000e-08  1.35756737e-01  2.71700000e-08  1.35782395e-01  2.71700000e-08  3.30000000e+00  2.71700000e-08  3.30000000e+00 
 2.71900000e-08 -1.22101525e-01  2.71900000e-08  3.29985114e+00  2.71900000e-08  1.34500068e-01  2.71900000e-08  1.34525058e-01  2.71900000e-08  3.30000000e+00  2.71900000e-08  3.30000000e+00 
 2.72100000e-08 -1.22182158e-01  2.72100000e-08  3.29985161e+00  2.72100000e-08  1.33254239e-01  2.72100000e-08  1.33279224e-01  2.72100000e-08  3.30000000e+00  2.72100000e-08  3.30000000e+00 
 2.72300000e-08 -1.22258718e-01  2.72300000e-08  3.29985404e+00  2.72300000e-08  1.32020437e-01  2.72300000e-08  1.32044765e-01  2.72300000e-08  3.30000000e+00  2.72300000e-08  3.30000000e+00 
 2.72500000e-08 -1.22337830e-01  2.72500000e-08  3.29985447e+00  2.72500000e-08  1.30797272e-01  2.72500000e-08  1.30821607e-01  2.72500000e-08  3.30000000e+00  2.72500000e-08  3.30000000e+00 
 2.72700000e-08 -1.22412888e-01  2.72700000e-08  3.29985687e+00  2.72700000e-08  1.29585932e-01  2.72700000e-08  1.29609621e-01  2.72700000e-08  3.30000000e+00  2.72700000e-08  3.30000000e+00 
 2.72900000e-08 -1.22490510e-01  2.72900000e-08  3.29985727e+00  2.72900000e-08  1.28385029e-01  2.72900000e-08  1.28408736e-01  2.72900000e-08  3.30000000e+00  2.72900000e-08  3.30000000e+00 
 2.73100000e-08 -1.22564097e-01  2.73100000e-08  3.29985964e+00  2.73100000e-08  1.27195754e-01  2.73100000e-08  1.27218825e-01  2.73100000e-08  3.30000000e+00  2.73100000e-08  3.30000000e+00 
 2.73300000e-08 -1.22640261e-01  2.73300000e-08  3.29986002e+00  2.73300000e-08  1.26016721e-01  2.73300000e-08  1.26039818e-01  2.73300000e-08  3.30000000e+00  2.73300000e-08  3.30000000e+00 
 2.73500000e-08 -1.22712407e-01  2.73500000e-08  3.29986235e+00  2.73500000e-08  1.24849120e-01  2.73500000e-08  1.24871592e-01  2.73500000e-08  3.30000000e+00  2.73500000e-08  3.30000000e+00 
 2.73700000e-08 -1.22787142e-01  2.73700000e-08  3.29986270e+00  2.73700000e-08  1.23691567e-01  2.73700000e-08  1.23714076e-01  2.73700000e-08  3.30000000e+00  2.73700000e-08  3.30000000e+00 
 2.73900000e-08 -1.22857877e-01  2.73900000e-08  3.29986501e+00  2.73900000e-08  1.22545256e-01  2.73900000e-08  1.22567149e-01  2.73900000e-08  3.30000000e+00  2.73900000e-08  3.30000000e+00 
 2.74100000e-08 -1.22931212e-01  2.74100000e-08  3.29986533e+00  2.74100000e-08  1.21408803e-01  2.74100000e-08  1.21430742e-01  2.74100000e-08  3.30000000e+00  2.74100000e-08  3.30000000e+00 
 2.74300000e-08 -1.23000563e-01  2.74300000e-08  3.29986761e+00  2.74300000e-08  1.20283403e-01  2.74300000e-08  1.20304736e-01  2.74300000e-08  3.30000000e+00  2.74300000e-08  3.30000000e+00 
 2.74500000e-08 -1.23072527e-01  2.74500000e-08  3.29986790e+00  2.74500000e-08  1.19167676e-01  2.74500000e-08  1.19189063e-01  2.74500000e-08  3.30000000e+00  2.74500000e-08  3.30000000e+00 
 2.74700000e-08 -1.23140523e-01  2.74700000e-08  3.29987016e+00  2.74700000e-08  1.18062816e-01  2.74700000e-08  1.18083605e-01  2.74700000e-08  3.30000000e+00  2.74700000e-08  3.30000000e+00 
 2.74900000e-08 -1.23211143e-01  2.74900000e-08  3.29987043e+00  2.74900000e-08  1.16967445e-01  2.74900000e-08  1.16988298e-01  2.74900000e-08  3.30000000e+00  2.74900000e-08  3.30000000e+00 
 2.75100000e-08 -1.23277811e-01  2.75100000e-08  3.29987266e+00  2.75100000e-08  1.15882760e-01  2.75100000e-08  1.15903023e-01  2.75100000e-08  3.30000000e+00  2.75100000e-08  3.30000000e+00 
 2.75300000e-08 -1.23347114e-01  2.75300000e-08  3.29987290e+00  2.75300000e-08  1.14807383e-01  2.75300000e-08  1.14827719e-01  2.75300000e-08  3.30000000e+00  2.75300000e-08  3.30000000e+00 
 2.75500000e-08 -1.23412481e-01  2.75500000e-08  3.29987510e+00  2.75500000e-08  1.13742513e-01  2.75500000e-08  1.13762267e-01  2.75500000e-08  3.30000000e+00  2.75500000e-08  3.30000000e+00 
 2.75700000e-08 -1.23480493e-01  2.75700000e-08  3.29987532e+00  2.75700000e-08  1.12686774e-01  2.75700000e-08  1.12706609e-01  2.75700000e-08  3.30000000e+00  2.75700000e-08  3.30000000e+00 
 2.75900000e-08 -1.23544586e-01  2.75900000e-08  3.29987750e+00  2.75900000e-08  1.11641367e-01  2.75900000e-08  1.11660627e-01  2.75900000e-08  3.30000000e+00  2.75900000e-08  3.30000000e+00 
 2.76100000e-08 -1.23611333e-01  2.76100000e-08  3.29987769e+00  2.76100000e-08  1.10604916e-01  2.76100000e-08  1.10624264e-01  2.76100000e-08  3.30000000e+00  2.76100000e-08  3.30000000e+00 
 2.76300000e-08 -1.23674175e-01  2.76300000e-08  3.29987985e+00  2.76300000e-08  1.09578623e-01  2.76300000e-08  1.09597405e-01  2.76300000e-08  3.30000000e+00  2.76300000e-08  3.30000000e+00 
 2.76500000e-08 -1.23739682e-01  2.76500000e-08  3.29988002e+00  2.76500000e-08  1.08561116e-01  2.76500000e-08  1.08579993e-01  2.76500000e-08  3.30000000e+00  2.76500000e-08  3.30000000e+00 
 2.76700000e-08 -1.23801300e-01  2.76700000e-08  3.29988215e+00  2.76700000e-08  1.07553597e-01  2.76700000e-08  1.07571915e-01  2.76700000e-08  3.30000000e+00  2.76700000e-08  3.30000000e+00 
 2.76850000e-08 -1.23849984e-01  2.76850000e-08  3.29988201e+00  2.76850000e-08  1.06803478e-01  2.76850000e-08  1.06821954e-01  2.76850000e-08  3.30000000e+00  2.76850000e-08  3.30000000e+00 
 2.77000000e-08 -1.23895055e-01  2.77000000e-08  3.29988385e+00  2.77000000e-08  1.06059177e-01  2.77000000e-08  1.06077156e-01  2.77000000e-08  3.30000000e+00  2.77000000e-08  3.30000000e+00 
 2.77020000e-08 -1.29563439e-01  2.77020000e-08  3.29331624e+00  2.77020000e-08  1.05907111e-01  2.77020000e-08  1.05921615e-01  2.77020000e-08  3.30000000e+00  2.77020000e-08  3.23400000e+00 
 2.77060000e-08 -1.40142756e-01  2.77060000e-08  3.28026124e+00  2.77060000e-08  1.05619692e-01  2.77060000e-08  1.05623826e-01  2.77060000e-08  3.30000000e+00  2.77060000e-08  3.10200000e+00 
 2.77140000e-08 -1.62263977e-01  2.77140000e-08  3.25197541e+00  2.77140000e-08  1.05097515e-01  2.77140000e-08  1.05071910e-01  2.77140000e-08  3.30000000e+00  2.77140000e-08  2.83800000e+00 
 2.77300000e-08 -2.29897907e-01  2.77300000e-08  3.14721098e+00  2.77300000e-08  1.04071014e-01  2.77300000e-08  1.03943943e-01  2.77300000e-08  3.30000000e+00  2.77300000e-08  2.31000000e+00 
 2.77500000e-08 -6.62494959e-02  2.77500000e-08  3.11357982e+00  2.77500000e-08  1.03921396e-01  2.77500000e-08  1.03851208e-01  2.77500000e-08  3.30000000e+00  2.77500000e-08  1.65000000e+00 
 2.77700000e-08  6.26672723e-01  2.77700000e-08  3.22853145e+00  2.77700000e-08  1.05395302e-01  2.77700000e-08  1.05615130e-01  2.77700000e-08  3.30000000e+00  2.77700000e-08  9.90000000e-01 
 2.77850000e-08  1.56241843e+00  2.77850000e-08  3.33556758e+00  2.77850000e-08  1.07017745e-01  2.77850000e-08  1.07335554e-01  2.77850000e-08  3.30000000e+00  2.77850000e-08  4.95000000e-01 
 2.78000000e-08  2.51031991e+00  2.78000000e-08  3.36054468e+00  2.78000000e-08  1.08413594e-01  2.78000000e-08  1.08452346e-01  2.78000000e-08  3.30000000e+00  2.78000000e-08  0.00000000e+00 
 2.78020000e-08  2.62589207e+00  2.78020000e-08  3.37092056e+00  2.78020000e-08  1.08528847e-01  2.78020000e-08  1.08521512e-01  2.78020000e-08  3.30000000e+00  2.78020000e-08  0.00000000e+00 
 2.78060000e-08  2.82647078e+00  2.78060000e-08  3.37696074e+00  2.78060000e-08  1.08647023e-01  2.78060000e-08  1.08582649e-01  2.78060000e-08  3.30000000e+00  2.78060000e-08  0.00000000e+00 
 2.78140000e-08  3.08249032e+00  2.78140000e-08  3.35593083e+00  2.78140000e-08  1.08475038e-01  2.78140000e-08  1.08390358e-01  2.78140000e-08  3.30000000e+00  2.78140000e-08  0.00000000e+00 
 2.78300000e-08  3.27168914e+00  2.78300000e-08  3.31935528e+00  2.78300000e-08  1.07504630e-01  2.78300000e-08  1.07457399e-01  2.78300000e-08  3.30000000e+00  2.78300000e-08  0.00000000e+00 
 2.78500000e-08  3.30053224e+00  2.78500000e-08  3.30261591e+00  2.78500000e-08  1.06200682e-01  2.78500000e-08  1.06198768e-01  2.78500000e-08  3.30000000e+00  2.78500000e-08  0.00000000e+00 
 2.78700000e-08  3.30021219e+00  2.78700000e-08  3.30025716e+00  2.78700000e-08  1.05114745e-01  2.78700000e-08  1.05127438e-01  2.78700000e-08  3.30000000e+00  2.78700000e-08  0.00000000e+00 
 2.78900000e-08  3.30003700e+00  2.78900000e-08  3.30004136e+00  2.78900000e-08  1.04119941e-01  2.78900000e-08  1.04135766e-01  2.78900000e-08  3.30000000e+00  2.78900000e-08  0.00000000e+00 
 2.79100000e-08  3.30000625e+00  2.79100000e-08  3.30000648e+00  2.79100000e-08  1.03148582e-01  2.79100000e-08  1.03165085e-01  2.79100000e-08  3.30000000e+00  2.79100000e-08  0.00000000e+00 
 2.79300000e-08  3.30000061e+00  2.79300000e-08  3.30000108e+00  2.79300000e-08  1.02188611e-01  2.79300000e-08  1.02205209e-01  2.79300000e-08  3.30000000e+00  2.79300000e-08  0.00000000e+00 
 2.79500000e-08  3.30000051e+00  2.79500000e-08  3.30000015e+00  2.79500000e-08  1.01237887e-01  2.79500000e-08  1.01254414e-01  2.79500000e-08  3.30000000e+00  2.79500000e-08  0.00000000e+00 
 2.79700000e-08  3.29999968e+00  2.79700000e-08  3.30000005e+00  2.79700000e-08  1.00296038e-01  2.79700000e-08  1.00312418e-01  2.79700000e-08  3.30000000e+00  2.79700000e-08  0.00000000e+00 
 2.79900000e-08  3.30000030e+00  2.79900000e-08  3.29999998e+00  2.79900000e-08  9.93628676e-02  2.79900000e-08  9.93790811e-02  2.79900000e-08  3.30000000e+00  2.79900000e-08  0.00000000e+00 
 2.80100000e-08  3.29999964e+00  2.80100000e-08  3.30000003e+00  2.80100000e-08  9.84383334e-02  2.80100000e-08  9.84543609e-02  2.80100000e-08  3.30000000e+00  2.80100000e-08  0.00000000e+00 
 2.80300000e-08  3.30000030e+00  2.80300000e-08  3.29999998e+00  2.80300000e-08  9.75223019e-02  2.80300000e-08  9.75381472e-02  2.80300000e-08  3.30000000e+00  2.80300000e-08  0.00000000e+00 
 2.80500000e-08  3.29999964e+00  2.80500000e-08  3.30000002e+00  2.80500000e-08  9.66147446e-02  2.80500000e-08  9.66303995e-02  2.80500000e-08  3.30000000e+00  2.80500000e-08  0.00000000e+00 
 2.80700000e-08  3.30000030e+00  2.80700000e-08  3.29999997e+00  2.80700000e-08  9.57155339e-02  2.80700000e-08  9.57310073e-02  2.80700000e-08  3.30000000e+00  2.80700000e-08  0.00000000e+00 
 2.80900000e-08  3.29999964e+00  2.80900000e-08  3.30000002e+00  2.80900000e-08  9.48246440e-02  2.80900000e-08  9.48399301e-02  2.80900000e-08  3.30000000e+00  2.80900000e-08  0.00000000e+00 
 2.81100000e-08  3.30000029e+00  2.81100000e-08  3.29999997e+00  2.81100000e-08  9.39419493e-02  2.81100000e-08  9.39570581e-02  2.81100000e-08  3.30000000e+00  2.81100000e-08  0.00000000e+00 
 2.81300000e-08  3.29999964e+00  2.81300000e-08  3.30000002e+00  2.81300000e-08  9.30674256e-02  2.81300000e-08  9.30823519e-02  2.81300000e-08  3.30000000e+00  2.81300000e-08  0.00000000e+00 
 2.81500000e-08  3.30000029e+00  2.81500000e-08  3.29999997e+00  2.81500000e-08  9.22009488e-02  2.81500000e-08  9.22157029e-02  2.81500000e-08  3.30000000e+00  2.81500000e-08  0.00000000e+00 
 2.81700000e-08  3.29999964e+00  2.81700000e-08  3.30000002e+00  2.81700000e-08  9.13424962e-02  2.81700000e-08  9.13570727e-02  2.81700000e-08  3.30000000e+00  2.81700000e-08  0.00000000e+00 
 2.81900000e-08  3.30000029e+00  2.81900000e-08  3.29999997e+00  2.81900000e-08  9.04919448e-02  2.81900000e-08  9.05063540e-02  2.81900000e-08  3.30000000e+00  2.81900000e-08  0.00000000e+00 
 2.82100000e-08  3.29999964e+00  2.82100000e-08  3.30000002e+00  2.82100000e-08  8.96492732e-02  2.82100000e-08  8.96635098e-02  2.82100000e-08  3.30000000e+00  2.82100000e-08  0.00000000e+00 
 2.82300000e-08  3.30000029e+00  2.82300000e-08  3.29999997e+00  2.82300000e-08  8.88143598e-02  2.82300000e-08  8.88284339e-02  2.82300000e-08  3.30000000e+00  2.82300000e-08  0.00000000e+00 
 2.82500000e-08  3.29999964e+00  2.82500000e-08  3.30000002e+00  2.82500000e-08  8.79871844e-02  2.82500000e-08  8.80010906e-02  2.82500000e-08  3.30000000e+00  2.82500000e-08  0.00000000e+00 
 2.82700000e-08  3.30000029e+00  2.82700000e-08  3.29999997e+00  2.82700000e-08  8.71676265e-02  2.82700000e-08  8.71813750e-02  2.82700000e-08  3.30000000e+00  2.82700000e-08  0.00000000e+00 
 2.82900000e-08  3.29999964e+00  2.82900000e-08  3.30000002e+00  2.82900000e-08  8.63556672e-02  2.82900000e-08  8.63692524e-02  2.82900000e-08  3.30000000e+00  2.82900000e-08  0.00000000e+00 
 2.83100000e-08  3.30000029e+00  2.83100000e-08  3.29999997e+00  2.83100000e-08  8.55511874e-02  2.83100000e-08  8.55646192e-02  2.83100000e-08  3.30000000e+00  2.83100000e-08  0.00000000e+00 
 2.83300000e-08  3.29999964e+00  2.83300000e-08  3.30000002e+00  2.83300000e-08  8.47541691e-02  2.83300000e-08  8.47674422e-02  2.83300000e-08  3.30000000e+00  2.83300000e-08  0.00000000e+00 
 2.83500000e-08  3.30000029e+00  2.83500000e-08  3.29999997e+00  2.83500000e-08  8.39644946e-02  2.83500000e-08  8.39776187e-02  2.83500000e-08  3.30000000e+00  2.83500000e-08  0.00000000e+00 
 2.83700000e-08  3.29999964e+00  2.83700000e-08  3.30000002e+00  2.83700000e-08  8.31821471e-02  2.83700000e-08  8.31951166e-02  2.83700000e-08  3.30000000e+00  2.83700000e-08  0.00000000e+00 
 2.83900000e-08  3.30000029e+00  2.83900000e-08  3.29999997e+00  2.83900000e-08  8.24070100e-02  2.83900000e-08  8.24198347e-02  2.83900000e-08  3.30000000e+00  2.83900000e-08  0.00000000e+00 
 2.84100000e-08  3.29999964e+00  2.84100000e-08  3.30000002e+00  2.84100000e-08  8.16390676e-02  2.84100000e-08  8.16517419e-02  2.84100000e-08  3.30000000e+00  2.84100000e-08  0.00000000e+00 
 2.84300000e-08  3.30000029e+00  2.84300000e-08  3.29999997e+00  2.84300000e-08  8.08782045e-02  2.84300000e-08  8.08907382e-02  2.84300000e-08  3.30000000e+00  2.84300000e-08  0.00000000e+00 
 2.84500000e-08  3.29999964e+00  2.84500000e-08  3.30000002e+00  2.84500000e-08  8.01244063e-02  2.84500000e-08  8.01367935e-02  2.84500000e-08  3.30000000e+00  2.84500000e-08  0.00000000e+00 
 2.84700000e-08  3.30000029e+00  2.84700000e-08  3.29999997e+00  2.84700000e-08  7.93775586e-02  2.84700000e-08  7.93898091e-02  2.84700000e-08  3.30000000e+00  2.84700000e-08  0.00000000e+00 
 2.84900000e-08  3.29999964e+00  2.84900000e-08  3.30000002e+00  2.84900000e-08  7.86376481e-02  2.84900000e-08  7.86497560e-02  2.84900000e-08  3.30000000e+00  2.84900000e-08  0.00000000e+00 
 2.85100000e-08  3.30000029e+00  2.85100000e-08  3.29999997e+00  2.85100000e-08  7.79045616e-02  2.85100000e-08  7.79165366e-02  2.85100000e-08  3.30000000e+00  2.85100000e-08  0.00000000e+00 
 2.85300000e-08  3.29999964e+00  2.85300000e-08  3.30000002e+00  2.85300000e-08  7.71782869e-02  2.85300000e-08  7.71901231e-02  2.85300000e-08  3.30000000e+00  2.85300000e-08  0.00000000e+00 
 2.85500000e-08  3.30000029e+00  2.85500000e-08  3.29999997e+00  2.85500000e-08  7.64587119e-02  2.85500000e-08  7.64704188e-02  2.85500000e-08  3.30000000e+00  2.85500000e-08  0.00000000e+00 
 2.85700000e-08  3.29999964e+00  2.85700000e-08  3.30000002e+00  2.85700000e-08  7.57458255e-02  2.85700000e-08  7.57573972e-02  2.85700000e-08  3.30000000e+00  2.85700000e-08  0.00000000e+00 
 2.85900000e-08  3.30000029e+00  2.85900000e-08  3.29999997e+00  2.85900000e-08  7.50395167e-02  2.85900000e-08  7.50509627e-02  2.85900000e-08  3.30000000e+00  2.85900000e-08  0.00000000e+00 
 2.86100000e-08  3.29999964e+00  2.86100000e-08  3.30000002e+00  2.86100000e-08  7.43397754e-02  2.86100000e-08  7.43510897e-02  2.86100000e-08  3.30000000e+00  2.86100000e-08  0.00000000e+00 
 2.86300000e-08  3.30000029e+00  2.86300000e-08  3.29999997e+00  2.86300000e-08  7.36464918e-02  2.86300000e-08  7.36576838e-02  2.86300000e-08  3.30000000e+00  2.86300000e-08  0.00000000e+00 
 2.86500000e-08  3.29999964e+00  2.86500000e-08  3.30000002e+00  2.86500000e-08  7.29596567e-02  2.86500000e-08  7.29707204e-02  2.86500000e-08  3.30000000e+00  2.86500000e-08  0.00000000e+00 
 2.86700000e-08  3.30000029e+00  2.86700000e-08  3.29999997e+00  2.86700000e-08  7.22791614e-02  2.86700000e-08  7.22901062e-02  2.86700000e-08  3.30000000e+00  2.86700000e-08  0.00000000e+00 
 2.86900000e-08  3.29999964e+00  2.86900000e-08  3.30000002e+00  2.86900000e-08  7.16049978e-02  2.86900000e-08  7.16158175e-02  2.86900000e-08  3.30000000e+00  2.86900000e-08  0.00000000e+00 
 2.87100000e-08  3.30000029e+00  2.87100000e-08  3.29999997e+00  2.87100000e-08  7.09370583e-02  2.87100000e-08  7.09477623e-02  2.87100000e-08  3.30000000e+00  2.87100000e-08  0.00000000e+00 
 2.87300000e-08  3.29999964e+00  2.87300000e-08  3.30000002e+00  2.87300000e-08  7.02753357e-02  2.87300000e-08  7.02859178e-02  2.87300000e-08  3.30000000e+00  2.87300000e-08  0.00000000e+00 
 2.87500000e-08  3.30000029e+00  2.87500000e-08  3.29999997e+00  2.87500000e-08  6.96197234e-02  2.87500000e-08  6.96301929e-02  2.87500000e-08  3.30000000e+00  2.87500000e-08  0.00000000e+00 
 2.87700000e-08  3.29999964e+00  2.87700000e-08  3.30000002e+00  2.87700000e-08  6.89702152e-02  2.87700000e-08  6.89805660e-02  2.87700000e-08  3.30000000e+00  2.87700000e-08  0.00000000e+00 
 2.87900000e-08  3.30000029e+00  2.87900000e-08  3.29999997e+00  2.87900000e-08  6.83267057e-02  2.87900000e-08  6.83369468e-02  2.87900000e-08  3.30000000e+00  2.87900000e-08  0.00000000e+00 
 2.88100000e-08  3.29999964e+00  2.88100000e-08  3.30000002e+00  2.88100000e-08  6.76891895e-02  2.88100000e-08  6.76993149e-02  2.88100000e-08  3.30000000e+00  2.88100000e-08  0.00000000e+00 
 2.88300000e-08  3.30000029e+00  2.88300000e-08  3.29999997e+00  2.88300000e-08  6.70575622e-02  2.88300000e-08  6.70675809e-02  2.88300000e-08  3.30000000e+00  2.88300000e-08  0.00000000e+00 
 2.88500000e-08  3.29999964e+00  2.88500000e-08  3.30000002e+00  2.88500000e-08  6.64318195e-02  2.88500000e-08  6.64417253e-02  2.88500000e-08  3.30000000e+00  2.88500000e-08  0.00000000e+00 
 2.88700000e-08  3.30000029e+00  2.88700000e-08  3.29999997e+00  2.88700000e-08  6.58118578e-02  2.88700000e-08  6.58216597e-02  2.88700000e-08  3.30000000e+00  2.88700000e-08  0.00000000e+00 
 2.88900000e-08  3.29999964e+00  2.88900000e-08  3.30000002e+00  2.88900000e-08  6.51976738e-02  2.88900000e-08  6.52073656e-02  2.88900000e-08  3.30000000e+00  2.88900000e-08  0.00000000e+00 
 2.89100000e-08  3.30000029e+00  2.89100000e-08  3.29999997e+00  2.89100000e-08  6.45891650e-02  2.89100000e-08  6.45987557e-02  2.89100000e-08  3.30000000e+00  2.89100000e-08  0.00000000e+00 
 2.89300000e-08  3.29999964e+00  2.89300000e-08  3.30000002e+00  2.89300000e-08  6.39863288e-02  2.89300000e-08  6.39958122e-02  2.89300000e-08  3.30000000e+00  2.89300000e-08  0.00000000e+00 
 2.89500000e-08  3.30000029e+00  2.89500000e-08  3.29999997e+00  2.89500000e-08  6.33890639e-02  2.89500000e-08  6.33984488e-02  2.89500000e-08  3.30000000e+00  2.89500000e-08  0.00000000e+00 
 2.89700000e-08  3.29999964e+00  2.89700000e-08  3.30000002e+00  2.89700000e-08  6.27973684e-02  2.89700000e-08  6.28066486e-02  2.89700000e-08  3.30000000e+00  2.89700000e-08  0.00000000e+00 
 2.89900000e-08  3.30000029e+00  2.89900000e-08  3.29999997e+00  2.89900000e-08  6.22111420e-02  2.89900000e-08  6.22203263e-02  2.89900000e-08  3.30000000e+00  2.89900000e-08  0.00000000e+00 
 2.90100000e-08  3.29999964e+00  2.90100000e-08  3.30000002e+00  2.90100000e-08  6.16303839e-02  2.90100000e-08  6.16394660e-02  2.90100000e-08  3.30000000e+00  2.90100000e-08  0.00000000e+00 
 2.90300000e-08  3.30000029e+00  2.90300000e-08  3.29999997e+00  2.90300000e-08  6.10549944e-02  2.90300000e-08  6.10639832e-02  2.90300000e-08  3.30000000e+00  2.90300000e-08  0.00000000e+00 
 2.90500000e-08  3.29999964e+00  2.90500000e-08  3.30000002e+00  2.90500000e-08  6.04849737e-02  2.90500000e-08  6.04938627e-02  2.90500000e-08  3.30000000e+00  2.90500000e-08  0.00000000e+00 
 2.90700000e-08  3.30000029e+00  2.90700000e-08  3.29999997e+00  2.90700000e-08  5.99202232e-02  2.90700000e-08  5.99290212e-02  2.90700000e-08  3.30000000e+00  2.90700000e-08  0.00000000e+00 
 2.90900000e-08  3.29999964e+00  2.90900000e-08  3.30000002e+00  2.90900000e-08  5.93607436e-02  2.90900000e-08  5.93694444e-02  2.90900000e-08  3.30000000e+00  2.90900000e-08  0.00000000e+00 
 2.91100000e-08  3.30000029e+00  2.91100000e-08  3.29999997e+00  2.91100000e-08  5.88064374e-02  2.91100000e-08  5.88150496e-02  2.91100000e-08  3.30000000e+00  2.91100000e-08  0.00000000e+00 
 2.91300000e-08  3.29999964e+00  2.91300000e-08  3.30000002e+00  2.91300000e-08  5.82573063e-02  2.91300000e-08  5.82658234e-02  2.91300000e-08  3.30000000e+00  2.91300000e-08  0.00000000e+00 
 2.91500000e-08  3.30000029e+00  2.91500000e-08  3.29999997e+00  2.91500000e-08  5.77132534e-02  2.91500000e-08  5.77216843e-02  2.91500000e-08  3.30000000e+00  2.91500000e-08  0.00000000e+00 
 2.91700000e-08  3.29999964e+00  2.91700000e-08  3.30000002e+00  2.91700000e-08  5.71742813e-02  2.91700000e-08  5.71826194e-02  2.91700000e-08  3.30000000e+00  2.91700000e-08  0.00000000e+00 
 2.91900000e-08  3.30000029e+00  2.91900000e-08  3.29999997e+00  2.91900000e-08  5.66402941e-02  2.91900000e-08  5.66485482e-02  2.91900000e-08  3.30000000e+00  2.91900000e-08  0.00000000e+00 
 2.92100000e-08  3.29999964e+00  2.92100000e-08  3.30000002e+00  2.92100000e-08  5.61112951e-02  2.92100000e-08  5.61194586e-02  2.92100000e-08  3.30000000e+00  2.92100000e-08  0.00000000e+00 
 2.92300000e-08  3.30000029e+00  2.92300000e-08  3.29999997e+00  2.92300000e-08  5.55871893e-02  2.92300000e-08  5.55952709e-02  2.92300000e-08  3.30000000e+00  2.92300000e-08  0.00000000e+00 
 2.92500000e-08  3.29999964e+00  2.92500000e-08  3.30000002e+00  2.92500000e-08  5.50679808e-02  2.92500000e-08  5.50759740e-02  2.92500000e-08  3.30000000e+00  2.92500000e-08  0.00000000e+00 
 2.92700000e-08  3.30000029e+00  2.92700000e-08  3.29999997e+00  2.92700000e-08  5.45535753e-02  2.92700000e-08  5.45614887e-02  2.92700000e-08  3.30000000e+00  2.92700000e-08  0.00000000e+00 
 2.92900000e-08  3.29999964e+00  2.92900000e-08  3.30000002e+00  2.92900000e-08  5.40439779e-02  2.92900000e-08  5.40518050e-02  2.92900000e-08  3.30000000e+00  2.92900000e-08  0.00000000e+00 
 2.93100000e-08  3.30000029e+00  2.93100000e-08  3.29999997e+00  2.93100000e-08  5.35390952e-02  2.93100000e-08  5.35468445e-02  2.93100000e-08  3.30000000e+00  2.93100000e-08  0.00000000e+00 
 2.93300000e-08  3.29999964e+00  2.93300000e-08  3.30000002e+00  2.93300000e-08  5.30389328e-02  2.93300000e-08  5.30465977e-02  2.93300000e-08  3.30000000e+00  2.93300000e-08  0.00000000e+00 
 2.93500000e-08  3.30000029e+00  2.93500000e-08  3.29999997e+00  2.93500000e-08  5.25433981e-02  2.93500000e-08  5.25509872e-02  2.93500000e-08  3.30000000e+00  2.93500000e-08  0.00000000e+00 
 2.93700000e-08  3.29999964e+00  2.93700000e-08  3.30000002e+00  2.93700000e-08  5.20524977e-02  2.93700000e-08  5.20600044e-02  2.93700000e-08  3.30000000e+00  2.93700000e-08  0.00000000e+00 
 2.93900000e-08  3.30000029e+00  2.93900000e-08  3.29999997e+00  2.93900000e-08  5.15661397e-02  2.93900000e-08  5.15735725e-02  2.93900000e-08  3.30000000e+00  2.93900000e-08  0.00000000e+00 
 2.94100000e-08  3.29999964e+00  2.94100000e-08  3.30000002e+00  2.94100000e-08  5.10843314e-02  2.94100000e-08  5.10916837e-02  2.94100000e-08  3.30000000e+00  2.94100000e-08  0.00000000e+00 
 2.94300000e-08  3.30000029e+00  2.94300000e-08  3.29999997e+00  2.94300000e-08  5.06069817e-02  2.94300000e-08  5.06142620e-02  2.94300000e-08  3.30000000e+00  2.94300000e-08  0.00000000e+00 
 2.94500000e-08  3.29999964e+00  2.94500000e-08  3.30000002e+00  2.94500000e-08  5.01340986e-02  2.94500000e-08  5.01413003e-02  2.94500000e-08  3.30000000e+00  2.94500000e-08  0.00000000e+00 
 2.94700000e-08  3.30000029e+00  2.94700000e-08  3.29999997e+00  2.94700000e-08  4.96655920e-02  2.94700000e-08  4.96727234e-02  2.94700000e-08  3.30000000e+00  2.94700000e-08  0.00000000e+00 
 2.94900000e-08  3.29999964e+00  2.94900000e-08  3.30000002e+00  2.94900000e-08  4.92014703e-02  2.94900000e-08  4.92085249e-02  2.94900000e-08  3.30000000e+00  2.94900000e-08  0.00000000e+00 
 2.95100000e-08  3.30000029e+00  2.95100000e-08  3.29999997e+00  2.95100000e-08  4.87416444e-02  2.95100000e-08  4.87486305e-02  2.95100000e-08  3.30000000e+00  2.95100000e-08  0.00000000e+00 
 2.95300000e-08  3.29999964e+00  2.95300000e-08  3.30000002e+00  2.95300000e-08  4.82861233e-02  2.95300000e-08  4.82930343e-02  2.95300000e-08  3.30000000e+00  2.95300000e-08  0.00000000e+00 
 2.95500000e-08  3.30000029e+00  2.95500000e-08  3.29999997e+00  2.95500000e-08  4.78348185e-02  2.95500000e-08  4.78416627e-02  2.95500000e-08  3.30000000e+00  2.95500000e-08  0.00000000e+00 
 2.95700000e-08  3.29999964e+00  2.95700000e-08  3.30000002e+00  2.95700000e-08  4.73877400e-02  2.95700000e-08  4.73945108e-02  2.95700000e-08  3.30000000e+00  2.95700000e-08  0.00000000e+00 
 2.95900000e-08  3.30000029e+00  2.95900000e-08  3.29999997e+00  2.95900000e-08  4.69447999e-02  2.95900000e-08  4.69515056e-02  2.95900000e-08  3.30000000e+00  2.95900000e-08  0.00000000e+00 
 2.96100000e-08  3.29999964e+00  2.96100000e-08  3.30000002e+00  2.96100000e-08  4.65060088e-02  2.96100000e-08  4.65126427e-02  2.96100000e-08  3.30000000e+00  2.96100000e-08  0.00000000e+00 
 2.96300000e-08  3.30000029e+00  2.96300000e-08  3.29999997e+00  2.96300000e-08  4.60712796e-02  2.96300000e-08  4.60778501e-02  2.96300000e-08  3.30000000e+00  2.96300000e-08  0.00000000e+00 
 2.96500000e-08  3.29999964e+00  2.96500000e-08  3.30000002e+00  2.96500000e-08  4.56406236e-02  2.96500000e-08  4.56471239e-02  2.96500000e-08  3.30000000e+00  2.96500000e-08  0.00000000e+00 
 2.96700000e-08  3.30000029e+00  2.96700000e-08  3.29999997e+00  2.96700000e-08  4.52139544e-02  2.96700000e-08  4.52203928e-02  2.96700000e-08  3.30000000e+00  2.96700000e-08  0.00000000e+00 
 2.96900000e-08  3.29999964e+00  2.96900000e-08  3.30000002e+00  2.96900000e-08  4.47912839e-02  2.96900000e-08  4.47976537e-02  2.96900000e-08  3.30000000e+00  2.96900000e-08  0.00000000e+00 
 2.97100000e-08  3.30000029e+00  2.97100000e-08  3.29999997e+00  2.97100000e-08  4.43725265e-02  2.97100000e-08  4.43788359e-02  2.97100000e-08  3.30000000e+00  2.97100000e-08  0.00000000e+00 
 2.97300000e-08  3.29999964e+00  2.97300000e-08  3.30000002e+00  2.97300000e-08  4.39576946e-02  2.97300000e-08  4.39639369e-02  2.97300000e-08  3.30000000e+00  2.97300000e-08  0.00000000e+00 
 2.97500000e-08  3.30000029e+00  2.97500000e-08  3.29999997e+00  2.97500000e-08  4.35467033e-02  2.97500000e-08  4.35528868e-02  2.97500000e-08  3.30000000e+00  2.97500000e-08  0.00000000e+00 
 2.97700000e-08  3.29999964e+00  2.97700000e-08  3.30000002e+00  2.97700000e-08  4.31395658e-02  2.97700000e-08  4.31456836e-02  2.97700000e-08  3.30000000e+00  2.97700000e-08  0.00000000e+00 
 2.97900000e-08  3.30000029e+00  2.97900000e-08  3.29999997e+00  2.97900000e-08  4.27361978e-02  2.97900000e-08  4.27422582e-02  2.97900000e-08  3.30000000e+00  2.97900000e-08  0.00000000e+00 
 2.98100000e-08  3.29999964e+00  2.98100000e-08  3.30000002e+00  2.98100000e-08  4.23366131e-02  2.98100000e-08  4.23426093e-02  2.98100000e-08  3.30000000e+00  2.98100000e-08  0.00000000e+00 
 2.98300000e-08  3.30000029e+00  2.98300000e-08  3.29999997e+00  2.98300000e-08  4.19407280e-02  2.98300000e-08  4.19466682e-02  2.98300000e-08  3.30000000e+00  2.98300000e-08  0.00000000e+00 
 2.98500000e-08  3.29999964e+00  2.98500000e-08  3.30000002e+00  2.98500000e-08  4.15485570e-02  2.98500000e-08  4.15544343e-02  2.98500000e-08  3.30000000e+00  2.98500000e-08  0.00000000e+00 
 2.98700000e-08  3.30000029e+00  2.98700000e-08  3.29999997e+00  2.98700000e-08  4.11600171e-02  2.98700000e-08  4.11658398e-02  2.98700000e-08  3.30000000e+00  2.98700000e-08  0.00000000e+00 
 2.98900000e-08  3.29999964e+00  2.98900000e-08  3.30000002e+00  2.98900000e-08  4.07751232e-02  2.98900000e-08  4.07808845e-02  2.98900000e-08  3.30000000e+00  2.98900000e-08  0.00000000e+00 
 2.99100000e-08  3.30000029e+00  2.99100000e-08  3.29999997e+00  2.99100000e-08  4.03937931e-02  2.99100000e-08  4.03995011e-02  2.99100000e-08  3.30000000e+00  2.99100000e-08  0.00000000e+00 
 2.99300000e-08  3.29999964e+00  2.99300000e-08  3.30000002e+00  2.99300000e-08  4.00160423e-02  2.99300000e-08  4.00216902e-02  2.99300000e-08  3.30000000e+00  2.99300000e-08  0.00000000e+00 
 2.99500000e-08  3.30000029e+00  2.99500000e-08  3.29999997e+00  2.99500000e-08  3.96417892e-02  2.99500000e-08  3.96473851e-02  2.99500000e-08  3.30000000e+00  2.99500000e-08  0.00000000e+00 
 2.99700000e-08  3.29999964e+00  2.99700000e-08  3.30000002e+00  2.99700000e-08  3.92710499e-02  2.99700000e-08  3.92765869e-02  2.99700000e-08  3.30000000e+00  2.99700000e-08  0.00000000e+00 
 2.99900000e-08  3.30000029e+00  2.99900000e-08  3.29999997e+00  2.99900000e-08  3.89037434e-02  2.99900000e-08  3.89092297e-02  2.99900000e-08  3.30000000e+00  2.99900000e-08  0.00000000e+00 
 3.00100000e-08  3.29999964e+00  3.00100000e-08  3.30000002e+00  3.00100000e-08  3.85398863e-02  3.00100000e-08  3.85453150e-02  3.00100000e-08  3.30000000e+00  3.00100000e-08  0.00000000e+00 
 3.00300000e-08  3.30000028e+00  3.00300000e-08  3.29999997e+00  3.00300000e-08  3.81793983e-02  3.00300000e-08  3.81847775e-02  3.00300000e-08  3.30000000e+00  3.00300000e-08  0.00000000e+00 
 3.00500000e-08  3.29999964e+00  3.00500000e-08  3.30000002e+00  3.00500000e-08  3.78222965e-02  3.00500000e-08  3.78276194e-02  3.00500000e-08  3.30000000e+00  3.00500000e-08  0.00000000e+00 
 3.00700000e-08  3.30000028e+00  3.00700000e-08  3.29999997e+00  3.00700000e-08  3.74685013e-02  3.00700000e-08  3.74737758e-02  3.00700000e-08  3.30000000e+00  3.00700000e-08  0.00000000e+00 
 3.00850000e-08  3.29999964e+00  3.00850000e-08  3.30000002e+00  3.00850000e-08  3.72053441e-02  3.00850000e-08  3.72105763e-02  3.00850000e-08  3.30000000e+00  3.00850000e-08  0.00000000e+00 
 3.01000000e-08  3.30000027e+00  3.01000000e-08  3.29999997e+00  3.01000000e-08  3.69440060e-02  3.01000000e-08  3.69492036e-02  3.01000000e-08  3.30000000e+00  3.01000000e-08  0.00000000e+00 
 3.01020000e-08  3.29999994e+00  3.01020000e-08  3.29999999e+00  3.01020000e-08  3.69046240e-02  3.01020000e-08  3.69102613e-02  3.01020000e-08  3.23400000e+00  3.01020000e-08  0.00000000e+00 
 3.01060000e-08  3.29999975e+00  3.01060000e-08  3.29999977e+00  3.01060000e-08  3.67034955e-02  3.01060000e-08  3.67105936e-02  3.01060000e-08  3.10200000e+00  3.01060000e-08  0.00000000e+00 
 3.01140000e-08  3.29999898e+00  3.01140000e-08  3.29999896e+00  3.01140000e-08  3.57254879e-02  3.01140000e-08  3.57372379e-02  3.01140000e-08  2.83800000e+00  3.01140000e-08  0.00000000e+00 
 3.01300000e-08  3.29999820e+00  3.01300000e-08  3.29999820e+00  3.01300000e-08  3.23466460e-02  3.01300000e-08  3.23659115e-02  3.01300000e-08  2.31000000e+00  3.01300000e-08  0.00000000e+00 
 3.01500000e-08  3.30000250e+00  3.01500000e-08  3.30000251e+00  3.01500000e-08  3.28814435e-02  3.01500000e-08  3.29154995e-02  3.01500000e-08  1.65000000e+00  3.01500000e-08  0.00000000e+00 
 3.01700000e-08  3.30000646e+00  3.01700000e-08  3.30000647e+00  3.01700000e-08  4.28088941e-02  3.01700000e-08  4.28851138e-02  3.01700000e-08  9.90000000e-01  3.01700000e-08  0.00000000e+00 
 3.01850000e-08  3.30000694e+00  3.01850000e-08  3.30000696e+00  3.01850000e-08  5.66980980e-02  3.01850000e-08  5.68262176e-02  3.01850000e-08  4.95000000e-01  3.01850000e-08  0.00000000e+00 
 3.02000000e-08  3.30000787e+00  3.02000000e-08  3.30000789e+00  3.02000000e-08  7.70214954e-02  3.02000000e-08  7.72148505e-02  3.02000000e-08  7.94919686e-14  3.02000000e-08  0.00000000e+00 
 3.02020000e-08  3.30000845e+00  3.02020000e-08  3.30000847e+00  3.02020000e-08  8.05602608e-02  3.02020000e-08  8.07639541e-02  3.02020000e-08  0.00000000e+00  3.02020000e-08  0.00000000e+00 
 3.02060000e-08  3.30000837e+00  3.02060000e-08  3.30000840e+00  3.02060000e-08  8.73755150e-02  3.02060000e-08  8.76004095e-02  3.02060000e-08  0.00000000e+00  3.02060000e-08  0.00000000e+00 
 3.02140000e-08  3.30000499e+00  3.02140000e-08  3.30000500e+00  3.02140000e-08  9.99115297e-02  3.02140000e-08  1.00178959e-01  3.02140000e-08  0.00000000e+00  3.02140000e-08  0.00000000e+00 
 3.02300000e-08  3.30000003e+00  3.02300000e-08  3.30000003e+00  3.02300000e-08  1.23230014e-01  3.02300000e-08  1.23572523e-01  3.02300000e-08  0.00000000e+00  3.02300000e-08  0.00000000e+00 
 3.02500000e-08  3.29999956e+00  3.02500000e-08  3.29999955e+00  3.02500000e-08  1.51630201e-01  3.02500000e-08  1.52046621e-01  3.02500000e-08  0.00000000e+00  3.02500000e-08  0.00000000e+00 
 3.02700000e-08  3.30000018e+00  3.02700000e-08  3.30000017e+00  3.02700000e-08  1.80178321e-01  3.02700000e-08  1.80656395e-01  3.02700000e-08  0.00000000e+00  3.02700000e-08  0.00000000e+00 
 3.02900000e-08  3.30000033e+00  3.02900000e-08  3.30000033e+00  3.02900000e-08  2.08955930e-01  3.02900000e-08  2.09493659e-01  3.02900000e-08  0.00000000e+00  3.02900000e-08  0.00000000e+00 
 3.03100000e-08  3.30000041e+00  3.03100000e-08  3.30000042e+00  3.03100000e-08  2.37974257e-01  3.03100000e-08  2.38575508e-01  3.03100000e-08  0.00000000e+00  3.03100000e-08  0.00000000e+00 
 3.03300000e-08  3.30000050e+00  3.03300000e-08  3.30000051e+00  3.03300000e-08  2.67251983e-01  3.03300000e-08  2.67924534e-01  3.03300000e-08  0.00000000e+00  3.03300000e-08  0.00000000e+00 
 3.03500000e-08  3.30000062e+00  3.03500000e-08  3.30000064e+00  3.03500000e-08  2.96814325e-01  3.03500000e-08  2.97569308e-01  3.03500000e-08  0.00000000e+00  3.03500000e-08  0.00000000e+00 
 3.03700000e-08  3.30000078e+00  3.03700000e-08  3.30000080e+00  3.03700000e-08  3.26694697e-01  3.03700000e-08  3.27546856e-01  3.03700000e-08  0.00000000e+00  3.03700000e-08  0.00000000e+00 
 3.03900000e-08  3.30000099e+00  3.03900000e-08  3.30000102e+00  3.03900000e-08  3.56937551e-01  3.03900000e-08  3.57906118e-01  3.03900000e-08  0.00000000e+00  3.03900000e-08  0.00000000e+00 
 3.04100000e-08  3.30000126e+00  3.04100000e-08  3.30000130e+00  3.04100000e-08  3.87602814e-01  3.04100000e-08  3.88713088e-01  3.04100000e-08  0.00000000e+00  3.04100000e-08  0.00000000e+00 
 3.04300000e-08  3.30000159e+00  3.04300000e-08  3.30000166e+00  3.04300000e-08  4.18773012e-01  3.04300000e-08  4.20058996e-01  3.04300000e-08  0.00000000e+00  3.04300000e-08  0.00000000e+00 
 3.04500000e-08  3.30000200e+00  3.04500000e-08  3.30000209e+00  3.04500000e-08  4.50565054e-01  3.04500000e-08  4.52073922e-01  3.04500000e-08  0.00000000e+00  3.04500000e-08  0.00000000e+00 
 3.04700000e-08  3.30000247e+00  3.04700000e-08  3.30000262e+00  3.04700000e-08  4.83150783e-01  3.04700000e-08  4.84950907e-01  3.04700000e-08  0.00000000e+00  3.04700000e-08  0.00000000e+00 
 3.04900000e-08  3.30000300e+00  3.04900000e-08  3.30000323e+00  3.04900000e-08  5.16795038e-01  3.04900000e-08  5.18991551e-01  3.04900000e-08  0.00000000e+00  3.04900000e-08  0.00000000e+00 
 3.05100000e-08  3.30000360e+00  3.05100000e-08  3.30000399e+00  3.05100000e-08  5.51931867e-01  3.05100000e-08  5.54699685e-01  3.05100000e-08  0.00000000e+00  3.05100000e-08  0.00000000e+00 
 3.05300000e-08  3.30000438e+00  3.05300000e-08  3.30000512e+00  3.05300000e-08  5.89339762e-01  3.05300000e-08  5.93003738e-01  3.05300000e-08  0.00000000e+00  3.05300000e-08  0.00000000e+00 
 3.05500000e-08  3.30000576e+00  3.05500000e-08  3.30000732e+00  3.05500000e-08  6.30539433e-01  3.05500000e-08  6.35765292e-01  3.05500000e-08  0.00000000e+00  3.05500000e-08  0.00000000e+00 
 3.05700000e-08  3.30000887e+00  3.05700000e-08  3.30001236e+00  3.05700000e-08  6.78746662e-01  3.05700000e-08  6.86880129e-01  3.05700000e-08  0.00000000e+00  3.05700000e-08  0.00000000e+00 
 3.05900000e-08  3.30001547e+00  3.05900000e-08  3.30002086e+00  3.05900000e-08  7.40070168e-01  3.05900000e-08  7.52759298e-01  3.05900000e-08  0.00000000e+00  3.05900000e-08  0.00000000e+00 
 3.06100000e-08  3.30002108e+00  3.06100000e-08  3.30002265e+00  3.06100000e-08  8.20693956e-01  3.06100000e-08  8.38086739e-01  3.06100000e-08  0.00000000e+00  3.06100000e-08  0.00000000e+00 
 3.06300000e-08  3.30001228e+00  3.06300000e-08  3.30000617e+00  3.06300000e-08  9.20789283e-01  3.06300000e-08  9.42152581e-01  3.06300000e-08  0.00000000e+00  3.06300000e-08  0.00000000e+00 
 3.06500000e-08  3.29999059e+00  3.06500000e-08  3.29997738e+00  3.06500000e-08  1.03646307e+00  3.06500000e-08  1.06106902e+00  3.06500000e-08  0.00000000e+00  3.06500000e-08  0.00000000e+00 
 3.06700000e-08  3.29996745e+00  3.06700000e-08  3.29994910e+00  3.06700000e-08  1.16375563e+00  3.06700000e-08  1.19114371e+00  3.06700000e-08  0.00000000e+00  3.06700000e-08  0.00000000e+00 
 3.06900000e-08  3.29995017e+00  3.06900000e-08  3.29993070e+00  3.06900000e-08  1.29985452e+00  3.06900000e-08  1.32967882e+00  3.06900000e-08  0.00000000e+00  3.06900000e-08  0.00000000e+00 
 3.07100000e-08  3.29994251e+00  3.07100000e-08  3.29992226e+00  3.07100000e-08  1.44251055e+00  3.07100000e-08  1.47444762e+00  3.07100000e-08  0.00000000e+00  3.07100000e-08  0.00000000e+00 
 3.07300000e-08  3.29993952e+00  3.07300000e-08  3.29991942e+00  3.07300000e-08  1.58968550e+00  3.07300000e-08  1.62343417e+00  3.07300000e-08  0.00000000e+00  3.07300000e-08  0.00000000e+00 
 3.07500000e-08  3.29994185e+00  3.07500000e-08  3.29992408e+00  3.07500000e-08  1.73951917e+00  3.07500000e-08  1.77477470e+00  3.07500000e-08  0.00000000e+00  3.07500000e-08  0.00000000e+00 
 3.07700000e-08  3.29994801e+00  3.07700000e-08  3.29993194e+00  3.07700000e-08  1.88985397e+00  3.07700000e-08  1.92607836e+00  3.07700000e-08  0.00000000e+00  3.07700000e-08  0.00000000e+00 
 3.07900000e-08  3.29995501e+00  3.07900000e-08  3.29994175e+00  3.07900000e-08  2.03776958e+00  3.07900000e-08  2.07429398e+00  3.07900000e-08  0.00000000e+00  3.07900000e-08  0.00000000e+00 
 3.08100000e-08  3.29996315e+00  3.08100000e-08  3.29995430e+00  3.08100000e-08  2.18041156e+00  3.08100000e-08  2.21663619e+00  3.08100000e-08  0.00000000e+00  3.08100000e-08  0.00000000e+00 
 3.08300000e-08  3.29997255e+00  3.08300000e-08  3.29996836e+00  3.08300000e-08  2.31548565e+00  3.08300000e-08  2.35090315e+00  3.08300000e-08  0.00000000e+00  3.08300000e-08  0.00000000e+00 
 3.08500000e-08  3.29998225e+00  3.08500000e-08  3.29998232e+00  3.08500000e-08  2.44126840e+00  3.08500000e-08  2.47545843e+00  3.08500000e-08  0.00000000e+00  3.08500000e-08  0.00000000e+00 
 3.08700000e-08  3.29999127e+00  3.08700000e-08  3.29999496e+00  3.08700000e-08  2.55658335e+00  3.08700000e-08  2.58921314e+00  3.08700000e-08  0.00000000e+00  3.08700000e-08  0.00000000e+00 
 3.08900000e-08  3.29999911e+00  3.08900000e-08  3.30000596e+00  3.08900000e-08  2.66077535e+00  3.08900000e-08  2.69160032e+00  3.08900000e-08  0.00000000e+00  3.08900000e-08  0.00000000e+00 
 3.09100000e-08  3.30000592e+00  3.09100000e-08  3.30001477e+00  3.09100000e-08  2.75366179e+00  3.09100000e-08  2.78252192e+00  3.09100000e-08  0.00000000e+00  3.09100000e-08  0.00000000e+00 
 3.09300000e-08  3.30001106e+00  3.09300000e-08  3.30002116e+00  3.09300000e-08  2.83546279e+00  3.09300000e-08  2.86227513e+00  3.09300000e-08  0.00000000e+00  3.09300000e-08  0.00000000e+00 
 3.09500000e-08  3.30001476e+00  3.09500000e-08  3.30002554e+00  3.09500000e-08  2.90671418e+00  3.09500000e-08  2.93146189e+00  3.09500000e-08  0.00000000e+00  3.09500000e-08  0.00000000e+00 
 3.09700000e-08  3.30001726e+00  3.09700000e-08  3.30002816e+00  3.09700000e-08  2.96817537e+00  3.09700000e-08  2.99089516e+00  3.09700000e-08  0.00000000e+00  3.09700000e-08  0.00000000e+00 
 3.09900000e-08  3.30001872e+00  3.09900000e-08  3.30002933e+00  3.09900000e-08  3.02074273e+00  3.09900000e-08  3.04151170e+00  3.09900000e-08  0.00000000e+00  3.09900000e-08  0.00000000e+00 
 3.10100000e-08  3.30001935e+00  3.10100000e-08  3.30002937e+00  3.10100000e-08  3.06537494e+00  3.10100000e-08  3.08429855e+00  3.10100000e-08  0.00000000e+00  3.10100000e-08  0.00000000e+00 
 3.10300000e-08  3.30001935e+00  3.10300000e-08  3.30002859e+00  3.10300000e-08  3.10303440e+00  3.10300000e-08  3.12023574e+00  3.10300000e-08  0.00000000e+00  3.10300000e-08  0.00000000e+00 
 3.10500000e-08  3.30001888e+00  3.10500000e-08  3.30002726e+00  3.10500000e-08  3.13464468e+00  3.10500000e-08  3.15025596e+00  3.10500000e-08  0.00000000e+00  3.10500000e-08  0.00000000e+00 
 3.10700000e-08  3.30001810e+00  3.10700000e-08  3.30002558e+00  3.10700000e-08  3.16106302e+00  3.10700000e-08  3.17521892e+00  3.10700000e-08  0.00000000e+00  3.10700000e-08  0.00000000e+00 
 3.10900000e-08  3.30001712e+00  3.10900000e-08  3.30002371e+00  3.10900000e-08  3.18306487e+00  3.10900000e-08  3.19589779e+00  3.10900000e-08  0.00000000e+00  3.10900000e-08  0.00000000e+00 
 3.11100000e-08  3.30001602e+00  3.11100000e-08  3.30002178e+00  3.11100000e-08  3.20133780e+00  3.11100000e-08  3.21297460e+00  3.11100000e-08  0.00000000e+00  3.11100000e-08  0.00000000e+00 
 3.11300000e-08  3.30001487e+00  3.11300000e-08  3.30001986e+00  3.11300000e-08  3.21648173e+00  3.11300000e-08  3.22704178e+00  3.11300000e-08  0.00000000e+00  3.11300000e-08  0.00000000e+00 
 3.11500000e-08  3.30001371e+00  3.11500000e-08  3.30001800e+00  3.11500000e-08  3.22901360e+00  3.11500000e-08  3.23860756e+00  3.11500000e-08  0.00000000e+00  3.11500000e-08  0.00000000e+00 
 3.11700000e-08  3.30001257e+00  3.11700000e-08  3.30001625e+00  3.11700000e-08  3.23937414e+00  3.11700000e-08  3.24810361e+00  3.11700000e-08  0.00000000e+00  3.11700000e-08  0.00000000e+00 
 3.11900000e-08  3.30001147e+00  3.11900000e-08  3.30001461e+00  3.11900000e-08  3.24793611e+00  3.11900000e-08  3.25589346e+00  3.11900000e-08  0.00000000e+00  3.11900000e-08  0.00000000e+00 
 3.12100000e-08  3.30001044e+00  3.12100000e-08  3.30001311e+00  3.12100000e-08  3.25501248e+00  3.12100000e-08  3.26228124e+00  3.12100000e-08  0.00000000e+00  3.12100000e-08  0.00000000e+00 
 3.12300000e-08  3.30000947e+00  3.12300000e-08  3.30001173e+00  3.12300000e-08  3.26086468e+00  3.12300000e-08  3.26751991e+00  3.12300000e-08  0.00000000e+00  3.12300000e-08  0.00000000e+00 
 3.12500000e-08  3.30000857e+00  3.12500000e-08  3.30001049e+00  3.12500000e-08  3.26570994e+00  3.12500000e-08  3.27181885e+00  3.12500000e-08  0.00000000e+00  3.12500000e-08  0.00000000e+00 
 3.12700000e-08  3.30000774e+00  3.12700000e-08  3.30000937e+00  3.12700000e-08  3.26972819e+00  3.12700000e-08  3.27535069e+00  3.12700000e-08  0.00000000e+00  3.12700000e-08  0.00000000e+00 
 3.12900000e-08  3.30000699e+00  3.12900000e-08  3.30000837e+00  3.12900000e-08  3.27306789e+00  3.12900000e-08  3.27825729e+00  3.12900000e-08  0.00000000e+00  3.12900000e-08  0.00000000e+00 
 3.13100000e-08  3.30000630e+00  3.13100000e-08  3.30000747e+00  3.13100000e-08  3.27585127e+00  3.13100000e-08  3.28065482e+00  3.13100000e-08  0.00000000e+00  3.13100000e-08  0.00000000e+00 
 3.13300000e-08  3.30000568e+00  3.13300000e-08  3.30000667e+00  3.13300000e-08  3.27817869e+00  3.13300000e-08  3.28263825e+00  3.13300000e-08  0.00000000e+00  3.13300000e-08  0.00000000e+00 
 3.13500000e-08  3.30000512e+00  3.13500000e-08  3.30000596e+00  3.13500000e-08  3.28013247e+00  3.13500000e-08  3.28428501e+00  3.13500000e-08  0.00000000e+00  3.13500000e-08  0.00000000e+00 
 3.13700000e-08  3.30000462e+00  3.13700000e-08  3.30000533e+00  3.13700000e-08  3.28177993e+00  3.13700000e-08  3.28565812e+00  3.13700000e-08  0.00000000e+00  3.13700000e-08  0.00000000e+00 
 3.13900000e-08  3.30000417e+00  3.13900000e-08  3.30000477e+00  3.13900000e-08  3.28317617e+00  3.13900000e-08  3.28680877e+00  3.13900000e-08  0.00000000e+00  3.13900000e-08  0.00000000e+00 
 3.14100000e-08  3.30000377e+00  3.14100000e-08  3.30000428e+00  3.14100000e-08  3.28436613e+00  3.14100000e-08  3.28777853e+00  3.14100000e-08  0.00000000e+00  3.14100000e-08  0.00000000e+00 
 3.14300000e-08  3.30000340e+00  3.14300000e-08  3.30000384e+00  3.14300000e-08  3.28538653e+00  3.14300000e-08  3.28860105e+00  3.14300000e-08  0.00000000e+00  3.14300000e-08  0.00000000e+00 
 3.14500000e-08  3.30000308e+00  3.14500000e-08  3.30000346e+00  3.14500000e-08  3.28626729e+00  3.14500000e-08  3.28930362e+00  3.14500000e-08  0.00000000e+00  3.14500000e-08  0.00000000e+00 
 3.14700000e-08  3.30000279e+00  3.14700000e-08  3.30000311e+00  3.14700000e-08  3.28703281e+00  3.14700000e-08  3.28990828e+00  3.14700000e-08  0.00000000e+00  3.14700000e-08  0.00000000e+00 
 3.14900000e-08  3.30000253e+00  3.14900000e-08  3.30000281e+00  3.14900000e-08  3.28770299e+00  3.14900000e-08  3.29043288e+00  3.14900000e-08  0.00000000e+00  3.14900000e-08  0.00000000e+00 
 3.15100000e-08  3.30000230e+00  3.15100000e-08  3.30000254e+00  3.15100000e-08  3.28829405e+00  3.15100000e-08  3.29089182e+00  3.15100000e-08  0.00000000e+00  3.15100000e-08  0.00000000e+00 
 3.15300000e-08  3.30000209e+00  3.15300000e-08  3.30000230e+00  3.15300000e-08  3.28881921e+00  3.15300000e-08  3.29129676e+00  3.15300000e-08  0.00000000e+00  3.15300000e-08  0.00000000e+00 
 3.15500000e-08  3.30000191e+00  3.15500000e-08  3.30000209e+00  3.15500000e-08  3.28928926e+00  3.15500000e-08  3.29165710e+00  3.15500000e-08  0.00000000e+00  3.15500000e-08  0.00000000e+00 
 3.15700000e-08  3.30000174e+00  3.15700000e-08  3.30000190e+00  3.15700000e-08  3.28971301e+00  3.15700000e-08  3.29198044e+00  3.15700000e-08  0.00000000e+00  3.15700000e-08  0.00000000e+00 
 3.15900000e-08  3.30000159e+00  3.15900000e-08  3.30000173e+00  3.15900000e-08  3.29009767e+00  3.15900000e-08  3.29227293e+00  3.15900000e-08  0.00000000e+00  3.15900000e-08  0.00000000e+00 
 3.16100000e-08  3.30000146e+00  3.16100000e-08  3.30000158e+00  3.16100000e-08  3.29044913e+00  3.16100000e-08  3.29253955e+00  3.16100000e-08  0.00000000e+00  3.16100000e-08  0.00000000e+00 
 3.16300000e-08  3.30000134e+00  3.16300000e-08  3.30000145e+00  3.16300000e-08  3.29077223e+00  3.16300000e-08  3.29278431e+00  3.16300000e-08  0.00000000e+00  3.16300000e-08  0.00000000e+00 
 3.16500000e-08  3.30000123e+00  3.16500000e-08  3.30000133e+00  3.16500000e-08  3.29107094e+00  3.16500000e-08  3.29301051e+00  3.16500000e-08  0.00000000e+00  3.16500000e-08  0.00000000e+00 
 3.16700000e-08  3.30000113e+00  3.16700000e-08  3.30000122e+00  3.16700000e-08  3.29134855e+00  3.16700000e-08  3.29322077e+00  3.16700000e-08  0.00000000e+00  3.16700000e-08  0.00000000e+00 
 3.16900000e-08  3.30000104e+00  3.16900000e-08  3.30000112e+00  3.16900000e-08  3.29160774e+00  3.16900000e-08  3.29341730e+00  3.16900000e-08  0.00000000e+00  3.16900000e-08  0.00000000e+00 
 3.17100000e-08  3.30000096e+00  3.17100000e-08  3.30000103e+00  3.17100000e-08  3.29185078e+00  3.17100000e-08  3.29360184e+00  3.17100000e-08  0.00000000e+00  3.17100000e-08  0.00000000e+00 
 3.17300000e-08  3.30000089e+00  3.17300000e-08  3.30000095e+00  3.17300000e-08  3.29207951e+00  3.17300000e-08  3.29377585e+00  3.17300000e-08  0.00000000e+00  3.17300000e-08  0.00000000e+00 
 3.17500000e-08  3.30000083e+00  3.17500000e-08  3.30000088e+00  3.17500000e-08  3.29229552e+00  3.17500000e-08  3.29394052e+00  3.17500000e-08  0.00000000e+00  3.17500000e-08  0.00000000e+00 
 3.17700000e-08  3.30000077e+00  3.17700000e-08  3.30000082e+00  3.17700000e-08  3.29250010e+00  3.17700000e-08  3.29409687e+00  3.17700000e-08  0.00000000e+00  3.17700000e-08  0.00000000e+00 
 3.17900000e-08  3.30000071e+00  3.17900000e-08  3.30000076e+00  3.17900000e-08  3.29269438e+00  3.17900000e-08  3.29424569e+00  3.17900000e-08  0.00000000e+00  3.17900000e-08  0.00000000e+00 
 3.18100000e-08  3.30000067e+00  3.18100000e-08  3.30000071e+00  3.18100000e-08  3.29287927e+00  3.18100000e-08  3.29438770e+00  3.18100000e-08  0.00000000e+00  3.18100000e-08  0.00000000e+00 
 3.18300000e-08  3.30000062e+00  3.18300000e-08  3.30000066e+00  3.18300000e-08  3.29305561e+00  3.18300000e-08  3.29452346e+00  3.18300000e-08  0.00000000e+00  3.18300000e-08  0.00000000e+00 
 3.18500000e-08  3.30000058e+00  3.18500000e-08  3.30000062e+00  3.18500000e-08  3.29322408e+00  3.18500000e-08  3.29465350e+00  3.18500000e-08  0.00000000e+00  3.18500000e-08  0.00000000e+00 
 3.18700000e-08  3.30000054e+00  3.18700000e-08  3.30000057e+00  3.18700000e-08  3.29338528e+00  3.18700000e-08  3.29477821e+00  3.18700000e-08  0.00000000e+00  3.18700000e-08  0.00000000e+00 
 3.18900000e-08  3.30000051e+00  3.18900000e-08  3.30000054e+00  3.18900000e-08  3.29353973e+00  3.18900000e-08  3.29489799e+00  3.18900000e-08  0.00000000e+00  3.18900000e-08  0.00000000e+00 
 3.19100000e-08  3.30000048e+00  3.19100000e-08  3.30000050e+00  3.19100000e-08  3.29368790e+00  3.19100000e-08  3.29501315e+00  3.19100000e-08  0.00000000e+00  3.19100000e-08  0.00000000e+00 
 3.19300000e-08  3.30000045e+00  3.19300000e-08  3.30000047e+00  3.19300000e-08  3.29383020e+00  3.19300000e-08  3.29512398e+00  3.19300000e-08  0.00000000e+00  3.19300000e-08  0.00000000e+00 
 3.19500000e-08  3.30000042e+00  3.19500000e-08  3.30000045e+00  3.19500000e-08  3.29396699e+00  3.19500000e-08  3.29523072e+00  3.19500000e-08  0.00000000e+00  3.19500000e-08  0.00000000e+00 
 3.19700000e-08  3.30000040e+00  3.19700000e-08  3.30000042e+00  3.19700000e-08  3.29409860e+00  3.19700000e-08  3.29533362e+00  3.19700000e-08  0.00000000e+00  3.19700000e-08  0.00000000e+00 
 3.19900000e-08  3.30000038e+00  3.19900000e-08  3.30000039e+00  3.19900000e-08  3.29422533e+00  3.19900000e-08  3.29543286e+00  3.19900000e-08  0.00000000e+00  3.19900000e-08  0.00000000e+00 
 3.20100000e-08  3.30000035e+00  3.20100000e-08  3.30000037e+00  3.20100000e-08  3.29434743e+00  3.20100000e-08  3.29552864e+00  3.20100000e-08  0.00000000e+00  3.20100000e-08  0.00000000e+00 
 3.20300000e-08  3.30000034e+00  3.20300000e-08  3.30000035e+00  3.20300000e-08  3.29446516e+00  3.20300000e-08  3.29562112e+00  3.20300000e-08  0.00000000e+00  3.20300000e-08  0.00000000e+00 
 3.20500000e-08  3.30000032e+00  3.20500000e-08  3.30000033e+00  3.20500000e-08  3.29457874e+00  3.20500000e-08  3.29571047e+00  3.20500000e-08  0.00000000e+00  3.20500000e-08  0.00000000e+00 
 3.20700000e-08  3.30000030e+00  3.20700000e-08  3.30000032e+00  3.20700000e-08  3.29468839e+00  3.20700000e-08  3.29579683e+00  3.20700000e-08  0.00000000e+00  3.20700000e-08  0.00000000e+00 
 3.20900000e-08  3.30000029e+00  3.20900000e-08  3.30000030e+00  3.20900000e-08  3.29479428e+00  3.20900000e-08  3.29588034e+00  3.20900000e-08  0.00000000e+00  3.20900000e-08  0.00000000e+00 
 3.21100000e-08  3.30000027e+00  3.21100000e-08  3.30000028e+00  3.21100000e-08  3.29489661e+00  3.21100000e-08  3.29596111e+00  3.21100000e-08  0.00000000e+00  3.21100000e-08  0.00000000e+00 
 3.21300000e-08  3.30000026e+00  3.21300000e-08  3.30000027e+00  3.21300000e-08  3.29499553e+00  3.21300000e-08  3.29603928e+00  3.21300000e-08  0.00000000e+00  3.21300000e-08  0.00000000e+00 
 3.21500000e-08  3.30000024e+00  3.21500000e-08  3.30000026e+00  3.21500000e-08  3.29509121e+00  3.21500000e-08  3.29611494e+00  3.21500000e-08  0.00000000e+00  3.21500000e-08  0.00000000e+00 
 3.21700000e-08  3.30000023e+00  3.21700000e-08  3.30000024e+00  3.21700000e-08  3.29518378e+00  3.21700000e-08  3.29618822e+00  3.21700000e-08  0.00000000e+00  3.21700000e-08  0.00000000e+00 
 3.21900000e-08  3.30000022e+00  3.21900000e-08  3.30000023e+00  3.21900000e-08  3.29527339e+00  3.21900000e-08  3.29625920e+00  3.21900000e-08  0.00000000e+00  3.21900000e-08  0.00000000e+00 
 3.22100000e-08  3.30000021e+00  3.22100000e-08  3.30000022e+00  3.22100000e-08  3.29536016e+00  3.22100000e-08  3.29632799e+00  3.22100000e-08  0.00000000e+00  3.22100000e-08  0.00000000e+00 
 3.22300000e-08  3.30000020e+00  3.22300000e-08  3.30000021e+00  3.22300000e-08  3.29544423e+00  3.22300000e-08  3.29639466e+00  3.22300000e-08  0.00000000e+00  3.22300000e-08  0.00000000e+00 
 3.22500000e-08  3.30000019e+00  3.22500000e-08  3.30000020e+00  3.22500000e-08  3.29552569e+00  3.22500000e-08  3.29645932e+00  3.22500000e-08  0.00000000e+00  3.22500000e-08  0.00000000e+00 
 3.22700000e-08  3.30000018e+00  3.22700000e-08  3.30000019e+00  3.22700000e-08  3.29560467e+00  3.22700000e-08  3.29652202e+00  3.22700000e-08  0.00000000e+00  3.22700000e-08  0.00000000e+00 
 3.22900000e-08  3.30000018e+00  3.22900000e-08  3.30000018e+00  3.22900000e-08  3.29568126e+00  3.22900000e-08  3.29658287e+00  3.22900000e-08  0.00000000e+00  3.22900000e-08  0.00000000e+00 
 3.23100000e-08  3.30000017e+00  3.23100000e-08  3.30000018e+00  3.23100000e-08  3.29575556e+00  3.23100000e-08  3.29664192e+00  3.23100000e-08  0.00000000e+00  3.23100000e-08  0.00000000e+00 
 3.23300000e-08  3.30000016e+00  3.23300000e-08  3.30000017e+00  3.23300000e-08  3.29582766e+00  3.23300000e-08  3.29669925e+00  3.23300000e-08  0.00000000e+00  3.23300000e-08  0.00000000e+00 
 3.23500000e-08  3.30000016e+00  3.23500000e-08  3.30000016e+00  3.23500000e-08  3.29589766e+00  3.23500000e-08  3.29675492e+00  3.23500000e-08  0.00000000e+00  3.23500000e-08  0.00000000e+00 
 3.23700000e-08  3.30000015e+00  3.23700000e-08  3.30000016e+00  3.23700000e-08  3.29596563e+00  3.23700000e-08  3.29680900e+00  3.23700000e-08  0.00000000e+00  3.23700000e-08  0.00000000e+00 
 3.23900000e-08  3.30000014e+00  3.23900000e-08  3.30000015e+00  3.23900000e-08  3.29603167e+00  3.23900000e-08  3.29686155e+00  3.23900000e-08  0.00000000e+00  3.23900000e-08  0.00000000e+00 
 3.24100000e-08  3.30000014e+00  3.24100000e-08  3.30000014e+00  3.24100000e-08  3.29609582e+00  3.24100000e-08  3.29691263e+00  3.24100000e-08  0.00000000e+00  3.24100000e-08  0.00000000e+00 
 3.24300000e-08  3.30000013e+00  3.24300000e-08  3.30000014e+00  3.24300000e-08  3.29615819e+00  3.24300000e-08  3.29696228e+00  3.24300000e-08  0.00000000e+00  3.24300000e-08  0.00000000e+00 
 3.24500000e-08  3.30000013e+00  3.24500000e-08  3.30000013e+00  3.24500000e-08  3.29621883e+00  3.24500000e-08  3.29701057e+00  3.24500000e-08  0.00000000e+00  3.24500000e-08  0.00000000e+00 
 3.24700000e-08  3.30000012e+00  3.24700000e-08  3.30000013e+00  3.24700000e-08  3.29627780e+00  3.24700000e-08  3.29705754e+00  3.24700000e-08  0.00000000e+00  3.24700000e-08  0.00000000e+00 
 3.24900000e-08  3.30000012e+00  3.24900000e-08  3.30000012e+00  3.24900000e-08  3.29633517e+00  3.24900000e-08  3.29710326e+00  3.24900000e-08  0.00000000e+00  3.24900000e-08  0.00000000e+00 
 3.25100000e-08  3.30000011e+00  3.25100000e-08  3.30000012e+00  3.25100000e-08  3.29639101e+00  3.25100000e-08  3.29714774e+00  3.25100000e-08  0.00000000e+00  3.25100000e-08  0.00000000e+00 
 3.25300000e-08  3.30000011e+00  3.25300000e-08  3.30000011e+00  3.25300000e-08  3.29644536e+00  3.25300000e-08  3.29719105e+00  3.25300000e-08  0.00000000e+00  3.25300000e-08  0.00000000e+00 
 3.25500000e-08  3.30000011e+00  3.25500000e-08  3.30000011e+00  3.25500000e-08  3.29649828e+00  3.25500000e-08  3.29723322e+00  3.25500000e-08  0.00000000e+00  3.25500000e-08  0.00000000e+00 
 3.25700000e-08  3.30000010e+00  3.25700000e-08  3.30000011e+00  3.25700000e-08  3.29654982e+00  3.25700000e-08  3.29727430e+00  3.25700000e-08  0.00000000e+00  3.25700000e-08  0.00000000e+00 
 3.25900000e-08  3.30000010e+00  3.25900000e-08  3.30000010e+00  3.25900000e-08  3.29660003e+00  3.25900000e-08  3.29731432e+00  3.25900000e-08  0.00000000e+00  3.25900000e-08  0.00000000e+00 
 3.26100000e-08  3.30000009e+00  3.26100000e-08  3.30000010e+00  3.26100000e-08  3.29664896e+00  3.26100000e-08  3.29735333e+00  3.26100000e-08  0.00000000e+00  3.26100000e-08  0.00000000e+00 
 3.26300000e-08  3.30000009e+00  3.26300000e-08  3.30000009e+00  3.26300000e-08  3.29669666e+00  3.26300000e-08  3.29739135e+00  3.26300000e-08  0.00000000e+00  3.26300000e-08  0.00000000e+00 
 3.26500000e-08  3.30000009e+00  3.26500000e-08  3.30000009e+00  3.26500000e-08  3.29674316e+00  3.26500000e-08  3.29742842e+00  3.26500000e-08  0.00000000e+00  3.26500000e-08  0.00000000e+00 
 3.26700000e-08  3.30000009e+00  3.26700000e-08  3.30000009e+00  3.26700000e-08  3.29678851e+00  3.26700000e-08  3.29746457e+00  3.26700000e-08  0.00000000e+00  3.26700000e-08  0.00000000e+00 
 3.26900000e-08  3.30000008e+00  3.26900000e-08  3.30000009e+00  3.26900000e-08  3.29683274e+00  3.26900000e-08  3.29749985e+00  3.26900000e-08  0.00000000e+00  3.26900000e-08  0.00000000e+00 
 3.27100000e-08  3.30000008e+00  3.27100000e-08  3.30000008e+00  3.27100000e-08  3.29687591e+00  3.27100000e-08  3.29753425e+00  3.27100000e-08  0.00000000e+00  3.27100000e-08  0.00000000e+00 
 3.27300000e-08  3.30000008e+00  3.27300000e-08  3.30000008e+00  3.27300000e-08  3.29691803e+00  3.27300000e-08  3.29756784e+00  3.27300000e-08  0.00000000e+00  3.27300000e-08  0.00000000e+00 
 3.27500000e-08  3.30000007e+00  3.27500000e-08  3.30000008e+00  3.27500000e-08  3.29695915e+00  3.27500000e-08  3.29760062e+00  3.27500000e-08  0.00000000e+00  3.27500000e-08  0.00000000e+00 
 3.27700000e-08  3.30000007e+00  3.27700000e-08  3.30000007e+00  3.27700000e-08  3.29699930e+00  3.27700000e-08  3.29763263e+00  3.27700000e-08  0.00000000e+00  3.27700000e-08  0.00000000e+00 
 3.27900000e-08  3.30000007e+00  3.27900000e-08  3.30000007e+00  3.27900000e-08  3.29703851e+00  3.27900000e-08  3.29766389e+00  3.27900000e-08  0.00000000e+00  3.27900000e-08  0.00000000e+00 
 3.28100000e-08  3.30000007e+00  3.28100000e-08  3.30000007e+00  3.28100000e-08  3.29707681e+00  3.28100000e-08  3.29769443e+00  3.28100000e-08  0.00000000e+00  3.28100000e-08  0.00000000e+00 
 3.28300000e-08  3.30000007e+00  3.28300000e-08  3.30000007e+00  3.28300000e-08  3.29711424e+00  3.28300000e-08  3.29772426e+00  3.28300000e-08  0.00000000e+00  3.28300000e-08  0.00000000e+00 
 3.28500000e-08  3.30000006e+00  3.28500000e-08  3.30000007e+00  3.28500000e-08  3.29715081e+00  3.28500000e-08  3.29775341e+00  3.28500000e-08  0.00000000e+00  3.28500000e-08  0.00000000e+00 
 3.28700000e-08  3.30000006e+00  3.28700000e-08  3.30000006e+00  3.28700000e-08  3.29718656e+00  3.28700000e-08  3.29778191e+00  3.28700000e-08  0.00000000e+00  3.28700000e-08  0.00000000e+00 
 3.28900000e-08  3.30000006e+00  3.28900000e-08  3.30000006e+00  3.28900000e-08  3.29722151e+00  3.28900000e-08  3.29780977e+00  3.28900000e-08  0.00000000e+00  3.28900000e-08  0.00000000e+00 
 3.29100000e-08  3.30000006e+00  3.29100000e-08  3.30000006e+00  3.29100000e-08  3.29725569e+00  3.29100000e-08  3.29783701e+00  3.29100000e-08  0.00000000e+00  3.29100000e-08  0.00000000e+00 
 3.29300000e-08  3.30000006e+00  3.29300000e-08  3.30000006e+00  3.29300000e-08  3.29728912e+00  3.29300000e-08  3.29786366e+00  3.29300000e-08  0.00000000e+00  3.29300000e-08  0.00000000e+00 
 3.29500000e-08  3.30000006e+00  3.29500000e-08  3.30000006e+00  3.29500000e-08  3.29732183e+00  3.29500000e-08  3.29788972e+00  3.29500000e-08  0.00000000e+00  3.29500000e-08  0.00000000e+00 
 3.29700000e-08  3.30000005e+00  3.29700000e-08  3.30000006e+00  3.29700000e-08  3.29735382e+00  3.29700000e-08  3.29791522e+00  3.29700000e-08  0.00000000e+00  3.29700000e-08  0.00000000e+00 
 3.29900000e-08  3.30000005e+00  3.29900000e-08  3.30000005e+00  3.29900000e-08  3.29738514e+00  3.29900000e-08  3.29794017e+00  3.29900000e-08  0.00000000e+00  3.29900000e-08  0.00000000e+00 
 3.30100000e-08  3.30000005e+00  3.30100000e-08  3.30000005e+00  3.30100000e-08  3.29741579e+00  3.30100000e-08  3.29796460e+00  3.30100000e-08  0.00000000e+00  3.30100000e-08  0.00000000e+00 
 3.30300000e-08  3.30000005e+00  3.30300000e-08  3.30000005e+00  3.30300000e-08  3.29744581e+00  3.30300000e-08  3.29798851e+00  3.30300000e-08  0.00000000e+00  3.30300000e-08  0.00000000e+00 
 3.30500000e-08  3.30000005e+00  3.30500000e-08  3.30000005e+00  3.30500000e-08  3.29747520e+00  3.30500000e-08  3.29801193e+00  3.30500000e-08  0.00000000e+00  3.30500000e-08  0.00000000e+00 
 3.30700000e-08  3.30000005e+00  3.30700000e-08  3.30000005e+00  3.30700000e-08  3.29750398e+00  3.30700000e-08  3.29803485e+00  3.30700000e-08  0.00000000e+00  3.30700000e-08  0.00000000e+00 
 3.30900000e-08  3.30000005e+00  3.30900000e-08  3.30000005e+00  3.30900000e-08  3.29753218e+00  3.30900000e-08  3.29805731e+00  3.30900000e-08  0.00000000e+00  3.30900000e-08  0.00000000e+00 
 3.31100000e-08  3.30000004e+00  3.31100000e-08  3.30000005e+00  3.31100000e-08  3.29755980e+00  3.31100000e-08  3.29807931e+00  3.31100000e-08  0.00000000e+00  3.31100000e-08  0.00000000e+00 
 3.31300000e-08  3.30000004e+00  3.31300000e-08  3.30000004e+00  3.31300000e-08  3.29758687e+00  3.31300000e-08  3.29810088e+00  3.31300000e-08  0.00000000e+00  3.31300000e-08  0.00000000e+00 
 3.31500000e-08  3.30000004e+00  3.31500000e-08  3.30000004e+00  3.31500000e-08  3.29761341e+00  3.31500000e-08  3.29812200e+00  3.31500000e-08  0.00000000e+00  3.31500000e-08  0.00000000e+00 
 3.31700000e-08  3.30000004e+00  3.31700000e-08  3.30000004e+00  3.31700000e-08  3.29763941e+00  3.31700000e-08  3.29814271e+00  3.31700000e-08  0.00000000e+00  3.31700000e-08  0.00000000e+00 
 3.31900000e-08  3.30000004e+00  3.31900000e-08  3.30000004e+00  3.31900000e-08  3.29766491e+00  3.31900000e-08  3.29816301e+00  3.31900000e-08  0.00000000e+00  3.31900000e-08  0.00000000e+00 
 3.32100000e-08  3.30000004e+00  3.32100000e-08  3.30000004e+00  3.32100000e-08  3.29768991e+00  3.32100000e-08  3.29818292e+00  3.32100000e-08  0.00000000e+00  3.32100000e-08  0.00000000e+00 
 3.32300000e-08  3.30000004e+00  3.32300000e-08  3.30000004e+00  3.32300000e-08  3.29771443e+00  3.32300000e-08  3.29820243e+00  3.32300000e-08  0.00000000e+00  3.32300000e-08  0.00000000e+00 
 3.32500000e-08  3.30000004e+00  3.32500000e-08  3.30000004e+00  3.32500000e-08  3.29773848e+00  3.32500000e-08  3.29822158e+00  3.32500000e-08  0.00000000e+00  3.32500000e-08  0.00000000e+00 
 3.32700000e-08  3.30000004e+00  3.32700000e-08  3.30000004e+00  3.32700000e-08  3.29776208e+00  3.32700000e-08  3.29824036e+00  3.32700000e-08  0.00000000e+00  3.32700000e-08  0.00000000e+00 
 3.32900000e-08  3.30000004e+00  3.32900000e-08  3.30000004e+00  3.32900000e-08  3.29778523e+00  3.32900000e-08  3.29825879e+00  3.32900000e-08  0.00000000e+00  3.32900000e-08  0.00000000e+00 
 3.33100000e-08  3.30000003e+00  3.33100000e-08  3.30000004e+00  3.33100000e-08  3.29780796e+00  3.33100000e-08  3.29827687e+00  3.33100000e-08  0.00000000e+00  3.33100000e-08  0.00000000e+00 
 3.33300000e-08  3.30000003e+00  3.33300000e-08  3.30000003e+00  3.33300000e-08  3.29783025e+00  3.33300000e-08  3.29829461e+00  3.33300000e-08  0.00000000e+00  3.33300000e-08  0.00000000e+00 
 3.33500000e-08  3.30000003e+00  3.33500000e-08  3.30000003e+00  3.33500000e-08  3.29785215e+00  3.33500000e-08  3.29831202e+00  3.33500000e-08  0.00000000e+00  3.33500000e-08  0.00000000e+00 
 3.33700000e-08  3.30000003e+00  3.33700000e-08  3.30000003e+00  3.33700000e-08  3.29787364e+00  3.33700000e-08  3.29832913e+00  3.33700000e-08  0.00000000e+00  3.33700000e-08  0.00000000e+00 
 3.33900000e-08  3.30000003e+00  3.33900000e-08  3.30000003e+00  3.33900000e-08  3.29789474e+00  3.33900000e-08  3.29834591e+00  3.33900000e-08  0.00000000e+00  3.33900000e-08  0.00000000e+00 
 3.34100000e-08  3.30000003e+00  3.34100000e-08  3.30000003e+00  3.34100000e-08  3.29791546e+00  3.34100000e-08  3.29836240e+00  3.34100000e-08  0.00000000e+00  3.34100000e-08  0.00000000e+00 
 3.34300000e-08  3.30000003e+00  3.34300000e-08  3.30000003e+00  3.34300000e-08  3.29793582e+00  3.34300000e-08  3.29837858e+00  3.34300000e-08  0.00000000e+00  3.34300000e-08  0.00000000e+00 
 3.34500000e-08  3.30000003e+00  3.34500000e-08  3.30000003e+00  3.34500000e-08  3.29795582e+00  3.34500000e-08  3.29839448e+00  3.34500000e-08  0.00000000e+00  3.34500000e-08  0.00000000e+00 
 3.34700000e-08  3.30000003e+00  3.34700000e-08  3.30000003e+00  3.34700000e-08  3.29797546e+00  3.34700000e-08  3.29841010e+00  3.34700000e-08  0.00000000e+00  3.34700000e-08  0.00000000e+00 
 3.34900000e-08  3.30000003e+00  3.34900000e-08  3.30000003e+00  3.34900000e-08  3.29799476e+00  3.34900000e-08  3.29842545e+00  3.34900000e-08  0.00000000e+00  3.34900000e-08  0.00000000e+00 
 3.35100000e-08  3.30000003e+00  3.35100000e-08  3.30000003e+00  3.35100000e-08  3.29801374e+00  3.35100000e-08  3.29844053e+00  3.35100000e-08  0.00000000e+00  3.35100000e-08  0.00000000e+00 
 3.35300000e-08  3.30000003e+00  3.35300000e-08  3.30000003e+00  3.35300000e-08  3.29803238e+00  3.35300000e-08  3.29845535e+00  3.35300000e-08  0.00000000e+00  3.35300000e-08  0.00000000e+00 
 3.35500000e-08  3.30000003e+00  3.35500000e-08  3.30000003e+00  3.35500000e-08  3.29805071e+00  3.35500000e-08  3.29846991e+00  3.35500000e-08  0.00000000e+00  3.35500000e-08  0.00000000e+00 
 3.35700000e-08  3.30000003e+00  3.35700000e-08  3.30000003e+00  3.35700000e-08  3.29806872e+00  3.35700000e-08  3.29848423e+00  3.35700000e-08  0.00000000e+00  3.35700000e-08  0.00000000e+00 
 3.35900000e-08  3.30000002e+00  3.35900000e-08  3.30000003e+00  3.35900000e-08  3.29808644e+00  3.35900000e-08  3.29849831e+00  3.35900000e-08  0.00000000e+00  3.35900000e-08  0.00000000e+00 
 3.36100000e-08  3.30000002e+00  3.36100000e-08  3.30000002e+00  3.36100000e-08  3.29810386e+00  3.36100000e-08  3.29851215e+00  3.36100000e-08  0.00000000e+00  3.36100000e-08  0.00000000e+00 
 3.36300000e-08  3.30000002e+00  3.36300000e-08  3.30000002e+00  3.36300000e-08  3.29812099e+00  3.36300000e-08  3.29852576e+00  3.36300000e-08  0.00000000e+00  3.36300000e-08  0.00000000e+00 
 3.36500000e-08  3.30000002e+00  3.36500000e-08  3.30000002e+00  3.36500000e-08  3.29813784e+00  3.36500000e-08  3.29853915e+00  3.36500000e-08  0.00000000e+00  3.36500000e-08  0.00000000e+00 
 3.36700000e-08  3.30000002e+00  3.36700000e-08  3.30000002e+00  3.36700000e-08  3.29815442e+00  3.36700000e-08  3.29855231e+00  3.36700000e-08  0.00000000e+00  3.36700000e-08  0.00000000e+00 
 3.36900000e-08  3.30000002e+00  3.36900000e-08  3.30000002e+00  3.36900000e-08  3.29817072e+00  3.36900000e-08  3.29856526e+00  3.36900000e-08  0.00000000e+00  3.36900000e-08  0.00000000e+00 
 3.37100000e-08  3.30000002e+00  3.37100000e-08  3.30000002e+00  3.37100000e-08  3.29818677e+00  3.37100000e-08  3.29857800e+00  3.37100000e-08  0.00000000e+00  3.37100000e-08  0.00000000e+00 
 3.37300000e-08  3.30000002e+00  3.37300000e-08  3.30000002e+00  3.37300000e-08  3.29820256e+00  3.37300000e-08  3.29859054e+00  3.37300000e-08  0.00000000e+00  3.37300000e-08  0.00000000e+00 
 3.37500000e-08  3.30000002e+00  3.37500000e-08  3.30000002e+00  3.37500000e-08  3.29821810e+00  3.37500000e-08  3.29860287e+00  3.37500000e-08  0.00000000e+00  3.37500000e-08  0.00000000e+00 
 3.37700000e-08  3.30000002e+00  3.37700000e-08  3.30000002e+00  3.37700000e-08  3.29823339e+00  3.37700000e-08  3.29861502e+00  3.37700000e-08  0.00000000e+00  3.37700000e-08  0.00000000e+00 
 3.37900000e-08  3.30000002e+00  3.37900000e-08  3.30000002e+00  3.37900000e-08  3.29824845e+00  3.37900000e-08  3.29862697e+00  3.37900000e-08  0.00000000e+00  3.37900000e-08  0.00000000e+00 
 3.38100000e-08  3.30000002e+00  3.38100000e-08  3.30000002e+00  3.38100000e-08  3.29826327e+00  3.38100000e-08  3.29863873e+00  3.38100000e-08  0.00000000e+00  3.38100000e-08  0.00000000e+00 
 3.38300000e-08  3.30000002e+00  3.38300000e-08  3.30000002e+00  3.38300000e-08  3.29827786e+00  3.38300000e-08  3.29865031e+00  3.38300000e-08  0.00000000e+00  3.38300000e-08  0.00000000e+00 
 3.38500000e-08  3.30000002e+00  3.38500000e-08  3.30000002e+00  3.38500000e-08  3.29829223e+00  3.38500000e-08  3.29866171e+00  3.38500000e-08  0.00000000e+00  3.38500000e-08  0.00000000e+00 
 3.38700000e-08  3.30000002e+00  3.38700000e-08  3.30000002e+00  3.38700000e-08  3.29830638e+00  3.38700000e-08  3.29867294e+00  3.38700000e-08  0.00000000e+00  3.38700000e-08  0.00000000e+00 
 3.38900000e-08  3.30000002e+00  3.38900000e-08  3.30000002e+00  3.38900000e-08  3.29832031e+00  3.38900000e-08  3.29868400e+00  3.38900000e-08  0.00000000e+00  3.38900000e-08  0.00000000e+00 
 3.39100000e-08  3.30000002e+00  3.39100000e-08  3.30000002e+00  3.39100000e-08  3.29833404e+00  3.39100000e-08  3.29869488e+00  3.39100000e-08  0.00000000e+00  3.39100000e-08  0.00000000e+00 
 3.39300000e-08  3.30000002e+00  3.39300000e-08  3.30000002e+00  3.39300000e-08  3.29834756e+00  3.39300000e-08  3.29870561e+00  3.39300000e-08  0.00000000e+00  3.39300000e-08  0.00000000e+00 
 3.39500000e-08  3.30000002e+00  3.39500000e-08  3.30000002e+00  3.39500000e-08  3.29836088e+00  3.39500000e-08  3.29871617e+00  3.39500000e-08  0.00000000e+00  3.39500000e-08  0.00000000e+00 
 3.39700000e-08  3.30000002e+00  3.39700000e-08  3.30000002e+00  3.39700000e-08  3.29837400e+00  3.39700000e-08  3.29872658e+00  3.39700000e-08  0.00000000e+00  3.39700000e-08  0.00000000e+00 
 3.39900000e-08  3.30000002e+00  3.39900000e-08  3.30000002e+00  3.39900000e-08  3.29838694e+00  3.39900000e-08  3.29873683e+00  3.39900000e-08  0.00000000e+00  3.39900000e-08  0.00000000e+00 
 3.40100000e-08  3.30000002e+00  3.40100000e-08  3.30000002e+00  3.40100000e-08  3.29839968e+00  3.40100000e-08  3.29874694e+00  3.40100000e-08  0.00000000e+00  3.40100000e-08  0.00000000e+00 
 3.40300000e-08  3.30000002e+00  3.40300000e-08  3.30000002e+00  3.40300000e-08  3.29841224e+00  3.40300000e-08  3.29875689e+00  3.40300000e-08  0.00000000e+00  3.40300000e-08  0.00000000e+00 
 3.40500000e-08  3.30000002e+00  3.40500000e-08  3.30000002e+00  3.40500000e-08  3.29842462e+00  3.40500000e-08  3.29876671e+00  3.40500000e-08  0.00000000e+00  3.40500000e-08  0.00000000e+00 
 3.40700000e-08  3.30000001e+00  3.40700000e-08  3.30000002e+00  3.40700000e-08  3.29843682e+00  3.40700000e-08  3.29877638e+00  3.40700000e-08  0.00000000e+00  3.40700000e-08  0.00000000e+00 
 3.40900000e-08  3.30000001e+00  3.40900000e-08  3.30000001e+00  3.40900000e-08  3.29844885e+00  3.40900000e-08  3.29878592e+00  3.40900000e-08  0.00000000e+00  3.40900000e-08  0.00000000e+00 
 3.41100000e-08  3.30000001e+00  3.41100000e-08  3.30000001e+00  3.41100000e-08  3.29846071e+00  3.41100000e-08  3.29879531e+00  3.41100000e-08  0.00000000e+00  3.41100000e-08  0.00000000e+00 
 3.41300000e-08  3.30000001e+00  3.41300000e-08  3.30000001e+00  3.41300000e-08  3.29847240e+00  3.41300000e-08  3.29880458e+00  3.41300000e-08  0.00000000e+00  3.41300000e-08  0.00000000e+00 
 3.41500000e-08  3.30000001e+00  3.41500000e-08  3.30000001e+00  3.41500000e-08  3.29848394e+00  3.41500000e-08  3.29881371e+00  3.41500000e-08  0.00000000e+00  3.41500000e-08  0.00000000e+00 
 3.41700000e-08  3.30000001e+00  3.41700000e-08  3.30000001e+00  3.41700000e-08  3.29849530e+00  3.41700000e-08  3.29882272e+00  3.41700000e-08  0.00000000e+00  3.41700000e-08  0.00000000e+00 
 3.41900000e-08  3.30000001e+00  3.41900000e-08  3.30000001e+00  3.41900000e-08  3.29850652e+00  3.41900000e-08  3.29883160e+00  3.41900000e-08  0.00000000e+00  3.41900000e-08  0.00000000e+00 
 3.42100000e-08  3.30000001e+00  3.42100000e-08  3.30000001e+00  3.42100000e-08  3.29851758e+00  3.42100000e-08  3.29884037e+00  3.42100000e-08  0.00000000e+00  3.42100000e-08  0.00000000e+00 
 3.42300000e-08  3.30000001e+00  3.42300000e-08  3.30000001e+00  3.42300000e-08  3.29852849e+00  3.42300000e-08  3.29884900e+00  3.42300000e-08  0.00000000e+00  3.42300000e-08  0.00000000e+00 
 3.42500000e-08  3.30000001e+00  3.42500000e-08  3.30000001e+00  3.42500000e-08  3.29853925e+00  3.42500000e-08  3.29885753e+00  3.42500000e-08  0.00000000e+00  3.42500000e-08  0.00000000e+00 
 3.42700000e-08  3.30000001e+00  3.42700000e-08  3.30000001e+00  3.42700000e-08  3.29854988e+00  3.42700000e-08  3.29886593e+00  3.42700000e-08  0.00000000e+00  3.42700000e-08  0.00000000e+00 
 3.42900000e-08  3.30000001e+00  3.42900000e-08  3.30000001e+00  3.42900000e-08  3.29856035e+00  3.42900000e-08  3.29887423e+00  3.42900000e-08  0.00000000e+00  3.42900000e-08  0.00000000e+00 
 3.43100000e-08  3.30000001e+00  3.43100000e-08  3.30000001e+00  3.43100000e-08  3.29857069e+00  3.43100000e-08  3.29888241e+00  3.43100000e-08  0.00000000e+00  3.43100000e-08  0.00000000e+00 
 3.43300000e-08  3.30000001e+00  3.43300000e-08  3.30000001e+00  3.43300000e-08  3.29858089e+00  3.43300000e-08  3.29889049e+00  3.43300000e-08  0.00000000e+00  3.43300000e-08  0.00000000e+00 
 3.43500000e-08  3.30000001e+00  3.43500000e-08  3.30000001e+00  3.43500000e-08  3.29859096e+00  3.43500000e-08  3.29889846e+00  3.43500000e-08  0.00000000e+00  3.43500000e-08  0.00000000e+00 
 3.43700000e-08  3.30000001e+00  3.43700000e-08  3.30000001e+00  3.43700000e-08  3.29860089e+00  3.43700000e-08  3.29890632e+00  3.43700000e-08  0.00000000e+00  3.43700000e-08  0.00000000e+00 
 3.43900000e-08  3.30000001e+00  3.43900000e-08  3.30000001e+00  3.43900000e-08  3.29861070e+00  3.43900000e-08  3.29891408e+00  3.43900000e-08  0.00000000e+00  3.43900000e-08  0.00000000e+00 
 3.44100000e-08  3.30000001e+00  3.44100000e-08  3.30000001e+00  3.44100000e-08  3.29862038e+00  3.44100000e-08  3.29892174e+00  3.44100000e-08  0.00000000e+00  3.44100000e-08  0.00000000e+00 
 3.44300000e-08  3.30000001e+00  3.44300000e-08  3.30000001e+00  3.44300000e-08  3.29862994e+00  3.44300000e-08  3.29892930e+00  3.44300000e-08  0.00000000e+00  3.44300000e-08  0.00000000e+00 
 3.44500000e-08  3.30000001e+00  3.44500000e-08  3.30000001e+00  3.44500000e-08  3.29863937e+00  3.44500000e-08  3.29893677e+00  3.44500000e-08  0.00000000e+00  3.44500000e-08  0.00000000e+00 
 3.44700000e-08  3.30000001e+00  3.44700000e-08  3.30000001e+00  3.44700000e-08  3.29864869e+00  3.44700000e-08  3.29894413e+00  3.44700000e-08  0.00000000e+00  3.44700000e-08  0.00000000e+00 
 3.44900000e-08  3.30000001e+00  3.44900000e-08  3.30000001e+00  3.44900000e-08  3.29865788e+00  3.44900000e-08  3.29895141e+00  3.44900000e-08  0.00000000e+00  3.44900000e-08  0.00000000e+00 
 3.45100000e-08  3.30000001e+00  3.45100000e-08  3.30000001e+00  3.45100000e-08  3.29866697e+00  3.45100000e-08  3.29895859e+00  3.45100000e-08  0.00000000e+00  3.45100000e-08  0.00000000e+00 
 3.45300000e-08  3.30000001e+00  3.45300000e-08  3.30000001e+00  3.45300000e-08  3.29867593e+00  3.45300000e-08  3.29896569e+00  3.45300000e-08  0.00000000e+00  3.45300000e-08  0.00000000e+00 
 3.45500000e-08  3.30000001e+00  3.45500000e-08  3.30000001e+00  3.45500000e-08  3.29868479e+00  3.45500000e-08  3.29897269e+00  3.45500000e-08  0.00000000e+00  3.45500000e-08  0.00000000e+00 
 3.45700000e-08  3.30000001e+00  3.45700000e-08  3.30000001e+00  3.45700000e-08  3.29869354e+00  3.45700000e-08  3.29897961e+00  3.45700000e-08  0.00000000e+00  3.45700000e-08  0.00000000e+00 
 3.45900000e-08  3.30000001e+00  3.45900000e-08  3.30000001e+00  3.45900000e-08  3.29870218e+00  3.45900000e-08  3.29898643e+00  3.45900000e-08  0.00000000e+00  3.45900000e-08  0.00000000e+00 
 3.46100000e-08  3.30000001e+00  3.46100000e-08  3.30000001e+00  3.46100000e-08  3.29871072e+00  3.46100000e-08  3.29899319e+00  3.46100000e-08  0.00000000e+00  3.46100000e-08  0.00000000e+00 
 3.46300000e-08  3.30000001e+00  3.46300000e-08  3.30000001e+00  3.46300000e-08  3.29871915e+00  3.46300000e-08  3.29899985e+00  3.46300000e-08  0.00000000e+00  3.46300000e-08  0.00000000e+00 
 3.46500000e-08  3.30000001e+00  3.46500000e-08  3.30000001e+00  3.46500000e-08  3.29872748e+00  3.46500000e-08  3.29900643e+00  3.46500000e-08  0.00000000e+00  3.46500000e-08  0.00000000e+00 
 3.46700000e-08  3.30000001e+00  3.46700000e-08  3.30000001e+00  3.46700000e-08  3.29873571e+00  3.46700000e-08  3.29901293e+00  3.46700000e-08  0.00000000e+00  3.46700000e-08  0.00000000e+00 
 3.46900000e-08  3.30000001e+00  3.46900000e-08  3.30000001e+00  3.46900000e-08  3.29874384e+00  3.46900000e-08  3.29901936e+00  3.46900000e-08  0.00000000e+00  3.46900000e-08  0.00000000e+00 
 3.47100000e-08  3.30000001e+00  3.47100000e-08  3.30000001e+00  3.47100000e-08  3.29875188e+00  3.47100000e-08  3.29902571e+00  3.47100000e-08  0.00000000e+00  3.47100000e-08  0.00000000e+00 
 3.47300000e-08  3.30000001e+00  3.47300000e-08  3.30000001e+00  3.47300000e-08  3.29875981e+00  3.47300000e-08  3.29903199e+00  3.47300000e-08  0.00000000e+00  3.47300000e-08  0.00000000e+00 
 3.47500000e-08  3.30000001e+00  3.47500000e-08  3.30000001e+00  3.47500000e-08  3.29876766e+00  3.47500000e-08  3.29903818e+00  3.47500000e-08  0.00000000e+00  3.47500000e-08  0.00000000e+00 
 3.47700000e-08  3.30000001e+00  3.47700000e-08  3.30000001e+00  3.47700000e-08  3.29877542e+00  3.47700000e-08  3.29904431e+00  3.47700000e-08  0.00000000e+00  3.47700000e-08  0.00000000e+00 
 3.47900000e-08  3.30000001e+00  3.47900000e-08  3.30000001e+00  3.47900000e-08  3.29878308e+00  3.47900000e-08  3.29905036e+00  3.47900000e-08  0.00000000e+00  3.47900000e-08  0.00000000e+00 
 3.48100000e-08  3.30000001e+00  3.48100000e-08  3.30000001e+00  3.48100000e-08  3.29879066e+00  3.48100000e-08  3.29905635e+00  3.48100000e-08  0.00000000e+00  3.48100000e-08  0.00000000e+00 
 3.48300000e-08  3.30000001e+00  3.48300000e-08  3.30000001e+00  3.48300000e-08  3.29879815e+00  3.48300000e-08  3.29906226e+00  3.48300000e-08  0.00000000e+00  3.48300000e-08  0.00000000e+00 
 3.48500000e-08  3.30000001e+00  3.48500000e-08  3.30000001e+00  3.48500000e-08  3.29880555e+00  3.48500000e-08  3.29906811e+00  3.48500000e-08  0.00000000e+00  3.48500000e-08  0.00000000e+00 
 3.48700000e-08  3.30000001e+00  3.48700000e-08  3.30000001e+00  3.48700000e-08  3.29881287e+00  3.48700000e-08  3.29907388e+00  3.48700000e-08  0.00000000e+00  3.48700000e-08  0.00000000e+00 
 3.48900000e-08  3.30000001e+00  3.48900000e-08  3.30000001e+00  3.48900000e-08  3.29882010e+00  3.48900000e-08  3.29907960e+00  3.48900000e-08  0.00000000e+00  3.48900000e-08  0.00000000e+00 
 3.49100000e-08  3.30000001e+00  3.49100000e-08  3.30000001e+00  3.49100000e-08  3.29882726e+00  3.49100000e-08  3.29908524e+00  3.49100000e-08  0.00000000e+00  3.49100000e-08  0.00000000e+00 
 3.49300000e-08  3.30000001e+00  3.49300000e-08  3.30000001e+00  3.49300000e-08  3.29883433e+00  3.49300000e-08  3.29909083e+00  3.49300000e-08  0.00000000e+00  3.49300000e-08  0.00000000e+00 
 3.49500000e-08  3.30000001e+00  3.49500000e-08  3.30000001e+00  3.49500000e-08  3.29884133e+00  3.49500000e-08  3.29909635e+00  3.49500000e-08  0.00000000e+00  3.49500000e-08  0.00000000e+00 
 3.49700000e-08  3.30000001e+00  3.49700000e-08  3.30000001e+00  3.49700000e-08  3.29884824e+00  3.49700000e-08  3.29910181e+00  3.49700000e-08  0.00000000e+00  3.49700000e-08  0.00000000e+00 
 3.49900000e-08  3.30000001e+00  3.49900000e-08  3.30000001e+00  3.49900000e-08  3.29885509e+00  3.49900000e-08  3.29910720e+00  3.49900000e-08  0.00000000e+00  3.49900000e-08  0.00000000e+00 
 3.50100000e-08  3.30000001e+00  3.50100000e-08  3.30000001e+00  3.50100000e-08  3.29886185e+00  3.50100000e-08  3.29911254e+00  3.50100000e-08  0.00000000e+00  3.50100000e-08  0.00000000e+00 
 3.50300000e-08  3.30000001e+00  3.50300000e-08  3.30000001e+00  3.50300000e-08  3.29886854e+00  3.50300000e-08  3.29911782e+00  3.50300000e-08  0.00000000e+00  3.50300000e-08  0.00000000e+00 
 3.50500000e-08  3.30000001e+00  3.50500000e-08  3.30000001e+00  3.50500000e-08  3.29887516e+00  3.50500000e-08  3.29912305e+00  3.50500000e-08  0.00000000e+00  3.50500000e-08  0.00000000e+00 
 3.50700000e-08  3.30000001e+00  3.50700000e-08  3.30000001e+00  3.50700000e-08  3.29888171e+00  3.50700000e-08  3.29912821e+00  3.50700000e-08  0.00000000e+00  3.50700000e-08  0.00000000e+00 
 3.50900000e-08  3.30000001e+00  3.50900000e-08  3.30000001e+00  3.50900000e-08  3.29888818e+00  3.50900000e-08  3.29913332e+00  3.50900000e-08  0.00000000e+00  3.50900000e-08  0.00000000e+00 
 3.51100000e-08  3.30000001e+00  3.51100000e-08  3.30000001e+00  3.51100000e-08  3.29889459e+00  3.51100000e-08  3.29913837e+00  3.51100000e-08  0.00000000e+00  3.51100000e-08  0.00000000e+00 
 3.51300000e-08  3.30000001e+00  3.51300000e-08  3.30000001e+00  3.51300000e-08  3.29890093e+00  3.51300000e-08  3.29914337e+00  3.51300000e-08  0.00000000e+00  3.51300000e-08  0.00000000e+00 
 3.51500000e-08  3.30000001e+00  3.51500000e-08  3.30000001e+00  3.51500000e-08  3.29890720e+00  3.51500000e-08  3.29914831e+00  3.51500000e-08  0.00000000e+00  3.51500000e-08  0.00000000e+00 
 3.51700000e-08  3.30000001e+00  3.51700000e-08  3.30000001e+00  3.51700000e-08  3.29891340e+00  3.51700000e-08  3.29915320e+00  3.51700000e-08  0.00000000e+00  3.51700000e-08  0.00000000e+00 
 3.51900000e-08  3.30000001e+00  3.51900000e-08  3.30000001e+00  3.51900000e-08  3.29891954e+00  3.51900000e-08  3.29915804e+00  3.51900000e-08  0.00000000e+00  3.51900000e-08  0.00000000e+00 
 3.52100000e-08  3.30000001e+00  3.52100000e-08  3.30000001e+00  3.52100000e-08  3.29892561e+00  3.52100000e-08  3.29916283e+00  3.52100000e-08  0.00000000e+00  3.52100000e-08  0.00000000e+00 
 3.52300000e-08  3.30000000e+00  3.52300000e-08  3.30000001e+00  3.52300000e-08  3.29893163e+00  3.52300000e-08  3.29916757e+00  3.52300000e-08  0.00000000e+00  3.52300000e-08  0.00000000e+00 
 3.52500000e-08  3.30000001e+00  3.52500000e-08  3.30000001e+00  3.52500000e-08  3.29893757e+00  3.52500000e-08  3.29917226e+00  3.52500000e-08  0.00000000e+00  3.52500000e-08  0.00000000e+00 
 3.52700000e-08  3.30000000e+00  3.52700000e-08  3.30000001e+00  3.52700000e-08  3.29894346e+00  3.52700000e-08  3.29917690e+00  3.52700000e-08  0.00000000e+00  3.52700000e-08  0.00000000e+00 
 3.52900000e-08  3.30000000e+00  3.52900000e-08  3.30000000e+00  3.52900000e-08  3.29894928e+00  3.52900000e-08  3.29918149e+00  3.52900000e-08  0.00000000e+00  3.52900000e-08  0.00000000e+00 
 3.53100000e-08  3.30000000e+00  3.53100000e-08  3.30000000e+00  3.53100000e-08  3.29895505e+00  3.53100000e-08  3.29918603e+00  3.53100000e-08  0.00000000e+00  3.53100000e-08  0.00000000e+00 
 3.53300000e-08  3.30000000e+00  3.53300000e-08  3.30000000e+00  3.53300000e-08  3.29896076e+00  3.53300000e-08  3.29919053e+00  3.53300000e-08  0.00000000e+00  3.53300000e-08  0.00000000e+00 
 3.53500000e-08  3.30000000e+00  3.53500000e-08  3.30000000e+00  3.53500000e-08  3.29896641e+00  3.53500000e-08  3.29919498e+00  3.53500000e-08  0.00000000e+00  3.53500000e-08  0.00000000e+00 
 3.53700000e-08  3.30000000e+00  3.53700000e-08  3.30000000e+00  3.53700000e-08  3.29897200e+00  3.53700000e-08  3.29919939e+00  3.53700000e-08  0.00000000e+00  3.53700000e-08  0.00000000e+00 
 3.53900000e-08  3.30000000e+00  3.53900000e-08  3.30000000e+00  3.53900000e-08  3.29897754e+00  3.53900000e-08  3.29920375e+00  3.53900000e-08  0.00000000e+00  3.53900000e-08  0.00000000e+00 
 3.54100000e-08  3.30000000e+00  3.54100000e-08  3.30000000e+00  3.54100000e-08  3.29898302e+00  3.54100000e-08  3.29920807e+00  3.54100000e-08  0.00000000e+00  3.54100000e-08  0.00000000e+00 
 3.54300000e-08  3.30000000e+00  3.54300000e-08  3.30000000e+00  3.54300000e-08  3.29898845e+00  3.54300000e-08  3.29921234e+00  3.54300000e-08  0.00000000e+00  3.54300000e-08  0.00000000e+00 
 3.54500000e-08  3.30000000e+00  3.54500000e-08  3.30000000e+00  3.54500000e-08  3.29899382e+00  3.54500000e-08  3.29921658e+00  3.54500000e-08  0.00000000e+00  3.54500000e-08  0.00000000e+00 
 3.54700000e-08  3.30000000e+00  3.54700000e-08  3.30000000e+00  3.54700000e-08  3.29899914e+00  3.54700000e-08  3.29922076e+00  3.54700000e-08  0.00000000e+00  3.54700000e-08  0.00000000e+00 
 3.54900000e-08  3.30000000e+00  3.54900000e-08  3.30000000e+00  3.54900000e-08  3.29900440e+00  3.54900000e-08  3.29922491e+00  3.54900000e-08  0.00000000e+00  3.54900000e-08  0.00000000e+00 
 3.55100000e-08  3.30000000e+00  3.55100000e-08  3.30000000e+00  3.55100000e-08  3.29900962e+00  3.55100000e-08  3.29922902e+00  3.55100000e-08  0.00000000e+00  3.55100000e-08  0.00000000e+00 
 3.55300000e-08  3.30000000e+00  3.55300000e-08  3.30000000e+00  3.55300000e-08  3.29901478e+00  3.55300000e-08  3.29923309e+00  3.55300000e-08  0.00000000e+00  3.55300000e-08  0.00000000e+00 
 3.55500000e-08  3.30000000e+00  3.55500000e-08  3.30000000e+00  3.55500000e-08  3.29901990e+00  3.55500000e-08  3.29923711e+00  3.55500000e-08  0.00000000e+00  3.55500000e-08  0.00000000e+00 
 3.55700000e-08  3.30000000e+00  3.55700000e-08  3.30000000e+00  3.55700000e-08  3.29902496e+00  3.55700000e-08  3.29924110e+00  3.55700000e-08  0.00000000e+00  3.55700000e-08  0.00000000e+00 
 3.55900000e-08  3.30000000e+00  3.55900000e-08  3.30000000e+00  3.55900000e-08  3.29902998e+00  3.55900000e-08  3.29924504e+00  3.55900000e-08  0.00000000e+00  3.55900000e-08  0.00000000e+00 
 3.56100000e-08  3.30000000e+00  3.56100000e-08  3.30000000e+00  3.56100000e-08  3.29903494e+00  3.56100000e-08  3.29924896e+00  3.56100000e-08  0.00000000e+00  3.56100000e-08  0.00000000e+00 
 3.56300000e-08  3.30000000e+00  3.56300000e-08  3.30000000e+00  3.56300000e-08  3.29903987e+00  3.56300000e-08  3.29925283e+00  3.56300000e-08  0.00000000e+00  3.56300000e-08  0.00000000e+00 
 3.56500000e-08  3.30000000e+00  3.56500000e-08  3.30000000e+00  3.56500000e-08  3.29904474e+00  3.56500000e-08  3.29925667e+00  3.56500000e-08  0.00000000e+00  3.56500000e-08  0.00000000e+00 
 3.56700000e-08  3.30000000e+00  3.56700000e-08  3.30000000e+00  3.56700000e-08  3.29904957e+00  3.56700000e-08  3.29926046e+00  3.56700000e-08  0.00000000e+00  3.56700000e-08  0.00000000e+00 
 3.56900000e-08  3.30000000e+00  3.56900000e-08  3.30000000e+00  3.56900000e-08  3.29905435e+00  3.56900000e-08  3.29926423e+00  3.56900000e-08  0.00000000e+00  3.56900000e-08  0.00000000e+00 
 3.57100000e-08  3.30000000e+00  3.57100000e-08  3.30000000e+00  3.57100000e-08  3.29905909e+00  3.57100000e-08  3.29926795e+00  3.57100000e-08  0.00000000e+00  3.57100000e-08  0.00000000e+00 
 3.57300000e-08  3.30000000e+00  3.57300000e-08  3.30000000e+00  3.57300000e-08  3.29906378e+00  3.57300000e-08  3.29927165e+00  3.57300000e-08  0.00000000e+00  3.57300000e-08  0.00000000e+00 
 3.57500000e-08  3.30000000e+00  3.57500000e-08  3.30000000e+00  3.57500000e-08  3.29906843e+00  3.57500000e-08  3.29927530e+00  3.57500000e-08  0.00000000e+00  3.57500000e-08  0.00000000e+00 
 3.57700000e-08  3.30000000e+00  3.57700000e-08  3.30000000e+00  3.57700000e-08  3.29907303e+00  3.57700000e-08  3.29927893e+00  3.57700000e-08  0.00000000e+00  3.57700000e-08  0.00000000e+00 
 3.57900000e-08  3.30000000e+00  3.57900000e-08  3.30000000e+00  3.57900000e-08  3.29907760e+00  3.57900000e-08  3.29928252e+00  3.57900000e-08  0.00000000e+00  3.57900000e-08  0.00000000e+00 
 3.58100000e-08  3.30000000e+00  3.58100000e-08  3.30000000e+00  3.58100000e-08  3.29908212e+00  3.58100000e-08  3.29928608e+00  3.58100000e-08  0.00000000e+00  3.58100000e-08  0.00000000e+00 
 3.58300000e-08  3.30000000e+00  3.58300000e-08  3.30000000e+00  3.58300000e-08  3.29908660e+00  3.58300000e-08  3.29928960e+00  3.58300000e-08  0.00000000e+00  3.58300000e-08  0.00000000e+00 
 3.58500000e-08  3.30000000e+00  3.58500000e-08  3.30000000e+00  3.58500000e-08  3.29909104e+00  3.58500000e-08  3.29929309e+00  3.58500000e-08  0.00000000e+00  3.58500000e-08  0.00000000e+00 
 3.58700000e-08  3.30000000e+00  3.58700000e-08  3.30000000e+00  3.58700000e-08  3.29909544e+00  3.58700000e-08  3.29929655e+00  3.58700000e-08  0.00000000e+00  3.58700000e-08  0.00000000e+00 
 3.58900000e-08  3.30000000e+00  3.58900000e-08  3.30000000e+00  3.58900000e-08  3.29909980e+00  3.58900000e-08  3.29929998e+00  3.58900000e-08  0.00000000e+00  3.58900000e-08  0.00000000e+00 
 3.59100000e-08  3.30000000e+00  3.59100000e-08  3.30000000e+00  3.59100000e-08  3.29910412e+00  3.59100000e-08  3.29930337e+00  3.59100000e-08  0.00000000e+00  3.59100000e-08  0.00000000e+00 
 3.59300000e-08  3.30000000e+00  3.59300000e-08  3.30000000e+00  3.59300000e-08  3.29910840e+00  3.59300000e-08  3.29930674e+00  3.59300000e-08  0.00000000e+00  3.59300000e-08  0.00000000e+00 
 3.59500000e-08  3.30000000e+00  3.59500000e-08  3.30000000e+00  3.59500000e-08  3.29911265e+00  3.59500000e-08  3.29931007e+00  3.59500000e-08  0.00000000e+00  3.59500000e-08  0.00000000e+00 
 3.59700000e-08  3.30000000e+00  3.59700000e-08  3.30000000e+00  3.59700000e-08  3.29911685e+00  3.59700000e-08  3.29931338e+00  3.59700000e-08  0.00000000e+00  3.59700000e-08  0.00000000e+00 
 3.59900000e-08  3.30000000e+00  3.59900000e-08  3.30000000e+00  3.59900000e-08  3.29912102e+00  3.59900000e-08  3.29931666e+00  3.59900000e-08  0.00000000e+00  3.59900000e-08  0.00000000e+00 
 3.60100000e-08  3.30000000e+00  3.60100000e-08  3.30000000e+00  3.60100000e-08  3.29912515e+00  3.60100000e-08  3.29931991e+00  3.60100000e-08  0.00000000e+00  3.60100000e-08  0.00000000e+00 
 3.60300000e-08  3.30000000e+00  3.60300000e-08  3.30000000e+00  3.60300000e-08  3.29912925e+00  3.60300000e-08  3.29932312e+00  3.60300000e-08  0.00000000e+00  3.60300000e-08  0.00000000e+00 
 3.60500000e-08  3.30000000e+00  3.60500000e-08  3.30000000e+00  3.60500000e-08  3.29913330e+00  3.60500000e-08  3.29932632e+00  3.60500000e-08  0.00000000e+00  3.60500000e-08  0.00000000e+00 
 3.60700000e-08  3.30000000e+00  3.60700000e-08  3.30000000e+00  3.60700000e-08  3.29913733e+00  3.60700000e-08  3.29932947e+00  3.60700000e-08  0.00000000e+00  3.60700000e-08  0.00000000e+00 
 3.60900000e-08  3.30000000e+00  3.60900000e-08  3.30000000e+00  3.60900000e-08  3.29914132e+00  3.60900000e-08  3.29933261e+00  3.60900000e-08  0.00000000e+00  3.60900000e-08  0.00000000e+00 
 3.61100000e-08  3.30000000e+00  3.61100000e-08  3.30000000e+00  3.61100000e-08  3.29914528e+00  3.61100000e-08  3.29933572e+00  3.61100000e-08  0.00000000e+00  3.61100000e-08  0.00000000e+00 
 3.61300000e-08  3.30000000e+00  3.61300000e-08  3.30000000e+00  3.61300000e-08  3.29914919e+00  3.61300000e-08  3.29933880e+00  3.61300000e-08  0.00000000e+00  3.61300000e-08  0.00000000e+00 
 3.61500000e-08  3.30000000e+00  3.61500000e-08  3.30000000e+00  3.61500000e-08  3.29915308e+00  3.61500000e-08  3.29934185e+00  3.61500000e-08  0.00000000e+00  3.61500000e-08  0.00000000e+00 
 3.61700000e-08  3.30000000e+00  3.61700000e-08  3.30000000e+00  3.61700000e-08  3.29915693e+00  3.61700000e-08  3.29934488e+00  3.61700000e-08  0.00000000e+00  3.61700000e-08  0.00000000e+00 
 3.61900000e-08  3.30000000e+00  3.61900000e-08  3.30000000e+00  3.61900000e-08  3.29916076e+00  3.61900000e-08  3.29934788e+00  3.61900000e-08  0.00000000e+00  3.61900000e-08  0.00000000e+00 
 3.62100000e-08  3.30000000e+00  3.62100000e-08  3.30000000e+00  3.62100000e-08  3.29916454e+00  3.62100000e-08  3.29935086e+00  3.62100000e-08  0.00000000e+00  3.62100000e-08  0.00000000e+00 
 3.62300000e-08  3.30000000e+00  3.62300000e-08  3.30000000e+00  3.62300000e-08  3.29916830e+00  3.62300000e-08  3.29935380e+00  3.62300000e-08  0.00000000e+00  3.62300000e-08  0.00000000e+00 
 3.62500000e-08  3.30000000e+00  3.62500000e-08  3.30000000e+00  3.62500000e-08  3.29917202e+00  3.62500000e-08  3.29935673e+00  3.62500000e-08  0.00000000e+00  3.62500000e-08  0.00000000e+00 
 3.62700000e-08  3.30000000e+00  3.62700000e-08  3.30000000e+00  3.62700000e-08  3.29917572e+00  3.62700000e-08  3.29935963e+00  3.62700000e-08  0.00000000e+00  3.62700000e-08  0.00000000e+00 
 3.62900000e-08  3.30000000e+00  3.62900000e-08  3.30000000e+00  3.62900000e-08  3.29917938e+00  3.62900000e-08  3.29936251e+00  3.62900000e-08  0.00000000e+00  3.62900000e-08  0.00000000e+00 
 3.63100000e-08  3.30000000e+00  3.63100000e-08  3.30000000e+00  3.63100000e-08  3.29918302e+00  3.63100000e-08  3.29936536e+00  3.63100000e-08  0.00000000e+00  3.63100000e-08  0.00000000e+00 
 3.63300000e-08  3.30000000e+00  3.63300000e-08  3.30000000e+00  3.63300000e-08  3.29918662e+00  3.63300000e-08  3.29936819e+00  3.63300000e-08  0.00000000e+00  3.63300000e-08  0.00000000e+00 
 3.63500000e-08  3.30000000e+00  3.63500000e-08  3.30000000e+00  3.63500000e-08  3.29919019e+00  3.63500000e-08  3.29937099e+00  3.63500000e-08  0.00000000e+00  3.63500000e-08  0.00000000e+00 
 3.63700000e-08  3.30000000e+00  3.63700000e-08  3.30000000e+00  3.63700000e-08  3.29919373e+00  3.63700000e-08  3.29937378e+00  3.63700000e-08  0.00000000e+00  3.63700000e-08  0.00000000e+00 
 3.63900000e-08  3.30000000e+00  3.63900000e-08  3.30000000e+00  3.63900000e-08  3.29919725e+00  3.63900000e-08  3.29937653e+00  3.63900000e-08  0.00000000e+00  3.63900000e-08  0.00000000e+00 
 3.64100000e-08  3.30000000e+00  3.64100000e-08  3.30000000e+00  3.64100000e-08  3.29920073e+00  3.64100000e-08  3.29937927e+00  3.64100000e-08  0.00000000e+00  3.64100000e-08  0.00000000e+00 
 3.64300000e-08  3.30000000e+00  3.64300000e-08  3.30000000e+00  3.64300000e-08  3.29920419e+00  3.64300000e-08  3.29938198e+00  3.64300000e-08  0.00000000e+00  3.64300000e-08  0.00000000e+00 
 3.64500000e-08  3.30000000e+00  3.64500000e-08  3.30000000e+00  3.64500000e-08  3.29920762e+00  3.64500000e-08  3.29938467e+00  3.64500000e-08  0.00000000e+00  3.64500000e-08  0.00000000e+00 
 3.64700000e-08  3.30000000e+00  3.64700000e-08  3.30000000e+00  3.64700000e-08  3.29921102e+00  3.64700000e-08  3.29938734e+00  3.64700000e-08  0.00000000e+00  3.64700000e-08  0.00000000e+00 
 3.64900000e-08  3.30000000e+00  3.64900000e-08  3.30000000e+00  3.64900000e-08  3.29921439e+00  3.64900000e-08  3.29938999e+00  3.64900000e-08  0.00000000e+00  3.64900000e-08  0.00000000e+00 
 3.65100000e-08  3.30000000e+00  3.65100000e-08  3.30000000e+00  3.65100000e-08  3.29921774e+00  3.65100000e-08  3.29939261e+00  3.65100000e-08  0.00000000e+00  3.65100000e-08  0.00000000e+00 
 3.65300000e-08  3.30000000e+00  3.65300000e-08  3.30000000e+00  3.65300000e-08  3.29922106e+00  3.65300000e-08  3.29939522e+00  3.65300000e-08  0.00000000e+00  3.65300000e-08  0.00000000e+00 
 3.65500000e-08  3.30000000e+00  3.65500000e-08  3.30000000e+00  3.65500000e-08  3.29922436e+00  3.65500000e-08  3.29939780e+00  3.65500000e-08  0.00000000e+00  3.65500000e-08  0.00000000e+00 
 3.65700000e-08  3.30000000e+00  3.65700000e-08  3.30000000e+00  3.65700000e-08  3.29922762e+00  3.65700000e-08  3.29940037e+00  3.65700000e-08  0.00000000e+00  3.65700000e-08  0.00000000e+00 
 3.65900000e-08  3.30000000e+00  3.65900000e-08  3.30000000e+00  3.65900000e-08  3.29923087e+00  3.65900000e-08  3.29940291e+00  3.65900000e-08  0.00000000e+00  3.65900000e-08  0.00000000e+00 
 3.66100000e-08  3.30000000e+00  3.66100000e-08  3.30000000e+00  3.66100000e-08  3.29923408e+00  3.66100000e-08  3.29940543e+00  3.66100000e-08  0.00000000e+00  3.66100000e-08  0.00000000e+00 
 3.66300000e-08  3.30000000e+00  3.66300000e-08  3.30000000e+00  3.66300000e-08  3.29923727e+00  3.66300000e-08  3.29940793e+00  3.66300000e-08  0.00000000e+00  3.66300000e-08  0.00000000e+00 
 3.66500000e-08  3.30000000e+00  3.66500000e-08  3.30000000e+00  3.66500000e-08  3.29924044e+00  3.66500000e-08  3.29941042e+00  3.66500000e-08  0.00000000e+00  3.66500000e-08  0.00000000e+00 
 3.66700000e-08  3.30000000e+00  3.66700000e-08  3.30000000e+00  3.66700000e-08  3.29924358e+00  3.66700000e-08  3.29941288e+00  3.66700000e-08  0.00000000e+00  3.66700000e-08  0.00000000e+00 
 3.66900000e-08  3.30000000e+00  3.66900000e-08  3.30000000e+00  3.66900000e-08  3.29924669e+00  3.66900000e-08  3.29941533e+00  3.66900000e-08  0.00000000e+00  3.66900000e-08  0.00000000e+00 
 3.67100000e-08  3.30000000e+00  3.67100000e-08  3.30000000e+00  3.67100000e-08  3.29924979e+00  3.67100000e-08  3.29941775e+00  3.67100000e-08  0.00000000e+00  3.67100000e-08  0.00000000e+00 
 3.67300000e-08  3.30000000e+00  3.67300000e-08  3.30000000e+00  3.67300000e-08  3.29925286e+00  3.67300000e-08  3.29942016e+00  3.67300000e-08  0.00000000e+00  3.67300000e-08  0.00000000e+00 
 3.67500000e-08  3.30000000e+00  3.67500000e-08  3.30000000e+00  3.67500000e-08  3.29925590e+00  3.67500000e-08  3.29942254e+00  3.67500000e-08  0.00000000e+00  3.67500000e-08  0.00000000e+00 
 3.67700000e-08  3.30000000e+00  3.67700000e-08  3.30000000e+00  3.67700000e-08  3.29925892e+00  3.67700000e-08  3.29942492e+00  3.67700000e-08  0.00000000e+00  3.67700000e-08  0.00000000e+00 
 3.67900000e-08  3.30000000e+00  3.67900000e-08  3.30000000e+00  3.67900000e-08  3.29926193e+00  3.67900000e-08  3.29942726e+00  3.67900000e-08  0.00000000e+00  3.67900000e-08  0.00000000e+00 
 3.68100000e-08  3.30000000e+00  3.68100000e-08  3.30000000e+00  3.68100000e-08  3.29926490e+00  3.68100000e-08  3.29942960e+00  3.68100000e-08  0.00000000e+00  3.68100000e-08  0.00000000e+00 
 3.68300000e-08  3.30000000e+00  3.68300000e-08  3.30000000e+00  3.68300000e-08  3.29926786e+00  3.68300000e-08  3.29943191e+00  3.68300000e-08  0.00000000e+00  3.68300000e-08  0.00000000e+00 
 3.68500000e-08  3.30000000e+00  3.68500000e-08  3.30000000e+00  3.68500000e-08  3.29927078e+00  3.68500000e-08  3.29943421e+00  3.68500000e-08  0.00000000e+00  3.68500000e-08  0.00000000e+00 
 3.68700000e-08  3.30000000e+00  3.68700000e-08  3.30000000e+00  3.68700000e-08  3.29927370e+00  3.68700000e-08  3.29943649e+00  3.68700000e-08  0.00000000e+00  3.68700000e-08  0.00000000e+00 
 3.68900000e-08  3.30000000e+00  3.68900000e-08  3.30000000e+00  3.68900000e-08  3.29927658e+00  3.68900000e-08  3.29943876e+00  3.68900000e-08  0.00000000e+00  3.68900000e-08  0.00000000e+00 
 3.69100000e-08  3.30000000e+00  3.69100000e-08  3.30000000e+00  3.69100000e-08  3.29927945e+00  3.69100000e-08  3.29944100e+00  3.69100000e-08  0.00000000e+00  3.69100000e-08  0.00000000e+00 
 3.69300000e-08  3.30000000e+00  3.69300000e-08  3.30000000e+00  3.69300000e-08  3.29928229e+00  3.69300000e-08  3.29944323e+00  3.69300000e-08  0.00000000e+00  3.69300000e-08  0.00000000e+00 
 3.69500000e-08  3.30000000e+00  3.69500000e-08  3.30000000e+00  3.69500000e-08  3.29928512e+00  3.69500000e-08  3.29944544e+00  3.69500000e-08  0.00000000e+00  3.69500000e-08  0.00000000e+00 
 3.69700000e-08  3.30000000e+00  3.69700000e-08  3.30000000e+00  3.69700000e-08  3.29928792e+00  3.69700000e-08  3.29944764e+00  3.69700000e-08  0.00000000e+00  3.69700000e-08  0.00000000e+00 
 3.69900000e-08  3.30000000e+00  3.69900000e-08  3.30000000e+00  3.69900000e-08  3.29929070e+00  3.69900000e-08  3.29944982e+00  3.69900000e-08  0.00000000e+00  3.69900000e-08  0.00000000e+00 
 3.70100000e-08  3.30000000e+00  3.70100000e-08  3.30000000e+00  3.70100000e-08  3.29929346e+00  3.70100000e-08  3.29945199e+00  3.70100000e-08  0.00000000e+00  3.70100000e-08  0.00000000e+00 
 3.70300000e-08  3.30000000e+00  3.70300000e-08  3.30000000e+00  3.70300000e-08  3.29929621e+00  3.70300000e-08  3.29945413e+00  3.70300000e-08  0.00000000e+00  3.70300000e-08  0.00000000e+00 
 3.70500000e-08  3.30000000e+00  3.70500000e-08  3.30000000e+00  3.70500000e-08  3.29929892e+00  3.70500000e-08  3.29945626e+00  3.70500000e-08  0.00000000e+00  3.70500000e-08  0.00000000e+00 
 3.70700000e-08  3.30000000e+00  3.70700000e-08  3.30000000e+00  3.70700000e-08  3.29930163e+00  3.70700000e-08  3.29945838e+00  3.70700000e-08  0.00000000e+00  3.70700000e-08  0.00000000e+00 
 3.70900000e-08  3.30000000e+00  3.70900000e-08  3.30000000e+00  3.70900000e-08  3.29930431e+00  3.70900000e-08  3.29946048e+00  3.70900000e-08  0.00000000e+00  3.70900000e-08  0.00000000e+00 
 3.71100000e-08  3.30000000e+00  3.71100000e-08  3.30000000e+00  3.71100000e-08  3.29930697e+00  3.71100000e-08  3.29946256e+00  3.71100000e-08  0.00000000e+00  3.71100000e-08  0.00000000e+00 
 3.71300000e-08  3.30000000e+00  3.71300000e-08  3.30000000e+00  3.71300000e-08  3.29930961e+00  3.71300000e-08  3.29946464e+00  3.71300000e-08  0.00000000e+00  3.71300000e-08  0.00000000e+00 
 3.71500000e-08  3.30000000e+00  3.71500000e-08  3.30000000e+00  3.71500000e-08  3.29931224e+00  3.71500000e-08  3.29946669e+00  3.71500000e-08  0.00000000e+00  3.71500000e-08  0.00000000e+00 
 3.71700000e-08  3.30000000e+00  3.71700000e-08  3.30000000e+00  3.71700000e-08  3.29931484e+00  3.71700000e-08  3.29946873e+00  3.71700000e-08  0.00000000e+00  3.71700000e-08  0.00000000e+00 
 3.71900000e-08  3.30000000e+00  3.71900000e-08  3.30000000e+00  3.71900000e-08  3.29931743e+00  3.71900000e-08  3.29947076e+00  3.71900000e-08  0.00000000e+00  3.71900000e-08  0.00000000e+00 
 3.72100000e-08  3.30000000e+00  3.72100000e-08  3.30000000e+00  3.72100000e-08  3.29932000e+00  3.72100000e-08  3.29947277e+00  3.72100000e-08  0.00000000e+00  3.72100000e-08  0.00000000e+00 
 3.72300000e-08  3.30000000e+00  3.72300000e-08  3.30000000e+00  3.72300000e-08  3.29932255e+00  3.72300000e-08  3.29947476e+00  3.72300000e-08  0.00000000e+00  3.72300000e-08  0.00000000e+00 
 3.72500000e-08  3.30000000e+00  3.72500000e-08  3.30000000e+00  3.72500000e-08  3.29932508e+00  3.72500000e-08  3.29947675e+00  3.72500000e-08  0.00000000e+00  3.72500000e-08  0.00000000e+00 
 3.72700000e-08  3.30000000e+00  3.72700000e-08  3.30000000e+00  3.72700000e-08  3.29932760e+00  3.72700000e-08  3.29947871e+00  3.72700000e-08  0.00000000e+00  3.72700000e-08  0.00000000e+00 
 3.72900000e-08  3.30000000e+00  3.72900000e-08  3.30000000e+00  3.72900000e-08  3.29933009e+00  3.72900000e-08  3.29948067e+00  3.72900000e-08  0.00000000e+00  3.72900000e-08  0.00000000e+00 
 3.73100000e-08  3.30000000e+00  3.73100000e-08  3.30000000e+00  3.73100000e-08  3.29933258e+00  3.73100000e-08  3.29948261e+00  3.73100000e-08  0.00000000e+00  3.73100000e-08  0.00000000e+00 
 3.73300000e-08  3.30000000e+00  3.73300000e-08  3.30000000e+00  3.73300000e-08  3.29933504e+00  3.73300000e-08  3.29948454e+00  3.73300000e-08  0.00000000e+00  3.73300000e-08  0.00000000e+00 
 3.73500000e-08  3.30000000e+00  3.73500000e-08  3.30000000e+00  3.73500000e-08  3.29933748e+00  3.73500000e-08  3.29948645e+00  3.73500000e-08  0.00000000e+00  3.73500000e-08  0.00000000e+00 
 3.73700000e-08  3.30000000e+00  3.73700000e-08  3.30000000e+00  3.73700000e-08  3.29933991e+00  3.73700000e-08  3.29948836e+00  3.73700000e-08  0.00000000e+00  3.73700000e-08  0.00000000e+00 
 3.73900000e-08  3.30000000e+00  3.73900000e-08  3.30000000e+00  3.73900000e-08  3.29934232e+00  3.73900000e-08  3.29949024e+00  3.73900000e-08  0.00000000e+00  3.73900000e-08  0.00000000e+00 
 3.74100000e-08  3.30000000e+00  3.74100000e-08  3.30000000e+00  3.74100000e-08  3.29934472e+00  3.74100000e-08  3.29949212e+00  3.74100000e-08  0.00000000e+00  3.74100000e-08  0.00000000e+00 
 3.74300000e-08  3.30000000e+00  3.74300000e-08  3.30000000e+00  3.74300000e-08  3.29934710e+00  3.74300000e-08  3.29949397e+00  3.74300000e-08  0.00000000e+00  3.74300000e-08  0.00000000e+00 
 3.74500000e-08  3.30000000e+00  3.74500000e-08  3.30000000e+00  3.74500000e-08  3.29934946e+00  3.74500000e-08  3.29949583e+00  3.74500000e-08  0.00000000e+00  3.74500000e-08  0.00000000e+00 
 3.74700000e-08  3.30000000e+00  3.74700000e-08  3.30000000e+00  3.74700000e-08  3.29935181e+00  3.74700000e-08  3.29949766e+00  3.74700000e-08  0.00000000e+00  3.74700000e-08  0.00000000e+00 
 3.74900000e-08  3.30000000e+00  3.74900000e-08  3.30000000e+00  3.74900000e-08  3.29935413e+00  3.74900000e-08  3.29949949e+00  3.74900000e-08  0.00000000e+00  3.74900000e-08  0.00000000e+00 
 3.75100000e-08  3.30000000e+00  3.75100000e-08  3.30000000e+00  3.75100000e-08  3.29935645e+00  3.75100000e-08  3.29950129e+00  3.75100000e-08  0.00000000e+00  3.75100000e-08  0.00000000e+00 
 3.75300000e-08  3.30000000e+00  3.75300000e-08  3.30000000e+00  3.75300000e-08  3.29935875e+00  3.75300000e-08  3.29950309e+00  3.75300000e-08  0.00000000e+00  3.75300000e-08  0.00000000e+00 
 3.75500000e-08  3.30000000e+00  3.75500000e-08  3.30000000e+00  3.75500000e-08  3.29936103e+00  3.75500000e-08  3.29950488e+00  3.75500000e-08  0.00000000e+00  3.75500000e-08  0.00000000e+00 
 3.75700000e-08  3.30000000e+00  3.75700000e-08  3.30000000e+00  3.75700000e-08  3.29936330e+00  3.75700000e-08  3.29950665e+00  3.75700000e-08  0.00000000e+00  3.75700000e-08  0.00000000e+00 
 3.75900000e-08  3.30000000e+00  3.75900000e-08  3.30000000e+00  3.75900000e-08  3.29936555e+00  3.75900000e-08  3.29950841e+00  3.75900000e-08  0.00000000e+00  3.75900000e-08  0.00000000e+00 
 3.76100000e-08  3.30000000e+00  3.76100000e-08  3.30000000e+00  3.76100000e-08  3.29936779e+00  3.76100000e-08  3.29951017e+00  3.76100000e-08  0.00000000e+00  3.76100000e-08  0.00000000e+00 
 3.76300000e-08  3.30000000e+00  3.76300000e-08  3.30000000e+00  3.76300000e-08  3.29937001e+00  3.76300000e-08  3.29951190e+00  3.76300000e-08  0.00000000e+00  3.76300000e-08  0.00000000e+00 
 3.76500000e-08  3.30000000e+00  3.76500000e-08  3.30000000e+00  3.76500000e-08  3.29937222e+00  3.76500000e-08  3.29951363e+00  3.76500000e-08  0.00000000e+00  3.76500000e-08  0.00000000e+00 
 3.76700000e-08  3.30000000e+00  3.76700000e-08  3.30000000e+00  3.76700000e-08  3.29937441e+00  3.76700000e-08  3.29951534e+00  3.76700000e-08  0.00000000e+00  3.76700000e-08  0.00000000e+00 
 3.76900000e-08  3.30000000e+00  3.76900000e-08  3.30000000e+00  3.76900000e-08  3.29937659e+00  3.76900000e-08  3.29951705e+00  3.76900000e-08  0.00000000e+00  3.76900000e-08  0.00000000e+00 
 3.77100000e-08  3.30000000e+00  3.77100000e-08  3.30000000e+00  3.77100000e-08  3.29937876e+00  3.77100000e-08  3.29951874e+00  3.77100000e-08  0.00000000e+00  3.77100000e-08  0.00000000e+00 
 3.77300000e-08  3.30000000e+00  3.77300000e-08  3.30000000e+00  3.77300000e-08  3.29938091e+00  3.77300000e-08  3.29952043e+00  3.77300000e-08  0.00000000e+00  3.77300000e-08  0.00000000e+00 
 3.77500000e-08  3.30000000e+00  3.77500000e-08  3.30000000e+00  3.77500000e-08  3.29938305e+00  3.77500000e-08  3.29952209e+00  3.77500000e-08  0.00000000e+00  3.77500000e-08  0.00000000e+00 
 3.77700000e-08  3.30000000e+00  3.77700000e-08  3.30000000e+00  3.77700000e-08  3.29938516e+00  3.77700000e-08  3.29952376e+00  3.77700000e-08  0.00000000e+00  3.77700000e-08  0.00000000e+00 
 3.77900000e-08  3.30000000e+00  3.77900000e-08  3.30000000e+00  3.77900000e-08  3.29938728e+00  3.77900000e-08  3.29952540e+00  3.77900000e-08  0.00000000e+00  3.77900000e-08  0.00000000e+00 
 3.78100000e-08  3.30000000e+00  3.78100000e-08  3.30000000e+00  3.78100000e-08  3.29938937e+00  3.78100000e-08  3.29952704e+00  3.78100000e-08  0.00000000e+00  3.78100000e-08  0.00000000e+00 
 3.78300000e-08  3.30000000e+00  3.78300000e-08  3.30000000e+00  3.78300000e-08  3.29939145e+00  3.78300000e-08  3.29952867e+00  3.78300000e-08  0.00000000e+00  3.78300000e-08  0.00000000e+00 
 3.78500000e-08  3.30000000e+00  3.78500000e-08  3.30000000e+00  3.78500000e-08  3.29939352e+00  3.78500000e-08  3.29953029e+00  3.78500000e-08  0.00000000e+00  3.78500000e-08  0.00000000e+00 
 3.78700000e-08  3.30000000e+00  3.78700000e-08  3.30000000e+00  3.78700000e-08  3.29939558e+00  3.78700000e-08  3.29953189e+00  3.78700000e-08  0.00000000e+00  3.78700000e-08  0.00000000e+00 
 3.78900000e-08  3.30000000e+00  3.78900000e-08  3.30000000e+00  3.78900000e-08  3.29939761e+00  3.78900000e-08  3.29953349e+00  3.78900000e-08  0.00000000e+00  3.78900000e-08  0.00000000e+00 
 3.79100000e-08  3.30000000e+00  3.79100000e-08  3.30000000e+00  3.79100000e-08  3.29939965e+00  3.79100000e-08  3.29953507e+00  3.79100000e-08  0.00000000e+00  3.79100000e-08  0.00000000e+00 
 3.79300000e-08  3.30000000e+00  3.79300000e-08  3.30000000e+00  3.79300000e-08  3.29940166e+00  3.79300000e-08  3.29953665e+00  3.79300000e-08  0.00000000e+00  3.79300000e-08  0.00000000e+00 
 3.79500000e-08  3.30000000e+00  3.79500000e-08  3.30000000e+00  3.79500000e-08  3.29940367e+00  3.79500000e-08  3.29953821e+00  3.79500000e-08  0.00000000e+00  3.79500000e-08  0.00000000e+00 
 3.79700000e-08  3.30000000e+00  3.79700000e-08  3.30000000e+00  3.79700000e-08  3.29940565e+00  3.79700000e-08  3.29953977e+00  3.79700000e-08  0.00000000e+00  3.79700000e-08  0.00000000e+00 
 3.79900000e-08  3.30000000e+00  3.79900000e-08  3.30000000e+00  3.79900000e-08  3.29940763e+00  3.79900000e-08  3.29954131e+00  3.79900000e-08  0.00000000e+00  3.79900000e-08  0.00000000e+00 
 3.80100000e-08  3.30000000e+00  3.80100000e-08  3.30000000e+00  3.80100000e-08  3.29940960e+00  3.80100000e-08  3.29954285e+00  3.80100000e-08  0.00000000e+00  3.80100000e-08  0.00000000e+00 
 3.80300000e-08  3.30000000e+00  3.80300000e-08  3.30000000e+00  3.80300000e-08  3.29941155e+00  3.80300000e-08  3.29954437e+00  3.80300000e-08  0.00000000e+00  3.80300000e-08  0.00000000e+00 
 3.80500000e-08  3.30000000e+00  3.80500000e-08  3.30000000e+00  3.80500000e-08  3.29941349e+00  3.80500000e-08  3.29954589e+00  3.80500000e-08  0.00000000e+00  3.80500000e-08  0.00000000e+00 
 3.80700000e-08  3.30000000e+00  3.80700000e-08  3.30000000e+00  3.80700000e-08  3.29941542e+00  3.80700000e-08  3.29954740e+00  3.80700000e-08  0.00000000e+00  3.80700000e-08  0.00000000e+00 
 3.80900000e-08  3.30000000e+00  3.80900000e-08  3.30000000e+00  3.80900000e-08  3.29941734e+00  3.80900000e-08  3.29954890e+00  3.80900000e-08  0.00000000e+00  3.80900000e-08  0.00000000e+00 
 3.81100000e-08  3.30000000e+00  3.81100000e-08  3.30000000e+00  3.81100000e-08  3.29941924e+00  3.81100000e-08  3.29955038e+00  3.81100000e-08  0.00000000e+00  3.81100000e-08  0.00000000e+00 
 3.81300000e-08  3.30000000e+00  3.81300000e-08  3.30000000e+00  3.81300000e-08  3.29942113e+00  3.81300000e-08  3.29955186e+00  3.81300000e-08  0.00000000e+00  3.81300000e-08  0.00000000e+00 
 3.81500000e-08  3.30000000e+00  3.81500000e-08  3.30000000e+00  3.81500000e-08  3.29942302e+00  3.81500000e-08  3.29955333e+00  3.81500000e-08  0.00000000e+00  3.81500000e-08  0.00000000e+00 
 3.81700000e-08  3.30000000e+00  3.81700000e-08  3.30000000e+00  3.81700000e-08  3.29942488e+00  3.81700000e-08  3.29955479e+00  3.81700000e-08  0.00000000e+00  3.81700000e-08  0.00000000e+00 
 3.81900000e-08  3.30000000e+00  3.81900000e-08  3.30000000e+00  3.81900000e-08  3.29942675e+00  3.81900000e-08  3.29955624e+00  3.81900000e-08  0.00000000e+00  3.81900000e-08  0.00000000e+00 
 3.82100000e-08  3.30000000e+00  3.82100000e-08  3.30000000e+00  3.82100000e-08  3.29942859e+00  3.82100000e-08  3.29955769e+00  3.82100000e-08  0.00000000e+00  3.82100000e-08  0.00000000e+00 
 3.82300000e-08  3.30000000e+00  3.82300000e-08  3.30000000e+00  3.82300000e-08  3.29943043e+00  3.82300000e-08  3.29955912e+00  3.82300000e-08  0.00000000e+00  3.82300000e-08  0.00000000e+00 
 3.82500000e-08  3.30000000e+00  3.82500000e-08  3.30000000e+00  3.82500000e-08  3.29943225e+00  3.82500000e-08  3.29956055e+00  3.82500000e-08  0.00000000e+00  3.82500000e-08  0.00000000e+00 
 3.82700000e-08  3.30000000e+00  3.82700000e-08  3.30000000e+00  3.82700000e-08  3.29943407e+00  3.82700000e-08  3.29956196e+00  3.82700000e-08  0.00000000e+00  3.82700000e-08  0.00000000e+00 
 3.82900000e-08  3.30000000e+00  3.82900000e-08  3.30000000e+00  3.82900000e-08  3.29943587e+00  3.82900000e-08  3.29956337e+00  3.82900000e-08  0.00000000e+00  3.82900000e-08  0.00000000e+00 
 3.83100000e-08  3.30000000e+00  3.83100000e-08  3.30000000e+00  3.83100000e-08  3.29943766e+00  3.83100000e-08  3.29956477e+00  3.83100000e-08  0.00000000e+00  3.83100000e-08  0.00000000e+00 
 3.83300000e-08  3.30000000e+00  3.83300000e-08  3.30000000e+00  3.83300000e-08  3.29943944e+00  3.83300000e-08  3.29956616e+00  3.83300000e-08  0.00000000e+00  3.83300000e-08  0.00000000e+00 
 3.83500000e-08  3.30000000e+00  3.83500000e-08  3.30000000e+00  3.83500000e-08  3.29944121e+00  3.83500000e-08  3.29956754e+00  3.83500000e-08  0.00000000e+00  3.83500000e-08  0.00000000e+00 
 3.83700000e-08  3.30000000e+00  3.83700000e-08  3.30000000e+00  3.83700000e-08  3.29944297e+00  3.83700000e-08  3.29956892e+00  3.83700000e-08  0.00000000e+00  3.83700000e-08  0.00000000e+00 
 3.83900000e-08  3.30000000e+00  3.83900000e-08  3.30000000e+00  3.83900000e-08  3.29944472e+00  3.83900000e-08  3.29957028e+00  3.83900000e-08  0.00000000e+00  3.83900000e-08  0.00000000e+00 
 3.84100000e-08  3.30000000e+00  3.84100000e-08  3.30000000e+00  3.84100000e-08  3.29944646e+00  3.84100000e-08  3.29957164e+00  3.84100000e-08  0.00000000e+00  3.84100000e-08  0.00000000e+00 
 3.84300000e-08  3.30000000e+00  3.84300000e-08  3.30000000e+00  3.84300000e-08  3.29944819e+00  3.84300000e-08  3.29957299e+00  3.84300000e-08  0.00000000e+00  3.84300000e-08  0.00000000e+00 
 3.84500000e-08  3.30000000e+00  3.84500000e-08  3.30000000e+00  3.84500000e-08  3.29944991e+00  3.84500000e-08  3.29957433e+00  3.84500000e-08  0.00000000e+00  3.84500000e-08  0.00000000e+00 
 3.84700000e-08  3.30000000e+00  3.84700000e-08  3.30000000e+00  3.84700000e-08  3.29945162e+00  3.84700000e-08  3.29957566e+00  3.84700000e-08  0.00000000e+00  3.84700000e-08  0.00000000e+00 
 3.84900000e-08  3.30000000e+00  3.84900000e-08  3.30000000e+00  3.84900000e-08  3.29945331e+00  3.84900000e-08  3.29957699e+00  3.84900000e-08  0.00000000e+00  3.84900000e-08  0.00000000e+00 
 3.85100000e-08  3.30000000e+00  3.85100000e-08  3.30000000e+00  3.85100000e-08  3.29945500e+00  3.85100000e-08  3.29957830e+00  3.85100000e-08  0.00000000e+00  3.85100000e-08  0.00000000e+00 
 3.85300000e-08  3.30000000e+00  3.85300000e-08  3.30000000e+00  3.85300000e-08  3.29945668e+00  3.85300000e-08  3.29957962e+00  3.85300000e-08  0.00000000e+00  3.85300000e-08  0.00000000e+00 
 3.85500000e-08  3.30000000e+00  3.85500000e-08  3.30000000e+00  3.85500000e-08  3.29945835e+00  3.85500000e-08  3.29958092e+00  3.85500000e-08  0.00000000e+00  3.85500000e-08  0.00000000e+00 
 3.85700000e-08  3.30000000e+00  3.85700000e-08  3.30000000e+00  3.85700000e-08  3.29946001e+00  3.85700000e-08  3.29958221e+00  3.85700000e-08  0.00000000e+00  3.85700000e-08  0.00000000e+00 
 3.85900000e-08  3.30000000e+00  3.85900000e-08  3.30000000e+00  3.85900000e-08  3.29946166e+00  3.85900000e-08  3.29958350e+00  3.85900000e-08  0.00000000e+00  3.85900000e-08  0.00000000e+00 
 3.86100000e-08  3.30000000e+00  3.86100000e-08  3.30000000e+00  3.86100000e-08  3.29946330e+00  3.86100000e-08  3.29958478e+00  3.86100000e-08  0.00000000e+00  3.86100000e-08  0.00000000e+00 
 3.86300000e-08  3.30000000e+00  3.86300000e-08  3.30000000e+00  3.86300000e-08  3.29946493e+00  3.86300000e-08  3.29958605e+00  3.86300000e-08  0.00000000e+00  3.86300000e-08  0.00000000e+00 
 3.86500000e-08  3.30000000e+00  3.86500000e-08  3.30000000e+00  3.86500000e-08  3.29946655e+00  3.86500000e-08  3.29958732e+00  3.86500000e-08  0.00000000e+00  3.86500000e-08  0.00000000e+00 
 3.86700000e-08  3.30000000e+00  3.86700000e-08  3.30000000e+00  3.86700000e-08  3.29946816e+00  3.86700000e-08  3.29958857e+00  3.86700000e-08  0.00000000e+00  3.86700000e-08  0.00000000e+00 
 3.86900000e-08  3.30000000e+00  3.86900000e-08  3.30000000e+00  3.86900000e-08  3.29946976e+00  3.86900000e-08  3.29958982e+00  3.86900000e-08  0.00000000e+00  3.86900000e-08  0.00000000e+00 
 3.87100000e-08  3.30000000e+00  3.87100000e-08  3.30000000e+00  3.87100000e-08  3.29947136e+00  3.87100000e-08  3.29959106e+00  3.87100000e-08  0.00000000e+00  3.87100000e-08  0.00000000e+00 
 3.87300000e-08  3.30000000e+00  3.87300000e-08  3.30000000e+00  3.87300000e-08  3.29947294e+00  3.87300000e-08  3.29959230e+00  3.87300000e-08  0.00000000e+00  3.87300000e-08  0.00000000e+00 
 3.87500000e-08  3.30000000e+00  3.87500000e-08  3.30000000e+00  3.87500000e-08  3.29947452e+00  3.87500000e-08  3.29959353e+00  3.87500000e-08  0.00000000e+00  3.87500000e-08  0.00000000e+00 
 3.87700000e-08  3.30000000e+00  3.87700000e-08  3.30000000e+00  3.87700000e-08  3.29947608e+00  3.87700000e-08  3.29959475e+00  3.87700000e-08  0.00000000e+00  3.87700000e-08  0.00000000e+00 
 3.87900000e-08  3.30000000e+00  3.87900000e-08  3.30000000e+00  3.87900000e-08  3.29947764e+00  3.87900000e-08  3.29959597e+00  3.87900000e-08  0.00000000e+00  3.87900000e-08  0.00000000e+00 
 3.88100000e-08  3.30000000e+00  3.88100000e-08  3.30000000e+00  3.88100000e-08  3.29947919e+00  3.88100000e-08  3.29959718e+00  3.88100000e-08  0.00000000e+00  3.88100000e-08  0.00000000e+00 
 3.88300000e-08  3.30000000e+00  3.88300000e-08  3.30000000e+00  3.88300000e-08  3.29948073e+00  3.88300000e-08  3.29959837e+00  3.88300000e-08  0.00000000e+00  3.88300000e-08  0.00000000e+00 
 3.88500000e-08  3.30000000e+00  3.88500000e-08  3.30000000e+00  3.88500000e-08  3.29948226e+00  3.88500000e-08  3.29959957e+00  3.88500000e-08  0.00000000e+00  3.88500000e-08  0.00000000e+00 
 3.88700000e-08  3.30000000e+00  3.88700000e-08  3.30000000e+00  3.88700000e-08  3.29948378e+00  3.88700000e-08  3.29960076e+00  3.88700000e-08  0.00000000e+00  3.88700000e-08  0.00000000e+00 
 3.88900000e-08  3.30000000e+00  3.88900000e-08  3.30000000e+00  3.88900000e-08  3.29948529e+00  3.88900000e-08  3.29960194e+00  3.88900000e-08  0.00000000e+00  3.88900000e-08  0.00000000e+00 
 3.89100000e-08  3.30000000e+00  3.89100000e-08  3.30000000e+00  3.89100000e-08  3.29948680e+00  3.89100000e-08  3.29960311e+00  3.89100000e-08  0.00000000e+00  3.89100000e-08  0.00000000e+00 
 3.89300000e-08  3.30000000e+00  3.89300000e-08  3.30000000e+00  3.89300000e-08  3.29948830e+00  3.89300000e-08  3.29960428e+00  3.89300000e-08  0.00000000e+00  3.89300000e-08  0.00000000e+00 
 3.89500000e-08  3.30000000e+00  3.89500000e-08  3.30000000e+00  3.89500000e-08  3.29948979e+00  3.89500000e-08  3.29960544e+00  3.89500000e-08  0.00000000e+00  3.89500000e-08  0.00000000e+00 
 3.89700000e-08  3.30000000e+00  3.89700000e-08  3.30000000e+00  3.89700000e-08  3.29949127e+00  3.89700000e-08  3.29960660e+00  3.89700000e-08  0.00000000e+00  3.89700000e-08  0.00000000e+00 
 3.89900000e-08  3.30000000e+00  3.89900000e-08  3.30000000e+00  3.89900000e-08  3.29949274e+00  3.89900000e-08  3.29960774e+00  3.89900000e-08  0.00000000e+00  3.89900000e-08  0.00000000e+00 
 3.90100000e-08  3.30000000e+00  3.90100000e-08  3.30000000e+00  3.90100000e-08  3.29949421e+00  3.90100000e-08  3.29960889e+00  3.90100000e-08  0.00000000e+00  3.90100000e-08  0.00000000e+00 
 3.90300000e-08  3.30000000e+00  3.90300000e-08  3.30000000e+00  3.90300000e-08  3.29949567e+00  3.90300000e-08  3.29961002e+00  3.90300000e-08  0.00000000e+00  3.90300000e-08  0.00000000e+00 
 3.90500000e-08  3.30000000e+00  3.90500000e-08  3.30000000e+00  3.90500000e-08  3.29949711e+00  3.90500000e-08  3.29961115e+00  3.90500000e-08  0.00000000e+00  3.90500000e-08  0.00000000e+00 
 3.90700000e-08  3.30000000e+00  3.90700000e-08  3.30000000e+00  3.90700000e-08  3.29949856e+00  3.90700000e-08  3.29961227e+00  3.90700000e-08  0.00000000e+00  3.90700000e-08  0.00000000e+00 
 3.90900000e-08  3.30000000e+00  3.90900000e-08  3.30000000e+00  3.90900000e-08  3.29949999e+00  3.90900000e-08  3.29961339e+00  3.90900000e-08  0.00000000e+00  3.90900000e-08  0.00000000e+00 
 3.91100000e-08  3.30000000e+00  3.91100000e-08  3.30000000e+00  3.91100000e-08  3.29950141e+00  3.91100000e-08  3.29961450e+00  3.91100000e-08  0.00000000e+00  3.91100000e-08  0.00000000e+00 
 3.91300000e-08  3.30000000e+00  3.91300000e-08  3.30000000e+00  3.91300000e-08  3.29950283e+00  3.91300000e-08  3.29961561e+00  3.91300000e-08  0.00000000e+00  3.91300000e-08  0.00000000e+00 
 3.91500000e-08  3.30000000e+00  3.91500000e-08  3.30000000e+00  3.91500000e-08  3.29950424e+00  3.91500000e-08  3.29961671e+00  3.91500000e-08  0.00000000e+00  3.91500000e-08  0.00000000e+00 
 3.91700000e-08  3.30000000e+00  3.91700000e-08  3.30000000e+00  3.91700000e-08  3.29950564e+00  3.91700000e-08  3.29961780e+00  3.91700000e-08  0.00000000e+00  3.91700000e-08  0.00000000e+00 
 3.91900000e-08  3.30000000e+00  3.91900000e-08  3.30000000e+00  3.91900000e-08  3.29950704e+00  3.91900000e-08  3.29961889e+00  3.91900000e-08  0.00000000e+00  3.91900000e-08  0.00000000e+00 
 3.92100000e-08  3.30000000e+00  3.92100000e-08  3.30000000e+00  3.92100000e-08  3.29950842e+00  3.92100000e-08  3.29961997e+00  3.92100000e-08  0.00000000e+00  3.92100000e-08  0.00000000e+00 
 3.92300000e-08  3.30000000e+00  3.92300000e-08  3.30000000e+00  3.92300000e-08  3.29950981e+00  3.92300000e-08  3.29962104e+00  3.92300000e-08  0.00000000e+00  3.92300000e-08  0.00000000e+00 
 3.92500000e-08  3.30000000e+00  3.92500000e-08  3.30000000e+00  3.92500000e-08  3.29951118e+00  3.92500000e-08  3.29962212e+00  3.92500000e-08  0.00000000e+00  3.92500000e-08  0.00000000e+00 
 3.92700000e-08  3.30000000e+00  3.92700000e-08  3.30000000e+00  3.92700000e-08  3.29951254e+00  3.92700000e-08  3.29962318e+00  3.92700000e-08  0.00000000e+00  3.92700000e-08  0.00000000e+00 
 3.92900000e-08  3.30000000e+00  3.92900000e-08  3.30000000e+00  3.92900000e-08  3.29951390e+00  3.92900000e-08  3.29962424e+00  3.92900000e-08  0.00000000e+00  3.92900000e-08  0.00000000e+00 
 3.93100000e-08  3.30000000e+00  3.93100000e-08  3.30000000e+00  3.93100000e-08  3.29951525e+00  3.93100000e-08  3.29962529e+00  3.93100000e-08  0.00000000e+00  3.93100000e-08  0.00000000e+00 
 3.93300000e-08  3.30000000e+00  3.93300000e-08  3.30000000e+00  3.93300000e-08  3.29951659e+00  3.93300000e-08  3.29962634e+00  3.93300000e-08  0.00000000e+00  3.93300000e-08  0.00000000e+00 
 3.93500000e-08  3.30000000e+00  3.93500000e-08  3.30000000e+00  3.93500000e-08  3.29951793e+00  3.93500000e-08  3.29962737e+00  3.93500000e-08  0.00000000e+00  3.93500000e-08  0.00000000e+00 
 3.93700000e-08  3.30000000e+00  3.93700000e-08  3.30000000e+00  3.93700000e-08  3.29951926e+00  3.93700000e-08  3.29962841e+00  3.93700000e-08  0.00000000e+00  3.93700000e-08  0.00000000e+00 
 3.93900000e-08  3.30000000e+00  3.93900000e-08  3.30000000e+00  3.93900000e-08  3.29952059e+00  3.93900000e-08  3.29962944e+00  3.93900000e-08  0.00000000e+00  3.93900000e-08  0.00000000e+00 
 3.94100000e-08  3.30000000e+00  3.94100000e-08  3.30000000e+00  3.94100000e-08  3.29952190e+00  3.94100000e-08  3.29963047e+00  3.94100000e-08  0.00000000e+00  3.94100000e-08  0.00000000e+00 
 3.94300000e-08  3.30000000e+00  3.94300000e-08  3.30000000e+00  3.94300000e-08  3.29952321e+00  3.94300000e-08  3.29963149e+00  3.94300000e-08  0.00000000e+00  3.94300000e-08  0.00000000e+00 
 3.94500000e-08  3.30000000e+00  3.94500000e-08  3.30000000e+00  3.94500000e-08  3.29952451e+00  3.94500000e-08  3.29963250e+00  3.94500000e-08  0.00000000e+00  3.94500000e-08  0.00000000e+00 
 3.94700000e-08  3.30000000e+00  3.94700000e-08  3.30000000e+00  3.94700000e-08  3.29952581e+00  3.94700000e-08  3.29963351e+00  3.94700000e-08  0.00000000e+00  3.94700000e-08  0.00000000e+00 
 3.94900000e-08  3.30000000e+00  3.94900000e-08  3.30000000e+00  3.94900000e-08  3.29952709e+00  3.94900000e-08  3.29963452e+00  3.94900000e-08  0.00000000e+00  3.94900000e-08  0.00000000e+00 
 3.95100000e-08  3.30000000e+00  3.95100000e-08  3.30000000e+00  3.95100000e-08  3.29952838e+00  3.95100000e-08  3.29963551e+00  3.95100000e-08  0.00000000e+00  3.95100000e-08  0.00000000e+00 
 3.95300000e-08  3.30000000e+00  3.95300000e-08  3.30000000e+00  3.95300000e-08  3.29952965e+00  3.95300000e-08  3.29963651e+00  3.95300000e-08  0.00000000e+00  3.95300000e-08  0.00000000e+00 
 3.95500000e-08  3.30000000e+00  3.95500000e-08  3.30000000e+00  3.95500000e-08  3.29953092e+00  3.95500000e-08  3.29963749e+00  3.95500000e-08  0.00000000e+00  3.95500000e-08  0.00000000e+00 
 3.95700000e-08  3.30000000e+00  3.95700000e-08  3.30000000e+00  3.95700000e-08  3.29953218e+00  3.95700000e-08  3.29963848e+00  3.95700000e-08  0.00000000e+00  3.95700000e-08  0.00000000e+00 
 3.95900000e-08  3.30000000e+00  3.95900000e-08  3.30000000e+00  3.95900000e-08  3.29953344e+00  3.95900000e-08  3.29963945e+00  3.95900000e-08  0.00000000e+00  3.95900000e-08  0.00000000e+00 
 3.96100000e-08  3.30000000e+00  3.96100000e-08  3.30000000e+00  3.96100000e-08  3.29953469e+00  3.96100000e-08  3.29964043e+00  3.96100000e-08  0.00000000e+00  3.96100000e-08  0.00000000e+00 
 3.96300000e-08  3.30000000e+00  3.96300000e-08  3.30000000e+00  3.96300000e-08  3.29953593e+00  3.96300000e-08  3.29964139e+00  3.96300000e-08  0.00000000e+00  3.96300000e-08  0.00000000e+00 
 3.96500000e-08  3.30000000e+00  3.96500000e-08  3.30000000e+00  3.96500000e-08  3.29953717e+00  3.96500000e-08  3.29964236e+00  3.96500000e-08  0.00000000e+00  3.96500000e-08  0.00000000e+00 
 3.96700000e-08  3.30000000e+00  3.96700000e-08  3.30000000e+00  3.96700000e-08  3.29953840e+00  3.96700000e-08  3.29964332e+00  3.96700000e-08  0.00000000e+00  3.96700000e-08  0.00000000e+00 
 3.96900000e-08  3.30000000e+00  3.96900000e-08  3.30000000e+00  3.96900000e-08  3.29953962e+00  3.96900000e-08  3.29964427e+00  3.96900000e-08  0.00000000e+00  3.96900000e-08  0.00000000e+00 
 3.97100000e-08  3.30000000e+00  3.97100000e-08  3.30000000e+00  3.97100000e-08  3.29954084e+00  3.97100000e-08  3.29964522e+00  3.97100000e-08  0.00000000e+00  3.97100000e-08  0.00000000e+00 
 3.97300000e-08  3.30000000e+00  3.97300000e-08  3.30000000e+00  3.97300000e-08  3.29954205e+00  3.97300000e-08  3.29964616e+00  3.97300000e-08  0.00000000e+00  3.97300000e-08  0.00000000e+00 
 3.97500000e-08  3.30000000e+00  3.97500000e-08  3.30000000e+00  3.97500000e-08  3.29954326e+00  3.97500000e-08  3.29964710e+00  3.97500000e-08  0.00000000e+00  3.97500000e-08  0.00000000e+00 
 3.97700000e-08  3.30000000e+00  3.97700000e-08  3.30000000e+00  3.97700000e-08  3.29954446e+00  3.97700000e-08  3.29964804e+00  3.97700000e-08  0.00000000e+00  3.97700000e-08  0.00000000e+00 
 3.97900000e-08  3.30000000e+00  3.97900000e-08  3.30000000e+00  3.97900000e-08  3.29954566e+00  3.97900000e-08  3.29964896e+00  3.97900000e-08  0.00000000e+00  3.97900000e-08  0.00000000e+00 
 3.98100000e-08  3.30000000e+00  3.98100000e-08  3.30000000e+00  3.98100000e-08  3.29954684e+00  3.98100000e-08  3.29964989e+00  3.98100000e-08  0.00000000e+00  3.98100000e-08  0.00000000e+00 
 3.98300000e-08  3.30000000e+00  3.98300000e-08  3.30000000e+00  3.98300000e-08  3.29954803e+00  3.98300000e-08  3.29965081e+00  3.98300000e-08  0.00000000e+00  3.98300000e-08  0.00000000e+00 
 3.98500000e-08  3.30000000e+00  3.98500000e-08  3.30000000e+00  3.98500000e-08  3.29954920e+00  3.98500000e-08  3.29965173e+00  3.98500000e-08  0.00000000e+00  3.98500000e-08  0.00000000e+00 
 3.98700000e-08  3.30000000e+00  3.98700000e-08  3.30000000e+00  3.98700000e-08  3.29955037e+00  3.98700000e-08  3.29965264e+00  3.98700000e-08  0.00000000e+00  3.98700000e-08  0.00000000e+00 
 3.98900000e-08  3.30000000e+00  3.98900000e-08  3.30000000e+00  3.98900000e-08  3.29955153e+00  3.98900000e-08  3.29965355e+00  3.98900000e-08  0.00000000e+00  3.98900000e-08  0.00000000e+00 
 3.99100000e-08  3.30000000e+00  3.99100000e-08  3.30000000e+00  3.99100000e-08  3.29955270e+00  3.99100000e-08  3.29965444e+00  3.99100000e-08  0.00000000e+00  3.99100000e-08  0.00000000e+00 
 3.99300000e-08  3.30000000e+00  3.99300000e-08  3.30000000e+00  3.99300000e-08  3.29955385e+00  3.99300000e-08  3.29965534e+00  3.99300000e-08  0.00000000e+00  3.99300000e-08  0.00000000e+00 
 3.99500000e-08  3.30000000e+00  3.99500000e-08  3.30000000e+00  3.99500000e-08  3.29955500e+00  3.99500000e-08  3.29965623e+00  3.99500000e-08  0.00000000e+00  3.99500000e-08  0.00000000e+00 
 3.99700000e-08  3.30000000e+00  3.99700000e-08  3.30000000e+00  3.99700000e-08  3.29955614e+00  3.99700000e-08  3.29965713e+00  3.99700000e-08  0.00000000e+00  3.99700000e-08  0.00000000e+00 
 3.99900000e-08  3.30000000e+00  3.99900000e-08  3.30000000e+00  3.99900000e-08  3.29955728e+00  3.99900000e-08  3.29965801e+00  3.99900000e-08  0.00000000e+00  3.99900000e-08  0.00000000e+00 
 4.00100000e-08  3.30000000e+00  4.00100000e-08  3.30000000e+00  4.00100000e-08  3.29955840e+00  4.00100000e-08  3.29965889e+00  4.00100000e-08  0.00000000e+00  4.00100000e-08  0.00000000e+00 
 4.00300000e-08  3.30000000e+00  4.00300000e-08  3.30000000e+00  4.00300000e-08  3.29955953e+00  4.00300000e-08  3.29965976e+00  4.00300000e-08  0.00000000e+00  4.00300000e-08  0.00000000e+00 
 4.00500000e-08  3.30000000e+00  4.00500000e-08  3.30000000e+00  4.00500000e-08  3.29956065e+00  4.00500000e-08  3.29966064e+00  4.00500000e-08  0.00000000e+00  4.00500000e-08  0.00000000e+00 
 4.00700000e-08  3.30000000e+00  4.00700000e-08  3.30000000e+00  4.00700000e-08  3.29956177e+00  4.00700000e-08  3.29966150e+00  4.00700000e-08  0.00000000e+00  4.00700000e-08  0.00000000e+00 
 4.00900000e-08  3.30000000e+00  4.00900000e-08  3.30000000e+00  4.00900000e-08  3.29956287e+00  4.00900000e-08  3.29966237e+00  4.00900000e-08  0.00000000e+00  4.00900000e-08  0.00000000e+00 
 4.01100000e-08  3.30000000e+00  4.01100000e-08  3.30000000e+00  4.01100000e-08  3.29956398e+00  4.01100000e-08  3.29966322e+00  4.01100000e-08  0.00000000e+00  4.01100000e-08  0.00000000e+00 
 4.01300000e-08  3.30000000e+00  4.01300000e-08  3.30000000e+00  4.01300000e-08  3.29956507e+00  4.01300000e-08  3.29966408e+00  4.01300000e-08  0.00000000e+00  4.01300000e-08  0.00000000e+00 
 4.01500000e-08  3.30000000e+00  4.01500000e-08  3.30000000e+00  4.01500000e-08  3.29956617e+00  4.01500000e-08  3.29966493e+00  4.01500000e-08  0.00000000e+00  4.01500000e-08  0.00000000e+00 
 4.01700000e-08  3.30000000e+00  4.01700000e-08  3.30000000e+00  4.01700000e-08  3.29956726e+00  4.01700000e-08  3.29966578e+00  4.01700000e-08  0.00000000e+00  4.01700000e-08  0.00000000e+00 
 4.01900000e-08  3.30000000e+00  4.01900000e-08  3.30000000e+00  4.01900000e-08  3.29956834e+00  4.01900000e-08  3.29966662e+00  4.01900000e-08  0.00000000e+00  4.01900000e-08  0.00000000e+00 
 4.02100000e-08  3.30000000e+00  4.02100000e-08  3.30000000e+00  4.02100000e-08  3.29956942e+00  4.02100000e-08  3.29966746e+00  4.02100000e-08  0.00000000e+00  4.02100000e-08  0.00000000e+00 
 4.02300000e-08  3.30000000e+00  4.02300000e-08  3.30000000e+00  4.02300000e-08  3.29957049e+00  4.02300000e-08  3.29966829e+00  4.02300000e-08  0.00000000e+00  4.02300000e-08  0.00000000e+00 
 4.02500000e-08  3.30000000e+00  4.02500000e-08  3.30000000e+00  4.02500000e-08  3.29957156e+00  4.02500000e-08  3.29966912e+00  4.02500000e-08  0.00000000e+00  4.02500000e-08  0.00000000e+00 
 4.02700000e-08  3.30000000e+00  4.02700000e-08  3.30000000e+00  4.02700000e-08  3.29957262e+00  4.02700000e-08  3.29966995e+00  4.02700000e-08  0.00000000e+00  4.02700000e-08  0.00000000e+00 
 4.02900000e-08  3.30000000e+00  4.02900000e-08  3.30000000e+00  4.02900000e-08  3.29957368e+00  4.02900000e-08  3.29967077e+00  4.02900000e-08  0.00000000e+00  4.02900000e-08  0.00000000e+00 
 4.03100000e-08  3.30000000e+00  4.03100000e-08  3.30000000e+00  4.03100000e-08  3.29957473e+00  4.03100000e-08  3.29967159e+00  4.03100000e-08  0.00000000e+00  4.03100000e-08  0.00000000e+00 
 4.03300000e-08  3.30000000e+00  4.03300000e-08  3.30000000e+00  4.03300000e-08  3.29957578e+00  4.03300000e-08  3.29967240e+00  4.03300000e-08  0.00000000e+00  4.03300000e-08  0.00000000e+00 
 4.03500000e-08  3.30000000e+00  4.03500000e-08  3.30000000e+00  4.03500000e-08  3.29957682e+00  4.03500000e-08  3.29967321e+00  4.03500000e-08  0.00000000e+00  4.03500000e-08  0.00000000e+00 
 4.03700000e-08  3.30000000e+00  4.03700000e-08  3.30000000e+00  4.03700000e-08  3.29957786e+00  4.03700000e-08  3.29967402e+00  4.03700000e-08  0.00000000e+00  4.03700000e-08  0.00000000e+00 
 4.03900000e-08  3.30000000e+00  4.03900000e-08  3.30000000e+00  4.03900000e-08  3.29957889e+00  4.03900000e-08  3.29967482e+00  4.03900000e-08  0.00000000e+00  4.03900000e-08  0.00000000e+00 
 4.04100000e-08  3.30000000e+00  4.04100000e-08  3.30000000e+00  4.04100000e-08  3.29957992e+00  4.04100000e-08  3.29967562e+00  4.04100000e-08  0.00000000e+00  4.04100000e-08  0.00000000e+00 
 4.04300000e-08  3.30000000e+00  4.04300000e-08  3.30000000e+00  4.04300000e-08  3.29958094e+00  4.04300000e-08  3.29967642e+00  4.04300000e-08  0.00000000e+00  4.04300000e-08  0.00000000e+00 
 4.04500000e-08  3.30000000e+00  4.04500000e-08  3.30000000e+00  4.04500000e-08  3.29958196e+00  4.04500000e-08  3.29967721e+00  4.04500000e-08  0.00000000e+00  4.04500000e-08  0.00000000e+00 
 4.04700000e-08  3.30000000e+00  4.04700000e-08  3.30000000e+00  4.04700000e-08  3.29958298e+00  4.04700000e-08  3.29967800e+00  4.04700000e-08  0.00000000e+00  4.04700000e-08  0.00000000e+00 
 4.04900000e-08  3.30000000e+00  4.04900000e-08  3.30000000e+00  4.04900000e-08  3.29958398e+00  4.04900000e-08  3.29967879e+00  4.04900000e-08  0.00000000e+00  4.04900000e-08  0.00000000e+00 
 4.05100000e-08  3.30000000e+00  4.05100000e-08  3.30000000e+00  4.05100000e-08  3.29958499e+00  4.05100000e-08  3.29967956e+00  4.05100000e-08  0.00000000e+00  4.05100000e-08  0.00000000e+00 
 4.05300000e-08  3.30000000e+00  4.05300000e-08  3.30000000e+00  4.05300000e-08  3.29958599e+00  4.05300000e-08  3.29968034e+00  4.05300000e-08  0.00000000e+00  4.05300000e-08  0.00000000e+00 
 4.05500000e-08  3.30000000e+00  4.05500000e-08  3.30000000e+00  4.05500000e-08  3.29958698e+00  4.05500000e-08  3.29968111e+00  4.05500000e-08  0.00000000e+00  4.05500000e-08  0.00000000e+00 
 4.05700000e-08  3.30000000e+00  4.05700000e-08  3.30000000e+00  4.05700000e-08  3.29958797e+00  4.05700000e-08  3.29968189e+00  4.05700000e-08  0.00000000e+00  4.05700000e-08  0.00000000e+00 
 4.05900000e-08  3.30000000e+00  4.05900000e-08  3.30000000e+00  4.05900000e-08  3.29958896e+00  4.05900000e-08  3.29968265e+00  4.05900000e-08  0.00000000e+00  4.05900000e-08  0.00000000e+00 
 4.06100000e-08  3.30000000e+00  4.06100000e-08  3.30000000e+00  4.06100000e-08  3.29958994e+00  4.06100000e-08  3.29968342e+00  4.06100000e-08  0.00000000e+00  4.06100000e-08  0.00000000e+00 
 4.06300000e-08  3.30000000e+00  4.06300000e-08  3.30000000e+00  4.06300000e-08  3.29959092e+00  4.06300000e-08  3.29968417e+00  4.06300000e-08  0.00000000e+00  4.06300000e-08  0.00000000e+00 
 4.06500000e-08  3.30000000e+00  4.06500000e-08  3.30000000e+00  4.06500000e-08  3.29959189e+00  4.06500000e-08  3.29968493e+00  4.06500000e-08  0.00000000e+00  4.06500000e-08  0.00000000e+00 
 4.06700000e-08  3.30000000e+00  4.06700000e-08  3.30000000e+00  4.06700000e-08  3.29959286e+00  4.06700000e-08  3.29968568e+00  4.06700000e-08  0.00000000e+00  4.06700000e-08  0.00000000e+00 
 4.06900000e-08  3.30000000e+00  4.06900000e-08  3.30000000e+00  4.06900000e-08  3.29959382e+00  4.06900000e-08  3.29968643e+00  4.06900000e-08  0.00000000e+00  4.06900000e-08  0.00000000e+00 
 4.07100000e-08  3.30000000e+00  4.07100000e-08  3.30000000e+00  4.07100000e-08  3.29959478e+00  4.07100000e-08  3.29968718e+00  4.07100000e-08  0.00000000e+00  4.07100000e-08  0.00000000e+00 
 4.07300000e-08  3.30000000e+00  4.07300000e-08  3.30000000e+00  4.07300000e-08  3.29959574e+00  4.07300000e-08  3.29968792e+00  4.07300000e-08  0.00000000e+00  4.07300000e-08  0.00000000e+00 
 4.07500000e-08  3.30000000e+00  4.07500000e-08  3.30000000e+00  4.07500000e-08  3.29959669e+00  4.07500000e-08  3.29968866e+00  4.07500000e-08  0.00000000e+00  4.07500000e-08  0.00000000e+00 
 4.07700000e-08  3.30000000e+00  4.07700000e-08  3.30000000e+00  4.07700000e-08  3.29959763e+00  4.07700000e-08  3.29968940e+00  4.07700000e-08  0.00000000e+00  4.07700000e-08  0.00000000e+00 
 4.07900000e-08  3.30000000e+00  4.07900000e-08  3.30000000e+00  4.07900000e-08  3.29959858e+00  4.07900000e-08  3.29969013e+00  4.07900000e-08  0.00000000e+00  4.07900000e-08  0.00000000e+00 
 4.08100000e-08  3.30000000e+00  4.08100000e-08  3.30000000e+00  4.08100000e-08  3.29959951e+00  4.08100000e-08  3.29969086e+00  4.08100000e-08  0.00000000e+00  4.08100000e-08  0.00000000e+00 
 4.08300000e-08  3.30000000e+00  4.08300000e-08  3.30000000e+00  4.08300000e-08  3.29960045e+00  4.08300000e-08  3.29969158e+00  4.08300000e-08  0.00000000e+00  4.08300000e-08  0.00000000e+00 
 4.08500000e-08  3.30000000e+00  4.08500000e-08  3.30000000e+00  4.08500000e-08  3.29960138e+00  4.08500000e-08  3.29969231e+00  4.08500000e-08  0.00000000e+00  4.08500000e-08  0.00000000e+00 
 4.08700000e-08  3.30000000e+00  4.08700000e-08  3.30000000e+00  4.08700000e-08  3.29960231e+00  4.08700000e-08  3.29969302e+00  4.08700000e-08  0.00000000e+00  4.08700000e-08  0.00000000e+00 
 4.08900000e-08  3.30000000e+00  4.08900000e-08  3.30000000e+00  4.08900000e-08  3.29960323e+00  4.08900000e-08  3.29969374e+00  4.08900000e-08  0.00000000e+00  4.08900000e-08  0.00000000e+00 
 4.09100000e-08  3.30000000e+00  4.09100000e-08  3.30000000e+00  4.09100000e-08  3.29960415e+00  4.09100000e-08  3.29969445e+00  4.09100000e-08  0.00000000e+00  4.09100000e-08  0.00000000e+00 
 4.09300000e-08  3.30000000e+00  4.09300000e-08  3.30000000e+00  4.09300000e-08  3.29960506e+00  4.09300000e-08  3.29969517e+00  4.09300000e-08  0.00000000e+00  4.09300000e-08  0.00000000e+00 
 4.09500000e-08  3.30000000e+00  4.09500000e-08  3.30000000e+00  4.09500000e-08  3.29960597e+00  4.09500000e-08  3.29969587e+00  4.09500000e-08  0.00000000e+00  4.09500000e-08  0.00000000e+00 
 4.09700000e-08  3.30000000e+00  4.09700000e-08  3.30000000e+00  4.09700000e-08  3.29960687e+00  4.09700000e-08  3.29969658e+00  4.09700000e-08  0.00000000e+00  4.09700000e-08  0.00000000e+00 
 4.09900000e-08  3.30000000e+00  4.09900000e-08  3.30000000e+00  4.09900000e-08  3.29960778e+00  4.09900000e-08  3.29969727e+00  4.09900000e-08  0.00000000e+00  4.09900000e-08  0.00000000e+00 
 4.10100000e-08  3.30000000e+00  4.10100000e-08  3.30000000e+00  4.10100000e-08  3.29960867e+00  4.10100000e-08  3.29969797e+00  4.10100000e-08  0.00000000e+00  4.10100000e-08  0.00000000e+00 
 4.10300000e-08  3.30000000e+00  4.10300000e-08  3.30000000e+00  4.10300000e-08  3.29960957e+00  4.10300000e-08  3.29969866e+00  4.10300000e-08  0.00000000e+00  4.10300000e-08  0.00000000e+00 
 4.10500000e-08  3.30000000e+00  4.10500000e-08  3.30000000e+00  4.10500000e-08  3.29961046e+00  4.10500000e-08  3.29969936e+00  4.10500000e-08  0.00000000e+00  4.10500000e-08  0.00000000e+00 
 4.10700000e-08  3.30000000e+00  4.10700000e-08  3.30000000e+00  4.10700000e-08  3.29961135e+00  4.10700000e-08  3.29970004e+00  4.10700000e-08  0.00000000e+00  4.10700000e-08  0.00000000e+00 
 4.10900000e-08  3.30000000e+00  4.10900000e-08  3.30000000e+00  4.10900000e-08  3.29961222e+00  4.10900000e-08  3.29970073e+00  4.10900000e-08  0.00000000e+00  4.10900000e-08  0.00000000e+00 
 4.11100000e-08  3.30000000e+00  4.11100000e-08  3.30000000e+00  4.11100000e-08  3.29961311e+00  4.11100000e-08  3.29970141e+00  4.11100000e-08  0.00000000e+00  4.11100000e-08  0.00000000e+00 
 4.11300000e-08  3.30000000e+00  4.11300000e-08  3.30000000e+00  4.11300000e-08  3.29961398e+00  4.11300000e-08  3.29970209e+00  4.11300000e-08  0.00000000e+00  4.11300000e-08  0.00000000e+00 
 4.11500000e-08  3.30000000e+00  4.11500000e-08  3.30000000e+00  4.11500000e-08  3.29961485e+00  4.11500000e-08  3.29970277e+00  4.11500000e-08  0.00000000e+00  4.11500000e-08  0.00000000e+00 
 4.11700000e-08  3.30000000e+00  4.11700000e-08  3.30000000e+00  4.11700000e-08  3.29961571e+00  4.11700000e-08  3.29970344e+00  4.11700000e-08  0.00000000e+00  4.11700000e-08  0.00000000e+00 
 4.11900000e-08  3.30000000e+00  4.11900000e-08  3.30000000e+00  4.11900000e-08  3.29961658e+00  4.11900000e-08  3.29970411e+00  4.11900000e-08  0.00000000e+00  4.11900000e-08  0.00000000e+00 
 4.12100000e-08  3.30000000e+00  4.12100000e-08  3.30000000e+00  4.12100000e-08  3.29961744e+00  4.12100000e-08  3.29970478e+00  4.12100000e-08  0.00000000e+00  4.12100000e-08  0.00000000e+00 
 4.12300000e-08  3.30000000e+00  4.12300000e-08  3.30000000e+00  4.12300000e-08  3.29961830e+00  4.12300000e-08  3.29970544e+00  4.12300000e-08  0.00000000e+00  4.12300000e-08  0.00000000e+00 
 4.12500000e-08  3.30000000e+00  4.12500000e-08  3.30000000e+00  4.12500000e-08  3.29961915e+00  4.12500000e-08  3.29970611e+00  4.12500000e-08  0.00000000e+00  4.12500000e-08  0.00000000e+00 
 4.12700000e-08  3.30000000e+00  4.12700000e-08  3.30000000e+00  4.12700000e-08  3.29962000e+00  4.12700000e-08  3.29970676e+00  4.12700000e-08  0.00000000e+00  4.12700000e-08  0.00000000e+00 
 4.12900000e-08  3.30000000e+00  4.12900000e-08  3.30000000e+00  4.12900000e-08  3.29962084e+00  4.12900000e-08  3.29970742e+00  4.12900000e-08  0.00000000e+00  4.12900000e-08  0.00000000e+00 
 4.13100000e-08  3.30000000e+00  4.13100000e-08  3.30000000e+00  4.13100000e-08  3.29962168e+00  4.13100000e-08  3.29970807e+00  4.13100000e-08  0.00000000e+00  4.13100000e-08  0.00000000e+00 
 4.13300000e-08  3.30000000e+00  4.13300000e-08  3.30000000e+00  4.13300000e-08  3.29962252e+00  4.13300000e-08  3.29970873e+00  4.13300000e-08  0.00000000e+00  4.13300000e-08  0.00000000e+00 
 4.13500000e-08  3.30000000e+00  4.13500000e-08  3.30000000e+00  4.13500000e-08  3.29962336e+00  4.13500000e-08  3.29970937e+00  4.13500000e-08  0.00000000e+00  4.13500000e-08  0.00000000e+00 
 4.13700000e-08  3.30000000e+00  4.13700000e-08  3.30000000e+00  4.13700000e-08  3.29962418e+00  4.13700000e-08  3.29971002e+00  4.13700000e-08  0.00000000e+00  4.13700000e-08  0.00000000e+00 
 4.13900000e-08  3.30000000e+00  4.13900000e-08  3.30000000e+00  4.13900000e-08  3.29962502e+00  4.13900000e-08  3.29971066e+00  4.13900000e-08  0.00000000e+00  4.13900000e-08  0.00000000e+00 
 4.14100000e-08  3.30000000e+00  4.14100000e-08  3.30000000e+00  4.14100000e-08  3.29962584e+00  4.14100000e-08  3.29971130e+00  4.14100000e-08  0.00000000e+00  4.14100000e-08  0.00000000e+00 
 4.14300000e-08  3.30000000e+00  4.14300000e-08  3.30000000e+00  4.14300000e-08  3.29962666e+00  4.14300000e-08  3.29971194e+00  4.14300000e-08  0.00000000e+00  4.14300000e-08  0.00000000e+00 
 4.14500000e-08  3.30000000e+00  4.14500000e-08  3.30000000e+00  4.14500000e-08  3.29962747e+00  4.14500000e-08  3.29971257e+00  4.14500000e-08  0.00000000e+00  4.14500000e-08  0.00000000e+00 
 4.14700000e-08  3.30000000e+00  4.14700000e-08  3.30000000e+00  4.14700000e-08  3.29962829e+00  4.14700000e-08  3.29971320e+00  4.14700000e-08  0.00000000e+00  4.14700000e-08  0.00000000e+00 
 4.14900000e-08  3.30000000e+00  4.14900000e-08  3.30000000e+00  4.14900000e-08  3.29962910e+00  4.14900000e-08  3.29971383e+00  4.14900000e-08  0.00000000e+00  4.14900000e-08  0.00000000e+00 
 4.15100000e-08  3.30000000e+00  4.15100000e-08  3.30000000e+00  4.15100000e-08  3.29962991e+00  4.15100000e-08  3.29971446e+00  4.15100000e-08  0.00000000e+00  4.15100000e-08  0.00000000e+00 
 4.15300000e-08  3.30000000e+00  4.15300000e-08  3.30000000e+00  4.15300000e-08  3.29963071e+00  4.15300000e-08  3.29971508e+00  4.15300000e-08  0.00000000e+00  4.15300000e-08  0.00000000e+00 
 4.15500000e-08  3.30000000e+00  4.15500000e-08  3.30000000e+00  4.15500000e-08  3.29963151e+00  4.15500000e-08  3.29971570e+00  4.15500000e-08  0.00000000e+00  4.15500000e-08  0.00000000e+00 
 4.15700000e-08  3.30000000e+00  4.15700000e-08  3.30000000e+00  4.15700000e-08  3.29963230e+00  4.15700000e-08  3.29971632e+00  4.15700000e-08  0.00000000e+00  4.15700000e-08  0.00000000e+00 
 4.15900000e-08  3.30000000e+00  4.15900000e-08  3.30000000e+00  4.15900000e-08  3.29963310e+00  4.15900000e-08  3.29971694e+00  4.15900000e-08  0.00000000e+00  4.15900000e-08  0.00000000e+00 
 4.16100000e-08  3.30000000e+00  4.16100000e-08  3.30000000e+00  4.16100000e-08  3.29963389e+00  4.16100000e-08  3.29971755e+00  4.16100000e-08  0.00000000e+00  4.16100000e-08  0.00000000e+00 
 4.16300000e-08  3.30000000e+00  4.16300000e-08  3.30000000e+00  4.16300000e-08  3.29963468e+00  4.16300000e-08  3.29971816e+00  4.16300000e-08  0.00000000e+00  4.16300000e-08  0.00000000e+00 
 4.16500000e-08  3.30000000e+00  4.16500000e-08  3.30000000e+00  4.16500000e-08  3.29963546e+00  4.16500000e-08  3.29971877e+00  4.16500000e-08  0.00000000e+00  4.16500000e-08  0.00000000e+00 
 4.16700000e-08  3.30000000e+00  4.16700000e-08  3.30000000e+00  4.16700000e-08  3.29963624e+00  4.16700000e-08  3.29971937e+00  4.16700000e-08  0.00000000e+00  4.16700000e-08  0.00000000e+00 
 4.16900000e-08  3.30000000e+00  4.16900000e-08  3.30000000e+00  4.16900000e-08  3.29963702e+00  4.16900000e-08  3.29971998e+00  4.16900000e-08  0.00000000e+00  4.16900000e-08  0.00000000e+00 
 4.17100000e-08  3.30000000e+00  4.17100000e-08  3.30000000e+00  4.17100000e-08  3.29963779e+00  4.17100000e-08  3.29972058e+00  4.17100000e-08  0.00000000e+00  4.17100000e-08  0.00000000e+00 
 4.17300000e-08  3.30000000e+00  4.17300000e-08  3.30000000e+00  4.17300000e-08  3.29963856e+00  4.17300000e-08  3.29972118e+00  4.17300000e-08  0.00000000e+00  4.17300000e-08  0.00000000e+00 
 4.17500000e-08  3.30000000e+00  4.17500000e-08  3.30000000e+00  4.17500000e-08  3.29963933e+00  4.17500000e-08  3.29972177e+00  4.17500000e-08  0.00000000e+00  4.17500000e-08  0.00000000e+00 
 4.17700000e-08  3.30000000e+00  4.17700000e-08  3.30000000e+00  4.17700000e-08  3.29964009e+00  4.17700000e-08  3.29972237e+00  4.17700000e-08  0.00000000e+00  4.17700000e-08  0.00000000e+00 
 4.17900000e-08  3.30000000e+00  4.17900000e-08  3.30000000e+00  4.17900000e-08  3.29964086e+00  4.17900000e-08  3.29972296e+00  4.17900000e-08  0.00000000e+00  4.17900000e-08  0.00000000e+00 
 4.18100000e-08  3.30000000e+00  4.18100000e-08  3.30000000e+00  4.18100000e-08  3.29964161e+00  4.18100000e-08  3.29972355e+00  4.18100000e-08  0.00000000e+00  4.18100000e-08  0.00000000e+00 
 4.18300000e-08  3.30000000e+00  4.18300000e-08  3.30000000e+00  4.18300000e-08  3.29964237e+00  4.18300000e-08  3.29972413e+00  4.18300000e-08  0.00000000e+00  4.18300000e-08  0.00000000e+00 
 4.18500000e-08  3.30000000e+00  4.18500000e-08  3.30000000e+00  4.18500000e-08  3.29964312e+00  4.18500000e-08  3.29972472e+00  4.18500000e-08  0.00000000e+00  4.18500000e-08  0.00000000e+00 
 4.18700000e-08  3.30000000e+00  4.18700000e-08  3.30000000e+00  4.18700000e-08  3.29964388e+00  4.18700000e-08  3.29972530e+00  4.18700000e-08  0.00000000e+00  4.18700000e-08  0.00000000e+00 
 4.18900000e-08  3.30000000e+00  4.18900000e-08  3.30000000e+00  4.18900000e-08  3.29964462e+00  4.18900000e-08  3.29972588e+00  4.18900000e-08  0.00000000e+00  4.18900000e-08  0.00000000e+00 
 4.19100000e-08  3.30000000e+00  4.19100000e-08  3.30000000e+00  4.19100000e-08  3.29964537e+00  4.19100000e-08  3.29972645e+00  4.19100000e-08  0.00000000e+00  4.19100000e-08  0.00000000e+00 
 4.19300000e-08  3.30000000e+00  4.19300000e-08  3.30000000e+00  4.19300000e-08  3.29964610e+00  4.19300000e-08  3.29972703e+00  4.19300000e-08  0.00000000e+00  4.19300000e-08  0.00000000e+00 
 4.19500000e-08  3.30000000e+00  4.19500000e-08  3.30000000e+00  4.19500000e-08  3.29964684e+00  4.19500000e-08  3.29972760e+00  4.19500000e-08  0.00000000e+00  4.19500000e-08  0.00000000e+00 
 4.19700000e-08  3.30000000e+00  4.19700000e-08  3.30000000e+00  4.19700000e-08  3.29964757e+00  4.19700000e-08  3.29972817e+00  4.19700000e-08  0.00000000e+00  4.19700000e-08  0.00000000e+00 
 4.19850000e-08  3.30000000e+00  4.19850000e-08  3.30000000e+00  4.19850000e-08  3.29964813e+00  4.19850000e-08  3.29972860e+00  4.19850000e-08  0.00000000e+00  4.19850000e-08  0.00000000e+00 
 4.20000000e-08  3.30000000e+00  4.20000000e-08  3.30000000e+00  4.20000000e-08  3.29964867e+00  4.20000000e-08  3.29972902e+00  4.20000000e-08  2.18375682e-13  4.20000000e-08  0.00000000e+00 
 4.20020000e-08  3.30000799e+00  4.20020000e-08  3.30000799e+00  4.20020000e-08  3.30225924e+00  4.20020000e-08  3.30234156e+00  4.20020000e-08  6.60000000e-02  4.20020000e-08  0.00000000e+00 
 4.20060000e-08  3.30001877e+00  4.20060000e-08  3.30001878e+00  4.20060000e-08  3.30738926e+00  4.20060000e-08  3.30747385e+00  4.20060000e-08  1.98000000e-01  4.20060000e-08  0.00000000e+00 
 4.20140000e-08  3.30002102e+00  4.20140000e-08  3.30002103e+00  4.20140000e-08  3.31709038e+00  4.20140000e-08  3.31717978e+00  4.20140000e-08  4.62000000e-01  4.20140000e-08  0.00000000e+00 
 4.20300000e-08  3.30000807e+00  4.20300000e-08  3.30000811e+00  4.20300000e-08  3.33469032e+00  4.20300000e-08  3.33481064e+00  4.20300000e-08  9.90000000e-01  4.20300000e-08  0.00000000e+00 
 4.20500000e-08  3.30000027e+00  4.20500000e-08  3.30000026e+00  4.20500000e-08  3.35539700e+00  4.20500000e-08  3.35553663e+00  4.20500000e-08  1.65000000e+00  4.20500000e-08  0.00000000e+00 
 4.20700000e-08  3.30000258e+00  4.20700000e-08  3.30000248e+00  4.20700000e-08  3.37758363e+00  4.20700000e-08  3.37767097e+00  4.20700000e-08  2.31000000e+00  4.20700000e-08  0.00000000e+00 
 4.20850000e-08  3.30000059e+00  4.20850000e-08  3.30000048e+00  4.20850000e-08  3.39395184e+00  4.20850000e-08  3.39395568e+00  4.20850000e-08  2.80500000e+00  4.20850000e-08  0.00000000e+00 
 4.21000000e-08  3.29998554e+00  4.21000000e-08  3.29998538e+00  4.21000000e-08  3.40140606e+00  4.21000000e-08  3.40126497e+00  4.21000000e-08  3.30000000e+00  4.21000000e-08  0.00000000e+00 
 4.21020000e-08  3.29998503e+00  4.21020000e-08  3.29998479e+00  4.21020000e-08  3.40183386e+00  4.21020000e-08  3.40164548e+00  4.21020000e-08  3.30000000e+00  4.21020000e-08  0.00000000e+00 
 4.21060000e-08  3.29998523e+00  4.21060000e-08  3.29998486e+00  4.21060000e-08  3.40277199e+00  4.21060000e-08  3.40248118e+00  4.21060000e-08  3.30000000e+00  4.21060000e-08  0.00000000e+00 
 4.21140000e-08  3.29998915e+00  4.21140000e-08  3.29998867e+00  4.21140000e-08  3.40495849e+00  4.21140000e-08  3.40443763e+00  4.21140000e-08  3.30000000e+00  4.21140000e-08  0.00000000e+00 
 4.21300000e-08  3.29999752e+00  4.21300000e-08  3.29999712e+00  4.21300000e-08  3.41045948e+00  4.21300000e-08  3.40941604e+00  4.21300000e-08  3.30000000e+00  4.21300000e-08  0.00000000e+00 
 4.21500000e-08  3.30000129e+00  4.21500000e-08  3.30000125e+00  4.21500000e-08  3.41861083e+00  4.21500000e-08  3.41696333e+00  4.21500000e-08  3.30000000e+00  4.21500000e-08  0.00000000e+00 
 4.21700000e-08  3.29999933e+00  4.21700000e-08  3.29999979e+00  4.21700000e-08  3.42635307e+00  4.21700000e-08  3.42441269e+00  4.21700000e-08  3.30000000e+00  4.21700000e-08  0.00000000e+00 
 4.21900000e-08  3.29999634e+00  4.21900000e-08  3.29999721e+00  4.21900000e-08  3.43164391e+00  4.21900000e-08  3.42991268e+00  4.21900000e-08  3.30000000e+00  4.21900000e-08  0.00000000e+00 
 4.22100000e-08  3.29999394e+00  4.22100000e-08  3.29999494e+00  4.22100000e-08  3.43297093e+00  4.22100000e-08  3.43201586e+00  4.22100000e-08  3.30000000e+00  4.22100000e-08  0.00000000e+00 
 4.22300000e-08  3.29999290e+00  4.22300000e-08  3.29999383e+00  4.22300000e-08  3.42947815e+00  4.22300000e-08  3.42984771e+00  4.22300000e-08  3.30000000e+00  4.22300000e-08  0.00000000e+00 
 4.22500000e-08  3.29999254e+00  4.22500000e-08  3.29999327e+00  4.22500000e-08  3.42085297e+00  4.22500000e-08  3.42303985e+00  4.22500000e-08  3.30000000e+00  4.22500000e-08  0.00000000e+00 
 4.22700000e-08  3.29999312e+00  4.22700000e-08  3.29999355e+00  4.22700000e-08  3.40716783e+00  4.22700000e-08  3.41159864e+00  4.22700000e-08  3.30000000e+00  4.22700000e-08  0.00000000e+00 
 4.22900000e-08  3.29999419e+00  4.22900000e-08  3.29999435e+00  4.22900000e-08  3.38873816e+00  4.22900000e-08  3.39577467e+00  4.22900000e-08  3.30000000e+00  4.22900000e-08  0.00000000e+00 
 4.23100000e-08  3.29999543e+00  4.23100000e-08  3.29999539e+00  4.23100000e-08  3.36601572e+00  4.23100000e-08  3.37595935e+00  4.23100000e-08  3.30000000e+00  4.23100000e-08  0.00000000e+00 
 4.23300000e-08  3.29999662e+00  4.23300000e-08  3.29999648e+00  4.23300000e-08  3.33951278e+00  4.23300000e-08  3.35260970e+00  4.23300000e-08  3.30000000e+00  4.23300000e-08  0.00000000e+00 
 4.23500000e-08  3.29999763e+00  4.23500000e-08  3.29999747e+00  4.23500000e-08  3.30975144e+00  4.23500000e-08  3.32619792e+00  4.23500000e-08  3.30000000e+00  4.23500000e-08  0.00000000e+00 
 4.23700000e-08  3.29999842e+00  4.23700000e-08  3.29999829e+00  4.23700000e-08  3.27723179e+00  4.23700000e-08  3.29717956e+00  4.23700000e-08  3.30000000e+00  4.23700000e-08  0.00000000e+00 
 4.23900000e-08  3.29999902e+00  4.23900000e-08  3.29999892e+00  4.23900000e-08  3.24241160e+00  4.23900000e-08  3.26597600e+00  4.23900000e-08  3.30000000e+00  4.23900000e-08  0.00000000e+00 
 4.24100000e-08  3.29999946e+00  4.24100000e-08  3.29999939e+00  4.24100000e-08  3.20569881e+00  4.24100000e-08  3.23296333e+00  4.24100000e-08  3.30000000e+00  4.24100000e-08  0.00000000e+00 
 4.24300000e-08  3.29999978e+00  4.24300000e-08  3.29999974e+00  4.24300000e-08  3.16744668e+00  4.24300000e-08  3.19847120e+00  4.24300000e-08  3.30000000e+00  4.24300000e-08  0.00000000e+00 
 4.24500000e-08  3.30000002e+00  4.24500000e-08  3.29999998e+00  4.24500000e-08  3.12795561e+00  4.24500000e-08  3.16278110e+00  4.24500000e-08  3.30000000e+00  4.24500000e-08  0.00000000e+00 
 4.24700000e-08  3.30000019e+00  4.24700000e-08  3.30000016e+00  4.24700000e-08  3.08747823e+00  4.24700000e-08  3.12613064e+00  4.24700000e-08  3.30000000e+00  4.24700000e-08  0.00000000e+00 
 4.24900000e-08  3.30000030e+00  4.24900000e-08  3.30000028e+00  4.24900000e-08  3.04622512e+00  4.24900000e-08  3.08871847e+00  4.24900000e-08  3.30000000e+00  4.24900000e-08  0.00000000e+00 
 4.25100000e-08  3.30000036e+00  4.25100000e-08  3.30000035e+00  4.25100000e-08  3.00437038e+00  4.25100000e-08  3.05070913e+00  4.25100000e-08  3.30000000e+00  4.25100000e-08  0.00000000e+00 
 4.25300000e-08  3.30000040e+00  4.25300000e-08  3.30000039e+00  4.25300000e-08  2.96205692e+00  4.25300000e-08  3.01223801e+00  4.25300000e-08  3.30000000e+00  4.25300000e-08  0.00000000e+00 
 4.25500000e-08  3.30000042e+00  4.25500000e-08  3.30000041e+00  4.25500000e-08  2.91940176e+00  4.25500000e-08  2.97341608e+00  4.25500000e-08  3.30000000e+00  4.25500000e-08  0.00000000e+00 
 4.25700000e-08  3.30000043e+00  4.25700000e-08  3.30000042e+00  4.25700000e-08  2.87650023e+00  4.25700000e-08  2.93433381e+00  4.25700000e-08  3.30000000e+00  4.25700000e-08  0.00000000e+00 
 4.25850000e-08  3.30000043e+00  4.25850000e-08  3.30000041e+00  4.25850000e-08  2.84420830e+00  4.25850000e-08  2.90489479e+00  4.25850000e-08  3.30000000e+00  4.25850000e-08  0.00000000e+00 
 4.26000000e-08  3.30000043e+00  4.26000000e-08  3.30000041e+00  4.26000000e-08  2.81184954e+00  4.26000000e-08  2.87537739e+00  4.26000000e-08  3.30000000e+00  4.26000000e-08  0.00000000e+00 
 4.26020000e-08  3.32132579e+00  4.26020000e-08  3.32132550e+00  4.26020000e-08  2.80786938e+00  4.26020000e-08  2.87178243e+00  4.26020000e-08  3.30000000e+00  4.26020000e-08  6.60000000e-02 
 4.26060000e-08  3.35608677e+00  4.26060000e-08  3.35608575e+00  4.26060000e-08  2.79982794e+00  4.26060000e-08  2.86450808e+00  4.26060000e-08  3.30000000e+00  4.26060000e-08  1.98000000e-01 
 4.26140000e-08  3.39509001e+00  4.26140000e-08  3.39508917e+00  4.26140000e-08  2.78339093e+00  4.26140000e-08  2.84959416e+00  4.26140000e-08  3.30000000e+00  4.26140000e-08  4.62000000e-01 
 4.26300000e-08  3.43011047e+00  4.26300000e-08  3.43011078e+00  4.26300000e-08  2.74918010e+00  4.26300000e-08  2.81840195e+00  4.26300000e-08  3.30000000e+00  4.26300000e-08  9.90000000e-01 
 4.26500000e-08  3.46572242e+00  4.26500000e-08  3.46572518e+00  4.26500000e-08  2.70125731e+00  4.26500000e-08  2.77414418e+00  4.26500000e-08  3.30000000e+00  4.26500000e-08  1.65000000e+00 
 4.26700000e-08  3.53517048e+00  4.26700000e-08  3.53547024e+00  4.26700000e-08  2.63609351e+00  4.26700000e-08  2.70144908e+00  4.26700000e-08  3.30000000e+00  4.26700000e-08  2.31000000e+00 
 4.26850000e-08  3.62707567e+00  4.26850000e-08  3.62706687e+00  4.26850000e-08  2.55322696e+00  4.26850000e-08  2.61578154e+00  4.26850000e-08  3.30000000e+00  4.26850000e-08  2.80500000e+00 
 4.27000000e-08  3.74269914e+00  4.27000000e-08  3.74191195e+00  4.27000000e-08  2.46753378e+00  4.27000000e-08  2.53106954e+00  4.27000000e-08  3.30000000e+00  4.27000000e-08  3.30000000e+00 
 4.27020000e-08  3.74246499e+00  4.27020000e-08  3.74153833e+00  4.27020000e-08  2.45629379e+00  4.27020000e-08  2.51998173e+00  4.27020000e-08  3.30000000e+00  4.27020000e-08  3.30000000e+00 
 4.27060000e-08  3.74180841e+00  4.27060000e-08  3.74057714e+00  4.27060000e-08  2.43474222e+00  4.27060000e-08  2.49874178e+00  4.27060000e-08  3.30000000e+00  4.27060000e-08  3.30000000e+00 
 4.27140000e-08  3.73942790e+00  4.27140000e-08  3.73743336e+00  4.27140000e-08  2.39655953e+00  4.27140000e-08  2.46117954e+00  4.27140000e-08  3.30000000e+00  4.27140000e-08  3.30000000e+00 
 4.27300000e-08  3.73077742e+00  4.27300000e-08  3.72691090e+00  4.27300000e-08  2.33463280e+00  4.27300000e-08  2.40048076e+00  4.27300000e-08  3.30000000e+00  4.27300000e-08  3.30000000e+00 
 4.27500000e-08  3.71578143e+00  4.27500000e-08  3.70597000e+00  4.27500000e-08  2.27375918e+00  4.27500000e-08  2.34108213e+00  4.27500000e-08  3.30000000e+00  4.27500000e-08  3.30000000e+00 
 4.27700000e-08  3.65248497e+00  4.27700000e-08  3.64376698e+00  4.27700000e-08  2.22166561e+00  4.27700000e-08  2.29077791e+00  4.27700000e-08  3.30000000e+00  4.27700000e-08  3.30000000e+00 
 4.27900000e-08  3.43291772e+00  4.27900000e-08  3.52882442e+00  4.27900000e-08  2.17326810e+00  4.27900000e-08  2.24503030e+00  4.27900000e-08  3.30000000e+00  4.27900000e-08  3.30000000e+00 
 4.28100000e-08  3.06775912e+00  4.28100000e-08  3.36104499e+00  4.28100000e-08  2.12633139e+00  4.28100000e-08  2.20237257e+00  4.28100000e-08  3.30000000e+00  4.28100000e-08  3.30000000e+00 
 4.28300000e-08  2.62637432e+00  4.28300000e-08  3.19020537e+00  4.28300000e-08  2.08007622e+00  4.28300000e-08  2.16144425e+00  4.28300000e-08  3.30000000e+00  4.28300000e-08  3.30000000e+00 
 4.28500000e-08  2.15284377e+00  4.28500000e-08  3.04689749e+00  4.28500000e-08  2.03392802e+00  4.28500000e-08  2.12151450e+00  4.28500000e-08  3.30000000e+00  4.28500000e-08  3.30000000e+00 
 4.28700000e-08  1.69148824e+00  4.28700000e-08  2.94401480e+00  4.28700000e-08  1.98430399e+00  4.28700000e-08  2.08117460e+00  4.28700000e-08  3.30000000e+00  4.28700000e-08  3.30000000e+00 
 4.28900000e-08  1.32137815e+00  4.28900000e-08  2.87214936e+00  4.28900000e-08  1.92654938e+00  4.28900000e-08  2.03821152e+00  4.28900000e-08  3.30000000e+00  4.28900000e-08  3.30000000e+00 
 4.29100000e-08  1.04378418e+00  4.29100000e-08  2.83301542e+00  4.29100000e-08  1.86935190e+00  4.29100000e-08  1.99017455e+00  4.29100000e-08  3.30000000e+00  4.29100000e-08  3.30000000e+00 
 4.29300000e-08  8.32337609e-01  4.29300000e-08  2.82123082e+00  4.29300000e-08  1.81544444e+00  4.29300000e-08  1.93698055e+00  4.29300000e-08  3.30000000e+00  4.29300000e-08  3.30000000e+00 
 4.29500000e-08  6.70538949e-01  4.29500000e-08  2.82954800e+00  4.29500000e-08  1.76433974e+00  4.29500000e-08  1.88227428e+00  4.29500000e-08  3.30000000e+00  4.29500000e-08  3.30000000e+00 
 4.29700000e-08  5.43525598e-01  4.29700000e-08  2.85062190e+00  4.29700000e-08  1.71560406e+00  4.29700000e-08  1.82929378e+00  4.29700000e-08  3.30000000e+00  4.29700000e-08  3.30000000e+00 
 4.29900000e-08  4.40852891e-01  4.29900000e-08  2.87927434e+00  4.29900000e-08  1.66905178e+00  4.29900000e-08  1.77935942e+00  4.29900000e-08  3.30000000e+00  4.29900000e-08  3.30000000e+00 
 4.30100000e-08  3.56772525e-01  4.30100000e-08  2.91208901e+00  4.30100000e-08  1.62460094e+00  4.30100000e-08  1.73269916e+00  4.30100000e-08  3.30000000e+00  4.30100000e-08  3.30000000e+00 
 4.30300000e-08  2.87300513e-01  4.30300000e-08  2.94664079e+00  4.30300000e-08  1.58216463e+00  4.30300000e-08  1.68912266e+00  4.30300000e-08  3.30000000e+00  4.30300000e-08  3.30000000e+00 
 4.30500000e-08  2.29538041e-01  4.30500000e-08  2.98123848e+00  4.30500000e-08  1.54162522e+00  4.30500000e-08  1.64829407e+00  4.30500000e-08  3.30000000e+00  4.30500000e-08  3.30000000e+00 
 4.30700000e-08  1.81272538e-01  4.30700000e-08  3.01472885e+00  4.30700000e-08  1.50283683e+00  4.30700000e-08  1.60985220e+00  4.30700000e-08  3.30000000e+00  4.30700000e-08  3.30000000e+00 
 4.30900000e-08  1.40726757e-01  4.30900000e-08  3.04635300e+00  4.30900000e-08  1.46563567e+00  4.30900000e-08  1.57345755e+00  4.30900000e-08  3.30000000e+00  4.30900000e-08  3.30000000e+00 
 4.31100000e-08  1.06537988e-01  4.31100000e-08  3.07568102e+00  4.31100000e-08  1.42984998e+00  4.31100000e-08  1.53881051e+00  4.31100000e-08  3.30000000e+00  4.31100000e-08  3.30000000e+00 
 4.31300000e-08  7.76016191e-02  4.31300000e-08  3.10249696e+00  4.31300000e-08  1.39531192e+00  4.31300000e-08  1.50564879e+00  4.31300000e-08  3.30000000e+00  4.31300000e-08  3.30000000e+00 
 4.31500000e-08  5.30516876e-02  4.31500000e-08  3.12675268e+00  4.31500000e-08  1.36186431e+00  4.31500000e-08  1.47375268e+00  4.31500000e-08  3.30000000e+00  4.31500000e-08  3.30000000e+00 
 4.31700000e-08  3.21672907e-02  4.31700000e-08  3.14849792e+00  4.31700000e-08  1.32936821e+00  4.31700000e-08  1.44292958e+00  4.31700000e-08  3.30000000e+00  4.31700000e-08  3.30000000e+00 
 4.31900000e-08  1.43601241e-02  4.31900000e-08  3.16785389e+00  4.31900000e-08  1.29768859e+00  4.31900000e-08  1.41301005e+00  4.31900000e-08  3.30000000e+00  4.31900000e-08  3.30000000e+00 
 4.32100000e-08 -8.73994994e-04  4.32100000e-08  3.18497648e+00  4.32100000e-08  1.26671435e+00  4.32100000e-08  1.38386974e+00  4.32100000e-08  3.30000000e+00  4.32100000e-08  3.30000000e+00 
 4.32300000e-08 -1.39314609e-02  4.32300000e-08  3.20005398e+00  4.32300000e-08  1.23634232e+00  4.32300000e-08  1.35539197e+00  4.32300000e-08  3.30000000e+00  4.32300000e-08  3.30000000e+00 
 4.32500000e-08 -2.51528315e-02  4.32500000e-08  3.21327495e+00  4.32500000e-08  1.20648701e+00  4.32500000e-08  1.32747602e+00  4.32500000e-08  3.30000000e+00  4.32500000e-08  3.30000000e+00 
 4.32700000e-08 -3.48486225e-02  4.32700000e-08  3.22481785e+00  4.32700000e-08  1.17707104e+00  4.32700000e-08  1.30005230e+00  4.32700000e-08  3.30000000e+00  4.32700000e-08  3.30000000e+00 
 4.32900000e-08 -4.32613033e-02  4.32900000e-08  3.23486957e+00  4.32900000e-08  1.14803929e+00  4.32900000e-08  1.27304856e+00  4.32900000e-08  3.30000000e+00  4.32900000e-08  3.30000000e+00 
 4.33100000e-08 -5.05530174e-02  4.33100000e-08  3.24360966e+00  4.33100000e-08  1.11934311e+00  4.33100000e-08  1.24640435e+00  4.33100000e-08  3.30000000e+00  4.33100000e-08  3.30000000e+00 
 4.33300000e-08 -5.69055495e-02  4.33300000e-08  3.25118939e+00  4.33300000e-08  1.09094040e+00  4.33300000e-08  1.22007044e+00  4.33300000e-08  3.30000000e+00  4.33300000e-08  3.30000000e+00 
 4.33500000e-08 -6.24563263e-02  4.33500000e-08  3.25775288e+00  4.33500000e-08  1.06279625e+00  4.33500000e-08  1.19400763e+00  4.33500000e-08  3.30000000e+00  4.33500000e-08  3.30000000e+00 
 4.33700000e-08 -6.73365408e-02  4.33700000e-08  3.26342391e+00  4.33700000e-08  1.03488199e+00  4.33700000e-08  1.16818127e+00  4.33700000e-08  3.30000000e+00  4.33700000e-08  3.30000000e+00 
 4.33900000e-08 -7.16426867e-02  4.33900000e-08  3.26831922e+00  4.33900000e-08  1.00717478e+00  4.33900000e-08  1.14256424e+00  4.33900000e-08  3.30000000e+00  4.33900000e-08  3.30000000e+00 
 4.34100000e-08 -7.54711926e-02  4.34100000e-08  3.27253632e+00  4.34100000e-08  9.79657627e-01  4.34100000e-08  1.11713212e+00  4.34100000e-08  3.30000000e+00  4.34100000e-08  3.30000000e+00 
 4.34300000e-08 -7.88898545e-02  4.34300000e-08  3.27616733e+00  4.34300000e-08  9.52320051e-01  4.34300000e-08  1.09186662e+00  4.34300000e-08  3.30000000e+00  4.34300000e-08  3.30000000e+00 
 4.34500000e-08 -8.19709021e-02  4.34500000e-08  3.27928706e+00  4.34500000e-08  9.25159837e-01  4.34500000e-08  1.06675115e+00  4.34500000e-08  3.30000000e+00  4.34500000e-08  3.30000000e+00 
 4.34700000e-08 -8.47614928e-02  4.34700000e-08  3.28196715e+00  4.34700000e-08  8.98186902e-01  4.34700000e-08  1.04177472e+00  4.34700000e-08  3.30000000e+00  4.34700000e-08  3.30000000e+00 
 4.34900000e-08 -8.73158605e-02  4.34900000e-08  3.28426417e+00  4.34900000e-08  8.71431137e-01  4.34900000e-08  1.01692811e+00  4.34900000e-08  3.30000000e+00  4.34900000e-08  3.30000000e+00 
 4.35100000e-08 -8.96647208e-02  4.35100000e-08  3.28623384e+00  4.35100000e-08  8.44959480e-01  4.35100000e-08  9.92208833e-01  4.35100000e-08  3.30000000e+00  4.35100000e-08  3.30000000e+00 
 4.35300000e-08 -9.18459516e-02  4.35300000e-08  3.28791923e+00  4.35300000e-08  8.18912483e-01  4.35300000e-08  9.67619712e-01  4.35300000e-08  3.30000000e+00  4.35300000e-08  3.30000000e+00 
 4.35500000e-08 -9.38714742e-02  4.35500000e-08  3.28936552e+00  4.35500000e-08  7.93576866e-01  4.35500000e-08  9.43178323e-01  4.35500000e-08  3.30000000e+00  4.35500000e-08  3.30000000e+00 
 4.35700000e-08 -9.57557732e-02  4.35700000e-08  3.29060828e+00  4.35700000e-08  7.69468279e-01  4.35700000e-08  9.18916531e-01  4.35700000e-08  3.30000000e+00  4.35700000e-08  3.30000000e+00 
 4.35900000e-08 -9.74871799e-02  4.35900000e-08  3.29168622e+00  4.35900000e-08  7.47290269e-01  4.35900000e-08  8.94868881e-01  4.35900000e-08  3.30000000e+00  4.35900000e-08  3.30000000e+00 
 4.36100000e-08 -9.90718095e-02  4.36100000e-08  3.29262444e+00  4.36100000e-08  7.27655582e-01  4.36100000e-08  8.71035127e-01  4.36100000e-08  3.30000000e+00  4.36100000e-08  3.30000000e+00 
 4.36300000e-08 -1.00517325e-01  4.36300000e-08  3.29344436e+00  4.36300000e-08  7.10791884e-01  4.36300000e-08  8.47374830e-01  4.36300000e-08  3.30000000e+00  4.36300000e-08  3.30000000e+00 
 4.36500000e-08 -1.01865652e-01  4.36500000e-08  3.29415228e+00  4.36500000e-08  6.96510920e-01  4.36500000e-08  8.23843100e-01  4.36500000e-08  3.30000000e+00  4.36500000e-08  3.30000000e+00 
 4.36700000e-08 -1.03141512e-01  4.36700000e-08  3.29476116e+00  4.36700000e-08  6.84400554e-01  4.36700000e-08  8.00468256e-01  4.36700000e-08  3.30000000e+00  4.36700000e-08  3.30000000e+00 
 4.36900000e-08 -1.04344626e-01  4.36900000e-08  3.29528999e+00  4.36900000e-08  6.74022048e-01  4.36900000e-08  7.77444308e-01  4.36900000e-08  3.30000000e+00  4.36900000e-08  3.30000000e+00 
 4.37100000e-08 -1.05381091e-01  4.37100000e-08  3.29578573e+00  4.37100000e-08  6.65005268e-01  4.37100000e-08  7.55206212e-01  4.37100000e-08  3.30000000e+00  4.37100000e-08  3.30000000e+00 
 4.37300000e-08 -1.06102347e-01  4.37300000e-08  3.29630106e+00  4.37300000e-08  6.57053753e-01  4.37300000e-08  7.34354784e-01  4.37300000e-08  3.30000000e+00  4.37300000e-08  3.30000000e+00 
 4.37500000e-08 -1.06349496e-01  4.37500000e-08  3.29687972e+00  4.37500000e-08  6.49925692e-01  4.37500000e-08  7.15417320e-01  4.37500000e-08  3.30000000e+00  4.37500000e-08  3.30000000e+00 
 4.37700000e-08 -1.06077581e-01  4.37700000e-08  3.29752048e+00  4.37700000e-08  6.43417015e-01  4.37700000e-08  6.98617361e-01  4.37700000e-08  3.30000000e+00  4.37700000e-08  3.30000000e+00 
 4.37900000e-08 -1.05340969e-01  4.37900000e-08  3.29819047e+00  4.37900000e-08  6.37361742e-01  4.37900000e-08  6.83851612e-01  4.37900000e-08  3.30000000e+00  4.37900000e-08  3.30000000e+00 
 4.38100000e-08 -1.04285096e-01  4.38100000e-08  3.29883643e+00  4.38100000e-08  6.31627291e-01  4.38100000e-08  6.70826597e-01  4.38100000e-08  3.30000000e+00  4.38100000e-08  3.30000000e+00 
 4.38300000e-08 -1.03049583e-01  4.38300000e-08  3.29942086e+00  4.38300000e-08  6.26113687e-01  4.38300000e-08  6.59211031e-01  4.38300000e-08  3.30000000e+00  4.38300000e-08  3.30000000e+00 
 4.38500000e-08 -1.01761245e-01  4.38500000e-08  3.29991663e+00  4.38500000e-08  6.20744964e-01  4.38500000e-08  6.48713469e-01  4.38500000e-08  3.30000000e+00  4.38500000e-08  3.30000000e+00 
 4.38700000e-08 -1.00494623e-01  4.38700000e-08  3.30032089e+00  4.38700000e-08  6.15467776e-01  4.38700000e-08  6.39102736e-01  4.38700000e-08  3.30000000e+00  4.38700000e-08  3.30000000e+00 
 4.38900000e-08 -9.93070708e-02  4.38900000e-08  3.30062964e+00  4.38900000e-08  6.10243488e-01  4.38900000e-08  6.30205519e-01  4.38900000e-08  3.30000000e+00  4.38900000e-08  3.30000000e+00 
 4.39100000e-08 -9.82172610e-02  4.39100000e-08  3.30085407e+00  4.39100000e-08  6.05048182e-01  4.39100000e-08  6.21893691e-01  4.39100000e-08  3.30000000e+00  4.39100000e-08  3.30000000e+00 
 4.39300000e-08 -9.72462954e-02  4.39300000e-08  3.30100242e+00  4.39300000e-08  5.99865864e-01  4.39300000e-08  6.14066776e-01  4.39300000e-08  3.30000000e+00  4.39300000e-08  3.30000000e+00 
 4.39500000e-08 -9.63899266e-02  4.39500000e-08  3.30108974e+00  4.39500000e-08  5.94689613e-01  4.39500000e-08  6.06648136e-01  4.39500000e-08  3.30000000e+00  4.39500000e-08  3.30000000e+00 
 4.39700000e-08 -9.56548724e-02  4.39700000e-08  3.30112444e+00  4.39700000e-08  5.89515625e-01  4.39700000e-08  5.99577077e-01  4.39700000e-08  3.30000000e+00  4.39700000e-08  3.30000000e+00 
 4.39900000e-08 -9.50276618e-02  4.39900000e-08  3.30112014e+00  4.39900000e-08  5.84345475e-01  4.39900000e-08  5.92805561e-01  4.39900000e-08  3.30000000e+00  4.39900000e-08  3.30000000e+00 
 4.40100000e-08 -9.45099053e-02  4.40100000e-08  3.30108286e+00  4.40100000e-08  5.79180928e-01  4.40100000e-08  5.86293927e-01  4.40100000e-08  3.30000000e+00  4.40100000e-08  3.30000000e+00 
 4.40300000e-08 -9.40854088e-02  4.40300000e-08  3.30102361e+00  4.40300000e-08  5.74027025e-01  4.40300000e-08  5.80009831e-01  4.40300000e-08  3.30000000e+00  4.40300000e-08  3.30000000e+00 
 4.40500000e-08 -9.37545822e-02  4.40500000e-08  3.30094576e+00  4.40500000e-08  5.68887375e-01  4.40500000e-08  5.73925702e-01  4.40500000e-08  3.30000000e+00  4.40500000e-08  3.30000000e+00 
 4.40700000e-08 -9.35010203e-02  4.40700000e-08  3.30085789e+00  4.40700000e-08  5.63767799e-01  4.40700000e-08  5.68018670e-01  4.40700000e-08  3.30000000e+00  4.40700000e-08  3.30000000e+00 
 4.40900000e-08 -9.33254687e-02  4.40900000e-08  3.30076118e+00  4.40900000e-08  5.58671871e-01  4.40900000e-08  5.62268836e-01  4.40900000e-08  3.30000000e+00  4.40900000e-08  3.30000000e+00 
 4.41100000e-08 -9.32122481e-02  4.41100000e-08  3.30066230e+00  4.41100000e-08  5.53604917e-01  4.41100000e-08  5.56659602e-01  4.41100000e-08  3.30000000e+00  4.41100000e-08  3.30000000e+00 
 4.41300000e-08 -9.31629786e-02  4.41300000e-08  3.30056078e+00  4.41300000e-08  5.48569667e-01  4.41300000e-08  5.51176354e-01  4.41300000e-08  3.30000000e+00  4.41300000e-08  3.30000000e+00 
 4.41500000e-08 -9.31629874e-02  4.41500000e-08  3.30046193e+00  4.41500000e-08  5.43570473e-01  4.41500000e-08  5.45806934e-01  4.41500000e-08  3.30000000e+00  4.41500000e-08  3.30000000e+00 
 4.41700000e-08 -9.32152068e-02  4.41700000e-08  3.30036420e+00  4.41700000e-08  5.38608989e-01  4.41700000e-08  5.40540544e-01  4.41700000e-08  3.30000000e+00  4.41700000e-08  3.30000000e+00 
 4.41900000e-08 -9.33057536e-02  4.41900000e-08  3.30027195e+00  4.41900000e-08  5.33688535e-01  4.41900000e-08  5.35368282e-01  4.41900000e-08  3.30000000e+00  4.41900000e-08  3.30000000e+00 
 4.42100000e-08 -9.34378000e-02  4.42100000e-08  3.30018262e+00  4.42100000e-08  5.28809748e-01  4.42100000e-08  5.30282203e-01  4.42100000e-08  3.30000000e+00  4.42100000e-08  3.30000000e+00 
 4.42300000e-08 -9.35990931e-02  4.42300000e-08  3.30010011e+00  4.42300000e-08  5.23975044e-01  4.42300000e-08  5.25275786e-01  4.42300000e-08  3.30000000e+00  4.42300000e-08  3.30000000e+00 
 4.42500000e-08 -9.37934622e-02  4.42500000e-08  3.30002139e+00  4.42500000e-08  5.19184228e-01  4.42500000e-08  5.20343169e-01  4.42500000e-08  3.30000000e+00  4.42500000e-08  3.30000000e+00 
 4.42700000e-08 -9.40096295e-02  4.42700000e-08  3.29995045e+00  4.42700000e-08  5.14439014e-01  4.42700000e-08  5.15479599e-01  4.42700000e-08  3.30000000e+00  4.42700000e-08  3.30000000e+00 
 4.42900000e-08 -9.42519076e-02  4.42900000e-08  3.29988348e+00  4.42900000e-08  5.09738582e-01  4.42900000e-08  5.10680742e-01  4.42900000e-08  3.30000000e+00  4.42900000e-08  3.30000000e+00 
 4.43100000e-08 -9.45096799e-02  4.43100000e-08  3.29982378e+00  4.43100000e-08  5.05084151e-01  4.43100000e-08  5.05943127e-01  4.43100000e-08  3.30000000e+00  4.43100000e-08  3.30000000e+00 
 4.43300000e-08 -9.47879416e-02  4.43300000e-08  3.29976761e+00  4.43300000e-08  5.00474468e-01  4.43300000e-08  5.01263528e-01  4.43300000e-08  3.30000000e+00  4.43300000e-08  3.30000000e+00 
 4.43500000e-08 -9.50766428e-02  4.43500000e-08  3.29971841e+00  4.43500000e-08  4.95910426e-01  4.43500000e-08  4.96639384e-01  4.43500000e-08  3.30000000e+00  4.43500000e-08  3.30000000e+00 
 4.43700000e-08 -9.53812496e-02  4.43700000e-08  3.29967234e+00  4.43700000e-08  4.91390498e-01  4.43700000e-08  4.92068258e-01  4.43700000e-08  3.30000000e+00  4.43700000e-08  3.30000000e+00 
 4.43900000e-08 -9.56921936e-02  4.43900000e-08  3.29963276e+00  4.43900000e-08  4.86915389e-01  4.43900000e-08  4.87548237e-01  4.43900000e-08  3.30000000e+00  4.43900000e-08  3.30000000e+00 
 4.44100000e-08 -9.60153496e-02  4.44100000e-08  3.29959578e+00  4.44100000e-08  4.82483411e-01  4.44100000e-08  4.83077442e-01  4.44100000e-08  3.30000000e+00  4.44100000e-08  3.30000000e+00 
 4.44300000e-08 -9.63415455e-02  4.44300000e-08  3.29956474e+00  4.44300000e-08  4.78095173e-01  4.44300000e-08  4.78654410e-01  4.44300000e-08  3.30000000e+00  4.44300000e-08  3.30000000e+00 
 4.44500000e-08 -9.66769959e-02  4.44500000e-08  3.29953573e+00  4.44500000e-08  4.73748908e-01  4.44500000e-08  4.74277660e-01  4.44500000e-08  3.30000000e+00  4.44500000e-08  3.30000000e+00 
 4.44700000e-08 -9.70128569e-02  4.44700000e-08  3.29951211e+00  4.44700000e-08  4.69445196e-01  4.44700000e-08  4.69946043e-01  4.44700000e-08  3.30000000e+00  4.44700000e-08  3.30000000e+00 
 4.44900000e-08 -9.73556221e-02  4.44900000e-08  3.29948994e+00  4.44900000e-08  4.65182240e-01  4.44900000e-08  4.65658357e-01  4.44900000e-08  3.30000000e+00  4.44900000e-08  3.30000000e+00 
 4.45100000e-08 -9.76967195e-02  4.45100000e-08  3.29947264e+00  4.45100000e-08  4.60960627e-01  4.45100000e-08  4.61413675e-01  4.45100000e-08  3.30000000e+00  4.45100000e-08  3.30000000e+00 
 4.45300000e-08 -9.80428699e-02  4.45300000e-08  3.29945626e+00  4.45300000e-08  4.56778564e-01  4.45300000e-08  4.57210998e-01  4.45300000e-08  3.30000000e+00  4.45300000e-08  3.30000000e+00 
 4.45500000e-08 -9.83857248e-02  4.45500000e-08  3.29944426e+00  4.45500000e-08  4.52636667e-01  4.45500000e-08  4.53049553e-01  4.45500000e-08  3.30000000e+00  4.45500000e-08  3.30000000e+00 
 4.45700000e-08 -9.87321890e-02  4.45700000e-08  3.29943271e+00  4.45700000e-08  4.48533160e-01  4.45700000e-08  4.48928489e-01  4.45700000e-08  3.30000000e+00  4.45700000e-08  3.30000000e+00 
 4.45900000e-08 -9.90740973e-02  4.45900000e-08  3.29942508e+00  4.45900000e-08  4.44468700e-01  4.45900000e-08  4.44847148e-01  4.45900000e-08  3.30000000e+00  4.45900000e-08  3.30000000e+00 
 4.46100000e-08 -9.94185021e-02  4.46100000e-08  3.29941750e+00  4.46100000e-08  4.40441536e-01  4.46100000e-08  4.40804788e-01  4.46100000e-08  3.30000000e+00  4.46100000e-08  3.30000000e+00 
 4.46300000e-08 -9.97573880e-02  4.46300000e-08  3.29941346e+00  4.46300000e-08  4.36452370e-01  4.46300000e-08  4.36800832e-01  4.46300000e-08  3.30000000e+00  4.46300000e-08  3.30000000e+00 
 4.46500000e-08 -1.00097925e-01  4.46500000e-08  3.29940910e+00  4.46500000e-08  4.32499477e-01  4.46500000e-08  4.32834627e-01  4.46500000e-08  3.30000000e+00  4.46500000e-08  3.30000000e+00 
 4.46700000e-08 -1.00432220e-01  4.46700000e-08  3.29940795e+00  4.46700000e-08  4.28583601e-01  4.46700000e-08  4.28905658e-01  4.46700000e-08  3.30000000e+00  4.46700000e-08  3.30000000e+00 
 4.46900000e-08 -1.00767534e-01  4.46900000e-08  3.29940617e+00  4.46900000e-08  4.24703047e-01  4.46900000e-08  4.25013338e-01  4.46900000e-08  3.30000000e+00  4.46900000e-08  3.30000000e+00 
 4.47100000e-08 -1.01096076e-01  4.47100000e-08  3.29940733e+00  4.47100000e-08  4.20858596e-01  4.47100000e-08  4.21157201e-01  4.47100000e-08  3.30000000e+00  4.47100000e-08  3.30000000e+00 
 4.47300000e-08 -1.01425179e-01  4.47300000e-08  3.29940759e+00  4.47300000e-08  4.17048578e-01  4.47300000e-08  4.17336714e-01  4.47300000e-08  3.30000000e+00  4.47300000e-08  3.30000000e+00 
 4.47500000e-08 -1.01747130e-01  4.47500000e-08  3.29941056e+00  4.47500000e-08  4.13273810e-01  4.47500000e-08  4.13551451e-01  4.47500000e-08  3.30000000e+00  4.47500000e-08  3.30000000e+00 
 4.47700000e-08 -1.02069320e-01  4.47700000e-08  3.29941241e+00  4.47700000e-08  4.09532645e-01  4.47700000e-08  4.09800923e-01  4.47700000e-08  3.30000000e+00  4.47700000e-08  3.30000000e+00 
 4.47900000e-08 -1.02384102e-01  4.47900000e-08  3.29941679e+00  4.47900000e-08  4.05825932e-01  4.47900000e-08  4.06084735e-01  4.47900000e-08  3.30000000e+00  4.47900000e-08  3.30000000e+00 
 4.48100000e-08 -1.02698909e-01  4.48100000e-08  3.29941986e+00  4.48100000e-08  4.02152042e-01  4.48100000e-08  4.02402437e-01  4.48100000e-08  3.30000000e+00  4.48100000e-08  3.30000000e+00 
 4.48300000e-08 -1.03006146e-01  4.48300000e-08  3.29942530e+00  4.48300000e-08  3.98511854e-01  4.48300000e-08  3.98753658e-01  4.48300000e-08  3.30000000e+00  4.48300000e-08  3.30000000e+00 
 4.48500000e-08 -1.03313279e-01  4.48500000e-08  3.29942928e+00  4.48500000e-08  3.94903755e-01  4.48500000e-08  3.95137981e-01  4.48500000e-08  3.30000000e+00  4.48500000e-08  3.30000000e+00 
 4.48700000e-08 -1.03612757e-01  4.48700000e-08  3.29943551e+00  4.48700000e-08  3.91328649e-01  4.48700000e-08  3.91555057e-01  4.48700000e-08  3.30000000e+00  4.48700000e-08  3.30000000e+00 
 4.48900000e-08 -1.03912067e-01  4.48900000e-08  3.29944016e+00  4.48900000e-08  3.87784938e-01  4.48900000e-08  3.88004495e-01  4.48900000e-08  3.30000000e+00  4.48900000e-08  3.30000000e+00 
 4.49100000e-08 -1.04203694e-01  4.49100000e-08  3.29944695e+00  4.49100000e-08  3.84273548e-01  4.49100000e-08  3.84485965e-01  4.49100000e-08  3.30000000e+00  4.49100000e-08  3.30000000e+00 
 4.49300000e-08 -1.04495142e-01  4.49300000e-08  3.29945207e+00  4.49300000e-08  3.80792894e-01  4.49300000e-08  3.80999100e-01  4.49300000e-08  3.30000000e+00  4.49300000e-08  3.30000000e+00 
 4.49500000e-08 -1.04778922e-01  4.49500000e-08  3.29945924e+00  4.49500000e-08  3.77343920e-01  4.49500000e-08  3.77543585e-01  4.49500000e-08  3.30000000e+00  4.49500000e-08  3.30000000e+00 
 4.49700000e-08 -1.05062550e-01  4.49700000e-08  3.29946466e+00  4.49700000e-08  3.73925054e-01  4.49700000e-08  3.74119075e-01  4.49700000e-08  3.30000000e+00  4.49700000e-08  3.30000000e+00 
 4.49850000e-08 -1.05269456e-01  4.49850000e-08  3.29947045e+00  4.49850000e-08  3.71381453e-01  4.49850000e-08  3.71570865e-01  4.49850000e-08  3.30000000e+00  4.49850000e-08  3.30000000e+00 
 4.50000000e-08 -1.05477940e-01  4.50000000e-08  3.29947439e+00  4.50000000e-08  3.68854213e-01  4.50000000e-08  3.69039780e-01  4.50000000e-08  3.30000000e+00  4.50000000e-08  3.30000000e+00 
