 0.00000000e+00  3.30000000e+00  0.00000000e+00  3.30000000e+00  0.00000000e+00  3.29999988e+00  0.00000000e+00  3.29999989e+00  0.00000000e+00  0.00000000e+00  0.00000000e+00  0.00000000e+00 
 2.00000000e-13  3.30000000e+00  2.00000000e-13  3.30000000e+00  2.00000000e-13  3.29999988e+00  2.00000000e-13  3.29999989e+00  2.00000000e-13  0.00000000e+00  2.00000000e-13  0.00000000e+00 
 4.00000000e-13  3.30000000e+00  4.00000000e-13  3.30000000e+00  4.00000000e-13  3.29999988e+00  4.00000000e-13  3.29999989e+00  4.00000000e-13  0.00000000e+00  4.00000000e-13  0.00000000e+00 
 8.00000000e-13  3.30000000e+00  8.00000000e-13  3.30000000e+00  8.00000000e-13  3.29999988e+00  8.00000000e-13  3.29999989e+00  8.00000000e-13  0.00000000e+00  8.00000000e-13  0.00000000e+00 
 1.60000000e-12  3.30000000e+00  1.60000000e-12  3.30000000e+00  1.60000000e-12  3.29999988e+00  1.60000000e-12  3.29999990e+00  1.60000000e-12  0.00000000e+00  1.60000000e-12  0.00000000e+00 
 3.20000000e-12  3.30000000e+00  3.20000000e-12  3.30000000e+00  3.20000000e-12  3.29999988e+00  3.20000000e-12  3.29999990e+00  3.20000000e-12  0.00000000e+00  3.20000000e-12  0.00000000e+00 
 6.40000000e-12  3.30000000e+00  6.40000000e-12  3.30000000e+00  6.40000000e-12  3.29999988e+00  6.40000000e-12  3.29999991e+00  6.40000000e-12  0.00000000e+00  6.40000000e-12  0.00000000e+00 
 1.28000000e-11  3.30000000e+00  1.28000000e-11  3.30000000e+00  1.28000000e-11  3.29999988e+00  1.28000000e-11  3.29999992e+00  1.28000000e-11  0.00000000e+00  1.28000000e-11  0.00000000e+00 
 2.56000000e-11  3.30000000e+00  2.56000000e-11  3.30000000e+00  2.56000000e-11  3.29999988e+00  2.56000000e-11  3.29999995e+00  2.56000000e-11  0.00000000e+00  2.56000000e-11  0.00000000e+00 
 4.56000000e-11  3.30000000e+00  4.56000000e-11  3.30000000e+00  4.56000000e-11  3.29999988e+00  4.56000000e-11  3.29999999e+00  4.56000000e-11  0.00000000e+00  4.56000000e-11  0.00000000e+00 
 6.56000000e-11  3.30000000e+00  6.56000000e-11  3.30000000e+00  6.56000000e-11  3.29999988e+00  6.56000000e-11  3.30000002e+00  6.56000000e-11  0.00000000e+00  6.56000000e-11  0.00000000e+00 
 8.56000000e-11  3.30000000e+00  8.56000000e-11  3.30000000e+00  8.56000000e-11  3.29999988e+00  8.56000000e-11  3.30000005e+00  8.56000000e-11  0.00000000e+00  8.56000000e-11  0.00000000e+00 
 1.05600000e-10  3.30000000e+00  1.05600000e-10  3.30000000e+00  1.05600000e-10  3.29999988e+00  1.05600000e-10  3.30000007e+00  1.05600000e-10  0.00000000e+00  1.05600000e-10  0.00000000e+00 
 1.25600000e-10  3.30000000e+00  1.25600000e-10  3.30000000e+00  1.25600000e-10  3.29999988e+00  1.25600000e-10  3.30000009e+00  1.25600000e-10  0.00000000e+00  1.25600000e-10  0.00000000e+00 
 1.45600000e-10  3.30000000e+00  1.45600000e-10  3.30000000e+00  1.45600000e-10  3.29999988e+00  1.45600000e-10  3.30000010e+00  1.45600000e-10  0.00000000e+00  1.45600000e-10  0.00000000e+00 
 1.65600000e-10  3.30000000e+00  1.65600000e-10  3.30000000e+00  1.65600000e-10  3.29999988e+00  1.65600000e-10  3.30000011e+00  1.65600000e-10  0.00000000e+00  1.65600000e-10  0.00000000e+00 
 1.85600000e-10  3.30000000e+00  1.85600000e-10  3.30000000e+00  1.85600000e-10  3.29999988e+00  1.85600000e-10  3.30000012e+00  1.85600000e-10  0.00000000e+00  1.85600000e-10  0.00000000e+00 
 2.05600000e-10  3.30000000e+00  2.05600000e-10  3.30000000e+00  2.05600000e-10  3.29999988e+00  2.05600000e-10  3.30000013e+00  2.05600000e-10  0.00000000e+00  2.05600000e-10  0.00000000e+00 
 2.25600000e-10  3.30000000e+00  2.25600000e-10  3.30000000e+00  2.25600000e-10  3.29999988e+00  2.25600000e-10  3.30000013e+00  2.25600000e-10  0.00000000e+00  2.25600000e-10  0.00000000e+00 
 2.45600000e-10  3.30000000e+00  2.45600000e-10  3.30000000e+00  2.45600000e-10  3.29999988e+00  2.45600000e-10  3.30000014e+00  2.45600000e-10  0.00000000e+00  2.45600000e-10  0.00000000e+00 
 2.65600000e-10  3.30000000e+00  2.65600000e-10  3.30000000e+00  2.65600000e-10  3.29999988e+00  2.65600000e-10  3.30000014e+00  2.65600000e-10  0.00000000e+00  2.65600000e-10  0.00000000e+00 
 2.85600000e-10  3.30000000e+00  2.85600000e-10  3.30000000e+00  2.85600000e-10  3.29999988e+00  2.85600000e-10  3.30000014e+00  2.85600000e-10  0.00000000e+00  2.85600000e-10  0.00000000e+00 
 3.05600000e-10  3.30000000e+00  3.05600000e-10  3.30000000e+00  3.05600000e-10  3.29999988e+00  3.05600000e-10  3.30000014e+00  3.05600000e-10  0.00000000e+00  3.05600000e-10  0.00000000e+00 
 3.25600000e-10  3.30000000e+00  3.25600000e-10  3.30000000e+00  3.25600000e-10  3.29999988e+00  3.25600000e-10  3.30000015e+00  3.25600000e-10  0.00000000e+00  3.25600000e-10  0.00000000e+00 
 3.45600000e-10  3.30000000e+00  3.45600000e-10  3.30000000e+00  3.45600000e-10  3.29999988e+00  3.45600000e-10  3.30000015e+00  3.45600000e-10  0.00000000e+00  3.45600000e-10  0.00000000e+00 
 3.65600000e-10  3.30000000e+00  3.65600000e-10  3.30000000e+00  3.65600000e-10  3.29999988e+00  3.65600000e-10  3.30000015e+00  3.65600000e-10  0.00000000e+00  3.65600000e-10  0.00000000e+00 
 3.85600000e-10  3.30000000e+00  3.85600000e-10  3.30000000e+00  3.85600000e-10  3.29999988e+00  3.85600000e-10  3.30000015e+00  3.85600000e-10  0.00000000e+00  3.85600000e-10  0.00000000e+00 
 4.05600000e-10  3.30000000e+00  4.05600000e-10  3.30000000e+00  4.05600000e-10  3.29999988e+00  4.05600000e-10  3.30000015e+00  4.05600000e-10  0.00000000e+00  4.05600000e-10  0.00000000e+00 
 4.25600000e-10  3.30000000e+00  4.25600000e-10  3.30000000e+00  4.25600000e-10  3.29999988e+00  4.25600000e-10  3.30000015e+00  4.25600000e-10  0.00000000e+00  4.25600000e-10  0.00000000e+00 
 4.45600000e-10  3.30000000e+00  4.45600000e-10  3.30000000e+00  4.45600000e-10  3.29999988e+00  4.45600000e-10  3.30000015e+00  4.45600000e-10  0.00000000e+00  4.45600000e-10  0.00000000e+00 
 4.65600000e-10  3.30000000e+00  4.65600000e-10  3.30000000e+00  4.65600000e-10  3.29999988e+00  4.65600000e-10  3.30000015e+00  4.65600000e-10  0.00000000e+00  4.65600000e-10  0.00000000e+00 
 4.85600000e-10  3.30000000e+00  4.85600000e-10  3.30000000e+00  4.85600000e-10  3.29999988e+00  4.85600000e-10  3.30000015e+00  4.85600000e-10  0.00000000e+00  4.85600000e-10  0.00000000e+00 
 5.05600000e-10  3.30000000e+00  5.05600000e-10  3.30000000e+00  5.05600000e-10  3.29999988e+00  5.05600000e-10  3.30000015e+00  5.05600000e-10  0.00000000e+00  5.05600000e-10  0.00000000e+00 
 5.25600000e-10  3.30000000e+00  5.25600000e-10  3.30000000e+00  5.25600000e-10  3.29999988e+00  5.25600000e-10  3.30000015e+00  5.25600000e-10  0.00000000e+00  5.25600000e-10  0.00000000e+00 
 5.45600000e-10  3.30000000e+00  5.45600000e-10  3.30000000e+00  5.45600000e-10  3.29999988e+00  5.45600000e-10  3.30000015e+00  5.45600000e-10  0.00000000e+00  5.45600000e-10  0.00000000e+00 
 5.65600000e-10  3.30000000e+00  5.65600000e-10  3.30000000e+00  5.65600000e-10  3.29999988e+00  5.65600000e-10  3.30000015e+00  5.65600000e-10  0.00000000e+00  5.65600000e-10  0.00000000e+00 
 5.85600000e-10  3.30000000e+00  5.85600000e-10  3.30000000e+00  5.85600000e-10  3.29999988e+00  5.85600000e-10  3.30000015e+00  5.85600000e-10  0.00000000e+00  5.85600000e-10  0.00000000e+00 
 6.05600000e-10  3.30000000e+00  6.05600000e-10  3.30000000e+00  6.05600000e-10  3.29999988e+00  6.05600000e-10  3.30000015e+00  6.05600000e-10  0.00000000e+00  6.05600000e-10  0.00000000e+00 
 6.25600000e-10  3.30000000e+00  6.25600000e-10  3.30000000e+00  6.25600000e-10  3.29999988e+00  6.25600000e-10  3.30000015e+00  6.25600000e-10  0.00000000e+00  6.25600000e-10  0.00000000e+00 
 6.45600000e-10  3.30000000e+00  6.45600000e-10  3.30000000e+00  6.45600000e-10  3.29999988e+00  6.45600000e-10  3.30000015e+00  6.45600000e-10  0.00000000e+00  6.45600000e-10  0.00000000e+00 
 6.65600000e-10  3.30000000e+00  6.65600000e-10  3.30000000e+00  6.65600000e-10  3.29999988e+00  6.65600000e-10  3.30000015e+00  6.65600000e-10  0.00000000e+00  6.65600000e-10  0.00000000e+00 
 6.85600000e-10  3.30000000e+00  6.85600000e-10  3.30000000e+00  6.85600000e-10  3.29999988e+00  6.85600000e-10  3.30000015e+00  6.85600000e-10  0.00000000e+00  6.85600000e-10  0.00000000e+00 
 7.05600000e-10  3.30000000e+00  7.05600000e-10  3.30000000e+00  7.05600000e-10  3.29999988e+00  7.05600000e-10  3.30000015e+00  7.05600000e-10  0.00000000e+00  7.05600000e-10  0.00000000e+00 
 7.25600000e-10  3.30000000e+00  7.25600000e-10  3.30000000e+00  7.25600000e-10  3.29999988e+00  7.25600000e-10  3.30000015e+00  7.25600000e-10  0.00000000e+00  7.25600000e-10  0.00000000e+00 
 7.45600000e-10  3.30000000e+00  7.45600000e-10  3.30000000e+00  7.45600000e-10  3.29999988e+00  7.45600000e-10  3.30000015e+00  7.45600000e-10  0.00000000e+00  7.45600000e-10  0.00000000e+00 
 7.65600000e-10  3.30000000e+00  7.65600000e-10  3.30000000e+00  7.65600000e-10  3.29999988e+00  7.65600000e-10  3.30000015e+00  7.65600000e-10  0.00000000e+00  7.65600000e-10  0.00000000e+00 
 7.85600000e-10  3.30000000e+00  7.85600000e-10  3.30000000e+00  7.85600000e-10  3.29999988e+00  7.85600000e-10  3.30000015e+00  7.85600000e-10  0.00000000e+00  7.85600000e-10  0.00000000e+00 
 8.05600000e-10  3.30000000e+00  8.05600000e-10  3.30000000e+00  8.05600000e-10  3.29999988e+00  8.05600000e-10  3.30000015e+00  8.05600000e-10  0.00000000e+00  8.05600000e-10  0.00000000e+00 
 8.25600000e-10  3.30000000e+00  8.25600000e-10  3.30000000e+00  8.25600000e-10  3.29999988e+00  8.25600000e-10  3.30000015e+00  8.25600000e-10  0.00000000e+00  8.25600000e-10  0.00000000e+00 
 8.45600000e-10  3.30000000e+00  8.45600000e-10  3.30000000e+00  8.45600000e-10  3.29999988e+00  8.45600000e-10  3.30000015e+00  8.45600000e-10  0.00000000e+00  8.45600000e-10  0.00000000e+00 
 8.65600000e-10  3.30000000e+00  8.65600000e-10  3.30000000e+00  8.65600000e-10  3.29999988e+00  8.65600000e-10  3.30000015e+00  8.65600000e-10  0.00000000e+00  8.65600000e-10  0.00000000e+00 
 8.85600000e-10  3.30000000e+00  8.85600000e-10  3.30000000e+00  8.85600000e-10  3.29999988e+00  8.85600000e-10  3.30000015e+00  8.85600000e-10  0.00000000e+00  8.85600000e-10  0.00000000e+00 
 9.05600000e-10  3.30000000e+00  9.05600000e-10  3.30000000e+00  9.05600000e-10  3.29999988e+00  9.05600000e-10  3.30000015e+00  9.05600000e-10  0.00000000e+00  9.05600000e-10  0.00000000e+00 
 9.25600000e-10  3.30000000e+00  9.25600000e-10  3.30000000e+00  9.25600000e-10  3.29999988e+00  9.25600000e-10  3.30000015e+00  9.25600000e-10  0.00000000e+00  9.25600000e-10  0.00000000e+00 
 9.45600000e-10  3.30000000e+00  9.45600000e-10  3.30000000e+00  9.45600000e-10  3.29999988e+00  9.45600000e-10  3.30000015e+00  9.45600000e-10  0.00000000e+00  9.45600000e-10  0.00000000e+00 
 9.65600000e-10  3.30000000e+00  9.65600000e-10  3.30000000e+00  9.65600000e-10  3.29999988e+00  9.65600000e-10  3.30000015e+00  9.65600000e-10  0.00000000e+00  9.65600000e-10  0.00000000e+00 
 9.85600000e-10  3.30000000e+00  9.85600000e-10  3.30000000e+00  9.85600000e-10  3.29999988e+00  9.85600000e-10  3.30000015e+00  9.85600000e-10  0.00000000e+00  9.85600000e-10  0.00000000e+00 
 1.00560000e-09  3.30000000e+00  1.00560000e-09  3.30000000e+00  1.00560000e-09  3.29999988e+00  1.00560000e-09  3.30000015e+00  1.00560000e-09  0.00000000e+00  1.00560000e-09  0.00000000e+00 
 1.02560000e-09  3.30000000e+00  1.02560000e-09  3.30000000e+00  1.02560000e-09  3.29999988e+00  1.02560000e-09  3.30000015e+00  1.02560000e-09  0.00000000e+00  1.02560000e-09  0.00000000e+00 
 1.04560000e-09  3.30000000e+00  1.04560000e-09  3.30000000e+00  1.04560000e-09  3.29999988e+00  1.04560000e-09  3.30000015e+00  1.04560000e-09  0.00000000e+00  1.04560000e-09  0.00000000e+00 
 1.06560000e-09  3.30000000e+00  1.06560000e-09  3.30000000e+00  1.06560000e-09  3.29999988e+00  1.06560000e-09  3.30000015e+00  1.06560000e-09  0.00000000e+00  1.06560000e-09  0.00000000e+00 
 1.08560000e-09  3.30000000e+00  1.08560000e-09  3.30000000e+00  1.08560000e-09  3.29999988e+00  1.08560000e-09  3.30000015e+00  1.08560000e-09  0.00000000e+00  1.08560000e-09  0.00000000e+00 
 1.10560000e-09  3.30000000e+00  1.10560000e-09  3.30000000e+00  1.10560000e-09  3.29999988e+00  1.10560000e-09  3.30000015e+00  1.10560000e-09  0.00000000e+00  1.10560000e-09  0.00000000e+00 
 1.12560000e-09  3.30000000e+00  1.12560000e-09  3.30000000e+00  1.12560000e-09  3.29999988e+00  1.12560000e-09  3.30000015e+00  1.12560000e-09  0.00000000e+00  1.12560000e-09  0.00000000e+00 
 1.14560000e-09  3.30000000e+00  1.14560000e-09  3.30000000e+00  1.14560000e-09  3.29999988e+00  1.14560000e-09  3.30000015e+00  1.14560000e-09  0.00000000e+00  1.14560000e-09  0.00000000e+00 
 1.16560000e-09  3.30000000e+00  1.16560000e-09  3.30000000e+00  1.16560000e-09  3.29999988e+00  1.16560000e-09  3.30000015e+00  1.16560000e-09  0.00000000e+00  1.16560000e-09  0.00000000e+00 
 1.18560000e-09  3.30000000e+00  1.18560000e-09  3.30000000e+00  1.18560000e-09  3.29999988e+00  1.18560000e-09  3.30000015e+00  1.18560000e-09  0.00000000e+00  1.18560000e-09  0.00000000e+00 
 1.20560000e-09  3.30000000e+00  1.20560000e-09  3.30000000e+00  1.20560000e-09  3.29999988e+00  1.20560000e-09  3.30000015e+00  1.20560000e-09  0.00000000e+00  1.20560000e-09  0.00000000e+00 
 1.22560000e-09  3.30000000e+00  1.22560000e-09  3.30000000e+00  1.22560000e-09  3.29999988e+00  1.22560000e-09  3.30000015e+00  1.22560000e-09  0.00000000e+00  1.22560000e-09  0.00000000e+00 
 1.24560000e-09  3.30000000e+00  1.24560000e-09  3.30000000e+00  1.24560000e-09  3.29999988e+00  1.24560000e-09  3.30000015e+00  1.24560000e-09  0.00000000e+00  1.24560000e-09  0.00000000e+00 
 1.26560000e-09  3.30000000e+00  1.26560000e-09  3.30000000e+00  1.26560000e-09  3.29999988e+00  1.26560000e-09  3.30000015e+00  1.26560000e-09  0.00000000e+00  1.26560000e-09  0.00000000e+00 
 1.28560000e-09  3.30000000e+00  1.28560000e-09  3.30000000e+00  1.28560000e-09  3.29999988e+00  1.28560000e-09  3.30000015e+00  1.28560000e-09  0.00000000e+00  1.28560000e-09  0.00000000e+00 
 1.30560000e-09  3.30000000e+00  1.30560000e-09  3.30000000e+00  1.30560000e-09  3.29999988e+00  1.30560000e-09  3.30000015e+00  1.30560000e-09  0.00000000e+00  1.30560000e-09  0.00000000e+00 
 1.32560000e-09  3.30000000e+00  1.32560000e-09  3.30000000e+00  1.32560000e-09  3.29999988e+00  1.32560000e-09  3.30000015e+00  1.32560000e-09  0.00000000e+00  1.32560000e-09  0.00000000e+00 
 1.34560000e-09  3.30000000e+00  1.34560000e-09  3.30000000e+00  1.34560000e-09  3.29999988e+00  1.34560000e-09  3.30000015e+00  1.34560000e-09  0.00000000e+00  1.34560000e-09  0.00000000e+00 
 1.36560000e-09  3.30000000e+00  1.36560000e-09  3.30000000e+00  1.36560000e-09  3.29999988e+00  1.36560000e-09  3.30000015e+00  1.36560000e-09  0.00000000e+00  1.36560000e-09  0.00000000e+00 
 1.38560000e-09  3.30000000e+00  1.38560000e-09  3.30000000e+00  1.38560000e-09  3.29999988e+00  1.38560000e-09  3.30000015e+00  1.38560000e-09  0.00000000e+00  1.38560000e-09  0.00000000e+00 
 1.40560000e-09  3.30000000e+00  1.40560000e-09  3.30000000e+00  1.40560000e-09  3.29999988e+00  1.40560000e-09  3.30000015e+00  1.40560000e-09  0.00000000e+00  1.40560000e-09  0.00000000e+00 
 1.42560000e-09  3.30000000e+00  1.42560000e-09  3.30000000e+00  1.42560000e-09  3.29999988e+00  1.42560000e-09  3.30000015e+00  1.42560000e-09  0.00000000e+00  1.42560000e-09  0.00000000e+00 
 1.44560000e-09  3.30000000e+00  1.44560000e-09  3.30000000e+00  1.44560000e-09  3.29999988e+00  1.44560000e-09  3.30000015e+00  1.44560000e-09  0.00000000e+00  1.44560000e-09  0.00000000e+00 
 1.46560000e-09  3.30000000e+00  1.46560000e-09  3.30000000e+00  1.46560000e-09  3.29999988e+00  1.46560000e-09  3.30000015e+00  1.46560000e-09  0.00000000e+00  1.46560000e-09  0.00000000e+00 
 1.48560000e-09  3.30000000e+00  1.48560000e-09  3.30000000e+00  1.48560000e-09  3.29999988e+00  1.48560000e-09  3.30000015e+00  1.48560000e-09  0.00000000e+00  1.48560000e-09  0.00000000e+00 
 1.50560000e-09  3.30000000e+00  1.50560000e-09  3.30000000e+00  1.50560000e-09  3.29999988e+00  1.50560000e-09  3.30000015e+00  1.50560000e-09  0.00000000e+00  1.50560000e-09  0.00000000e+00 
 1.52560000e-09  3.30000000e+00  1.52560000e-09  3.30000000e+00  1.52560000e-09  3.29999988e+00  1.52560000e-09  3.30000015e+00  1.52560000e-09  0.00000000e+00  1.52560000e-09  0.00000000e+00 
 1.54560000e-09  3.30000000e+00  1.54560000e-09  3.30000000e+00  1.54560000e-09  3.29999988e+00  1.54560000e-09  3.30000015e+00  1.54560000e-09  0.00000000e+00  1.54560000e-09  0.00000000e+00 
 1.56560000e-09  3.30000000e+00  1.56560000e-09  3.30000000e+00  1.56560000e-09  3.29999988e+00  1.56560000e-09  3.30000015e+00  1.56560000e-09  0.00000000e+00  1.56560000e-09  0.00000000e+00 
 1.58560000e-09  3.30000000e+00  1.58560000e-09  3.30000000e+00  1.58560000e-09  3.29999988e+00  1.58560000e-09  3.30000015e+00  1.58560000e-09  0.00000000e+00  1.58560000e-09  0.00000000e+00 
 1.60560000e-09  3.30000000e+00  1.60560000e-09  3.30000000e+00  1.60560000e-09  3.29999988e+00  1.60560000e-09  3.30000015e+00  1.60560000e-09  0.00000000e+00  1.60560000e-09  0.00000000e+00 
 1.62560000e-09  3.30000000e+00  1.62560000e-09  3.30000000e+00  1.62560000e-09  3.29999988e+00  1.62560000e-09  3.30000015e+00  1.62560000e-09  0.00000000e+00  1.62560000e-09  0.00000000e+00 
 1.64560000e-09  3.30000000e+00  1.64560000e-09  3.30000000e+00  1.64560000e-09  3.29999988e+00  1.64560000e-09  3.30000015e+00  1.64560000e-09  0.00000000e+00  1.64560000e-09  0.00000000e+00 
 1.66560000e-09  3.30000000e+00  1.66560000e-09  3.30000000e+00  1.66560000e-09  3.29999988e+00  1.66560000e-09  3.30000015e+00  1.66560000e-09  0.00000000e+00  1.66560000e-09  0.00000000e+00 
 1.68560000e-09  3.30000000e+00  1.68560000e-09  3.30000000e+00  1.68560000e-09  3.29999988e+00  1.68560000e-09  3.30000015e+00  1.68560000e-09  0.00000000e+00  1.68560000e-09  0.00000000e+00 
 1.70560000e-09  3.30000000e+00  1.70560000e-09  3.30000000e+00  1.70560000e-09  3.29999988e+00  1.70560000e-09  3.30000015e+00  1.70560000e-09  0.00000000e+00  1.70560000e-09  0.00000000e+00 
 1.72560000e-09  3.30000000e+00  1.72560000e-09  3.30000000e+00  1.72560000e-09  3.29999988e+00  1.72560000e-09  3.30000015e+00  1.72560000e-09  0.00000000e+00  1.72560000e-09  0.00000000e+00 
 1.74560000e-09  3.30000000e+00  1.74560000e-09  3.30000000e+00  1.74560000e-09  3.29999988e+00  1.74560000e-09  3.30000015e+00  1.74560000e-09  0.00000000e+00  1.74560000e-09  0.00000000e+00 
 1.76560000e-09  3.30000000e+00  1.76560000e-09  3.30000000e+00  1.76560000e-09  3.29999988e+00  1.76560000e-09  3.30000015e+00  1.76560000e-09  0.00000000e+00  1.76560000e-09  0.00000000e+00 
 1.78560000e-09  3.30000000e+00  1.78560000e-09  3.30000000e+00  1.78560000e-09  3.29999988e+00  1.78560000e-09  3.30000015e+00  1.78560000e-09  0.00000000e+00  1.78560000e-09  0.00000000e+00 
 1.80560000e-09  3.30000000e+00  1.80560000e-09  3.30000000e+00  1.80560000e-09  3.29999988e+00  1.80560000e-09  3.30000015e+00  1.80560000e-09  0.00000000e+00  1.80560000e-09  0.00000000e+00 
 1.82560000e-09  3.30000000e+00  1.82560000e-09  3.30000000e+00  1.82560000e-09  3.29999988e+00  1.82560000e-09  3.30000015e+00  1.82560000e-09  0.00000000e+00  1.82560000e-09  0.00000000e+00 
 1.84560000e-09  3.30000000e+00  1.84560000e-09  3.30000000e+00  1.84560000e-09  3.29999988e+00  1.84560000e-09  3.30000015e+00  1.84560000e-09  0.00000000e+00  1.84560000e-09  0.00000000e+00 
 1.86560000e-09  3.30000000e+00  1.86560000e-09  3.30000000e+00  1.86560000e-09  3.29999988e+00  1.86560000e-09  3.30000015e+00  1.86560000e-09  0.00000000e+00  1.86560000e-09  0.00000000e+00 
 1.88560000e-09  3.30000000e+00  1.88560000e-09  3.30000000e+00  1.88560000e-09  3.29999988e+00  1.88560000e-09  3.30000015e+00  1.88560000e-09  0.00000000e+00  1.88560000e-09  0.00000000e+00 
 1.90560000e-09  3.30000000e+00  1.90560000e-09  3.30000000e+00  1.90560000e-09  3.29999988e+00  1.90560000e-09  3.30000015e+00  1.90560000e-09  0.00000000e+00  1.90560000e-09  0.00000000e+00 
 1.92560000e-09  3.30000000e+00  1.92560000e-09  3.30000000e+00  1.92560000e-09  3.29999988e+00  1.92560000e-09  3.30000015e+00  1.92560000e-09  0.00000000e+00  1.92560000e-09  0.00000000e+00 
 1.94560000e-09  3.30000000e+00  1.94560000e-09  3.30000000e+00  1.94560000e-09  3.29999988e+00  1.94560000e-09  3.30000015e+00  1.94560000e-09  0.00000000e+00  1.94560000e-09  0.00000000e+00 
 1.96560000e-09  3.30000000e+00  1.96560000e-09  3.30000000e+00  1.96560000e-09  3.29999988e+00  1.96560000e-09  3.30000015e+00  1.96560000e-09  0.00000000e+00  1.96560000e-09  0.00000000e+00 
 1.98280000e-09  3.30000000e+00  1.98280000e-09  3.30000000e+00  1.98280000e-09  3.29999988e+00  1.98280000e-09  3.30000015e+00  1.98280000e-09  0.00000000e+00  1.98280000e-09  0.00000000e+00 
 2.00000000e-09  3.30000000e+00  2.00000000e-09  3.30000000e+00  2.00000000e-09  3.29999988e+00  2.00000000e-09  3.30000015e+00  2.00000000e-09  0.00000000e+00  2.00000000e-09  0.00000000e+00 
 2.00200000e-09  3.30000713e+00  2.00200000e-09  3.30000713e+00  2.00200000e-09  3.30263575e+00  2.00200000e-09  3.30263627e+00  2.00200000e-09  6.60000000e-02  2.00200000e-09  0.00000000e+00 
 2.00600000e-09  3.30001662e+00  2.00600000e-09  3.30001662e+00  2.00600000e-09  3.30780902e+00  2.00600000e-09  3.30781003e+00  2.00600000e-09  1.98000000e-01  2.00600000e-09  0.00000000e+00 
 2.01400000e-09  3.30001846e+00  2.01400000e-09  3.30001846e+00  2.01400000e-09  3.31759756e+00  2.01400000e-09  3.31759942e+00  2.01400000e-09  4.62000000e-01  2.01400000e-09  0.00000000e+00 
 2.03000000e-09  3.30000705e+00  2.03000000e-09  3.30000705e+00  2.03000000e-09  3.33554711e+00  2.03000000e-09  3.33555071e+00  2.03000000e-09  9.90000000e-01  2.03000000e-09  0.00000000e+00 
 2.05000000e-09  3.29999980e+00  2.05000000e-09  3.29999980e+00  2.05000000e-09  3.35653508e+00  2.05000000e-09  3.35654032e+00  2.05000000e-09  1.65000000e+00  2.05000000e-09  0.00000000e+00 
 2.07000000e-09  3.30000115e+00  2.07000000e-09  3.30000115e+00  2.07000000e-09  3.37843007e+00  2.07000000e-09  3.37843568e+00  2.07000000e-09  2.31000000e+00  2.07000000e-09  0.00000000e+00 
 2.08500000e-09  3.29999951e+00  2.08500000e-09  3.29999951e+00  2.08500000e-09  3.39421025e+00  2.08500000e-09  3.39421489e+00  2.08500000e-09  2.80500000e+00  2.08500000e-09  0.00000000e+00 
 2.10000000e-09  3.29998755e+00  2.10000000e-09  3.29998754e+00  2.10000000e-09  3.40042565e+00  2.10000000e-09  3.40042612e+00  2.10000000e-09  3.30000000e+00  2.10000000e-09  0.00000000e+00 
 2.10200000e-09  3.29998665e+00  2.10200000e-09  3.29998665e+00  2.10200000e-09  3.40043377e+00  2.10200000e-09  3.40043274e+00  2.10200000e-09  3.30000000e+00  2.10200000e-09  0.00000000e+00 
 2.10600000e-09  3.29998598e+00  2.10600000e-09  3.29998597e+00  2.10600000e-09  3.40045485e+00  2.10600000e-09  3.40045029e+00  2.10600000e-09  3.30000000e+00  2.10600000e-09  0.00000000e+00 
 2.11400000e-09  3.29998837e+00  2.11400000e-09  3.29998835e+00  2.11400000e-09  3.40052018e+00  2.11400000e-09  3.40050598e+00  2.11400000e-09  3.30000000e+00  2.11400000e-09  0.00000000e+00 
 2.13000000e-09  3.29999512e+00  2.13000000e-09  3.29999509e+00  2.13000000e-09  3.40078272e+00  2.13000000e-09  3.40073317e+00  2.13000000e-09  3.30000000e+00  2.13000000e-09  0.00000000e+00 
 2.15000000e-09  3.29999956e+00  2.15000000e-09  3.29999950e+00  2.15000000e-09  3.40156904e+00  2.15000000e-09  3.40141780e+00  2.15000000e-09  3.30000000e+00  2.15000000e-09  0.00000000e+00 
 2.17000000e-09  3.30000102e+00  2.17000000e-09  3.30000088e+00  2.17000000e-09  3.40339950e+00  2.17000000e-09  3.40301555e+00  2.17000000e-09  3.30000000e+00  2.17000000e-09  0.00000000e+00 
 2.19000000e-09  3.30000206e+00  2.19000000e-09  3.30000182e+00  2.19000000e-09  3.40711933e+00  2.19000000e-09  3.40628169e+00  2.19000000e-09  3.30000000e+00  2.19000000e-09  0.00000000e+00 
 2.21000000e-09  3.30000277e+00  2.21000000e-09  3.30000251e+00  2.21000000e-09  3.41330910e+00  2.21000000e-09  3.41179220e+00  2.21000000e-09  3.30000000e+00  2.21000000e-09  0.00000000e+00 
 2.23000000e-09  3.30000224e+00  2.23000000e-09  3.30000216e+00  2.23000000e-09  3.42138022e+00  2.23000000e-09  3.41915010e+00  2.23000000e-09  3.30000000e+00  2.23000000e-09  0.00000000e+00 
 2.25000000e-09  3.30000030e+00  2.25000000e-09  3.30000056e+00  2.25000000e-09  3.42951980e+00  2.25000000e-09  3.42685455e+00  2.25000000e-09  3.30000000e+00  2.25000000e-09  0.00000000e+00 
 2.27000000e-09  3.29999797e+00  2.27000000e-09  3.29999851e+00  2.27000000e-09  3.43558904e+00  2.27000000e-09  3.43301484e+00  2.27000000e-09  3.30000000e+00  2.27000000e-09  0.00000000e+00 
 2.29000000e-09  3.29999595e+00  2.29000000e-09  3.29999665e+00  2.29000000e-09  3.43789415e+00  2.29000000e-09  3.43604263e+00  2.29000000e-09  3.30000000e+00  2.29000000e-09  0.00000000e+00 
 2.31000000e-09  3.29999471e+00  2.31000000e-09  3.29999539e+00  2.31000000e-09  3.43541859e+00  2.31000000e-09  3.43491593e+00  2.31000000e-09  3.30000000e+00  2.31000000e-09  0.00000000e+00 
 2.33000000e-09  3.29999422e+00  2.33000000e-09  3.29999491e+00  2.33000000e-09  3.42774445e+00  2.33000000e-09  3.42915496e+00  2.33000000e-09  3.30000000e+00  2.33000000e-09  0.00000000e+00 
 2.35000000e-09  3.29999405e+00  2.35000000e-09  3.29999463e+00  2.35000000e-09  3.41488953e+00  2.35000000e-09  3.41869567e+00  2.35000000e-09  3.30000000e+00  2.35000000e-09  0.00000000e+00 
 2.37000000e-09  3.29999437e+00  2.37000000e-09  3.29999483e+00  2.37000000e-09  3.39715351e+00  2.37000000e-09  3.40375551e+00  2.37000000e-09  3.30000000e+00  2.37000000e-09  0.00000000e+00 
 2.39000000e-09  3.29999493e+00  2.39000000e-09  3.29999529e+00  2.39000000e-09  3.37499549e+00  2.39000000e-09  3.38471842e+00  2.39000000e-09  3.30000000e+00  2.39000000e-09  0.00000000e+00 
 2.41000000e-09  3.29999562e+00  2.41000000e-09  3.29999587e+00  2.41000000e-09  3.34894323e+00  2.41000000e-09  3.36204804e+00  2.41000000e-09  3.30000000e+00  2.41000000e-09  0.00000000e+00 
 2.43000000e-09  3.29999636e+00  2.43000000e-09  3.29999652e+00  2.43000000e-09  3.31953672e+00  2.43000000e-09  3.33623102e+00  2.43000000e-09  3.30000000e+00  2.43000000e-09  0.00000000e+00 
 2.45000000e-09  3.29999709e+00  2.45000000e-09  3.29999716e+00  2.45000000e-09  3.28729348e+00  2.45000000e-09  3.30773997e+00  2.45000000e-09  3.30000000e+00  2.45000000e-09  0.00000000e+00 
 2.47000000e-09  3.29999778e+00  2.47000000e-09  3.29999778e+00  2.47000000e-09  3.25268418e+00  2.47000000e-09  3.27701002e+00  2.47000000e-09  3.30000000e+00  2.47000000e-09  0.00000000e+00 
 2.49000000e-09  3.29999841e+00  2.49000000e-09  3.29999835e+00  2.49000000e-09  3.21612552e+00  2.49000000e-09  3.24442683e+00  2.49000000e-09  3.30000000e+00  2.49000000e-09  0.00000000e+00 
 2.51000000e-09  3.29999895e+00  2.51000000e-09  3.29999885e+00  2.51000000e-09  3.17797763e+00  2.51000000e-09  3.21032669e+00  2.51000000e-09  3.30000000e+00  2.51000000e-09  0.00000000e+00 
 2.53000000e-09  3.29999940e+00  2.53000000e-09  3.29999927e+00  2.53000000e-09  3.13854681e+00  2.53000000e-09  3.17499601e+00  2.53000000e-09  3.30000000e+00  2.53000000e-09  0.00000000e+00 
 2.55000000e-09  3.29999974e+00  2.55000000e-09  3.29999961e+00  2.55000000e-09  3.09809098e+00  2.55000000e-09  3.13867615e+00  2.55000000e-09  3.30000000e+00  2.55000000e-09  0.00000000e+00 
 2.57000000e-09  3.29999999e+00  2.57000000e-09  3.29999987e+00  2.57000000e-09  3.05682540e+00  2.57000000e-09  3.10156868e+00  2.57000000e-09  3.30000000e+00  2.57000000e-09  0.00000000e+00 
 2.59000000e-09  3.30000016e+00  2.59000000e-09  3.30000006e+00  2.59000000e-09  3.01492866e+00  2.59000000e-09  3.06384088e+00  2.59000000e-09  3.30000000e+00  2.59000000e-09  0.00000000e+00 
 2.61000000e-09  3.30000028e+00  2.61000000e-09  3.30000019e+00  2.61000000e-09  2.97254794e+00  2.61000000e-09  3.02563072e+00  2.61000000e-09  3.30000000e+00  2.61000000e-09  0.00000000e+00 
 2.63000000e-09  3.30000035e+00  2.63000000e-09  3.30000027e+00  2.63000000e-09  2.92980414e+00  2.63000000e-09  2.98705158e+00  2.63000000e-09  3.30000000e+00  2.63000000e-09  0.00000000e+00 
 2.65000000e-09  3.30000039e+00  2.65000000e-09  3.30000033e+00  2.65000000e-09  2.88679614e+00  2.65000000e-09  2.94819623e+00  2.65000000e-09  3.30000000e+00  2.65000000e-09  0.00000000e+00 
 2.67000000e-09  3.30000041e+00  2.67000000e-09  3.30000036e+00  2.67000000e-09  2.84360477e+00  2.67000000e-09  2.90914048e+00  2.67000000e-09  3.30000000e+00  2.67000000e-09  0.00000000e+00 
 2.69000000e-09  3.30000042e+00  2.69000000e-09  3.30000037e+00  2.69000000e-09  2.80029591e+00  2.69000000e-09  2.86994609e+00  2.69000000e-09  3.30000000e+00  2.69000000e-09  0.00000000e+00 
 2.71000000e-09  3.30000042e+00  2.71000000e-09  3.30000038e+00  2.71000000e-09  2.75692339e+00  2.71000000e-09  2.83066343e+00  2.71000000e-09  3.30000000e+00  2.71000000e-09  0.00000000e+00 
 2.73000000e-09  3.30000042e+00  2.73000000e-09  3.30000038e+00  2.73000000e-09  2.71353112e+00  2.73000000e-09  2.79133353e+00  2.73000000e-09  3.30000000e+00  2.73000000e-09  0.00000000e+00 
 2.75000000e-09  3.30000041e+00  2.75000000e-09  3.30000037e+00  2.75000000e-09  2.67015514e+00  2.75000000e-09  2.75198992e+00  2.75000000e-09  3.30000000e+00  2.75000000e-09  0.00000000e+00 
 2.77000000e-09  3.30000040e+00  2.77000000e-09  3.30000037e+00  2.77000000e-09  2.62682499e+00  2.77000000e-09  2.71266000e+00  2.77000000e-09  3.30000000e+00  2.77000000e-09  0.00000000e+00 
 2.79000000e-09  3.30000039e+00  2.79000000e-09  3.30000036e+00  2.79000000e-09  2.58356511e+00  2.79000000e-09  2.67336633e+00  2.79000000e-09  3.30000000e+00  2.79000000e-09  0.00000000e+00 
 2.81000000e-09  3.30000038e+00  2.81000000e-09  3.30000035e+00  2.81000000e-09  2.54039575e+00  2.81000000e-09  2.63412747e+00  2.81000000e-09  3.30000000e+00  2.81000000e-09  0.00000000e+00 
 2.83000000e-09  3.30000037e+00  2.83000000e-09  3.30000034e+00  2.83000000e-09  2.49733391e+00  2.83000000e-09  2.59495889e+00  2.83000000e-09  3.30000000e+00  2.83000000e-09  0.00000000e+00 
 2.85000000e-09  3.30000036e+00  2.85000000e-09  3.30000033e+00  2.85000000e-09  2.45439385e+00  2.85000000e-09  2.55587348e+00  2.85000000e-09  3.30000000e+00  2.85000000e-09  0.00000000e+00 
 2.87000000e-09  3.30000035e+00  2.87000000e-09  3.30000032e+00  2.87000000e-09  2.41158779e+00  2.87000000e-09  2.51688219e+00  2.87000000e-09  3.30000000e+00  2.87000000e-09  0.00000000e+00 
 2.89000000e-09  3.30000034e+00  2.89000000e-09  3.30000031e+00  2.89000000e-09  2.36892622e+00  2.89000000e-09  2.47799432e+00  2.89000000e-09  3.30000000e+00  2.89000000e-09  0.00000000e+00 
 2.91000000e-09  3.30000033e+00  2.91000000e-09  3.30000030e+00  2.91000000e-09  2.32641841e+00  2.91000000e-09  2.43921795e+00  2.91000000e-09  3.30000000e+00  2.91000000e-09  0.00000000e+00 
 2.93000000e-09  3.30000032e+00  2.93000000e-09  3.30000029e+00  2.93000000e-09  2.28407261e+00  2.93000000e-09  2.40056012e+00  2.93000000e-09  3.30000000e+00  2.93000000e-09  0.00000000e+00 
 2.95000000e-09  3.30000032e+00  2.95000000e-09  3.30000028e+00  2.95000000e-09  2.24189656e+00  2.95000000e-09  2.36202713e+00  2.95000000e-09  3.30000000e+00  2.95000000e-09  0.00000000e+00 
 2.97000000e-09  3.30000031e+00  2.97000000e-09  3.30000027e+00  2.97000000e-09  2.19989772e+00  2.97000000e-09  2.32362459e+00  2.97000000e-09  3.30000000e+00  2.97000000e-09  0.00000000e+00 
 2.99000000e-09  3.30000031e+00  2.99000000e-09  3.30000027e+00  2.99000000e-09  2.15808370e+00  2.99000000e-09  2.28535772e+00  2.99000000e-09  3.30000000e+00  2.99000000e-09  0.00000000e+00 
 3.01000000e-09  3.30000030e+00  3.01000000e-09  3.30000026e+00  3.01000000e-09  2.11646227e+00  3.01000000e-09  2.24723133e+00  3.01000000e-09  3.30000000e+00  3.01000000e-09  0.00000000e+00 
 3.03000000e-09  3.30000030e+00  3.03000000e-09  3.30000026e+00  3.03000000e-09  2.07504050e+00  3.03000000e-09  2.20925016e+00  3.03000000e-09  3.30000000e+00  3.03000000e-09  0.00000000e+00 
 3.05000000e-09  3.30000030e+00  3.05000000e-09  3.30000025e+00  3.05000000e-09  2.03382745e+00  3.05000000e-09  2.17141886e+00  3.05000000e-09  3.30000000e+00  3.05000000e-09  0.00000000e+00 
 3.07000000e-09  3.30000030e+00  3.07000000e-09  3.30000025e+00  3.07000000e-09  1.99283327e+00  3.07000000e-09  2.13374238e+00  3.07000000e-09  3.30000000e+00  3.07000000e-09  0.00000000e+00 
 3.09000000e-09  3.30000030e+00  3.09000000e-09  3.30000024e+00  3.09000000e-09  1.95206864e+00  3.09000000e-09  2.09622594e+00  3.09000000e-09  3.30000000e+00  3.09000000e-09  0.00000000e+00 
 3.11000000e-09  3.30000030e+00  3.11000000e-09  3.30000024e+00  3.11000000e-09  1.91154462e+00  3.11000000e-09  2.05887426e+00  3.11000000e-09  3.30000000e+00  3.11000000e-09  0.00000000e+00 
 3.13000000e-09  3.30000030e+00  3.13000000e-09  3.30000024e+00  3.13000000e-09  1.87127202e+00  3.13000000e-09  2.02169302e+00  3.13000000e-09  3.30000000e+00  3.13000000e-09  0.00000000e+00 
 3.15000000e-09  3.30000030e+00  3.15000000e-09  3.30000024e+00  3.15000000e-09  1.83126071e+00  3.15000000e-09  1.98468918e+00  3.15000000e-09  3.30000000e+00  3.15000000e-09  0.00000000e+00 
 3.17000000e-09  3.30000030e+00  3.17000000e-09  3.30000024e+00  3.17000000e-09  1.79151838e+00  3.17000000e-09  1.94787011e+00  3.17000000e-09  3.30000000e+00  3.17000000e-09  0.00000000e+00 
 3.19000000e-09  3.30000030e+00  3.19000000e-09  3.30000024e+00  3.19000000e-09  1.75204924e+00  3.19000000e-09  1.91124356e+00  3.19000000e-09  3.30000000e+00  3.19000000e-09  0.00000000e+00 
 3.21000000e-09  3.30000029e+00  3.21000000e-09  3.30000024e+00  3.21000000e-09  1.71285247e+00  3.21000000e-09  1.87481724e+00  3.21000000e-09  3.30000000e+00  3.21000000e-09  0.00000000e+00 
 3.23000000e-09  3.30000029e+00  3.23000000e-09  3.30000024e+00  3.23000000e-09  1.67392156e+00  3.23000000e-09  1.83859852e+00  3.23000000e-09  3.30000000e+00  3.23000000e-09  0.00000000e+00 
 3.25000000e-09  3.30000027e+00  3.25000000e-09  3.30000024e+00  3.25000000e-09  1.63524461e+00  3.25000000e-09  1.80259361e+00  3.25000000e-09  3.30000000e+00  3.25000000e-09  0.00000000e+00 
 3.27000000e-09  3.30000026e+00  3.27000000e-09  3.30000024e+00  3.27000000e-09  1.59680615e+00  3.27000000e-09  1.76680692e+00  3.27000000e-09  3.30000000e+00  3.27000000e-09  0.00000000e+00 
 3.29000000e-09  3.30000024e+00  3.29000000e-09  3.30000024e+00  3.29000000e-09  1.55858949e+00  3.29000000e-09  1.73123998e+00  3.29000000e-09  3.30000000e+00  3.29000000e-09  0.00000000e+00 
 3.31000000e-09  3.30000022e+00  3.31000000e-09  3.30000023e+00  3.31000000e-09  1.52057911e+00  3.31000000e-09  1.69589086e+00  3.31000000e-09  3.30000000e+00  3.31000000e-09  0.00000000e+00 
 3.33000000e-09  3.30000021e+00  3.33000000e-09  3.30000023e+00  3.33000000e-09  1.48276200e+00  3.33000000e-09  1.66075368e+00  3.33000000e-09  3.30000000e+00  3.33000000e-09  0.00000000e+00 
 3.35000000e-09  3.30000020e+00  3.35000000e-09  3.30000022e+00  3.35000000e-09  1.44512830e+00  3.35000000e-09  1.62581922e+00  3.35000000e-09  3.30000000e+00  3.35000000e-09  0.00000000e+00 
 3.37000000e-09  3.30000019e+00  3.37000000e-09  3.30000021e+00  3.37000000e-09  1.40767110e+00  3.37000000e-09  1.59107588e+00  3.37000000e-09  3.30000000e+00  3.37000000e-09  0.00000000e+00 
 3.39000000e-09  3.30000019e+00  3.39000000e-09  3.30000019e+00  3.39000000e-09  1.37038610e+00  3.39000000e-09  1.55651131e+00  3.39000000e-09  3.30000000e+00  3.39000000e-09  0.00000000e+00 
 3.41000000e-09  3.30000018e+00  3.41000000e-09  3.30000018e+00  3.41000000e-09  1.33327104e+00  3.41000000e-09  1.52211373e+00  3.41000000e-09  3.30000000e+00  3.41000000e-09  0.00000000e+00 
 3.43000000e-09  3.30000018e+00  3.43000000e-09  3.30000017e+00  3.43000000e-09  1.29632541e+00  3.43000000e-09  1.48787294e+00  3.43000000e-09  3.30000000e+00  3.43000000e-09  0.00000000e+00 
 3.45000000e-09  3.30000018e+00  3.45000000e-09  3.30000016e+00  3.45000000e-09  1.25955006e+00  3.45000000e-09  1.45378074e+00  3.45000000e-09  3.30000000e+00  3.45000000e-09  0.00000000e+00 
 3.47000000e-09  3.30000018e+00  3.47000000e-09  3.30000016e+00  3.47000000e-09  1.22294711e+00  3.47000000e-09  1.41983098e+00  3.47000000e-09  3.30000000e+00  3.47000000e-09  0.00000000e+00 
 3.49000000e-09  3.30000018e+00  3.49000000e-09  3.30000015e+00  3.49000000e-09  1.18651984e+00  3.49000000e-09  1.38601935e+00  3.49000000e-09  3.30000000e+00  3.49000000e-09  0.00000000e+00 
 3.51000000e-09  3.30000018e+00  3.51000000e-09  3.30000015e+00  3.51000000e-09  1.15027287e+00  3.51000000e-09  1.35234310e+00  3.51000000e-09  3.30000000e+00  3.51000000e-09  0.00000000e+00 
 3.53000000e-09  3.30000018e+00  3.53000000e-09  3.30000014e+00  3.53000000e-09  1.11421237e+00  3.53000000e-09  1.31880074e+00  3.53000000e-09  3.30000000e+00  3.53000000e-09  0.00000000e+00 
 3.55000000e-09  3.30000018e+00  3.55000000e-09  3.30000014e+00  3.55000000e-09  1.07834664e+00  3.55000000e-09  1.28539185e+00  3.55000000e-09  3.30000000e+00  3.55000000e-09  0.00000000e+00 
 3.57000000e-09  3.30000019e+00  3.57000000e-09  3.30000014e+00  3.57000000e-09  1.04268694e+00  3.57000000e-09  1.25211687e+00  3.57000000e-09  3.30000000e+00  3.57000000e-09  0.00000000e+00 
 3.59000000e-09  3.30000020e+00  3.59000000e-09  3.30000014e+00  3.59000000e-09  1.00724919e+00  3.59000000e-09  1.21897704e+00  3.59000000e-09  3.30000000e+00  3.59000000e-09  0.00000000e+00 
 3.61000000e-09  3.30000022e+00  3.61000000e-09  3.30000014e+00  3.61000000e-09  9.72056668e-01  3.61000000e-09  1.18597434e+00  3.61000000e-09  3.30000000e+00  3.61000000e-09  0.00000000e+00 
 3.63000000e-09  3.30000024e+00  3.63000000e-09  3.30000014e+00  3.63000000e-09  9.37145335e-01  3.63000000e-09  1.15311163e+00  3.63000000e-09  3.30000000e+00  3.63000000e-09  0.00000000e+00 
 3.65000000e-09  3.30000028e+00  3.65000000e-09  3.30000014e+00  3.65000000e-09  9.02574080e-01  3.65000000e-09  1.12039281e+00  3.65000000e-09  3.30000000e+00  3.65000000e-09  0.00000000e+00 
 3.67000000e-09  3.30000035e+00  3.67000000e-09  3.30000015e+00  3.67000000e-09  8.68446722e-01  3.67000000e-09  1.08782359e+00  3.67000000e-09  3.30000000e+00  3.67000000e-09  0.00000000e+00 
 3.69000000e-09  3.30000048e+00  3.69000000e-09  3.30000015e+00  3.69000000e-09  8.34962637e-01  3.69000000e-09  1.05541346e+00  3.69000000e-09  3.30000000e+00  3.69000000e-09  0.00000000e+00 
 3.71000000e-09  3.30000076e+00  3.71000000e-09  3.30000017e+00  3.71000000e-09  8.02537906e-01  3.71000000e-09  1.02318248e+00  3.71000000e-09  3.30000000e+00  3.71000000e-09  0.00000000e+00 
 3.73000000e-09  3.30000133e+00  3.73000000e-09  3.30000021e+00  3.73000000e-09  7.72016837e-01  3.73000000e-09  9.91173863e-01  3.73000000e-09  3.30000000e+00  3.73000000e-09  0.00000000e+00 
 3.75000000e-09  3.30000220e+00  3.75000000e-09  3.30000026e+00  3.75000000e-09  7.44662709e-01  3.75000000e-09  9.59444246e-01  3.75000000e-09  3.30000000e+00  3.75000000e-09  0.00000000e+00 
 3.77000000e-09  3.30000297e+00  3.77000000e-09  3.30000027e+00  3.77000000e-09  7.21516219e-01  3.77000000e-09  9.28011433e-01  3.77000000e-09  3.30000000e+00  3.77000000e-09  0.00000000e+00 
 3.79000000e-09  3.30000314e+00  3.79000000e-09  3.30000022e+00  3.79000000e-09  7.02693699e-01  3.79000000e-09  8.96828012e-01  3.79000000e-09  3.30000000e+00  3.79000000e-09  0.00000000e+00 
 3.81000000e-09  3.30000273e+00  3.81000000e-09  3.30000015e+00  3.81000000e-09  6.87515829e-01  3.81000000e-09  8.65820274e-01  3.81000000e-09  3.30000000e+00  3.81000000e-09  0.00000000e+00 
 3.83000000e-09  3.30000212e+00  3.83000000e-09  3.30000012e+00  3.83000000e-09  6.75101033e-01  3.83000000e-09  8.34962290e-01  3.83000000e-09  3.30000000e+00  3.83000000e-09  0.00000000e+00 
 3.85000000e-09  3.30000158e+00  3.85000000e-09  3.30000020e+00  3.85000000e-09  6.64716711e-01  3.85000000e-09  8.04393393e-01  3.85000000e-09  3.30000000e+00  3.85000000e-09  0.00000000e+00 
 3.87000000e-09  3.30000118e+00  3.87000000e-09  3.30000054e+00  3.87000000e-09  6.55841349e-01  3.87000000e-09  7.74618812e-01  3.87000000e-09  3.30000000e+00  3.87000000e-09  0.00000000e+00 
 3.89000000e-09  3.30000091e+00  3.89000000e-09  3.30000123e+00  3.89000000e-09  6.48117408e-01  3.89000000e-09  7.46664794e-01  3.89000000e-09  3.30000000e+00  3.89000000e-09  0.00000000e+00 
 3.91000000e-09  3.30000071e+00  3.91000000e-09  3.30000209e+00  3.91000000e-09  6.41282222e-01  3.91000000e-09  7.21751702e-01  3.91000000e-09  3.30000000e+00  3.91000000e-09  0.00000000e+00 
 3.93000000e-09  3.30000053e+00  3.93000000e-09  3.30000262e+00  3.93000000e-09  6.35117368e-01  3.93000000e-09  7.00537758e-01  3.93000000e-09  3.30000000e+00  3.93000000e-09  0.00000000e+00 
 3.95000000e-09  3.30000037e+00  3.95000000e-09  3.30000256e+00  3.95000000e-09  6.29433995e-01  3.95000000e-09  6.82809553e-01  3.95000000e-09  3.30000000e+00  3.95000000e-09  0.00000000e+00 
 3.97000000e-09  3.30000024e+00  3.97000000e-09  3.30000211e+00  3.97000000e-09  6.24074502e-01  3.97000000e-09  6.67879029e-01  3.97000000e-09  3.30000000e+00  3.97000000e-09  0.00000000e+00 
 3.99000000e-09  3.30000014e+00  3.99000000e-09  3.30000161e+00  3.99000000e-09  6.18914300e-01  3.99000000e-09  6.55040279e-01  3.99000000e-09  3.30000000e+00  3.99000000e-09  0.00000000e+00 
 4.01000000e-09  3.30000007e+00  4.01000000e-09  3.30000119e+00  4.01000000e-09  6.13861015e-01  4.01000000e-09  6.43745816e-01  4.01000000e-09  3.30000000e+00  4.01000000e-09  0.00000000e+00 
 4.03000000e-09  3.30000003e+00  4.03000000e-09  3.30000089e+00  4.03000000e-09  6.08851020e-01  4.03000000e-09  6.33608909e-01  4.03000000e-09  3.30000000e+00  4.03000000e-09  0.00000000e+00 
 4.05000000e-09  3.30000000e+00  4.05000000e-09  3.30000068e+00  4.05000000e-09  6.03844098e-01  4.05000000e-09  6.24361390e-01  4.05000000e-09  3.30000000e+00  4.05000000e-09  0.00000000e+00 
 4.07000000e-09  3.29999998e+00  4.07000000e-09  3.30000053e+00  4.07000000e-09  5.98817810e-01  4.07000000e-09  6.15814999e-01  4.07000000e-09  3.30000000e+00  4.07000000e-09  0.00000000e+00 
 4.09000000e-09  3.29999997e+00  4.09000000e-09  3.30000043e+00  4.09000000e-09  5.93762369e-01  4.09000000e-09  6.07833568e-01  4.09000000e-09  3.30000000e+00  4.09000000e-09  0.00000000e+00 
 4.11000000e-09  3.29999997e+00  4.11000000e-09  3.30000035e+00  4.11000000e-09  5.88676461e-01  4.11000000e-09  6.00317503e-01  4.11000000e-09  3.30000000e+00  4.11000000e-09  0.00000000e+00 
 4.13000000e-09  3.29999998e+00  4.13000000e-09  3.30000029e+00  4.13000000e-09  5.83564103e-01  4.13000000e-09  5.93190652e-01  4.13000000e-09  3.30000000e+00  4.13000000e-09  0.00000000e+00 
 4.15000000e-09  3.29999998e+00  4.15000000e-09  3.30000025e+00  4.15000000e-09  5.78432410e-01  4.15000000e-09  5.86392795e-01  4.15000000e-09  3.30000000e+00  4.15000000e-09  0.00000000e+00 
 4.17000000e-09  3.29999999e+00  4.17000000e-09  3.30000021e+00  4.17000000e-09  5.73289912e-01  4.17000000e-09  5.79876322e-01  4.17000000e-09  3.30000000e+00  4.17000000e-09  0.00000000e+00 
 4.19000000e-09  3.29999999e+00  4.19000000e-09  3.30000018e+00  4.19000000e-09  5.68145549e-01  4.19000000e-09  5.73602205e-01  4.19000000e-09  3.30000000e+00  4.19000000e-09  0.00000000e+00 
 4.21000000e-09  3.30000000e+00  4.21000000e-09  3.30000016e+00  4.21000000e-09  5.63007949e-01  4.21000000e-09  5.67538646e-01  4.21000000e-09  3.30000000e+00  4.21000000e-09  0.00000000e+00 
 4.23000000e-09  3.30000001e+00  4.23000000e-09  3.30000014e+00  4.23000000e-09  5.57885068e-01  4.23000000e-09  5.61659062e-01  4.23000000e-09  3.30000000e+00  4.23000000e-09  0.00000000e+00 
 4.25000000e-09  3.30000001e+00  4.25000000e-09  3.30000012e+00  4.25000000e-09  5.52783947e-01  4.25000000e-09  5.55941207e-01  4.25000000e-09  3.30000000e+00  4.25000000e-09  0.00000000e+00 
 4.27000000e-09  3.30000002e+00  4.27000000e-09  3.30000010e+00  4.27000000e-09  5.47710660e-01  4.27000000e-09  5.50366407e-01  4.27000000e-09  3.30000000e+00  4.27000000e-09  0.00000000e+00 
 4.29000000e-09  3.30000002e+00  4.29000000e-09  3.30000009e+00  4.29000000e-09  5.42670281e-01  4.29000000e-09  5.44918922e-01  4.29000000e-09  3.30000000e+00  4.29000000e-09  0.00000000e+00 
 4.31000000e-09  3.30000002e+00  4.31000000e-09  3.30000008e+00  4.31000000e-09  5.37666961e-01  4.31000000e-09  5.39585496e-01  4.31000000e-09  3.30000000e+00  4.31000000e-09  0.00000000e+00 
 4.33000000e-09  3.30000003e+00  4.33000000e-09  3.30000007e+00  4.33000000e-09  5.32703982e-01  4.33000000e-09  5.34354929e-01  4.33000000e-09  3.30000000e+00  4.33000000e-09  0.00000000e+00 
 4.35000000e-09  3.30000003e+00  4.35000000e-09  3.30000007e+00  4.35000000e-09  5.27783881e-01  4.35000000e-09  5.29217783e-01  4.35000000e-09  3.30000000e+00  4.35000000e-09  0.00000000e+00 
 4.37000000e-09  3.30000003e+00  4.37000000e-09  3.30000006e+00  4.37000000e-09  5.22908518e-01  4.37000000e-09  5.24166075e-01  4.37000000e-09  3.30000000e+00  4.37000000e-09  0.00000000e+00 
 4.39000000e-09  3.30000003e+00  4.39000000e-09  3.30000006e+00  4.39000000e-09  5.18079206e-01  4.39000000e-09  5.19193076e-01  4.39000000e-09  3.30000000e+00  4.39000000e-09  0.00000000e+00 
 4.41000000e-09  3.30000003e+00  4.41000000e-09  3.30000005e+00  4.41000000e-09  5.13296775e-01  4.41000000e-09  5.14293080e-01  4.41000000e-09  3.30000000e+00  4.41000000e-09  0.00000000e+00 
 4.43000000e-09  3.30000003e+00  4.43000000e-09  3.30000005e+00  4.43000000e-09  5.08561684e-01  4.43000000e-09  5.09461270e-01  4.43000000e-09  3.30000000e+00  4.43000000e-09  0.00000000e+00 
 4.45000000e-09  3.30000003e+00  4.45000000e-09  3.30000004e+00  4.45000000e-09  5.03874065e-01  4.45000000e-09  5.04693538e-01  4.45000000e-09  3.30000000e+00  4.45000000e-09  0.00000000e+00 
 4.47000000e-09  3.30000003e+00  4.47000000e-09  3.30000004e+00  4.47000000e-09  4.99233824e-01  4.47000000e-09  4.99986402e-01  4.47000000e-09  3.30000000e+00  4.47000000e-09  0.00000000e+00 
 4.48500000e-09  3.30000003e+00  4.48500000e-09  3.30000004e+00  4.48500000e-09  4.95784552e-01  4.48500000e-09  4.96494039e-01  4.48500000e-09  3.30000000e+00  4.48500000e-09  0.00000000e+00 
 4.50000000e-09  3.30000003e+00  4.50000000e-09  3.30000004e+00  4.50000000e-09  4.92361593e-01  4.50000000e-09  4.93032953e-01  4.50000000e-09  3.30000000e+00  4.50000000e-09  0.00000000e+00 
 4.50200000e-09  3.32133551e+00  4.50200000e-09  3.32133551e+00  4.50200000e-09  4.91999518e-01  4.50200000e-09  4.92666618e-01  4.50200000e-09  3.30000000e+00  4.50200000e-09  6.60000000e-02 
 4.50600000e-09  3.35610020e+00  4.50600000e-09  3.35610020e+00  4.50600000e-09  4.91243893e-01  4.50600000e-09  4.91902648e-01  4.50600000e-09  3.30000000e+00  4.50600000e-09  1.98000000e-01 
 4.51400000e-09  3.39509878e+00  4.51400000e-09  3.39509878e+00  4.51400000e-09  4.89607214e-01  4.51400000e-09  4.90250112e-01  4.51400000e-09  3.30000000e+00  4.51400000e-09  4.62000000e-01 
 4.53000000e-09  3.43011197e+00  4.53000000e-09  3.43011197e+00  4.53000000e-09  4.85998758e-01  4.53000000e-09  4.86611228e-01  4.53000000e-09  3.30000000e+00  4.53000000e-09  9.90000000e-01 
 4.55000000e-09  3.46573287e+00  4.55000000e-09  3.46573286e+00  4.55000000e-09  4.80527556e-01  4.55000000e-09  4.81097416e-01  4.55000000e-09  3.30000000e+00  4.55000000e-09  1.65000000e+00 
 4.57000000e-09  3.53471817e+00  4.57000000e-09  3.53471814e+00  4.57000000e-09  4.74020862e-01  4.57000000e-09  4.74537721e-01  4.57000000e-09  3.30000000e+00  4.57000000e-09  2.31000000e+00 
 4.58500000e-09  3.62531252e+00  4.58500000e-09  3.62531246e+00  4.58500000e-09  4.69103787e-01  4.58500000e-09  4.69576639e-01  4.58500000e-09  3.30000000e+00  4.58500000e-09  2.80500000e+00 
 4.60000000e-09  3.74052298e+00  4.60000000e-09  3.74052282e+00  4.60000000e-09  4.64878536e-01  4.60000000e-09  4.65311476e-01  4.60000000e-09  3.30000000e+00  4.60000000e-09  3.30000000e+00 
 4.60200000e-09  3.74049743e+00  4.60200000e-09  3.74049725e+00  4.60200000e-09  4.64325232e-01  4.60200000e-09  4.64753384e-01  4.60200000e-09  3.30000000e+00  4.60200000e-09  3.30000000e+00 
 4.60600000e-09  3.74044150e+00  4.60600000e-09  3.74044131e+00  4.60600000e-09  4.63278485e-01  4.60600000e-09  4.63697484e-01  4.60600000e-09  3.30000000e+00  4.60600000e-09  3.30000000e+00 
 4.61400000e-09  3.74033209e+00  4.61400000e-09  3.74033187e+00  4.61400000e-09  4.61448720e-01  4.61400000e-09  4.61851987e-01  4.61400000e-09  3.30000000e+00  4.61400000e-09  3.30000000e+00 
 4.63000000e-09  3.74012638e+00  4.63000000e-09  3.74012617e+00  4.63000000e-09  4.58262633e-01  4.63000000e-09  4.58644012e-01  4.63000000e-09  3.30000000e+00  4.63000000e-09  3.30000000e+00 
 4.65000000e-09  3.73987501e+00  4.65000000e-09  3.73987485e+00  4.65000000e-09  4.54470416e-01  4.65000000e-09  4.54837645e-01  4.65000000e-09  3.30000000e+00  4.65000000e-09  3.30000000e+00 
 4.67000000e-09  3.73961161e+00  4.67000000e-09  3.73961147e+00  4.67000000e-09  4.50584875e-01  4.67000000e-09  4.50945415e-01  4.67000000e-09  3.30000000e+00  4.67000000e-09  3.30000000e+00 
 4.69000000e-09  3.73934255e+00  4.69000000e-09  3.73934239e+00  4.69000000e-09  4.46600265e-01  4.69000000e-09  4.46955818e-01  4.69000000e-09  3.30000000e+00  4.69000000e-09  3.30000000e+00 
 4.71000000e-09  3.73907321e+00  4.71000000e-09  3.73907303e+00  4.71000000e-09  4.42581266e-01  4.71000000e-09  4.42931070e-01  4.71000000e-09  3.30000000e+00  4.71000000e-09  3.30000000e+00 
 4.73000000e-09  3.73880549e+00  4.73000000e-09  3.73880527e+00  4.73000000e-09  4.38570066e-01  4.73000000e-09  4.38912810e-01  4.73000000e-09  3.30000000e+00  4.73000000e-09  3.30000000e+00 
 4.75000000e-09  3.73853993e+00  4.75000000e-09  3.73853968e+00  4.75000000e-09  4.34585726e-01  4.75000000e-09  4.34920286e-01  4.75000000e-09  3.30000000e+00  4.75000000e-09  3.30000000e+00 
 4.77000000e-09  3.73827665e+00  4.77000000e-09  3.73827637e+00  4.77000000e-09  4.30635245e-01  4.77000000e-09  4.30960864e-01  4.77000000e-09  3.30000000e+00  4.77000000e-09  3.30000000e+00 
 4.79000000e-09  3.73801566e+00  4.79000000e-09  3.73801535e+00  4.79000000e-09  4.26720791e-01  4.79000000e-09  4.27037053e-01  4.79000000e-09  3.30000000e+00  4.79000000e-09  3.30000000e+00 
 4.81000000e-09  3.73775692e+00  4.81000000e-09  3.73775657e+00  4.81000000e-09  4.22842671e-01  4.81000000e-09  4.23149421e-01  4.81000000e-09  3.30000000e+00  4.81000000e-09  3.30000000e+00 
 4.83000000e-09  3.73750039e+00  4.83000000e-09  3.73750001e+00  4.83000000e-09  4.19000622e-01  4.83000000e-09  4.19297893e-01  4.83000000e-09  3.30000000e+00  4.83000000e-09  3.30000000e+00 
 4.85000000e-09  3.73724602e+00  4.85000000e-09  3.73724561e+00  4.85000000e-09  4.15194181e-01  4.85000000e-09  4.15482130e-01  4.85000000e-09  3.30000000e+00  4.85000000e-09  3.30000000e+00 
 4.87000000e-09  3.73699378e+00  4.87000000e-09  3.73699334e+00  4.87000000e-09  4.11422889e-01  4.87000000e-09  4.11701755e-01  4.87000000e-09  3.30000000e+00  4.87000000e-09  3.30000000e+00 
 4.89000000e-09  3.73674361e+00  4.89000000e-09  3.73674315e+00  4.89000000e-09  4.07686268e-01  4.89000000e-09  4.07956337e-01  4.89000000e-09  3.30000000e+00  4.89000000e-09  3.30000000e+00 
 4.91000000e-09  3.73649550e+00  4.91000000e-09  3.73649501e+00  4.91000000e-09  4.03983889e-01  4.91000000e-09  4.04245474e-01  4.91000000e-09  3.30000000e+00  4.91000000e-09  3.30000000e+00 
 4.93000000e-09  3.73624939e+00  4.93000000e-09  3.73624887e+00  4.93000000e-09  4.00315316e-01  4.93000000e-09  4.00568741e-01  4.93000000e-09  3.30000000e+00  4.93000000e-09  3.30000000e+00 
 4.95000000e-09  3.73600525e+00  4.95000000e-09  3.73600471e+00  4.95000000e-09  3.96680159e-01  4.95000000e-09  3.96925751e-01  4.95000000e-09  3.30000000e+00  4.95000000e-09  3.30000000e+00 
 4.97000000e-09  3.73576305e+00  4.97000000e-09  3.73576249e+00  4.97000000e-09  3.93078015e-01  4.97000000e-09  3.93316093e-01  4.97000000e-09  3.30000000e+00  4.97000000e-09  3.30000000e+00 
 4.99000000e-09  3.73552275e+00  4.99000000e-09  3.73552217e+00  4.99000000e-09  3.89508525e-01  4.99000000e-09  3.89739402e-01  4.99000000e-09  3.30000000e+00  4.99000000e-09  3.30000000e+00 
 5.01000000e-09  3.73528432e+00  5.01000000e-09  3.73528373e+00  5.01000000e-09  3.85971311e-01  5.01000000e-09  3.86195287e-01  5.01000000e-09  3.30000000e+00  5.01000000e-09  3.30000000e+00 
 5.03000000e-09  3.73504774e+00  5.03000000e-09  3.73504713e+00  5.03000000e-09  3.82466039e-01  5.03000000e-09  3.82683401e-01  5.03000000e-09  3.30000000e+00  5.03000000e-09  3.30000000e+00 
 5.05000000e-09  3.73481296e+00  5.05000000e-09  3.73481233e+00  5.05000000e-09  3.78992350e-01  5.05000000e-09  3.79203372e-01  5.05000000e-09  3.30000000e+00  5.05000000e-09  3.30000000e+00 
 5.07000000e-09  3.73457996e+00  5.07000000e-09  3.73457933e+00  5.07000000e-09  3.75549930e-01  5.07000000e-09  3.75754873e-01  5.07000000e-09  3.30000000e+00  5.07000000e-09  3.30000000e+00 
 5.09000000e-09  3.73434872e+00  5.09000000e-09  3.73434807e+00  5.09000000e-09  3.72138437e-01  5.09000000e-09  3.72337549e-01  5.09000000e-09  3.30000000e+00  5.09000000e-09  3.30000000e+00 
 5.11000000e-09  3.73411920e+00  5.11000000e-09  3.73411854e+00  5.11000000e-09  3.68757572e-01  5.11000000e-09  3.68951089e-01  5.11000000e-09  3.30000000e+00  5.11000000e-09  3.30000000e+00 
 5.13000000e-09  3.73389138e+00  5.13000000e-09  3.73389070e+00  5.13000000e-09  3.65407009e-01  5.13000000e-09  3.65595154e-01  5.13000000e-09  3.30000000e+00  5.13000000e-09  3.30000000e+00 
 5.15000000e-09  3.73366523e+00  5.15000000e-09  3.73366454e+00  5.15000000e-09  3.62086462e-01  5.15000000e-09  3.62269447e-01  5.15000000e-09  3.30000000e+00  5.15000000e-09  3.30000000e+00 
 5.17000000e-09  3.73344072e+00  5.17000000e-09  3.73344003e+00  5.17000000e-09  3.58795619e-01  5.17000000e-09  3.58973645e-01  5.17000000e-09  3.30000000e+00  5.17000000e-09  3.30000000e+00 
 5.19000000e-09  3.73321784e+00  5.19000000e-09  3.73321714e+00  5.19000000e-09  3.55534206e-01  5.19000000e-09  3.55707465e-01  5.19000000e-09  3.30000000e+00  5.19000000e-09  3.30000000e+00 
 5.21000000e-09  3.73299656e+00  5.21000000e-09  3.73299584e+00  5.21000000e-09  3.52301922e-01  5.21000000e-09  3.52470594e-01  5.21000000e-09  3.30000000e+00  5.21000000e-09  3.30000000e+00 
 5.23000000e-09  3.73277685e+00  5.23000000e-09  3.73277612e+00  5.23000000e-09  3.49098504e-01  5.23000000e-09  3.49262762e-01  5.23000000e-09  3.30000000e+00  5.23000000e-09  3.30000000e+00 
 5.25000000e-09  3.73255869e+00  5.25000000e-09  3.73255796e+00  5.25000000e-09  3.45923661e-01  5.25000000e-09  3.46083668e-01  5.25000000e-09  3.30000000e+00  5.25000000e-09  3.30000000e+00 
 5.27000000e-09  3.73234206e+00  5.27000000e-09  3.73234132e+00  5.27000000e-09  3.42777139e-01  5.27000000e-09  3.42933053e-01  5.27000000e-09  3.30000000e+00  5.27000000e-09  3.30000000e+00 
 5.29000000e-09  3.73212694e+00  5.29000000e-09  3.73212619e+00  5.29000000e-09  3.39658658e-01  5.29000000e-09  3.39810625e-01  5.29000000e-09  3.30000000e+00  5.29000000e-09  3.30000000e+00 
 5.31000000e-09  3.73191331e+00  5.31000000e-09  3.73191256e+00  5.31000000e-09  3.36567971e-01  5.31000000e-09  3.36716134e-01  5.31000000e-09  3.30000000e+00  5.31000000e-09  3.30000000e+00 
 5.33000000e-09  3.73170114e+00  5.33000000e-09  3.73170038e+00  5.33000000e-09  3.33504807e-01  5.33000000e-09  3.33649300e-01  5.33000000e-09  3.30000000e+00  5.33000000e-09  3.30000000e+00 
 5.35000000e-09  3.73149042e+00  5.35000000e-09  3.73148965e+00  5.35000000e-09  3.30468928e-01  5.35000000e-09  3.30609880e-01  5.35000000e-09  3.30000000e+00  5.35000000e-09  3.30000000e+00 
 5.37000000e-09  3.73128112e+00  5.37000000e-09  3.73128035e+00  5.37000000e-09  3.27460068e-01  5.37000000e-09  3.27597601e-01  5.37000000e-09  3.30000000e+00  5.37000000e-09  3.30000000e+00 
 5.39000000e-09  3.73107323e+00  5.39000000e-09  3.73107246e+00  5.39000000e-09  3.24477999e-01  5.39000000e-09  3.24612230e-01  5.39000000e-09  3.30000000e+00  5.39000000e-09  3.30000000e+00 
 5.41000000e-09  3.73086673e+00  5.41000000e-09  3.73086595e+00  5.41000000e-09  3.21522461e-01  5.41000000e-09  3.21653502e-01  5.41000000e-09  3.30000000e+00  5.41000000e-09  3.30000000e+00 
 5.43000000e-09  3.73066160e+00  5.43000000e-09  3.73066082e+00  5.43000000e-09  3.18593232e-01  5.43000000e-09  3.18721190e-01  5.43000000e-09  3.30000000e+00  5.43000000e-09  3.30000000e+00 
 5.45000000e-09  3.73045782e+00  5.45000000e-09  3.73045704e+00  5.45000000e-09  3.15690059e-01  5.45000000e-09  3.15815036e-01  5.45000000e-09  3.30000000e+00  5.45000000e-09  3.30000000e+00 
 5.47000000e-09  3.73025538e+00  5.47000000e-09  3.73025459e+00  5.47000000e-09  3.12812725e-01  5.47000000e-09  3.12934819e-01  5.47000000e-09  3.30000000e+00  5.47000000e-09  3.30000000e+00 
 5.49000000e-09  3.73005425e+00  5.49000000e-09  3.73005346e+00  5.49000000e-09  3.09960986e-01  5.49000000e-09  3.10080289e-01  5.49000000e-09  3.30000000e+00  5.49000000e-09  3.30000000e+00 
 5.51000000e-09  3.72985442e+00  5.51000000e-09  3.72985363e+00  5.51000000e-09  3.07134628e-01  5.51000000e-09  3.07251231e-01  5.51000000e-09  3.30000000e+00  5.51000000e-09  3.30000000e+00 
 5.53000000e-09  3.72965587e+00  5.53000000e-09  3.72965508e+00  5.53000000e-09  3.04333412e-01  5.53000000e-09  3.04447400e-01  5.53000000e-09  3.30000000e+00  5.53000000e-09  3.30000000e+00 
 5.55000000e-09  3.72945860e+00  5.55000000e-09  3.72945780e+00  5.55000000e-09  3.01557133e-01  5.55000000e-09  3.01668587e-01  5.55000000e-09  3.30000000e+00  5.55000000e-09  3.30000000e+00 
 5.57000000e-09  3.72926257e+00  5.57000000e-09  3.72926177e+00  5.57000000e-09  2.98805554e-01  5.57000000e-09  2.98914554e-01  5.57000000e-09  3.30000000e+00  5.57000000e-09  3.30000000e+00 
 5.59000000e-09  3.72906778e+00  5.59000000e-09  3.72906698e+00  5.59000000e-09  2.96078474e-01  5.59000000e-09  2.96185096e-01  5.59000000e-09  3.30000000e+00  5.59000000e-09  3.30000000e+00 
 5.61000000e-09  3.72887421e+00  5.61000000e-09  3.72887341e+00  5.61000000e-09  2.93375664e-01  5.61000000e-09  2.93479979e-01  5.61000000e-09  3.30000000e+00  5.61000000e-09  3.30000000e+00 
 5.63000000e-09  3.72868185e+00  5.63000000e-09  3.72868105e+00  5.63000000e-09  2.90696926e-01  5.63000000e-09  2.90799005e-01  5.63000000e-09  3.30000000e+00  5.63000000e-09  3.30000000e+00 
 5.65000000e-09  3.72849068e+00  5.65000000e-09  3.72848987e+00  5.65000000e-09  2.88042036e-01  5.65000000e-09  2.88141945e-01  5.65000000e-09  3.30000000e+00  5.65000000e-09  3.30000000e+00 
 5.67000000e-09  3.72830069e+00  5.67000000e-09  3.72829988e+00  5.67000000e-09  2.85410801e-01  5.67000000e-09  2.85508604e-01  5.67000000e-09  3.30000000e+00  5.67000000e-09  3.30000000e+00 
 5.69000000e-09  3.72811185e+00  5.69000000e-09  3.72811104e+00  5.69000000e-09  2.82803000e-01  5.69000000e-09  2.82898759e-01  5.69000000e-09  3.30000000e+00  5.69000000e-09  3.30000000e+00 
 5.71000000e-09  3.72792417e+00  5.71000000e-09  3.72792336e+00  5.71000000e-09  2.80218445e-01  5.71000000e-09  2.80312220e-01  5.71000000e-09  3.30000000e+00  5.71000000e-09  3.30000000e+00 
 5.73000000e-09  3.72773762e+00  5.73000000e-09  3.72773681e+00  5.73000000e-09  2.77656919e-01  5.73000000e-09  2.77748766e-01  5.73000000e-09  3.30000000e+00  5.73000000e-09  3.30000000e+00 
 5.75000000e-09  3.72755220e+00  5.75000000e-09  3.72755138e+00  5.75000000e-09  2.75118238e-01  5.75000000e-09  2.75208212e-01  5.75000000e-09  3.30000000e+00  5.75000000e-09  3.30000000e+00 
 5.77000000e-09  3.72736788e+00  5.77000000e-09  3.72736707e+00  5.77000000e-09  2.72602189e-01  5.77000000e-09  2.72690343e-01  5.77000000e-09  3.30000000e+00  5.77000000e-09  3.30000000e+00 
 5.79000000e-09  3.72718466e+00  5.79000000e-09  3.72718385e+00  5.79000000e-09  2.70108592e-01  5.79000000e-09  2.70194977e-01  5.79000000e-09  3.30000000e+00  5.79000000e-09  3.30000000e+00 
 5.81000000e-09  3.72700252e+00  5.81000000e-09  3.72700171e+00  5.81000000e-09  2.67637237e-01  5.81000000e-09  2.67721902e-01  5.81000000e-09  3.30000000e+00  5.81000000e-09  3.30000000e+00 
 5.83000000e-09  3.72682146e+00  5.83000000e-09  3.72682064e+00  5.83000000e-09  2.65187948e-01  5.83000000e-09  2.65270941e-01  5.83000000e-09  3.30000000e+00  5.83000000e-09  3.30000000e+00 
 5.85000000e-09  3.72664145e+00  5.85000000e-09  3.72664063e+00  5.85000000e-09  2.62760519e-01  5.85000000e-09  2.62841885e-01  5.85000000e-09  3.30000000e+00  5.85000000e-09  3.30000000e+00 
 5.87000000e-09  3.72646249e+00  5.87000000e-09  3.72646167e+00  5.87000000e-09  2.60354778e-01  5.87000000e-09  2.60434561e-01  5.87000000e-09  3.30000000e+00  5.87000000e-09  3.30000000e+00 
 5.89000000e-09  3.72628456e+00  5.89000000e-09  3.72628374e+00  5.89000000e-09  2.57970522e-01  5.89000000e-09  2.58048764e-01  5.89000000e-09  3.30000000e+00  5.89000000e-09  3.30000000e+00 
 5.91000000e-09  3.72610766e+00  5.91000000e-09  3.72610684e+00  5.91000000e-09  2.55607582e-01  5.91000000e-09  2.55684323e-01  5.91000000e-09  3.30000000e+00  5.91000000e-09  3.30000000e+00 
 5.93000000e-09  3.72593177e+00  5.93000000e-09  3.72593095e+00  5.93000000e-09  2.53265757e-01  5.93000000e-09  2.53341039e-01  5.93000000e-09  3.30000000e+00  5.93000000e-09  3.30000000e+00 
 5.95000000e-09  3.72575688e+00  5.95000000e-09  3.72575607e+00  5.95000000e-09  2.50944884e-01  5.95000000e-09  2.51018743e-01  5.95000000e-09  3.30000000e+00  5.95000000e-09  3.30000000e+00 
 5.97000000e-09  3.72558298e+00  5.97000000e-09  3.72558216e+00  5.97000000e-09  2.48644765e-01  5.97000000e-09  2.48717238e-01  5.97000000e-09  3.30000000e+00  5.97000000e-09  3.30000000e+00 
 5.99000000e-09  3.72541006e+00  5.99000000e-09  3.72540925e+00  5.99000000e-09  2.46365238e-01  5.99000000e-09  2.46436361e-01  5.99000000e-09  3.30000000e+00  5.99000000e-09  3.30000000e+00 
 6.01000000e-09  3.72523811e+00  6.01000000e-09  3.72523729e+00  6.01000000e-09  2.44106109e-01  6.01000000e-09  2.44175917e-01  6.01000000e-09  3.30000000e+00  6.01000000e-09  3.30000000e+00 
 6.03000000e-09  3.72506712e+00  6.03000000e-09  3.72506630e+00  6.03000000e-09  2.41867220e-01  6.03000000e-09  2.41935745e-01  6.03000000e-09  3.30000000e+00  6.03000000e-09  3.30000000e+00 
 6.05000000e-09  3.72489707e+00  6.05000000e-09  3.72489626e+00  6.05000000e-09  2.39648380e-01  6.05000000e-09  2.39715655e-01  6.05000000e-09  3.30000000e+00  6.05000000e-09  3.30000000e+00 
 6.07000000e-09  3.72472796e+00  6.07000000e-09  3.72472715e+00  6.07000000e-09  2.37449433e-01  6.07000000e-09  2.37515489e-01  6.07000000e-09  3.30000000e+00  6.07000000e-09  3.30000000e+00 
 6.09000000e-09  3.72455978e+00  6.09000000e-09  3.72455897e+00  6.09000000e-09  2.35270191e-01  6.09000000e-09  2.35335058e-01  6.09000000e-09  3.30000000e+00  6.09000000e-09  3.30000000e+00 
 6.11000000e-09  3.72439252e+00  6.11000000e-09  3.72439171e+00  6.11000000e-09  2.33110502e-01  6.11000000e-09  2.33174208e-01  6.11000000e-09  3.30000000e+00  6.11000000e-09  3.30000000e+00 
 6.13000000e-09  3.72422617e+00  6.13000000e-09  3.72422536e+00  6.13000000e-09  2.30970180e-01  6.13000000e-09  2.31032755e-01  6.13000000e-09  3.30000000e+00  6.13000000e-09  3.30000000e+00 
 6.15000000e-09  3.72406072e+00  6.15000000e-09  3.72405991e+00  6.15000000e-09  2.28849076e-01  6.15000000e-09  2.28910546e-01  6.15000000e-09  3.30000000e+00  6.15000000e-09  3.30000000e+00 
 6.17000000e-09  3.72389615e+00  6.17000000e-09  3.72389534e+00  6.17000000e-09  2.26747007e-01  6.17000000e-09  2.26807399e-01  6.17000000e-09  3.30000000e+00  6.17000000e-09  3.30000000e+00 
 6.19000000e-09  3.72373247e+00  6.19000000e-09  3.72373166e+00  6.19000000e-09  2.24663827e-01  6.19000000e-09  2.24723166e-01  6.19000000e-09  3.30000000e+00  6.19000000e-09  3.30000000e+00 
 6.21000000e-09  3.72356965e+00  6.21000000e-09  3.72356885e+00  6.21000000e-09  2.22599355e-01  6.21000000e-09  2.22657666e-01  6.21000000e-09  3.30000000e+00  6.21000000e-09  3.30000000e+00 
 6.23000000e-09  3.72340770e+00  6.23000000e-09  3.72340690e+00  6.23000000e-09  2.20553448e-01  6.23000000e-09  2.20610754e-01  6.23000000e-09  3.30000000e+00  6.23000000e-09  3.30000000e+00 
 6.25000000e-09  3.72324661e+00  6.25000000e-09  3.72324580e+00  6.25000000e-09  2.18525928e-01  6.25000000e-09  2.18582254e-01  6.25000000e-09  3.30000000e+00  6.25000000e-09  3.30000000e+00 
 6.27000000e-09  3.72308636e+00  6.27000000e-09  3.72308555e+00  6.27000000e-09  2.16516653e-01  6.27000000e-09  2.16572022e-01  6.27000000e-09  3.30000000e+00  6.27000000e-09  3.30000000e+00 
 6.29000000e-09  3.72292694e+00  6.29000000e-09  3.72292614e+00  6.29000000e-09  2.14525451e-01  6.29000000e-09  2.14579883e-01  6.29000000e-09  3.30000000e+00  6.29000000e-09  3.30000000e+00 
 6.31000000e-09  3.72276835e+00  6.31000000e-09  3.72276755e+00  6.31000000e-09  2.12552180e-01  6.31000000e-09  2.12605698e-01  6.31000000e-09  3.30000000e+00  6.31000000e-09  3.30000000e+00 
 6.33000000e-09  3.72261058e+00  6.33000000e-09  3.72260979e+00  6.33000000e-09  2.10596671e-01  6.33000000e-09  2.10649294e-01  6.33000000e-09  3.30000000e+00  6.33000000e-09  3.30000000e+00 
 6.35000000e-09  3.72245363e+00  6.35000000e-09  3.72245283e+00  6.35000000e-09  2.08658785e-01  6.35000000e-09  2.08710534e-01  6.35000000e-09  3.30000000e+00  6.35000000e-09  3.30000000e+00 
 6.37000000e-09  3.72229748e+00  6.37000000e-09  3.72229668e+00  6.37000000e-09  2.06738355e-01  6.37000000e-09  2.06789249e-01  6.37000000e-09  3.30000000e+00  6.37000000e-09  3.30000000e+00 
 6.39000000e-09  3.72214212e+00  6.39000000e-09  3.72214133e+00  6.39000000e-09  2.04835245e-01  6.39000000e-09  2.04885303e-01  6.39000000e-09  3.30000000e+00  6.39000000e-09  3.30000000e+00 
 6.41000000e-09  3.72198755e+00  6.41000000e-09  3.72198676e+00  6.41000000e-09  2.02949290e-01  6.41000000e-09  2.02998530e-01  6.41000000e-09  3.30000000e+00  6.41000000e-09  3.30000000e+00 
 6.43000000e-09  3.72183377e+00  6.43000000e-09  3.72183298e+00  6.43000000e-09  2.01080357e-01  6.43000000e-09  2.01128798e-01  6.43000000e-09  3.30000000e+00  6.43000000e-09  3.30000000e+00 
 6.45000000e-09  3.72168075e+00  6.45000000e-09  3.72167996e+00  6.45000000e-09  1.99228283e-01  6.45000000e-09  1.99275941e-01  6.45000000e-09  3.30000000e+00  6.45000000e-09  3.30000000e+00 
 6.47000000e-09  3.72152851e+00  6.47000000e-09  3.72152772e+00  6.47000000e-09  1.97392938e-01  6.47000000e-09  1.97439830e-01  6.47000000e-09  3.30000000e+00  6.47000000e-09  3.30000000e+00 
 6.49000000e-09  3.72137701e+00  6.49000000e-09  3.72137623e+00  6.49000000e-09  1.95574160e-01  6.49000000e-09  1.95620303e-01  6.49000000e-09  3.30000000e+00  6.49000000e-09  3.30000000e+00 
 6.51000000e-09  3.72122627e+00  6.51000000e-09  3.72122549e+00  6.51000000e-09  1.93771822e-01  6.51000000e-09  1.93817231e-01  6.51000000e-09  3.30000000e+00  6.51000000e-09  3.30000000e+00 
 6.53000000e-09  3.72107628e+00  6.53000000e-09  3.72107549e+00  6.53000000e-09  1.91985765e-01  6.53000000e-09  1.92030456e-01  6.53000000e-09  3.30000000e+00  6.53000000e-09  3.30000000e+00 
 6.55000000e-09  3.72092702e+00  6.55000000e-09  3.72092624e+00  6.55000000e-09  1.90215864e-01  6.55000000e-09  1.90259853e-01  6.55000000e-09  3.30000000e+00  6.55000000e-09  3.30000000e+00 
 6.57000000e-09  3.72077849e+00  6.57000000e-09  3.72077771e+00  6.57000000e-09  1.88461963e-01  6.57000000e-09  1.88505263e-01  6.57000000e-09  3.30000000e+00  6.57000000e-09  3.30000000e+00 
 6.59000000e-09  3.72063068e+00  6.59000000e-09  3.72062990e+00  6.59000000e-09  1.86723938e-01  6.59000000e-09  1.86766564e-01  6.59000000e-09  3.30000000e+00  6.59000000e-09  3.30000000e+00 
 6.61000000e-09  3.72048359e+00  6.61000000e-09  3.72048281e+00  6.61000000e-09  1.85001635e-01  6.61000000e-09  1.85043600e-01  6.61000000e-09  3.30000000e+00  6.61000000e-09  3.30000000e+00 
 6.63000000e-09  3.72033721e+00  6.63000000e-09  3.72033643e+00  6.63000000e-09  1.83294933e-01  6.63000000e-09  1.83336252e-01  6.63000000e-09  3.30000000e+00  6.63000000e-09  3.30000000e+00 
 6.65000000e-09  3.72019153e+00  6.65000000e-09  3.72019075e+00  6.65000000e-09  1.81603681e-01  6.65000000e-09  1.81644366e-01  6.65000000e-09  3.30000000e+00  6.65000000e-09  3.30000000e+00 
 6.67000000e-09  3.72004655e+00  6.67000000e-09  3.72004577e+00  6.67000000e-09  1.79927760e-01  6.67000000e-09  1.79967824e-01  6.67000000e-09  3.30000000e+00  6.67000000e-09  3.30000000e+00 
 6.69000000e-09  3.71990225e+00  6.69000000e-09  3.71990148e+00  6.69000000e-09  1.78267020e-01  6.69000000e-09  1.78306475e-01  6.69000000e-09  3.30000000e+00  6.69000000e-09  3.30000000e+00 
 6.71000000e-09  3.71975865e+00  6.71000000e-09  3.71975787e+00  6.71000000e-09  1.76621344e-01  6.71000000e-09  1.76660204e-01  6.71000000e-09  3.30000000e+00  6.71000000e-09  3.30000000e+00 
 6.73000000e-09  3.71961571e+00  6.73000000e-09  3.71961494e+00  6.73000000e-09  1.74990586e-01  6.73000000e-09  1.75028861e-01  6.73000000e-09  3.30000000e+00  6.73000000e-09  3.30000000e+00 
 6.75000000e-09  3.71947345e+00  6.75000000e-09  3.71947269e+00  6.75000000e-09  1.73374630e-01  6.75000000e-09  1.73412332e-01  6.75000000e-09  3.30000000e+00  6.75000000e-09  3.30000000e+00 
 6.77000000e-09  3.71933186e+00  6.77000000e-09  3.71933109e+00  6.77000000e-09  1.71773332e-01  6.77000000e-09  1.71810472e-01  6.77000000e-09  3.30000000e+00  6.77000000e-09  3.30000000e+00 
 6.79000000e-09  3.71919092e+00  6.79000000e-09  3.71919016e+00  6.79000000e-09  1.70186579e-01  6.79000000e-09  1.70223168e-01  6.79000000e-09  3.30000000e+00  6.79000000e-09  3.30000000e+00 
 6.81000000e-09  3.71905064e+00  6.81000000e-09  3.71904988e+00  6.81000000e-09  1.68614228e-01  6.81000000e-09  1.68650276e-01  6.81000000e-09  3.30000000e+00  6.81000000e-09  3.30000000e+00 
 6.83000000e-09  3.71891101e+00  6.83000000e-09  3.71891025e+00  6.83000000e-09  1.67056168e-01  6.83000000e-09  1.67091687e-01  6.83000000e-09  3.30000000e+00  6.83000000e-09  3.30000000e+00 
 6.85000000e-09  3.71877201e+00  6.85000000e-09  3.71877125e+00  6.85000000e-09  1.65512259e-01  6.85000000e-09  1.65547258e-01  6.85000000e-09  3.30000000e+00  6.85000000e-09  3.30000000e+00 
 6.87000000e-09  3.71863366e+00  6.87000000e-09  3.71863290e+00  6.87000000e-09  1.63982392e-01  6.87000000e-09  1.64016882e-01  6.87000000e-09  3.30000000e+00  6.87000000e-09  3.30000000e+00 
 6.89000000e-09  3.71849593e+00  6.89000000e-09  3.71849517e+00  6.89000000e-09  1.62466428e-01  6.89000000e-09  1.62500418e-01  6.89000000e-09  3.30000000e+00  6.89000000e-09  3.30000000e+00 
 6.91000000e-09  3.71835883e+00  6.91000000e-09  3.71835808e+00  6.91000000e-09  1.60964262e-01  6.91000000e-09  1.60997760e-01  6.91000000e-09  3.30000000e+00  6.91000000e-09  3.30000000e+00 
 6.93000000e-09  3.71822235e+00  6.93000000e-09  3.71822160e+00  6.93000000e-09  1.59475755e-01  6.93000000e-09  1.59508772e-01  6.93000000e-09  3.30000000e+00  6.93000000e-09  3.30000000e+00 
 6.95000000e-09  3.71808648e+00  6.95000000e-09  3.71808573e+00  6.95000000e-09  1.58000804e-01  6.95000000e-09  1.58033348e-01  6.95000000e-09  3.30000000e+00  6.95000000e-09  3.30000000e+00 
 6.97000000e-09  3.71795122e+00  6.97000000e-09  3.71795047e+00  6.97000000e-09  1.56539273e-01  6.97000000e-09  1.56571353e-01  6.97000000e-09  3.30000000e+00  6.97000000e-09  3.30000000e+00 
 6.99000000e-09  3.71781657e+00  6.99000000e-09  3.71781582e+00  6.99000000e-09  1.55091061e-01  6.99000000e-09  1.55122686e-01  6.99000000e-09  3.30000000e+00  6.99000000e-09  3.30000000e+00 
 7.01000000e-09  3.71768251e+00  7.01000000e-09  3.71768177e+00  7.01000000e-09  1.53656034e-01  7.01000000e-09  1.53687212e-01  7.01000000e-09  3.30000000e+00  7.01000000e-09  3.30000000e+00 
 7.03000000e-09  3.71754905e+00  7.03000000e-09  3.71754831e+00  7.03000000e-09  1.52234092e-01  7.03000000e-09  1.52264830e-01  7.03000000e-09  3.30000000e+00  7.03000000e-09  3.30000000e+00 
 7.05000000e-09  3.71741617e+00  7.05000000e-09  3.71741543e+00  7.05000000e-09  1.50825103e-01  7.05000000e-09  1.50855411e-01  7.05000000e-09  3.30000000e+00  7.05000000e-09  3.30000000e+00 
 7.07000000e-09  3.71728389e+00  7.07000000e-09  3.71728315e+00  7.07000000e-09  1.49428970e-01  7.07000000e-09  1.49458854e-01  7.07000000e-09  3.30000000e+00  7.07000000e-09  3.30000000e+00 
 7.09000000e-09  3.71715217e+00  7.09000000e-09  3.71715143e+00  7.09000000e-09  1.48045562e-01  7.09000000e-09  1.48075030e-01  7.09000000e-09  3.30000000e+00  7.09000000e-09  3.30000000e+00 
 7.11000000e-09  3.71702103e+00  7.11000000e-09  3.71702030e+00  7.11000000e-09  1.46674783e-01  7.11000000e-09  1.46703844e-01  7.11000000e-09  3.30000000e+00  7.11000000e-09  3.30000000e+00 
 7.13000000e-09  3.71689046e+00  7.13000000e-09  3.71688973e+00  7.13000000e-09  1.45316507e-01  7.13000000e-09  1.45345166e-01  7.13000000e-09  3.30000000e+00  7.13000000e-09  3.30000000e+00 
 7.15000000e-09  3.71676046e+00  7.15000000e-09  3.71675972e+00  7.15000000e-09  1.43970637e-01  7.15000000e-09  1.43998902e-01  7.15000000e-09  3.30000000e+00  7.15000000e-09  3.30000000e+00 
 7.17000000e-09  3.71663101e+00  7.17000000e-09  3.71663028e+00  7.17000000e-09  1.42637049e-01  7.17000000e-09  1.42664927e-01  7.17000000e-09  3.30000000e+00  7.17000000e-09  3.30000000e+00 
 7.19000000e-09  3.71650212e+00  7.19000000e-09  3.71650139e+00  7.19000000e-09  1.41315649e-01  7.19000000e-09  1.41343147e-01  7.19000000e-09  3.30000000e+00  7.19000000e-09  3.30000000e+00 
 7.21000000e-09  3.71637377e+00  7.21000000e-09  3.71637304e+00  7.21000000e-09  1.40006314e-01  7.21000000e-09  1.40033438e-01  7.21000000e-09  3.30000000e+00  7.21000000e-09  3.30000000e+00 
 7.23000000e-09  3.71624598e+00  7.23000000e-09  3.71624525e+00  7.23000000e-09  1.38708952e-01  7.23000000e-09  1.38735709e-01  7.23000000e-09  3.30000000e+00  7.23000000e-09  3.30000000e+00 
 7.25000000e-09  3.71611872e+00  7.25000000e-09  3.71611799e+00  7.25000000e-09  1.37423442e-01  7.25000000e-09  1.37449838e-01  7.25000000e-09  3.30000000e+00  7.25000000e-09  3.30000000e+00 
 7.27000000e-09  3.71599200e+00  7.27000000e-09  3.71599128e+00  7.27000000e-09  1.36149694e-01  7.27000000e-09  1.36175736e-01  7.27000000e-09  3.30000000e+00  7.27000000e-09  3.30000000e+00 
 7.29000000e-09  3.71586581e+00  7.29000000e-09  3.71586509e+00  7.29000000e-09  1.34887588e-01  7.29000000e-09  1.34913281e-01  7.29000000e-09  3.30000000e+00  7.29000000e-09  3.30000000e+00 
 7.31000000e-09  3.71574015e+00  7.31000000e-09  3.71573943e+00  7.31000000e-09  1.33637037e-01  7.31000000e-09  1.33662387e-01  7.31000000e-09  3.30000000e+00  7.31000000e-09  3.30000000e+00 
 7.33000000e-09  3.71561502e+00  7.33000000e-09  3.71561430e+00  7.33000000e-09  1.32397921e-01  7.33000000e-09  1.32422934e-01  7.33000000e-09  3.30000000e+00  7.33000000e-09  3.30000000e+00 
 7.35000000e-09  3.71549040e+00  7.35000000e-09  3.71548968e+00  7.35000000e-09  1.31170155e-01  7.35000000e-09  1.31194837e-01  7.35000000e-09  3.30000000e+00  7.35000000e-09  3.30000000e+00 
 7.37000000e-09  3.71536630e+00  7.37000000e-09  3.71536558e+00  7.37000000e-09  1.29953622e-01  7.37000000e-09  1.29977978e-01  7.37000000e-09  3.30000000e+00  7.37000000e-09  3.30000000e+00 
 7.39000000e-09  3.71524271e+00  7.39000000e-09  3.71524200e+00  7.39000000e-09  1.28748238e-01  7.39000000e-09  1.28772274e-01  7.39000000e-09  3.30000000e+00  7.39000000e-09  3.30000000e+00 
 7.41000000e-09  3.71511962e+00  7.41000000e-09  3.71511891e+00  7.41000000e-09  1.27553888e-01  7.41000000e-09  1.27577609e-01  7.41000000e-09  3.30000000e+00  7.41000000e-09  3.30000000e+00 
 7.43000000e-09  3.71499705e+00  7.43000000e-09  3.71499634e+00  7.43000000e-09  1.26370489e-01  7.43000000e-09  1.26393900e-01  7.43000000e-09  3.30000000e+00  7.43000000e-09  3.30000000e+00 
 7.45000000e-09  3.71487496e+00  7.45000000e-09  3.71487426e+00  7.45000000e-09  1.25197927e-01  7.45000000e-09  1.25221034e-01  7.45000000e-09  3.30000000e+00  7.45000000e-09  3.30000000e+00 
 7.47000000e-09  3.71475338e+00  7.47000000e-09  3.71475267e+00  7.47000000e-09  1.24036123e-01  7.47000000e-09  1.24058929e-01  7.47000000e-09  3.30000000e+00  7.47000000e-09  3.30000000e+00 
 7.49000000e-09  3.71463228e+00  7.49000000e-09  3.71463158e+00  7.49000000e-09  1.22884963e-01  7.49000000e-09  1.22907475e-01  7.49000000e-09  3.30000000e+00  7.49000000e-09  3.30000000e+00 
 7.51000000e-09  3.71451168e+00  7.51000000e-09  3.71451098e+00  7.51000000e-09  1.21744369e-01  7.51000000e-09  1.21766591e-01  7.51000000e-09  3.30000000e+00  7.51000000e-09  3.30000000e+00 
 7.53000000e-09  3.71439155e+00  7.53000000e-09  3.71439085e+00  7.53000000e-09  1.20614231e-01  7.53000000e-09  1.20636167e-01  7.53000000e-09  3.30000000e+00  7.53000000e-09  3.30000000e+00 
 7.55000000e-09  3.71427191e+00  7.55000000e-09  3.71427121e+00  7.55000000e-09  1.19494470e-01  7.55000000e-09  1.19516126e-01  7.55000000e-09  3.30000000e+00  7.55000000e-09  3.30000000e+00 
 7.57000000e-09  3.71415274e+00  7.57000000e-09  3.71415205e+00  7.57000000e-09  1.18384979e-01  7.57000000e-09  1.18406358e-01  7.57000000e-09  3.30000000e+00  7.57000000e-09  3.30000000e+00 
 7.59000000e-09  3.71403405e+00  7.59000000e-09  3.71403336e+00  7.59000000e-09  1.17285680e-01  7.59000000e-09  1.17306787e-01  7.59000000e-09  3.30000000e+00  7.59000000e-09  3.30000000e+00 
 7.61000000e-09  3.71391582e+00  7.61000000e-09  3.71391513e+00  7.61000000e-09  1.16196468e-01  7.61000000e-09  1.16217307e-01  7.61000000e-09  3.30000000e+00  7.61000000e-09  3.30000000e+00 
 7.63000000e-09  3.71379807e+00  7.63000000e-09  3.71379737e+00  7.63000000e-09  1.15117267e-01  7.63000000e-09  1.15137843e-01  7.63000000e-09  3.30000000e+00  7.63000000e-09  3.30000000e+00 
 7.65000000e-09  3.71368077e+00  7.65000000e-09  3.71368008e+00  7.65000000e-09  1.14047972e-01  7.65000000e-09  1.14068288e-01  7.65000000e-09  3.30000000e+00  7.65000000e-09  3.30000000e+00 
 7.67000000e-09  3.71356393e+00  7.67000000e-09  3.71356324e+00  7.67000000e-09  1.12988509e-01  7.67000000e-09  1.13008571e-01  7.67000000e-09  3.30000000e+00  7.67000000e-09  3.30000000e+00 
 7.69000000e-09  3.71344754e+00  7.69000000e-09  3.71344685e+00  7.69000000e-09  1.11938776e-01  7.69000000e-09  1.11958586e-01  7.69000000e-09  3.30000000e+00  7.69000000e-09  3.30000000e+00 
 7.71000000e-09  3.71333161e+00  7.71000000e-09  3.71333092e+00  7.71000000e-09  1.10898700e-01  7.71000000e-09  1.10918262e-01  7.71000000e-09  3.30000000e+00  7.71000000e-09  3.30000000e+00 
 7.73000000e-09  3.71321612e+00  7.73000000e-09  3.71321544e+00  7.73000000e-09  1.09868178e-01  7.73000000e-09  1.09887497e-01  7.73000000e-09  3.30000000e+00  7.73000000e-09  3.30000000e+00 
 7.75000000e-09  3.71310108e+00  7.75000000e-09  3.71310040e+00  7.75000000e-09  1.08847141e-01  7.75000000e-09  1.08866221e-01  7.75000000e-09  3.30000000e+00  7.75000000e-09  3.30000000e+00 
 7.77000000e-09  3.71298648e+00  7.77000000e-09  3.71298580e+00  7.77000000e-09  1.07835488e-01  7.77000000e-09  1.07854332e-01  7.77000000e-09  3.30000000e+00  7.77000000e-09  3.30000000e+00 
 7.79000000e-09  3.71287232e+00  7.79000000e-09  3.71287164e+00  7.79000000e-09  1.06833151e-01  7.79000000e-09  1.06851762e-01  7.79000000e-09  3.30000000e+00  7.79000000e-09  3.30000000e+00 
 7.81000000e-09  3.71275859e+00  7.81000000e-09  3.71275791e+00  7.81000000e-09  1.05840028e-01  7.81000000e-09  1.05858410e-01  7.81000000e-09  3.30000000e+00  7.81000000e-09  3.30000000e+00 
 7.83000000e-09  3.71264529e+00  7.83000000e-09  3.71264462e+00  7.83000000e-09  1.04856054e-01  7.83000000e-09  1.04874211e-01  7.83000000e-09  3.30000000e+00  7.83000000e-09  3.30000000e+00 
 7.85000000e-09  3.71253242e+00  7.85000000e-09  3.71253175e+00  7.85000000e-09  1.03881130e-01  7.85000000e-09  1.03899064e-01  7.85000000e-09  3.30000000e+00  7.85000000e-09  3.30000000e+00 
 7.87000000e-09  3.71241998e+00  7.87000000e-09  3.71241931e+00  7.87000000e-09  1.02915191e-01  7.87000000e-09  1.02932906e-01  7.87000000e-09  3.30000000e+00  7.87000000e-09  3.30000000e+00 
 7.89000000e-09  3.71230796e+00  7.89000000e-09  3.71230729e+00  7.89000000e-09  1.01958139e-01  7.89000000e-09  1.01975639e-01  7.89000000e-09  3.30000000e+00  7.89000000e-09  3.30000000e+00 
 7.91000000e-09  3.71219636e+00  7.91000000e-09  3.71219569e+00  7.91000000e-09  1.01009910e-01  7.91000000e-09  1.01027198e-01  7.91000000e-09  3.30000000e+00  7.91000000e-09  3.30000000e+00 
 7.93000000e-09  3.71208517e+00  7.93000000e-09  3.71208450e+00  7.93000000e-09  1.00070410e-01  7.93000000e-09  1.00087489e-01  7.93000000e-09  3.30000000e+00  7.93000000e-09  3.30000000e+00 
 7.95000000e-09  3.71197440e+00  7.95000000e-09  3.71197374e+00  7.95000000e-09  9.91395742e-02  7.95000000e-09  9.91564473e-02  7.95000000e-09  3.30000000e+00  7.95000000e-09  3.30000000e+00 
 7.97000000e-09  3.71186404e+00  7.97000000e-09  3.71186337e+00  7.97000000e-09  9.82173095e-02  7.97000000e-09  9.82339797e-02  7.97000000e-09  3.30000000e+00  7.97000000e-09  3.30000000e+00 
 7.99000000e-09  3.71175408e+00  7.99000000e-09  3.71175342e+00  7.99000000e-09  9.73035544e-02  7.99000000e-09  9.73200247e-02  7.99000000e-09  3.30000000e+00  7.99000000e-09  3.30000000e+00 
 8.01000000e-09  3.71164453e+00  8.01000000e-09  3.71164387e+00  8.01000000e-09  9.63982157e-02  8.01000000e-09  9.64144890e-02  8.01000000e-09  3.30000000e+00  8.01000000e-09  3.30000000e+00 
 8.03000000e-09  3.71153538e+00  8.03000000e-09  3.71153472e+00  8.03000000e-09  9.55012337e-02  8.03000000e-09  9.55173129e-02  8.03000000e-09  3.30000000e+00  8.03000000e-09  3.30000000e+00 
 8.05000000e-09  3.71142663e+00  8.05000000e-09  3.71142597e+00  8.05000000e-09  9.46125165e-02  8.05000000e-09  9.46284044e-02  8.05000000e-09  3.30000000e+00  8.05000000e-09  3.30000000e+00 
 8.07000000e-09  3.71131827e+00  8.07000000e-09  3.71131761e+00  8.07000000e-09  9.37320056e-02  8.07000000e-09  9.37477049e-02  8.07000000e-09  3.30000000e+00  8.07000000e-09  3.30000000e+00 
 8.09000000e-09  3.71121030e+00  8.09000000e-09  3.71120965e+00  8.09000000e-09  9.28596105e-02  8.09000000e-09  9.28751240e-02  8.09000000e-09  3.30000000e+00  8.09000000e-09  3.30000000e+00 
 8.11000000e-09  3.71110273e+00  8.11000000e-09  3.71110208e+00  8.11000000e-09  9.19952739e-02  8.11000000e-09  9.20106044e-02  8.11000000e-09  3.30000000e+00  8.11000000e-09  3.30000000e+00 
 8.13000000e-09  3.71099554e+00  8.13000000e-09  3.71099489e+00  8.13000000e-09  9.11389067e-02  8.13000000e-09  9.11540567e-02  8.13000000e-09  3.30000000e+00  8.13000000e-09  3.30000000e+00 
 8.15000000e-09  3.71088874e+00  8.15000000e-09  3.71088809e+00  8.15000000e-09  9.02904529e-02  8.15000000e-09  9.03054250e-02  8.15000000e-09  3.30000000e+00  8.15000000e-09  3.30000000e+00 
 8.17000000e-09  3.71078232e+00  8.17000000e-09  3.71078167e+00  8.17000000e-09  8.94498246e-02  8.17000000e-09  8.94646212e-02  8.17000000e-09  3.30000000e+00  8.17000000e-09  3.30000000e+00 
 8.19000000e-09  3.71067628e+00  8.19000000e-09  3.71067563e+00  8.19000000e-09  8.86169669e-02  8.19000000e-09  8.86315907e-02  8.19000000e-09  3.30000000e+00  8.19000000e-09  3.30000000e+00 
 8.21000000e-09  3.71057061e+00  8.21000000e-09  3.71056997e+00  8.21000000e-09  8.77917933e-02  8.21000000e-09  8.78062466e-02  8.21000000e-09  3.30000000e+00  8.21000000e-09  3.30000000e+00 
 8.23000000e-09  3.71046532e+00  8.23000000e-09  3.71046468e+00  8.23000000e-09  8.69742502e-02  8.23000000e-09  8.69885354e-02  8.23000000e-09  3.30000000e+00  8.23000000e-09  3.30000000e+00 
 8.25000000e-09  3.71036040e+00  8.25000000e-09  3.71035976e+00  8.25000000e-09  8.61642521e-02  8.25000000e-09  8.61783717e-02  8.25000000e-09  3.30000000e+00  8.25000000e-09  3.30000000e+00 
 8.27000000e-09  3.71025585e+00  8.27000000e-09  3.71025521e+00  8.27000000e-09  8.53617468e-02  8.27000000e-09  8.53757030e-02  8.27000000e-09  3.30000000e+00  8.27000000e-09  3.30000000e+00 
 8.29000000e-09  3.71015166e+00  8.29000000e-09  3.71015103e+00  8.29000000e-09  8.45666500e-02  8.29000000e-09  8.45804451e-02  8.29000000e-09  3.30000000e+00  8.29000000e-09  3.30000000e+00 
 8.31000000e-09  3.71004784e+00  8.31000000e-09  3.71004721e+00  8.31000000e-09  8.37789105e-02  8.31000000e-09  8.37925468e-02  8.31000000e-09  3.30000000e+00  8.31000000e-09  3.30000000e+00 
 8.33000000e-09  3.70994438e+00  8.33000000e-09  3.70994375e+00  8.33000000e-09  8.29984454e-02  8.33000000e-09  8.30119251e-02  8.33000000e-09  3.30000000e+00  8.33000000e-09  3.30000000e+00 
 8.35000000e-09  3.70984128e+00  8.35000000e-09  3.70984065e+00  8.35000000e-09  8.22252046e-02  8.35000000e-09  8.22385299e-02  8.35000000e-09  3.30000000e+00  8.35000000e-09  3.30000000e+00 
 8.37000000e-09  3.70973853e+00  8.37000000e-09  3.70973790e+00  8.37000000e-09  8.14591063e-02  8.37000000e-09  8.14722792e-02  8.37000000e-09  3.30000000e+00  8.37000000e-09  3.30000000e+00 
 8.39000000e-09  3.70963614e+00  8.39000000e-09  3.70963551e+00  8.39000000e-09  8.07001017e-02  8.39000000e-09  8.07131244e-02  8.39000000e-09  3.30000000e+00  8.39000000e-09  3.30000000e+00 
 8.41000000e-09  3.70953410e+00  8.41000000e-09  3.70953347e+00  8.41000000e-09  7.99481100e-02  8.41000000e-09  7.99609845e-02  8.41000000e-09  3.30000000e+00  8.41000000e-09  3.30000000e+00 
 8.43000000e-09  3.70943241e+00  8.43000000e-09  3.70943179e+00  8.43000000e-09  7.92030836e-02  8.43000000e-09  7.92158119e-02  8.43000000e-09  3.30000000e+00  8.43000000e-09  3.30000000e+00 
 8.45000000e-09  3.70933107e+00  8.45000000e-09  3.70933044e+00  8.45000000e-09  7.84649429e-02  8.45000000e-09  7.84775270e-02  8.45000000e-09  3.30000000e+00  8.45000000e-09  3.30000000e+00 
 8.47000000e-09  3.70923007e+00  8.47000000e-09  3.70922944e+00  8.47000000e-09  7.77336412e-02  8.47000000e-09  7.77460832e-02  8.47000000e-09  3.30000000e+00  8.47000000e-09  3.30000000e+00 
 8.49000000e-09  3.70912941e+00  8.49000000e-09  3.70912879e+00  8.49000000e-09  7.70091002e-02  8.49000000e-09  7.70214018e-02  8.49000000e-09  3.30000000e+00  8.49000000e-09  3.30000000e+00 
 8.51000000e-09  3.70902909e+00  8.51000000e-09  3.70902847e+00  8.51000000e-09  7.62912743e-02  8.51000000e-09  7.63034376e-02  8.51000000e-09  3.30000000e+00  8.51000000e-09  3.30000000e+00 
 8.53000000e-09  3.70892911e+00  8.53000000e-09  3.70892849e+00  8.53000000e-09  7.55800861e-02  8.53000000e-09  7.55921129e-02  8.53000000e-09  3.30000000e+00  8.53000000e-09  3.30000000e+00 
 8.55000000e-09  3.70882947e+00  8.55000000e-09  3.70882885e+00  8.55000000e-09  7.48754914e-02  8.55000000e-09  7.48873834e-02  8.55000000e-09  3.30000000e+00  8.55000000e-09  3.30000000e+00 
 8.57000000e-09  3.70873016e+00  8.57000000e-09  3.70872954e+00  8.57000000e-09  7.41774137e-02  8.57000000e-09  7.41891728e-02  8.57000000e-09  3.30000000e+00  8.57000000e-09  3.30000000e+00 
 8.59000000e-09  3.70863118e+00  8.59000000e-09  3.70863056e+00  8.59000000e-09  7.34858097e-02  8.59000000e-09  7.34974377e-02  8.59000000e-09  3.30000000e+00  8.59000000e-09  3.30000000e+00 
 8.61000000e-09  3.70853252e+00  8.61000000e-09  3.70853191e+00  8.61000000e-09  7.28006042e-02  8.61000000e-09  7.28121028e-02  8.61000000e-09  3.30000000e+00  8.61000000e-09  3.30000000e+00 
 8.63000000e-09  3.70843420e+00  8.63000000e-09  3.70843359e+00  8.63000000e-09  7.21217549e-02  8.63000000e-09  7.21331259e-02  8.63000000e-09  3.30000000e+00  8.63000000e-09  3.30000000e+00 
 8.65000000e-09  3.70833620e+00  8.65000000e-09  3.70833559e+00  8.65000000e-09  7.14491876e-02  8.65000000e-09  7.14604326e-02  8.65000000e-09  3.30000000e+00  8.65000000e-09  3.30000000e+00 
 8.67000000e-09  3.70823852e+00  8.67000000e-09  3.70823791e+00  8.67000000e-09  7.07828610e-02  8.67000000e-09  7.07939817e-02  8.67000000e-09  3.30000000e+00  8.67000000e-09  3.30000000e+00 
 8.69000000e-09  3.70814117e+00  8.69000000e-09  3.70814056e+00  8.69000000e-09  7.01227020e-02  8.69000000e-09  7.01337000e-02  8.69000000e-09  3.30000000e+00  8.69000000e-09  3.30000000e+00 
 8.71000000e-09  3.70804413e+00  8.71000000e-09  3.70804352e+00  8.71000000e-09  6.94686703e-02  8.71000000e-09  6.94795472e-02  8.71000000e-09  3.30000000e+00  8.71000000e-09  3.30000000e+00 
 8.73000000e-09  3.70794740e+00  8.73000000e-09  3.70794680e+00  8.73000000e-09  6.88206937e-02  8.73000000e-09  6.88314511e-02  8.73000000e-09  3.30000000e+00  8.73000000e-09  3.30000000e+00 
 8.75000000e-09  3.70785100e+00  8.75000000e-09  3.70785039e+00  8.75000000e-09  6.81787330e-02  8.75000000e-09  6.81893725e-02  8.75000000e-09  3.30000000e+00  8.75000000e-09  3.30000000e+00 
 8.77000000e-09  3.70775490e+00  8.77000000e-09  3.70775430e+00  8.77000000e-09  6.75427170e-02  8.77000000e-09  6.75532401e-02  8.77000000e-09  3.30000000e+00  8.77000000e-09  3.30000000e+00 
 8.79000000e-09  3.70765912e+00  8.79000000e-09  3.70765852e+00  8.79000000e-09  6.69126075e-02  8.79000000e-09  6.69230157e-02  8.79000000e-09  3.30000000e+00  8.79000000e-09  3.30000000e+00 
 8.81000000e-09  3.70756364e+00  8.81000000e-09  3.70756304e+00  8.81000000e-09  6.62883341e-02  8.81000000e-09  6.62986289e-02  8.81000000e-09  3.30000000e+00  8.81000000e-09  3.30000000e+00 
 8.83000000e-09  3.70746847e+00  8.83000000e-09  3.70746787e+00  8.83000000e-09  6.56698597e-02  8.83000000e-09  6.56800426e-02  8.83000000e-09  3.30000000e+00  8.83000000e-09  3.30000000e+00 
 8.85000000e-09  3.70737360e+00  8.85000000e-09  3.70737300e+00  8.85000000e-09  6.50571149e-02  8.85000000e-09  6.50671873e-02  8.85000000e-09  3.30000000e+00  8.85000000e-09  3.30000000e+00 
 8.87000000e-09  3.70727904e+00  8.87000000e-09  3.70727844e+00  8.87000000e-09  6.44500635e-02  8.87000000e-09  6.44600268e-02  8.87000000e-09  3.30000000e+00  8.87000000e-09  3.30000000e+00 
 8.89000000e-09  3.70718477e+00  8.89000000e-09  3.70718418e+00  8.89000000e-09  6.38486370e-02  8.89000000e-09  6.38584926e-02  8.89000000e-09  3.30000000e+00  8.89000000e-09  3.30000000e+00 
 8.91000000e-09  3.70709081e+00  8.91000000e-09  3.70709022e+00  8.91000000e-09  6.32528001e-02  8.91000000e-09  6.32625494e-02  8.91000000e-09  3.30000000e+00  8.91000000e-09  3.30000000e+00 
 8.93000000e-09  3.70699714e+00  8.93000000e-09  3.70699655e+00  8.93000000e-09  6.26624854e-02  8.93000000e-09  6.26721297e-02  8.93000000e-09  3.30000000e+00  8.93000000e-09  3.30000000e+00 
 8.95000000e-09  3.70690377e+00  8.95000000e-09  3.70690318e+00  8.95000000e-09  6.20776584e-02  8.95000000e-09  6.20871991e-02  8.95000000e-09  3.30000000e+00  8.95000000e-09  3.30000000e+00 
 8.97000000e-09  3.70681069e+00  8.97000000e-09  3.70681010e+00  8.97000000e-09  6.14982525e-02  8.97000000e-09  6.15076909e-02  8.97000000e-09  3.30000000e+00  8.97000000e-09  3.30000000e+00 
 8.99000000e-09  3.70671790e+00  8.99000000e-09  3.70671732e+00  8.99000000e-09  6.09242343e-02  8.99000000e-09  6.09335716e-02  8.99000000e-09  3.30000000e+00  8.99000000e-09  3.30000000e+00 
 9.01000000e-09  3.70662540e+00  9.01000000e-09  3.70662482e+00  9.01000000e-09  6.03555381e-02  9.01000000e-09  6.03647756e-02  9.01000000e-09  3.30000000e+00  9.01000000e-09  3.30000000e+00 
 9.03000000e-09  3.70653319e+00  9.03000000e-09  3.70653261e+00  9.03000000e-09  5.97921311e-02  9.03000000e-09  5.98012702e-02  9.03000000e-09  3.30000000e+00  9.03000000e-09  3.30000000e+00 
 9.05000000e-09  3.70644127e+00  9.05000000e-09  3.70644068e+00  9.05000000e-09  5.92339488e-02  9.05000000e-09  5.92429906e-02  9.05000000e-09  3.30000000e+00  9.05000000e-09  3.30000000e+00 
 9.07000000e-09  3.70634963e+00  9.07000000e-09  3.70634905e+00  9.07000000e-09  5.86809592e-02  9.07000000e-09  5.86899050e-02  9.07000000e-09  3.30000000e+00  9.07000000e-09  3.30000000e+00 
 9.09000000e-09  3.70625827e+00  9.09000000e-09  3.70625769e+00  9.09000000e-09  5.81330985e-02  9.09000000e-09  5.81419495e-02  9.09000000e-09  3.30000000e+00  9.09000000e-09  3.30000000e+00 
 9.11000000e-09  3.70616719e+00  9.11000000e-09  3.70616661e+00  9.11000000e-09  5.75903358e-02  9.11000000e-09  5.75990930e-02  9.11000000e-09  3.30000000e+00  9.11000000e-09  3.30000000e+00 
 9.13000000e-09  3.70607639e+00  9.13000000e-09  3.70607582e+00  9.13000000e-09  5.70526079e-02  9.13000000e-09  5.70612727e-02  9.13000000e-09  3.30000000e+00  9.13000000e-09  3.30000000e+00 
 9.15000000e-09  3.70598587e+00  9.15000000e-09  3.70598530e+00  9.15000000e-09  5.65198849e-02  9.15000000e-09  5.65284583e-02  9.15000000e-09  3.30000000e+00  9.15000000e-09  3.30000000e+00 
 9.17000000e-09  3.70589563e+00  9.17000000e-09  3.70589505e+00  9.17000000e-09  5.59921045e-02  9.17000000e-09  5.60005877e-02  9.17000000e-09  3.30000000e+00  9.17000000e-09  3.30000000e+00 
 9.19000000e-09  3.70580566e+00  9.19000000e-09  3.70580509e+00  9.19000000e-09  5.54692374e-02  9.19000000e-09  5.54776315e-02  9.19000000e-09  3.30000000e+00  9.19000000e-09  3.30000000e+00 
 9.21000000e-09  3.70571596e+00  9.21000000e-09  3.70571539e+00  9.21000000e-09  5.49512223e-02  9.21000000e-09  5.49595284e-02  9.21000000e-09  3.30000000e+00  9.21000000e-09  3.30000000e+00 
 9.23000000e-09  3.70562653e+00  9.23000000e-09  3.70562596e+00  9.23000000e-09  5.44380307e-02  9.23000000e-09  5.44462498e-02  9.23000000e-09  3.30000000e+00  9.23000000e-09  3.30000000e+00 
 9.25000000e-09  3.70553737e+00  9.25000000e-09  3.70553681e+00  9.25000000e-09  5.39296021e-02  9.25000000e-09  5.39377353e-02  9.25000000e-09  3.30000000e+00  9.25000000e-09  3.30000000e+00 
 9.27000000e-09  3.70544849e+00  9.27000000e-09  3.70544792e+00  9.27000000e-09  5.34259087e-02  9.27000000e-09  5.34339571e-02  9.27000000e-09  3.30000000e+00  9.27000000e-09  3.30000000e+00 
 9.29000000e-09  3.70535986e+00  9.29000000e-09  3.70535929e+00  9.29000000e-09  5.29268909e-02  9.29000000e-09  5.29348555e-02  9.29000000e-09  3.30000000e+00  9.29000000e-09  3.30000000e+00 
 9.31000000e-09  3.70527150e+00  9.31000000e-09  3.70527094e+00  9.31000000e-09  5.24325217e-02  9.31000000e-09  5.24404036e-02  9.31000000e-09  3.30000000e+00  9.31000000e-09  3.30000000e+00 
 9.33000000e-09  3.70518340e+00  9.33000000e-09  3.70518284e+00  9.33000000e-09  5.19427421e-02  9.33000000e-09  5.19505423e-02  9.33000000e-09  3.30000000e+00  9.33000000e-09  3.30000000e+00 
 9.35000000e-09  3.70509557e+00  9.35000000e-09  3.70509501e+00  9.35000000e-09  5.14575262e-02  9.35000000e-09  5.14652455e-02  9.35000000e-09  3.30000000e+00  9.35000000e-09  3.30000000e+00 
 9.37000000e-09  3.70500799e+00  9.37000000e-09  3.70500743e+00  9.37000000e-09  5.09768155e-02  9.37000000e-09  5.09844551e-02  9.37000000e-09  3.30000000e+00  9.37000000e-09  3.30000000e+00 
 9.39000000e-09  3.70492067e+00  9.39000000e-09  3.70492012e+00  9.39000000e-09  5.05005849e-02  9.39000000e-09  5.05081456e-02  9.39000000e-09  3.30000000e+00  9.39000000e-09  3.30000000e+00 
 9.41000000e-09  3.70483361e+00  9.41000000e-09  3.70483306e+00  9.41000000e-09  5.00287768e-02  9.41000000e-09  5.00362596e-02  9.41000000e-09  3.30000000e+00  9.41000000e-09  3.30000000e+00 
 9.43000000e-09  3.70474681e+00  9.43000000e-09  3.70474625e+00  9.43000000e-09  4.95613666e-02  9.43000000e-09  4.95687725e-02  9.43000000e-09  3.30000000e+00  9.43000000e-09  3.30000000e+00 
 9.45000000e-09  3.70466026e+00  9.45000000e-09  3.70465970e+00  9.45000000e-09  4.90982977e-02  9.45000000e-09  4.91056276e-02  9.45000000e-09  3.30000000e+00  9.45000000e-09  3.30000000e+00 
 9.47000000e-09  3.70457396e+00  9.47000000e-09  3.70457340e+00  9.47000000e-09  4.86395461e-02  9.47000000e-09  4.86468009e-02  9.47000000e-09  3.30000000e+00  9.47000000e-09  3.30000000e+00 
 9.49000000e-09  3.70448791e+00  9.49000000e-09  3.70448736e+00  9.49000000e-09  4.81850559e-02  9.49000000e-09  4.81922364e-02  9.49000000e-09  3.30000000e+00  9.49000000e-09  3.30000000e+00 
 9.51000000e-09  3.70440211e+00  9.51000000e-09  3.70440156e+00  9.51000000e-09  4.77348039e-02  9.51000000e-09  4.77419111e-02  9.51000000e-09  3.30000000e+00  9.51000000e-09  3.30000000e+00 
 9.53000000e-09  3.70431656e+00  9.53000000e-09  3.70431601e+00  9.53000000e-09  4.72887349e-02  9.53000000e-09  4.72957696e-02  9.53000000e-09  3.30000000e+00  9.53000000e-09  3.30000000e+00 
 9.55000000e-09  3.70423125e+00  9.55000000e-09  3.70423071e+00  9.55000000e-09  4.68468263e-02  9.55000000e-09  4.68537895e-02  9.55000000e-09  3.30000000e+00  9.55000000e-09  3.30000000e+00 
 9.57000000e-09  3.70414619e+00  9.57000000e-09  3.70414565e+00  9.57000000e-09  4.64090238e-02  9.57000000e-09  4.64159162e-02  9.57000000e-09  3.30000000e+00  9.57000000e-09  3.30000000e+00 
 9.58500000e-09  3.70408256e+00  9.58500000e-09  3.70408201e+00  9.58500000e-09  4.60833569e-02  9.58500000e-09  4.60901968e-02  9.58500000e-09  3.30000000e+00  9.58500000e-09  3.30000000e+00 
 9.60000000e-09  3.70401906e+00  9.60000000e-09  3.70401852e+00  9.60000000e-09  4.57599589e-02  9.60000000e-09  4.57667467e-02  9.60000000e-09  3.30000000e+00  9.60000000e-09  3.30000000e+00 
 9.60200000e-09  3.69048399e+00  9.60200000e-09  3.69048350e+00  9.60200000e-09  4.56552823e-02  9.60200000e-09  4.56620052e-02  9.60200000e-09  3.30000000e+00  9.60200000e-09  3.23400000e+00 
 9.60600000e-09  3.65974006e+00  9.60600000e-09  3.65973967e+00  9.60600000e-09  4.54495801e-02  9.60600000e-09  4.54560981e-02  9.60600000e-09  3.30000000e+00  9.60600000e-09  3.10200000e+00 
 9.61400000e-09  3.58626151e+00  9.61400000e-09  3.58626125e+00  9.61400000e-09  4.50723885e-02  9.61400000e-09  4.50782113e-02  9.61400000e-09  3.30000000e+00  9.61400000e-09  2.83800000e+00 
 9.63000000e-09  3.39429142e+00  9.63000000e-09  3.39429136e+00  9.63000000e-09  4.43422473e-02  9.63000000e-09  4.43463755e-02  9.63000000e-09  3.30000000e+00  9.63000000e-09  2.31000000e+00 
 9.65000000e-09  3.18421783e+00  9.65000000e-09  3.18421806e+00  9.65000000e-09  4.35648711e-02  9.65000000e-09  4.35674581e-02  9.65000000e-09  3.30000000e+00  9.65000000e-09  1.65000000e+00 
 9.67000000e-09  3.12869564e+00  9.67000000e-09  3.12869589e+00  9.67000000e-09  4.30749214e-02  9.67000000e-09  4.30774642e-02  9.67000000e-09  3.30000000e+00  9.67000000e-09  9.90000000e-01 
 9.68500000e-09  3.14816109e+00  9.68500000e-09  3.14816126e+00  9.68500000e-09  4.27601360e-02  9.68500000e-09  4.27634151e-02  9.68500000e-09  3.30000000e+00  9.68500000e-09  4.95000000e-01 
 9.70000000e-09  3.17147529e+00  9.70000000e-09  3.17147537e+00  9.70000000e-09  4.24982867e-02  9.70000000e-09  4.25024583e-02  9.70000000e-09  3.30000000e+00  9.70000000e-09  0.00000000e+00 
 9.70200000e-09  3.19383790e+00  9.70200000e-09  3.19383797e+00  9.70200000e-09  4.25353401e-02  9.70200000e-09  4.25397045e-02  9.70200000e-09  3.30000000e+00  9.70200000e-09  0.00000000e+00 
 9.70600000e-09  3.23081656e+00  9.70600000e-09  3.23081661e+00  9.70600000e-09  4.25738150e-02  9.70600000e-09  4.25786138e-02  9.70600000e-09  3.30000000e+00  9.70600000e-09  0.00000000e+00 
 9.71400000e-09  3.27211026e+00  9.71400000e-09  3.27211029e+00  9.71400000e-09  4.25126610e-02  9.71400000e-09  4.25183481e-02  9.71400000e-09  3.30000000e+00  9.71400000e-09  0.00000000e+00 
 9.73000000e-09  3.29798040e+00  9.73000000e-09  3.29798041e+00  9.73000000e-09  4.22054233e-02  9.73000000e-09  4.22120994e-02  9.73000000e-09  3.30000000e+00  9.73000000e-09  0.00000000e+00 
 9.75000000e-09  3.30021629e+00  9.75000000e-09  3.30021629e+00  9.75000000e-09  4.17804666e-02  9.75000000e-09  4.17871959e-02  9.75000000e-09  3.30000000e+00  9.75000000e-09  0.00000000e+00 
 9.77000000e-09  3.30001297e+00  9.77000000e-09  3.30001297e+00  9.77000000e-09  4.13836338e-02  9.77000000e-09  4.13900508e-02  9.77000000e-09  3.30000000e+00  9.77000000e-09  0.00000000e+00 
 9.79000000e-09  3.30000360e+00  9.79000000e-09  3.30000360e+00  9.79000000e-09  4.09958490e-02  9.79000000e-09  4.10020372e-02  9.79000000e-09  3.30000000e+00  9.79000000e-09  0.00000000e+00 
 9.81000000e-09  3.30000048e+00  9.81000000e-09  3.30000048e+00  9.81000000e-09  4.06123621e-02  9.81000000e-09  4.06184062e-02  9.81000000e-09  3.30000000e+00  9.81000000e-09  0.00000000e+00 
 9.83000000e-09  3.30000008e+00  9.83000000e-09  3.30000008e+00  9.83000000e-09  4.02325551e-02  9.83000000e-09  4.02385006e-02  9.83000000e-09  3.30000000e+00  9.83000000e-09  0.00000000e+00 
 9.85000000e-09  3.30000002e+00  9.85000000e-09  3.30000002e+00  9.85000000e-09  3.98562980e-02  9.85000000e-09  3.98621670e-02  9.85000000e-09  3.30000000e+00  9.85000000e-09  0.00000000e+00 
 9.87000000e-09  3.29999999e+00  9.87000000e-09  3.29999999e+00  9.87000000e-09  3.94835475e-02  9.87000000e-09  3.94893504e-02  9.87000000e-09  3.30000000e+00  9.87000000e-09  0.00000000e+00 
 9.89000000e-09  3.30000001e+00  9.89000000e-09  3.30000001e+00  9.89000000e-09  3.91142709e-02  9.89000000e-09  3.91200129e-02  9.89000000e-09  3.30000000e+00  9.89000000e-09  0.00000000e+00 
 9.91000000e-09  3.29999999e+00  9.91000000e-09  3.29999999e+00  9.91000000e-09  3.87484368e-02  9.91000000e-09  3.87541207e-02  9.91000000e-09  3.30000000e+00  9.91000000e-09  0.00000000e+00 
 9.93000000e-09  3.30000001e+00  9.93000000e-09  3.30000001e+00  9.93000000e-09  3.83860140e-02  9.93000000e-09  3.83916412e-02  9.93000000e-09  3.30000000e+00  9.93000000e-09  0.00000000e+00 
 9.95000000e-09  3.29999999e+00  9.95000000e-09  3.29999999e+00  9.95000000e-09  3.80269709e-02  9.95000000e-09  3.80325426e-02  9.95000000e-09  3.30000000e+00  9.95000000e-09  0.00000000e+00 
 9.97000000e-09  3.30000001e+00  9.97000000e-09  3.30000001e+00  9.97000000e-09  3.76712765e-02  9.97000000e-09  3.76767934e-02  9.97000000e-09  3.30000000e+00  9.97000000e-09  0.00000000e+00 
 9.99000000e-09  3.29999999e+00  9.99000000e-09  3.29999999e+00  9.99000000e-09  3.73188997e-02  9.99000000e-09  3.73243625e-02  9.99000000e-09  3.30000000e+00  9.99000000e-09  0.00000000e+00 
 1.00100000e-08  3.30000001e+00  1.00100000e-08  3.30000001e+00  1.00100000e-08  3.69698098e-02  1.00100000e-08  3.69752192e-02  1.00100000e-08  3.30000000e+00  1.00100000e-08  0.00000000e+00 
 1.00300000e-08  3.29999999e+00  1.00300000e-08  3.29999999e+00  1.00300000e-08  3.66239764e-02  1.00300000e-08  3.66293330e-02  1.00300000e-08  3.30000000e+00  1.00300000e-08  0.00000000e+00 
 1.00500000e-08  3.30000001e+00  1.00500000e-08  3.30000001e+00  1.00500000e-08  3.62813693e-02  1.00500000e-08  3.62866736e-02  1.00500000e-08  3.30000000e+00  1.00500000e-08  0.00000000e+00 
 1.00700000e-08  3.29999999e+00  1.00700000e-08  3.29999999e+00  1.00700000e-08  3.59419585e-02  1.00700000e-08  3.59472113e-02  1.00700000e-08  3.30000000e+00  1.00700000e-08  0.00000000e+00 
 1.00850000e-08  3.30000001e+00  1.00850000e-08  3.30000001e+00  1.00850000e-08  3.56894810e-02  1.00850000e-08  3.56946955e-02  1.00850000e-08  3.30000000e+00  1.00850000e-08  0.00000000e+00 
 1.01000000e-08  3.29999999e+00  1.01000000e-08  3.29999999e+00  1.01000000e-08  3.54387724e-02  1.01000000e-08  3.54439489e-02  1.01000000e-08  3.30000000e+00  1.01000000e-08  0.00000000e+00 
 1.01020000e-08  3.29999999e+00  1.01020000e-08  3.29999999e+00  1.01020000e-08  3.54007058e-02  1.01020000e-08  3.54063419e-02  1.01020000e-08  3.23400000e+00  1.01020000e-08  0.00000000e+00 
 1.01060000e-08  3.29999979e+00  1.01060000e-08  3.29999979e+00  1.01060000e-08  3.52021467e-02  1.01060000e-08  3.52093033e-02  1.01060000e-08  3.10200000e+00  1.01060000e-08  0.00000000e+00 
 1.01140000e-08  3.29999900e+00  1.01140000e-08  3.29999900e+00  1.01140000e-08  3.42291809e-02  1.01140000e-08  3.42411782e-02  1.01140000e-08  2.83800000e+00  1.01140000e-08  0.00000000e+00 
 1.01300000e-08  3.29999820e+00  1.01300000e-08  3.29999821e+00  1.01300000e-08  3.08611254e-02  1.01300000e-08  3.08809430e-02  1.01300000e-08  2.31000000e+00  1.01300000e-08  0.00000000e+00 
 1.01500000e-08  3.30000250e+00  1.01500000e-08  3.30000250e+00  1.01500000e-08  3.14054621e-02  1.01500000e-08  3.14406736e-02  1.01500000e-08  1.65000000e+00  1.01500000e-08  0.00000000e+00 
 1.01700000e-08  3.30000644e+00  1.01700000e-08  3.30000646e+00  1.01700000e-08  4.13322899e-02  1.01700000e-08  4.14113650e-02  1.01700000e-08  9.90000000e-01  1.01700000e-08  0.00000000e+00 
 1.01850000e-08  3.30000692e+00  1.01850000e-08  3.30000695e+00  1.01850000e-08  5.52139701e-02  1.01850000e-08  5.53470273e-02  1.01850000e-08  4.95000000e-01  1.01850000e-08  0.00000000e+00 
 1.02000000e-08  3.30000785e+00  1.02000000e-08  3.30000787e+00  1.02000000e-08  7.55217286e-02  1.02000000e-08  7.57225857e-02  1.02000000e-08  0.00000000e+00  1.02000000e-08  0.00000000e+00 
 1.02020000e-08  3.30000843e+00  1.02020000e-08  3.30000845e+00  1.02020000e-08  7.90582633e-02  1.02020000e-08  7.92698585e-02  1.02020000e-08  0.00000000e+00  1.02020000e-08  0.00000000e+00 
 1.02060000e-08  3.30000835e+00  1.02060000e-08  3.30000837e+00  1.02060000e-08  8.58690959e-02  1.02060000e-08  8.61027117e-02  1.02060000e-08  0.00000000e+00  1.02060000e-08  0.00000000e+00 
 1.02140000e-08  3.30000497e+00  1.02140000e-08  3.30000498e+00  1.02140000e-08  9.83969625e-02  1.02140000e-08  9.86747463e-02  1.02140000e-08  0.00000000e+00  1.02140000e-08  0.00000000e+00 
 1.02300000e-08  3.30000001e+00  1.02300000e-08  3.30000002e+00  1.02300000e-08  1.21702405e-01  1.02300000e-08  1.22058103e-01  1.02300000e-08  0.00000000e+00  1.02300000e-08  0.00000000e+00 
 1.02500000e-08  3.29999955e+00  1.02500000e-08  3.29999954e+00  1.02500000e-08  1.50089805e-01  1.02500000e-08  1.50522127e-01  1.02500000e-08  0.00000000e+00  1.02500000e-08  0.00000000e+00 
 1.02700000e-08  3.30000016e+00  1.02700000e-08  3.30000015e+00  1.02700000e-08  1.78625963e-01  1.02700000e-08  1.79122148e-01  1.02700000e-08  0.00000000e+00  1.02700000e-08  0.00000000e+00 
 1.02900000e-08  3.30000030e+00  1.02900000e-08  3.30000030e+00  1.02900000e-08  2.07391173e-01  1.02900000e-08  2.07949122e-01  1.02900000e-08  0.00000000e+00  1.02900000e-08  0.00000000e+00 
 1.03100000e-08  3.30000038e+00  1.03100000e-08  3.30000038e+00  1.03100000e-08  2.36396367e-01  1.03100000e-08  2.37020066e-01  1.03100000e-08  0.00000000e+00  1.03100000e-08  0.00000000e+00 
 1.03300000e-08  3.30000045e+00  1.03300000e-08  3.30000046e+00  1.03300000e-08  2.65659972e-01  1.03300000e-08  2.66357450e-01  1.03300000e-08  0.00000000e+00  1.03300000e-08  0.00000000e+00 
 1.03500000e-08  3.30000056e+00  1.03500000e-08  3.30000057e+00  1.03500000e-08  2.95206901e-01  1.03500000e-08  2.95989649e-01  1.03500000e-08  0.00000000e+00  1.03500000e-08  0.00000000e+00 
 1.03700000e-08  3.30000070e+00  1.03700000e-08  3.30000072e+00  1.03700000e-08  3.25070183e-01  1.03700000e-08  3.25953412e-01  1.03700000e-08  0.00000000e+00  1.03700000e-08  0.00000000e+00 
 1.03900000e-08  3.30000088e+00  1.03900000e-08  3.30000091e+00  1.03900000e-08  3.55293737e-01  1.03900000e-08  3.56297278e-01  1.03900000e-08  0.00000000e+00  1.03900000e-08  0.00000000e+00 
 1.04100000e-08  3.30000112e+00  1.04100000e-08  3.30000117e+00  1.04100000e-08  3.85936707e-01  1.04100000e-08  3.87086627e-01  1.04100000e-08  0.00000000e+00  1.04100000e-08  0.00000000e+00 
 1.04300000e-08  3.30000144e+00  1.04300000e-08  3.30000150e+00  1.04300000e-08  4.17080411e-01  1.04300000e-08  4.18411705e-01  1.04300000e-08  0.00000000e+00  1.04300000e-08  0.00000000e+00 
 1.04500000e-08  3.30000183e+00  1.04500000e-08  3.30000192e+00  1.04500000e-08  4.48839772e-01  1.04500000e-08  4.50400921e-01  1.04500000e-08  0.00000000e+00  1.04500000e-08  0.00000000e+00 
 1.04700000e-08  3.30000231e+00  1.04700000e-08  3.30000246e+00  1.04700000e-08  4.81383221e-01  1.04700000e-08  4.83244346e-01  1.04700000e-08  0.00000000e+00  1.04700000e-08  0.00000000e+00 
 1.04900000e-08  3.30000289e+00  1.04900000e-08  3.30000312e+00  1.04900000e-08  5.14969431e-01  1.04900000e-08  5.17238044e-01  1.04900000e-08  0.00000000e+00  1.04900000e-08  0.00000000e+00 
 1.05100000e-08  3.30000359e+00  1.05100000e-08  3.30000398e+00  1.05100000e-08  5.50020611e-01  1.05100000e-08  5.52874896e-01  1.05100000e-08  0.00000000e+00  1.05100000e-08  0.00000000e+00 
 1.05300000e-08  3.30000453e+00  1.05300000e-08  3.30000525e+00  1.05300000e-08  5.87290226e-01  1.05300000e-08  5.91059503e-01  1.05300000e-08  0.00000000e+00  1.05300000e-08  0.00000000e+00 
 1.05500000e-08  3.30000608e+00  1.05500000e-08  3.30000762e+00  1.05500000e-08  6.28242660e-01  1.05500000e-08  6.33599578e-01  1.05500000e-08  0.00000000e+00  1.05500000e-08  0.00000000e+00 
 1.05700000e-08  3.30000932e+00  1.05700000e-08  3.30001280e+00  1.05700000e-08  6.75970642e-01  1.05700000e-08  6.84285972e-01  1.05700000e-08  0.00000000e+00  1.05700000e-08  0.00000000e+00 
 1.05900000e-08  3.30001603e+00  1.05900000e-08  3.30002177e+00  1.05900000e-08  7.36445326e-01  1.05900000e-08  7.49470746e-01  1.05900000e-08  0.00000000e+00  1.05900000e-08  0.00000000e+00 
 1.06100000e-08  3.30002246e+00  1.06100000e-08  3.30002499e+00  1.06100000e-08  8.16032419e-01  1.06100000e-08  8.34004288e-01  1.06100000e-08  0.00000000e+00  1.06100000e-08  0.00000000e+00 
 1.06300000e-08  3.30001502e+00  1.06300000e-08  3.30000977e+00  1.06300000e-08  9.15198145e-01  1.06300000e-08  9.37349906e-01  1.06300000e-08  0.00000000e+00  1.06300000e-08  0.00000000e+00 
 1.06500000e-08  3.29999368e+00  1.06500000e-08  3.29998063e+00  1.06500000e-08  1.03014085e+00  1.06500000e-08  1.05569079e+00  1.06500000e-08  0.00000000e+00  1.06500000e-08  0.00000000e+00 
 1.06700000e-08  3.29997003e+00  1.06700000e-08  3.29995116e+00  1.06700000e-08  1.15684259e+00  1.06700000e-08  1.18529876e+00  1.06700000e-08  0.00000000e+00  1.06700000e-08  0.00000000e+00 
 1.06900000e-08  3.29995163e+00  1.06900000e-08  3.29993075e+00  1.06900000e-08  1.29245792e+00  1.06900000e-08  1.32345826e+00  1.06900000e-08  0.00000000e+00  1.06900000e-08  0.00000000e+00 
 1.07100000e-08  3.29994252e+00  1.07100000e-08  3.29992198e+00  1.07100000e-08  1.43473205e+00  1.07100000e-08  1.46794286e+00  1.07100000e-08  0.00000000e+00  1.07100000e-08  0.00000000e+00 
 1.07300000e-08  3.29993958e+00  1.07300000e-08  3.29991809e+00  1.07300000e-08  1.58162846e+00  1.07300000e-08  1.61673545e+00  1.07300000e-08  0.00000000e+00  1.07300000e-08  0.00000000e+00 
 1.07500000e-08  3.29994111e+00  1.07500000e-08  3.29992223e+00  1.07500000e-08  1.73128654e+00  1.07500000e-08  1.76797943e+00  1.07500000e-08  0.00000000e+00  1.07500000e-08  0.00000000e+00 
 1.07700000e-08  3.29994703e+00  1.07700000e-08  3.29992999e+00  1.07700000e-08  1.88159201e+00  1.07700000e-08  1.91932493e+00  1.07700000e-08  0.00000000e+00  1.07700000e-08  0.00000000e+00 
 1.07900000e-08  3.29995398e+00  1.07900000e-08  3.29993981e+00  1.07900000e-08  2.02965361e+00  1.07900000e-08  2.06773035e+00  1.07900000e-08  0.00000000e+00  1.07900000e-08  0.00000000e+00 
 1.08100000e-08  3.29996206e+00  1.08100000e-08  3.29995246e+00  1.08100000e-08  2.17259462e+00  1.08100000e-08  2.21038594e+00  1.08100000e-08  0.00000000e+00  1.08100000e-08  0.00000000e+00 
 1.08300000e-08  3.29997145e+00  1.08300000e-08  3.29996674e+00  1.08300000e-08  2.30808909e+00  1.08300000e-08  2.34506214e+00  1.08300000e-08  0.00000000e+00  1.08300000e-08  0.00000000e+00 
 1.08500000e-08  3.29998118e+00  1.08500000e-08  3.29998095e+00  1.08500000e-08  2.43438367e+00  1.08500000e-08  2.47009636e+00  1.08500000e-08  0.00000000e+00  1.08500000e-08  0.00000000e+00 
 1.08700000e-08  3.29999033e+00  1.08700000e-08  3.29999394e+00  1.08700000e-08  2.55027064e+00  1.08700000e-08  2.58437177e+00  1.08700000e-08  0.00000000e+00  1.08700000e-08  0.00000000e+00 
 1.08900000e-08  3.29999834e+00  1.08900000e-08  3.30000523e+00  1.08900000e-08  2.65506537e+00  1.08900000e-08  2.68729550e+00  1.08900000e-08  0.00000000e+00  1.08900000e-08  0.00000000e+00 
 1.09100000e-08  3.30000518e+00  1.09100000e-08  3.30001427e+00  1.09100000e-08  2.74856104e+00  1.09100000e-08  2.77874923e+00  1.09100000e-08  0.00000000e+00  1.09100000e-08  0.00000000e+00 
 1.09300000e-08  3.30001041e+00  1.09300000e-08  3.30002086e+00  1.09300000e-08  2.83095661e+00  1.09300000e-08  2.85901271e+00  1.09300000e-08  0.00000000e+00  1.09300000e-08  0.00000000e+00 
 1.09500000e-08  3.30001422e+00  1.09500000e-08  3.30002541e+00  1.09500000e-08  2.90277175e+00  1.09500000e-08  2.92867513e+00  1.09500000e-08  0.00000000e+00  1.09500000e-08  0.00000000e+00 
 1.09700000e-08  3.30001681e+00  1.09700000e-08  3.30002816e+00  1.09700000e-08  2.96475482e+00  1.09700000e-08  2.98854128e+00  1.09700000e-08  0.00000000e+00  1.09700000e-08  0.00000000e+00 
 1.09900000e-08  3.30001835e+00  1.09900000e-08  3.30002942e+00  1.09900000e-08  3.01779569e+00  1.09900000e-08  3.03954382e+00  1.09900000e-08  0.00000000e+00  1.09900000e-08  0.00000000e+00 
 1.10100000e-08  3.30001906e+00  1.10100000e-08  3.30002953e+00  1.10100000e-08  3.06285039e+00  1.10100000e-08  3.08266892e+00  1.10100000e-08  0.00000000e+00  1.10100000e-08  0.00000000e+00 
 1.10300000e-08  3.30001911e+00  1.10300000e-08  3.30002878e+00  1.10300000e-08  3.10088160e+00  1.10300000e-08  3.11889815e+00  1.10300000e-08  0.00000000e+00  1.10300000e-08  0.00000000e+00 
 1.10500000e-08  3.30001870e+00  1.10500000e-08  3.30002747e+00  1.10500000e-08  3.13281524e+00  1.10500000e-08  3.14916735e+00  1.10500000e-08  0.00000000e+00  1.10500000e-08  0.00000000e+00 
 1.10700000e-08  3.30001796e+00  1.10700000e-08  3.30002579e+00  1.10700000e-08  3.15951222e+00  1.10700000e-08  3.17434025e+00  1.10700000e-08  0.00000000e+00  1.10700000e-08  0.00000000e+00 
 1.10900000e-08  3.30001701e+00  1.10900000e-08  3.30002392e+00  1.10900000e-08  3.18175231e+00  1.10900000e-08  3.19519451e+00  1.10900000e-08  0.00000000e+00  1.10900000e-08  0.00000000e+00 
 1.11100000e-08  3.30001594e+00  1.11100000e-08  3.30002198e+00  1.11100000e-08  3.20022766e+00  1.11100000e-08  3.21241661e+00  1.11100000e-08  0.00000000e+00  1.11100000e-08  0.00000000e+00 
 1.11300000e-08  3.30001481e+00  1.11300000e-08  3.30002004e+00  1.11300000e-08  3.21554273e+00  1.11300000e-08  3.22660329e+00  1.11300000e-08  0.00000000e+00  1.11300000e-08  0.00000000e+00 
 1.11500000e-08  3.30001366e+00  1.11500000e-08  3.30001817e+00  1.11500000e-08  3.22821871e+00  1.11500000e-08  3.23826670e+00  1.11500000e-08  0.00000000e+00  1.11500000e-08  0.00000000e+00 
 1.11700000e-08  3.30001254e+00  1.11700000e-08  3.30001640e+00  1.11700000e-08  3.23870023e+00  1.11700000e-08  3.24784204e+00  1.11700000e-08  0.00000000e+00  1.11700000e-08  0.00000000e+00 
 1.11900000e-08  3.30001145e+00  1.11900000e-08  3.30001475e+00  1.11900000e-08  3.24736352e+00  1.11900000e-08  3.25569591e+00  1.11900000e-08  0.00000000e+00  1.11900000e-08  0.00000000e+00 
 1.12100000e-08  3.30001042e+00  1.12100000e-08  3.30001323e+00  1.12100000e-08  3.25452461e+00  1.12100000e-08  3.26213510e+00  1.12100000e-08  0.00000000e+00  1.12100000e-08  0.00000000e+00 
 1.12300000e-08  3.30000946e+00  1.12300000e-08  3.30001184e+00  1.12300000e-08  3.26044756e+00  1.12300000e-08  3.26741483e+00  1.12300000e-08  0.00000000e+00  1.12300000e-08  0.00000000e+00 
 1.12500000e-08  3.30000857e+00  1.12500000e-08  3.30001059e+00  1.12500000e-08  3.26535189e+00  1.12500000e-08  3.27174638e+00  1.12500000e-08  0.00000000e+00  1.12500000e-08  0.00000000e+00 
 1.12700000e-08  3.30000774e+00  1.12700000e-08  3.30000945e+00  1.12700000e-08  3.26941944e+00  1.12700000e-08  3.27530397e+00  1.12700000e-08  0.00000000e+00  1.12700000e-08  0.00000000e+00 
 1.12900000e-08  3.30000699e+00  1.12900000e-08  3.30000844e+00  1.12900000e-08  3.27280030e+00  1.12900000e-08  3.27823077e+00  1.12900000e-08  0.00000000e+00  1.12900000e-08  0.00000000e+00 
 1.13100000e-08  3.30000631e+00  1.13100000e-08  3.30000753e+00  1.13100000e-08  3.27561808e+00  1.13100000e-08  3.28064404e+00  1.13100000e-08  0.00000000e+00  1.13100000e-08  0.00000000e+00 
 1.13300000e-08  3.30000569e+00  1.13300000e-08  3.30000673e+00  1.13300000e-08  3.27797428e+00  1.13300000e-08  3.28263964e+00  1.13300000e-08  0.00000000e+00  1.13300000e-08  0.00000000e+00 
 1.13500000e-08  3.30000513e+00  1.13500000e-08  3.30000601e+00  1.13500000e-08  3.27995217e+00  1.13500000e-08  3.28429570e+00  1.13500000e-08  0.00000000e+00  1.13500000e-08  0.00000000e+00 
 1.13700000e-08  3.30000463e+00  1.13700000e-08  3.30000538e+00  1.13700000e-08  3.28161988e+00  1.13700000e-08  3.28567584e+00  1.13700000e-08  0.00000000e+00  1.13700000e-08  0.00000000e+00 
 1.13900000e-08  3.30000418e+00  1.13900000e-08  3.30000481e+00  1.13900000e-08  3.28303316e+00  1.13900000e-08  3.28683172e+00  1.13900000e-08  0.00000000e+00  1.13900000e-08  0.00000000e+00 
 1.14100000e-08  3.30000377e+00  1.14100000e-08  3.30000431e+00  1.14100000e-08  3.28423751e+00  1.14100000e-08  3.28780530e+00  1.14100000e-08  0.00000000e+00  1.14100000e-08  0.00000000e+00 
 1.14300000e-08  3.30000341e+00  1.14300000e-08  3.30000387e+00  1.14300000e-08  3.28527010e+00  1.14300000e-08  3.28863054e+00  1.14300000e-08  0.00000000e+00  1.14300000e-08  0.00000000e+00 
 1.14500000e-08  3.30000309e+00  1.14500000e-08  3.30000348e+00  1.14500000e-08  3.28616121e+00  1.14500000e-08  3.28933496e+00  1.14500000e-08  0.00000000e+00  1.14500000e-08  0.00000000e+00 
 1.14700000e-08  3.30000280e+00  1.14700000e-08  3.30000314e+00  1.14700000e-08  3.28693558e+00  1.14700000e-08  3.28994080e+00  1.14700000e-08  0.00000000e+00  1.14700000e-08  0.00000000e+00 
 1.14900000e-08  3.30000254e+00  1.14900000e-08  3.30000283e+00  1.14900000e-08  3.28761333e+00  1.14900000e-08  3.29046607e+00  1.14900000e-08  0.00000000e+00  1.14900000e-08  0.00000000e+00 
 1.15100000e-08  3.30000230e+00  1.15100000e-08  3.30000256e+00  1.15100000e-08  3.28821092e+00  1.15100000e-08  3.29092529e+00  1.15100000e-08  0.00000000e+00  1.15100000e-08  0.00000000e+00 
 1.15300000e-08  3.30000210e+00  1.15300000e-08  3.30000232e+00  1.15300000e-08  3.28874173e+00  1.15300000e-08  3.29133022e+00  1.15300000e-08  0.00000000e+00  1.15300000e-08  0.00000000e+00 
 1.15500000e-08  3.30000191e+00  1.15500000e-08  3.30000210e+00  1.15500000e-08  3.28921671e+00  1.15500000e-08  3.29169031e+00  1.15500000e-08  0.00000000e+00  1.15500000e-08  0.00000000e+00 
 1.15700000e-08  3.30000174e+00  1.15700000e-08  3.30000191e+00  1.15700000e-08  3.28964476e+00  1.15700000e-08  3.29201326e+00  1.15700000e-08  0.00000000e+00  1.15700000e-08  0.00000000e+00 
 1.15900000e-08  3.30000159e+00  1.15900000e-08  3.30000174e+00  1.15900000e-08  3.29003322e+00  1.15900000e-08  3.29230524e+00  1.15900000e-08  0.00000000e+00  1.15900000e-08  0.00000000e+00 
 1.16100000e-08  3.30000146e+00  1.16100000e-08  3.30000159e+00  1.16100000e-08  3.29038804e+00  1.16100000e-08  3.29257127e+00  1.16100000e-08  0.00000000e+00  1.16100000e-08  0.00000000e+00 
 1.16300000e-08  3.30000134e+00  1.16300000e-08  3.30000145e+00  1.16300000e-08  3.29071415e+00  1.16300000e-08  3.29281539e+00  1.16300000e-08  0.00000000e+00  1.16300000e-08  0.00000000e+00 
 1.16500000e-08  3.30000123e+00  1.16500000e-08  3.30000133e+00  1.16500000e-08  3.29101554e+00  1.16500000e-08  3.29304091e+00  1.16500000e-08  0.00000000e+00  1.16500000e-08  0.00000000e+00 
 1.16700000e-08  3.30000113e+00  1.16700000e-08  3.30000122e+00  1.16700000e-08  3.29129557e+00  1.16700000e-08  3.29325050e+00  1.16700000e-08  0.00000000e+00  1.16700000e-08  0.00000000e+00 
 1.16900000e-08  3.30000105e+00  1.16900000e-08  3.30000113e+00  1.16900000e-08  3.29155696e+00  1.16900000e-08  3.29344634e+00  1.16900000e-08  0.00000000e+00  1.16900000e-08  0.00000000e+00 
 1.17100000e-08  3.30000097e+00  1.17100000e-08  3.30000104e+00  1.17100000e-08  3.29180200e+00  1.17100000e-08  3.29363019e+00  1.17100000e-08  0.00000000e+00  1.17100000e-08  0.00000000e+00 
 1.17300000e-08  3.30000089e+00  1.17300000e-08  3.30000096e+00  1.17300000e-08  3.29203257e+00  1.17300000e-08  3.29380354e+00  1.17300000e-08  0.00000000e+00  1.17300000e-08  0.00000000e+00 
 1.17500000e-08  3.30000083e+00  1.17500000e-08  3.30000089e+00  1.17500000e-08  3.29225027e+00  1.17500000e-08  3.29396756e+00  1.17500000e-08  0.00000000e+00  1.17500000e-08  0.00000000e+00 
 1.17700000e-08  3.30000077e+00  1.17700000e-08  3.30000082e+00  1.17700000e-08  3.29245641e+00  1.17700000e-08  3.29412327e+00  1.17700000e-08  0.00000000e+00  1.17700000e-08  0.00000000e+00 
 1.17900000e-08  3.30000072e+00  1.17900000e-08  3.30000076e+00  1.17900000e-08  3.29265213e+00  1.17900000e-08  3.29427148e+00  1.17900000e-08  0.00000000e+00  1.17900000e-08  0.00000000e+00 
 1.18100000e-08  3.30000067e+00  1.18100000e-08  3.30000071e+00  1.18100000e-08  3.29283838e+00  1.18100000e-08  3.29441289e+00  1.18100000e-08  0.00000000e+00  1.18100000e-08  0.00000000e+00 
 1.18300000e-08  3.30000062e+00  1.18300000e-08  3.30000066e+00  1.18300000e-08  3.29301598e+00  1.18300000e-08  3.29454809e+00  1.18300000e-08  0.00000000e+00  1.18300000e-08  0.00000000e+00 
 1.18500000e-08  3.30000058e+00  1.18500000e-08  3.30000062e+00  1.18500000e-08  3.29318563e+00  1.18500000e-08  3.29467757e+00  1.18500000e-08  0.00000000e+00  1.18500000e-08  0.00000000e+00 
 1.18700000e-08  3.30000054e+00  1.18700000e-08  3.30000058e+00  1.18700000e-08  3.29334795e+00  1.18700000e-08  3.29480176e+00  1.18700000e-08  0.00000000e+00  1.18700000e-08  0.00000000e+00 
 1.18900000e-08  3.30000051e+00  1.18900000e-08  3.30000054e+00  1.18900000e-08  3.29350346e+00  1.18900000e-08  3.29492104e+00  1.18900000e-08  0.00000000e+00  1.18900000e-08  0.00000000e+00 
 1.19100000e-08  3.30000048e+00  1.19100000e-08  3.30000051e+00  1.19100000e-08  3.29365263e+00  1.19100000e-08  3.29503571e+00  1.19100000e-08  0.00000000e+00  1.19100000e-08  0.00000000e+00 
 1.19300000e-08  3.30000045e+00  1.19300000e-08  3.30000048e+00  1.19300000e-08  3.29379587e+00  1.19300000e-08  3.29514608e+00  1.19300000e-08  0.00000000e+00  1.19300000e-08  0.00000000e+00 
 1.19500000e-08  3.30000042e+00  1.19500000e-08  3.30000045e+00  1.19500000e-08  3.29393356e+00  1.19500000e-08  3.29525238e+00  1.19500000e-08  0.00000000e+00  1.19500000e-08  0.00000000e+00 
 1.19700000e-08  3.30000040e+00  1.19700000e-08  3.30000042e+00  1.19700000e-08  3.29406602e+00  1.19700000e-08  3.29535485e+00  1.19700000e-08  0.00000000e+00  1.19700000e-08  0.00000000e+00 
 1.19900000e-08  3.30000038e+00  1.19900000e-08  3.30000040e+00  1.19900000e-08  3.29419356e+00  1.19900000e-08  3.29545367e+00  1.19900000e-08  0.00000000e+00  1.19900000e-08  0.00000000e+00 
 1.20100000e-08  3.30000036e+00  1.20100000e-08  3.30000037e+00  1.20100000e-08  3.29431644e+00  1.20100000e-08  3.29554906e+00  1.20100000e-08  0.00000000e+00  1.20100000e-08  0.00000000e+00 
 1.20300000e-08  3.30000034e+00  1.20300000e-08  3.30000035e+00  1.20300000e-08  3.29443492e+00  1.20300000e-08  3.29564116e+00  1.20300000e-08  0.00000000e+00  1.20300000e-08  0.00000000e+00 
 1.20500000e-08  3.30000032e+00  1.20500000e-08  3.30000033e+00  1.20500000e-08  3.29454921e+00  1.20500000e-08  3.29573015e+00  1.20500000e-08  0.00000000e+00  1.20500000e-08  0.00000000e+00 
 1.20700000e-08  3.30000030e+00  1.20700000e-08  3.30000032e+00  1.20700000e-08  3.29465954e+00  1.20700000e-08  3.29581615e+00  1.20700000e-08  0.00000000e+00  1.20700000e-08  0.00000000e+00 
 1.20900000e-08  3.30000029e+00  1.20900000e-08  3.30000030e+00  1.20900000e-08  3.29476608e+00  1.20900000e-08  3.29589931e+00  1.20900000e-08  0.00000000e+00  1.20900000e-08  0.00000000e+00 
 1.21100000e-08  3.30000027e+00  1.21100000e-08  3.30000028e+00  1.21100000e-08  3.29486904e+00  1.21100000e-08  3.29597976e+00  1.21100000e-08  0.00000000e+00  1.21100000e-08  0.00000000e+00 
 1.21300000e-08  3.30000026e+00  1.21300000e-08  3.30000027e+00  1.21300000e-08  3.29496856e+00  1.21300000e-08  3.29605761e+00  1.21300000e-08  0.00000000e+00  1.21300000e-08  0.00000000e+00 
 1.21500000e-08  3.30000025e+00  1.21500000e-08  3.30000026e+00  1.21500000e-08  3.29506482e+00  1.21500000e-08  3.29613297e+00  1.21500000e-08  0.00000000e+00  1.21500000e-08  0.00000000e+00 
 1.21700000e-08  3.30000023e+00  1.21700000e-08  3.30000024e+00  1.21700000e-08  3.29515795e+00  1.21700000e-08  3.29620595e+00  1.21700000e-08  0.00000000e+00  1.21700000e-08  0.00000000e+00 
 1.21900000e-08  3.30000022e+00  1.21900000e-08  3.30000023e+00  1.21900000e-08  3.29524810e+00  1.21900000e-08  3.29627664e+00  1.21900000e-08  0.00000000e+00  1.21900000e-08  0.00000000e+00 
 1.22100000e-08  3.30000021e+00  1.22100000e-08  3.30000022e+00  1.22100000e-08  3.29533538e+00  1.22100000e-08  3.29634515e+00  1.22100000e-08  0.00000000e+00  1.22100000e-08  0.00000000e+00 
 1.22300000e-08  3.30000020e+00  1.22300000e-08  3.30000021e+00  1.22300000e-08  3.29541995e+00  1.22300000e-08  3.29641156e+00  1.22300000e-08  0.00000000e+00  1.22300000e-08  0.00000000e+00 
 1.22500000e-08  3.30000019e+00  1.22500000e-08  3.30000020e+00  1.22500000e-08  3.29550189e+00  1.22500000e-08  3.29647595e+00  1.22500000e-08  0.00000000e+00  1.22500000e-08  0.00000000e+00 
 1.22700000e-08  3.30000018e+00  1.22700000e-08  3.30000019e+00  1.22700000e-08  3.29558133e+00  1.22700000e-08  3.29653841e+00  1.22700000e-08  0.00000000e+00  1.22700000e-08  0.00000000e+00 
 1.22900000e-08  3.30000018e+00  1.22900000e-08  3.30000018e+00  1.22900000e-08  3.29565836e+00  1.22900000e-08  3.29659901e+00  1.22900000e-08  0.00000000e+00  1.22900000e-08  0.00000000e+00 
 1.23100000e-08  3.30000017e+00  1.23100000e-08  3.30000018e+00  1.23100000e-08  3.29573310e+00  1.23100000e-08  3.29665782e+00  1.23100000e-08  0.00000000e+00  1.23100000e-08  0.00000000e+00 
 1.23300000e-08  3.30000016e+00  1.23300000e-08  3.30000017e+00  1.23300000e-08  3.29580562e+00  1.23300000e-08  3.29671492e+00  1.23300000e-08  0.00000000e+00  1.23300000e-08  0.00000000e+00 
 1.23500000e-08  3.30000016e+00  1.23500000e-08  3.30000016e+00  1.23500000e-08  3.29587603e+00  1.23500000e-08  3.29677036e+00  1.23500000e-08  0.00000000e+00  1.23500000e-08  0.00000000e+00 
 1.23700000e-08  3.30000015e+00  1.23700000e-08  3.30000016e+00  1.23700000e-08  3.29594439e+00  1.23700000e-08  3.29682423e+00  1.23700000e-08  0.00000000e+00  1.23700000e-08  0.00000000e+00 
 1.23900000e-08  3.30000014e+00  1.23900000e-08  3.30000015e+00  1.23900000e-08  3.29601080e+00  1.23900000e-08  3.29687656e+00  1.23900000e-08  0.00000000e+00  1.23900000e-08  0.00000000e+00 
 1.24100000e-08  3.30000014e+00  1.24100000e-08  3.30000014e+00  1.24100000e-08  3.29607533e+00  1.24100000e-08  3.29692743e+00  1.24100000e-08  0.00000000e+00  1.24100000e-08  0.00000000e+00 
 1.24300000e-08  3.30000013e+00  1.24300000e-08  3.30000014e+00  1.24300000e-08  3.29613805e+00  1.24300000e-08  3.29697688e+00  1.24300000e-08  0.00000000e+00  1.24300000e-08  0.00000000e+00 
 1.24500000e-08  3.30000013e+00  1.24500000e-08  3.30000013e+00  1.24500000e-08  3.29619903e+00  1.24500000e-08  3.29702498e+00  1.24500000e-08  0.00000000e+00  1.24500000e-08  0.00000000e+00 
 1.24700000e-08  3.30000012e+00  1.24700000e-08  3.30000013e+00  1.24700000e-08  3.29625834e+00  1.24700000e-08  3.29707176e+00  1.24700000e-08  0.00000000e+00  1.24700000e-08  0.00000000e+00 
 1.24900000e-08  3.30000012e+00  1.24900000e-08  3.30000012e+00  1.24900000e-08  3.29631604e+00  1.24900000e-08  3.29711728e+00  1.24900000e-08  0.00000000e+00  1.24900000e-08  0.00000000e+00 
 1.25100000e-08  3.30000011e+00  1.25100000e-08  3.30000012e+00  1.25100000e-08  3.29637219e+00  1.25100000e-08  3.29716159e+00  1.25100000e-08  0.00000000e+00  1.25100000e-08  0.00000000e+00 
 1.25300000e-08  3.30000011e+00  1.25300000e-08  3.30000011e+00  1.25300000e-08  3.29642684e+00  1.25300000e-08  3.29720472e+00  1.25300000e-08  0.00000000e+00  1.25300000e-08  0.00000000e+00 
 1.25500000e-08  3.30000011e+00  1.25500000e-08  3.30000011e+00  1.25500000e-08  3.29648006e+00  1.25500000e-08  3.29724672e+00  1.25500000e-08  0.00000000e+00  1.25500000e-08  0.00000000e+00 
 1.25700000e-08  3.30000010e+00  1.25700000e-08  3.30000011e+00  1.25700000e-08  3.29653188e+00  1.25700000e-08  3.29728763e+00  1.25700000e-08  0.00000000e+00  1.25700000e-08  0.00000000e+00 
 1.25900000e-08  3.30000010e+00  1.25900000e-08  3.30000010e+00  1.25900000e-08  3.29658238e+00  1.25900000e-08  3.29732749e+00  1.25900000e-08  0.00000000e+00  1.25900000e-08  0.00000000e+00 
 1.26100000e-08  3.30000009e+00  1.26100000e-08  3.30000010e+00  1.26100000e-08  3.29663158e+00  1.26100000e-08  3.29736633e+00  1.26100000e-08  0.00000000e+00  1.26100000e-08  0.00000000e+00 
 1.26300000e-08  3.30000009e+00  1.26300000e-08  3.30000009e+00  1.26300000e-08  3.29667954e+00  1.26300000e-08  3.29740419e+00  1.26300000e-08  0.00000000e+00  1.26300000e-08  0.00000000e+00 
 1.26500000e-08  3.30000009e+00  1.26500000e-08  3.30000009e+00  1.26500000e-08  3.29672630e+00  1.26500000e-08  3.29744111e+00  1.26500000e-08  0.00000000e+00  1.26500000e-08  0.00000000e+00 
 1.26700000e-08  3.30000009e+00  1.26700000e-08  3.30000009e+00  1.26700000e-08  3.29677190e+00  1.26700000e-08  3.29747711e+00  1.26700000e-08  0.00000000e+00  1.26700000e-08  0.00000000e+00 
 1.26900000e-08  3.30000008e+00  1.26900000e-08  3.30000009e+00  1.26900000e-08  3.29681638e+00  1.26900000e-08  3.29751224e+00  1.26900000e-08  0.00000000e+00  1.26900000e-08  0.00000000e+00 
 1.27100000e-08  3.30000008e+00  1.27100000e-08  3.30000008e+00  1.27100000e-08  3.29685978e+00  1.27100000e-08  3.29754650e+00  1.27100000e-08  0.00000000e+00  1.27100000e-08  0.00000000e+00 
 1.27300000e-08  3.30000008e+00  1.27300000e-08  3.30000008e+00  1.27300000e-08  3.29690213e+00  1.27300000e-08  3.29757995e+00  1.27300000e-08  0.00000000e+00  1.27300000e-08  0.00000000e+00 
 1.27500000e-08  3.30000007e+00  1.27500000e-08  3.30000008e+00  1.27500000e-08  3.29694348e+00  1.27500000e-08  3.29761259e+00  1.27500000e-08  0.00000000e+00  1.27500000e-08  0.00000000e+00 
 1.27700000e-08  3.30000007e+00  1.27700000e-08  3.30000008e+00  1.27700000e-08  3.29698385e+00  1.27700000e-08  3.29764446e+00  1.27700000e-08  0.00000000e+00  1.27700000e-08  0.00000000e+00 
 1.27900000e-08  3.30000007e+00  1.27900000e-08  3.30000007e+00  1.27900000e-08  3.29702328e+00  1.27900000e-08  3.29767559e+00  1.27900000e-08  0.00000000e+00  1.27900000e-08  0.00000000e+00 
 1.28100000e-08  3.30000007e+00  1.28100000e-08  3.30000007e+00  1.28100000e-08  3.29706178e+00  1.28100000e-08  3.29770600e+00  1.28100000e-08  0.00000000e+00  1.28100000e-08  0.00000000e+00 
 1.28300000e-08  3.30000007e+00  1.28300000e-08  3.30000007e+00  1.28300000e-08  3.29709942e+00  1.28300000e-08  3.29773570e+00  1.28300000e-08  0.00000000e+00  1.28300000e-08  0.00000000e+00 
 1.28500000e-08  3.30000006e+00  1.28500000e-08  3.30000007e+00  1.28500000e-08  3.29713618e+00  1.28500000e-08  3.29776473e+00  1.28500000e-08  0.00000000e+00  1.28500000e-08  0.00000000e+00 
 1.28700000e-08  3.30000006e+00  1.28700000e-08  3.30000006e+00  1.28700000e-08  3.29717213e+00  1.28700000e-08  3.29779310e+00  1.28700000e-08  0.00000000e+00  1.28700000e-08  0.00000000e+00 
 1.28900000e-08  3.30000006e+00  1.28900000e-08  3.30000006e+00  1.28900000e-08  3.29720727e+00  1.28900000e-08  3.29782085e+00  1.28900000e-08  0.00000000e+00  1.28900000e-08  0.00000000e+00 
 1.29100000e-08  3.30000006e+00  1.29100000e-08  3.30000006e+00  1.29100000e-08  3.29724163e+00  1.29100000e-08  3.29784797e+00  1.29100000e-08  0.00000000e+00  1.29100000e-08  0.00000000e+00 
 1.29300000e-08  3.30000006e+00  1.29300000e-08  3.30000006e+00  1.29300000e-08  3.29727524e+00  1.29300000e-08  3.29787450e+00  1.29300000e-08  0.00000000e+00  1.29300000e-08  0.00000000e+00 
 1.29500000e-08  3.30000006e+00  1.29500000e-08  3.30000006e+00  1.29500000e-08  3.29730813e+00  1.29500000e-08  3.29790045e+00  1.29500000e-08  0.00000000e+00  1.29500000e-08  0.00000000e+00 
 1.29700000e-08  3.30000005e+00  1.29700000e-08  3.30000006e+00  1.29700000e-08  3.29734029e+00  1.29700000e-08  3.29792584e+00  1.29700000e-08  0.00000000e+00  1.29700000e-08  0.00000000e+00 
 1.29900000e-08  3.30000005e+00  1.29900000e-08  3.30000005e+00  1.29900000e-08  3.29737178e+00  1.29900000e-08  3.29795069e+00  1.29900000e-08  0.00000000e+00  1.29900000e-08  0.00000000e+00 
 1.30100000e-08  3.30000005e+00  1.30100000e-08  3.30000005e+00  1.30100000e-08  3.29740260e+00  1.30100000e-08  3.29797501e+00  1.30100000e-08  0.00000000e+00  1.30100000e-08  0.00000000e+00 
 1.30300000e-08  3.30000005e+00  1.30300000e-08  3.30000005e+00  1.30300000e-08  3.29743278e+00  1.30300000e-08  3.29799881e+00  1.30300000e-08  0.00000000e+00  1.30300000e-08  0.00000000e+00 
 1.30500000e-08  3.30000005e+00  1.30500000e-08  3.30000005e+00  1.30500000e-08  3.29746232e+00  1.30500000e-08  3.29802213e+00  1.30500000e-08  0.00000000e+00  1.30500000e-08  0.00000000e+00 
 1.30700000e-08  3.30000005e+00  1.30700000e-08  3.30000005e+00  1.30700000e-08  3.29749126e+00  1.30700000e-08  3.29804495e+00  1.30700000e-08  0.00000000e+00  1.30700000e-08  0.00000000e+00 
 1.30900000e-08  3.30000005e+00  1.30900000e-08  3.30000005e+00  1.30900000e-08  3.29751960e+00  1.30900000e-08  3.29806732e+00  1.30900000e-08  0.00000000e+00  1.30900000e-08  0.00000000e+00 
 1.31100000e-08  3.30000004e+00  1.31100000e-08  3.30000005e+00  1.31100000e-08  3.29754738e+00  1.31100000e-08  3.29808922e+00  1.31100000e-08  0.00000000e+00  1.31100000e-08  0.00000000e+00 
 1.31300000e-08  3.30000004e+00  1.31300000e-08  3.30000004e+00  1.31300000e-08  3.29757459e+00  1.31300000e-08  3.29811069e+00  1.31300000e-08  0.00000000e+00  1.31300000e-08  0.00000000e+00 
 1.31500000e-08  3.30000004e+00  1.31500000e-08  3.30000004e+00  1.31500000e-08  3.29760126e+00  1.31500000e-08  3.29813172e+00  1.31500000e-08  0.00000000e+00  1.31500000e-08  0.00000000e+00 
 1.31700000e-08  3.30000004e+00  1.31700000e-08  3.30000004e+00  1.31700000e-08  3.29762740e+00  1.31700000e-08  3.29815234e+00  1.31700000e-08  0.00000000e+00  1.31700000e-08  0.00000000e+00 
 1.31900000e-08  3.30000004e+00  1.31900000e-08  3.30000004e+00  1.31900000e-08  3.29765304e+00  1.31900000e-08  3.29817254e+00  1.31900000e-08  0.00000000e+00  1.31900000e-08  0.00000000e+00 
 1.32100000e-08  3.30000004e+00  1.32100000e-08  3.30000004e+00  1.32100000e-08  3.29767817e+00  1.32100000e-08  3.29819237e+00  1.32100000e-08  0.00000000e+00  1.32100000e-08  0.00000000e+00 
 1.32300000e-08  3.30000004e+00  1.32300000e-08  3.30000004e+00  1.32300000e-08  3.29770283e+00  1.32300000e-08  3.29821179e+00  1.32300000e-08  0.00000000e+00  1.32300000e-08  0.00000000e+00 
 1.32500000e-08  3.30000004e+00  1.32500000e-08  3.30000004e+00  1.32500000e-08  3.29772700e+00  1.32500000e-08  3.29823086e+00  1.32500000e-08  0.00000000e+00  1.32500000e-08  0.00000000e+00 
 1.32700000e-08  3.30000004e+00  1.32700000e-08  3.30000004e+00  1.32700000e-08  3.29775073e+00  1.32700000e-08  3.29824955e+00  1.32700000e-08  0.00000000e+00  1.32700000e-08  0.00000000e+00 
 1.32900000e-08  3.30000004e+00  1.32900000e-08  3.30000004e+00  1.32900000e-08  3.29777400e+00  1.32900000e-08  3.29826790e+00  1.32900000e-08  0.00000000e+00  1.32900000e-08  0.00000000e+00 
 1.33100000e-08  3.30000003e+00  1.33100000e-08  3.30000004e+00  1.33100000e-08  3.29779684e+00  1.33100000e-08  3.29828589e+00  1.33100000e-08  0.00000000e+00  1.33100000e-08  0.00000000e+00 
 1.33300000e-08  3.30000003e+00  1.33300000e-08  3.30000003e+00  1.33300000e-08  3.29781925e+00  1.33300000e-08  3.29830356e+00  1.33300000e-08  0.00000000e+00  1.33300000e-08  0.00000000e+00 
 1.33500000e-08  3.30000003e+00  1.33500000e-08  3.30000003e+00  1.33500000e-08  3.29784126e+00  1.33500000e-08  3.29832089e+00  1.33500000e-08  0.00000000e+00  1.33500000e-08  0.00000000e+00 
 1.33700000e-08  3.30000003e+00  1.33700000e-08  3.30000003e+00  1.33700000e-08  3.29786287e+00  1.33700000e-08  3.29833792e+00  1.33700000e-08  0.00000000e+00  1.33700000e-08  0.00000000e+00 
 1.33900000e-08  3.30000003e+00  1.33900000e-08  3.30000003e+00  1.33900000e-08  3.29788408e+00  1.33900000e-08  3.29835462e+00  1.33900000e-08  0.00000000e+00  1.33900000e-08  0.00000000e+00 
 1.34100000e-08  3.30000003e+00  1.34100000e-08  3.30000003e+00  1.34100000e-08  3.29790491e+00  1.34100000e-08  3.29837103e+00  1.34100000e-08  0.00000000e+00  1.34100000e-08  0.00000000e+00 
 1.34300000e-08  3.30000003e+00  1.34300000e-08  3.30000003e+00  1.34300000e-08  3.29792538e+00  1.34300000e-08  3.29838714e+00  1.34300000e-08  0.00000000e+00  1.34300000e-08  0.00000000e+00 
 1.34500000e-08  3.30000003e+00  1.34500000e-08  3.30000003e+00  1.34500000e-08  3.29794548e+00  1.34500000e-08  3.29840298e+00  1.34500000e-08  0.00000000e+00  1.34500000e-08  0.00000000e+00 
 1.34700000e-08  3.30000003e+00  1.34700000e-08  3.30000003e+00  1.34700000e-08  3.29796523e+00  1.34700000e-08  3.29841852e+00  1.34700000e-08  0.00000000e+00  1.34700000e-08  0.00000000e+00 
 1.34900000e-08  3.30000003e+00  1.34900000e-08  3.30000003e+00  1.34900000e-08  3.29798463e+00  1.34900000e-08  3.29843380e+00  1.34900000e-08  0.00000000e+00  1.34900000e-08  0.00000000e+00 
 1.35100000e-08  3.30000003e+00  1.35100000e-08  3.30000003e+00  1.35100000e-08  3.29800370e+00  1.35100000e-08  3.29844881e+00  1.35100000e-08  0.00000000e+00  1.35100000e-08  0.00000000e+00 
 1.35300000e-08  3.30000003e+00  1.35300000e-08  3.30000003e+00  1.35300000e-08  3.29802244e+00  1.35300000e-08  3.29846356e+00  1.35300000e-08  0.00000000e+00  1.35300000e-08  0.00000000e+00 
 1.35500000e-08  3.30000003e+00  1.35500000e-08  3.30000003e+00  1.35500000e-08  3.29804086e+00  1.35500000e-08  3.29847806e+00  1.35500000e-08  0.00000000e+00  1.35500000e-08  0.00000000e+00 
 1.35700000e-08  3.30000003e+00  1.35700000e-08  3.30000003e+00  1.35700000e-08  3.29805897e+00  1.35700000e-08  3.29849231e+00  1.35700000e-08  0.00000000e+00  1.35700000e-08  0.00000000e+00 
 1.35900000e-08  3.30000002e+00  1.35900000e-08  3.30000003e+00  1.35900000e-08  3.29807678e+00  1.35900000e-08  3.29850632e+00  1.35900000e-08  0.00000000e+00  1.35900000e-08  0.00000000e+00 
 1.36100000e-08  3.30000002e+00  1.36100000e-08  3.30000002e+00  1.36100000e-08  3.29809429e+00  1.36100000e-08  3.29852010e+00  1.36100000e-08  0.00000000e+00  1.36100000e-08  0.00000000e+00 
 1.36300000e-08  3.30000002e+00  1.36300000e-08  3.30000002e+00  1.36300000e-08  3.29811151e+00  1.36300000e-08  3.29853365e+00  1.36300000e-08  0.00000000e+00  1.36300000e-08  0.00000000e+00 
 1.36500000e-08  3.30000002e+00  1.36500000e-08  3.30000002e+00  1.36500000e-08  3.29812845e+00  1.36500000e-08  3.29854697e+00  1.36500000e-08  0.00000000e+00  1.36500000e-08  0.00000000e+00 
 1.36700000e-08  3.30000002e+00  1.36700000e-08  3.30000002e+00  1.36700000e-08  3.29814511e+00  1.36700000e-08  3.29856007e+00  1.36700000e-08  0.00000000e+00  1.36700000e-08  0.00000000e+00 
 1.36900000e-08  3.30000002e+00  1.36900000e-08  3.30000002e+00  1.36900000e-08  3.29816150e+00  1.36900000e-08  3.29857297e+00  1.36900000e-08  0.00000000e+00  1.36900000e-08  0.00000000e+00 
 1.37100000e-08  3.30000002e+00  1.37100000e-08  3.30000002e+00  1.37100000e-08  3.29817763e+00  1.37100000e-08  3.29858565e+00  1.37100000e-08  0.00000000e+00  1.37100000e-08  0.00000000e+00 
 1.37300000e-08  3.30000002e+00  1.37300000e-08  3.30000002e+00  1.37300000e-08  3.29819350e+00  1.37300000e-08  3.29859813e+00  1.37300000e-08  0.00000000e+00  1.37300000e-08  0.00000000e+00 
 1.37500000e-08  3.30000002e+00  1.37500000e-08  3.30000002e+00  1.37500000e-08  3.29820912e+00  1.37500000e-08  3.29861040e+00  1.37500000e-08  0.00000000e+00  1.37500000e-08  0.00000000e+00 
 1.37700000e-08  3.30000002e+00  1.37700000e-08  3.30000002e+00  1.37700000e-08  3.29822449e+00  1.37700000e-08  3.29862249e+00  1.37700000e-08  0.00000000e+00  1.37700000e-08  0.00000000e+00 
 1.37900000e-08  3.30000002e+00  1.37900000e-08  3.30000002e+00  1.37900000e-08  3.29823963e+00  1.37900000e-08  3.29863438e+00  1.37900000e-08  0.00000000e+00  1.37900000e-08  0.00000000e+00 
 1.38100000e-08  3.30000002e+00  1.38100000e-08  3.30000002e+00  1.38100000e-08  3.29825452e+00  1.38100000e-08  3.29864609e+00  1.38100000e-08  0.00000000e+00  1.38100000e-08  0.00000000e+00 
 1.38300000e-08  3.30000002e+00  1.38300000e-08  3.30000002e+00  1.38300000e-08  3.29826919e+00  1.38300000e-08  3.29865761e+00  1.38300000e-08  0.00000000e+00  1.38300000e-08  0.00000000e+00 
 1.38500000e-08  3.30000002e+00  1.38500000e-08  3.30000002e+00  1.38500000e-08  3.29828363e+00  1.38500000e-08  3.29866896e+00  1.38500000e-08  0.00000000e+00  1.38500000e-08  0.00000000e+00 
 1.38700000e-08  3.30000002e+00  1.38700000e-08  3.30000002e+00  1.38700000e-08  3.29829786e+00  1.38700000e-08  3.29868013e+00  1.38700000e-08  0.00000000e+00  1.38700000e-08  0.00000000e+00 
 1.38900000e-08  3.30000002e+00  1.38900000e-08  3.30000002e+00  1.38900000e-08  3.29831186e+00  1.38900000e-08  3.29869114e+00  1.38900000e-08  0.00000000e+00  1.38900000e-08  0.00000000e+00 
 1.39100000e-08  3.30000002e+00  1.39100000e-08  3.30000002e+00  1.39100000e-08  3.29832566e+00  1.39100000e-08  3.29870197e+00  1.39100000e-08  0.00000000e+00  1.39100000e-08  0.00000000e+00 
 1.39300000e-08  3.30000002e+00  1.39300000e-08  3.30000002e+00  1.39300000e-08  3.29833925e+00  1.39300000e-08  3.29871265e+00  1.39300000e-08  0.00000000e+00  1.39300000e-08  0.00000000e+00 
 1.39500000e-08  3.30000002e+00  1.39500000e-08  3.30000002e+00  1.39500000e-08  3.29835264e+00  1.39500000e-08  3.29872316e+00  1.39500000e-08  0.00000000e+00  1.39500000e-08  0.00000000e+00 
 1.39700000e-08  3.30000002e+00  1.39700000e-08  3.30000002e+00  1.39700000e-08  3.29836583e+00  1.39700000e-08  3.29873352e+00  1.39700000e-08  0.00000000e+00  1.39700000e-08  0.00000000e+00 
 1.39900000e-08  3.30000002e+00  1.39900000e-08  3.30000002e+00  1.39900000e-08  3.29837883e+00  1.39900000e-08  3.29874373e+00  1.39900000e-08  0.00000000e+00  1.39900000e-08  0.00000000e+00 
 1.40100000e-08  3.30000002e+00  1.40100000e-08  3.30000002e+00  1.40100000e-08  3.29839163e+00  1.40100000e-08  3.29875378e+00  1.40100000e-08  0.00000000e+00  1.40100000e-08  0.00000000e+00 
 1.40300000e-08  3.30000002e+00  1.40300000e-08  3.30000002e+00  1.40300000e-08  3.29840426e+00  1.40300000e-08  3.29876369e+00  1.40300000e-08  0.00000000e+00  1.40300000e-08  0.00000000e+00 
 1.40500000e-08  3.30000002e+00  1.40500000e-08  3.30000002e+00  1.40500000e-08  3.29841670e+00  1.40500000e-08  3.29877346e+00  1.40500000e-08  0.00000000e+00  1.40500000e-08  0.00000000e+00 
 1.40700000e-08  3.30000001e+00  1.40700000e-08  3.30000002e+00  1.40700000e-08  3.29842897e+00  1.40700000e-08  3.29878308e+00  1.40700000e-08  0.00000000e+00  1.40700000e-08  0.00000000e+00 
 1.40900000e-08  3.30000001e+00  1.40900000e-08  3.30000002e+00  1.40900000e-08  3.29844106e+00  1.40900000e-08  3.29879257e+00  1.40900000e-08  0.00000000e+00  1.40900000e-08  0.00000000e+00 
 1.41100000e-08  3.30000001e+00  1.41100000e-08  3.30000001e+00  1.41100000e-08  3.29845298e+00  1.41100000e-08  3.29880192e+00  1.41100000e-08  0.00000000e+00  1.41100000e-08  0.00000000e+00 
 1.41300000e-08  3.30000001e+00  1.41300000e-08  3.30000001e+00  1.41300000e-08  3.29846473e+00  1.41300000e-08  3.29881115e+00  1.41300000e-08  0.00000000e+00  1.41300000e-08  0.00000000e+00 
 1.41500000e-08  3.30000001e+00  1.41500000e-08  3.30000001e+00  1.41500000e-08  3.29847632e+00  1.41500000e-08  3.29882023e+00  1.41500000e-08  0.00000000e+00  1.41500000e-08  0.00000000e+00 
 1.41700000e-08  3.30000001e+00  1.41700000e-08  3.30000001e+00  1.41700000e-08  3.29848775e+00  1.41700000e-08  3.29882920e+00  1.41700000e-08  0.00000000e+00  1.41700000e-08  0.00000000e+00 
 1.41900000e-08  3.30000001e+00  1.41900000e-08  3.30000001e+00  1.41900000e-08  3.29849902e+00  1.41900000e-08  3.29883804e+00  1.41900000e-08  0.00000000e+00  1.41900000e-08  0.00000000e+00 
 1.42100000e-08  3.30000001e+00  1.42100000e-08  3.30000001e+00  1.42100000e-08  3.29851014e+00  1.42100000e-08  3.29884676e+00  1.42100000e-08  0.00000000e+00  1.42100000e-08  0.00000000e+00 
 1.42300000e-08  3.30000001e+00  1.42300000e-08  3.30000001e+00  1.42300000e-08  3.29852111e+00  1.42300000e-08  3.29885535e+00  1.42300000e-08  0.00000000e+00  1.42300000e-08  0.00000000e+00 
 1.42500000e-08  3.30000001e+00  1.42500000e-08  3.30000001e+00  1.42500000e-08  3.29853192e+00  1.42500000e-08  3.29886384e+00  1.42500000e-08  0.00000000e+00  1.42500000e-08  0.00000000e+00 
 1.42700000e-08  3.30000001e+00  1.42700000e-08  3.30000001e+00  1.42700000e-08  3.29854260e+00  1.42700000e-08  3.29887220e+00  1.42700000e-08  0.00000000e+00  1.42700000e-08  0.00000000e+00 
 1.42900000e-08  3.30000001e+00  1.42900000e-08  3.30000001e+00  1.42900000e-08  3.29855312e+00  1.42900000e-08  3.29888046e+00  1.42900000e-08  0.00000000e+00  1.42900000e-08  0.00000000e+00 
 1.43100000e-08  3.30000001e+00  1.43100000e-08  3.30000001e+00  1.43100000e-08  3.29856352e+00  1.43100000e-08  3.29888860e+00  1.43100000e-08  0.00000000e+00  1.43100000e-08  0.00000000e+00 
 1.43300000e-08  3.30000001e+00  1.43300000e-08  3.30000001e+00  1.43300000e-08  3.29857377e+00  1.43300000e-08  3.29889664e+00  1.43300000e-08  0.00000000e+00  1.43300000e-08  0.00000000e+00 
 1.43500000e-08  3.30000001e+00  1.43500000e-08  3.30000001e+00  1.43500000e-08  3.29858389e+00  1.43500000e-08  3.29890457e+00  1.43500000e-08  0.00000000e+00  1.43500000e-08  0.00000000e+00 
 1.43700000e-08  3.30000001e+00  1.43700000e-08  3.30000001e+00  1.43700000e-08  3.29859387e+00  1.43700000e-08  3.29891239e+00  1.43700000e-08  0.00000000e+00  1.43700000e-08  0.00000000e+00 
 1.43900000e-08  3.30000001e+00  1.43900000e-08  3.30000001e+00  1.43900000e-08  3.29860373e+00  1.43900000e-08  3.29892011e+00  1.43900000e-08  0.00000000e+00  1.43900000e-08  0.00000000e+00 
 1.44100000e-08  3.30000001e+00  1.44100000e-08  3.30000001e+00  1.44100000e-08  3.29861346e+00  1.44100000e-08  3.29892774e+00  1.44100000e-08  0.00000000e+00  1.44100000e-08  0.00000000e+00 
 1.44300000e-08  3.30000001e+00  1.44300000e-08  3.30000001e+00  1.44300000e-08  3.29862307e+00  1.44300000e-08  3.29893526e+00  1.44300000e-08  0.00000000e+00  1.44300000e-08  0.00000000e+00 
 1.44500000e-08  3.30000001e+00  1.44500000e-08  3.30000001e+00  1.44500000e-08  3.29863255e+00  1.44500000e-08  3.29894269e+00  1.44500000e-08  0.00000000e+00  1.44500000e-08  0.00000000e+00 
 1.44700000e-08  3.30000001e+00  1.44700000e-08  3.30000001e+00  1.44700000e-08  3.29864191e+00  1.44700000e-08  3.29895002e+00  1.44700000e-08  0.00000000e+00  1.44700000e-08  0.00000000e+00 
 1.44900000e-08  3.30000001e+00  1.44900000e-08  3.30000001e+00  1.44900000e-08  3.29865115e+00  1.44900000e-08  3.29895726e+00  1.44900000e-08  0.00000000e+00  1.44900000e-08  0.00000000e+00 
 1.45100000e-08  3.30000001e+00  1.45100000e-08  3.30000001e+00  1.45100000e-08  3.29866029e+00  1.45100000e-08  3.29896440e+00  1.45100000e-08  0.00000000e+00  1.45100000e-08  0.00000000e+00 
 1.45300000e-08  3.30000001e+00  1.45300000e-08  3.30000001e+00  1.45300000e-08  3.29866930e+00  1.45300000e-08  3.29897146e+00  1.45300000e-08  0.00000000e+00  1.45300000e-08  0.00000000e+00 
 1.45500000e-08  3.30000001e+00  1.45500000e-08  3.30000001e+00  1.45500000e-08  3.29867820e+00  1.45500000e-08  3.29897843e+00  1.45500000e-08  0.00000000e+00  1.45500000e-08  0.00000000e+00 
 1.45700000e-08  3.30000001e+00  1.45700000e-08  3.30000001e+00  1.45700000e-08  3.29868699e+00  1.45700000e-08  3.29898532e+00  1.45700000e-08  0.00000000e+00  1.45700000e-08  0.00000000e+00 
 1.45900000e-08  3.30000001e+00  1.45900000e-08  3.30000001e+00  1.45900000e-08  3.29869568e+00  1.45900000e-08  3.29899211e+00  1.45900000e-08  0.00000000e+00  1.45900000e-08  0.00000000e+00 
 1.46100000e-08  3.30000001e+00  1.46100000e-08  3.30000001e+00  1.46100000e-08  3.29870425e+00  1.46100000e-08  3.29899883e+00  1.46100000e-08  0.00000000e+00  1.46100000e-08  0.00000000e+00 
 1.46300000e-08  3.30000001e+00  1.46300000e-08  3.30000001e+00  1.46300000e-08  3.29871273e+00  1.46300000e-08  3.29900545e+00  1.46300000e-08  0.00000000e+00  1.46300000e-08  0.00000000e+00 
 1.46500000e-08  3.30000001e+00  1.46500000e-08  3.30000001e+00  1.46500000e-08  3.29872110e+00  1.46500000e-08  3.29901201e+00  1.46500000e-08  0.00000000e+00  1.46500000e-08  0.00000000e+00 
 1.46700000e-08  3.30000001e+00  1.46700000e-08  3.30000001e+00  1.46700000e-08  3.29872938e+00  1.46700000e-08  3.29901848e+00  1.46700000e-08  0.00000000e+00  1.46700000e-08  0.00000000e+00 
 1.46900000e-08  3.30000001e+00  1.46900000e-08  3.30000001e+00  1.46900000e-08  3.29873755e+00  1.46900000e-08  3.29902487e+00  1.46900000e-08  0.00000000e+00  1.46900000e-08  0.00000000e+00 
 1.47100000e-08  3.30000001e+00  1.47100000e-08  3.30000001e+00  1.47100000e-08  3.29874563e+00  1.47100000e-08  3.29903119e+00  1.47100000e-08  0.00000000e+00  1.47100000e-08  0.00000000e+00 
 1.47300000e-08  3.30000001e+00  1.47300000e-08  3.30000001e+00  1.47300000e-08  3.29875360e+00  1.47300000e-08  3.29903743e+00  1.47300000e-08  0.00000000e+00  1.47300000e-08  0.00000000e+00 
 1.47500000e-08  3.30000001e+00  1.47500000e-08  3.30000001e+00  1.47500000e-08  3.29876149e+00  1.47500000e-08  3.29904360e+00  1.47500000e-08  0.00000000e+00  1.47500000e-08  0.00000000e+00 
 1.47700000e-08  3.30000001e+00  1.47700000e-08  3.30000001e+00  1.47700000e-08  3.29876928e+00  1.47700000e-08  3.29904969e+00  1.47700000e-08  0.00000000e+00  1.47700000e-08  0.00000000e+00 
 1.47900000e-08  3.30000001e+00  1.47900000e-08  3.30000001e+00  1.47900000e-08  3.29877699e+00  1.47900000e-08  3.29905572e+00  1.47900000e-08  0.00000000e+00  1.47900000e-08  0.00000000e+00 
 1.48100000e-08  3.30000001e+00  1.48100000e-08  3.30000001e+00  1.48100000e-08  3.29878460e+00  1.48100000e-08  3.29906167e+00  1.48100000e-08  0.00000000e+00  1.48100000e-08  0.00000000e+00 
 1.48300000e-08  3.30000001e+00  1.48300000e-08  3.30000001e+00  1.48300000e-08  3.29879213e+00  1.48300000e-08  3.29906755e+00  1.48300000e-08  0.00000000e+00  1.48300000e-08  0.00000000e+00 
 1.48500000e-08  3.30000001e+00  1.48500000e-08  3.30000001e+00  1.48500000e-08  3.29879957e+00  1.48500000e-08  3.29907337e+00  1.48500000e-08  0.00000000e+00  1.48500000e-08  0.00000000e+00 
 1.48700000e-08  3.30000001e+00  1.48700000e-08  3.30000001e+00  1.48700000e-08  3.29880693e+00  1.48700000e-08  3.29907912e+00  1.48700000e-08  0.00000000e+00  1.48700000e-08  0.00000000e+00 
 1.48900000e-08  3.30000001e+00  1.48900000e-08  3.30000001e+00  1.48900000e-08  3.29881420e+00  1.48900000e-08  3.29908480e+00  1.48900000e-08  0.00000000e+00  1.48900000e-08  0.00000000e+00 
 1.49100000e-08  3.30000001e+00  1.49100000e-08  3.30000001e+00  1.49100000e-08  3.29882139e+00  1.49100000e-08  3.29909042e+00  1.49100000e-08  0.00000000e+00  1.49100000e-08  0.00000000e+00 
 1.49300000e-08  3.30000001e+00  1.49300000e-08  3.30000001e+00  1.49300000e-08  3.29882850e+00  1.49300000e-08  3.29909598e+00  1.49300000e-08  0.00000000e+00  1.49300000e-08  0.00000000e+00 
 1.49500000e-08  3.30000001e+00  1.49500000e-08  3.30000001e+00  1.49500000e-08  3.29883553e+00  1.49500000e-08  3.29910147e+00  1.49500000e-08  0.00000000e+00  1.49500000e-08  0.00000000e+00 
 1.49700000e-08  3.30000001e+00  1.49700000e-08  3.30000001e+00  1.49700000e-08  3.29884248e+00  1.49700000e-08  3.29910690e+00  1.49700000e-08  0.00000000e+00  1.49700000e-08  0.00000000e+00 
 1.49900000e-08  3.30000001e+00  1.49900000e-08  3.30000001e+00  1.49900000e-08  3.29884936e+00  1.49900000e-08  3.29911227e+00  1.49900000e-08  0.00000000e+00  1.49900000e-08  0.00000000e+00 
 1.50100000e-08  3.30000001e+00  1.50100000e-08  3.30000001e+00  1.50100000e-08  3.29885615e+00  1.50100000e-08  3.29911758e+00  1.50100000e-08  0.00000000e+00  1.50100000e-08  0.00000000e+00 
 1.50300000e-08  3.30000001e+00  1.50300000e-08  3.30000001e+00  1.50300000e-08  3.29886288e+00  1.50300000e-08  3.29912283e+00  1.50300000e-08  0.00000000e+00  1.50300000e-08  0.00000000e+00 
 1.50500000e-08  3.30000001e+00  1.50500000e-08  3.30000001e+00  1.50500000e-08  3.29886953e+00  1.50500000e-08  3.29912803e+00  1.50500000e-08  0.00000000e+00  1.50500000e-08  0.00000000e+00 
 1.50700000e-08  3.30000001e+00  1.50700000e-08  3.30000001e+00  1.50700000e-08  3.29887611e+00  1.50700000e-08  3.29913317e+00  1.50700000e-08  0.00000000e+00  1.50700000e-08  0.00000000e+00 
 1.50900000e-08  3.30000001e+00  1.50900000e-08  3.30000001e+00  1.50900000e-08  3.29888262e+00  1.50900000e-08  3.29913825e+00  1.50900000e-08  0.00000000e+00  1.50900000e-08  0.00000000e+00 
 1.51100000e-08  3.30000001e+00  1.51100000e-08  3.30000001e+00  1.51100000e-08  3.29888906e+00  1.51100000e-08  3.29914327e+00  1.51100000e-08  0.00000000e+00  1.51100000e-08  0.00000000e+00 
 1.51300000e-08  3.30000001e+00  1.51300000e-08  3.30000001e+00  1.51300000e-08  3.29889542e+00  1.51300000e-08  3.29914825e+00  1.51300000e-08  0.00000000e+00  1.51300000e-08  0.00000000e+00 
 1.51500000e-08  3.30000001e+00  1.51500000e-08  3.30000001e+00  1.51500000e-08  3.29890173e+00  1.51500000e-08  3.29915317e+00  1.51500000e-08  0.00000000e+00  1.51500000e-08  0.00000000e+00 
 1.51700000e-08  3.30000001e+00  1.51700000e-08  3.30000001e+00  1.51700000e-08  3.29890796e+00  1.51700000e-08  3.29915804e+00  1.51700000e-08  0.00000000e+00  1.51700000e-08  0.00000000e+00 
 1.51900000e-08  3.30000001e+00  1.51900000e-08  3.30000001e+00  1.51900000e-08  3.29891413e+00  1.51900000e-08  3.29916285e+00  1.51900000e-08  0.00000000e+00  1.51900000e-08  0.00000000e+00 
 1.52100000e-08  3.30000001e+00  1.52100000e-08  3.30000001e+00  1.52100000e-08  3.29892023e+00  1.52100000e-08  3.29916762e+00  1.52100000e-08  0.00000000e+00  1.52100000e-08  0.00000000e+00 
 1.52300000e-08  3.30000000e+00  1.52300000e-08  3.30000001e+00  1.52300000e-08  3.29892628e+00  1.52300000e-08  3.29917233e+00  1.52300000e-08  0.00000000e+00  1.52300000e-08  0.00000000e+00 
 1.52500000e-08  3.30000001e+00  1.52500000e-08  3.30000001e+00  1.52500000e-08  3.29893225e+00  1.52500000e-08  3.29917700e+00  1.52500000e-08  0.00000000e+00  1.52500000e-08  0.00000000e+00 
 1.52700000e-08  3.30000000e+00  1.52700000e-08  3.30000001e+00  1.52700000e-08  3.29893817e+00  1.52700000e-08  3.29918161e+00  1.52700000e-08  0.00000000e+00  1.52700000e-08  0.00000000e+00 
 1.52900000e-08  3.30000000e+00  1.52900000e-08  3.30000000e+00  1.52900000e-08  3.29894402e+00  1.52900000e-08  3.29918618e+00  1.52900000e-08  0.00000000e+00  1.52900000e-08  0.00000000e+00 
 1.53100000e-08  3.30000000e+00  1.53100000e-08  3.30000000e+00  1.53100000e-08  3.29894982e+00  1.53100000e-08  3.29919070e+00  1.53100000e-08  0.00000000e+00  1.53100000e-08  0.00000000e+00 
 1.53300000e-08  3.30000000e+00  1.53300000e-08  3.30000000e+00  1.53300000e-08  3.29895556e+00  1.53300000e-08  3.29919517e+00  1.53300000e-08  0.00000000e+00  1.53300000e-08  0.00000000e+00 
 1.53500000e-08  3.30000000e+00  1.53500000e-08  3.30000000e+00  1.53500000e-08  3.29896124e+00  1.53500000e-08  3.29919960e+00  1.53500000e-08  0.00000000e+00  1.53500000e-08  0.00000000e+00 
 1.53700000e-08  3.30000000e+00  1.53700000e-08  3.30000000e+00  1.53700000e-08  3.29896685e+00  1.53700000e-08  3.29920399e+00  1.53700000e-08  0.00000000e+00  1.53700000e-08  0.00000000e+00 
 1.53900000e-08  3.30000000e+00  1.53900000e-08  3.30000000e+00  1.53900000e-08  3.29897242e+00  1.53900000e-08  3.29920832e+00  1.53900000e-08  0.00000000e+00  1.53900000e-08  0.00000000e+00 
 1.54100000e-08  3.30000000e+00  1.54100000e-08  3.30000000e+00  1.54100000e-08  3.29897793e+00  1.54100000e-08  3.29921262e+00  1.54100000e-08  0.00000000e+00  1.54100000e-08  0.00000000e+00 
 1.54300000e-08  3.30000000e+00  1.54300000e-08  3.30000000e+00  1.54300000e-08  3.29898338e+00  1.54300000e-08  3.29921687e+00  1.54300000e-08  0.00000000e+00  1.54300000e-08  0.00000000e+00 
 1.54500000e-08  3.30000000e+00  1.54500000e-08  3.30000000e+00  1.54500000e-08  3.29898878e+00  1.54500000e-08  3.29922108e+00  1.54500000e-08  0.00000000e+00  1.54500000e-08  0.00000000e+00 
 1.54700000e-08  3.30000000e+00  1.54700000e-08  3.30000000e+00  1.54700000e-08  3.29899413e+00  1.54700000e-08  3.29922525e+00  1.54700000e-08  0.00000000e+00  1.54700000e-08  0.00000000e+00 
 1.54900000e-08  3.30000000e+00  1.54900000e-08  3.30000000e+00  1.54900000e-08  3.29899942e+00  1.54900000e-08  3.29922937e+00  1.54900000e-08  0.00000000e+00  1.54900000e-08  0.00000000e+00 
 1.55100000e-08  3.30000000e+00  1.55100000e-08  3.30000000e+00  1.55100000e-08  3.29900466e+00  1.55100000e-08  3.29923346e+00  1.55100000e-08  0.00000000e+00  1.55100000e-08  0.00000000e+00 
 1.55300000e-08  3.30000000e+00  1.55300000e-08  3.30000000e+00  1.55300000e-08  3.29900985e+00  1.55300000e-08  3.29923751e+00  1.55300000e-08  0.00000000e+00  1.55300000e-08  0.00000000e+00 
 1.55500000e-08  3.30000000e+00  1.55500000e-08  3.30000000e+00  1.55500000e-08  3.29901499e+00  1.55500000e-08  3.29924151e+00  1.55500000e-08  0.00000000e+00  1.55500000e-08  0.00000000e+00 
 1.55700000e-08  3.30000000e+00  1.55700000e-08  3.30000000e+00  1.55700000e-08  3.29902008e+00  1.55700000e-08  3.29924548e+00  1.55700000e-08  0.00000000e+00  1.55700000e-08  0.00000000e+00 
 1.55900000e-08  3.30000000e+00  1.55900000e-08  3.30000000e+00  1.55900000e-08  3.29902513e+00  1.55900000e-08  3.29924940e+00  1.55900000e-08  0.00000000e+00  1.55900000e-08  0.00000000e+00 
 1.56100000e-08  3.30000000e+00  1.56100000e-08  3.30000000e+00  1.56100000e-08  3.29903011e+00  1.56100000e-08  3.29925330e+00  1.56100000e-08  0.00000000e+00  1.56100000e-08  0.00000000e+00 
 1.56300000e-08  3.30000000e+00  1.56300000e-08  3.30000000e+00  1.56300000e-08  3.29903506e+00  1.56300000e-08  3.29925714e+00  1.56300000e-08  0.00000000e+00  1.56300000e-08  0.00000000e+00 
 1.56500000e-08  3.30000000e+00  1.56500000e-08  3.30000000e+00  1.56500000e-08  3.29903996e+00  1.56500000e-08  3.29926096e+00  1.56500000e-08  0.00000000e+00  1.56500000e-08  0.00000000e+00 
 1.56700000e-08  3.30000000e+00  1.56700000e-08  3.30000000e+00  1.56700000e-08  3.29904481e+00  1.56700000e-08  3.29926474e+00  1.56700000e-08  0.00000000e+00  1.56700000e-08  0.00000000e+00 
 1.56900000e-08  3.30000000e+00  1.56900000e-08  3.30000000e+00  1.56900000e-08  3.29904961e+00  1.56900000e-08  3.29926849e+00  1.56900000e-08  0.00000000e+00  1.56900000e-08  0.00000000e+00 
 1.57100000e-08  3.30000000e+00  1.57100000e-08  3.30000000e+00  1.57100000e-08  3.29905438e+00  1.57100000e-08  3.29927219e+00  1.57100000e-08  0.00000000e+00  1.57100000e-08  0.00000000e+00 
 1.57300000e-08  3.30000000e+00  1.57300000e-08  3.30000000e+00  1.57300000e-08  3.29905909e+00  1.57300000e-08  3.29927587e+00  1.57300000e-08  0.00000000e+00  1.57300000e-08  0.00000000e+00 
 1.57500000e-08  3.30000000e+00  1.57500000e-08  3.30000000e+00  1.57500000e-08  3.29906377e+00  1.57500000e-08  3.29927950e+00  1.57500000e-08  0.00000000e+00  1.57500000e-08  0.00000000e+00 
 1.57700000e-08  3.30000000e+00  1.57700000e-08  3.30000000e+00  1.57700000e-08  3.29906839e+00  1.57700000e-08  3.29928311e+00  1.57700000e-08  0.00000000e+00  1.57700000e-08  0.00000000e+00 
 1.57900000e-08  3.30000000e+00  1.57900000e-08  3.30000000e+00  1.57900000e-08  3.29907299e+00  1.57900000e-08  3.29928668e+00  1.57900000e-08  0.00000000e+00  1.57900000e-08  0.00000000e+00 
 1.58100000e-08  3.30000000e+00  1.58100000e-08  3.30000000e+00  1.58100000e-08  3.29907753e+00  1.58100000e-08  3.29929022e+00  1.58100000e-08  0.00000000e+00  1.58100000e-08  0.00000000e+00 
 1.58300000e-08  3.30000000e+00  1.58300000e-08  3.30000000e+00  1.58300000e-08  3.29908203e+00  1.58300000e-08  3.29929372e+00  1.58300000e-08  0.00000000e+00  1.58300000e-08  0.00000000e+00 
 1.58500000e-08  3.30000000e+00  1.58500000e-08  3.30000000e+00  1.58500000e-08  3.29908649e+00  1.58500000e-08  3.29929720e+00  1.58500000e-08  0.00000000e+00  1.58500000e-08  0.00000000e+00 
 1.58700000e-08  3.30000000e+00  1.58700000e-08  3.30000000e+00  1.58700000e-08  3.29909092e+00  1.58700000e-08  3.29930063e+00  1.58700000e-08  0.00000000e+00  1.58700000e-08  0.00000000e+00 
 1.58900000e-08  3.30000000e+00  1.58900000e-08  3.30000000e+00  1.58900000e-08  3.29909529e+00  1.58900000e-08  3.29930405e+00  1.58900000e-08  0.00000000e+00  1.58900000e-08  0.00000000e+00 
 1.59100000e-08  3.30000000e+00  1.59100000e-08  3.30000000e+00  1.59100000e-08  3.29909964e+00  1.59100000e-08  3.29930742e+00  1.59100000e-08  0.00000000e+00  1.59100000e-08  0.00000000e+00 
 1.59300000e-08  3.30000000e+00  1.59300000e-08  3.30000000e+00  1.59300000e-08  3.29910394e+00  1.59300000e-08  3.29931078e+00  1.59300000e-08  0.00000000e+00  1.59300000e-08  0.00000000e+00 
 1.59500000e-08  3.30000000e+00  1.59500000e-08  3.30000000e+00  1.59500000e-08  3.29910821e+00  1.59500000e-08  3.29931409e+00  1.59500000e-08  0.00000000e+00  1.59500000e-08  0.00000000e+00 
 1.59700000e-08  3.30000000e+00  1.59700000e-08  3.30000000e+00  1.59700000e-08  3.29911243e+00  1.59700000e-08  3.29931738e+00  1.59700000e-08  0.00000000e+00  1.59700000e-08  0.00000000e+00 
 1.59900000e-08  3.30000000e+00  1.59900000e-08  3.30000000e+00  1.59900000e-08  3.29911662e+00  1.59900000e-08  3.29932064e+00  1.59900000e-08  0.00000000e+00  1.59900000e-08  0.00000000e+00 
 1.60100000e-08  3.30000000e+00  1.60100000e-08  3.30000000e+00  1.60100000e-08  3.29912077e+00  1.60100000e-08  3.29932387e+00  1.60100000e-08  0.00000000e+00  1.60100000e-08  0.00000000e+00 
 1.60300000e-08  3.30000000e+00  1.60300000e-08  3.30000000e+00  1.60300000e-08  3.29912489e+00  1.60300000e-08  3.29932707e+00  1.60300000e-08  0.00000000e+00  1.60300000e-08  0.00000000e+00 
 1.60500000e-08  3.30000000e+00  1.60500000e-08  3.30000000e+00  1.60500000e-08  3.29912897e+00  1.60500000e-08  3.29933025e+00  1.60500000e-08  0.00000000e+00  1.60500000e-08  0.00000000e+00 
 1.60700000e-08  3.30000000e+00  1.60700000e-08  3.30000000e+00  1.60700000e-08  3.29913301e+00  1.60700000e-08  3.29933339e+00  1.60700000e-08  0.00000000e+00  1.60700000e-08  0.00000000e+00 
 1.60900000e-08  3.30000000e+00  1.60900000e-08  3.30000000e+00  1.60900000e-08  3.29913702e+00  1.60900000e-08  3.29933651e+00  1.60900000e-08  0.00000000e+00  1.60900000e-08  0.00000000e+00 
 1.61100000e-08  3.30000000e+00  1.61100000e-08  3.30000000e+00  1.61100000e-08  3.29914100e+00  1.61100000e-08  3.29933960e+00  1.61100000e-08  0.00000000e+00  1.61100000e-08  0.00000000e+00 
 1.61300000e-08  3.30000000e+00  1.61300000e-08  3.30000000e+00  1.61300000e-08  3.29914493e+00  1.61300000e-08  3.29934266e+00  1.61300000e-08  0.00000000e+00  1.61300000e-08  0.00000000e+00 
 1.61500000e-08  3.30000000e+00  1.61500000e-08  3.30000000e+00  1.61500000e-08  3.29914884e+00  1.61500000e-08  3.29934570e+00  1.61500000e-08  0.00000000e+00  1.61500000e-08  0.00000000e+00 
 1.61700000e-08  3.30000000e+00  1.61700000e-08  3.30000000e+00  1.61700000e-08  3.29915271e+00  1.61700000e-08  3.29934871e+00  1.61700000e-08  0.00000000e+00  1.61700000e-08  0.00000000e+00 
 1.61900000e-08  3.30000000e+00  1.61900000e-08  3.30000000e+00  1.61900000e-08  3.29915656e+00  1.61900000e-08  3.29935169e+00  1.61900000e-08  0.00000000e+00  1.61900000e-08  0.00000000e+00 
 1.62100000e-08  3.30000000e+00  1.62100000e-08  3.30000000e+00  1.62100000e-08  3.29916036e+00  1.62100000e-08  3.29935466e+00  1.62100000e-08  0.00000000e+00  1.62100000e-08  0.00000000e+00 
 1.62300000e-08  3.30000000e+00  1.62300000e-08  3.30000000e+00  1.62300000e-08  3.29916414e+00  1.62300000e-08  3.29935759e+00  1.62300000e-08  0.00000000e+00  1.62300000e-08  0.00000000e+00 
 1.62500000e-08  3.30000000e+00  1.62500000e-08  3.30000000e+00  1.62500000e-08  3.29916788e+00  1.62500000e-08  3.29936050e+00  1.62500000e-08  0.00000000e+00  1.62500000e-08  0.00000000e+00 
 1.62700000e-08  3.30000000e+00  1.62700000e-08  3.30000000e+00  1.62700000e-08  3.29917160e+00  1.62700000e-08  3.29936338e+00  1.62700000e-08  0.00000000e+00  1.62700000e-08  0.00000000e+00 
 1.62900000e-08  3.30000000e+00  1.62900000e-08  3.30000000e+00  1.62900000e-08  3.29917527e+00  1.62900000e-08  3.29936625e+00  1.62900000e-08  0.00000000e+00  1.62900000e-08  0.00000000e+00 
 1.63100000e-08  3.30000000e+00  1.63100000e-08  3.30000000e+00  1.63100000e-08  3.29917893e+00  1.63100000e-08  3.29936908e+00  1.63100000e-08  0.00000000e+00  1.63100000e-08  0.00000000e+00 
 1.63300000e-08  3.30000000e+00  1.63300000e-08  3.30000000e+00  1.63300000e-08  3.29918254e+00  1.63300000e-08  3.29937190e+00  1.63300000e-08  0.00000000e+00  1.63300000e-08  0.00000000e+00 
 1.63500000e-08  3.30000000e+00  1.63500000e-08  3.30000000e+00  1.63500000e-08  3.29918614e+00  1.63500000e-08  3.29937468e+00  1.63500000e-08  0.00000000e+00  1.63500000e-08  0.00000000e+00 
 1.63700000e-08  3.30000000e+00  1.63700000e-08  3.30000000e+00  1.63700000e-08  3.29918969e+00  1.63700000e-08  3.29937745e+00  1.63700000e-08  0.00000000e+00  1.63700000e-08  0.00000000e+00 
 1.63900000e-08  3.30000000e+00  1.63900000e-08  3.30000000e+00  1.63900000e-08  3.29919323e+00  1.63900000e-08  3.29938019e+00  1.63900000e-08  0.00000000e+00  1.63900000e-08  0.00000000e+00 
 1.64100000e-08  3.30000000e+00  1.64100000e-08  3.30000000e+00  1.64100000e-08  3.29919673e+00  1.64100000e-08  3.29938292e+00  1.64100000e-08  0.00000000e+00  1.64100000e-08  0.00000000e+00 
 1.64300000e-08  3.30000000e+00  1.64300000e-08  3.30000000e+00  1.64300000e-08  3.29920021e+00  1.64300000e-08  3.29938561e+00  1.64300000e-08  0.00000000e+00  1.64300000e-08  0.00000000e+00 
 1.64500000e-08  3.30000000e+00  1.64500000e-08  3.30000000e+00  1.64500000e-08  3.29920365e+00  1.64500000e-08  3.29938829e+00  1.64500000e-08  0.00000000e+00  1.64500000e-08  0.00000000e+00 
 1.64700000e-08  3.30000000e+00  1.64700000e-08  3.30000000e+00  1.64700000e-08  3.29920707e+00  1.64700000e-08  3.29939094e+00  1.64700000e-08  0.00000000e+00  1.64700000e-08  0.00000000e+00 
 1.64900000e-08  3.30000000e+00  1.64900000e-08  3.30000000e+00  1.64900000e-08  3.29921046e+00  1.64900000e-08  3.29939358e+00  1.64900000e-08  0.00000000e+00  1.64900000e-08  0.00000000e+00 
 1.65100000e-08  3.30000000e+00  1.65100000e-08  3.30000000e+00  1.65100000e-08  3.29921383e+00  1.65100000e-08  3.29939619e+00  1.65100000e-08  0.00000000e+00  1.65100000e-08  0.00000000e+00 
 1.65300000e-08  3.30000000e+00  1.65300000e-08  3.30000000e+00  1.65300000e-08  3.29921716e+00  1.65300000e-08  3.29939878e+00  1.65300000e-08  0.00000000e+00  1.65300000e-08  0.00000000e+00 
 1.65500000e-08  3.30000000e+00  1.65500000e-08  3.30000000e+00  1.65500000e-08  3.29922047e+00  1.65500000e-08  3.29940135e+00  1.65500000e-08  0.00000000e+00  1.65500000e-08  0.00000000e+00 
 1.65700000e-08  3.30000000e+00  1.65700000e-08  3.30000000e+00  1.65700000e-08  3.29922375e+00  1.65700000e-08  3.29940390e+00  1.65700000e-08  0.00000000e+00  1.65700000e-08  0.00000000e+00 
 1.65900000e-08  3.30000000e+00  1.65900000e-08  3.30000000e+00  1.65900000e-08  3.29922701e+00  1.65900000e-08  3.29940643e+00  1.65900000e-08  0.00000000e+00  1.65900000e-08  0.00000000e+00 
 1.66100000e-08  3.30000000e+00  1.66100000e-08  3.30000000e+00  1.66100000e-08  3.29923024e+00  1.66100000e-08  3.29940894e+00  1.66100000e-08  0.00000000e+00  1.66100000e-08  0.00000000e+00 
 1.66300000e-08  3.30000000e+00  1.66300000e-08  3.30000000e+00  1.66300000e-08  3.29923345e+00  1.66300000e-08  3.29941143e+00  1.66300000e-08  0.00000000e+00  1.66300000e-08  0.00000000e+00 
 1.66500000e-08  3.30000000e+00  1.66500000e-08  3.30000000e+00  1.66500000e-08  3.29923663e+00  1.66500000e-08  3.29941390e+00  1.66500000e-08  0.00000000e+00  1.66500000e-08  0.00000000e+00 
 1.66700000e-08  3.30000000e+00  1.66700000e-08  3.30000000e+00  1.66700000e-08  3.29923979e+00  1.66700000e-08  3.29941635e+00  1.66700000e-08  0.00000000e+00  1.66700000e-08  0.00000000e+00 
 1.66900000e-08  3.30000000e+00  1.66900000e-08  3.30000000e+00  1.66900000e-08  3.29924292e+00  1.66900000e-08  3.29941878e+00  1.66900000e-08  0.00000000e+00  1.66900000e-08  0.00000000e+00 
 1.67100000e-08  3.30000000e+00  1.67100000e-08  3.30000000e+00  1.67100000e-08  3.29924603e+00  1.67100000e-08  3.29942119e+00  1.67100000e-08  0.00000000e+00  1.67100000e-08  0.00000000e+00 
 1.67300000e-08  3.30000000e+00  1.67300000e-08  3.30000000e+00  1.67300000e-08  3.29924911e+00  1.67300000e-08  3.29942359e+00  1.67300000e-08  0.00000000e+00  1.67300000e-08  0.00000000e+00 
 1.67500000e-08  3.30000000e+00  1.67500000e-08  3.30000000e+00  1.67500000e-08  3.29925218e+00  1.67500000e-08  3.29942596e+00  1.67500000e-08  0.00000000e+00  1.67500000e-08  0.00000000e+00 
 1.67700000e-08  3.30000000e+00  1.67700000e-08  3.30000000e+00  1.67700000e-08  3.29925521e+00  1.67700000e-08  3.29942832e+00  1.67700000e-08  0.00000000e+00  1.67700000e-08  0.00000000e+00 
 1.67900000e-08  3.30000000e+00  1.67900000e-08  3.30000000e+00  1.67900000e-08  3.29925823e+00  1.67900000e-08  3.29943065e+00  1.67900000e-08  0.00000000e+00  1.67900000e-08  0.00000000e+00 
 1.68100000e-08  3.30000000e+00  1.68100000e-08  3.30000000e+00  1.68100000e-08  3.29926122e+00  1.68100000e-08  3.29943298e+00  1.68100000e-08  0.00000000e+00  1.68100000e-08  0.00000000e+00 
 1.68300000e-08  3.30000000e+00  1.68300000e-08  3.30000000e+00  1.68300000e-08  3.29926419e+00  1.68300000e-08  3.29943528e+00  1.68300000e-08  0.00000000e+00  1.68300000e-08  0.00000000e+00 
 1.68500000e-08  3.30000000e+00  1.68500000e-08  3.30000000e+00  1.68500000e-08  3.29926713e+00  1.68500000e-08  3.29943757e+00  1.68500000e-08  0.00000000e+00  1.68500000e-08  0.00000000e+00 
 1.68700000e-08  3.30000000e+00  1.68700000e-08  3.30000000e+00  1.68700000e-08  3.29927006e+00  1.68700000e-08  3.29943983e+00  1.68700000e-08  0.00000000e+00  1.68700000e-08  0.00000000e+00 
 1.68900000e-08  3.30000000e+00  1.68900000e-08  3.30000000e+00  1.68900000e-08  3.29927296e+00  1.68900000e-08  3.29944209e+00  1.68900000e-08  0.00000000e+00  1.68900000e-08  0.00000000e+00 
 1.69100000e-08  3.30000000e+00  1.69100000e-08  3.30000000e+00  1.69100000e-08  3.29927584e+00  1.69100000e-08  3.29944432e+00  1.69100000e-08  0.00000000e+00  1.69100000e-08  0.00000000e+00 
 1.69300000e-08  3.30000000e+00  1.69300000e-08  3.30000000e+00  1.69300000e-08  3.29927870e+00  1.69300000e-08  3.29944654e+00  1.69300000e-08  0.00000000e+00  1.69300000e-08  0.00000000e+00 
 1.69500000e-08  3.30000000e+00  1.69500000e-08  3.30000000e+00  1.69500000e-08  3.29928154e+00  1.69500000e-08  3.29944873e+00  1.69500000e-08  0.00000000e+00  1.69500000e-08  0.00000000e+00 
 1.69700000e-08  3.30000000e+00  1.69700000e-08  3.30000000e+00  1.69700000e-08  3.29928435e+00  1.69700000e-08  3.29945092e+00  1.69700000e-08  0.00000000e+00  1.69700000e-08  0.00000000e+00 
 1.69900000e-08  3.30000000e+00  1.69900000e-08  3.30000000e+00  1.69900000e-08  3.29928715e+00  1.69900000e-08  3.29945309e+00  1.69900000e-08  0.00000000e+00  1.69900000e-08  0.00000000e+00 
 1.70100000e-08  3.30000000e+00  1.70100000e-08  3.30000000e+00  1.70100000e-08  3.29928992e+00  1.70100000e-08  3.29945524e+00  1.70100000e-08  0.00000000e+00  1.70100000e-08  0.00000000e+00 
 1.70300000e-08  3.30000000e+00  1.70300000e-08  3.30000000e+00  1.70300000e-08  3.29929268e+00  1.70300000e-08  3.29945737e+00  1.70300000e-08  0.00000000e+00  1.70300000e-08  0.00000000e+00 
 1.70500000e-08  3.30000000e+00  1.70500000e-08  3.30000000e+00  1.70500000e-08  3.29929541e+00  1.70500000e-08  3.29945950e+00  1.70500000e-08  0.00000000e+00  1.70500000e-08  0.00000000e+00 
 1.70700000e-08  3.30000000e+00  1.70700000e-08  3.30000000e+00  1.70700000e-08  3.29929813e+00  1.70700000e-08  3.29946160e+00  1.70700000e-08  0.00000000e+00  1.70700000e-08  0.00000000e+00 
 1.70900000e-08  3.30000000e+00  1.70900000e-08  3.30000000e+00  1.70900000e-08  3.29930082e+00  1.70900000e-08  3.29946369e+00  1.70900000e-08  0.00000000e+00  1.70900000e-08  0.00000000e+00 
 1.71100000e-08  3.30000000e+00  1.71100000e-08  3.30000000e+00  1.71100000e-08  3.29930350e+00  1.71100000e-08  3.29946576e+00  1.71100000e-08  0.00000000e+00  1.71100000e-08  0.00000000e+00 
 1.71300000e-08  3.30000000e+00  1.71300000e-08  3.30000000e+00  1.71300000e-08  3.29930615e+00  1.71300000e-08  3.29946782e+00  1.71300000e-08  0.00000000e+00  1.71300000e-08  0.00000000e+00 
 1.71500000e-08  3.30000000e+00  1.71500000e-08  3.30000000e+00  1.71500000e-08  3.29930880e+00  1.71500000e-08  3.29946986e+00  1.71500000e-08  0.00000000e+00  1.71500000e-08  0.00000000e+00 
 1.71700000e-08  3.30000000e+00  1.71700000e-08  3.30000000e+00  1.71700000e-08  3.29931141e+00  1.71700000e-08  3.29947190e+00  1.71700000e-08  0.00000000e+00  1.71700000e-08  0.00000000e+00 
 1.71900000e-08  3.30000000e+00  1.71900000e-08  3.30000000e+00  1.71900000e-08  3.29931401e+00  1.71900000e-08  3.29947391e+00  1.71900000e-08  0.00000000e+00  1.71900000e-08  0.00000000e+00 
 1.72100000e-08  3.30000000e+00  1.72100000e-08  3.30000000e+00  1.72100000e-08  3.29931659e+00  1.72100000e-08  3.29947591e+00  1.72100000e-08  0.00000000e+00  1.72100000e-08  0.00000000e+00 
 1.72300000e-08  3.30000000e+00  1.72300000e-08  3.30000000e+00  1.72300000e-08  3.29931916e+00  1.72300000e-08  3.29947789e+00  1.72300000e-08  0.00000000e+00  1.72300000e-08  0.00000000e+00 
 1.72500000e-08  3.30000000e+00  1.72500000e-08  3.30000000e+00  1.72500000e-08  3.29932170e+00  1.72500000e-08  3.29947987e+00  1.72500000e-08  0.00000000e+00  1.72500000e-08  0.00000000e+00 
 1.72700000e-08  3.30000000e+00  1.72700000e-08  3.30000000e+00  1.72700000e-08  3.29932423e+00  1.72700000e-08  3.29948182e+00  1.72700000e-08  0.00000000e+00  1.72700000e-08  0.00000000e+00 
 1.72900000e-08  3.30000000e+00  1.72900000e-08  3.30000000e+00  1.72900000e-08  3.29932674e+00  1.72900000e-08  3.29948377e+00  1.72900000e-08  0.00000000e+00  1.72900000e-08  0.00000000e+00 
 1.73100000e-08  3.30000000e+00  1.73100000e-08  3.30000000e+00  1.73100000e-08  3.29932923e+00  1.73100000e-08  3.29948570e+00  1.73100000e-08  0.00000000e+00  1.73100000e-08  0.00000000e+00 
 1.73300000e-08  3.30000000e+00  1.73300000e-08  3.30000000e+00  1.73300000e-08  3.29933170e+00  1.73300000e-08  3.29948762e+00  1.73300000e-08  0.00000000e+00  1.73300000e-08  0.00000000e+00 
 1.73500000e-08  3.30000000e+00  1.73500000e-08  3.30000000e+00  1.73500000e-08  3.29933416e+00  1.73500000e-08  3.29948952e+00  1.73500000e-08  0.00000000e+00  1.73500000e-08  0.00000000e+00 
 1.73700000e-08  3.30000000e+00  1.73700000e-08  3.30000000e+00  1.73700000e-08  3.29933660e+00  1.73700000e-08  3.29949141e+00  1.73700000e-08  0.00000000e+00  1.73700000e-08  0.00000000e+00 
 1.73900000e-08  3.30000000e+00  1.73900000e-08  3.30000000e+00  1.73900000e-08  3.29933903e+00  1.73900000e-08  3.29949329e+00  1.73900000e-08  0.00000000e+00  1.73900000e-08  0.00000000e+00 
 1.74100000e-08  3.30000000e+00  1.74100000e-08  3.30000000e+00  1.74100000e-08  3.29934143e+00  1.74100000e-08  3.29949515e+00  1.74100000e-08  0.00000000e+00  1.74100000e-08  0.00000000e+00 
 1.74300000e-08  3.30000000e+00  1.74300000e-08  3.30000000e+00  1.74300000e-08  3.29934382e+00  1.74300000e-08  3.29949700e+00  1.74300000e-08  0.00000000e+00  1.74300000e-08  0.00000000e+00 
 1.74500000e-08  3.30000000e+00  1.74500000e-08  3.30000000e+00  1.74500000e-08  3.29934619e+00  1.74500000e-08  3.29949884e+00  1.74500000e-08  0.00000000e+00  1.74500000e-08  0.00000000e+00 
 1.74700000e-08  3.30000000e+00  1.74700000e-08  3.30000000e+00  1.74700000e-08  3.29934856e+00  1.74700000e-08  3.29950066e+00  1.74700000e-08  0.00000000e+00  1.74700000e-08  0.00000000e+00 
 1.74900000e-08  3.30000000e+00  1.74900000e-08  3.30000000e+00  1.74900000e-08  3.29935089e+00  1.74900000e-08  3.29950248e+00  1.74900000e-08  0.00000000e+00  1.74900000e-08  0.00000000e+00 
 1.75100000e-08  3.30000000e+00  1.75100000e-08  3.30000000e+00  1.75100000e-08  3.29935322e+00  1.75100000e-08  3.29950428e+00  1.75100000e-08  0.00000000e+00  1.75100000e-08  0.00000000e+00 
 1.75300000e-08  3.30000000e+00  1.75300000e-08  3.30000000e+00  1.75300000e-08  3.29935553e+00  1.75300000e-08  3.29950607e+00  1.75300000e-08  0.00000000e+00  1.75300000e-08  0.00000000e+00 
 1.75500000e-08  3.30000000e+00  1.75500000e-08  3.30000000e+00  1.75500000e-08  3.29935783e+00  1.75500000e-08  3.29950784e+00  1.75500000e-08  0.00000000e+00  1.75500000e-08  0.00000000e+00 
 1.75700000e-08  3.30000000e+00  1.75700000e-08  3.30000000e+00  1.75700000e-08  3.29936010e+00  1.75700000e-08  3.29950961e+00  1.75700000e-08  0.00000000e+00  1.75700000e-08  0.00000000e+00 
 1.75900000e-08  3.30000000e+00  1.75900000e-08  3.30000000e+00  1.75900000e-08  3.29936237e+00  1.75900000e-08  3.29951136e+00  1.75900000e-08  0.00000000e+00  1.75900000e-08  0.00000000e+00 
 1.76100000e-08  3.30000000e+00  1.76100000e-08  3.30000000e+00  1.76100000e-08  3.29936462e+00  1.76100000e-08  3.29951310e+00  1.76100000e-08  0.00000000e+00  1.76100000e-08  0.00000000e+00 
 1.76300000e-08  3.30000000e+00  1.76300000e-08  3.30000000e+00  1.76300000e-08  3.29936685e+00  1.76300000e-08  3.29951483e+00  1.76300000e-08  0.00000000e+00  1.76300000e-08  0.00000000e+00 
 1.76500000e-08  3.30000000e+00  1.76500000e-08  3.30000000e+00  1.76500000e-08  3.29936907e+00  1.76500000e-08  3.29951655e+00  1.76500000e-08  0.00000000e+00  1.76500000e-08  0.00000000e+00 
 1.76700000e-08  3.30000000e+00  1.76700000e-08  3.30000000e+00  1.76700000e-08  3.29937128e+00  1.76700000e-08  3.29951825e+00  1.76700000e-08  0.00000000e+00  1.76700000e-08  0.00000000e+00 
 1.76900000e-08  3.30000000e+00  1.76900000e-08  3.30000000e+00  1.76900000e-08  3.29937346e+00  1.76900000e-08  3.29951995e+00  1.76900000e-08  0.00000000e+00  1.76900000e-08  0.00000000e+00 
 1.77100000e-08  3.30000000e+00  1.77100000e-08  3.30000000e+00  1.77100000e-08  3.29937564e+00  1.77100000e-08  3.29952163e+00  1.77100000e-08  0.00000000e+00  1.77100000e-08  0.00000000e+00 
 1.77300000e-08  3.30000000e+00  1.77300000e-08  3.30000000e+00  1.77300000e-08  3.29937780e+00  1.77300000e-08  3.29952330e+00  1.77300000e-08  0.00000000e+00  1.77300000e-08  0.00000000e+00 
 1.77500000e-08  3.30000000e+00  1.77500000e-08  3.30000000e+00  1.77500000e-08  3.29937995e+00  1.77500000e-08  3.29952496e+00  1.77500000e-08  0.00000000e+00  1.77500000e-08  0.00000000e+00 
 1.77700000e-08  3.30000000e+00  1.77700000e-08  3.30000000e+00  1.77700000e-08  3.29938208e+00  1.77700000e-08  3.29952662e+00  1.77700000e-08  0.00000000e+00  1.77700000e-08  0.00000000e+00 
 1.77900000e-08  3.30000000e+00  1.77900000e-08  3.30000000e+00  1.77900000e-08  3.29938420e+00  1.77900000e-08  3.29952825e+00  1.77900000e-08  0.00000000e+00  1.77900000e-08  0.00000000e+00 
 1.78100000e-08  3.30000000e+00  1.78100000e-08  3.30000000e+00  1.78100000e-08  3.29938630e+00  1.78100000e-08  3.29952988e+00  1.78100000e-08  0.00000000e+00  1.78100000e-08  0.00000000e+00 
 1.78300000e-08  3.30000000e+00  1.78300000e-08  3.30000000e+00  1.78300000e-08  3.29938840e+00  1.78300000e-08  3.29953150e+00  1.78300000e-08  0.00000000e+00  1.78300000e-08  0.00000000e+00 
 1.78500000e-08  3.30000000e+00  1.78500000e-08  3.30000000e+00  1.78500000e-08  3.29939048e+00  1.78500000e-08  3.29953311e+00  1.78500000e-08  0.00000000e+00  1.78500000e-08  0.00000000e+00 
 1.78700000e-08  3.30000000e+00  1.78700000e-08  3.30000000e+00  1.78700000e-08  3.29939254e+00  1.78700000e-08  3.29953470e+00  1.78700000e-08  0.00000000e+00  1.78700000e-08  0.00000000e+00 
 1.78900000e-08  3.30000000e+00  1.78900000e-08  3.30000000e+00  1.78900000e-08  3.29939459e+00  1.78900000e-08  3.29953629e+00  1.78900000e-08  0.00000000e+00  1.78900000e-08  0.00000000e+00 
 1.79100000e-08  3.30000000e+00  1.79100000e-08  3.30000000e+00  1.79100000e-08  3.29939664e+00  1.79100000e-08  3.29953787e+00  1.79100000e-08  0.00000000e+00  1.79100000e-08  0.00000000e+00 
 1.79300000e-08  3.30000000e+00  1.79300000e-08  3.30000000e+00  1.79300000e-08  3.29939866e+00  1.79300000e-08  3.29953944e+00  1.79300000e-08  0.00000000e+00  1.79300000e-08  0.00000000e+00 
 1.79500000e-08  3.30000000e+00  1.79500000e-08  3.30000000e+00  1.79500000e-08  3.29940067e+00  1.79500000e-08  3.29954099e+00  1.79500000e-08  0.00000000e+00  1.79500000e-08  0.00000000e+00 
 1.79700000e-08  3.30000000e+00  1.79700000e-08  3.30000000e+00  1.79700000e-08  3.29940267e+00  1.79700000e-08  3.29954254e+00  1.79700000e-08  0.00000000e+00  1.79700000e-08  0.00000000e+00 
 1.79900000e-08  3.30000000e+00  1.79900000e-08  3.30000000e+00  1.79900000e-08  3.29940466e+00  1.79900000e-08  3.29954408e+00  1.79900000e-08  0.00000000e+00  1.79900000e-08  0.00000000e+00 
 1.80100000e-08  3.30000000e+00  1.80100000e-08  3.30000000e+00  1.80100000e-08  3.29940663e+00  1.80100000e-08  3.29954561e+00  1.80100000e-08  0.00000000e+00  1.80100000e-08  0.00000000e+00 
 1.80300000e-08  3.30000000e+00  1.80300000e-08  3.30000000e+00  1.80300000e-08  3.29940860e+00  1.80300000e-08  3.29954712e+00  1.80300000e-08  0.00000000e+00  1.80300000e-08  0.00000000e+00 
 1.80500000e-08  3.30000000e+00  1.80500000e-08  3.30000000e+00  1.80500000e-08  3.29941055e+00  1.80500000e-08  3.29954863e+00  1.80500000e-08  0.00000000e+00  1.80500000e-08  0.00000000e+00 
 1.80700000e-08  3.30000000e+00  1.80700000e-08  3.30000000e+00  1.80700000e-08  3.29941249e+00  1.80700000e-08  3.29955013e+00  1.80700000e-08  0.00000000e+00  1.80700000e-08  0.00000000e+00 
 1.80900000e-08  3.30000000e+00  1.80900000e-08  3.30000000e+00  1.80900000e-08  3.29941441e+00  1.80900000e-08  3.29955162e+00  1.80900000e-08  0.00000000e+00  1.80900000e-08  0.00000000e+00 
 1.81100000e-08  3.30000000e+00  1.81100000e-08  3.30000000e+00  1.81100000e-08  3.29941633e+00  1.81100000e-08  3.29955310e+00  1.81100000e-08  0.00000000e+00  1.81100000e-08  0.00000000e+00 
 1.81300000e-08  3.30000000e+00  1.81300000e-08  3.30000000e+00  1.81300000e-08  3.29941823e+00  1.81300000e-08  3.29955457e+00  1.81300000e-08  0.00000000e+00  1.81300000e-08  0.00000000e+00 
 1.81500000e-08  3.30000000e+00  1.81500000e-08  3.30000000e+00  1.81500000e-08  3.29942012e+00  1.81500000e-08  3.29955603e+00  1.81500000e-08  0.00000000e+00  1.81500000e-08  0.00000000e+00 
 1.81700000e-08  3.30000000e+00  1.81700000e-08  3.30000000e+00  1.81700000e-08  3.29942200e+00  1.81700000e-08  3.29955748e+00  1.81700000e-08  0.00000000e+00  1.81700000e-08  0.00000000e+00 
 1.81900000e-08  3.30000000e+00  1.81900000e-08  3.30000000e+00  1.81900000e-08  3.29942387e+00  1.81900000e-08  3.29955892e+00  1.81900000e-08  0.00000000e+00  1.81900000e-08  0.00000000e+00 
 1.82100000e-08  3.30000000e+00  1.82100000e-08  3.30000000e+00  1.82100000e-08  3.29942572e+00  1.82100000e-08  3.29956036e+00  1.82100000e-08  0.00000000e+00  1.82100000e-08  0.00000000e+00 
 1.82300000e-08  3.30000000e+00  1.82300000e-08  3.30000000e+00  1.82300000e-08  3.29942757e+00  1.82300000e-08  3.29956178e+00  1.82300000e-08  0.00000000e+00  1.82300000e-08  0.00000000e+00 
 1.82500000e-08  3.30000000e+00  1.82500000e-08  3.30000000e+00  1.82500000e-08  3.29942940e+00  1.82500000e-08  3.29956320e+00  1.82500000e-08  0.00000000e+00  1.82500000e-08  0.00000000e+00 
 1.82700000e-08  3.30000000e+00  1.82700000e-08  3.30000000e+00  1.82700000e-08  3.29943123e+00  1.82700000e-08  3.29956461e+00  1.82700000e-08  0.00000000e+00  1.82700000e-08  0.00000000e+00 
 1.82900000e-08  3.30000000e+00  1.82900000e-08  3.30000000e+00  1.82900000e-08  3.29943303e+00  1.82900000e-08  3.29956601e+00  1.82900000e-08  0.00000000e+00  1.82900000e-08  0.00000000e+00 
 1.83100000e-08  3.30000000e+00  1.83100000e-08  3.30000000e+00  1.83100000e-08  3.29943484e+00  1.83100000e-08  3.29956740e+00  1.83100000e-08  0.00000000e+00  1.83100000e-08  0.00000000e+00 
 1.83300000e-08  3.30000000e+00  1.83300000e-08  3.30000000e+00  1.83300000e-08  3.29943663e+00  1.83300000e-08  3.29956879e+00  1.83300000e-08  0.00000000e+00  1.83300000e-08  0.00000000e+00 
 1.83500000e-08  3.30000000e+00  1.83500000e-08  3.30000000e+00  1.83500000e-08  3.29943841e+00  1.83500000e-08  3.29957016e+00  1.83500000e-08  0.00000000e+00  1.83500000e-08  0.00000000e+00 
 1.83700000e-08  3.30000000e+00  1.83700000e-08  3.30000000e+00  1.83700000e-08  3.29944017e+00  1.83700000e-08  3.29957153e+00  1.83700000e-08  0.00000000e+00  1.83700000e-08  0.00000000e+00 
 1.83900000e-08  3.30000000e+00  1.83900000e-08  3.30000000e+00  1.83900000e-08  3.29944194e+00  1.83900000e-08  3.29957288e+00  1.83900000e-08  0.00000000e+00  1.83900000e-08  0.00000000e+00 
 1.84100000e-08  3.30000000e+00  1.84100000e-08  3.30000000e+00  1.84100000e-08  3.29944368e+00  1.84100000e-08  3.29957423e+00  1.84100000e-08  0.00000000e+00  1.84100000e-08  0.00000000e+00 
 1.84300000e-08  3.30000000e+00  1.84300000e-08  3.30000000e+00  1.84300000e-08  3.29944542e+00  1.84300000e-08  3.29957557e+00  1.84300000e-08  0.00000000e+00  1.84300000e-08  0.00000000e+00 
 1.84500000e-08  3.30000000e+00  1.84500000e-08  3.30000000e+00  1.84500000e-08  3.29944714e+00  1.84500000e-08  3.29957691e+00  1.84500000e-08  0.00000000e+00  1.84500000e-08  0.00000000e+00 
 1.84700000e-08  3.30000000e+00  1.84700000e-08  3.30000000e+00  1.84700000e-08  3.29944886e+00  1.84700000e-08  3.29957823e+00  1.84700000e-08  0.00000000e+00  1.84700000e-08  0.00000000e+00 
 1.84900000e-08  3.30000000e+00  1.84900000e-08  3.30000000e+00  1.84900000e-08  3.29945057e+00  1.84900000e-08  3.29957955e+00  1.84900000e-08  0.00000000e+00  1.84900000e-08  0.00000000e+00 
 1.85100000e-08  3.30000000e+00  1.85100000e-08  3.30000000e+00  1.85100000e-08  3.29945227e+00  1.85100000e-08  3.29958086e+00  1.85100000e-08  0.00000000e+00  1.85100000e-08  0.00000000e+00 
 1.85300000e-08  3.30000000e+00  1.85300000e-08  3.30000000e+00  1.85300000e-08  3.29945395e+00  1.85300000e-08  3.29958217e+00  1.85300000e-08  0.00000000e+00  1.85300000e-08  0.00000000e+00 
 1.85500000e-08  3.30000000e+00  1.85500000e-08  3.30000000e+00  1.85500000e-08  3.29945563e+00  1.85500000e-08  3.29958346e+00  1.85500000e-08  0.00000000e+00  1.85500000e-08  0.00000000e+00 
 1.85700000e-08  3.30000000e+00  1.85700000e-08  3.30000000e+00  1.85700000e-08  3.29945729e+00  1.85700000e-08  3.29958475e+00  1.85700000e-08  0.00000000e+00  1.85700000e-08  0.00000000e+00 
 1.85900000e-08  3.30000000e+00  1.85900000e-08  3.30000000e+00  1.85900000e-08  3.29945896e+00  1.85900000e-08  3.29958603e+00  1.85900000e-08  0.00000000e+00  1.85900000e-08  0.00000000e+00 
 1.86100000e-08  3.30000000e+00  1.86100000e-08  3.30000000e+00  1.86100000e-08  3.29946060e+00  1.86100000e-08  3.29958730e+00  1.86100000e-08  0.00000000e+00  1.86100000e-08  0.00000000e+00 
 1.86300000e-08  3.30000000e+00  1.86300000e-08  3.30000000e+00  1.86300000e-08  3.29946224e+00  1.86300000e-08  3.29958856e+00  1.86300000e-08  0.00000000e+00  1.86300000e-08  0.00000000e+00 
 1.86500000e-08  3.30000000e+00  1.86500000e-08  3.30000000e+00  1.86500000e-08  3.29946387e+00  1.86500000e-08  3.29958982e+00  1.86500000e-08  0.00000000e+00  1.86500000e-08  0.00000000e+00 
 1.86700000e-08  3.30000000e+00  1.86700000e-08  3.30000000e+00  1.86700000e-08  3.29946549e+00  1.86700000e-08  3.29959107e+00  1.86700000e-08  0.00000000e+00  1.86700000e-08  0.00000000e+00 
 1.86900000e-08  3.30000000e+00  1.86900000e-08  3.30000000e+00  1.86900000e-08  3.29946710e+00  1.86900000e-08  3.29959232e+00  1.86900000e-08  0.00000000e+00  1.86900000e-08  0.00000000e+00 
 1.87100000e-08  3.30000000e+00  1.87100000e-08  3.30000000e+00  1.87100000e-08  3.29946870e+00  1.87100000e-08  3.29959355e+00  1.87100000e-08  0.00000000e+00  1.87100000e-08  0.00000000e+00 
 1.87300000e-08  3.30000000e+00  1.87300000e-08  3.30000000e+00  1.87300000e-08  3.29947029e+00  1.87300000e-08  3.29959478e+00  1.87300000e-08  0.00000000e+00  1.87300000e-08  0.00000000e+00 
 1.87500000e-08  3.30000000e+00  1.87500000e-08  3.30000000e+00  1.87500000e-08  3.29947188e+00  1.87500000e-08  3.29959600e+00  1.87500000e-08  0.00000000e+00  1.87500000e-08  0.00000000e+00 
 1.87700000e-08  3.30000000e+00  1.87700000e-08  3.30000000e+00  1.87700000e-08  3.29947345e+00  1.87700000e-08  3.29959722e+00  1.87700000e-08  0.00000000e+00  1.87700000e-08  0.00000000e+00 
 1.87900000e-08  3.30000000e+00  1.87900000e-08  3.30000000e+00  1.87900000e-08  3.29947502e+00  1.87900000e-08  3.29959842e+00  1.87900000e-08  0.00000000e+00  1.87900000e-08  0.00000000e+00 
 1.88100000e-08  3.30000000e+00  1.88100000e-08  3.30000000e+00  1.88100000e-08  3.29947657e+00  1.88100000e-08  3.29959963e+00  1.88100000e-08  0.00000000e+00  1.88100000e-08  0.00000000e+00 
 1.88300000e-08  3.30000000e+00  1.88300000e-08  3.30000000e+00  1.88300000e-08  3.29947812e+00  1.88300000e-08  3.29960082e+00  1.88300000e-08  0.00000000e+00  1.88300000e-08  0.00000000e+00 
 1.88500000e-08  3.30000000e+00  1.88500000e-08  3.30000000e+00  1.88500000e-08  3.29947966e+00  1.88500000e-08  3.29960201e+00  1.88500000e-08  0.00000000e+00  1.88500000e-08  0.00000000e+00 
 1.88700000e-08  3.30000000e+00  1.88700000e-08  3.30000000e+00  1.88700000e-08  3.29948119e+00  1.88700000e-08  3.29960319e+00  1.88700000e-08  0.00000000e+00  1.88700000e-08  0.00000000e+00 
 1.88900000e-08  3.30000000e+00  1.88900000e-08  3.30000000e+00  1.88900000e-08  3.29948271e+00  1.88900000e-08  3.29960436e+00  1.88900000e-08  0.00000000e+00  1.88900000e-08  0.00000000e+00 
 1.89100000e-08  3.30000000e+00  1.89100000e-08  3.30000000e+00  1.89100000e-08  3.29948422e+00  1.89100000e-08  3.29960553e+00  1.89100000e-08  0.00000000e+00  1.89100000e-08  0.00000000e+00 
 1.89300000e-08  3.30000000e+00  1.89300000e-08  3.30000000e+00  1.89300000e-08  3.29948573e+00  1.89300000e-08  3.29960669e+00  1.89300000e-08  0.00000000e+00  1.89300000e-08  0.00000000e+00 
 1.89500000e-08  3.30000000e+00  1.89500000e-08  3.30000000e+00  1.89500000e-08  3.29948723e+00  1.89500000e-08  3.29960784e+00  1.89500000e-08  0.00000000e+00  1.89500000e-08  0.00000000e+00 
 1.89700000e-08  3.30000000e+00  1.89700000e-08  3.30000000e+00  1.89700000e-08  3.29948871e+00  1.89700000e-08  3.29960899e+00  1.89700000e-08  0.00000000e+00  1.89700000e-08  0.00000000e+00 
 1.89900000e-08  3.30000000e+00  1.89900000e-08  3.30000000e+00  1.89900000e-08  3.29949020e+00  1.89900000e-08  3.29961013e+00  1.89900000e-08  0.00000000e+00  1.89900000e-08  0.00000000e+00 
 1.90100000e-08  3.30000000e+00  1.90100000e-08  3.30000000e+00  1.90100000e-08  3.29949166e+00  1.90100000e-08  3.29961127e+00  1.90100000e-08  0.00000000e+00  1.90100000e-08  0.00000000e+00 
 1.90300000e-08  3.30000000e+00  1.90300000e-08  3.30000000e+00  1.90300000e-08  3.29949313e+00  1.90300000e-08  3.29961240e+00  1.90300000e-08  0.00000000e+00  1.90300000e-08  0.00000000e+00 
 1.90500000e-08  3.30000000e+00  1.90500000e-08  3.30000000e+00  1.90500000e-08  3.29949458e+00  1.90500000e-08  3.29961352e+00  1.90500000e-08  0.00000000e+00  1.90500000e-08  0.00000000e+00 
 1.90700000e-08  3.30000000e+00  1.90700000e-08  3.30000000e+00  1.90700000e-08  3.29949604e+00  1.90700000e-08  3.29961464e+00  1.90700000e-08  0.00000000e+00  1.90700000e-08  0.00000000e+00 
 1.90900000e-08  3.30000000e+00  1.90900000e-08  3.30000000e+00  1.90900000e-08  3.29949747e+00  1.90900000e-08  3.29961575e+00  1.90900000e-08  0.00000000e+00  1.90900000e-08  0.00000000e+00 
 1.91100000e-08  3.30000000e+00  1.91100000e-08  3.30000000e+00  1.91100000e-08  3.29949891e+00  1.91100000e-08  3.29961685e+00  1.91100000e-08  0.00000000e+00  1.91100000e-08  0.00000000e+00 
 1.91300000e-08  3.30000000e+00  1.91300000e-08  3.30000000e+00  1.91300000e-08  3.29950033e+00  1.91300000e-08  3.29961796e+00  1.91300000e-08  0.00000000e+00  1.91300000e-08  0.00000000e+00 
 1.91500000e-08  3.30000000e+00  1.91500000e-08  3.30000000e+00  1.91500000e-08  3.29950175e+00  1.91500000e-08  3.29961904e+00  1.91500000e-08  0.00000000e+00  1.91500000e-08  0.00000000e+00 
 1.91700000e-08  3.30000000e+00  1.91700000e-08  3.30000000e+00  1.91700000e-08  3.29950315e+00  1.91700000e-08  3.29962013e+00  1.91700000e-08  0.00000000e+00  1.91700000e-08  0.00000000e+00 
 1.91900000e-08  3.30000000e+00  1.91900000e-08  3.30000000e+00  1.91900000e-08  3.29950456e+00  1.91900000e-08  3.29962121e+00  1.91900000e-08  0.00000000e+00  1.91900000e-08  0.00000000e+00 
 1.92100000e-08  3.30000000e+00  1.92100000e-08  3.30000000e+00  1.92100000e-08  3.29950595e+00  1.92100000e-08  3.29962229e+00  1.92100000e-08  0.00000000e+00  1.92100000e-08  0.00000000e+00 
 1.92300000e-08  3.30000000e+00  1.92300000e-08  3.30000000e+00  1.92300000e-08  3.29950734e+00  1.92300000e-08  3.29962336e+00  1.92300000e-08  0.00000000e+00  1.92300000e-08  0.00000000e+00 
 1.92500000e-08  3.30000000e+00  1.92500000e-08  3.30000000e+00  1.92500000e-08  3.29950872e+00  1.92500000e-08  3.29962442e+00  1.92500000e-08  0.00000000e+00  1.92500000e-08  0.00000000e+00 
 1.92700000e-08  3.30000000e+00  1.92700000e-08  3.30000000e+00  1.92700000e-08  3.29951009e+00  1.92700000e-08  3.29962548e+00  1.92700000e-08  0.00000000e+00  1.92700000e-08  0.00000000e+00 
 1.92900000e-08  3.30000000e+00  1.92900000e-08  3.30000000e+00  1.92900000e-08  3.29951145e+00  1.92900000e-08  3.29962653e+00  1.92900000e-08  0.00000000e+00  1.92900000e-08  0.00000000e+00 
 1.93100000e-08  3.30000000e+00  1.93100000e-08  3.30000000e+00  1.93100000e-08  3.29951282e+00  1.93100000e-08  3.29962758e+00  1.93100000e-08  0.00000000e+00  1.93100000e-08  0.00000000e+00 
 1.93300000e-08  3.30000000e+00  1.93300000e-08  3.30000000e+00  1.93300000e-08  3.29951416e+00  1.93300000e-08  3.29962862e+00  1.93300000e-08  0.00000000e+00  1.93300000e-08  0.00000000e+00 
 1.93500000e-08  3.30000000e+00  1.93500000e-08  3.30000000e+00  1.93500000e-08  3.29951551e+00  1.93500000e-08  3.29962965e+00  1.93500000e-08  0.00000000e+00  1.93500000e-08  0.00000000e+00 
 1.93700000e-08  3.30000000e+00  1.93700000e-08  3.30000000e+00  1.93700000e-08  3.29951684e+00  1.93700000e-08  3.29963069e+00  1.93700000e-08  0.00000000e+00  1.93700000e-08  0.00000000e+00 
 1.93900000e-08  3.30000000e+00  1.93900000e-08  3.30000000e+00  1.93900000e-08  3.29951817e+00  1.93900000e-08  3.29963171e+00  1.93900000e-08  0.00000000e+00  1.93900000e-08  0.00000000e+00 
 1.94100000e-08  3.30000000e+00  1.94100000e-08  3.30000000e+00  1.94100000e-08  3.29951949e+00  1.94100000e-08  3.29963273e+00  1.94100000e-08  0.00000000e+00  1.94100000e-08  0.00000000e+00 
 1.94300000e-08  3.30000000e+00  1.94300000e-08  3.30000000e+00  1.94300000e-08  3.29952081e+00  1.94300000e-08  3.29963374e+00  1.94300000e-08  0.00000000e+00  1.94300000e-08  0.00000000e+00 
 1.94500000e-08  3.30000000e+00  1.94500000e-08  3.30000000e+00  1.94500000e-08  3.29952212e+00  1.94500000e-08  3.29963475e+00  1.94500000e-08  0.00000000e+00  1.94500000e-08  0.00000000e+00 
 1.94700000e-08  3.30000000e+00  1.94700000e-08  3.30000000e+00  1.94700000e-08  3.29952342e+00  1.94700000e-08  3.29963575e+00  1.94700000e-08  0.00000000e+00  1.94700000e-08  0.00000000e+00 
 1.94900000e-08  3.30000000e+00  1.94900000e-08  3.30000000e+00  1.94900000e-08  3.29952471e+00  1.94900000e-08  3.29963675e+00  1.94900000e-08  0.00000000e+00  1.94900000e-08  0.00000000e+00 
 1.95100000e-08  3.30000000e+00  1.95100000e-08  3.30000000e+00  1.95100000e-08  3.29952601e+00  1.95100000e-08  3.29963774e+00  1.95100000e-08  0.00000000e+00  1.95100000e-08  0.00000000e+00 
 1.95300000e-08  3.30000000e+00  1.95300000e-08  3.30000000e+00  1.95300000e-08  3.29952728e+00  1.95300000e-08  3.29963873e+00  1.95300000e-08  0.00000000e+00  1.95300000e-08  0.00000000e+00 
 1.95500000e-08  3.30000000e+00  1.95500000e-08  3.30000000e+00  1.95500000e-08  3.29952856e+00  1.95500000e-08  3.29963971e+00  1.95500000e-08  0.00000000e+00  1.95500000e-08  0.00000000e+00 
 1.95700000e-08  3.30000000e+00  1.95700000e-08  3.30000000e+00  1.95700000e-08  3.29952983e+00  1.95700000e-08  3.29964069e+00  1.95700000e-08  0.00000000e+00  1.95700000e-08  0.00000000e+00 
 1.95900000e-08  3.30000000e+00  1.95900000e-08  3.30000000e+00  1.95900000e-08  3.29953109e+00  1.95900000e-08  3.29964166e+00  1.95900000e-08  0.00000000e+00  1.95900000e-08  0.00000000e+00 
 1.96100000e-08  3.30000000e+00  1.96100000e-08  3.30000000e+00  1.96100000e-08  3.29953235e+00  1.96100000e-08  3.29964263e+00  1.96100000e-08  0.00000000e+00  1.96100000e-08  0.00000000e+00 
 1.96300000e-08  3.30000000e+00  1.96300000e-08  3.30000000e+00  1.96300000e-08  3.29953360e+00  1.96300000e-08  3.29964359e+00  1.96300000e-08  0.00000000e+00  1.96300000e-08  0.00000000e+00 
 1.96500000e-08  3.30000000e+00  1.96500000e-08  3.30000000e+00  1.96500000e-08  3.29953484e+00  1.96500000e-08  3.29964455e+00  1.96500000e-08  0.00000000e+00  1.96500000e-08  0.00000000e+00 
 1.96700000e-08  3.30000000e+00  1.96700000e-08  3.30000000e+00  1.96700000e-08  3.29953608e+00  1.96700000e-08  3.29964550e+00  1.96700000e-08  0.00000000e+00  1.96700000e-08  0.00000000e+00 
 1.96900000e-08  3.30000000e+00  1.96900000e-08  3.30000000e+00  1.96900000e-08  3.29953731e+00  1.96900000e-08  3.29964645e+00  1.96900000e-08  0.00000000e+00  1.96900000e-08  0.00000000e+00 
 1.97100000e-08  3.30000000e+00  1.97100000e-08  3.30000000e+00  1.97100000e-08  3.29953853e+00  1.97100000e-08  3.29964739e+00  1.97100000e-08  0.00000000e+00  1.97100000e-08  0.00000000e+00 
 1.97300000e-08  3.30000000e+00  1.97300000e-08  3.30000000e+00  1.97300000e-08  3.29953975e+00  1.97300000e-08  3.29964834e+00  1.97300000e-08  0.00000000e+00  1.97300000e-08  0.00000000e+00 
 1.97500000e-08  3.30000000e+00  1.97500000e-08  3.30000000e+00  1.97500000e-08  3.29954096e+00  1.97500000e-08  3.29964927e+00  1.97500000e-08  0.00000000e+00  1.97500000e-08  0.00000000e+00 
 1.97700000e-08  3.30000000e+00  1.97700000e-08  3.30000000e+00  1.97700000e-08  3.29954217e+00  1.97700000e-08  3.29965020e+00  1.97700000e-08  0.00000000e+00  1.97700000e-08  0.00000000e+00 
 1.97900000e-08  3.30000000e+00  1.97900000e-08  3.30000000e+00  1.97900000e-08  3.29954337e+00  1.97900000e-08  3.29965112e+00  1.97900000e-08  0.00000000e+00  1.97900000e-08  0.00000000e+00 
 1.98100000e-08  3.30000000e+00  1.98100000e-08  3.30000000e+00  1.98100000e-08  3.29954456e+00  1.98100000e-08  3.29965204e+00  1.98100000e-08  0.00000000e+00  1.98100000e-08  0.00000000e+00 
 1.98300000e-08  3.30000000e+00  1.98300000e-08  3.30000000e+00  1.98300000e-08  3.29954575e+00  1.98300000e-08  3.29965295e+00  1.98300000e-08  0.00000000e+00  1.98300000e-08  0.00000000e+00 
 1.98500000e-08  3.30000000e+00  1.98500000e-08  3.30000000e+00  1.98500000e-08  3.29954693e+00  1.98500000e-08  3.29965387e+00  1.98500000e-08  0.00000000e+00  1.98500000e-08  0.00000000e+00 
 1.98700000e-08  3.30000000e+00  1.98700000e-08  3.30000000e+00  1.98700000e-08  3.29954811e+00  1.98700000e-08  3.29965477e+00  1.98700000e-08  0.00000000e+00  1.98700000e-08  0.00000000e+00 
 1.98900000e-08  3.30000000e+00  1.98900000e-08  3.30000000e+00  1.98900000e-08  3.29954928e+00  1.98900000e-08  3.29965567e+00  1.98900000e-08  0.00000000e+00  1.98900000e-08  0.00000000e+00 
 1.99100000e-08  3.30000000e+00  1.99100000e-08  3.30000000e+00  1.99100000e-08  3.29955045e+00  1.99100000e-08  3.29965657e+00  1.99100000e-08  0.00000000e+00  1.99100000e-08  0.00000000e+00 
 1.99300000e-08  3.30000000e+00  1.99300000e-08  3.30000000e+00  1.99300000e-08  3.29955160e+00  1.99300000e-08  3.29965746e+00  1.99300000e-08  0.00000000e+00  1.99300000e-08  0.00000000e+00 
 1.99500000e-08  3.30000000e+00  1.99500000e-08  3.30000000e+00  1.99500000e-08  3.29955276e+00  1.99500000e-08  3.29965835e+00  1.99500000e-08  0.00000000e+00  1.99500000e-08  0.00000000e+00 
 1.99700000e-08  3.30000000e+00  1.99700000e-08  3.30000000e+00  1.99700000e-08  3.29955390e+00  1.99700000e-08  3.29965923e+00  1.99700000e-08  0.00000000e+00  1.99700000e-08  0.00000000e+00 
 1.99900000e-08  3.30000000e+00  1.99900000e-08  3.30000000e+00  1.99900000e-08  3.29955505e+00  1.99900000e-08  3.29966011e+00  1.99900000e-08  0.00000000e+00  1.99900000e-08  0.00000000e+00 
 2.00100000e-08  3.30000000e+00  2.00100000e-08  3.30000000e+00  2.00100000e-08  3.29955618e+00  2.00100000e-08  3.29966099e+00  2.00100000e-08  0.00000000e+00  2.00100000e-08  0.00000000e+00 
 2.00300000e-08  3.30000000e+00  2.00300000e-08  3.30000000e+00  2.00300000e-08  3.29955731e+00  2.00300000e-08  3.29966186e+00  2.00300000e-08  0.00000000e+00  2.00300000e-08  0.00000000e+00 
 2.00500000e-08  3.30000000e+00  2.00500000e-08  3.30000000e+00  2.00500000e-08  3.29955844e+00  2.00500000e-08  3.29966273e+00  2.00500000e-08  0.00000000e+00  2.00500000e-08  0.00000000e+00 
 2.00700000e-08  3.30000000e+00  2.00700000e-08  3.30000000e+00  2.00700000e-08  3.29955956e+00  2.00700000e-08  3.29966359e+00  2.00700000e-08  0.00000000e+00  2.00700000e-08  0.00000000e+00 
 2.00900000e-08  3.30000000e+00  2.00900000e-08  3.30000000e+00  2.00900000e-08  3.29956067e+00  2.00900000e-08  3.29966445e+00  2.00900000e-08  0.00000000e+00  2.00900000e-08  0.00000000e+00 
 2.01100000e-08  3.30000000e+00  2.01100000e-08  3.30000000e+00  2.01100000e-08  3.29956178e+00  2.01100000e-08  3.29966530e+00  2.01100000e-08  0.00000000e+00  2.01100000e-08  0.00000000e+00 
 2.01300000e-08  3.30000000e+00  2.01300000e-08  3.30000000e+00  2.01300000e-08  3.29956288e+00  2.01300000e-08  3.29966615e+00  2.01300000e-08  0.00000000e+00  2.01300000e-08  0.00000000e+00 
 2.01500000e-08  3.30000000e+00  2.01500000e-08  3.30000000e+00  2.01500000e-08  3.29956399e+00  2.01500000e-08  3.29966699e+00  2.01500000e-08  0.00000000e+00  2.01500000e-08  0.00000000e+00 
 2.01700000e-08  3.30000000e+00  2.01700000e-08  3.30000000e+00  2.01700000e-08  3.29956508e+00  2.01700000e-08  3.29966784e+00  2.01700000e-08  0.00000000e+00  2.01700000e-08  0.00000000e+00 
 2.01900000e-08  3.30000000e+00  2.01900000e-08  3.30000000e+00  2.01900000e-08  3.29956617e+00  2.01900000e-08  3.29966867e+00  2.01900000e-08  0.00000000e+00  2.01900000e-08  0.00000000e+00 
 2.02100000e-08  3.30000000e+00  2.02100000e-08  3.30000000e+00  2.02100000e-08  3.29956725e+00  2.02100000e-08  3.29966951e+00  2.02100000e-08  0.00000000e+00  2.02100000e-08  0.00000000e+00 
 2.02300000e-08  3.30000000e+00  2.02300000e-08  3.30000000e+00  2.02300000e-08  3.29956833e+00  2.02300000e-08  3.29967033e+00  2.02300000e-08  0.00000000e+00  2.02300000e-08  0.00000000e+00 
 2.02500000e-08  3.30000000e+00  2.02500000e-08  3.30000000e+00  2.02500000e-08  3.29956940e+00  2.02500000e-08  3.29967116e+00  2.02500000e-08  0.00000000e+00  2.02500000e-08  0.00000000e+00 
 2.02700000e-08  3.30000000e+00  2.02700000e-08  3.30000000e+00  2.02700000e-08  3.29957047e+00  2.02700000e-08  3.29967198e+00  2.02700000e-08  0.00000000e+00  2.02700000e-08  0.00000000e+00 
 2.02900000e-08  3.30000000e+00  2.02900000e-08  3.30000000e+00  2.02900000e-08  3.29957153e+00  2.02900000e-08  3.29967280e+00  2.02900000e-08  0.00000000e+00  2.02900000e-08  0.00000000e+00 
 2.03100000e-08  3.30000000e+00  2.03100000e-08  3.30000000e+00  2.03100000e-08  3.29957259e+00  2.03100000e-08  3.29967361e+00  2.03100000e-08  0.00000000e+00  2.03100000e-08  0.00000000e+00 
 2.03300000e-08  3.30000000e+00  2.03300000e-08  3.30000000e+00  2.03300000e-08  3.29957364e+00  2.03300000e-08  3.29967442e+00  2.03300000e-08  0.00000000e+00  2.03300000e-08  0.00000000e+00 
 2.03500000e-08  3.30000000e+00  2.03500000e-08  3.30000000e+00  2.03500000e-08  3.29957469e+00  2.03500000e-08  3.29967523e+00  2.03500000e-08  0.00000000e+00  2.03500000e-08  0.00000000e+00 
 2.03700000e-08  3.30000000e+00  2.03700000e-08  3.30000000e+00  2.03700000e-08  3.29957573e+00  2.03700000e-08  3.29967603e+00  2.03700000e-08  0.00000000e+00  2.03700000e-08  0.00000000e+00 
 2.03900000e-08  3.30000000e+00  2.03900000e-08  3.30000000e+00  2.03900000e-08  3.29957677e+00  2.03900000e-08  3.29967683e+00  2.03900000e-08  0.00000000e+00  2.03900000e-08  0.00000000e+00 
 2.04100000e-08  3.30000000e+00  2.04100000e-08  3.30000000e+00  2.04100000e-08  3.29957780e+00  2.04100000e-08  3.29967763e+00  2.04100000e-08  0.00000000e+00  2.04100000e-08  0.00000000e+00 
 2.04300000e-08  3.30000000e+00  2.04300000e-08  3.30000000e+00  2.04300000e-08  3.29957883e+00  2.04300000e-08  3.29967841e+00  2.04300000e-08  0.00000000e+00  2.04300000e-08  0.00000000e+00 
 2.04500000e-08  3.30000000e+00  2.04500000e-08  3.30000000e+00  2.04500000e-08  3.29957985e+00  2.04500000e-08  3.29967920e+00  2.04500000e-08  0.00000000e+00  2.04500000e-08  0.00000000e+00 
 2.04700000e-08  3.30000000e+00  2.04700000e-08  3.30000000e+00  2.04700000e-08  3.29958087e+00  2.04700000e-08  3.29967999e+00  2.04700000e-08  0.00000000e+00  2.04700000e-08  0.00000000e+00 
 2.04900000e-08  3.30000000e+00  2.04900000e-08  3.30000000e+00  2.04900000e-08  3.29958188e+00  2.04900000e-08  3.29968077e+00  2.04900000e-08  0.00000000e+00  2.04900000e-08  0.00000000e+00 
 2.05100000e-08  3.30000000e+00  2.05100000e-08  3.30000000e+00  2.05100000e-08  3.29958290e+00  2.05100000e-08  3.29968154e+00  2.05100000e-08  0.00000000e+00  2.05100000e-08  0.00000000e+00 
 2.05300000e-08  3.30000000e+00  2.05300000e-08  3.30000000e+00  2.05300000e-08  3.29958390e+00  2.05300000e-08  3.29968232e+00  2.05300000e-08  0.00000000e+00  2.05300000e-08  0.00000000e+00 
 2.05500000e-08  3.30000000e+00  2.05500000e-08  3.30000000e+00  2.05500000e-08  3.29958490e+00  2.05500000e-08  3.29968308e+00  2.05500000e-08  0.00000000e+00  2.05500000e-08  0.00000000e+00 
 2.05700000e-08  3.30000000e+00  2.05700000e-08  3.30000000e+00  2.05700000e-08  3.29958589e+00  2.05700000e-08  3.29968385e+00  2.05700000e-08  0.00000000e+00  2.05700000e-08  0.00000000e+00 
 2.05900000e-08  3.30000000e+00  2.05900000e-08  3.30000000e+00  2.05900000e-08  3.29958689e+00  2.05900000e-08  3.29968461e+00  2.05900000e-08  0.00000000e+00  2.05900000e-08  0.00000000e+00 
 2.06100000e-08  3.30000000e+00  2.06100000e-08  3.30000000e+00  2.06100000e-08  3.29958787e+00  2.06100000e-08  3.29968537e+00  2.06100000e-08  0.00000000e+00  2.06100000e-08  0.00000000e+00 
 2.06300000e-08  3.30000000e+00  2.06300000e-08  3.30000000e+00  2.06300000e-08  3.29958886e+00  2.06300000e-08  3.29968613e+00  2.06300000e-08  0.00000000e+00  2.06300000e-08  0.00000000e+00 
 2.06500000e-08  3.30000000e+00  2.06500000e-08  3.30000000e+00  2.06500000e-08  3.29958983e+00  2.06500000e-08  3.29968688e+00  2.06500000e-08  0.00000000e+00  2.06500000e-08  0.00000000e+00 
 2.06700000e-08  3.30000000e+00  2.06700000e-08  3.30000000e+00  2.06700000e-08  3.29959081e+00  2.06700000e-08  3.29968763e+00  2.06700000e-08  0.00000000e+00  2.06700000e-08  0.00000000e+00 
 2.06900000e-08  3.30000000e+00  2.06900000e-08  3.30000000e+00  2.06900000e-08  3.29959177e+00  2.06900000e-08  3.29968837e+00  2.06900000e-08  0.00000000e+00  2.06900000e-08  0.00000000e+00 
 2.07100000e-08  3.30000000e+00  2.07100000e-08  3.30000000e+00  2.07100000e-08  3.29959274e+00  2.07100000e-08  3.29968911e+00  2.07100000e-08  0.00000000e+00  2.07100000e-08  0.00000000e+00 
 2.07300000e-08  3.30000000e+00  2.07300000e-08  3.30000000e+00  2.07300000e-08  3.29959370e+00  2.07300000e-08  3.29968985e+00  2.07300000e-08  0.00000000e+00  2.07300000e-08  0.00000000e+00 
 2.07500000e-08  3.30000000e+00  2.07500000e-08  3.30000000e+00  2.07500000e-08  3.29959466e+00  2.07500000e-08  3.29969058e+00  2.07500000e-08  0.00000000e+00  2.07500000e-08  0.00000000e+00 
 2.07700000e-08  3.30000000e+00  2.07700000e-08  3.30000000e+00  2.07700000e-08  3.29959561e+00  2.07700000e-08  3.29969132e+00  2.07700000e-08  0.00000000e+00  2.07700000e-08  0.00000000e+00 
 2.07900000e-08  3.30000000e+00  2.07900000e-08  3.30000000e+00  2.07900000e-08  3.29959656e+00  2.07900000e-08  3.29969204e+00  2.07900000e-08  0.00000000e+00  2.07900000e-08  0.00000000e+00 
 2.08100000e-08  3.30000000e+00  2.08100000e-08  3.30000000e+00  2.08100000e-08  3.29959750e+00  2.08100000e-08  3.29969277e+00  2.08100000e-08  0.00000000e+00  2.08100000e-08  0.00000000e+00 
 2.08300000e-08  3.30000000e+00  2.08300000e-08  3.30000000e+00  2.08300000e-08  3.29959844e+00  2.08300000e-08  3.29969349e+00  2.08300000e-08  0.00000000e+00  2.08300000e-08  0.00000000e+00 
 2.08500000e-08  3.30000000e+00  2.08500000e-08  3.30000000e+00  2.08500000e-08  3.29959937e+00  2.08500000e-08  3.29969421e+00  2.08500000e-08  0.00000000e+00  2.08500000e-08  0.00000000e+00 
 2.08700000e-08  3.30000000e+00  2.08700000e-08  3.30000000e+00  2.08700000e-08  3.29960030e+00  2.08700000e-08  3.29969492e+00  2.08700000e-08  0.00000000e+00  2.08700000e-08  0.00000000e+00 
 2.08900000e-08  3.30000000e+00  2.08900000e-08  3.30000000e+00  2.08900000e-08  3.29960123e+00  2.08900000e-08  3.29969564e+00  2.08900000e-08  0.00000000e+00  2.08900000e-08  0.00000000e+00 
 2.09100000e-08  3.30000000e+00  2.09100000e-08  3.30000000e+00  2.09100000e-08  3.29960215e+00  2.09100000e-08  3.29969635e+00  2.09100000e-08  0.00000000e+00  2.09100000e-08  0.00000000e+00 
 2.09300000e-08  3.30000000e+00  2.09300000e-08  3.30000000e+00  2.09300000e-08  3.29960307e+00  2.09300000e-08  3.29969705e+00  2.09300000e-08  0.00000000e+00  2.09300000e-08  0.00000000e+00 
 2.09500000e-08  3.30000000e+00  2.09500000e-08  3.30000000e+00  2.09500000e-08  3.29960398e+00  2.09500000e-08  3.29969775e+00  2.09500000e-08  0.00000000e+00  2.09500000e-08  0.00000000e+00 
 2.09700000e-08  3.30000000e+00  2.09700000e-08  3.30000000e+00  2.09700000e-08  3.29960489e+00  2.09700000e-08  3.29969846e+00  2.09700000e-08  0.00000000e+00  2.09700000e-08  0.00000000e+00 
 2.09900000e-08  3.30000000e+00  2.09900000e-08  3.30000000e+00  2.09900000e-08  3.29960580e+00  2.09900000e-08  3.29969915e+00  2.09900000e-08  0.00000000e+00  2.09900000e-08  0.00000000e+00 
 2.10100000e-08  3.30000000e+00  2.10100000e-08  3.30000000e+00  2.10100000e-08  3.29960670e+00  2.10100000e-08  3.29969985e+00  2.10100000e-08  0.00000000e+00  2.10100000e-08  0.00000000e+00 
 2.10300000e-08  3.30000000e+00  2.10300000e-08  3.30000000e+00  2.10300000e-08  3.29960760e+00  2.10300000e-08  3.29970053e+00  2.10300000e-08  0.00000000e+00  2.10300000e-08  0.00000000e+00 
 2.10500000e-08  3.30000000e+00  2.10500000e-08  3.30000000e+00  2.10500000e-08  3.29960849e+00  2.10500000e-08  3.29970122e+00  2.10500000e-08  0.00000000e+00  2.10500000e-08  0.00000000e+00 
 2.10700000e-08  3.30000000e+00  2.10700000e-08  3.30000000e+00  2.10700000e-08  3.29960939e+00  2.10700000e-08  3.29970190e+00  2.10700000e-08  0.00000000e+00  2.10700000e-08  0.00000000e+00 
 2.10900000e-08  3.30000000e+00  2.10900000e-08  3.30000000e+00  2.10900000e-08  3.29961027e+00  2.10900000e-08  3.29970259e+00  2.10900000e-08  0.00000000e+00  2.10900000e-08  0.00000000e+00 
 2.11100000e-08  3.30000000e+00  2.11100000e-08  3.30000000e+00  2.11100000e-08  3.29961115e+00  2.11100000e-08  3.29970326e+00  2.11100000e-08  0.00000000e+00  2.11100000e-08  0.00000000e+00 
 2.11300000e-08  3.30000000e+00  2.11300000e-08  3.30000000e+00  2.11300000e-08  3.29961203e+00  2.11300000e-08  3.29970394e+00  2.11300000e-08  0.00000000e+00  2.11300000e-08  0.00000000e+00 
 2.11500000e-08  3.30000000e+00  2.11500000e-08  3.30000000e+00  2.11500000e-08  3.29961291e+00  2.11500000e-08  3.29970461e+00  2.11500000e-08  0.00000000e+00  2.11500000e-08  0.00000000e+00 
 2.11700000e-08  3.30000000e+00  2.11700000e-08  3.30000000e+00  2.11700000e-08  3.29961378e+00  2.11700000e-08  3.29970528e+00  2.11700000e-08  0.00000000e+00  2.11700000e-08  0.00000000e+00 
 2.11900000e-08  3.30000000e+00  2.11900000e-08  3.30000000e+00  2.11900000e-08  3.29961465e+00  2.11900000e-08  3.29970595e+00  2.11900000e-08  0.00000000e+00  2.11900000e-08  0.00000000e+00 
 2.12100000e-08  3.30000000e+00  2.12100000e-08  3.30000000e+00  2.12100000e-08  3.29961551e+00  2.12100000e-08  3.29970661e+00  2.12100000e-08  0.00000000e+00  2.12100000e-08  0.00000000e+00 
 2.12300000e-08  3.30000000e+00  2.12300000e-08  3.30000000e+00  2.12300000e-08  3.29961637e+00  2.12300000e-08  3.29970727e+00  2.12300000e-08  0.00000000e+00  2.12300000e-08  0.00000000e+00 
 2.12500000e-08  3.30000000e+00  2.12500000e-08  3.30000000e+00  2.12500000e-08  3.29961722e+00  2.12500000e-08  3.29970793e+00  2.12500000e-08  0.00000000e+00  2.12500000e-08  0.00000000e+00 
 2.12700000e-08  3.30000000e+00  2.12700000e-08  3.30000000e+00  2.12700000e-08  3.29961808e+00  2.12700000e-08  3.29970859e+00  2.12700000e-08  0.00000000e+00  2.12700000e-08  0.00000000e+00 
 2.12900000e-08  3.30000000e+00  2.12900000e-08  3.30000000e+00  2.12900000e-08  3.29961893e+00  2.12900000e-08  3.29970924e+00  2.12900000e-08  0.00000000e+00  2.12900000e-08  0.00000000e+00 
 2.13100000e-08  3.30000000e+00  2.13100000e-08  3.30000000e+00  2.13100000e-08  3.29961978e+00  2.13100000e-08  3.29970989e+00  2.13100000e-08  0.00000000e+00  2.13100000e-08  0.00000000e+00 
 2.13300000e-08  3.30000000e+00  2.13300000e-08  3.30000000e+00  2.13300000e-08  3.29962061e+00  2.13300000e-08  3.29971054e+00  2.13300000e-08  0.00000000e+00  2.13300000e-08  0.00000000e+00 
 2.13500000e-08  3.30000000e+00  2.13500000e-08  3.30000000e+00  2.13500000e-08  3.29962146e+00  2.13500000e-08  3.29971118e+00  2.13500000e-08  0.00000000e+00  2.13500000e-08  0.00000000e+00 
 2.13700000e-08  3.30000000e+00  2.13700000e-08  3.30000000e+00  2.13700000e-08  3.29962229e+00  2.13700000e-08  3.29971182e+00  2.13700000e-08  0.00000000e+00  2.13700000e-08  0.00000000e+00 
 2.13900000e-08  3.30000000e+00  2.13900000e-08  3.30000000e+00  2.13900000e-08  3.29962312e+00  2.13900000e-08  3.29971246e+00  2.13900000e-08  0.00000000e+00  2.13900000e-08  0.00000000e+00 
 2.14100000e-08  3.30000000e+00  2.14100000e-08  3.30000000e+00  2.14100000e-08  3.29962395e+00  2.14100000e-08  3.29971310e+00  2.14100000e-08  0.00000000e+00  2.14100000e-08  0.00000000e+00 
 2.14300000e-08  3.30000000e+00  2.14300000e-08  3.30000000e+00  2.14300000e-08  3.29962478e+00  2.14300000e-08  3.29971373e+00  2.14300000e-08  0.00000000e+00  2.14300000e-08  0.00000000e+00 
 2.14500000e-08  3.30000000e+00  2.14500000e-08  3.30000000e+00  2.14500000e-08  3.29962559e+00  2.14500000e-08  3.29971436e+00  2.14500000e-08  0.00000000e+00  2.14500000e-08  0.00000000e+00 
 2.14700000e-08  3.30000000e+00  2.14700000e-08  3.30000000e+00  2.14700000e-08  3.29962641e+00  2.14700000e-08  3.29971499e+00  2.14700000e-08  0.00000000e+00  2.14700000e-08  0.00000000e+00 
 2.14900000e-08  3.30000000e+00  2.14900000e-08  3.30000000e+00  2.14900000e-08  3.29962722e+00  2.14900000e-08  3.29971561e+00  2.14900000e-08  0.00000000e+00  2.14900000e-08  0.00000000e+00 
 2.15100000e-08  3.30000000e+00  2.15100000e-08  3.30000000e+00  2.15100000e-08  3.29962804e+00  2.15100000e-08  3.29971623e+00  2.15100000e-08  0.00000000e+00  2.15100000e-08  0.00000000e+00 
 2.15300000e-08  3.30000000e+00  2.15300000e-08  3.30000000e+00  2.15300000e-08  3.29962884e+00  2.15300000e-08  3.29971686e+00  2.15300000e-08  0.00000000e+00  2.15300000e-08  0.00000000e+00 
 2.15500000e-08  3.30000000e+00  2.15500000e-08  3.30000000e+00  2.15500000e-08  3.29962965e+00  2.15500000e-08  3.29971747e+00  2.15500000e-08  0.00000000e+00  2.15500000e-08  0.00000000e+00 
 2.15700000e-08  3.30000000e+00  2.15700000e-08  3.30000000e+00  2.15700000e-08  3.29963045e+00  2.15700000e-08  3.29971809e+00  2.15700000e-08  0.00000000e+00  2.15700000e-08  0.00000000e+00 
 2.15900000e-08  3.30000000e+00  2.15900000e-08  3.30000000e+00  2.15900000e-08  3.29963125e+00  2.15900000e-08  3.29971870e+00  2.15900000e-08  0.00000000e+00  2.15900000e-08  0.00000000e+00 
 2.16100000e-08  3.30000000e+00  2.16100000e-08  3.30000000e+00  2.16100000e-08  3.29963204e+00  2.16100000e-08  3.29971931e+00  2.16100000e-08  0.00000000e+00  2.16100000e-08  0.00000000e+00 
 2.16300000e-08  3.30000000e+00  2.16300000e-08  3.30000000e+00  2.16300000e-08  3.29963283e+00  2.16300000e-08  3.29971992e+00  2.16300000e-08  0.00000000e+00  2.16300000e-08  0.00000000e+00 
 2.16500000e-08  3.30000000e+00  2.16500000e-08  3.30000000e+00  2.16500000e-08  3.29963362e+00  2.16500000e-08  3.29972052e+00  2.16500000e-08  0.00000000e+00  2.16500000e-08  0.00000000e+00 
 2.16700000e-08  3.30000000e+00  2.16700000e-08  3.30000000e+00  2.16700000e-08  3.29963441e+00  2.16700000e-08  3.29972112e+00  2.16700000e-08  0.00000000e+00  2.16700000e-08  0.00000000e+00 
 2.16900000e-08  3.30000000e+00  2.16900000e-08  3.30000000e+00  2.16900000e-08  3.29963518e+00  2.16900000e-08  3.29972172e+00  2.16900000e-08  0.00000000e+00  2.16900000e-08  0.00000000e+00 
 2.17100000e-08  3.30000000e+00  2.17100000e-08  3.30000000e+00  2.17100000e-08  3.29963597e+00  2.17100000e-08  3.29972232e+00  2.17100000e-08  0.00000000e+00  2.17100000e-08  0.00000000e+00 
 2.17300000e-08  3.30000000e+00  2.17300000e-08  3.30000000e+00  2.17300000e-08  3.29963674e+00  2.17300000e-08  3.29972292e+00  2.17300000e-08  0.00000000e+00  2.17300000e-08  0.00000000e+00 
 2.17500000e-08  3.30000000e+00  2.17500000e-08  3.30000000e+00  2.17500000e-08  3.29963751e+00  2.17500000e-08  3.29972351e+00  2.17500000e-08  0.00000000e+00  2.17500000e-08  0.00000000e+00 
 2.17700000e-08  3.30000000e+00  2.17700000e-08  3.30000000e+00  2.17700000e-08  3.29963828e+00  2.17700000e-08  3.29972410e+00  2.17700000e-08  0.00000000e+00  2.17700000e-08  0.00000000e+00 
 2.17900000e-08  3.30000000e+00  2.17900000e-08  3.30000000e+00  2.17900000e-08  3.29963905e+00  2.17900000e-08  3.29972468e+00  2.17900000e-08  0.00000000e+00  2.17900000e-08  0.00000000e+00 
 2.18100000e-08  3.30000000e+00  2.18100000e-08  3.30000000e+00  2.18100000e-08  3.29963980e+00  2.18100000e-08  3.29972527e+00  2.18100000e-08  0.00000000e+00  2.18100000e-08  0.00000000e+00 
 2.18300000e-08  3.30000000e+00  2.18300000e-08  3.30000000e+00  2.18300000e-08  3.29964057e+00  2.18300000e-08  3.29972585e+00  2.18300000e-08  0.00000000e+00  2.18300000e-08  0.00000000e+00 
 2.18500000e-08  3.30000000e+00  2.18500000e-08  3.30000000e+00  2.18500000e-08  3.29964132e+00  2.18500000e-08  3.29972644e+00  2.18500000e-08  0.00000000e+00  2.18500000e-08  0.00000000e+00 
 2.18700000e-08  3.30000000e+00  2.18700000e-08  3.30000000e+00  2.18700000e-08  3.29964208e+00  2.18700000e-08  3.29972701e+00  2.18700000e-08  0.00000000e+00  2.18700000e-08  0.00000000e+00 
 2.18900000e-08  3.30000000e+00  2.18900000e-08  3.30000000e+00  2.18900000e-08  3.29964282e+00  2.18900000e-08  3.29972759e+00  2.18900000e-08  0.00000000e+00  2.18900000e-08  0.00000000e+00 
 2.19100000e-08  3.30000000e+00  2.19100000e-08  3.30000000e+00  2.19100000e-08  3.29964357e+00  2.19100000e-08  3.29972816e+00  2.19100000e-08  0.00000000e+00  2.19100000e-08  0.00000000e+00 
 2.19300000e-08  3.30000000e+00  2.19300000e-08  3.30000000e+00  2.19300000e-08  3.29964431e+00  2.19300000e-08  3.29972873e+00  2.19300000e-08  0.00000000e+00  2.19300000e-08  0.00000000e+00 
 2.19500000e-08  3.30000000e+00  2.19500000e-08  3.30000000e+00  2.19500000e-08  3.29964506e+00  2.19500000e-08  3.29972930e+00  2.19500000e-08  0.00000000e+00  2.19500000e-08  0.00000000e+00 
 2.19700000e-08  3.30000000e+00  2.19700000e-08  3.30000000e+00  2.19700000e-08  3.29964579e+00  2.19700000e-08  3.29972987e+00  2.19700000e-08  0.00000000e+00  2.19700000e-08  0.00000000e+00 
 2.19850000e-08  3.30000000e+00  2.19850000e-08  3.30000000e+00  2.19850000e-08  3.29964635e+00  2.19850000e-08  3.29973029e+00  2.19850000e-08  0.00000000e+00  2.19850000e-08  0.00000000e+00 
 2.20000000e-08  3.30000000e+00  2.20000000e-08  3.30000000e+00  2.20000000e-08  3.29964690e+00  2.20000000e-08  3.29973071e+00  2.20000000e-08  0.00000000e+00  2.20000000e-08  0.00000000e+00 
 2.20020000e-08  3.30000799e+00  2.20020000e-08  3.30000799e+00  2.20020000e-08  3.30225742e+00  2.20020000e-08  3.30234330e+00  2.20020000e-08  6.60000000e-02  2.20020000e-08  0.00000000e+00 
 2.20060000e-08  3.30001877e+00  2.20060000e-08  3.30001878e+00  2.20060000e-08  3.30738741e+00  2.20060000e-08  3.30747565e+00  2.20060000e-08  1.98000000e-01  2.20060000e-08  0.00000000e+00 
 2.20140000e-08  3.30002102e+00  2.20140000e-08  3.30002103e+00  2.20140000e-08  3.31708844e+00  2.20140000e-08  3.31718170e+00  2.20140000e-08  4.62000000e-01  2.20140000e-08  0.00000000e+00 
 2.20300000e-08  3.30000807e+00  2.20300000e-08  3.30000811e+00  2.20300000e-08  3.33468775e+00  2.20300000e-08  3.33481326e+00  2.20300000e-08  9.90000000e-01  2.20300000e-08  0.00000000e+00 
 2.20500000e-08  3.30000027e+00  2.20500000e-08  3.30000026e+00  2.20500000e-08  3.35539403e+00  2.20500000e-08  3.35553970e+00  2.20500000e-08  1.65000000e+00  2.20500000e-08  0.00000000e+00 
 2.20700000e-08  3.30000258e+00  2.20700000e-08  3.30000248e+00  2.20700000e-08  3.37758163e+00  2.20700000e-08  3.37767274e+00  2.20700000e-08  2.31000000e+00  2.20700000e-08  0.00000000e+00 
 2.20850000e-08  3.30000059e+00  2.20850000e-08  3.30000048e+00  2.20850000e-08  3.39395131e+00  2.20850000e-08  3.39395533e+00  2.20850000e-08  2.80500000e+00  2.20850000e-08  0.00000000e+00 
 2.21000000e-08  3.29998554e+00  2.21000000e-08  3.29998538e+00  2.21000000e-08  3.40140805e+00  2.21000000e-08  3.40126090e+00  2.21000000e-08  3.30000000e+00  2.21000000e-08  0.00000000e+00 
 2.21020000e-08  3.29998503e+00  2.21020000e-08  3.29998478e+00  2.21020000e-08  3.40183673e+00  2.21020000e-08  3.40164025e+00  2.21020000e-08  3.30000000e+00  2.21020000e-08  0.00000000e+00 
 2.21060000e-08  3.29998524e+00  2.21060000e-08  3.29998485e+00  2.21060000e-08  3.40277674e+00  2.21060000e-08  3.40247340e+00  2.21060000e-08  3.30000000e+00  2.21060000e-08  0.00000000e+00 
 2.21140000e-08  3.29998916e+00  2.21140000e-08  3.29998866e+00  2.21140000e-08  3.40496743e+00  2.21140000e-08  3.40442408e+00  2.21140000e-08  3.30000000e+00  2.21140000e-08  0.00000000e+00 
 2.21300000e-08  3.29999753e+00  2.21300000e-08  3.29999711e+00  2.21300000e-08  3.41047776e+00  2.21300000e-08  3.40938920e+00  2.21300000e-08  3.30000000e+00  2.21300000e-08  0.00000000e+00 
 2.21500000e-08  3.30000129e+00  2.21500000e-08  3.30000125e+00  2.21500000e-08  3.41863969e+00  2.21500000e-08  3.41692074e+00  2.21500000e-08  3.30000000e+00  2.21500000e-08  0.00000000e+00 
 2.21700000e-08  3.29999932e+00  2.21700000e-08  3.29999980e+00  2.21700000e-08  3.42638672e+00  2.21700000e-08  3.42436186e+00  2.21700000e-08  3.30000000e+00  2.21700000e-08  0.00000000e+00 
 2.21900000e-08  3.29999633e+00  2.21900000e-08  3.29999723e+00  2.21900000e-08  3.43167317e+00  2.21900000e-08  3.42986607e+00  2.21900000e-08  3.30000000e+00  2.21900000e-08  0.00000000e+00 
 2.22100000e-08  3.29999393e+00  2.22100000e-08  3.29999497e+00  2.22100000e-08  3.43298536e+00  2.22100000e-08  3.43198762e+00  2.22100000e-08  3.30000000e+00  2.22100000e-08  0.00000000e+00 
 2.22300000e-08  3.29999288e+00  2.22300000e-08  3.29999385e+00  2.22300000e-08  3.42946759e+00  2.22300000e-08  3.42985150e+00  2.22300000e-08  3.30000000e+00  2.22300000e-08  0.00000000e+00 
 2.22500000e-08  3.29999252e+00  2.22500000e-08  3.29999329e+00  2.22500000e-08  3.42080817e+00  2.22500000e-08  3.42308792e+00  2.22500000e-08  3.30000000e+00  2.22500000e-08  0.00000000e+00 
 2.22700000e-08  3.29999311e+00  2.22700000e-08  3.29999356e+00  2.22700000e-08  3.40708065e+00  2.22700000e-08  3.41170146e+00  2.22700000e-08  3.30000000e+00  2.22700000e-08  0.00000000e+00 
 2.22900000e-08  3.29999419e+00  2.22900000e-08  3.29999435e+00  2.22900000e-08  3.38860158e+00  2.22900000e-08  3.39594102e+00  2.22900000e-08  3.30000000e+00  2.22900000e-08  0.00000000e+00 
 2.23100000e-08  3.29999543e+00  2.23100000e-08  3.29999539e+00  2.23100000e-08  3.36582377e+00  2.23100000e-08  3.37619647e+00  2.23100000e-08  3.30000000e+00  2.23100000e-08  0.00000000e+00 
 2.23300000e-08  3.29999662e+00  2.23300000e-08  3.29999647e+00  2.23300000e-08  3.33926049e+00  2.23300000e-08  3.35292340e+00  2.23300000e-08  3.30000000e+00  2.23300000e-08  0.00000000e+00 
 2.23500000e-08  3.29999763e+00  2.23500000e-08  3.29999746e+00  2.23500000e-08  3.30943479e+00  2.23500000e-08  3.32659279e+00  2.23500000e-08  3.30000000e+00  2.23500000e-08  0.00000000e+00 
 2.23700000e-08  3.29999842e+00  2.23700000e-08  3.29999828e+00  2.23700000e-08  3.27684760e+00  2.23700000e-08  3.29765906e+00  2.23700000e-08  3.30000000e+00  2.23700000e-08  0.00000000e+00 
 2.23900000e-08  3.29999902e+00  2.23900000e-08  3.29999892e+00  2.23900000e-08  3.24195740e+00  2.23900000e-08  3.26654280e+00  2.23900000e-08  3.30000000e+00  2.23900000e-08  0.00000000e+00 
 2.24100000e-08  3.29999946e+00  2.24100000e-08  3.29999939e+00  2.24100000e-08  3.20517274e+00  2.24100000e-08  3.23361924e+00  2.24100000e-08  3.30000000e+00  2.24100000e-08  0.00000000e+00 
 2.24300000e-08  3.29999978e+00  2.24300000e-08  3.29999973e+00  2.24300000e-08  3.16684736e+00  2.24300000e-08  3.19921751e+00  2.24300000e-08  3.30000000e+00  2.24300000e-08  0.00000000e+00 
 2.24500000e-08  3.30000002e+00  2.24500000e-08  3.29999998e+00  2.24500000e-08  3.12728203e+00  2.24500000e-08  3.16361862e+00  2.24500000e-08  3.30000000e+00  2.24500000e-08  0.00000000e+00 
 2.24700000e-08  3.30000019e+00  2.24700000e-08  3.30000016e+00  2.24700000e-08  3.08672970e+00  2.24700000e-08  3.12705987e+00  2.24700000e-08  3.30000000e+00  2.24700000e-08  0.00000000e+00 
 2.24900000e-08  3.30000030e+00  2.24900000e-08  3.30000027e+00  2.24900000e-08  3.04540121e+00  2.24900000e-08  3.08973962e+00  2.24900000e-08  3.30000000e+00  2.24900000e-08  0.00000000e+00 
 2.25100000e-08  3.30000036e+00  2.25100000e-08  3.30000035e+00  2.25100000e-08  3.00347087e+00  2.25100000e-08  3.05182220e+00  2.25100000e-08  3.30000000e+00  2.25100000e-08  0.00000000e+00 
 2.25300000e-08  3.30000040e+00  2.25300000e-08  3.30000039e+00  2.25300000e-08  2.96108176e+00  2.25300000e-08  3.01344285e+00  2.25300000e-08  3.30000000e+00  2.25300000e-08  0.00000000e+00 
 2.25500000e-08  3.30000042e+00  2.25500000e-08  3.30000041e+00  2.25500000e-08  2.91835103e+00  2.25500000e-08  2.97471240e+00  2.25500000e-08  3.30000000e+00  2.25500000e-08  0.00000000e+00 
 2.25700000e-08  3.30000043e+00  2.25700000e-08  3.30000042e+00  2.25700000e-08  2.87537413e+00  2.25700000e-08  2.93572123e+00  2.25700000e-08  3.30000000e+00  2.25700000e-08  0.00000000e+00 
 2.25900000e-08  3.30000044e+00  2.25900000e-08  3.30000041e+00  2.25900000e-08  2.83222891e+00  2.25900000e-08  2.89654303e+00  2.25900000e-08  3.30000000e+00  2.25900000e-08  0.00000000e+00 
 2.26100000e-08  3.30000043e+00  2.26100000e-08  3.30000041e+00  2.26100000e-08  2.78897869e+00  2.26100000e-08  2.85723762e+00  2.26100000e-08  3.30000000e+00  2.26100000e-08  0.00000000e+00 
 2.26300000e-08  3.30000043e+00  2.26300000e-08  3.30000040e+00  2.26300000e-08  2.74567516e+00  2.26300000e-08  2.81785374e+00  2.26300000e-08  3.30000000e+00  2.26300000e-08  0.00000000e+00 
 2.26500000e-08  3.30000042e+00  2.26500000e-08  3.30000039e+00  2.26500000e-08  2.70236049e+00  2.26500000e-08  2.77843098e+00  2.26500000e-08  3.30000000e+00  2.26500000e-08  0.00000000e+00 
 2.26700000e-08  3.30000041e+00  2.26700000e-08  3.30000038e+00  2.26700000e-08  2.65906930e+00  2.26700000e-08  2.73900172e+00  2.26700000e-08  3.30000000e+00  2.26700000e-08  0.00000000e+00 
 2.26900000e-08  3.30000040e+00  2.26900000e-08  3.30000037e+00  2.26900000e-08  2.61583005e+00  2.26900000e-08  2.69959238e+00  2.26900000e-08  3.30000000e+00  2.26900000e-08  0.00000000e+00 
 2.27100000e-08  3.30000039e+00  2.27100000e-08  3.30000036e+00  2.27100000e-08  2.57266639e+00  2.27100000e-08  2.66022473e+00  2.27100000e-08  3.30000000e+00  2.27100000e-08  0.00000000e+00 
 2.27300000e-08  3.30000038e+00  2.27300000e-08  3.30000035e+00  2.27300000e-08  2.52959801e+00  2.27300000e-08  2.62091673e+00  2.27300000e-08  3.30000000e+00  2.27300000e-08  0.00000000e+00 
 2.27500000e-08  3.30000037e+00  2.27500000e-08  3.30000033e+00  2.27500000e-08  2.48664161e+00  2.27500000e-08  2.58168338e+00  2.27500000e-08  3.30000000e+00  2.27500000e-08  0.00000000e+00 
 2.27700000e-08  3.30000036e+00  2.27700000e-08  3.30000032e+00  2.27700000e-08  2.44381137e+00  2.27700000e-08  2.54253725e+00  2.27700000e-08  3.30000000e+00  2.27700000e-08  0.00000000e+00 
 2.27900000e-08  3.30000035e+00  2.27900000e-08  3.30000031e+00  2.27900000e-08  2.40111969e+00  2.27900000e-08  2.50348909e+00  2.27900000e-08  3.30000000e+00  2.27900000e-08  0.00000000e+00 
 2.28100000e-08  3.30000034e+00  2.28100000e-08  3.30000030e+00  2.28100000e-08  2.35857741e+00  2.28100000e-08  2.46454808e+00  2.28100000e-08  3.30000000e+00  2.28100000e-08  0.00000000e+00 
 2.28300000e-08  3.30000033e+00  2.28300000e-08  3.30000030e+00  2.28300000e-08  2.31619437e+00  2.28300000e-08  2.42572234e+00  2.28300000e-08  3.30000000e+00  2.28300000e-08  0.00000000e+00 
 2.28500000e-08  3.30000033e+00  2.28500000e-08  3.30000029e+00  2.28500000e-08  2.27397953e+00  2.28500000e-08  2.38701904e+00  2.28500000e-08  3.30000000e+00  2.28500000e-08  0.00000000e+00 
 2.28700000e-08  3.30000032e+00  2.28700000e-08  3.30000028e+00  2.28700000e-08  2.23194138e+00  2.28700000e-08  2.34844476e+00  2.28700000e-08  3.30000000e+00  2.28700000e-08  0.00000000e+00 
 2.28900000e-08  3.30000031e+00  2.28900000e-08  3.30000027e+00  2.28900000e-08  2.19008796e+00  2.28900000e-08  2.31000551e+00  2.28900000e-08  3.30000000e+00  2.28900000e-08  0.00000000e+00 
 2.29100000e-08  3.30000031e+00  2.29100000e-08  3.30000027e+00  2.29100000e-08  2.14842726e+00  2.29100000e-08  2.27170709e+00  2.29100000e-08  3.30000000e+00  2.29100000e-08  0.00000000e+00 
 2.29300000e-08  3.30000031e+00  2.29300000e-08  3.30000026e+00  2.29300000e-08  2.10696712e+00  2.29300000e-08  2.23355498e+00  2.29300000e-08  3.30000000e+00  2.29300000e-08  0.00000000e+00 
 2.29500000e-08  3.30000030e+00  2.29500000e-08  3.30000026e+00  2.29500000e-08  2.06571561e+00  2.29500000e-08  2.19555470e+00  2.29500000e-08  3.30000000e+00  2.29500000e-08  0.00000000e+00 
 2.29700000e-08  3.30000030e+00  2.29700000e-08  3.30000025e+00  2.29700000e-08  2.02468093e+00  2.29700000e-08  2.15771165e+00  2.29700000e-08  3.30000000e+00  2.29700000e-08  0.00000000e+00 
 2.29900000e-08  3.30000030e+00  2.29900000e-08  3.30000025e+00  2.29900000e-08  1.98387168e+00  2.29900000e-08  2.12003141e+00  2.29900000e-08  3.30000000e+00  2.29900000e-08  0.00000000e+00 
 2.30100000e-08  3.30000030e+00  2.30100000e-08  3.30000025e+00  2.30100000e-08  1.94329672e+00  2.30100000e-08  2.08251961e+00  2.30100000e-08  3.30000000e+00  2.30100000e-08  0.00000000e+00 
 2.30300000e-08  3.30000030e+00  2.30300000e-08  3.30000025e+00  2.30300000e-08  1.90296521e+00  2.30300000e-08  2.04518212e+00  2.30300000e-08  3.30000000e+00  2.30300000e-08  0.00000000e+00 
 2.30500000e-08  3.30000030e+00  2.30500000e-08  3.30000024e+00  2.30500000e-08  1.86288610e+00  2.30500000e-08  2.00802496e+00  2.30500000e-08  3.30000000e+00  2.30500000e-08  0.00000000e+00 
 2.30700000e-08  3.30000030e+00  2.30700000e-08  3.30000024e+00  2.30700000e-08  1.82306714e+00  2.30700000e-08  1.97105438e+00  2.30700000e-08  3.30000000e+00  2.30700000e-08  0.00000000e+00 
 2.30900000e-08  3.30000030e+00  2.30900000e-08  3.30000024e+00  2.30900000e-08  1.78351311e+00  2.30900000e-08  1.93427679e+00  2.30900000e-08  3.30000000e+00  2.30900000e-08  0.00000000e+00 
 2.31100000e-08  3.30000029e+00  2.31100000e-08  3.30000024e+00  2.31100000e-08  1.74422676e+00  2.31100000e-08  1.89769870e+00  2.31100000e-08  3.30000000e+00  2.31100000e-08  0.00000000e+00 
 2.31300000e-08  3.30000029e+00  2.31300000e-08  3.30000024e+00  2.31300000e-08  1.70520610e+00  2.31300000e-08  1.86132643e+00  2.31300000e-08  3.30000000e+00  2.31300000e-08  0.00000000e+00 
 2.31500000e-08  3.30000028e+00  2.31500000e-08  3.30000024e+00  2.31500000e-08  1.66644372e+00  2.31500000e-08  1.82516585e+00  2.31500000e-08  3.30000000e+00  2.31500000e-08  0.00000000e+00 
 2.31700000e-08  3.30000026e+00  2.31700000e-08  3.30000024e+00  2.31700000e-08  1.62792724e+00  2.31700000e-08  1.78922118e+00  2.31700000e-08  3.30000000e+00  2.31700000e-08  0.00000000e+00 
 2.31900000e-08  3.30000025e+00  2.31900000e-08  3.30000024e+00  2.31900000e-08  1.58964129e+00  2.31900000e-08  1.75349397e+00  2.31900000e-08  3.30000000e+00  2.31900000e-08  0.00000000e+00 
 2.32100000e-08  3.30000023e+00  2.32100000e-08  3.30000024e+00  2.32100000e-08  1.55156970e+00  2.32100000e-08  1.71798393e+00  2.32100000e-08  3.30000000e+00  2.32100000e-08  0.00000000e+00 
 2.32300000e-08  3.30000022e+00  2.32300000e-08  3.30000023e+00  2.32300000e-08  1.51369786e+00  2.32300000e-08  1.68268737e+00  2.32300000e-08  3.30000000e+00  2.32300000e-08  0.00000000e+00 
 2.32500000e-08  3.30000021e+00  2.32500000e-08  3.30000022e+00  2.32500000e-08  1.47601369e+00  2.32500000e-08  1.64759694e+00  2.32500000e-08  3.30000000e+00  2.32500000e-08  0.00000000e+00 
 2.32700000e-08  3.30000020e+00  2.32700000e-08  3.30000021e+00  2.32700000e-08  1.43850828e+00  2.32700000e-08  1.61270241e+00  2.32700000e-08  3.30000000e+00  2.32700000e-08  0.00000000e+00 
 2.32900000e-08  3.30000019e+00  2.32900000e-08  3.30000020e+00  2.32900000e-08  1.40117547e+00  2.32900000e-08  1.57799181e+00  2.32900000e-08  3.30000000e+00  2.32900000e-08  0.00000000e+00 
 2.33100000e-08  3.30000018e+00  2.33100000e-08  3.30000019e+00  2.33100000e-08  1.36401162e+00  2.33100000e-08  1.54345305e+00  2.33100000e-08  3.30000000e+00  2.33100000e-08  0.00000000e+00 
 2.33300000e-08  3.30000018e+00  2.33300000e-08  3.30000018e+00  2.33300000e-08  1.32701499e+00  2.33300000e-08  1.50907503e+00  2.33300000e-08  3.30000000e+00  2.33300000e-08  0.00000000e+00 
 2.33500000e-08  3.30000018e+00  2.33500000e-08  3.30000017e+00  2.33500000e-08  1.29018552e+00  2.33500000e-08  1.47484854e+00  2.33500000e-08  3.30000000e+00  2.33500000e-08  0.00000000e+00 
 2.33700000e-08  3.30000017e+00  2.33700000e-08  3.30000016e+00  2.33700000e-08  1.25352437e+00  2.33700000e-08  1.44076635e+00  2.33700000e-08  3.30000000e+00  2.33700000e-08  0.00000000e+00 
 2.33900000e-08  3.30000017e+00  2.33900000e-08  3.30000015e+00  2.33900000e-08  1.21703400e+00  2.33900000e-08  1.40682329e+00  2.33900000e-08  3.30000000e+00  2.33900000e-08  0.00000000e+00 
 2.34100000e-08  3.30000018e+00  2.34100000e-08  3.30000015e+00  2.34100000e-08  1.18071797e+00  2.34100000e-08  1.37301584e+00  2.34100000e-08  3.30000000e+00  2.34100000e-08  0.00000000e+00 
 2.34300000e-08  3.30000018e+00  2.34300000e-08  3.30000014e+00  2.34300000e-08  1.14458121e+00  2.34300000e-08  1.33934199e+00  2.34300000e-08  3.30000000e+00  2.34300000e-08  0.00000000e+00 
 2.34500000e-08  3.30000018e+00  2.34500000e-08  3.30000014e+00  2.34500000e-08  1.10863019e+00  2.34500000e-08  1.30580082e+00  2.34500000e-08  3.30000000e+00  2.34500000e-08  0.00000000e+00 
 2.34700000e-08  3.30000018e+00  2.34700000e-08  3.30000014e+00  2.34700000e-08  1.07287366e+00  2.34700000e-08  1.27239246e+00  2.34700000e-08  3.30000000e+00  2.34700000e-08  0.00000000e+00 
 2.34900000e-08  3.30000019e+00  2.34900000e-08  3.30000014e+00  2.34900000e-08  1.03732343e+00  2.34900000e-08  1.23911777e+00  2.34900000e-08  3.30000000e+00  2.34900000e-08  0.00000000e+00 
 2.35100000e-08  3.30000020e+00  2.35100000e-08  3.30000014e+00  2.35100000e-08  1.00199629e+00  2.35100000e-08  1.20597847e+00  2.35100000e-08  3.30000000e+00  2.35100000e-08  0.00000000e+00 
 2.35300000e-08  3.30000022e+00  2.35300000e-08  3.30000014e+00  2.35300000e-08  9.66916855e-01  2.35300000e-08  1.17297696e+00  2.35300000e-08  3.30000000e+00  2.35300000e-08  0.00000000e+00 
 2.35500000e-08  3.30000024e+00  2.35500000e-08  3.30000014e+00  2.35500000e-08  9.32123460e-01  2.35500000e-08  1.14011663e+00  2.35500000e-08  3.30000000e+00  2.35500000e-08  0.00000000e+00 
 2.35700000e-08  3.30000028e+00  2.35700000e-08  3.30000014e+00  2.35700000e-08  8.97679349e-01  2.35700000e-08  1.10740197e+00  2.35700000e-08  3.30000000e+00  2.35700000e-08  0.00000000e+00 
 2.35900000e-08  3.30000036e+00  2.35900000e-08  3.30000015e+00  2.35900000e-08  8.63697212e-01  2.35900000e-08  1.07483960e+00  2.35900000e-08  3.30000000e+00  2.35900000e-08  0.00000000e+00 
 2.36100000e-08  3.30000051e+00  2.36100000e-08  3.30000016e+00  2.36100000e-08  8.30395975e-01  2.36100000e-08  1.04244059e+00  2.36100000e-08  3.30000000e+00  2.36100000e-08  0.00000000e+00 
 2.36300000e-08  3.30000082e+00  2.36300000e-08  3.30000018e+00  2.36300000e-08  7.98235071e-01  2.36300000e-08  1.01022845e+00  2.36300000e-08  3.30000000e+00  2.36300000e-08  0.00000000e+00 
 2.36500000e-08  3.30000143e+00  2.36500000e-08  3.30000022e+00  2.36500000e-08  7.68124582e-01  2.36500000e-08  9.78251288e-01  2.36500000e-08  3.30000000e+00  2.36500000e-08  0.00000000e+00 
 2.36700000e-08  3.30000232e+00  2.36700000e-08  3.30000027e+00  2.36700000e-08  7.41342740e-01  2.36700000e-08  9.46566259e-01  2.36700000e-08  3.30000000e+00  2.36700000e-08  0.00000000e+00 
 2.36900000e-08  3.30000302e+00  2.36900000e-08  3.30000028e+00  2.36900000e-08  7.18829764e-01  2.36900000e-08  9.15186675e-01  2.36900000e-08  3.30000000e+00  2.36900000e-08  0.00000000e+00 
 2.37100000e-08  3.30000310e+00  2.37100000e-08  3.30000022e+00  2.37100000e-08  7.00569874e-01  2.37100000e-08  8.84066605e-01  2.37100000e-08  3.30000000e+00  2.37100000e-08  0.00000000e+00 
 2.37300000e-08  3.30000265e+00  2.37300000e-08  3.30000016e+00  2.37300000e-08  6.85827918e-01  2.37300000e-08  8.53150475e-01  2.37300000e-08  3.30000000e+00  2.37300000e-08  0.00000000e+00 
 2.37500000e-08  3.30000204e+00  2.37500000e-08  3.30000017e+00  2.37500000e-08  6.73734409e-01  2.37500000e-08  8.22461661e-01  2.37500000e-08  3.30000000e+00  2.37500000e-08  0.00000000e+00 
 2.37700000e-08  3.30000152e+00  2.37700000e-08  3.30000033e+00  2.37700000e-08  6.63588562e-01  2.37700000e-08  7.92252331e-01  2.37700000e-08  3.30000000e+00  2.37700000e-08  0.00000000e+00 
 2.37900000e-08  3.30000114e+00  2.37900000e-08  3.30000080e+00  2.37900000e-08  6.54896518e-01  2.37900000e-08  7.63222034e-01  2.37900000e-08  3.30000000e+00  2.37900000e-08  0.00000000e+00 
 2.38100000e-08  3.30000089e+00  2.38100000e-08  3.30000159e+00  2.38100000e-08  6.47314509e-01  2.38100000e-08  7.36527625e-01  2.38100000e-08  3.30000000e+00  2.38100000e-08  0.00000000e+00 
 2.38300000e-08  3.30000068e+00  2.38300000e-08  3.30000236e+00  2.38300000e-08  6.40579911e-01  2.38300000e-08  7.13222660e-01  2.38300000e-08  3.30000000e+00  2.38300000e-08  0.00000000e+00 
 2.38500000e-08  3.30000049e+00  2.38500000e-08  3.30000264e+00  2.38500000e-08  6.34472152e-01  2.38500000e-08  6.93588823e-01  2.38500000e-08  3.30000000e+00  2.38500000e-08  0.00000000e+00 
 2.38700000e-08  3.30000033e+00  2.38700000e-08  3.30000238e+00  2.38700000e-08  6.28805406e-01  2.38700000e-08  6.77158024e-01  2.38700000e-08  3.30000000e+00  2.38700000e-08  0.00000000e+00 
 2.38900000e-08  3.30000021e+00  2.38900000e-08  3.30000189e+00  2.38900000e-08  6.23429217e-01  2.38900000e-08  6.63204175e-01  2.38900000e-08  3.30000000e+00  2.38900000e-08  0.00000000e+00 
 2.39100000e-08  3.30000012e+00  2.39100000e-08  3.30000141e+00  2.39100000e-08  6.18228131e-01  2.39100000e-08  6.51084770e-01  2.39100000e-08  3.30000000e+00  2.39100000e-08  0.00000000e+00 
 2.39300000e-08  3.30000006e+00  2.39300000e-08  3.30000105e+00  2.39300000e-08  6.13118930e-01  2.39300000e-08  6.40325605e-01  2.39300000e-08  3.30000000e+00  2.39300000e-08  0.00000000e+00 
 2.39500000e-08  3.30000002e+00  2.39500000e-08  3.30000079e+00  2.39500000e-08  6.08045865e-01  2.39500000e-08  6.30595790e-01  2.39500000e-08  3.30000000e+00  2.39500000e-08  0.00000000e+00 
 2.39700000e-08  3.30000000e+00  2.39700000e-08  3.30000061e+00  2.39700000e-08  6.02974716e-01  2.39700000e-08  6.21665149e-01  2.39700000e-08  3.30000000e+00  2.39700000e-08  0.00000000e+00 
 2.39900000e-08  3.29999998e+00  2.39900000e-08  3.30000048e+00  2.39900000e-08  5.97887240e-01  2.39900000e-08  6.13369783e-01  2.39900000e-08  3.30000000e+00  2.39900000e-08  0.00000000e+00 
 2.40100000e-08  3.29999998e+00  2.40100000e-08  3.30000039e+00  2.40100000e-08  5.92776190e-01  2.40100000e-08  6.05591537e-01  2.40100000e-08  3.30000000e+00  2.40100000e-08  0.00000000e+00 
 2.40300000e-08  3.29999998e+00  2.40300000e-08  3.30000032e+00  2.40300000e-08  5.87641646e-01  2.40300000e-08  5.98242673e-01  2.40300000e-08  3.30000000e+00  2.40300000e-08  0.00000000e+00 
 2.40500000e-08  3.29999998e+00  2.40500000e-08  3.30000027e+00  2.40500000e-08  5.82488176e-01  2.40500000e-08  5.91254445e-01  2.40500000e-08  3.30000000e+00  2.40500000e-08  0.00000000e+00 
 2.40700000e-08  3.29999999e+00  2.40700000e-08  3.30000023e+00  2.40700000e-08  5.77322853e-01  2.40700000e-08  5.84572791e-01  2.40700000e-08  3.30000000e+00  2.40700000e-08  0.00000000e+00 
 2.40900000e-08  3.29999999e+00  2.40900000e-08  3.30000020e+00  2.40900000e-08  5.72153789e-01  2.40900000e-08  5.78154239e-01  2.40900000e-08  3.30000000e+00  2.40900000e-08  0.00000000e+00 
 2.41100000e-08  3.30000000e+00  2.41100000e-08  3.30000017e+00  2.41100000e-08  5.66989310e-01  2.41100000e-08  5.71963321e-01  2.41100000e-08  3.30000000e+00  2.41100000e-08  0.00000000e+00 
 2.41300000e-08  3.30000000e+00  2.41300000e-08  3.30000015e+00  2.41300000e-08  5.61837309e-01  2.41300000e-08  5.65970688e-01  2.41300000e-08  3.30000000e+00  2.41300000e-08  0.00000000e+00 
 2.41500000e-08  3.30000001e+00  2.41500000e-08  3.30000013e+00  2.41500000e-08  5.56705005e-01  2.41500000e-08  5.60151901e-01  2.41500000e-08  3.30000000e+00  2.41500000e-08  0.00000000e+00 
 2.41700000e-08  3.30000002e+00  2.41700000e-08  3.30000011e+00  2.41700000e-08  5.51598693e-01  2.41700000e-08  5.54486436e-01  2.41700000e-08  3.30000000e+00  2.41700000e-08  0.00000000e+00 
 2.41900000e-08  3.30000002e+00  2.41900000e-08  3.30000010e+00  2.41900000e-08  5.46523777e-01  2.41900000e-08  5.48957053e-01  2.41900000e-08  3.30000000e+00  2.41900000e-08  0.00000000e+00 
 2.42100000e-08  3.30000002e+00  2.42100000e-08  3.30000009e+00  2.42100000e-08  5.41484696e-01  2.42100000e-08  5.43549180e-01  2.42100000e-08  3.30000000e+00  2.42100000e-08  0.00000000e+00 
 2.42300000e-08  3.30000003e+00  2.42300000e-08  3.30000008e+00  2.42300000e-08  5.36485067e-01  2.42300000e-08  5.38250549e-01  2.42300000e-08  3.30000000e+00  2.42300000e-08  0.00000000e+00 
 2.42500000e-08  3.30000003e+00  2.42500000e-08  3.30000007e+00  2.42500000e-08  5.31527685e-01  2.42500000e-08  5.33050764e-01  2.42500000e-08  3.30000000e+00  2.42500000e-08  0.00000000e+00 
 2.42700000e-08  3.30000003e+00  2.42700000e-08  3.30000006e+00  2.42700000e-08  5.26614691e-01  2.42700000e-08  5.27941075e-01  2.42700000e-08  3.30000000e+00  2.42700000e-08  0.00000000e+00 
 2.42900000e-08  3.30000003e+00  2.42900000e-08  3.30000006e+00  2.42900000e-08  5.21747591e-01  2.42900000e-08  5.22914052e-01  2.42900000e-08  3.30000000e+00  2.42900000e-08  0.00000000e+00 
 2.43100000e-08  3.30000003e+00  2.43100000e-08  3.30000005e+00  2.43100000e-08  5.16927428e-01  2.43100000e-08  5.17963442e-01  2.43100000e-08  3.30000000e+00  2.43100000e-08  0.00000000e+00 
 2.43300000e-08  3.30000003e+00  2.43300000e-08  3.30000005e+00  2.43300000e-08  5.12154784e-01  2.43300000e-08  5.13083918e-01  2.43300000e-08  3.30000000e+00  2.43300000e-08  0.00000000e+00 
 2.43500000e-08  3.30000003e+00  2.43500000e-08  3.30000005e+00  2.43500000e-08  5.07429942e-01  2.43500000e-08  5.08270989e-01  2.43500000e-08  3.30000000e+00  2.43500000e-08  0.00000000e+00 
 2.43700000e-08  3.30000003e+00  2.43700000e-08  3.30000004e+00  2.43700000e-08  5.02752872e-01  2.43700000e-08  5.03520801e-01  2.43700000e-08  3.30000000e+00  2.43700000e-08  0.00000000e+00 
 2.43900000e-08  3.30000003e+00  2.43900000e-08  3.30000004e+00  2.43900000e-08  4.98123371e-01  2.43900000e-08  4.98830094e-01  2.43900000e-08  3.30000000e+00  2.43900000e-08  0.00000000e+00 
 2.44100000e-08  3.30000003e+00  2.44100000e-08  3.30000004e+00  2.44100000e-08  4.93541034e-01  2.44100000e-08  4.94196039e-01  2.44100000e-08  3.30000000e+00  2.44100000e-08  0.00000000e+00 
 2.44300000e-08  3.30000003e+00  2.44300000e-08  3.30000004e+00  2.44300000e-08  4.89005375e-01  2.44300000e-08  4.89616226e-01  2.44300000e-08  3.30000000e+00  2.44300000e-08  0.00000000e+00 
 2.44500000e-08  3.30000003e+00  2.44500000e-08  3.30000004e+00  2.44500000e-08  4.84515781e-01  2.44500000e-08  4.85088536e-01  2.44500000e-08  3.30000000e+00  2.44500000e-08  0.00000000e+00 
 2.44700000e-08  3.30000003e+00  2.44700000e-08  3.30000003e+00  2.44700000e-08  4.80071623e-01  2.44700000e-08  4.80611142e-01  2.44700000e-08  3.30000000e+00  2.44700000e-08  0.00000000e+00 
 2.44850000e-08  3.30000003e+00  2.44850000e-08  3.30000003e+00  2.44850000e-08  4.76767899e-01  2.44850000e-08  4.77285134e-01  2.44850000e-08  3.30000000e+00  2.44850000e-08  0.00000000e+00 
 2.45000000e-08  3.30000003e+00  2.45000000e-08  3.30000003e+00  2.45000000e-08  4.73489052e-01  2.45000000e-08  4.73985884e-01  2.45000000e-08  3.30000000e+00  2.45000000e-08  0.00000000e+00 
 2.45020000e-08  3.32133554e+00  2.45020000e-08  3.32133554e+00  2.45020000e-08  4.73144889e-01  2.45020000e-08  4.73639505e-01  2.45020000e-08  3.30000000e+00  2.45020000e-08  6.60000000e-02 
 2.45060000e-08  3.35610023e+00  2.45060000e-08  3.35610024e+00  2.45060000e-08  4.72424928e-01  2.45060000e-08  4.72915215e-01  2.45060000e-08  3.30000000e+00  2.45060000e-08  1.98000000e-01 
 2.45140000e-08  3.39509880e+00  2.45140000e-08  3.39509880e+00  2.45140000e-08  4.70859280e-01  2.45140000e-08  4.71341320e-01  2.45140000e-08  3.30000000e+00  2.45140000e-08  4.62000000e-01 
 2.45300000e-08  3.43011199e+00  2.45300000e-08  3.43011199e+00  2.45300000e-08  4.67405635e-01  2.45300000e-08  4.67871033e-01  2.45300000e-08  3.30000000e+00  2.45300000e-08  9.90000000e-01 
 2.45500000e-08  3.46573296e+00  2.45500000e-08  3.46573295e+00  2.45500000e-08  4.62173252e-01  2.45500000e-08  4.62611883e-01  2.45500000e-08  3.30000000e+00  2.45500000e-08  1.65000000e+00 
 2.45700000e-08  3.53471840e+00  2.45700000e-08  3.53471838e+00  2.45700000e-08  4.55967518e-01  2.45700000e-08  4.56368626e-01  2.45700000e-08  3.30000000e+00  2.45700000e-08  2.31000000e+00 
 2.45850000e-08  3.62531320e+00  2.45850000e-08  3.62531315e+00  2.45850000e-08  4.51433704e-01  2.45850000e-08  4.51802879e-01  2.45850000e-08  3.30000000e+00  2.45850000e-08  2.80500000e+00 
 2.46000000e-08  3.74052514e+00  2.46000000e-08  3.74052502e+00  2.46000000e-08  4.47654748e-01  2.46000000e-08  4.47996347e-01  2.46000000e-08  3.30000000e+00  2.46000000e-08  3.30000000e+00 
 2.46020000e-08  3.74049979e+00  2.46020000e-08  3.74049966e+00  2.46020000e-08  4.47150443e-01  2.46020000e-08  4.47488836e-01  2.46020000e-08  3.30000000e+00  2.46020000e-08  3.30000000e+00 
 2.46060000e-08  3.74044434e+00  2.46060000e-08  3.74044421e+00  2.46060000e-08  4.46190433e-01  2.46060000e-08  4.46522722e-01  2.46060000e-08  3.30000000e+00  2.46060000e-08  3.30000000e+00 
 2.46140000e-08  3.74033606e+00  2.46140000e-08  3.74033591e+00  2.46140000e-08  4.44477395e-01  2.46140000e-08  4.44799368e-01  2.46140000e-08  3.30000000e+00  2.46140000e-08  3.30000000e+00 
 2.46300000e-08  3.74012983e+00  2.46300000e-08  3.74012969e+00  2.46300000e-08  4.41406574e-01  2.46300000e-08  4.41714857e-01  2.46300000e-08  3.30000000e+00  2.46300000e-08  3.30000000e+00 
 2.46500000e-08  3.73987288e+00  2.46500000e-08  3.73987278e+00  2.46500000e-08  4.37700440e-01  2.46500000e-08  4.38000787e-01  2.46500000e-08  3.30000000e+00  2.46500000e-08  3.30000000e+00 
 2.46700000e-08  3.73960686e+00  2.46700000e-08  3.73960677e+00  2.46700000e-08  4.33911704e-01  2.46700000e-08  4.34208672e-01  2.46700000e-08  3.30000000e+00  2.46700000e-08  3.30000000e+00 
 2.46900000e-08  3.73933772e+00  2.46900000e-08  3.73933761e+00  2.46900000e-08  4.30050312e-01  2.46900000e-08  4.30344310e-01  2.46900000e-08  3.30000000e+00  2.46900000e-08  3.30000000e+00 
 2.47100000e-08  3.73906919e+00  2.47100000e-08  3.73906907e+00  2.47100000e-08  4.26171777e-01  2.47100000e-08  4.26461674e-01  2.47100000e-08  3.30000000e+00  2.47100000e-08  3.30000000e+00 
 2.47300000e-08  3.73880252e+00  2.47300000e-08  3.73880237e+00  2.47300000e-08  4.22308484e-01  2.47300000e-08  4.22592980e-01  2.47300000e-08  3.30000000e+00  2.47300000e-08  3.30000000e+00 
 2.47500000e-08  3.73853802e+00  2.47500000e-08  3.73853786e+00  2.47500000e-08  4.18473903e-01  2.47500000e-08  4.18751992e-01  2.47500000e-08  3.30000000e+00  2.47500000e-08  3.30000000e+00 
 2.47700000e-08  3.73827578e+00  2.47700000e-08  3.73827559e+00  2.47700000e-08  4.14672616e-01  2.47700000e-08  4.14943651e-01  2.47700000e-08  3.30000000e+00  2.47700000e-08  3.30000000e+00 
 2.47900000e-08  3.73801577e+00  2.47900000e-08  3.73801555e+00  2.47900000e-08  4.10905854e-01  2.47900000e-08  4.11169486e-01  2.47900000e-08  3.30000000e+00  2.47900000e-08  3.30000000e+00 
 2.48100000e-08  3.73775795e+00  2.48100000e-08  3.73775771e+00  2.48100000e-08  4.07173647e-01  2.48100000e-08  4.07429746e-01  2.48100000e-08  3.30000000e+00  2.48100000e-08  3.30000000e+00 
 2.48300000e-08  3.73750229e+00  2.48300000e-08  3.73750203e+00  2.48300000e-08  4.03475682e-01  2.48300000e-08  4.03724270e-01  2.48300000e-08  3.30000000e+00  2.48300000e-08  3.30000000e+00 
 2.48500000e-08  3.73724875e+00  2.48500000e-08  3.73724846e+00  2.48500000e-08  3.99811542e-01  2.48500000e-08  4.00052740e-01  2.48500000e-08  3.30000000e+00  2.48500000e-08  3.30000000e+00 
 2.48700000e-08  3.73699729e+00  2.48700000e-08  3.73699698e+00  2.48700000e-08  3.96180819e-01  2.48700000e-08  3.96414809e-01  2.48700000e-08  3.30000000e+00  2.48700000e-08  3.30000000e+00 
 2.48900000e-08  3.73674787e+00  2.48900000e-08  3.73674755e+00  2.48900000e-08  3.92583103e-01  2.48900000e-08  3.92810105e-01  2.48900000e-08  3.30000000e+00  2.48900000e-08  3.30000000e+00 
 2.49100000e-08  3.73650047e+00  2.49100000e-08  3.73650012e+00  2.49100000e-08  3.89018016e-01  2.49100000e-08  3.89238268e-01  2.49100000e-08  3.30000000e+00  2.49100000e-08  3.30000000e+00 
 2.49300000e-08  3.73625503e+00  2.49300000e-08  3.73625466e+00  2.49300000e-08  3.85485180e-01  2.49300000e-08  3.85698930e-01  2.49300000e-08  3.30000000e+00  2.49300000e-08  3.30000000e+00 
 2.49500000e-08  3.73601153e+00  2.49500000e-08  3.73601115e+00  2.49500000e-08  3.81984248e-01  2.49500000e-08  3.82191744e-01  2.49500000e-08  3.30000000e+00  2.49500000e-08  3.30000000e+00 
 2.49700000e-08  3.73576994e+00  2.49700000e-08  3.73576955e+00  2.49700000e-08  3.78514867e-01  2.49700000e-08  3.78716352e-01  2.49700000e-08  3.30000000e+00  2.49700000e-08  3.30000000e+00 
 2.49900000e-08  3.73553023e+00  2.49900000e-08  3.73552982e+00  2.49900000e-08  3.75076710e-01  2.49900000e-08  3.75272423e-01  2.49900000e-08  3.30000000e+00  2.49900000e-08  3.30000000e+00 
 2.50100000e-08  3.73529236e+00  2.50100000e-08  3.73529194e+00  2.50100000e-08  3.71669447e-01  2.50100000e-08  3.71859615e-01  2.50100000e-08  3.30000000e+00  2.50100000e-08  3.30000000e+00 
 2.50300000e-08  3.73505632e+00  2.50300000e-08  3.73505588e+00  2.50300000e-08  3.68292767e-01  2.50300000e-08  3.68477610e-01  2.50300000e-08  3.30000000e+00  2.50300000e-08  3.30000000e+00 
 2.50500000e-08  3.73482205e+00  2.50500000e-08  3.73482160e+00  2.50500000e-08  3.64946354e-01  2.50500000e-08  3.65126082e-01  2.50500000e-08  3.30000000e+00  2.50500000e-08  3.30000000e+00 
 2.50700000e-08  3.73458955e+00  2.50700000e-08  3.73458909e+00  2.50700000e-08  3.61629914e-01  2.50700000e-08  3.61804725e-01  2.50700000e-08  3.30000000e+00  2.50700000e-08  3.30000000e+00 
 2.50900000e-08  3.73435878e+00  2.50900000e-08  3.73435830e+00  2.50900000e-08  3.58343143e-01  2.50900000e-08  3.58513228e-01  2.50900000e-08  3.30000000e+00  2.50900000e-08  3.30000000e+00 
 2.51100000e-08  3.73412971e+00  2.51100000e-08  3.73412923e+00  2.51100000e-08  3.55085759e-01  2.51100000e-08  3.55251300e-01  2.51100000e-08  3.30000000e+00  2.51100000e-08  3.30000000e+00 
 2.51300000e-08  3.73390233e+00  2.51300000e-08  3.73390183e+00  2.51300000e-08  3.51857470e-01  2.51300000e-08  3.52018638e-01  2.51300000e-08  3.30000000e+00  2.51300000e-08  3.30000000e+00 
 2.51500000e-08  3.73367660e+00  2.51500000e-08  3.73367610e+00  2.51500000e-08  3.48658006e-01  2.51500000e-08  3.48814965e-01  2.51500000e-08  3.30000000e+00  2.51500000e-08  3.30000000e+00 
 2.51700000e-08  3.73345250e+00  2.51700000e-08  3.73345199e+00  2.51700000e-08  3.45487084e-01  2.51700000e-08  3.45639990e-01  2.51700000e-08  3.30000000e+00  2.51700000e-08  3.30000000e+00 
 2.51900000e-08  3.73323001e+00  2.51900000e-08  3.73322949e+00  2.51900000e-08  3.42344443e-01  2.51900000e-08  3.42493444e-01  2.51900000e-08  3.30000000e+00  2.51900000e-08  3.30000000e+00 
 2.52100000e-08  3.73300910e+00  2.52100000e-08  3.73300858e+00  2.52100000e-08  3.39229811e-01  2.52100000e-08  3.39375048e-01  2.52100000e-08  3.30000000e+00  2.52100000e-08  3.30000000e+00 
 2.52300000e-08  3.73278976e+00  2.52300000e-08  3.73278923e+00  2.52300000e-08  3.36142935e-01  2.52300000e-08  3.36284543e-01  2.52300000e-08  3.30000000e+00  2.52300000e-08  3.30000000e+00 
 2.52500000e-08  3.73257195e+00  2.52500000e-08  3.73257141e+00  2.52500000e-08  3.33083551e-01  2.52500000e-08  3.33221657e-01  2.52500000e-08  3.30000000e+00  2.52500000e-08  3.30000000e+00 
 2.52700000e-08  3.73235566e+00  2.52700000e-08  3.73235512e+00  2.52700000e-08  3.30051413e-01  2.52700000e-08  3.30186141e-01  2.52700000e-08  3.30000000e+00  2.52700000e-08  3.30000000e+00 
 2.52900000e-08  3.73214087e+00  2.52900000e-08  3.73214032e+00  2.52900000e-08  3.27046266e-01  2.52900000e-08  3.27177732e-01  2.52900000e-08  3.30000000e+00  2.52900000e-08  3.30000000e+00 
 2.53100000e-08  3.73192756e+00  2.53100000e-08  3.73192701e+00  2.53100000e-08  3.24067871e-01  2.53100000e-08  3.24196186e-01  2.53100000e-08  3.30000000e+00  2.53100000e-08  3.30000000e+00 
 2.53300000e-08  3.73171570e+00  2.53300000e-08  3.73171514e+00  2.53300000e-08  3.21115979e-01  2.53300000e-08  3.21241250e-01  2.53300000e-08  3.30000000e+00  2.53300000e-08  3.30000000e+00 
 2.53500000e-08  3.73150528e+00  2.53500000e-08  3.73150472e+00  2.53500000e-08  3.18190359e-01  2.53500000e-08  3.18312688e-01  2.53500000e-08  3.30000000e+00  2.53500000e-08  3.30000000e+00 
 2.53700000e-08  3.73129627e+00  2.53700000e-08  3.73129571e+00  2.53700000e-08  3.15290768e-01  2.53700000e-08  3.15410252e-01  2.53700000e-08  3.30000000e+00  2.53700000e-08  3.30000000e+00 
 2.53900000e-08  3.73108867e+00  2.53900000e-08  3.73108810e+00  2.53900000e-08  3.12416981e-01  2.53900000e-08  3.12533712e-01  2.53900000e-08  3.30000000e+00  2.53900000e-08  3.30000000e+00 
 2.54100000e-08  3.73088244e+00  2.54100000e-08  3.73088187e+00  2.54100000e-08  3.09568760e-01  2.54100000e-08  3.09682828e-01  2.54100000e-08  3.30000000e+00  2.54100000e-08  3.30000000e+00 
 2.54300000e-08  3.73067758e+00  2.54300000e-08  3.73067700e+00  2.54300000e-08  3.06745887e-01  2.54300000e-08  3.06857376e-01  2.54300000e-08  3.30000000e+00  2.54300000e-08  3.30000000e+00 
 2.54500000e-08  3.73047406e+00  2.54500000e-08  3.73047348e+00  2.54500000e-08  3.03948129e-01  2.54500000e-08  3.04057122e-01  2.54500000e-08  3.30000000e+00  2.54500000e-08  3.30000000e+00 
 2.54700000e-08  3.73027187e+00  2.54700000e-08  3.73027128e+00  2.54700000e-08  3.01175272e-01  2.54700000e-08  3.01281847e-01  2.54700000e-08  3.30000000e+00  2.54700000e-08  3.30000000e+00 
 2.54900000e-08  3.73007099e+00  2.54900000e-08  3.73007040e+00  2.54900000e-08  2.98427091e-01  2.54900000e-08  2.98531323e-01  2.54900000e-08  3.30000000e+00  2.54900000e-08  3.30000000e+00 
 2.55100000e-08  3.72987140e+00  2.55100000e-08  3.72987081e+00  2.55100000e-08  2.95703375e-01  2.55100000e-08  2.95805336e-01  2.55100000e-08  3.30000000e+00  2.55100000e-08  3.30000000e+00 
 2.55300000e-08  3.72967309e+00  2.55300000e-08  3.72967249e+00  2.55300000e-08  2.93003904e-01  2.55300000e-08  2.93103663e-01  2.55300000e-08  3.30000000e+00  2.55300000e-08  3.30000000e+00 
 2.55500000e-08  3.72947604e+00  2.55500000e-08  3.72947544e+00  2.55500000e-08  2.90328472e-01  2.55500000e-08  2.90426095e-01  2.55500000e-08  3.30000000e+00  2.55500000e-08  3.30000000e+00 
 2.55700000e-08  3.72928023e+00  2.55700000e-08  3.72927964e+00  2.55700000e-08  2.87676864e-01  2.55700000e-08  2.87772415e-01  2.55700000e-08  3.30000000e+00  2.55700000e-08  3.30000000e+00 
 2.55900000e-08  3.72908566e+00  2.55900000e-08  3.72908506e+00  2.55900000e-08  2.85048878e-01  2.55900000e-08  2.85142418e-01  2.55900000e-08  3.30000000e+00  2.55900000e-08  3.30000000e+00 
 2.56100000e-08  3.72889230e+00  2.56100000e-08  3.72889170e+00  2.56100000e-08  2.82444302e-01  2.56100000e-08  2.82535890e-01  2.56100000e-08  3.30000000e+00  2.56100000e-08  3.30000000e+00 
 2.56300000e-08  3.72870015e+00  2.56300000e-08  3.72869954e+00  2.56300000e-08  2.79862940e-01  2.56300000e-08  2.79952632e-01  2.56300000e-08  3.30000000e+00  2.56300000e-08  3.30000000e+00 
 2.56500000e-08  3.72850917e+00  2.56500000e-08  3.72850857e+00  2.56500000e-08  2.77304583e-01  2.56500000e-08  2.77392435e-01  2.56500000e-08  3.30000000e+00  2.56500000e-08  3.30000000e+00 
 2.56700000e-08  3.72831938e+00  2.56700000e-08  3.72831877e+00  2.56700000e-08  2.74769041e-01  2.56700000e-08  2.74855104e-01  2.56700000e-08  3.30000000e+00  2.56700000e-08  3.30000000e+00 
 2.56900000e-08  3.72813074e+00  2.56900000e-08  3.72813013e+00  2.56900000e-08  2.72256107e-01  2.56900000e-08  2.72340432e-01  2.56900000e-08  3.30000000e+00  2.56900000e-08  3.30000000e+00 
 2.57100000e-08  3.72794324e+00  2.57100000e-08  3.72794263e+00  2.57100000e-08  2.69765594e-01  2.57100000e-08  2.69848229e-01  2.57100000e-08  3.30000000e+00  2.57100000e-08  3.30000000e+00 
 2.57300000e-08  3.72775687e+00  2.57300000e-08  3.72775626e+00  2.57300000e-08  2.67297302e-01  2.57300000e-08  2.67378294e-01  2.57300000e-08  3.30000000e+00  2.57300000e-08  3.30000000e+00 
 2.57500000e-08  3.72757163e+00  2.57500000e-08  3.72757102e+00  2.57500000e-08  2.64851045e-01  2.57500000e-08  2.64930439e-01  2.57500000e-08  3.30000000e+00  2.57500000e-08  3.30000000e+00 
 2.57700000e-08  3.72738748e+00  2.57700000e-08  3.72738687e+00  2.57700000e-08  2.62426626e-01  2.57700000e-08  2.62504466e-01  2.57700000e-08  3.30000000e+00  2.57700000e-08  3.30000000e+00 
 2.57900000e-08  3.72720443e+00  2.57900000e-08  3.72720382e+00  2.57900000e-08  2.60023865e-01  2.57900000e-08  2.60100192e-01  2.57900000e-08  3.30000000e+00  2.57900000e-08  3.30000000e+00 
 2.58100000e-08  3.72702246e+00  2.58100000e-08  3.72702185e+00  2.58100000e-08  2.57642568e-01  2.58100000e-08  2.57717422e-01  2.58100000e-08  3.30000000e+00  2.58100000e-08  3.30000000e+00 
 2.58300000e-08  3.72684156e+00  2.58300000e-08  3.72684094e+00  2.58300000e-08  2.55282556e-01  2.58300000e-08  2.55355978e-01  2.58300000e-08  3.30000000e+00  2.58300000e-08  3.30000000e+00 
 2.58500000e-08  3.72666171e+00  2.58500000e-08  3.72666109e+00  2.58500000e-08  2.52943640e-01  2.58500000e-08  2.53015667e-01  2.58500000e-08  3.30000000e+00  2.58500000e-08  3.30000000e+00 
 2.58700000e-08  3.72648291e+00  2.58700000e-08  3.72648229e+00  2.58700000e-08  2.50625646e-01  2.58700000e-08  2.50696313e-01  2.58700000e-08  3.30000000e+00  2.58700000e-08  3.30000000e+00 
 2.58900000e-08  3.72630513e+00  2.58900000e-08  3.72630451e+00  2.58900000e-08  2.48328385e-01  2.58900000e-08  2.48397729e-01  2.58900000e-08  3.30000000e+00  2.58900000e-08  3.30000000e+00 
 2.59100000e-08  3.72612838e+00  2.59100000e-08  3.72612776e+00  2.59100000e-08  2.46051688e-01  2.59100000e-08  2.46119741e-01  2.59100000e-08  3.30000000e+00  2.59100000e-08  3.30000000e+00 
 2.59300000e-08  3.72595263e+00  2.59300000e-08  3.72595202e+00  2.59300000e-08  2.43795369e-01  2.59300000e-08  2.43862165e-01  2.59300000e-08  3.30000000e+00  2.59300000e-08  3.30000000e+00 
 2.59500000e-08  3.72577789e+00  2.59500000e-08  3.72577727e+00  2.59500000e-08  2.41559262e-01  2.59500000e-08  2.41624832e-01  2.59500000e-08  3.30000000e+00  2.59500000e-08  3.30000000e+00 
 2.59700000e-08  3.72560413e+00  2.59700000e-08  3.72560351e+00  2.59700000e-08  2.39343183e-01  2.59700000e-08  2.39407559e-01  2.59700000e-08  3.30000000e+00  2.59700000e-08  3.30000000e+00 
 2.59900000e-08  3.72543135e+00  2.59900000e-08  3.72543073e+00  2.59900000e-08  2.37146970e-01  2.59900000e-08  2.37210180e-01  2.59900000e-08  3.30000000e+00  2.59900000e-08  3.30000000e+00 
 2.60100000e-08  3.72525953e+00  2.60100000e-08  3.72525891e+00  2.60100000e-08  2.34970444e-01  2.60100000e-08  2.35032517e-01  2.60100000e-08  3.30000000e+00  2.60100000e-08  3.30000000e+00 
 2.60300000e-08  3.72508867e+00  2.60300000e-08  3.72508805e+00  2.60300000e-08  2.32813441e-01  2.60300000e-08  2.32874406e-01  2.60300000e-08  3.30000000e+00  2.60300000e-08  3.30000000e+00 
 2.60500000e-08  3.72491875e+00  2.60500000e-08  3.72491813e+00  2.60500000e-08  2.30675788e-01  2.60500000e-08  2.30735671e-01  2.60500000e-08  3.30000000e+00  2.60500000e-08  3.30000000e+00 
 2.60700000e-08  3.72474977e+00  2.60700000e-08  3.72474915e+00  2.60700000e-08  2.28557325e-01  2.60700000e-08  2.28616152e-01  2.60700000e-08  3.30000000e+00  2.60700000e-08  3.30000000e+00 
 2.60900000e-08  3.72458171e+00  2.60900000e-08  3.72458110e+00  2.60900000e-08  2.26457879e-01  2.60900000e-08  2.26515676e-01  2.60900000e-08  3.30000000e+00  2.60900000e-08  3.30000000e+00 
 2.61100000e-08  3.72441457e+00  2.61100000e-08  3.72441396e+00  2.61100000e-08  2.24377295e-01  2.61100000e-08  2.24434085e-01  2.61100000e-08  3.30000000e+00  2.61100000e-08  3.30000000e+00 
 2.61300000e-08  3.72424834e+00  2.61300000e-08  3.72424772e+00  2.61300000e-08  2.22315401e-01  2.61300000e-08  2.22371208e-01  2.61300000e-08  3.30000000e+00  2.61300000e-08  3.30000000e+00 
 2.61500000e-08  3.72408300e+00  2.61500000e-08  3.72408238e+00  2.61500000e-08  2.20272045e-01  2.61500000e-08  2.20326892e-01  2.61500000e-08  3.30000000e+00  2.61500000e-08  3.30000000e+00 
 2.61700000e-08  3.72391855e+00  2.61700000e-08  3.72391793e+00  2.61700000e-08  2.18247059e-01  2.61700000e-08  2.18300969e-01  2.61700000e-08  3.30000000e+00  2.61700000e-08  3.30000000e+00 
 2.61900000e-08  3.72375497e+00  2.61900000e-08  3.72375436e+00  2.61900000e-08  2.16240292e-01  2.61900000e-08  2.16293286e-01  2.61900000e-08  3.30000000e+00  2.61900000e-08  3.30000000e+00 
 2.62100000e-08  3.72359227e+00  2.62100000e-08  3.72359165e+00  2.62100000e-08  2.14251580e-01  2.62100000e-08  2.14303679e-01  2.62100000e-08  3.30000000e+00  2.62100000e-08  3.30000000e+00 
 2.62300000e-08  3.72343043e+00  2.62300000e-08  3.72342981e+00  2.62300000e-08  2.12280774e-01  2.62300000e-08  2.12331999e-01  2.62300000e-08  3.30000000e+00  2.62300000e-08  3.30000000e+00 
 2.62500000e-08  3.72326943e+00  2.62500000e-08  3.72326882e+00  2.62500000e-08  2.10327713e-01  2.62500000e-08  2.10378082e-01  2.62500000e-08  3.30000000e+00  2.62500000e-08  3.30000000e+00 
 2.62700000e-08  3.72310928e+00  2.62700000e-08  3.72310867e+00  2.62700000e-08  2.08392249e-01  2.62700000e-08  2.08441783e-01  2.62700000e-08  3.30000000e+00  2.62700000e-08  3.30000000e+00 
 2.62900000e-08  3.72294997e+00  2.62900000e-08  3.72294936e+00  2.62900000e-08  2.06474225e-01  2.62900000e-08  2.06522941e-01  2.62900000e-08  3.30000000e+00  2.62900000e-08  3.30000000e+00 
 2.63100000e-08  3.72279148e+00  2.63100000e-08  3.72279087e+00  2.63100000e-08  2.04573495e-01  2.63100000e-08  2.04621412e-01  2.63100000e-08  3.30000000e+00  2.63100000e-08  3.30000000e+00 
 2.63300000e-08  3.72263381e+00  2.63300000e-08  3.72263320e+00  2.63300000e-08  2.02689905e-01  2.63300000e-08  2.02737040e-01  2.63300000e-08  3.30000000e+00  2.63300000e-08  3.30000000e+00 
 2.63500000e-08  3.72247695e+00  2.63500000e-08  3.72247634e+00  2.63500000e-08  2.00823311e-01  2.63500000e-08  2.00869682e-01  2.63500000e-08  3.30000000e+00  2.63500000e-08  3.30000000e+00 
 2.63700000e-08  3.72232089e+00  2.63700000e-08  3.72232028e+00  2.63700000e-08  1.98973560e-01  2.63700000e-08  1.99019183e-01  2.63700000e-08  3.30000000e+00  2.63700000e-08  3.30000000e+00 
 2.63900000e-08  3.72216562e+00  2.63900000e-08  3.72216501e+00  2.63900000e-08  1.97140514e-01  2.63900000e-08  1.97185404e-01  2.63900000e-08  3.30000000e+00  2.63900000e-08  3.30000000e+00 
 2.64100000e-08  3.72201114e+00  2.64100000e-08  3.72201053e+00  2.64100000e-08  1.95324020e-01  2.64100000e-08  1.95368193e-01  2.64100000e-08  3.30000000e+00  2.64100000e-08  3.30000000e+00 
 2.64300000e-08  3.72185744e+00  2.64300000e-08  3.72185684e+00  2.64300000e-08  1.93523941e-01  2.64300000e-08  1.93567413e-01  2.64300000e-08  3.30000000e+00  2.64300000e-08  3.30000000e+00 
 2.64500000e-08  3.72170451e+00  2.64500000e-08  3.72170390e+00  2.64500000e-08  1.91740129e-01  2.64500000e-08  1.91782914e-01  2.64500000e-08  3.30000000e+00  2.64500000e-08  3.30000000e+00 
 2.64700000e-08  3.72155234e+00  2.64700000e-08  3.72155174e+00  2.64700000e-08  1.89972448e-01  2.64700000e-08  1.90014561e-01  2.64700000e-08  3.30000000e+00  2.64700000e-08  3.30000000e+00 
 2.64900000e-08  3.72140093e+00  2.64900000e-08  3.72140033e+00  2.64900000e-08  1.88220752e-01  2.64900000e-08  1.88262207e-01  2.64900000e-08  3.30000000e+00  2.64900000e-08  3.30000000e+00 
 2.65100000e-08  3.72125027e+00  2.65100000e-08  3.72124967e+00  2.65100000e-08  1.86484909e-01  2.65100000e-08  1.86525719e-01  2.65100000e-08  3.30000000e+00  2.65100000e-08  3.30000000e+00 
 2.65300000e-08  3.72110035e+00  2.65300000e-08  3.72109975e+00  2.65300000e-08  1.84764773e-01  2.65300000e-08  1.84804952e-01  2.65300000e-08  3.30000000e+00  2.65300000e-08  3.30000000e+00 
 2.65500000e-08  3.72095117e+00  2.65500000e-08  3.72095057e+00  2.65500000e-08  1.83060215e-01  2.65500000e-08  1.83099776e-01  2.65500000e-08  3.30000000e+00  2.65500000e-08  3.30000000e+00 
 2.65700000e-08  3.72080271e+00  2.65700000e-08  3.72080211e+00  2.65700000e-08  1.81371093e-01  2.65700000e-08  1.81410047e-01  2.65700000e-08  3.30000000e+00  2.65700000e-08  3.30000000e+00 
 2.65900000e-08  3.72065498e+00  2.65900000e-08  3.72065438e+00  2.65900000e-08  1.79697279e-01  2.65900000e-08  1.79735639e-01  2.65900000e-08  3.30000000e+00  2.65900000e-08  3.30000000e+00 
 2.66100000e-08  3.72050796e+00  2.66100000e-08  3.72050736e+00  2.66100000e-08  1.78038631e-01  2.66100000e-08  1.78076409e-01  2.66100000e-08  3.30000000e+00  2.66100000e-08  3.30000000e+00 
 2.66300000e-08  3.72036165e+00  2.66300000e-08  3.72036105e+00  2.66300000e-08  1.76395026e-01  2.66300000e-08  1.76432234e-01  2.66300000e-08  3.30000000e+00  2.66300000e-08  3.30000000e+00 
 2.66500000e-08  3.72021603e+00  2.66500000e-08  3.72021544e+00  2.66500000e-08  1.74766324e-01  2.66500000e-08  1.74802973e-01  2.66500000e-08  3.30000000e+00  2.66500000e-08  3.30000000e+00 
 2.66700000e-08  3.72007112e+00  2.66700000e-08  3.72007053e+00  2.66700000e-08  1.73152402e-01  2.66700000e-08  1.73188503e-01  2.66700000e-08  3.30000000e+00  2.66700000e-08  3.30000000e+00 
 2.66900000e-08  3.71992689e+00  2.66900000e-08  3.71992630e+00  2.66900000e-08  1.71553125e-01  2.66900000e-08  1.71588688e-01  2.66900000e-08  3.30000000e+00  2.66900000e-08  3.30000000e+00 
 2.67100000e-08  3.71978335e+00  2.67100000e-08  3.71978275e+00  2.67100000e-08  1.69968370e-01  2.67100000e-08  1.70003406e-01  2.67100000e-08  3.30000000e+00  2.67100000e-08  3.30000000e+00 
 2.67300000e-08  3.71964048e+00  2.67300000e-08  3.71963988e+00  2.67300000e-08  1.68398004e-01  2.67300000e-08  1.68432524e-01  2.67300000e-08  3.30000000e+00  2.67300000e-08  3.30000000e+00 
 2.67500000e-08  3.71949828e+00  2.67500000e-08  3.71949769e+00  2.67500000e-08  1.66841909e-01  2.67500000e-08  1.66875921e-01  2.67500000e-08  3.30000000e+00  2.67500000e-08  3.30000000e+00 
 2.67700000e-08  3.71935674e+00  2.67700000e-08  3.71935615e+00  2.67700000e-08  1.65299950e-01  2.67700000e-08  1.65333466e-01  2.67700000e-08  3.30000000e+00  2.67700000e-08  3.30000000e+00 
 2.67900000e-08  3.71921586e+00  2.67900000e-08  3.71921528e+00  2.67900000e-08  1.63772013e-01  2.67900000e-08  1.63805040e-01  2.67900000e-08  3.30000000e+00  2.67900000e-08  3.30000000e+00 
 2.68100000e-08  3.71907564e+00  2.68100000e-08  3.71907505e+00  2.68100000e-08  1.62257966e-01  2.68100000e-08  1.62290515e-01  2.68100000e-08  3.30000000e+00  2.68100000e-08  3.30000000e+00 
 2.68300000e-08  3.71893606e+00  2.68300000e-08  3.71893547e+00  2.68300000e-08  1.60757695e-01  2.68300000e-08  1.60789774e-01  2.68300000e-08  3.30000000e+00  2.68300000e-08  3.30000000e+00 
 2.68500000e-08  3.71879712e+00  2.68500000e-08  3.71879653e+00  2.68500000e-08  1.59271071e-01  2.68500000e-08  1.59302690e-01  2.68500000e-08  3.30000000e+00  2.68500000e-08  3.30000000e+00 
 2.68700000e-08  3.71865882e+00  2.68700000e-08  3.71865823e+00  2.68700000e-08  1.57797983e-01  2.68700000e-08  1.57829149e-01  2.68700000e-08  3.30000000e+00  2.68700000e-08  3.30000000e+00 
 2.68900000e-08  3.71852114e+00  2.68900000e-08  3.71852056e+00  2.68900000e-08  1.56338302e-01  2.68900000e-08  1.56369025e-01  2.68900000e-08  3.30000000e+00  2.68900000e-08  3.30000000e+00 
 2.69100000e-08  3.71838409e+00  2.69100000e-08  3.71838351e+00  2.69100000e-08  1.54891920e-01  2.69100000e-08  1.54922207e-01  2.69100000e-08  3.30000000e+00  2.69100000e-08  3.30000000e+00 
 2.69300000e-08  3.71824766e+00  2.69300000e-08  3.71824708e+00  2.69300000e-08  1.53458711e-01  2.69300000e-08  1.53488570e-01  2.69300000e-08  3.30000000e+00  2.69300000e-08  3.30000000e+00 
 2.69500000e-08  3.71811184e+00  2.69500000e-08  3.71811126e+00  2.69500000e-08  1.52038566e-01  2.69500000e-08  1.52068005e-01  2.69500000e-08  3.30000000e+00  2.69500000e-08  3.30000000e+00 
 2.69700000e-08  3.71797662e+00  2.69700000e-08  3.71797605e+00  2.69700000e-08  1.50631363e-01  2.69700000e-08  1.50660390e-01  2.69700000e-08  3.30000000e+00  2.69700000e-08  3.30000000e+00 
 2.69900000e-08  3.71784202e+00  2.69900000e-08  3.71784144e+00  2.69900000e-08  1.49236996e-01  2.69900000e-08  1.49265617e-01  2.69900000e-08  3.30000000e+00  2.69900000e-08  3.30000000e+00 
 2.70100000e-08  3.71770800e+00  2.70100000e-08  3.71770743e+00  2.70100000e-08  1.47855342e-01  2.70100000e-08  1.47883567e-01  2.70100000e-08  3.30000000e+00  2.70100000e-08  3.30000000e+00 
 2.70300000e-08  3.71757458e+00  2.70300000e-08  3.71757401e+00  2.70300000e-08  1.46486299e-01  2.70300000e-08  1.46514132e-01  2.70300000e-08  3.30000000e+00  2.70300000e-08  3.30000000e+00 
 2.70500000e-08  3.71744175e+00  2.70500000e-08  3.71744118e+00  2.70500000e-08  1.45129746e-01  2.70500000e-08  1.45157196e-01  2.70500000e-08  3.30000000e+00  2.70500000e-08  3.30000000e+00 
 2.70700000e-08  3.71730950e+00  2.70700000e-08  3.71730893e+00  2.70700000e-08  1.43785580e-01  2.70700000e-08  1.43812653e-01  2.70700000e-08  3.30000000e+00  2.70700000e-08  3.30000000e+00 
 2.70900000e-08  3.71717782e+00  2.70900000e-08  3.71717725e+00  2.70900000e-08  1.42453685e-01  2.70900000e-08  1.42480388e-01  2.70900000e-08  3.30000000e+00  2.70900000e-08  3.30000000e+00 
 2.71100000e-08  3.71704672e+00  2.71100000e-08  3.71704616e+00  2.71100000e-08  1.41133960e-01  2.71100000e-08  1.41160298e-01  2.71100000e-08  3.30000000e+00  2.71100000e-08  3.30000000e+00 
 2.71300000e-08  3.71691619e+00  2.71300000e-08  3.71691562e+00  2.71300000e-08  1.39826288e-01  2.71300000e-08  1.39852269e-01  2.71300000e-08  3.30000000e+00  2.71300000e-08  3.30000000e+00 
 2.71500000e-08  3.71678622e+00  2.71500000e-08  3.71678565e+00  2.71500000e-08  1.38530571e-01  2.71500000e-08  1.38556201e-01  2.71500000e-08  3.30000000e+00  2.71500000e-08  3.30000000e+00 
 2.71700000e-08  3.71665681e+00  2.71700000e-08  3.71665624e+00  2.71700000e-08  1.37246695e-01  2.71700000e-08  1.37271980e-01  2.71700000e-08  3.30000000e+00  2.71700000e-08  3.30000000e+00 
 2.71900000e-08  3.71652795e+00  2.71900000e-08  3.71652739e+00  2.71900000e-08  1.35974563e-01  2.71900000e-08  1.35999508e-01  2.71900000e-08  3.30000000e+00  2.71900000e-08  3.30000000e+00 
 2.72100000e-08  3.71639964e+00  2.72100000e-08  3.71639907e+00  2.72100000e-08  1.34714062e-01  2.72100000e-08  1.34738673e-01  2.72100000e-08  3.30000000e+00  2.72100000e-08  3.30000000e+00 
 2.72300000e-08  3.71627187e+00  2.72300000e-08  3.71627131e+00  2.72300000e-08  1.33465097e-01  2.72300000e-08  1.33489381e-01  2.72300000e-08  3.30000000e+00  2.72300000e-08  3.30000000e+00 
 2.72500000e-08  3.71614465e+00  2.72500000e-08  3.71614409e+00  2.72500000e-08  1.32227558e-01  2.72500000e-08  1.32251519e-01  2.72500000e-08  3.30000000e+00  2.72500000e-08  3.30000000e+00 
 2.72700000e-08  3.71601796e+00  2.72700000e-08  3.71601740e+00  2.72700000e-08  1.31001351e-01  2.72700000e-08  1.31024995e-01  2.72700000e-08  3.30000000e+00  2.72700000e-08  3.30000000e+00 
 2.72900000e-08  3.71589180e+00  2.72900000e-08  3.71589124e+00  2.72900000e-08  1.29786367e-01  2.72900000e-08  1.29809699e-01  2.72900000e-08  3.30000000e+00  2.72900000e-08  3.30000000e+00 
 2.73100000e-08  3.71576617e+00  2.73100000e-08  3.71576561e+00  2.73100000e-08  1.28582514e-01  2.73100000e-08  1.28605540e-01  2.73100000e-08  3.30000000e+00  2.73100000e-08  3.30000000e+00 
 2.73300000e-08  3.71564106e+00  2.73300000e-08  3.71564050e+00  2.73300000e-08  1.27389685e-01  2.73300000e-08  1.27412409e-01  2.73300000e-08  3.30000000e+00  2.73300000e-08  3.30000000e+00 
 2.73500000e-08  3.71551647e+00  2.73500000e-08  3.71551591e+00  2.73500000e-08  1.26207790e-01  2.73500000e-08  1.26230217e-01  2.73500000e-08  3.30000000e+00  2.73500000e-08  3.30000000e+00 
 2.73700000e-08  3.71539239e+00  2.73700000e-08  3.71539184e+00  2.73700000e-08  1.25036723e-01  2.73700000e-08  1.25058859e-01  2.73700000e-08  3.30000000e+00  2.73700000e-08  3.30000000e+00 
 2.73900000e-08  3.71526883e+00  2.73900000e-08  3.71526828e+00  2.73900000e-08  1.23876395e-01  2.73900000e-08  1.23898244e-01  2.73900000e-08  3.30000000e+00  2.73900000e-08  3.30000000e+00 
 2.74100000e-08  3.71514577e+00  2.74100000e-08  3.71514522e+00  2.74100000e-08  1.22726703e-01  2.74100000e-08  1.22748270e-01  2.74100000e-08  3.30000000e+00  2.74100000e-08  3.30000000e+00 
 2.74300000e-08  3.71502321e+00  2.74300000e-08  3.71502266e+00  2.74300000e-08  1.21587560e-01  2.74300000e-08  1.21608849e-01  2.74300000e-08  3.30000000e+00  2.74300000e-08  3.30000000e+00 
 2.74500000e-08  3.71490115e+00  2.74500000e-08  3.71490060e+00  2.74500000e-08  1.20458864e-01  2.74500000e-08  1.20479880e-01  2.74500000e-08  3.30000000e+00  2.74500000e-08  3.30000000e+00 
 2.74700000e-08  3.71477959e+00  2.74700000e-08  3.71477904e+00  2.74700000e-08  1.19340528e-01  2.74700000e-08  1.19361275e-01  2.74700000e-08  3.30000000e+00  2.74700000e-08  3.30000000e+00 
 2.74900000e-08  3.71465851e+00  2.74900000e-08  3.71465797e+00  2.74900000e-08  1.18232452e-01  2.74900000e-08  1.18252935e-01  2.74900000e-08  3.30000000e+00  2.74900000e-08  3.30000000e+00 
 2.75100000e-08  3.71453792e+00  2.75100000e-08  3.71453738e+00  2.75100000e-08  1.17134553e-01  2.75100000e-08  1.17154776e-01  2.75100000e-08  3.30000000e+00  2.75100000e-08  3.30000000e+00 
 2.75300000e-08  3.71441782e+00  2.75300000e-08  3.71441727e+00  2.75300000e-08  1.16046732e-01  2.75300000e-08  1.16066698e-01  2.75300000e-08  3.30000000e+00  2.75300000e-08  3.30000000e+00 
 2.75500000e-08  3.71429819e+00  2.75500000e-08  3.71429765e+00  2.75500000e-08  1.14968905e-01  2.75500000e-08  1.14988619e-01  2.75500000e-08  3.30000000e+00  2.75500000e-08  3.30000000e+00 
 2.75700000e-08  3.71417904e+00  2.75700000e-08  3.71417850e+00  2.75700000e-08  1.13900976e-01  2.75700000e-08  1.13920442e-01  2.75700000e-08  3.30000000e+00  2.75700000e-08  3.30000000e+00 
 2.75900000e-08  3.71406036e+00  2.75900000e-08  3.71405983e+00  2.75900000e-08  1.12842863e-01  2.75900000e-08  1.12862085e-01  2.75900000e-08  3.30000000e+00  2.75900000e-08  3.30000000e+00 
 2.76100000e-08  3.71394215e+00  2.76100000e-08  3.71394161e+00  2.76100000e-08  1.11794471e-01  2.76100000e-08  1.11813453e-01  2.76100000e-08  3.30000000e+00  2.76100000e-08  3.30000000e+00 
 2.76300000e-08  3.71382441e+00  2.76300000e-08  3.71382387e+00  2.76300000e-08  1.10755721e-01  2.76300000e-08  1.10774465e-01  2.76300000e-08  3.30000000e+00  2.76300000e-08  3.30000000e+00 
 2.76500000e-08  3.71370712e+00  2.76500000e-08  3.71370659e+00  2.76500000e-08  1.09726517e-01  2.76500000e-08  1.09745029e-01  2.76500000e-08  3.30000000e+00  2.76500000e-08  3.30000000e+00 
 2.76700000e-08  3.71359029e+00  2.76700000e-08  3.71358976e+00  2.76700000e-08  1.08706782e-01  2.76700000e-08  1.08725064e-01  2.76700000e-08  3.30000000e+00  2.76700000e-08  3.30000000e+00 
 2.76900000e-08  3.71347392e+00  2.76900000e-08  3.71347339e+00  2.76900000e-08  1.07696423e-01  2.76900000e-08  1.07714479e-01  2.76900000e-08  3.30000000e+00  2.76900000e-08  3.30000000e+00 
 2.77100000e-08  3.71335800e+00  2.77100000e-08  3.71335747e+00  2.77100000e-08  1.06695363e-01  2.77100000e-08  1.06713197e-01  2.77100000e-08  3.30000000e+00  2.77100000e-08  3.30000000e+00 
 2.77300000e-08  3.71324252e+00  2.77300000e-08  3.71324199e+00  2.77300000e-08  1.05703512e-01  2.77300000e-08  1.05721127e-01  2.77300000e-08  3.30000000e+00  2.77300000e-08  3.30000000e+00 
 2.77500000e-08  3.71312749e+00  2.77500000e-08  3.71312696e+00  2.77500000e-08  1.04720793e-01  2.77500000e-08  1.04738192e-01  2.77500000e-08  3.30000000e+00  2.77500000e-08  3.30000000e+00 
 2.77700000e-08  3.71301290e+00  2.77700000e-08  3.71301237e+00  2.77700000e-08  1.03747118e-01  2.77700000e-08  1.03764304e-01  2.77700000e-08  3.30000000e+00  2.77700000e-08  3.30000000e+00 
 2.77900000e-08  3.71289874e+00  2.77900000e-08  3.71289822e+00  2.77900000e-08  1.02782411e-01  2.77900000e-08  1.02799388e-01  2.77900000e-08  3.30000000e+00  2.77900000e-08  3.30000000e+00 
 2.78100000e-08  3.71278502e+00  2.78100000e-08  3.71278450e+00  2.78100000e-08  1.01826585e-01  2.78100000e-08  1.01843356e-01  2.78100000e-08  3.30000000e+00  2.78100000e-08  3.30000000e+00 
 2.78300000e-08  3.71267173e+00  2.78300000e-08  3.71267121e+00  2.78300000e-08  1.00879567e-01  2.78300000e-08  1.00896135e-01  2.78300000e-08  3.30000000e+00  2.78300000e-08  3.30000000e+00 
 2.78500000e-08  3.71255887e+00  2.78500000e-08  3.71255835e+00  2.78500000e-08  9.99412705e-02  2.78500000e-08  9.99576379e-02  2.78500000e-08  3.30000000e+00  2.78500000e-08  3.30000000e+00 
 2.78700000e-08  3.71244644e+00  2.78700000e-08  3.71244591e+00  2.78700000e-08  9.90116237e-02  2.78700000e-08  9.90277940e-02  2.78700000e-08  3.30000000e+00  2.78700000e-08  3.30000000e+00 
 2.78900000e-08  3.71233442e+00  2.78900000e-08  3.71233390e+00  2.78900000e-08  9.80905414e-02  2.78900000e-08  9.81065174e-02  2.78900000e-08  3.30000000e+00  2.78900000e-08  3.30000000e+00 
 2.79100000e-08  3.71222282e+00  2.79100000e-08  3.71222230e+00  2.79100000e-08  9.71779535e-02  2.79100000e-08  9.71937382e-02  2.79100000e-08  3.30000000e+00  2.79100000e-08  3.30000000e+00 
 2.79300000e-08  3.71211164e+00  2.79300000e-08  3.71211112e+00  2.79300000e-08  9.62737760e-02  2.79300000e-08  9.62893721e-02  2.79300000e-08  3.30000000e+00  2.79300000e-08  3.30000000e+00 
 2.79500000e-08  3.71200087e+00  2.79500000e-08  3.71200035e+00  2.79500000e-08  9.53779402e-02  2.79500000e-08  9.53933504e-02  2.79500000e-08  3.30000000e+00  2.79500000e-08  3.30000000e+00 
 2.79700000e-08  3.71189051e+00  2.79700000e-08  3.71188999e+00  2.79700000e-08  9.44903632e-02  2.79700000e-08  9.45055903e-02  2.79700000e-08  3.30000000e+00  2.79700000e-08  3.30000000e+00 
 2.79900000e-08  3.71178056e+00  2.79900000e-08  3.71178004e+00  2.79900000e-08  9.36109778e-02  2.79900000e-08  9.36260244e-02  2.79900000e-08  3.30000000e+00  2.79900000e-08  3.30000000e+00 
 2.80100000e-08  3.71167100e+00  2.80100000e-08  3.71167049e+00  2.80100000e-08  9.27397024e-02  2.80100000e-08  9.27545712e-02  2.80100000e-08  3.30000000e+00  2.80100000e-08  3.30000000e+00 
 2.80300000e-08  3.71156186e+00  2.80300000e-08  3.71156134e+00  2.80300000e-08  9.18764710e-02  2.80300000e-08  9.18911645e-02  2.80300000e-08  3.30000000e+00  2.80300000e-08  3.30000000e+00 
 2.80500000e-08  3.71145310e+00  2.80500000e-08  3.71145259e+00  2.80500000e-08  9.10212034e-02  2.80500000e-08  9.10357241e-02  2.80500000e-08  3.30000000e+00  2.80500000e-08  3.30000000e+00 
 2.80700000e-08  3.71134475e+00  2.80700000e-08  3.71134424e+00  2.80700000e-08  9.01738347e-02  2.80700000e-08  9.01881851e-02  2.80700000e-08  3.30000000e+00  2.80700000e-08  3.30000000e+00 
 2.80900000e-08  3.71123678e+00  2.80900000e-08  3.71123627e+00  2.80900000e-08  8.93342861e-02  2.80900000e-08  8.93484685e-02  2.80900000e-08  3.30000000e+00  2.80900000e-08  3.30000000e+00 
 2.81100000e-08  3.71112920e+00  2.81100000e-08  3.71112870e+00  2.81100000e-08  8.85024939e-02  2.81100000e-08  8.85165109e-02  2.81100000e-08  3.30000000e+00  2.81100000e-08  3.30000000e+00 
 2.81300000e-08  3.71102201e+00  2.81300000e-08  3.71102151e+00  2.81300000e-08  8.76783805e-02  2.81300000e-08  8.76922343e-02  2.81300000e-08  3.30000000e+00  2.81300000e-08  3.30000000e+00 
 2.81500000e-08  3.71091521e+00  2.81500000e-08  3.71091471e+00  2.81500000e-08  8.68618836e-02  2.81500000e-08  8.68755765e-02  2.81500000e-08  3.30000000e+00  2.81500000e-08  3.30000000e+00 
 2.81700000e-08  3.71080878e+00  2.81700000e-08  3.71080828e+00  2.81700000e-08  8.60529267e-02  2.81700000e-08  8.60664610e-02  2.81700000e-08  3.30000000e+00  2.81700000e-08  3.30000000e+00 
 2.81900000e-08  3.71070274e+00  2.81900000e-08  3.71070224e+00  2.81900000e-08  8.52514486e-02  2.81900000e-08  8.52648265e-02  2.81900000e-08  3.30000000e+00  2.81900000e-08  3.30000000e+00 
 2.82100000e-08  3.71059707e+00  2.82100000e-08  3.71059657e+00  2.82100000e-08  8.44573740e-02  2.82100000e-08  8.44705978e-02  2.82100000e-08  3.30000000e+00  2.82100000e-08  3.30000000e+00 
 2.82300000e-08  3.71049177e+00  2.82300000e-08  3.71049127e+00  2.82300000e-08  8.36706432e-02  2.82300000e-08  8.36837148e-02  2.82300000e-08  3.30000000e+00  2.82300000e-08  3.30000000e+00 
 2.82500000e-08  3.71038685e+00  2.82500000e-08  3.71038635e+00  2.82500000e-08  8.28911819e-02  2.82500000e-08  8.29041036e-02  2.82500000e-08  3.30000000e+00  2.82500000e-08  3.30000000e+00 
 2.82700000e-08  3.71028229e+00  2.82700000e-08  3.71028179e+00  2.82700000e-08  8.21189314e-02  2.82700000e-08  8.21317052e-02  2.82700000e-08  3.30000000e+00  2.82700000e-08  3.30000000e+00 
 2.82900000e-08  3.71017810e+00  2.82900000e-08  3.71017760e+00  2.82900000e-08  8.13538188e-02  2.82900000e-08  8.13664468e-02  2.82900000e-08  3.30000000e+00  2.82900000e-08  3.30000000e+00 
 2.83100000e-08  3.71007427e+00  2.83100000e-08  3.71007377e+00  2.83100000e-08  8.05957864e-02  2.83100000e-08  8.06082706e-02  2.83100000e-08  3.30000000e+00  2.83100000e-08  3.30000000e+00 
 2.83300000e-08  3.70997080e+00  2.83300000e-08  3.70997031e+00  2.83300000e-08  7.98447626e-02  2.83300000e-08  7.98571049e-02  2.83300000e-08  3.30000000e+00  2.83300000e-08  3.30000000e+00 
 2.83500000e-08  3.70986769e+00  2.83500000e-08  3.70986720e+00  2.83500000e-08  7.91006907e-02  2.83500000e-08  7.91128931e-02  2.83500000e-08  3.30000000e+00  2.83500000e-08  3.30000000e+00 
 2.83700000e-08  3.70976494e+00  2.83700000e-08  3.70976444e+00  2.83700000e-08  7.83635003e-02  2.83700000e-08  7.83755646e-02  2.83700000e-08  3.30000000e+00  2.83700000e-08  3.30000000e+00 
 2.83900000e-08  3.70966254e+00  2.83900000e-08  3.70966205e+00  2.83900000e-08  7.76331359e-02  2.83900000e-08  7.76450641e-02  2.83900000e-08  3.30000000e+00  2.83900000e-08  3.30000000e+00 
 2.84100000e-08  3.70956049e+00  2.84100000e-08  3.70956000e+00  2.84100000e-08  7.69095279e-02  2.84100000e-08  7.69213218e-02  2.84100000e-08  3.30000000e+00  2.84100000e-08  3.30000000e+00 
 2.84300000e-08  3.70945879e+00  2.84300000e-08  3.70945830e+00  2.84300000e-08  7.61926222e-02  2.84300000e-08  7.62042836e-02  2.84300000e-08  3.30000000e+00  2.84300000e-08  3.30000000e+00 
 2.84500000e-08  3.70935743e+00  2.84500000e-08  3.70935694e+00  2.84500000e-08  7.54823502e-02  2.84500000e-08  7.54938809e-02  2.84500000e-08  3.30000000e+00  2.84500000e-08  3.30000000e+00 
 2.84700000e-08  3.70925642e+00  2.84700000e-08  3.70925593e+00  2.84700000e-08  7.47786588e-02  2.84700000e-08  7.47900605e-02  2.84700000e-08  3.30000000e+00  2.84700000e-08  3.30000000e+00 
 2.84900000e-08  3.70915575e+00  2.84900000e-08  3.70915527e+00  2.84900000e-08  7.40814807e-02  2.84900000e-08  7.40927551e-02  2.84900000e-08  3.30000000e+00  2.84900000e-08  3.30000000e+00 
 2.85100000e-08  3.70905542e+00  2.85100000e-08  3.70905494e+00  2.85100000e-08  7.33907636e-02  2.85100000e-08  7.34019125e-02  2.85100000e-08  3.30000000e+00  2.85100000e-08  3.30000000e+00 
 2.85300000e-08  3.70895543e+00  2.85300000e-08  3.70895495e+00  2.85300000e-08  7.27064413e-02  2.85300000e-08  7.27174664e-02  2.85300000e-08  3.30000000e+00  2.85300000e-08  3.30000000e+00 
 2.85500000e-08  3.70885577e+00  2.85500000e-08  3.70885529e+00  2.85500000e-08  7.20284628e-02  2.85500000e-08  7.20393656e-02  2.85500000e-08  3.30000000e+00  2.85500000e-08  3.30000000e+00 
 2.85700000e-08  3.70875645e+00  2.85700000e-08  3.70875597e+00  2.85700000e-08  7.13567627e-02  2.85700000e-08  7.13675449e-02  2.85700000e-08  3.30000000e+00  2.85700000e-08  3.30000000e+00 
 2.85900000e-08  3.70865746e+00  2.85900000e-08  3.70865698e+00  2.85900000e-08  7.06912909e-02  2.85900000e-08  7.07019541e-02  2.85900000e-08  3.30000000e+00  2.85900000e-08  3.30000000e+00 
 2.86100000e-08  3.70855879e+00  2.86100000e-08  3.70855831e+00  2.86100000e-08  7.00319833e-02  2.86100000e-08  7.00425291e-02  2.86100000e-08  3.30000000e+00  2.86100000e-08  3.30000000e+00 
 2.86300000e-08  3.70846045e+00  2.86300000e-08  3.70845997e+00  2.86300000e-08  6.93787909e-02  2.86300000e-08  6.93892207e-02  2.86300000e-08  3.30000000e+00  2.86300000e-08  3.30000000e+00 
 2.86500000e-08  3.70836244e+00  2.86500000e-08  3.70836196e+00  2.86500000e-08  6.87316502e-02  2.86500000e-08  6.87419656e-02  2.86500000e-08  3.30000000e+00  2.86500000e-08  3.30000000e+00 
 2.86700000e-08  3.70826474e+00  2.86700000e-08  3.70826427e+00  2.86700000e-08  6.80905134e-02  2.86700000e-08  6.81007159e-02  2.86700000e-08  3.30000000e+00  2.86700000e-08  3.30000000e+00 
 2.86900000e-08  3.70816737e+00  2.86900000e-08  3.70816690e+00  2.86900000e-08  6.74553182e-02  2.86900000e-08  6.74654092e-02  2.86900000e-08  3.30000000e+00  2.86900000e-08  3.30000000e+00 
 2.87100000e-08  3.70807032e+00  2.87100000e-08  3.70806985e+00  2.87100000e-08  6.68260174e-02  2.87100000e-08  6.68359984e-02  2.87100000e-08  3.30000000e+00  2.87100000e-08  3.30000000e+00 
 2.87300000e-08  3.70797358e+00  2.87300000e-08  3.70797311e+00  2.87300000e-08  6.62025499e-02  2.87300000e-08  6.62124223e-02  2.87300000e-08  3.30000000e+00  2.87300000e-08  3.30000000e+00 
 2.87500000e-08  3.70787715e+00  2.87500000e-08  3.70787668e+00  2.87500000e-08  6.55848695e-02  2.87500000e-08  6.55946347e-02  2.87500000e-08  3.30000000e+00  2.87500000e-08  3.30000000e+00 
 2.87700000e-08  3.70778104e+00  2.87700000e-08  3.70778057e+00  2.87700000e-08  6.49729159e-02  2.87700000e-08  6.49825753e-02  2.87700000e-08  3.30000000e+00  2.87700000e-08  3.30000000e+00 
 2.87900000e-08  3.70768524e+00  2.87900000e-08  3.70768477e+00  2.87900000e-08  6.43666439e-02  2.87900000e-08  6.43761989e-02  2.87900000e-08  3.30000000e+00  2.87900000e-08  3.30000000e+00 
 2.88100000e-08  3.70758974e+00  2.88100000e-08  3.70758928e+00  2.88100000e-08  6.37659941e-02  2.88100000e-08  6.37754460e-02  2.88100000e-08  3.30000000e+00  2.88100000e-08  3.30000000e+00 
 2.88300000e-08  3.70749456e+00  2.88300000e-08  3.70749409e+00  2.88300000e-08  6.31709225e-02  2.88300000e-08  6.31802725e-02  2.88300000e-08  3.30000000e+00  2.88300000e-08  3.30000000e+00 
 2.88500000e-08  3.70739967e+00  2.88500000e-08  3.70739920e+00  2.88500000e-08  6.25813703e-02  2.88500000e-08  6.25906199e-02  2.88500000e-08  3.30000000e+00  2.88500000e-08  3.30000000e+00 
 2.88700000e-08  3.70730509e+00  2.88700000e-08  3.70730462e+00  2.88700000e-08  6.19972945e-02  2.88700000e-08  6.20064448e-02  2.88700000e-08  3.30000000e+00  2.88700000e-08  3.30000000e+00 
 2.88900000e-08  3.70721080e+00  2.88900000e-08  3.70721034e+00  2.88900000e-08  6.14186373e-02  2.88900000e-08  6.14276897e-02  2.88900000e-08  3.30000000e+00  2.88900000e-08  3.30000000e+00 
 2.89100000e-08  3.70711682e+00  2.89100000e-08  3.70711636e+00  2.89100000e-08  6.08453565e-02  2.89100000e-08  6.08543121e-02  2.89100000e-08  3.30000000e+00  2.89100000e-08  3.30000000e+00 
 2.89300000e-08  3.70702313e+00  2.89300000e-08  3.70702267e+00  2.89300000e-08  6.02773953e-02  2.89300000e-08  6.02862554e-02  2.89300000e-08  3.30000000e+00  2.89300000e-08  3.30000000e+00 
 2.89500000e-08  3.70692974e+00  2.89500000e-08  3.70692928e+00  2.89500000e-08  5.97147122e-02  2.89500000e-08  5.97234780e-02  2.89500000e-08  3.30000000e+00  2.89500000e-08  3.30000000e+00 
 2.89700000e-08  3.70683664e+00  2.89700000e-08  3.70683618e+00  2.89700000e-08  5.91572515e-02  2.89700000e-08  5.91659242e-02  2.89700000e-08  3.30000000e+00  2.89700000e-08  3.30000000e+00 
 2.89900000e-08  3.70674383e+00  2.89900000e-08  3.70674338e+00  2.89900000e-08  5.86049725e-02  2.89900000e-08  5.86135532e-02  2.89900000e-08  3.30000000e+00  2.89900000e-08  3.30000000e+00 
 2.90100000e-08  3.70665131e+00  2.90100000e-08  3.70665086e+00  2.90100000e-08  5.80578202e-02  2.90100000e-08  5.80663101e-02  2.90100000e-08  3.30000000e+00  2.90100000e-08  3.30000000e+00 
 2.90300000e-08  3.70655908e+00  2.90300000e-08  3.70655863e+00  2.90300000e-08  5.75157550e-02  2.90300000e-08  5.75241552e-02  2.90300000e-08  3.30000000e+00  2.90300000e-08  3.30000000e+00 
 2.90500000e-08  3.70646714e+00  2.90500000e-08  3.70646668e+00  2.90500000e-08  5.69787227e-02  2.90500000e-08  5.69870343e-02  2.90500000e-08  3.30000000e+00  2.90500000e-08  3.30000000e+00 
 2.90700000e-08  3.70637547e+00  2.90700000e-08  3.70637502e+00  2.90700000e-08  5.64466843e-02  2.90700000e-08  5.64549085e-02  2.90700000e-08  3.30000000e+00  2.90700000e-08  3.30000000e+00 
 2.90900000e-08  3.70628409e+00  2.90900000e-08  3.70628364e+00  2.90900000e-08  5.59195867e-02  2.90900000e-08  5.59277245e-02  2.90900000e-08  3.30000000e+00  2.90900000e-08  3.30000000e+00 
 2.91100000e-08  3.70619300e+00  2.91100000e-08  3.70619255e+00  2.91100000e-08  5.53973918e-02  2.91100000e-08  5.54054442e-02  2.91100000e-08  3.30000000e+00  2.91100000e-08  3.30000000e+00 
 2.91300000e-08  3.70610217e+00  2.91300000e-08  3.70610172e+00  2.91300000e-08  5.48800470e-02  2.91300000e-08  5.48880152e-02  2.91300000e-08  3.30000000e+00  2.91300000e-08  3.30000000e+00 
 2.91500000e-08  3.70601163e+00  2.91500000e-08  3.70601118e+00  2.91500000e-08  5.43675152e-02  2.91500000e-08  5.43754001e-02  2.91500000e-08  3.30000000e+00  2.91500000e-08  3.30000000e+00 
 2.91700000e-08  3.70592136e+00  2.91700000e-08  3.70592092e+00  2.91700000e-08  5.38597446e-02  2.91700000e-08  5.38675473e-02  2.91700000e-08  3.30000000e+00  2.91700000e-08  3.30000000e+00 
 2.91900000e-08  3.70583137e+00  2.91900000e-08  3.70583092e+00  2.91900000e-08  5.33566989e-02  2.91900000e-08  5.33644203e-02  2.91900000e-08  3.30000000e+00  2.91900000e-08  3.30000000e+00 
 2.92100000e-08  3.70574165e+00  2.92100000e-08  3.70574120e+00  2.92100000e-08  5.28583271e-02  2.92100000e-08  5.28659683e-02  2.92100000e-08  3.30000000e+00  2.92100000e-08  3.30000000e+00 
 2.92300000e-08  3.70565220e+00  2.92300000e-08  3.70565175e+00  2.92300000e-08  5.23645936e-02  2.92300000e-08  5.23721555e-02  2.92300000e-08  3.30000000e+00  2.92300000e-08  3.30000000e+00 
 2.92500000e-08  3.70556301e+00  2.92500000e-08  3.70556257e+00  2.92500000e-08  5.18754483e-02  2.92500000e-08  5.18829320e-02  2.92500000e-08  3.30000000e+00  2.92500000e-08  3.30000000e+00 
 2.92700000e-08  3.70547410e+00  2.92700000e-08  3.70547366e+00  2.92700000e-08  5.13908563e-02  2.92700000e-08  5.13982626e-02  2.92700000e-08  3.30000000e+00  2.92700000e-08  3.30000000e+00 
 2.92900000e-08  3.70538545e+00  2.92900000e-08  3.70538501e+00  2.92900000e-08  5.09107683e-02  2.92900000e-08  5.09180982e-02  2.92900000e-08  3.30000000e+00  2.92900000e-08  3.30000000e+00 
 2.93100000e-08  3.70529707e+00  2.93100000e-08  3.70529663e+00  2.93100000e-08  5.04351501e-02  2.93100000e-08  5.04424045e-02  2.93100000e-08  3.30000000e+00  2.93100000e-08  3.30000000e+00 
 2.93300000e-08  3.70520894e+00  2.93300000e-08  3.70520850e+00  2.93300000e-08  4.99639532e-02  2.93300000e-08  4.99711331e-02  2.93300000e-08  3.30000000e+00  2.93300000e-08  3.30000000e+00 
 2.93500000e-08  3.70512108e+00  2.93500000e-08  3.70512065e+00  2.93500000e-08  4.94971442e-02  2.93500000e-08  4.95042504e-02  2.93500000e-08  3.30000000e+00  2.93500000e-08  3.30000000e+00 
 2.93700000e-08  3.70503348e+00  2.93700000e-08  3.70503304e+00  2.93700000e-08  4.90346753e-02  2.93700000e-08  4.90417087e-02  2.93700000e-08  3.30000000e+00  2.93700000e-08  3.30000000e+00 
 2.93900000e-08  3.70494614e+00  2.93900000e-08  3.70494570e+00  2.93900000e-08  4.85765139e-02  2.93900000e-08  4.85834753e-02  2.93900000e-08  3.30000000e+00  2.93900000e-08  3.30000000e+00 
 2.94100000e-08  3.70485905e+00  2.94100000e-08  3.70485862e+00  2.94100000e-08  4.81226127e-02  2.94100000e-08  4.81295031e-02  2.94100000e-08  3.30000000e+00  2.94100000e-08  3.30000000e+00 
 2.94300000e-08  3.70477222e+00  2.94300000e-08  3.70477179e+00  2.94300000e-08  4.76729399e-02  2.94300000e-08  4.76797601e-02  2.94300000e-08  3.30000000e+00  2.94300000e-08  3.30000000e+00 
 2.94500000e-08  3.70468564e+00  2.94500000e-08  3.70468521e+00  2.94500000e-08  4.72274491e-02  2.94500000e-08  4.72341999e-02  2.94500000e-08  3.30000000e+00  2.94500000e-08  3.30000000e+00 
 2.94700000e-08  3.70459932e+00  2.94700000e-08  3.70459888e+00  2.94700000e-08  4.67861091e-02  2.94700000e-08  4.67927913e-02  2.94700000e-08  3.30000000e+00  2.94700000e-08  3.30000000e+00 
 2.94900000e-08  3.70451324e+00  2.94900000e-08  3.70451281e+00  2.94900000e-08  4.63488742e-02  2.94900000e-08  4.63554887e-02  2.94900000e-08  3.30000000e+00  2.94900000e-08  3.30000000e+00 
 2.95100000e-08  3.70442741e+00  2.95100000e-08  3.70442698e+00  2.95100000e-08  4.59157139e-02  2.95100000e-08  4.59222614e-02  2.95100000e-08  3.30000000e+00  2.95100000e-08  3.30000000e+00 
 2.95300000e-08  3.70434183e+00  2.95300000e-08  3.70434141e+00  2.95300000e-08  4.54865832e-02  2.95300000e-08  4.54930645e-02  2.95300000e-08  3.30000000e+00  2.95300000e-08  3.30000000e+00 
 2.95500000e-08  3.70425650e+00  2.95500000e-08  3.70425608e+00  2.95500000e-08  4.50614522e-02  2.95500000e-08  4.50678681e-02  2.95500000e-08  3.30000000e+00  2.95500000e-08  3.30000000e+00 
 2.95700000e-08  3.70417141e+00  2.95700000e-08  3.70417099e+00  2.95700000e-08  4.46402766e-02  2.95700000e-08  4.46466279e-02  2.95700000e-08  3.30000000e+00  2.95700000e-08  3.30000000e+00 
 2.95850000e-08  3.70410776e+00  2.95850000e-08  3.70410733e+00  2.95850000e-08  4.43269752e-02  2.95850000e-08  4.43332786e-02  2.95850000e-08  3.30000000e+00  2.95850000e-08  3.30000000e+00 
 2.96000000e-08  3.70404424e+00  2.96000000e-08  3.70404382e+00  2.96000000e-08  4.40158613e-02  2.96000000e-08  4.40221172e-02  2.96000000e-08  3.30000000e+00  2.96000000e-08  3.30000000e+00 
 2.96020000e-08  3.69050689e+00  2.96020000e-08  3.69050650e+00  2.96020000e-08  4.39127162e-02  2.96020000e-08  4.39189092e-02  2.96020000e-08  3.30000000e+00  2.96020000e-08  3.23400000e+00 
 2.96060000e-08  3.65975885e+00  2.96060000e-08  3.65975854e+00  2.96060000e-08  4.37100946e-02  2.96060000e-08  4.37160901e-02  2.96060000e-08  3.30000000e+00  2.96060000e-08  3.10200000e+00 
 2.96140000e-08  3.58627491e+00  2.96140000e-08  3.58627470e+00  2.96140000e-08  4.33393746e-02  2.96140000e-08  4.33447040e-02  2.96140000e-08  3.30000000e+00  2.96140000e-08  2.83800000e+00 
 2.96300000e-08  3.39429627e+00  2.96300000e-08  3.39429622e+00  2.96300000e-08  4.26222500e-02  2.96300000e-08  4.26259603e-02  2.96300000e-08  3.30000000e+00  2.96300000e-08  2.31000000e+00 
 2.96500000e-08  3.18421105e+00  2.96500000e-08  3.18421122e+00  2.96500000e-08  4.18602223e-02  2.96500000e-08  4.18624594e-02  2.96500000e-08  3.30000000e+00  2.96500000e-08  1.65000000e+00 
 2.96700000e-08  3.12868780e+00  2.96700000e-08  3.12868799e+00  2.96700000e-08  4.13856629e-02  2.96700000e-08  4.13878621e-02  2.96700000e-08  3.30000000e+00  2.96700000e-08  9.90000000e-01 
 2.96850000e-08  3.14815624e+00  2.96850000e-08  3.14815636e+00  2.96850000e-08  4.10824723e-02  2.96850000e-08  4.10853805e-02  2.96850000e-08  3.30000000e+00  2.96850000e-08  4.95000000e-01 
 2.97000000e-08  3.17147310e+00  2.97000000e-08  3.17147316e+00  2.97000000e-08  4.08322521e-02  2.97000000e-08  4.08360187e-02  2.97000000e-08  3.30000000e+00  2.97000000e-08  0.00000000e+00 
 2.97020000e-08  3.19383596e+00  2.97020000e-08  3.19383601e+00  2.97020000e-08  4.08708074e-02  2.97020000e-08  4.08747588e-02  2.97020000e-08  3.30000000e+00  2.97020000e-08  0.00000000e+00 
 2.97060000e-08  3.23081506e+00  2.97060000e-08  3.23081510e+00  2.97060000e-08  4.09122885e-02  2.97060000e-08  4.09166563e-02  2.97060000e-08  3.30000000e+00  2.97060000e-08  0.00000000e+00 
 2.97140000e-08  3.27210938e+00  2.97140000e-08  3.27210940e+00  2.97140000e-08  4.08572037e-02  2.97140000e-08  4.08624228e-02  2.97140000e-08  3.30000000e+00  2.97140000e-08  0.00000000e+00 
 2.97300000e-08  3.29798014e+00  2.97300000e-08  3.29798014e+00  2.97300000e-08  4.05623065e-02  2.97300000e-08  4.05684732e-02  2.97300000e-08  3.30000000e+00  2.97300000e-08  0.00000000e+00 
 2.97500000e-08  3.30021624e+00  2.97500000e-08  3.30021624e+00  2.97500000e-08  4.01527941e-02  2.97500000e-08  4.01590137e-02  2.97500000e-08  3.30000000e+00  2.97500000e-08  0.00000000e+00 
 2.97700000e-08  3.30001296e+00  2.97700000e-08  3.30001296e+00  2.97700000e-08  3.97711883e-02  2.97700000e-08  3.97771123e-02  2.97700000e-08  3.30000000e+00  2.97700000e-08  0.00000000e+00 
 2.97900000e-08  3.30000360e+00  2.97900000e-08  3.30000360e+00  2.97900000e-08  3.93984410e-02  2.97900000e-08  3.94041494e-02  2.97900000e-08  3.30000000e+00  2.97900000e-08  0.00000000e+00 
 2.98100000e-08  3.30000048e+00  2.98100000e-08  3.30000048e+00  2.98100000e-08  3.90298472e-02  2.98100000e-08  3.90354208e-02  2.98100000e-08  3.30000000e+00  2.98100000e-08  0.00000000e+00 
 2.98300000e-08  3.30000008e+00  2.98300000e-08  3.30000008e+00  2.98300000e-08  3.86647955e-02  2.98300000e-08  3.86702776e-02  2.98300000e-08  3.30000000e+00  2.98300000e-08  0.00000000e+00 
 2.98500000e-08  3.30000002e+00  2.98500000e-08  3.30000002e+00  2.98500000e-08  3.83031574e-02  2.98500000e-08  3.83085689e-02  2.98500000e-08  3.30000000e+00  2.98500000e-08  0.00000000e+00 
 2.98700000e-08  3.29999999e+00  2.98700000e-08  3.29999999e+00  2.98700000e-08  3.79448906e-02  2.98700000e-08  3.79502416e-02  2.98700000e-08  3.30000000e+00  2.98700000e-08  0.00000000e+00 
 2.98900000e-08  3.30000001e+00  2.98900000e-08  3.30000001e+00  2.98900000e-08  3.75899638e-02  2.98900000e-08  3.75952590e-02  2.98900000e-08  3.30000000e+00  2.98900000e-08  0.00000000e+00 
 2.99100000e-08  3.29999999e+00  2.99100000e-08  3.29999999e+00  2.99100000e-08  3.72383466e-02  2.99100000e-08  3.72435886e-02  2.99100000e-08  3.30000000e+00  2.99100000e-08  0.00000000e+00 
 2.99300000e-08  3.30000001e+00  2.99300000e-08  3.30000001e+00  2.99300000e-08  3.68900089e-02  2.99300000e-08  3.68951992e-02  2.99300000e-08  3.30000000e+00  2.99300000e-08  0.00000000e+00 
 2.99500000e-08  3.29999999e+00  2.99500000e-08  3.29999999e+00  2.99500000e-08  3.65449206e-02  2.99500000e-08  3.65500600e-02  2.99500000e-08  3.30000000e+00  2.99500000e-08  0.00000000e+00 
 2.99700000e-08  3.30000001e+00  2.99700000e-08  3.30000001e+00  2.99700000e-08  3.62030515e-02  2.99700000e-08  3.62081408e-02  2.99700000e-08  3.30000000e+00  2.99700000e-08  0.00000000e+00 
 2.99900000e-08  3.29999999e+00  2.99900000e-08  3.29999999e+00  2.99900000e-08  3.58643719e-02  2.99900000e-08  3.58694118e-02  2.99900000e-08  3.30000000e+00  2.99900000e-08  0.00000000e+00 
 3.00100000e-08  3.30000001e+00  3.00100000e-08  3.30000001e+00  3.00100000e-08  3.55288523e-02  3.00100000e-08  3.55338433e-02  3.00100000e-08  3.30000000e+00  3.00100000e-08  0.00000000e+00 
 3.00300000e-08  3.29999999e+00  3.00300000e-08  3.29999999e+00  3.00300000e-08  3.51964633e-02  3.00300000e-08  3.52014061e-02  3.00300000e-08  3.30000000e+00  3.00300000e-08  0.00000000e+00 
 3.00500000e-08  3.30000001e+00  3.00500000e-08  3.30000001e+00  3.00500000e-08  3.48671759e-02  3.00500000e-08  3.48720710e-02  3.00500000e-08  3.30000000e+00  3.00500000e-08  0.00000000e+00 
 3.00700000e-08  3.29999999e+00  3.00700000e-08  3.29999999e+00  3.00700000e-08  3.45409614e-02  3.00700000e-08  3.45458093e-02  3.00700000e-08  3.30000000e+00  3.00700000e-08  0.00000000e+00 
 3.00850000e-08  3.30000001e+00  3.00850000e-08  3.30000001e+00  3.00850000e-08  3.42983007e-02  3.00850000e-08  3.43031136e-02  3.00850000e-08  3.30000000e+00  3.00850000e-08  0.00000000e+00 
 3.01000000e-08  3.29999999e+00  3.01000000e-08  3.29999999e+00  3.01000000e-08  3.40573405e-02  3.01000000e-08  3.40621186e-02  3.01000000e-08  3.30000000e+00  3.01000000e-08  0.00000000e+00 
 3.01020000e-08  3.29999999e+00  3.01020000e-08  3.29999999e+00  3.01020000e-08  3.40204836e-02  3.01020000e-08  3.40257018e-02  3.01020000e-08  3.23400000e+00  3.01020000e-08  0.00000000e+00 
 3.01060000e-08  3.29999979e+00  3.01060000e-08  3.29999979e+00  3.01060000e-08  3.38242774e-02  3.01060000e-08  3.38309514e-02  3.01060000e-08  3.10200000e+00  3.01060000e-08  0.00000000e+00 
 3.01140000e-08  3.29999900e+00  3.01140000e-08  3.29999900e+00  3.01140000e-08  3.28559641e-02  3.01140000e-08  3.28672708e-02  3.01140000e-08  2.83800000e+00  3.01140000e-08  0.00000000e+00 
 3.01300000e-08  3.29999820e+00  3.01300000e-08  3.29999821e+00  3.01300000e-08  2.94979923e-02  3.01300000e-08  2.95167816e-02  3.01300000e-08  2.31000000e+00  3.01300000e-08  0.00000000e+00 
 3.01500000e-08  3.30000249e+00  3.01500000e-08  3.30000250e+00  3.01500000e-08  3.00513162e-02  3.01500000e-08  3.00848374e-02  3.01500000e-08  1.65000000e+00  3.01500000e-08  0.00000000e+00 
 3.01700000e-08  3.30000643e+00  3.01700000e-08  3.30000645e+00  3.01700000e-08  3.99779367e-02  3.01700000e-08  4.00534202e-02  3.01700000e-08  9.90000000e-01  3.01700000e-08  0.00000000e+00 
 3.01850000e-08  3.30000692e+00  3.01850000e-08  3.30000694e+00  3.01850000e-08  5.38533250e-02  3.01850000e-08  5.39804380e-02  3.01850000e-08  4.95000000e-01  3.01850000e-08  0.00000000e+00 
 3.02000000e-08  3.30000784e+00  3.02000000e-08  3.30000786e+00  3.02000000e-08  7.41476222e-02  3.02000000e-08  7.43395286e-02  3.02000000e-08  7.94919686e-14  3.02000000e-08  0.00000000e+00 
 3.02020000e-08  3.30000842e+00  3.02020000e-08  3.30000844e+00  3.02020000e-08  7.76822388e-02  3.02020000e-08  7.78844013e-02  3.02020000e-08  0.00000000e+00  3.02020000e-08  0.00000000e+00 
 3.02060000e-08  3.30000834e+00  3.02060000e-08  3.30000836e+00  3.02060000e-08  8.44892844e-02  3.02060000e-08  8.47124779e-02  3.02060000e-08  0.00000000e+00  3.02060000e-08  0.00000000e+00 
 3.02140000e-08  3.30000496e+00  3.02140000e-08  3.30000498e+00  3.02140000e-08  9.70103020e-02  3.02140000e-08  9.72756676e-02  3.02140000e-08  0.00000000e+00  3.02140000e-08  0.00000000e+00 
 3.02300000e-08  3.30000002e+00  3.02300000e-08  3.30000002e+00  3.02300000e-08  1.20305172e-01  3.02300000e-08  1.20644876e-01  3.02300000e-08  0.00000000e+00  3.02300000e-08  0.00000000e+00 
 3.02500000e-08  3.29999955e+00  3.02500000e-08  3.29999954e+00  3.02500000e-08  1.48682323e-01  3.02500000e-08  1.49095050e-01  3.02500000e-08  0.00000000e+00  3.02500000e-08  0.00000000e+00 
 3.02700000e-08  3.30000015e+00  3.02700000e-08  3.30000015e+00  3.02700000e-08  1.77208467e-01  3.02700000e-08  1.77681996e-01  3.02700000e-08  0.00000000e+00  3.02700000e-08  0.00000000e+00 
 3.02900000e-08  3.30000030e+00  3.02900000e-08  3.30000030e+00  3.02900000e-08  2.05962888e-01  3.02900000e-08  2.06495191e-01  3.02900000e-08  0.00000000e+00  3.02900000e-08  0.00000000e+00 
 3.03100000e-08  3.30000037e+00  3.03100000e-08  3.30000038e+00  3.03100000e-08  2.34956399e-01  3.03100000e-08  2.35551243e-01  3.03100000e-08  0.00000000e+00  3.03100000e-08  0.00000000e+00 
 3.03300000e-08  3.30000045e+00  3.03300000e-08  3.30000046e+00  3.03300000e-08  2.64207239e-01  3.03300000e-08  2.64872232e-01  3.03300000e-08  0.00000000e+00  3.03300000e-08  0.00000000e+00 
 3.03500000e-08  3.30000055e+00  3.03500000e-08  3.30000056e+00  3.03500000e-08  2.93740027e-01  3.03500000e-08  2.94486057e-01  3.03500000e-08  0.00000000e+00  3.03500000e-08  0.00000000e+00 
 3.03700000e-08  3.30000069e+00  3.03700000e-08  3.30000071e+00  3.03700000e-08  3.23587373e-01  3.03700000e-08  3.24428842e-01  3.03700000e-08  0.00000000e+00  3.03700000e-08  0.00000000e+00 
 3.03900000e-08  3.30000087e+00  3.03900000e-08  3.30000090e+00  3.03900000e-08  3.53792601e-01  3.03900000e-08  3.54748266e-01  3.03900000e-08  0.00000000e+00  3.03900000e-08  0.00000000e+00 
 3.04100000e-08  3.30000111e+00  3.04100000e-08  3.30000115e+00  3.04100000e-08  3.84413994e-01  3.04100000e-08  3.85508482e-01  3.04100000e-08  0.00000000e+00  3.04100000e-08  0.00000000e+00 
 3.04300000e-08  3.30000142e+00  3.04300000e-08  3.30000147e+00  3.04300000e-08  4.15531583e-01  3.04300000e-08  4.16797899e-01  3.04300000e-08  0.00000000e+00  3.04300000e-08  0.00000000e+00 
 3.04500000e-08  3.30000181e+00  3.04500000e-08  3.30000189e+00  3.04500000e-08  4.47258290e-01  3.04500000e-08  4.48742064e-01  3.04500000e-08  0.00000000e+00  3.04500000e-08  0.00000000e+00 
 3.04700000e-08  3.30000229e+00  3.04700000e-08  3.30000242e+00  3.04700000e-08  4.79759267e-01  3.04700000e-08  4.81526316e-01  3.04700000e-08  0.00000000e+00  3.04700000e-08  0.00000000e+00 
 3.04900000e-08  3.30000286e+00  3.04900000e-08  3.30000307e+00  3.04900000e-08  5.13287480e-01  3.04900000e-08  5.15438343e-01  3.04900000e-08  0.00000000e+00  3.04900000e-08  0.00000000e+00 
 3.05100000e-08  3.30000356e+00  3.05100000e-08  3.30000392e+00  3.05100000e-08  5.48254418e-01  3.05100000e-08  5.50954913e-01  3.05100000e-08  0.00000000e+00  3.05100000e-08  0.00000000e+00 
 3.05300000e-08  3.30000448e+00  3.05300000e-08  3.30000515e+00  3.05300000e-08  5.85391093e-01  3.05300000e-08  5.88945781e-01  3.05300000e-08  0.00000000e+00  3.05300000e-08  0.00000000e+00 
 3.05500000e-08  3.30000600e+00  3.05500000e-08  3.30000741e+00  3.05500000e-08  6.26111269e-01  3.05500000e-08  6.31139203e-01  3.05500000e-08  0.00000000e+00  3.05500000e-08  0.00000000e+00 
 3.05700000e-08  3.30000914e+00  3.05700000e-08  3.30001234e+00  3.05700000e-08  6.73394285e-01  3.05700000e-08  6.81166684e-01  3.05700000e-08  0.00000000e+00  3.05700000e-08  0.00000000e+00 
 3.05900000e-08  3.30001571e+00  3.05900000e-08  3.30002118e+00  3.05900000e-08  7.33065022e-01  3.05900000e-08  7.45285698e-01  3.05900000e-08  0.00000000e+00  3.05900000e-08  0.00000000e+00 
 3.06100000e-08  3.30002246e+00  3.06100000e-08  3.30002525e+00  3.06100000e-08  8.11632688e-01  3.06100000e-08  8.28629676e-01  3.06100000e-08  0.00000000e+00  3.06100000e-08  0.00000000e+00 
 3.06300000e-08  3.30001584e+00  3.06300000e-08  3.30001127e+00  3.06300000e-08  9.09889296e-01  3.06300000e-08  9.30941974e-01  3.06300000e-08  0.00000000e+00  3.06300000e-08  0.00000000e+00 
 3.06500000e-08  3.29999457e+00  3.06500000e-08  3.29998267e+00  3.06500000e-08  1.02414344e+00  3.06500000e-08  1.04848953e+00  3.06500000e-08  0.00000000e+00  3.06500000e-08  0.00000000e+00 
 3.06700000e-08  3.29997063e+00  3.06700000e-08  3.29995299e+00  3.06700000e-08  1.15032116e+00  3.06700000e-08  1.17747767e+00  3.06700000e-08  0.00000000e+00  3.06700000e-08  0.00000000e+00 
 3.06900000e-08  3.29995196e+00  3.06900000e-08  3.29993183e+00  3.06900000e-08  1.28554623e+00  3.06900000e-08  1.31516094e+00  3.06900000e-08  0.00000000e+00  3.06900000e-08  0.00000000e+00 
 3.07100000e-08  3.29994239e+00  3.07100000e-08  3.29992291e+00  3.07100000e-08  1.42754181e+00  3.07100000e-08  1.45929440e+00  3.07100000e-08  0.00000000e+00  3.07100000e-08  0.00000000e+00 
 3.07300000e-08  3.29993925e+00  3.07300000e-08  3.29991847e+00  3.07300000e-08  1.57426158e+00  3.07300000e-08  1.60784797e+00  3.07300000e-08  0.00000000e+00  3.07300000e-08  0.00000000e+00 
 3.07500000e-08  3.29994048e+00  3.07500000e-08  3.29992225e+00  3.07500000e-08  1.72383744e+00  3.07500000e-08  1.75896506e+00  3.07500000e-08  0.00000000e+00  3.07500000e-08  0.00000000e+00 
 3.07700000e-08  3.29994630e+00  3.07700000e-08  3.29992986e+00  3.07700000e-08  1.87418927e+00  3.07700000e-08  1.91034978e+00  3.07700000e-08  0.00000000e+00  3.07700000e-08  0.00000000e+00 
 3.07900000e-08  3.29995327e+00  3.07900000e-08  3.29993947e+00  3.07900000e-08  2.02245204e+00  3.07900000e-08  2.05897814e+00  3.07900000e-08  0.00000000e+00  3.07900000e-08  0.00000000e+00 
 3.08100000e-08  3.29996136e+00  3.08100000e-08  3.29995188e+00  3.08100000e-08  2.16572736e+00  3.08100000e-08  2.20201025e+00  3.08100000e-08  0.00000000e+00  3.08100000e-08  0.00000000e+00 
 3.08300000e-08  3.29997079e+00  3.08300000e-08  3.29996602e+00  3.08300000e-08  2.30165886e+00  3.08300000e-08  2.33718251e+00  3.08300000e-08  0.00000000e+00  3.08300000e-08  0.00000000e+00 
 3.08500000e-08  3.29998061e+00  3.08500000e-08  3.29998018e+00  3.08500000e-08  2.42846432e+00  3.08500000e-08  2.46279989e+00  3.08500000e-08  0.00000000e+00  3.08500000e-08  0.00000000e+00 
 3.08700000e-08  3.29998990e+00  3.08700000e-08  3.29999318e+00  3.08700000e-08  2.54490828e+00  3.08700000e-08  2.57771404e+00  3.08700000e-08  0.00000000e+00  3.08700000e-08  0.00000000e+00 
 3.08900000e-08  3.29999804e+00  3.08900000e-08  3.30000449e+00  3.08900000e-08  2.65028013e+00  3.08900000e-08  2.68130241e+00  3.08900000e-08  0.00000000e+00  3.08900000e-08  0.00000000e+00 
 3.09100000e-08  3.30000501e+00  3.09100000e-08  3.30001364e+00  3.09100000e-08  2.74435013e+00  3.09100000e-08  2.77342046e+00  3.09100000e-08  0.00000000e+00  3.09100000e-08  0.00000000e+00 
 3.09300000e-08  3.30001036e+00  3.09300000e-08  3.30002033e+00  3.09300000e-08  2.82729857e+00  3.09300000e-08  2.85432649e+00  3.09300000e-08  0.00000000e+00  3.09300000e-08  0.00000000e+00 
 3.09500000e-08  3.30001426e+00  3.09500000e-08  3.30002497e+00  3.09500000e-08  2.89963124e+00  3.09500000e-08  2.92459360e+00  3.09500000e-08  0.00000000e+00  3.09500000e-08  0.00000000e+00 
 3.09700000e-08  3.30001692e+00  3.09700000e-08  3.30002781e+00  3.09700000e-08  2.96208734e+00  3.09700000e-08  2.98501586e+00  3.09700000e-08  0.00000000e+00  3.09700000e-08  0.00000000e+00 
 3.09900000e-08  3.30001851e+00  3.09900000e-08  3.30002916e+00  3.09900000e-08  3.01555187e+00  3.09900000e-08  3.03652003e+00  3.09900000e-08  0.00000000e+00  3.09900000e-08  0.00000000e+00 
 3.10100000e-08  3.30001925e+00  3.10100000e-08  3.30002933e+00  3.10100000e-08  3.06097949e+00  3.10100000e-08  3.08009029e+00  3.10100000e-08  0.00000000e+00  3.10100000e-08  0.00000000e+00 
 3.10300000e-08  3.30001932e+00  3.10300000e-08  3.30002864e+00  3.10300000e-08  3.09933414e+00  3.10300000e-08  3.11670926e+00  3.10300000e-08  0.00000000e+00  3.10300000e-08  0.00000000e+00 
 3.10500000e-08  3.30001891e+00  3.10500000e-08  3.30002737e+00  3.10500000e-08  3.13154479e+00  3.10500000e-08  3.14731584e+00  3.10500000e-08  0.00000000e+00  3.10500000e-08  0.00000000e+00 
 3.10700000e-08  3.30001817e+00  3.10700000e-08  3.30002573e+00  3.10700000e-08  3.15847647e+00  3.10700000e-08  3.17277810e+00  3.10700000e-08  0.00000000e+00  3.10700000e-08  0.00000000e+00 
 3.10900000e-08  3.30001721e+00  3.10900000e-08  3.30002389e+00  3.10900000e-08  3.18091360e+00  3.10900000e-08  3.19387863e+00  3.10900000e-08  0.00000000e+00  3.10900000e-08  0.00000000e+00 
 3.11100000e-08  3.30001612e+00  3.11100000e-08  3.30002196e+00  3.11100000e-08  3.19955306e+00  3.11100000e-08  3.21130904e+00  3.11100000e-08  0.00000000e+00  3.11100000e-08  0.00000000e+00 
 3.11300000e-08  3.30001498e+00  3.11300000e-08  3.30002004e+00  3.11300000e-08  3.21500389e+00  3.11300000e-08  3.22567102e+00  3.11300000e-08  0.00000000e+00  3.11300000e-08  0.00000000e+00 
 3.11500000e-08  3.30001382e+00  3.11500000e-08  3.30001818e+00  3.11500000e-08  3.22779147e+00  3.11500000e-08  3.23748138e+00  3.11500000e-08  0.00000000e+00  3.11500000e-08  0.00000000e+00 
 3.11700000e-08  3.30001268e+00  3.11700000e-08  3.30001642e+00  3.11700000e-08  3.23836426e+00  3.11700000e-08  3.24717948e+00  3.11700000e-08  0.00000000e+00  3.11700000e-08  0.00000000e+00 
 3.11900000e-08  3.30001158e+00  3.11900000e-08  3.30001477e+00  3.11900000e-08  3.24710181e+00  3.11900000e-08  3.25513568e+00  3.11900000e-08  0.00000000e+00  3.11900000e-08  0.00000000e+00 
 3.12100000e-08  3.30001054e+00  3.12100000e-08  3.30001326e+00  3.12100000e-08  3.25432307e+00  3.12100000e-08  3.26166002e+00  3.12100000e-08  0.00000000e+00  3.12100000e-08  0.00000000e+00 
 3.12300000e-08  3.30000956e+00  3.12300000e-08  3.30001187e+00  3.12300000e-08  3.26029454e+00  3.12300000e-08  3.26701050e+00  3.12300000e-08  0.00000000e+00  3.12300000e-08  0.00000000e+00 
 3.12500000e-08  3.30000866e+00  3.12500000e-08  3.30001061e+00  3.12500000e-08  3.26523784e+00  3.12500000e-08  3.27140081e+00  3.12500000e-08  0.00000000e+00  3.12500000e-08  0.00000000e+00 
 3.12700000e-08  3.30000782e+00  3.12700000e-08  3.30000948e+00  3.12700000e-08  3.26933657e+00  3.12700000e-08  3.27500719e+00  3.12700000e-08  0.00000000e+00  3.12700000e-08  0.00000000e+00 
 3.12900000e-08  3.30000706e+00  3.12900000e-08  3.30000846e+00  3.12900000e-08  3.27274226e+00  3.12900000e-08  3.27797451e+00  3.12900000e-08  0.00000000e+00  3.12900000e-08  0.00000000e+00 
 3.13100000e-08  3.30000637e+00  3.13100000e-08  3.30000756e+00  3.13100000e-08  3.27557973e+00  3.13100000e-08  3.28042145e+00  3.13100000e-08  0.00000000e+00  3.13100000e-08  0.00000000e+00 
 3.13300000e-08  3.30000575e+00  3.13300000e-08  3.30000675e+00  3.13300000e-08  3.27795147e+00  3.13300000e-08  3.28244507e+00  3.13300000e-08  0.00000000e+00  3.13300000e-08  0.00000000e+00 
 3.13500000e-08  3.30000518e+00  3.13500000e-08  3.30000603e+00  3.13500000e-08  3.27994156e+00  3.13500000e-08  3.28412449e+00  3.13500000e-08  0.00000000e+00  3.13500000e-08  0.00000000e+00 
 3.13700000e-08  3.30000467e+00  3.13700000e-08  3.30000539e+00  3.13700000e-08  3.28161878e+00  3.13700000e-08  3.28552414e+00  3.13700000e-08  0.00000000e+00  3.13700000e-08  0.00000000e+00 
 3.13900000e-08  3.30000422e+00  3.13900000e-08  3.30000483e+00  3.13900000e-08  3.28303943e+00  3.13900000e-08  3.28669636e+00  3.13900000e-08  0.00000000e+00  3.13900000e-08  0.00000000e+00 
 3.14100000e-08  3.30000381e+00  3.14100000e-08  3.30000433e+00  3.14100000e-08  3.28424943e+00  3.14100000e-08  3.28768366e+00  3.14100000e-08  0.00000000e+00  3.14100000e-08  0.00000000e+00 
 3.14300000e-08  3.30000344e+00  3.14300000e-08  3.30000389e+00  3.14300000e-08  3.28528631e+00  3.14300000e-08  3.28852046e+00  3.14300000e-08  0.00000000e+00  3.14300000e-08  0.00000000e+00 
 3.14500000e-08  3.30000311e+00  3.14500000e-08  3.30000350e+00  3.14500000e-08  3.28618064e+00  3.14500000e-08  3.28923466e+00  3.14500000e-08  0.00000000e+00  3.14500000e-08  0.00000000e+00 
 3.14700000e-08  3.30000282e+00  3.14700000e-08  3.30000315e+00  3.14700000e-08  3.28695737e+00  3.14700000e-08  3.28984882e+00  3.14700000e-08  0.00000000e+00  3.14700000e-08  0.00000000e+00 
 3.14900000e-08  3.30000256e+00  3.14900000e-08  3.30000284e+00  3.14900000e-08  3.28763682e+00  3.14900000e-08  3.29038120e+00  3.14900000e-08  0.00000000e+00  3.14900000e-08  0.00000000e+00 
 3.15100000e-08  3.30000232e+00  3.15100000e-08  3.30000257e+00  3.15100000e-08  3.28823559e+00  3.15100000e-08  3.29084651e+00  3.15100000e-08  0.00000000e+00  3.15100000e-08  0.00000000e+00 
 3.15300000e-08  3.30000211e+00  3.15300000e-08  3.30000233e+00  3.15300000e-08  3.28876716e+00  3.15300000e-08  3.29125670e+00  3.15300000e-08  0.00000000e+00  3.15300000e-08  0.00000000e+00 
 3.15500000e-08  3.30000192e+00  3.15500000e-08  3.30000211e+00  3.15500000e-08  3.28924258e+00  3.15500000e-08  3.29162137e+00  3.15500000e-08  0.00000000e+00  3.15500000e-08  0.00000000e+00 
 3.15700000e-08  3.30000176e+00  3.15700000e-08  3.30000192e+00  3.15700000e-08  3.28967085e+00  3.15700000e-08  3.29194831e+00  3.15700000e-08  0.00000000e+00  3.15700000e-08  0.00000000e+00 
 3.15900000e-08  3.30000161e+00  3.15900000e-08  3.30000175e+00  3.15900000e-08  3.29005933e+00  3.15900000e-08  3.29224380e+00  3.15900000e-08  0.00000000e+00  3.15900000e-08  0.00000000e+00 
 3.16100000e-08  3.30000147e+00  3.16100000e-08  3.30000160e+00  3.16100000e-08  3.29041403e+00  3.16100000e-08  3.29251294e+00  3.16100000e-08  0.00000000e+00  3.16100000e-08  0.00000000e+00 
 3.16300000e-08  3.30000135e+00  3.16300000e-08  3.30000146e+00  3.16300000e-08  3.29073991e+00  3.16300000e-08  3.29275984e+00  3.16300000e-08  0.00000000e+00  3.16300000e-08  0.00000000e+00 
 3.16500000e-08  3.30000124e+00  3.16500000e-08  3.30000134e+00  3.16500000e-08  3.29104102e+00  3.16500000e-08  3.29298785e+00  3.16500000e-08  0.00000000e+00  3.16500000e-08  0.00000000e+00 
 3.16700000e-08  3.30000114e+00  3.16700000e-08  3.30000123e+00  3.16700000e-08  3.29132070e+00  3.16700000e-08  3.29319968e+00  3.16700000e-08  0.00000000e+00  3.16700000e-08  0.00000000e+00 
 3.16900000e-08  3.30000105e+00  3.16900000e-08  3.30000113e+00  3.16900000e-08  3.29158170e+00  3.16900000e-08  3.29339756e+00  3.16900000e-08  0.00000000e+00  3.16900000e-08  0.00000000e+00 
 3.17100000e-08  3.30000097e+00  3.17100000e-08  3.30000104e+00  3.17100000e-08  3.29182633e+00  3.17100000e-08  3.29358327e+00  3.17100000e-08  0.00000000e+00  3.17100000e-08  0.00000000e+00 
 3.17300000e-08  3.30000090e+00  3.17300000e-08  3.30000096e+00  3.17300000e-08  3.29205648e+00  3.17300000e-08  3.29375832e+00  3.17300000e-08  0.00000000e+00  3.17300000e-08  0.00000000e+00 
 3.17500000e-08  3.30000083e+00  3.17500000e-08  3.30000089e+00  3.17500000e-08  3.29227375e+00  3.17500000e-08  3.29392392e+00  3.17500000e-08  0.00000000e+00  3.17500000e-08  0.00000000e+00 
 3.17700000e-08  3.30000077e+00  3.17700000e-08  3.30000083e+00  3.17700000e-08  3.29247946e+00  3.17700000e-08  3.29408109e+00  3.17700000e-08  0.00000000e+00  3.17700000e-08  0.00000000e+00 
 3.17900000e-08  3.30000072e+00  3.17900000e-08  3.30000077e+00  3.17900000e-08  3.29267475e+00  3.17900000e-08  3.29423065e+00  3.17900000e-08  0.00000000e+00  3.17900000e-08  0.00000000e+00 
 3.18100000e-08  3.30000067e+00  3.18100000e-08  3.30000071e+00  3.18100000e-08  3.29286058e+00  3.18100000e-08  3.29437334e+00  3.18100000e-08  0.00000000e+00  3.18100000e-08  0.00000000e+00 
 3.18300000e-08  3.30000063e+00  3.18300000e-08  3.30000066e+00  3.18300000e-08  3.29303778e+00  3.18300000e-08  3.29450972e+00  3.18300000e-08  0.00000000e+00  3.18300000e-08  0.00000000e+00 
 3.18500000e-08  3.30000058e+00  3.18500000e-08  3.30000062e+00  3.18500000e-08  3.29320702e+00  3.18500000e-08  3.29464033e+00  3.18500000e-08  0.00000000e+00  3.18500000e-08  0.00000000e+00 
 3.18700000e-08  3.30000055e+00  3.18700000e-08  3.30000058e+00  3.18700000e-08  3.29336895e+00  3.18700000e-08  3.29476558e+00  3.18700000e-08  0.00000000e+00  3.18700000e-08  0.00000000e+00 
 3.18900000e-08  3.30000051e+00  3.18900000e-08  3.30000054e+00  3.18900000e-08  3.29352407e+00  3.18900000e-08  3.29488585e+00  3.18900000e-08  0.00000000e+00  3.18900000e-08  0.00000000e+00 
 3.19100000e-08  3.30000048e+00  3.19100000e-08  3.30000051e+00  3.19100000e-08  3.29367288e+00  3.19100000e-08  3.29500147e+00  3.19100000e-08  0.00000000e+00  3.19100000e-08  0.00000000e+00 
 3.19300000e-08  3.30000045e+00  3.19300000e-08  3.30000048e+00  3.19300000e-08  3.29381576e+00  3.19300000e-08  3.29511274e+00  3.19300000e-08  0.00000000e+00  3.19300000e-08  0.00000000e+00 
 3.19500000e-08  3.30000043e+00  3.19500000e-08  3.30000045e+00  3.19500000e-08  3.29395311e+00  3.19500000e-08  3.29521989e+00  3.19500000e-08  0.00000000e+00  3.19500000e-08  0.00000000e+00 
 3.19700000e-08  3.30000040e+00  3.19700000e-08  3.30000042e+00  3.19700000e-08  3.29408524e+00  3.19700000e-08  3.29532317e+00  3.19700000e-08  0.00000000e+00  3.19700000e-08  0.00000000e+00 
 3.19900000e-08  3.30000038e+00  3.19900000e-08  3.30000040e+00  3.19900000e-08  3.29421246e+00  3.19900000e-08  3.29542278e+00  3.19900000e-08  0.00000000e+00  3.19900000e-08  0.00000000e+00 
 3.20100000e-08  3.30000036e+00  3.20100000e-08  3.30000037e+00  3.20100000e-08  3.29433502e+00  3.20100000e-08  3.29551891e+00  3.20100000e-08  0.00000000e+00  3.20100000e-08  0.00000000e+00 
 3.20300000e-08  3.30000034e+00  3.20300000e-08  3.30000035e+00  3.20300000e-08  3.29445320e+00  3.20300000e-08  3.29561172e+00  3.20300000e-08  0.00000000e+00  3.20300000e-08  0.00000000e+00 
 3.20500000e-08  3.30000032e+00  3.20500000e-08  3.30000033e+00  3.20500000e-08  3.29456719e+00  3.20500000e-08  3.29570139e+00  3.20500000e-08  0.00000000e+00  3.20500000e-08  0.00000000e+00 
 3.20700000e-08  3.30000030e+00  3.20700000e-08  3.30000032e+00  3.20700000e-08  3.29467724e+00  3.20700000e-08  3.29578805e+00  3.20700000e-08  0.00000000e+00  3.20700000e-08  0.00000000e+00 
 3.20900000e-08  3.30000029e+00  3.20900000e-08  3.30000030e+00  3.20900000e-08  3.29478351e+00  3.20900000e-08  3.29587184e+00  3.20900000e-08  0.00000000e+00  3.20900000e-08  0.00000000e+00 
 3.21100000e-08  3.30000027e+00  3.21100000e-08  3.30000029e+00  3.21100000e-08  3.29488620e+00  3.21100000e-08  3.29595289e+00  3.21100000e-08  0.00000000e+00  3.21100000e-08  0.00000000e+00 
 3.21300000e-08  3.30000026e+00  3.21300000e-08  3.30000027e+00  3.21300000e-08  3.29498546e+00  3.21300000e-08  3.29603132e+00  3.21300000e-08  0.00000000e+00  3.21300000e-08  0.00000000e+00 
 3.21500000e-08  3.30000025e+00  3.21500000e-08  3.30000026e+00  3.21500000e-08  3.29508147e+00  3.21500000e-08  3.29610724e+00  3.21500000e-08  0.00000000e+00  3.21500000e-08  0.00000000e+00 
 3.21700000e-08  3.30000023e+00  3.21700000e-08  3.30000024e+00  3.21700000e-08  3.29517435e+00  3.21700000e-08  3.29618076e+00  3.21700000e-08  0.00000000e+00  3.21700000e-08  0.00000000e+00 
 3.21900000e-08  3.30000022e+00  3.21900000e-08  3.30000023e+00  3.21900000e-08  3.29526427e+00  3.21900000e-08  3.29625197e+00  3.21900000e-08  0.00000000e+00  3.21900000e-08  0.00000000e+00 
 3.22100000e-08  3.30000021e+00  3.22100000e-08  3.30000022e+00  3.22100000e-08  3.29535132e+00  3.22100000e-08  3.29632098e+00  3.22100000e-08  0.00000000e+00  3.22100000e-08  0.00000000e+00 
 3.22300000e-08  3.30000020e+00  3.22300000e-08  3.30000021e+00  3.22300000e-08  3.29543566e+00  3.22300000e-08  3.29638786e+00  3.22300000e-08  0.00000000e+00  3.22300000e-08  0.00000000e+00 
 3.22500000e-08  3.30000019e+00  3.22500000e-08  3.30000020e+00  3.22500000e-08  3.29551739e+00  3.22500000e-08  3.29645272e+00  3.22500000e-08  0.00000000e+00  3.22500000e-08  0.00000000e+00 
 3.22700000e-08  3.30000019e+00  3.22700000e-08  3.30000019e+00  3.22700000e-08  3.29559662e+00  3.22700000e-08  3.29651563e+00  3.22700000e-08  0.00000000e+00  3.22700000e-08  0.00000000e+00 
 3.22900000e-08  3.30000018e+00  3.22900000e-08  3.30000019e+00  3.22900000e-08  3.29567344e+00  3.22900000e-08  3.29657666e+00  3.22900000e-08  0.00000000e+00  3.22900000e-08  0.00000000e+00 
 3.23100000e-08  3.30000017e+00  3.23100000e-08  3.30000018e+00  3.23100000e-08  3.29574798e+00  3.23100000e-08  3.29663589e+00  3.23100000e-08  0.00000000e+00  3.23100000e-08  0.00000000e+00 
 3.23300000e-08  3.30000016e+00  3.23300000e-08  3.30000017e+00  3.23300000e-08  3.29582030e+00  3.23300000e-08  3.29669340e+00  3.23300000e-08  0.00000000e+00  3.23300000e-08  0.00000000e+00 
 3.23500000e-08  3.30000016e+00  3.23500000e-08  3.30000016e+00  3.23500000e-08  3.29589052e+00  3.23500000e-08  3.29674924e+00  3.23500000e-08  0.00000000e+00  3.23500000e-08  0.00000000e+00 
 3.23700000e-08  3.30000015e+00  3.23700000e-08  3.30000016e+00  3.23700000e-08  3.29595870e+00  3.23700000e-08  3.29680348e+00  3.23700000e-08  0.00000000e+00  3.23700000e-08  0.00000000e+00 
 3.23900000e-08  3.30000014e+00  3.23900000e-08  3.30000015e+00  3.23900000e-08  3.29602493e+00  3.23900000e-08  3.29685618e+00  3.23900000e-08  0.00000000e+00  3.23900000e-08  0.00000000e+00 
 3.24100000e-08  3.30000014e+00  3.24100000e-08  3.30000014e+00  3.24100000e-08  3.29608927e+00  3.24100000e-08  3.29690741e+00  3.24100000e-08  0.00000000e+00  3.24100000e-08  0.00000000e+00 
 3.24300000e-08  3.30000013e+00  3.24300000e-08  3.30000014e+00  3.24300000e-08  3.29615182e+00  3.24300000e-08  3.29695721e+00  3.24300000e-08  0.00000000e+00  3.24300000e-08  0.00000000e+00 
 3.24500000e-08  3.30000013e+00  3.24500000e-08  3.30000013e+00  3.24500000e-08  3.29621263e+00  3.24500000e-08  3.29700564e+00  3.24500000e-08  0.00000000e+00  3.24500000e-08  0.00000000e+00 
 3.24700000e-08  3.30000012e+00  3.24700000e-08  3.30000013e+00  3.24700000e-08  3.29627178e+00  3.24700000e-08  3.29705274e+00  3.24700000e-08  0.00000000e+00  3.24700000e-08  0.00000000e+00 
 3.24900000e-08  3.30000012e+00  3.24900000e-08  3.30000012e+00  3.24900000e-08  3.29632931e+00  3.24900000e-08  3.29709858e+00  3.24900000e-08  0.00000000e+00  3.24900000e-08  0.00000000e+00 
 3.25100000e-08  3.30000011e+00  3.25100000e-08  3.30000012e+00  3.25100000e-08  3.29638531e+00  3.25100000e-08  3.29714319e+00  3.25100000e-08  0.00000000e+00  3.25100000e-08  0.00000000e+00 
 3.25300000e-08  3.30000011e+00  3.25300000e-08  3.30000011e+00  3.25300000e-08  3.29643980e+00  3.25300000e-08  3.29718662e+00  3.25300000e-08  0.00000000e+00  3.25300000e-08  0.00000000e+00 
 3.25500000e-08  3.30000011e+00  3.25500000e-08  3.30000011e+00  3.25500000e-08  3.29649287e+00  3.25500000e-08  3.29722891e+00  3.25500000e-08  0.00000000e+00  3.25500000e-08  0.00000000e+00 
 3.25700000e-08  3.30000010e+00  3.25700000e-08  3.30000011e+00  3.25700000e-08  3.29654455e+00  3.25700000e-08  3.29727010e+00  3.25700000e-08  0.00000000e+00  3.25700000e-08  0.00000000e+00 
 3.25900000e-08  3.30000010e+00  3.25900000e-08  3.30000010e+00  3.25900000e-08  3.29659490e+00  3.25900000e-08  3.29731023e+00  3.25900000e-08  0.00000000e+00  3.25900000e-08  0.00000000e+00 
 3.26100000e-08  3.30000010e+00  3.26100000e-08  3.30000010e+00  3.26100000e-08  3.29664396e+00  3.26100000e-08  3.29734934e+00  3.26100000e-08  0.00000000e+00  3.26100000e-08  0.00000000e+00 
 3.26300000e-08  3.30000009e+00  3.26300000e-08  3.30000009e+00  3.26300000e-08  3.29669178e+00  3.26300000e-08  3.29738746e+00  3.26300000e-08  0.00000000e+00  3.26300000e-08  0.00000000e+00 
 3.26500000e-08  3.30000009e+00  3.26500000e-08  3.30000009e+00  3.26500000e-08  3.29673840e+00  3.26500000e-08  3.29742463e+00  3.26500000e-08  0.00000000e+00  3.26500000e-08  0.00000000e+00 
 3.26700000e-08  3.30000009e+00  3.26700000e-08  3.30000009e+00  3.26700000e-08  3.29678387e+00  3.26700000e-08  3.29746088e+00  3.26700000e-08  0.00000000e+00  3.26700000e-08  0.00000000e+00 
 3.26900000e-08  3.30000008e+00  3.26900000e-08  3.30000009e+00  3.26900000e-08  3.29682822e+00  3.26900000e-08  3.29749624e+00  3.26900000e-08  0.00000000e+00  3.26900000e-08  0.00000000e+00 
 3.27100000e-08  3.30000008e+00  3.27100000e-08  3.30000008e+00  3.27100000e-08  3.29687149e+00  3.27100000e-08  3.29753073e+00  3.27100000e-08  0.00000000e+00  3.27100000e-08  0.00000000e+00 
 3.27300000e-08  3.30000008e+00  3.27300000e-08  3.30000008e+00  3.27300000e-08  3.29691372e+00  3.27300000e-08  3.29756440e+00  3.27300000e-08  0.00000000e+00  3.27300000e-08  0.00000000e+00 
 3.27500000e-08  3.30000008e+00  3.27500000e-08  3.30000008e+00  3.27500000e-08  3.29695494e+00  3.27500000e-08  3.29759726e+00  3.27500000e-08  0.00000000e+00  3.27500000e-08  0.00000000e+00 
 3.27700000e-08  3.30000007e+00  3.27700000e-08  3.30000008e+00  3.27700000e-08  3.29699519e+00  3.27700000e-08  3.29762935e+00  3.27700000e-08  0.00000000e+00  3.27700000e-08  0.00000000e+00 
 3.27900000e-08  3.30000007e+00  3.27900000e-08  3.30000007e+00  3.27900000e-08  3.29703450e+00  3.27900000e-08  3.29766069e+00  3.27900000e-08  0.00000000e+00  3.27900000e-08  0.00000000e+00 
 3.28100000e-08  3.30000007e+00  3.28100000e-08  3.30000007e+00  3.28100000e-08  3.29707289e+00  3.28100000e-08  3.29769130e+00  3.28100000e-08  0.00000000e+00  3.28100000e-08  0.00000000e+00 
 3.28300000e-08  3.30000007e+00  3.28300000e-08  3.30000007e+00  3.28300000e-08  3.29711041e+00  3.28300000e-08  3.29772120e+00  3.28300000e-08  0.00000000e+00  3.28300000e-08  0.00000000e+00 
 3.28500000e-08  3.30000006e+00  3.28500000e-08  3.30000007e+00  3.28500000e-08  3.29714706e+00  3.28500000e-08  3.29775043e+00  3.28500000e-08  0.00000000e+00  3.28500000e-08  0.00000000e+00 
 3.28700000e-08  3.30000006e+00  3.28700000e-08  3.30000006e+00  3.28700000e-08  3.29718290e+00  3.28700000e-08  3.29777899e+00  3.28700000e-08  0.00000000e+00  3.28700000e-08  0.00000000e+00 
 3.28900000e-08  3.30000006e+00  3.28900000e-08  3.30000006e+00  3.28900000e-08  3.29721793e+00  3.28900000e-08  3.29780691e+00  3.28900000e-08  0.00000000e+00  3.28900000e-08  0.00000000e+00 
 3.29100000e-08  3.30000006e+00  3.29100000e-08  3.30000006e+00  3.29100000e-08  3.29725219e+00  3.29100000e-08  3.29783422e+00  3.29100000e-08  0.00000000e+00  3.29100000e-08  0.00000000e+00 
 3.29300000e-08  3.30000006e+00  3.29300000e-08  3.30000006e+00  3.29300000e-08  3.29728569e+00  3.29300000e-08  3.29786092e+00  3.29300000e-08  0.00000000e+00  3.29300000e-08  0.00000000e+00 
 3.29500000e-08  3.30000006e+00  3.29500000e-08  3.30000006e+00  3.29500000e-08  3.29731847e+00  3.29500000e-08  3.29788704e+00  3.29500000e-08  0.00000000e+00  3.29500000e-08  0.00000000e+00 
 3.29700000e-08  3.30000005e+00  3.29700000e-08  3.30000006e+00  3.29700000e-08  3.29735054e+00  3.29700000e-08  3.29791260e+00  3.29700000e-08  0.00000000e+00  3.29700000e-08  0.00000000e+00 
 3.29900000e-08  3.30000005e+00  3.29900000e-08  3.30000005e+00  3.29900000e-08  3.29738193e+00  3.29900000e-08  3.29793761e+00  3.29900000e-08  0.00000000e+00  3.29900000e-08  0.00000000e+00 
 3.30100000e-08  3.30000005e+00  3.30100000e-08  3.30000005e+00  3.30100000e-08  3.29741265e+00  3.30100000e-08  3.29796210e+00  3.30100000e-08  0.00000000e+00  3.30100000e-08  0.00000000e+00 
 3.30300000e-08  3.30000005e+00  3.30300000e-08  3.30000005e+00  3.30300000e-08  3.29744273e+00  3.30300000e-08  3.29798606e+00  3.30300000e-08  0.00000000e+00  3.30300000e-08  0.00000000e+00 
 3.30500000e-08  3.30000005e+00  3.30500000e-08  3.30000005e+00  3.30500000e-08  3.29747218e+00  3.30500000e-08  3.29800952e+00  3.30500000e-08  0.00000000e+00  3.30500000e-08  0.00000000e+00 
 3.30700000e-08  3.30000005e+00  3.30700000e-08  3.30000005e+00  3.30700000e-08  3.29750103e+00  3.30700000e-08  3.29803250e+00  3.30700000e-08  0.00000000e+00  3.30700000e-08  0.00000000e+00 
 3.30900000e-08  3.30000005e+00  3.30900000e-08  3.30000005e+00  3.30900000e-08  3.29752928e+00  3.30900000e-08  3.29805501e+00  3.30900000e-08  0.00000000e+00  3.30900000e-08  0.00000000e+00 
 3.31100000e-08  3.30000004e+00  3.31100000e-08  3.30000005e+00  3.31100000e-08  3.29755697e+00  3.31100000e-08  3.29807706e+00  3.31100000e-08  0.00000000e+00  3.31100000e-08  0.00000000e+00 
 3.31300000e-08  3.30000004e+00  3.31300000e-08  3.30000004e+00  3.31300000e-08  3.29758409e+00  3.31300000e-08  3.29809866e+00  3.31300000e-08  0.00000000e+00  3.31300000e-08  0.00000000e+00 
 3.31500000e-08  3.30000004e+00  3.31500000e-08  3.30000004e+00  3.31500000e-08  3.29761068e+00  3.31500000e-08  3.29811983e+00  3.31500000e-08  0.00000000e+00  3.31500000e-08  0.00000000e+00 
 3.31700000e-08  3.30000004e+00  3.31700000e-08  3.30000004e+00  3.31700000e-08  3.29763674e+00  3.31700000e-08  3.29814059e+00  3.31700000e-08  0.00000000e+00  3.31700000e-08  0.00000000e+00 
 3.31900000e-08  3.30000004e+00  3.31900000e-08  3.30000004e+00  3.31900000e-08  3.29766230e+00  3.31900000e-08  3.29816093e+00  3.31900000e-08  0.00000000e+00  3.31900000e-08  0.00000000e+00 
 3.32100000e-08  3.30000004e+00  3.32100000e-08  3.30000004e+00  3.32100000e-08  3.29768734e+00  3.32100000e-08  3.29818087e+00  3.32100000e-08  0.00000000e+00  3.32100000e-08  0.00000000e+00 
 3.32300000e-08  3.30000004e+00  3.32300000e-08  3.30000004e+00  3.32300000e-08  3.29771192e+00  3.32300000e-08  3.29820043e+00  3.32300000e-08  0.00000000e+00  3.32300000e-08  0.00000000e+00 
 3.32500000e-08  3.30000004e+00  3.32500000e-08  3.30000004e+00  3.32500000e-08  3.29773601e+00  3.32500000e-08  3.29821962e+00  3.32500000e-08  0.00000000e+00  3.32500000e-08  0.00000000e+00 
 3.32700000e-08  3.30000004e+00  3.32700000e-08  3.30000004e+00  3.32700000e-08  3.29775966e+00  3.32700000e-08  3.29823843e+00  3.32700000e-08  0.00000000e+00  3.32700000e-08  0.00000000e+00 
 3.32900000e-08  3.30000004e+00  3.32900000e-08  3.30000004e+00  3.32900000e-08  3.29778286e+00  3.32900000e-08  3.29825690e+00  3.32900000e-08  0.00000000e+00  3.32900000e-08  0.00000000e+00 
 3.33100000e-08  3.30000003e+00  3.33100000e-08  3.30000004e+00  3.33100000e-08  3.29780562e+00  3.33100000e-08  3.29827501e+00  3.33100000e-08  0.00000000e+00  3.33100000e-08  0.00000000e+00 
 3.33300000e-08  3.30000003e+00  3.33300000e-08  3.30000003e+00  3.33300000e-08  3.29782796e+00  3.33300000e-08  3.29829279e+00  3.33300000e-08  0.00000000e+00  3.33300000e-08  0.00000000e+00 
 3.33500000e-08  3.30000003e+00  3.33500000e-08  3.30000003e+00  3.33500000e-08  3.29784990e+00  3.33500000e-08  3.29831024e+00  3.33500000e-08  0.00000000e+00  3.33500000e-08  0.00000000e+00 
 3.33700000e-08  3.30000003e+00  3.33700000e-08  3.30000003e+00  3.33700000e-08  3.29787143e+00  3.33700000e-08  3.29832737e+00  3.33700000e-08  0.00000000e+00  3.33700000e-08  0.00000000e+00 
 3.33900000e-08  3.30000003e+00  3.33900000e-08  3.30000003e+00  3.33900000e-08  3.29789258e+00  3.33900000e-08  3.29834418e+00  3.33900000e-08  0.00000000e+00  3.33900000e-08  0.00000000e+00 
 3.34100000e-08  3.30000003e+00  3.34100000e-08  3.30000003e+00  3.34100000e-08  3.29791334e+00  3.34100000e-08  3.29836070e+00  3.34100000e-08  0.00000000e+00  3.34100000e-08  0.00000000e+00 
 3.34300000e-08  3.30000003e+00  3.34300000e-08  3.30000003e+00  3.34300000e-08  3.29793373e+00  3.34300000e-08  3.29837692e+00  3.34300000e-08  0.00000000e+00  3.34300000e-08  0.00000000e+00 
 3.34500000e-08  3.30000003e+00  3.34500000e-08  3.30000003e+00  3.34500000e-08  3.29795376e+00  3.34500000e-08  3.29839285e+00  3.34500000e-08  0.00000000e+00  3.34500000e-08  0.00000000e+00 
 3.34700000e-08  3.30000003e+00  3.34700000e-08  3.30000003e+00  3.34700000e-08  3.29797345e+00  3.34700000e-08  3.29840850e+00  3.34700000e-08  0.00000000e+00  3.34700000e-08  0.00000000e+00 
 3.34900000e-08  3.30000003e+00  3.34900000e-08  3.30000003e+00  3.34900000e-08  3.29799278e+00  3.34900000e-08  3.29842387e+00  3.34900000e-08  0.00000000e+00  3.34900000e-08  0.00000000e+00 
 3.35100000e-08  3.30000003e+00  3.35100000e-08  3.30000003e+00  3.35100000e-08  3.29801179e+00  3.35100000e-08  3.29843898e+00  3.35100000e-08  0.00000000e+00  3.35100000e-08  0.00000000e+00 
 3.35300000e-08  3.30000003e+00  3.35300000e-08  3.30000003e+00  3.35300000e-08  3.29803046e+00  3.35300000e-08  3.29845383e+00  3.35300000e-08  0.00000000e+00  3.35300000e-08  0.00000000e+00 
 3.35500000e-08  3.30000003e+00  3.35500000e-08  3.30000003e+00  3.35500000e-08  3.29804883e+00  3.35500000e-08  3.29846842e+00  3.35500000e-08  0.00000000e+00  3.35500000e-08  0.00000000e+00 
 3.35700000e-08  3.30000003e+00  3.35700000e-08  3.30000003e+00  3.35700000e-08  3.29806687e+00  3.35700000e-08  3.29848276e+00  3.35700000e-08  0.00000000e+00  3.35700000e-08  0.00000000e+00 
 3.35900000e-08  3.30000002e+00  3.35900000e-08  3.30000003e+00  3.35900000e-08  3.29808462e+00  3.35900000e-08  3.29849686e+00  3.35900000e-08  0.00000000e+00  3.35900000e-08  0.00000000e+00 
 3.36100000e-08  3.30000002e+00  3.36100000e-08  3.30000002e+00  3.36100000e-08  3.29810207e+00  3.36100000e-08  3.29851073e+00  3.36100000e-08  0.00000000e+00  3.36100000e-08  0.00000000e+00 
 3.36300000e-08  3.30000002e+00  3.36300000e-08  3.30000002e+00  3.36300000e-08  3.29811923e+00  3.36300000e-08  3.29852436e+00  3.36300000e-08  0.00000000e+00  3.36300000e-08  0.00000000e+00 
 3.36500000e-08  3.30000002e+00  3.36500000e-08  3.30000002e+00  3.36500000e-08  3.29813611e+00  3.36500000e-08  3.29853777e+00  3.36500000e-08  0.00000000e+00  3.36500000e-08  0.00000000e+00 
 3.36700000e-08  3.30000002e+00  3.36700000e-08  3.30000002e+00  3.36700000e-08  3.29815272e+00  3.36700000e-08  3.29855096e+00  3.36700000e-08  0.00000000e+00  3.36700000e-08  0.00000000e+00 
 3.36900000e-08  3.30000002e+00  3.36900000e-08  3.30000002e+00  3.36900000e-08  3.29816905e+00  3.36900000e-08  3.29856393e+00  3.36900000e-08  0.00000000e+00  3.36900000e-08  0.00000000e+00 
 3.37100000e-08  3.30000002e+00  3.37100000e-08  3.30000002e+00  3.37100000e-08  3.29818512e+00  3.37100000e-08  3.29857669e+00  3.37100000e-08  0.00000000e+00  3.37100000e-08  0.00000000e+00 
 3.37300000e-08  3.30000002e+00  3.37300000e-08  3.30000002e+00  3.37300000e-08  3.29820093e+00  3.37300000e-08  3.29858925e+00  3.37300000e-08  0.00000000e+00  3.37300000e-08  0.00000000e+00 
 3.37500000e-08  3.30000002e+00  3.37500000e-08  3.30000002e+00  3.37500000e-08  3.29821650e+00  3.37500000e-08  3.29860161e+00  3.37500000e-08  0.00000000e+00  3.37500000e-08  0.00000000e+00 
 3.37700000e-08  3.30000002e+00  3.37700000e-08  3.30000002e+00  3.37700000e-08  3.29823182e+00  3.37700000e-08  3.29861377e+00  3.37700000e-08  0.00000000e+00  3.37700000e-08  0.00000000e+00 
 3.37900000e-08  3.30000002e+00  3.37900000e-08  3.30000002e+00  3.37900000e-08  3.29824690e+00  3.37900000e-08  3.29862574e+00  3.37900000e-08  0.00000000e+00  3.37900000e-08  0.00000000e+00 
 3.38100000e-08  3.30000002e+00  3.38100000e-08  3.30000002e+00  3.38100000e-08  3.29826174e+00  3.38100000e-08  3.29863752e+00  3.38100000e-08  0.00000000e+00  3.38100000e-08  0.00000000e+00 
 3.38300000e-08  3.30000002e+00  3.38300000e-08  3.30000002e+00  3.38300000e-08  3.29827636e+00  3.38300000e-08  3.29864912e+00  3.38300000e-08  0.00000000e+00  3.38300000e-08  0.00000000e+00 
 3.38500000e-08  3.30000002e+00  3.38500000e-08  3.30000002e+00  3.38500000e-08  3.29829075e+00  3.38500000e-08  3.29866054e+00  3.38500000e-08  0.00000000e+00  3.38500000e-08  0.00000000e+00 
 3.38700000e-08  3.30000002e+00  3.38700000e-08  3.30000002e+00  3.38700000e-08  3.29830492e+00  3.38700000e-08  3.29867178e+00  3.38700000e-08  0.00000000e+00  3.38700000e-08  0.00000000e+00 
 3.38900000e-08  3.30000002e+00  3.38900000e-08  3.30000002e+00  3.38900000e-08  3.29831888e+00  3.38900000e-08  3.29868286e+00  3.38900000e-08  0.00000000e+00  3.38900000e-08  0.00000000e+00 
 3.39100000e-08  3.30000002e+00  3.39100000e-08  3.30000002e+00  3.39100000e-08  3.29833263e+00  3.39100000e-08  3.29869376e+00  3.39100000e-08  0.00000000e+00  3.39100000e-08  0.00000000e+00 
 3.39300000e-08  3.30000002e+00  3.39300000e-08  3.30000002e+00  3.39300000e-08  3.29834617e+00  3.39300000e-08  3.29870451e+00  3.39300000e-08  0.00000000e+00  3.39300000e-08  0.00000000e+00 
 3.39500000e-08  3.30000002e+00  3.39500000e-08  3.30000002e+00  3.39500000e-08  3.29835951e+00  3.39500000e-08  3.29871508e+00  3.39500000e-08  0.00000000e+00  3.39500000e-08  0.00000000e+00 
 3.39700000e-08  3.30000002e+00  3.39700000e-08  3.30000002e+00  3.39700000e-08  3.29837265e+00  3.39700000e-08  3.29872551e+00  3.39700000e-08  0.00000000e+00  3.39700000e-08  0.00000000e+00 
 3.39900000e-08  3.30000002e+00  3.39900000e-08  3.30000002e+00  3.39900000e-08  3.29838561e+00  3.39900000e-08  3.29873578e+00  3.39900000e-08  0.00000000e+00  3.39900000e-08  0.00000000e+00 
 3.40100000e-08  3.30000002e+00  3.40100000e-08  3.30000002e+00  3.40100000e-08  3.29839837e+00  3.40100000e-08  3.29874590e+00  3.40100000e-08  0.00000000e+00  3.40100000e-08  0.00000000e+00 
 3.40300000e-08  3.30000002e+00  3.40300000e-08  3.30000002e+00  3.40300000e-08  3.29841095e+00  3.40300000e-08  3.29875587e+00  3.40300000e-08  0.00000000e+00  3.40300000e-08  0.00000000e+00 
 3.40500000e-08  3.30000002e+00  3.40500000e-08  3.30000002e+00  3.40500000e-08  3.29842334e+00  3.40500000e-08  3.29876570e+00  3.40500000e-08  0.00000000e+00  3.40500000e-08  0.00000000e+00 
 3.40700000e-08  3.30000001e+00  3.40700000e-08  3.30000002e+00  3.40700000e-08  3.29843557e+00  3.40700000e-08  3.29877538e+00  3.40700000e-08  0.00000000e+00  3.40700000e-08  0.00000000e+00 
 3.40900000e-08  3.30000001e+00  3.40900000e-08  3.30000002e+00  3.40900000e-08  3.29844761e+00  3.40900000e-08  3.29878493e+00  3.40900000e-08  0.00000000e+00  3.40900000e-08  0.00000000e+00 
 3.41100000e-08  3.30000001e+00  3.41100000e-08  3.30000001e+00  3.41100000e-08  3.29845949e+00  3.41100000e-08  3.29879434e+00  3.41100000e-08  0.00000000e+00  3.41100000e-08  0.00000000e+00 
 3.41300000e-08  3.30000001e+00  3.41300000e-08  3.30000001e+00  3.41300000e-08  3.29847120e+00  3.41300000e-08  3.29880362e+00  3.41300000e-08  0.00000000e+00  3.41300000e-08  0.00000000e+00 
 3.41500000e-08  3.30000001e+00  3.41500000e-08  3.30000001e+00  3.41500000e-08  3.29848275e+00  3.41500000e-08  3.29881277e+00  3.41500000e-08  0.00000000e+00  3.41500000e-08  0.00000000e+00 
 3.41700000e-08  3.30000001e+00  3.41700000e-08  3.30000001e+00  3.41700000e-08  3.29849413e+00  3.41700000e-08  3.29882179e+00  3.41700000e-08  0.00000000e+00  3.41700000e-08  0.00000000e+00 
 3.41900000e-08  3.30000001e+00  3.41900000e-08  3.30000001e+00  3.41900000e-08  3.29850537e+00  3.41900000e-08  3.29883069e+00  3.41900000e-08  0.00000000e+00  3.41900000e-08  0.00000000e+00 
 3.42100000e-08  3.30000001e+00  3.42100000e-08  3.30000001e+00  3.42100000e-08  3.29851644e+00  3.42100000e-08  3.29883946e+00  3.42100000e-08  0.00000000e+00  3.42100000e-08  0.00000000e+00 
 3.42300000e-08  3.30000001e+00  3.42300000e-08  3.30000001e+00  3.42300000e-08  3.29852737e+00  3.42300000e-08  3.29884811e+00  3.42300000e-08  0.00000000e+00  3.42300000e-08  0.00000000e+00 
 3.42500000e-08  3.30000001e+00  3.42500000e-08  3.30000001e+00  3.42500000e-08  3.29853815e+00  3.42500000e-08  3.29885665e+00  3.42500000e-08  0.00000000e+00  3.42500000e-08  0.00000000e+00 
 3.42700000e-08  3.30000001e+00  3.42700000e-08  3.30000001e+00  3.42700000e-08  3.29854878e+00  3.42700000e-08  3.29886507e+00  3.42700000e-08  0.00000000e+00  3.42700000e-08  0.00000000e+00 
 3.42900000e-08  3.30000001e+00  3.42900000e-08  3.30000001e+00  3.42900000e-08  3.29855927e+00  3.42900000e-08  3.29887338e+00  3.42900000e-08  0.00000000e+00  3.42900000e-08  0.00000000e+00 
 3.43100000e-08  3.30000001e+00  3.43100000e-08  3.30000001e+00  3.43100000e-08  3.29856963e+00  3.43100000e-08  3.29888157e+00  3.43100000e-08  0.00000000e+00  3.43100000e-08  0.00000000e+00 
 3.43300000e-08  3.30000001e+00  3.43300000e-08  3.30000001e+00  3.43300000e-08  3.29857984e+00  3.43300000e-08  3.29888966e+00  3.43300000e-08  0.00000000e+00  3.43300000e-08  0.00000000e+00 
 3.43500000e-08  3.30000001e+00  3.43500000e-08  3.30000001e+00  3.43500000e-08  3.29858992e+00  3.43500000e-08  3.29889764e+00  3.43500000e-08  0.00000000e+00  3.43500000e-08  0.00000000e+00 
 3.43700000e-08  3.30000001e+00  3.43700000e-08  3.30000001e+00  3.43700000e-08  3.29859987e+00  3.43700000e-08  3.29890551e+00  3.43700000e-08  0.00000000e+00  3.43700000e-08  0.00000000e+00 
 3.43900000e-08  3.30000001e+00  3.43900000e-08  3.30000001e+00  3.43900000e-08  3.29860969e+00  3.43900000e-08  3.29891328e+00  3.43900000e-08  0.00000000e+00  3.43900000e-08  0.00000000e+00 
 3.44100000e-08  3.30000001e+00  3.44100000e-08  3.30000001e+00  3.44100000e-08  3.29861938e+00  3.44100000e-08  3.29892095e+00  3.44100000e-08  0.00000000e+00  3.44100000e-08  0.00000000e+00 
 3.44300000e-08  3.30000001e+00  3.44300000e-08  3.30000001e+00  3.44300000e-08  3.29862896e+00  3.44300000e-08  3.29892852e+00  3.44300000e-08  0.00000000e+00  3.44300000e-08  0.00000000e+00 
 3.44500000e-08  3.30000001e+00  3.44500000e-08  3.30000001e+00  3.44500000e-08  3.29863840e+00  3.44500000e-08  3.29893600e+00  3.44500000e-08  0.00000000e+00  3.44500000e-08  0.00000000e+00 
 3.44700000e-08  3.30000001e+00  3.44700000e-08  3.30000001e+00  3.44700000e-08  3.29864773e+00  3.44700000e-08  3.29894337e+00  3.44700000e-08  0.00000000e+00  3.44700000e-08  0.00000000e+00 
 3.44900000e-08  3.30000001e+00  3.44900000e-08  3.30000001e+00  3.44900000e-08  3.29865694e+00  3.44900000e-08  3.29895066e+00  3.44900000e-08  0.00000000e+00  3.44900000e-08  0.00000000e+00 
 3.45100000e-08  3.30000001e+00  3.45100000e-08  3.30000001e+00  3.45100000e-08  3.29866603e+00  3.45100000e-08  3.29895785e+00  3.45100000e-08  0.00000000e+00  3.45100000e-08  0.00000000e+00 
 3.45300000e-08  3.30000001e+00  3.45300000e-08  3.30000001e+00  3.45300000e-08  3.29867501e+00  3.45300000e-08  3.29896495e+00  3.45300000e-08  0.00000000e+00  3.45300000e-08  0.00000000e+00 
 3.45500000e-08  3.30000001e+00  3.45500000e-08  3.30000001e+00  3.45500000e-08  3.29868388e+00  3.45500000e-08  3.29897197e+00  3.45500000e-08  0.00000000e+00  3.45500000e-08  0.00000000e+00 
 3.45700000e-08  3.30000001e+00  3.45700000e-08  3.30000001e+00  3.45700000e-08  3.29869264e+00  3.45700000e-08  3.29897889e+00  3.45700000e-08  0.00000000e+00  3.45700000e-08  0.00000000e+00 
 3.45900000e-08  3.30000001e+00  3.45900000e-08  3.30000001e+00  3.45900000e-08  3.29870129e+00  3.45900000e-08  3.29898573e+00  3.45900000e-08  0.00000000e+00  3.45900000e-08  0.00000000e+00 
 3.46100000e-08  3.30000001e+00  3.46100000e-08  3.30000001e+00  3.46100000e-08  3.29870984e+00  3.46100000e-08  3.29899249e+00  3.46100000e-08  0.00000000e+00  3.46100000e-08  0.00000000e+00 
 3.46300000e-08  3.30000001e+00  3.46300000e-08  3.30000001e+00  3.46300000e-08  3.29871828e+00  3.46300000e-08  3.29899916e+00  3.46300000e-08  0.00000000e+00  3.46300000e-08  0.00000000e+00 
 3.46500000e-08  3.30000001e+00  3.46500000e-08  3.30000001e+00  3.46500000e-08  3.29872662e+00  3.46500000e-08  3.29900575e+00  3.46500000e-08  0.00000000e+00  3.46500000e-08  0.00000000e+00 
 3.46700000e-08  3.30000001e+00  3.46700000e-08  3.30000001e+00  3.46700000e-08  3.29873486e+00  3.46700000e-08  3.29901226e+00  3.46700000e-08  0.00000000e+00  3.46700000e-08  0.00000000e+00 
 3.46900000e-08  3.30000001e+00  3.46900000e-08  3.30000001e+00  3.46900000e-08  3.29874300e+00  3.46900000e-08  3.29901870e+00  3.46900000e-08  0.00000000e+00  3.46900000e-08  0.00000000e+00 
 3.47100000e-08  3.30000001e+00  3.47100000e-08  3.30000001e+00  3.47100000e-08  3.29875105e+00  3.47100000e-08  3.29902505e+00  3.47100000e-08  0.00000000e+00  3.47100000e-08  0.00000000e+00 
 3.47300000e-08  3.30000001e+00  3.47300000e-08  3.30000001e+00  3.47300000e-08  3.29875900e+00  3.47300000e-08  3.29903134e+00  3.47300000e-08  0.00000000e+00  3.47300000e-08  0.00000000e+00 
 3.47500000e-08  3.30000001e+00  3.47500000e-08  3.30000001e+00  3.47500000e-08  3.29876686e+00  3.47500000e-08  3.29903754e+00  3.47500000e-08  0.00000000e+00  3.47500000e-08  0.00000000e+00 
 3.47700000e-08  3.30000001e+00  3.47700000e-08  3.30000001e+00  3.47700000e-08  3.29877462e+00  3.47700000e-08  3.29904368e+00  3.47700000e-08  0.00000000e+00  3.47700000e-08  0.00000000e+00 
 3.47900000e-08  3.30000001e+00  3.47900000e-08  3.30000001e+00  3.47900000e-08  3.29878230e+00  3.47900000e-08  3.29904974e+00  3.47900000e-08  0.00000000e+00  3.47900000e-08  0.00000000e+00 
 3.48100000e-08  3.30000001e+00  3.48100000e-08  3.30000001e+00  3.48100000e-08  3.29878988e+00  3.48100000e-08  3.29905573e+00  3.48100000e-08  0.00000000e+00  3.48100000e-08  0.00000000e+00 
 3.48300000e-08  3.30000001e+00  3.48300000e-08  3.30000001e+00  3.48300000e-08  3.29879738e+00  3.48300000e-08  3.29906165e+00  3.48300000e-08  0.00000000e+00  3.48300000e-08  0.00000000e+00 
 3.48500000e-08  3.30000001e+00  3.48500000e-08  3.30000001e+00  3.48500000e-08  3.29880479e+00  3.48500000e-08  3.29906750e+00  3.48500000e-08  0.00000000e+00  3.48500000e-08  0.00000000e+00 
 3.48700000e-08  3.30000001e+00  3.48700000e-08  3.30000001e+00  3.48700000e-08  3.29881212e+00  3.48700000e-08  3.29907329e+00  3.48700000e-08  0.00000000e+00  3.48700000e-08  0.00000000e+00 
 3.48900000e-08  3.30000001e+00  3.48900000e-08  3.30000001e+00  3.48900000e-08  3.29881936e+00  3.48900000e-08  3.29907901e+00  3.48900000e-08  0.00000000e+00  3.48900000e-08  0.00000000e+00 
 3.49100000e-08  3.30000001e+00  3.49100000e-08  3.30000001e+00  3.49100000e-08  3.29882653e+00  3.49100000e-08  3.29908466e+00  3.49100000e-08  0.00000000e+00  3.49100000e-08  0.00000000e+00 
 3.49300000e-08  3.30000001e+00  3.49300000e-08  3.30000001e+00  3.49300000e-08  3.29883360e+00  3.49300000e-08  3.29909025e+00  3.49300000e-08  0.00000000e+00  3.49300000e-08  0.00000000e+00 
 3.49500000e-08  3.30000001e+00  3.49500000e-08  3.30000001e+00  3.49500000e-08  3.29884061e+00  3.49500000e-08  3.29909578e+00  3.49500000e-08  0.00000000e+00  3.49500000e-08  0.00000000e+00 
 3.49700000e-08  3.30000001e+00  3.49700000e-08  3.30000001e+00  3.49700000e-08  3.29884753e+00  3.49700000e-08  3.29910124e+00  3.49700000e-08  0.00000000e+00  3.49700000e-08  0.00000000e+00 
 3.49900000e-08  3.30000001e+00  3.49900000e-08  3.30000001e+00  3.49900000e-08  3.29885438e+00  3.49900000e-08  3.29910665e+00  3.49900000e-08  0.00000000e+00  3.49900000e-08  0.00000000e+00 
 3.50100000e-08  3.30000001e+00  3.50100000e-08  3.30000001e+00  3.50100000e-08  3.29886115e+00  3.50100000e-08  3.29911199e+00  3.50100000e-08  0.00000000e+00  3.50100000e-08  0.00000000e+00 
 3.50300000e-08  3.30000001e+00  3.50300000e-08  3.30000001e+00  3.50300000e-08  3.29886786e+00  3.50300000e-08  3.29911728e+00  3.50300000e-08  0.00000000e+00  3.50300000e-08  0.00000000e+00 
 3.50500000e-08  3.30000001e+00  3.50500000e-08  3.30000001e+00  3.50500000e-08  3.29887448e+00  3.50500000e-08  3.29912251e+00  3.50500000e-08  0.00000000e+00  3.50500000e-08  0.00000000e+00 
 3.50700000e-08  3.30000001e+00  3.50700000e-08  3.30000001e+00  3.50700000e-08  3.29888104e+00  3.50700000e-08  3.29912767e+00  3.50700000e-08  0.00000000e+00  3.50700000e-08  0.00000000e+00 
 3.50900000e-08  3.30000001e+00  3.50900000e-08  3.30000001e+00  3.50900000e-08  3.29888751e+00  3.50900000e-08  3.29913279e+00  3.50900000e-08  0.00000000e+00  3.50900000e-08  0.00000000e+00 
 3.51100000e-08  3.30000001e+00  3.51100000e-08  3.30000001e+00  3.51100000e-08  3.29889393e+00  3.51100000e-08  3.29913785e+00  3.51100000e-08  0.00000000e+00  3.51100000e-08  0.00000000e+00 
 3.51300000e-08  3.30000001e+00  3.51300000e-08  3.30000001e+00  3.51300000e-08  3.29890027e+00  3.51300000e-08  3.29914285e+00  3.51300000e-08  0.00000000e+00  3.51300000e-08  0.00000000e+00 
 3.51500000e-08  3.30000001e+00  3.51500000e-08  3.30000001e+00  3.51500000e-08  3.29890655e+00  3.51500000e-08  3.29914780e+00  3.51500000e-08  0.00000000e+00  3.51500000e-08  0.00000000e+00 
 3.51700000e-08  3.30000001e+00  3.51700000e-08  3.30000001e+00  3.51700000e-08  3.29891276e+00  3.51700000e-08  3.29915270e+00  3.51700000e-08  0.00000000e+00  3.51700000e-08  0.00000000e+00 
 3.51900000e-08  3.30000001e+00  3.51900000e-08  3.30000001e+00  3.51900000e-08  3.29891891e+00  3.51900000e-08  3.29915754e+00  3.51900000e-08  0.00000000e+00  3.51900000e-08  0.00000000e+00 
 3.52100000e-08  3.30000001e+00  3.52100000e-08  3.30000001e+00  3.52100000e-08  3.29892499e+00  3.52100000e-08  3.29916234e+00  3.52100000e-08  0.00000000e+00  3.52100000e-08  0.00000000e+00 
 3.52300000e-08  3.30000000e+00  3.52300000e-08  3.30000001e+00  3.52300000e-08  3.29893101e+00  3.52300000e-08  3.29916708e+00  3.52300000e-08  0.00000000e+00  3.52300000e-08  0.00000000e+00 
 3.52500000e-08  3.30000001e+00  3.52500000e-08  3.30000001e+00  3.52500000e-08  3.29893696e+00  3.52500000e-08  3.29917178e+00  3.52500000e-08  0.00000000e+00  3.52500000e-08  0.00000000e+00 
 3.52700000e-08  3.30000000e+00  3.52700000e-08  3.30000000e+00  3.52700000e-08  3.29894286e+00  3.52700000e-08  3.29917642e+00  3.52700000e-08  0.00000000e+00  3.52700000e-08  0.00000000e+00 
 3.52900000e-08  3.30000000e+00  3.52900000e-08  3.30000000e+00  3.52900000e-08  3.29894868e+00  3.52900000e-08  3.29918102e+00  3.52900000e-08  0.00000000e+00  3.52900000e-08  0.00000000e+00 
 3.53100000e-08  3.30000000e+00  3.53100000e-08  3.30000000e+00  3.53100000e-08  3.29895446e+00  3.53100000e-08  3.29918556e+00  3.53100000e-08  0.00000000e+00  3.53100000e-08  0.00000000e+00 
 3.53300000e-08  3.30000000e+00  3.53300000e-08  3.30000000e+00  3.53300000e-08  3.29896017e+00  3.53300000e-08  3.29919007e+00  3.53300000e-08  0.00000000e+00  3.53300000e-08  0.00000000e+00 
 3.53500000e-08  3.30000000e+00  3.53500000e-08  3.30000000e+00  3.53500000e-08  3.29896583e+00  3.53500000e-08  3.29919452e+00  3.53500000e-08  0.00000000e+00  3.53500000e-08  0.00000000e+00 
 3.53700000e-08  3.30000000e+00  3.53700000e-08  3.30000000e+00  3.53700000e-08  3.29897142e+00  3.53700000e-08  3.29919894e+00  3.53700000e-08  0.00000000e+00  3.53700000e-08  0.00000000e+00 
 3.53900000e-08  3.30000000e+00  3.53900000e-08  3.30000000e+00  3.53900000e-08  3.29897697e+00  3.53900000e-08  3.29920330e+00  3.53900000e-08  0.00000000e+00  3.53900000e-08  0.00000000e+00 
 3.54100000e-08  3.30000000e+00  3.54100000e-08  3.30000000e+00  3.54100000e-08  3.29898245e+00  3.54100000e-08  3.29920762e+00  3.54100000e-08  0.00000000e+00  3.54100000e-08  0.00000000e+00 
 3.54300000e-08  3.30000000e+00  3.54300000e-08  3.30000000e+00  3.54300000e-08  3.29898789e+00  3.54300000e-08  3.29921190e+00  3.54300000e-08  0.00000000e+00  3.54300000e-08  0.00000000e+00 
 3.54500000e-08  3.30000000e+00  3.54500000e-08  3.30000000e+00  3.54500000e-08  3.29899326e+00  3.54500000e-08  3.29921614e+00  3.54500000e-08  0.00000000e+00  3.54500000e-08  0.00000000e+00 
 3.54700000e-08  3.30000000e+00  3.54700000e-08  3.30000000e+00  3.54700000e-08  3.29899859e+00  3.54700000e-08  3.29922033e+00  3.54700000e-08  0.00000000e+00  3.54700000e-08  0.00000000e+00 
 3.54900000e-08  3.30000000e+00  3.54900000e-08  3.30000000e+00  3.54900000e-08  3.29900386e+00  3.54900000e-08  3.29922448e+00  3.54900000e-08  0.00000000e+00  3.54900000e-08  0.00000000e+00 
 3.55100000e-08  3.30000000e+00  3.55100000e-08  3.30000000e+00  3.55100000e-08  3.29900908e+00  3.55100000e-08  3.29922859e+00  3.55100000e-08  0.00000000e+00  3.55100000e-08  0.00000000e+00 
 3.55300000e-08  3.30000000e+00  3.55300000e-08  3.30000000e+00  3.55300000e-08  3.29901425e+00  3.55300000e-08  3.29923267e+00  3.55300000e-08  0.00000000e+00  3.55300000e-08  0.00000000e+00 
 3.55500000e-08  3.30000000e+00  3.55500000e-08  3.30000000e+00  3.55500000e-08  3.29901937e+00  3.55500000e-08  3.29923669e+00  3.55500000e-08  0.00000000e+00  3.55500000e-08  0.00000000e+00 
 3.55700000e-08  3.30000000e+00  3.55700000e-08  3.30000000e+00  3.55700000e-08  3.29902444e+00  3.55700000e-08  3.29924069e+00  3.55700000e-08  0.00000000e+00  3.55700000e-08  0.00000000e+00 
 3.55900000e-08  3.30000000e+00  3.55900000e-08  3.30000000e+00  3.55900000e-08  3.29902946e+00  3.55900000e-08  3.29924464e+00  3.55900000e-08  0.00000000e+00  3.55900000e-08  0.00000000e+00 
 3.56100000e-08  3.30000000e+00  3.56100000e-08  3.30000000e+00  3.56100000e-08  3.29903443e+00  3.56100000e-08  3.29924855e+00  3.56100000e-08  0.00000000e+00  3.56100000e-08  0.00000000e+00 
 3.56300000e-08  3.30000000e+00  3.56300000e-08  3.30000000e+00  3.56300000e-08  3.29903936e+00  3.56300000e-08  3.29925243e+00  3.56300000e-08  0.00000000e+00  3.56300000e-08  0.00000000e+00 
 3.56500000e-08  3.30000000e+00  3.56500000e-08  3.30000000e+00  3.56500000e-08  3.29904424e+00  3.56500000e-08  3.29925627e+00  3.56500000e-08  0.00000000e+00  3.56500000e-08  0.00000000e+00 
 3.56700000e-08  3.30000000e+00  3.56700000e-08  3.30000000e+00  3.56700000e-08  3.29904907e+00  3.56700000e-08  3.29926007e+00  3.56700000e-08  0.00000000e+00  3.56700000e-08  0.00000000e+00 
 3.56900000e-08  3.30000000e+00  3.56900000e-08  3.30000000e+00  3.56900000e-08  3.29905385e+00  3.56900000e-08  3.29926384e+00  3.56900000e-08  0.00000000e+00  3.56900000e-08  0.00000000e+00 
 3.57100000e-08  3.30000000e+00  3.57100000e-08  3.30000000e+00  3.57100000e-08  3.29905860e+00  3.57100000e-08  3.29926757e+00  3.57100000e-08  0.00000000e+00  3.57100000e-08  0.00000000e+00 
 3.57300000e-08  3.30000000e+00  3.57300000e-08  3.30000000e+00  3.57300000e-08  3.29906329e+00  3.57300000e-08  3.29927127e+00  3.57300000e-08  0.00000000e+00  3.57300000e-08  0.00000000e+00 
 3.57500000e-08  3.30000000e+00  3.57500000e-08  3.30000000e+00  3.57500000e-08  3.29906795e+00  3.57500000e-08  3.29927493e+00  3.57500000e-08  0.00000000e+00  3.57500000e-08  0.00000000e+00 
 3.57700000e-08  3.30000000e+00  3.57700000e-08  3.30000000e+00  3.57700000e-08  3.29907256e+00  3.57700000e-08  3.29927855e+00  3.57700000e-08  0.00000000e+00  3.57700000e-08  0.00000000e+00 
 3.57900000e-08  3.30000000e+00  3.57900000e-08  3.30000000e+00  3.57900000e-08  3.29907713e+00  3.57900000e-08  3.29928215e+00  3.57900000e-08  0.00000000e+00  3.57900000e-08  0.00000000e+00 
 3.58100000e-08  3.30000000e+00  3.58100000e-08  3.30000000e+00  3.58100000e-08  3.29908165e+00  3.58100000e-08  3.29928571e+00  3.58100000e-08  0.00000000e+00  3.58100000e-08  0.00000000e+00 
 3.58300000e-08  3.30000000e+00  3.58300000e-08  3.30000000e+00  3.58300000e-08  3.29908614e+00  3.58300000e-08  3.29928923e+00  3.58300000e-08  0.00000000e+00  3.58300000e-08  0.00000000e+00 
 3.58500000e-08  3.30000000e+00  3.58500000e-08  3.30000000e+00  3.58500000e-08  3.29909058e+00  3.58500000e-08  3.29929273e+00  3.58500000e-08  0.00000000e+00  3.58500000e-08  0.00000000e+00 
 3.58700000e-08  3.30000000e+00  3.58700000e-08  3.30000000e+00  3.58700000e-08  3.29909499e+00  3.58700000e-08  3.29929619e+00  3.58700000e-08  0.00000000e+00  3.58700000e-08  0.00000000e+00 
 3.58900000e-08  3.30000000e+00  3.58900000e-08  3.30000000e+00  3.58900000e-08  3.29909935e+00  3.58900000e-08  3.29929962e+00  3.58900000e-08  0.00000000e+00  3.58900000e-08  0.00000000e+00 
 3.59100000e-08  3.30000000e+00  3.59100000e-08  3.30000000e+00  3.59100000e-08  3.29910368e+00  3.59100000e-08  3.29930302e+00  3.59100000e-08  0.00000000e+00  3.59100000e-08  0.00000000e+00 
 3.59300000e-08  3.30000000e+00  3.59300000e-08  3.30000000e+00  3.59300000e-08  3.29910796e+00  3.59300000e-08  3.29930639e+00  3.59300000e-08  0.00000000e+00  3.59300000e-08  0.00000000e+00 
 3.59500000e-08  3.30000000e+00  3.59500000e-08  3.30000000e+00  3.59500000e-08  3.29911221e+00  3.59500000e-08  3.29930973e+00  3.59500000e-08  0.00000000e+00  3.59500000e-08  0.00000000e+00 
 3.59700000e-08  3.30000000e+00  3.59700000e-08  3.30000000e+00  3.59700000e-08  3.29911642e+00  3.59700000e-08  3.29931304e+00  3.59700000e-08  0.00000000e+00  3.59700000e-08  0.00000000e+00 
 3.59900000e-08  3.30000000e+00  3.59900000e-08  3.30000000e+00  3.59900000e-08  3.29912059e+00  3.59900000e-08  3.29931632e+00  3.59900000e-08  0.00000000e+00  3.59900000e-08  0.00000000e+00 
 3.60100000e-08  3.30000000e+00  3.60100000e-08  3.30000000e+00  3.60100000e-08  3.29912472e+00  3.60100000e-08  3.29931957e+00  3.60100000e-08  0.00000000e+00  3.60100000e-08  0.00000000e+00 
 3.60300000e-08  3.30000000e+00  3.60300000e-08  3.30000000e+00  3.60300000e-08  3.29912883e+00  3.60300000e-08  3.29932279e+00  3.60300000e-08  0.00000000e+00  3.60300000e-08  0.00000000e+00 
 3.60500000e-08  3.30000000e+00  3.60500000e-08  3.30000000e+00  3.60500000e-08  3.29913289e+00  3.60500000e-08  3.29932599e+00  3.60500000e-08  0.00000000e+00  3.60500000e-08  0.00000000e+00 
 3.60700000e-08  3.30000000e+00  3.60700000e-08  3.30000000e+00  3.60700000e-08  3.29913692e+00  3.60700000e-08  3.29932915e+00  3.60700000e-08  0.00000000e+00  3.60700000e-08  0.00000000e+00 
 3.60900000e-08  3.30000000e+00  3.60900000e-08  3.30000000e+00  3.60900000e-08  3.29914091e+00  3.60900000e-08  3.29933229e+00  3.60900000e-08  0.00000000e+00  3.60900000e-08  0.00000000e+00 
 3.61100000e-08  3.30000000e+00  3.61100000e-08  3.30000000e+00  3.61100000e-08  3.29914487e+00  3.61100000e-08  3.29933540e+00  3.61100000e-08  0.00000000e+00  3.61100000e-08  0.00000000e+00 
 3.61300000e-08  3.30000000e+00  3.61300000e-08  3.30000000e+00  3.61300000e-08  3.29914879e+00  3.61300000e-08  3.29933848e+00  3.61300000e-08  0.00000000e+00  3.61300000e-08  0.00000000e+00 
 3.61500000e-08  3.30000000e+00  3.61500000e-08  3.30000000e+00  3.61500000e-08  3.29915268e+00  3.61500000e-08  3.29934154e+00  3.61500000e-08  0.00000000e+00  3.61500000e-08  0.00000000e+00 
 3.61700000e-08  3.30000000e+00  3.61700000e-08  3.30000000e+00  3.61700000e-08  3.29915654e+00  3.61700000e-08  3.29934457e+00  3.61700000e-08  0.00000000e+00  3.61700000e-08  0.00000000e+00 
 3.61900000e-08  3.30000000e+00  3.61900000e-08  3.30000000e+00  3.61900000e-08  3.29916036e+00  3.61900000e-08  3.29934757e+00  3.61900000e-08  0.00000000e+00  3.61900000e-08  0.00000000e+00 
 3.62100000e-08  3.30000000e+00  3.62100000e-08  3.30000000e+00  3.62100000e-08  3.29916415e+00  3.62100000e-08  3.29935055e+00  3.62100000e-08  0.00000000e+00  3.62100000e-08  0.00000000e+00 
 3.62300000e-08  3.30000000e+00  3.62300000e-08  3.30000000e+00  3.62300000e-08  3.29916792e+00  3.62300000e-08  3.29935350e+00  3.62300000e-08  0.00000000e+00  3.62300000e-08  0.00000000e+00 
 3.62500000e-08  3.30000000e+00  3.62500000e-08  3.30000000e+00  3.62500000e-08  3.29917164e+00  3.62500000e-08  3.29935643e+00  3.62500000e-08  0.00000000e+00  3.62500000e-08  0.00000000e+00 
 3.62700000e-08  3.30000000e+00  3.62700000e-08  3.30000000e+00  3.62700000e-08  3.29917534e+00  3.62700000e-08  3.29935933e+00  3.62700000e-08  0.00000000e+00  3.62700000e-08  0.00000000e+00 
 3.62900000e-08  3.30000000e+00  3.62900000e-08  3.30000000e+00  3.62900000e-08  3.29917900e+00  3.62900000e-08  3.29936221e+00  3.62900000e-08  0.00000000e+00  3.62900000e-08  0.00000000e+00 
 3.63100000e-08  3.30000000e+00  3.63100000e-08  3.30000000e+00  3.63100000e-08  3.29918264e+00  3.63100000e-08  3.29936506e+00  3.63100000e-08  0.00000000e+00  3.63100000e-08  0.00000000e+00 
 3.63300000e-08  3.30000000e+00  3.63300000e-08  3.30000000e+00  3.63300000e-08  3.29918624e+00  3.63300000e-08  3.29936790e+00  3.63300000e-08  0.00000000e+00  3.63300000e-08  0.00000000e+00 
 3.63500000e-08  3.30000000e+00  3.63500000e-08  3.30000000e+00  3.63500000e-08  3.29918982e+00  3.63500000e-08  3.29937070e+00  3.63500000e-08  0.00000000e+00  3.63500000e-08  0.00000000e+00 
 3.63700000e-08  3.30000000e+00  3.63700000e-08  3.30000000e+00  3.63700000e-08  3.29919337e+00  3.63700000e-08  3.29937349e+00  3.63700000e-08  0.00000000e+00  3.63700000e-08  0.00000000e+00 
 3.63900000e-08  3.30000000e+00  3.63900000e-08  3.30000000e+00  3.63900000e-08  3.29919689e+00  3.63900000e-08  3.29937625e+00  3.63900000e-08  0.00000000e+00  3.63900000e-08  0.00000000e+00 
 3.64100000e-08  3.30000000e+00  3.64100000e-08  3.30000000e+00  3.64100000e-08  3.29920037e+00  3.64100000e-08  3.29937899e+00  3.64100000e-08  0.00000000e+00  3.64100000e-08  0.00000000e+00 
 3.64300000e-08  3.30000000e+00  3.64300000e-08  3.30000000e+00  3.64300000e-08  3.29920384e+00  3.64300000e-08  3.29938170e+00  3.64300000e-08  0.00000000e+00  3.64300000e-08  0.00000000e+00 
 3.64500000e-08  3.30000000e+00  3.64500000e-08  3.30000000e+00  3.64500000e-08  3.29920726e+00  3.64500000e-08  3.29938440e+00  3.64500000e-08  0.00000000e+00  3.64500000e-08  0.00000000e+00 
 3.64700000e-08  3.30000000e+00  3.64700000e-08  3.30000000e+00  3.64700000e-08  3.29921067e+00  3.64700000e-08  3.29938706e+00  3.64700000e-08  0.00000000e+00  3.64700000e-08  0.00000000e+00 
 3.64900000e-08  3.30000000e+00  3.64900000e-08  3.30000000e+00  3.64900000e-08  3.29921404e+00  3.64900000e-08  3.29938972e+00  3.64900000e-08  0.00000000e+00  3.64900000e-08  0.00000000e+00 
 3.65100000e-08  3.30000000e+00  3.65100000e-08  3.30000000e+00  3.65100000e-08  3.29921740e+00  3.65100000e-08  3.29939234e+00  3.65100000e-08  0.00000000e+00  3.65100000e-08  0.00000000e+00 
 3.65300000e-08  3.30000000e+00  3.65300000e-08  3.30000000e+00  3.65300000e-08  3.29922072e+00  3.65300000e-08  3.29939495e+00  3.65300000e-08  0.00000000e+00  3.65300000e-08  0.00000000e+00 
 3.65500000e-08  3.30000000e+00  3.65500000e-08  3.30000000e+00  3.65500000e-08  3.29922402e+00  3.65500000e-08  3.29939754e+00  3.65500000e-08  0.00000000e+00  3.65500000e-08  0.00000000e+00 
 3.65700000e-08  3.30000000e+00  3.65700000e-08  3.30000000e+00  3.65700000e-08  3.29922728e+00  3.65700000e-08  3.29940010e+00  3.65700000e-08  0.00000000e+00  3.65700000e-08  0.00000000e+00 
 3.65900000e-08  3.30000000e+00  3.65900000e-08  3.30000000e+00  3.65900000e-08  3.29923053e+00  3.65900000e-08  3.29940265e+00  3.65900000e-08  0.00000000e+00  3.65900000e-08  0.00000000e+00 
 3.66100000e-08  3.30000000e+00  3.66100000e-08  3.30000000e+00  3.66100000e-08  3.29923375e+00  3.66100000e-08  3.29940517e+00  3.66100000e-08  0.00000000e+00  3.66100000e-08  0.00000000e+00 
 3.66300000e-08  3.30000000e+00  3.66300000e-08  3.30000000e+00  3.66300000e-08  3.29923694e+00  3.66300000e-08  3.29940768e+00  3.66300000e-08  0.00000000e+00  3.66300000e-08  0.00000000e+00 
 3.66500000e-08  3.30000000e+00  3.66500000e-08  3.30000000e+00  3.66500000e-08  3.29924011e+00  3.66500000e-08  3.29941016e+00  3.66500000e-08  0.00000000e+00  3.66500000e-08  0.00000000e+00 
 3.66700000e-08  3.30000000e+00  3.66700000e-08  3.30000000e+00  3.66700000e-08  3.29924326e+00  3.66700000e-08  3.29941263e+00  3.66700000e-08  0.00000000e+00  3.66700000e-08  0.00000000e+00 
 3.66900000e-08  3.30000000e+00  3.66900000e-08  3.30000000e+00  3.66900000e-08  3.29924637e+00  3.66900000e-08  3.29941508e+00  3.66900000e-08  0.00000000e+00  3.66900000e-08  0.00000000e+00 
 3.67100000e-08  3.30000000e+00  3.67100000e-08  3.30000000e+00  3.67100000e-08  3.29924947e+00  3.67100000e-08  3.29941750e+00  3.67100000e-08  0.00000000e+00  3.67100000e-08  0.00000000e+00 
 3.67300000e-08  3.30000000e+00  3.67300000e-08  3.30000000e+00  3.67300000e-08  3.29925254e+00  3.67300000e-08  3.29941991e+00  3.67300000e-08  0.00000000e+00  3.67300000e-08  0.00000000e+00 
 3.67500000e-08  3.30000000e+00  3.67500000e-08  3.30000000e+00  3.67500000e-08  3.29925559e+00  3.67500000e-08  3.29942230e+00  3.67500000e-08  0.00000000e+00  3.67500000e-08  0.00000000e+00 
 3.67700000e-08  3.30000000e+00  3.67700000e-08  3.30000000e+00  3.67700000e-08  3.29925861e+00  3.67700000e-08  3.29942467e+00  3.67700000e-08  0.00000000e+00  3.67700000e-08  0.00000000e+00 
 3.67900000e-08  3.30000000e+00  3.67900000e-08  3.30000000e+00  3.67900000e-08  3.29926162e+00  3.67900000e-08  3.29942702e+00  3.67900000e-08  0.00000000e+00  3.67900000e-08  0.00000000e+00 
 3.68100000e-08  3.30000000e+00  3.68100000e-08  3.30000000e+00  3.68100000e-08  3.29926459e+00  3.68100000e-08  3.29942936e+00  3.68100000e-08  0.00000000e+00  3.68100000e-08  0.00000000e+00 
 3.68300000e-08  3.30000000e+00  3.68300000e-08  3.30000000e+00  3.68300000e-08  3.29926755e+00  3.68300000e-08  3.29943167e+00  3.68300000e-08  0.00000000e+00  3.68300000e-08  0.00000000e+00 
 3.68500000e-08  3.30000000e+00  3.68500000e-08  3.30000000e+00  3.68500000e-08  3.29927048e+00  3.68500000e-08  3.29943398e+00  3.68500000e-08  0.00000000e+00  3.68500000e-08  0.00000000e+00 
 3.68700000e-08  3.30000000e+00  3.68700000e-08  3.30000000e+00  3.68700000e-08  3.29927340e+00  3.68700000e-08  3.29943626e+00  3.68700000e-08  0.00000000e+00  3.68700000e-08  0.00000000e+00 
 3.68900000e-08  3.30000000e+00  3.68900000e-08  3.30000000e+00  3.68900000e-08  3.29927628e+00  3.68900000e-08  3.29943852e+00  3.68900000e-08  0.00000000e+00  3.68900000e-08  0.00000000e+00 
 3.69100000e-08  3.30000000e+00  3.69100000e-08  3.30000000e+00  3.69100000e-08  3.29927915e+00  3.69100000e-08  3.29944077e+00  3.69100000e-08  0.00000000e+00  3.69100000e-08  0.00000000e+00 
 3.69300000e-08  3.30000000e+00  3.69300000e-08  3.30000000e+00  3.69300000e-08  3.29928200e+00  3.69300000e-08  3.29944300e+00  3.69300000e-08  0.00000000e+00  3.69300000e-08  0.00000000e+00 
 3.69500000e-08  3.30000000e+00  3.69500000e-08  3.30000000e+00  3.69500000e-08  3.29928483e+00  3.69500000e-08  3.29944521e+00  3.69500000e-08  0.00000000e+00  3.69500000e-08  0.00000000e+00 
 3.69700000e-08  3.30000000e+00  3.69700000e-08  3.30000000e+00  3.69700000e-08  3.29928763e+00  3.69700000e-08  3.29944741e+00  3.69700000e-08  0.00000000e+00  3.69700000e-08  0.00000000e+00 
 3.69900000e-08  3.30000000e+00  3.69900000e-08  3.30000000e+00  3.69900000e-08  3.29929042e+00  3.69900000e-08  3.29944959e+00  3.69900000e-08  0.00000000e+00  3.69900000e-08  0.00000000e+00 
 3.70100000e-08  3.30000000e+00  3.70100000e-08  3.30000000e+00  3.70100000e-08  3.29929318e+00  3.70100000e-08  3.29945176e+00  3.70100000e-08  0.00000000e+00  3.70100000e-08  0.00000000e+00 
 3.70300000e-08  3.30000000e+00  3.70300000e-08  3.30000000e+00  3.70300000e-08  3.29929592e+00  3.70300000e-08  3.29945391e+00  3.70300000e-08  0.00000000e+00  3.70300000e-08  0.00000000e+00 
 3.70500000e-08  3.30000000e+00  3.70500000e-08  3.30000000e+00  3.70500000e-08  3.29929864e+00  3.70500000e-08  3.29945604e+00  3.70500000e-08  0.00000000e+00  3.70500000e-08  0.00000000e+00 
 3.70700000e-08  3.30000000e+00  3.70700000e-08  3.30000000e+00  3.70700000e-08  3.29930135e+00  3.70700000e-08  3.29945816e+00  3.70700000e-08  0.00000000e+00  3.70700000e-08  0.00000000e+00 
 3.70900000e-08  3.30000000e+00  3.70900000e-08  3.30000000e+00  3.70900000e-08  3.29930403e+00  3.70900000e-08  3.29946026e+00  3.70900000e-08  0.00000000e+00  3.70900000e-08  0.00000000e+00 
 3.71100000e-08  3.30000000e+00  3.71100000e-08  3.30000000e+00  3.71100000e-08  3.29930670e+00  3.71100000e-08  3.29946235e+00  3.71100000e-08  0.00000000e+00  3.71100000e-08  0.00000000e+00 
 3.71300000e-08  3.30000000e+00  3.71300000e-08  3.30000000e+00  3.71300000e-08  3.29930934e+00  3.71300000e-08  3.29946442e+00  3.71300000e-08  0.00000000e+00  3.71300000e-08  0.00000000e+00 
 3.71500000e-08  3.30000000e+00  3.71500000e-08  3.30000000e+00  3.71500000e-08  3.29931197e+00  3.71500000e-08  3.29946648e+00  3.71500000e-08  0.00000000e+00  3.71500000e-08  0.00000000e+00 
 3.71700000e-08  3.30000000e+00  3.71700000e-08  3.30000000e+00  3.71700000e-08  3.29931457e+00  3.71700000e-08  3.29946852e+00  3.71700000e-08  0.00000000e+00  3.71700000e-08  0.00000000e+00 
 3.71900000e-08  3.30000000e+00  3.71900000e-08  3.30000000e+00  3.71900000e-08  3.29931717e+00  3.71900000e-08  3.29947055e+00  3.71900000e-08  0.00000000e+00  3.71900000e-08  0.00000000e+00 
 3.72100000e-08  3.30000000e+00  3.72100000e-08  3.30000000e+00  3.72100000e-08  3.29931973e+00  3.72100000e-08  3.29947256e+00  3.72100000e-08  0.00000000e+00  3.72100000e-08  0.00000000e+00 
 3.72300000e-08  3.30000000e+00  3.72300000e-08  3.30000000e+00  3.72300000e-08  3.29932229e+00  3.72300000e-08  3.29947456e+00  3.72300000e-08  0.00000000e+00  3.72300000e-08  0.00000000e+00 
 3.72500000e-08  3.30000000e+00  3.72500000e-08  3.30000000e+00  3.72500000e-08  3.29932482e+00  3.72500000e-08  3.29947654e+00  3.72500000e-08  0.00000000e+00  3.72500000e-08  0.00000000e+00 
 3.72700000e-08  3.30000000e+00  3.72700000e-08  3.30000000e+00  3.72700000e-08  3.29932734e+00  3.72700000e-08  3.29947851e+00  3.72700000e-08  0.00000000e+00  3.72700000e-08  0.00000000e+00 
 3.72900000e-08  3.30000000e+00  3.72900000e-08  3.30000000e+00  3.72900000e-08  3.29932984e+00  3.72900000e-08  3.29948047e+00  3.72900000e-08  0.00000000e+00  3.72900000e-08  0.00000000e+00 
 3.73100000e-08  3.30000000e+00  3.73100000e-08  3.30000000e+00  3.73100000e-08  3.29933232e+00  3.73100000e-08  3.29948241e+00  3.73100000e-08  0.00000000e+00  3.73100000e-08  0.00000000e+00 
 3.73300000e-08  3.30000000e+00  3.73300000e-08  3.30000000e+00  3.73300000e-08  3.29933478e+00  3.73300000e-08  3.29948434e+00  3.73300000e-08  0.00000000e+00  3.73300000e-08  0.00000000e+00 
 3.73500000e-08  3.30000000e+00  3.73500000e-08  3.30000000e+00  3.73500000e-08  3.29933723e+00  3.73500000e-08  3.29948625e+00  3.73500000e-08  0.00000000e+00  3.73500000e-08  0.00000000e+00 
 3.73700000e-08  3.30000000e+00  3.73700000e-08  3.30000000e+00  3.73700000e-08  3.29933966e+00  3.73700000e-08  3.29948816e+00  3.73700000e-08  0.00000000e+00  3.73700000e-08  0.00000000e+00 
 3.73900000e-08  3.30000000e+00  3.73900000e-08  3.30000000e+00  3.73900000e-08  3.29934208e+00  3.73900000e-08  3.29949005e+00  3.73900000e-08  0.00000000e+00  3.73900000e-08  0.00000000e+00 
 3.74100000e-08  3.30000000e+00  3.74100000e-08  3.30000000e+00  3.74100000e-08  3.29934447e+00  3.74100000e-08  3.29949192e+00  3.74100000e-08  0.00000000e+00  3.74100000e-08  0.00000000e+00 
 3.74300000e-08  3.30000000e+00  3.74300000e-08  3.30000000e+00  3.74300000e-08  3.29934685e+00  3.74300000e-08  3.29949378e+00  3.74300000e-08  0.00000000e+00  3.74300000e-08  0.00000000e+00 
 3.74500000e-08  3.30000000e+00  3.74500000e-08  3.30000000e+00  3.74500000e-08  3.29934921e+00  3.74500000e-08  3.29949563e+00  3.74500000e-08  0.00000000e+00  3.74500000e-08  0.00000000e+00 
 3.74700000e-08  3.30000000e+00  3.74700000e-08  3.30000000e+00  3.74700000e-08  3.29935156e+00  3.74700000e-08  3.29949747e+00  3.74700000e-08  0.00000000e+00  3.74700000e-08  0.00000000e+00 
 3.74900000e-08  3.30000000e+00  3.74900000e-08  3.30000000e+00  3.74900000e-08  3.29935389e+00  3.74900000e-08  3.29949930e+00  3.74900000e-08  0.00000000e+00  3.74900000e-08  0.00000000e+00 
 3.75100000e-08  3.30000000e+00  3.75100000e-08  3.30000000e+00  3.75100000e-08  3.29935621e+00  3.75100000e-08  3.29950111e+00  3.75100000e-08  0.00000000e+00  3.75100000e-08  0.00000000e+00 
 3.75300000e-08  3.30000000e+00  3.75300000e-08  3.30000000e+00  3.75300000e-08  3.29935851e+00  3.75300000e-08  3.29950291e+00  3.75300000e-08  0.00000000e+00  3.75300000e-08  0.00000000e+00 
 3.75500000e-08  3.30000000e+00  3.75500000e-08  3.30000000e+00  3.75500000e-08  3.29936080e+00  3.75500000e-08  3.29950469e+00  3.75500000e-08  0.00000000e+00  3.75500000e-08  0.00000000e+00 
 3.75700000e-08  3.30000000e+00  3.75700000e-08  3.30000000e+00  3.75700000e-08  3.29936306e+00  3.75700000e-08  3.29950647e+00  3.75700000e-08  0.00000000e+00  3.75700000e-08  0.00000000e+00 
 3.75900000e-08  3.30000000e+00  3.75900000e-08  3.30000000e+00  3.75900000e-08  3.29936532e+00  3.75900000e-08  3.29950823e+00  3.75900000e-08  0.00000000e+00  3.75900000e-08  0.00000000e+00 
 3.76100000e-08  3.30000000e+00  3.76100000e-08  3.30000000e+00  3.76100000e-08  3.29936756e+00  3.76100000e-08  3.29950998e+00  3.76100000e-08  0.00000000e+00  3.76100000e-08  0.00000000e+00 
 3.76300000e-08  3.30000000e+00  3.76300000e-08  3.30000000e+00  3.76300000e-08  3.29936978e+00  3.76300000e-08  3.29951172e+00  3.76300000e-08  0.00000000e+00  3.76300000e-08  0.00000000e+00 
 3.76500000e-08  3.30000000e+00  3.76500000e-08  3.30000000e+00  3.76500000e-08  3.29937199e+00  3.76500000e-08  3.29951345e+00  3.76500000e-08  0.00000000e+00  3.76500000e-08  0.00000000e+00 
 3.76700000e-08  3.30000000e+00  3.76700000e-08  3.30000000e+00  3.76700000e-08  3.29937419e+00  3.76700000e-08  3.29951517e+00  3.76700000e-08  0.00000000e+00  3.76700000e-08  0.00000000e+00 
 3.76900000e-08  3.30000000e+00  3.76900000e-08  3.30000000e+00  3.76900000e-08  3.29937636e+00  3.76900000e-08  3.29951687e+00  3.76900000e-08  0.00000000e+00  3.76900000e-08  0.00000000e+00 
 3.77100000e-08  3.30000000e+00  3.77100000e-08  3.30000000e+00  3.77100000e-08  3.29937854e+00  3.77100000e-08  3.29951857e+00  3.77100000e-08  0.00000000e+00  3.77100000e-08  0.00000000e+00 
 3.77300000e-08  3.30000000e+00  3.77300000e-08  3.30000000e+00  3.77300000e-08  3.29938068e+00  3.77300000e-08  3.29952025e+00  3.77300000e-08  0.00000000e+00  3.77300000e-08  0.00000000e+00 
 3.77500000e-08  3.30000000e+00  3.77500000e-08  3.30000000e+00  3.77500000e-08  3.29938283e+00  3.77500000e-08  3.29952192e+00  3.77500000e-08  0.00000000e+00  3.77500000e-08  0.00000000e+00 
 3.77700000e-08  3.30000000e+00  3.77700000e-08  3.30000000e+00  3.77700000e-08  3.29938494e+00  3.77700000e-08  3.29952358e+00  3.77700000e-08  0.00000000e+00  3.77700000e-08  0.00000000e+00 
 3.77900000e-08  3.30000000e+00  3.77900000e-08  3.30000000e+00  3.77900000e-08  3.29938706e+00  3.77900000e-08  3.29952523e+00  3.77900000e-08  0.00000000e+00  3.77900000e-08  0.00000000e+00 
 3.78100000e-08  3.30000000e+00  3.78100000e-08  3.30000000e+00  3.78100000e-08  3.29938915e+00  3.78100000e-08  3.29952687e+00  3.78100000e-08  0.00000000e+00  3.78100000e-08  0.00000000e+00 
 3.78300000e-08  3.30000000e+00  3.78300000e-08  3.30000000e+00  3.78300000e-08  3.29939124e+00  3.78300000e-08  3.29952850e+00  3.78300000e-08  0.00000000e+00  3.78300000e-08  0.00000000e+00 
 3.78500000e-08  3.30000000e+00  3.78500000e-08  3.30000000e+00  3.78500000e-08  3.29939330e+00  3.78500000e-08  3.29953012e+00  3.78500000e-08  0.00000000e+00  3.78500000e-08  0.00000000e+00 
 3.78700000e-08  3.30000000e+00  3.78700000e-08  3.30000000e+00  3.78700000e-08  3.29939536e+00  3.78700000e-08  3.29953172e+00  3.78700000e-08  0.00000000e+00  3.78700000e-08  0.00000000e+00 
 3.78900000e-08  3.30000000e+00  3.78900000e-08  3.30000000e+00  3.78900000e-08  3.29939740e+00  3.78900000e-08  3.29953332e+00  3.78900000e-08  0.00000000e+00  3.78900000e-08  0.00000000e+00 
 3.79100000e-08  3.30000000e+00  3.79100000e-08  3.30000000e+00  3.79100000e-08  3.29939944e+00  3.79100000e-08  3.29953491e+00  3.79100000e-08  0.00000000e+00  3.79100000e-08  0.00000000e+00 
 3.79300000e-08  3.30000000e+00  3.79300000e-08  3.30000000e+00  3.79300000e-08  3.29940145e+00  3.79300000e-08  3.29953649e+00  3.79300000e-08  0.00000000e+00  3.79300000e-08  0.00000000e+00 
 3.79500000e-08  3.30000000e+00  3.79500000e-08  3.30000000e+00  3.79500000e-08  3.29940346e+00  3.79500000e-08  3.29953805e+00  3.79500000e-08  0.00000000e+00  3.79500000e-08  0.00000000e+00 
 3.79700000e-08  3.30000000e+00  3.79700000e-08  3.30000000e+00  3.79700000e-08  3.29940545e+00  3.79700000e-08  3.29953961e+00  3.79700000e-08  0.00000000e+00  3.79700000e-08  0.00000000e+00 
 3.79900000e-08  3.30000000e+00  3.79900000e-08  3.30000000e+00  3.79900000e-08  3.29940743e+00  3.79900000e-08  3.29954115e+00  3.79900000e-08  0.00000000e+00  3.79900000e-08  0.00000000e+00 
 3.80100000e-08  3.30000000e+00  3.80100000e-08  3.30000000e+00  3.80100000e-08  3.29940939e+00  3.80100000e-08  3.29954269e+00  3.80100000e-08  0.00000000e+00  3.80100000e-08  0.00000000e+00 
 3.80300000e-08  3.30000000e+00  3.80300000e-08  3.30000000e+00  3.80300000e-08  3.29941135e+00  3.80300000e-08  3.29954422e+00  3.80300000e-08  0.00000000e+00  3.80300000e-08  0.00000000e+00 
 3.80500000e-08  3.30000000e+00  3.80500000e-08  3.30000000e+00  3.80500000e-08  3.29941329e+00  3.80500000e-08  3.29954574e+00  3.80500000e-08  0.00000000e+00  3.80500000e-08  0.00000000e+00 
 3.80700000e-08  3.30000000e+00  3.80700000e-08  3.30000000e+00  3.80700000e-08  3.29941522e+00  3.80700000e-08  3.29954724e+00  3.80700000e-08  0.00000000e+00  3.80700000e-08  0.00000000e+00 
 3.80900000e-08  3.30000000e+00  3.80900000e-08  3.30000000e+00  3.80900000e-08  3.29941714e+00  3.80900000e-08  3.29954874e+00  3.80900000e-08  0.00000000e+00  3.80900000e-08  0.00000000e+00 
 3.81100000e-08  3.30000000e+00  3.81100000e-08  3.30000000e+00  3.81100000e-08  3.29941905e+00  3.81100000e-08  3.29955023e+00  3.81100000e-08  0.00000000e+00  3.81100000e-08  0.00000000e+00 
 3.81300000e-08  3.30000000e+00  3.81300000e-08  3.30000000e+00  3.81300000e-08  3.29942094e+00  3.81300000e-08  3.29955171e+00  3.81300000e-08  0.00000000e+00  3.81300000e-08  0.00000000e+00 
 3.81500000e-08  3.30000000e+00  3.81500000e-08  3.30000000e+00  3.81500000e-08  3.29942282e+00  3.81500000e-08  3.29955318e+00  3.81500000e-08  0.00000000e+00  3.81500000e-08  0.00000000e+00 
 3.81700000e-08  3.30000000e+00  3.81700000e-08  3.30000000e+00  3.81700000e-08  3.29942469e+00  3.81700000e-08  3.29955464e+00  3.81700000e-08  0.00000000e+00  3.81700000e-08  0.00000000e+00 
 3.81900000e-08  3.30000000e+00  3.81900000e-08  3.30000000e+00  3.81900000e-08  3.29942656e+00  3.81900000e-08  3.29955609e+00  3.81900000e-08  0.00000000e+00  3.81900000e-08  0.00000000e+00 
 3.82100000e-08  3.30000000e+00  3.82100000e-08  3.30000000e+00  3.82100000e-08  3.29942840e+00  3.82100000e-08  3.29955754e+00  3.82100000e-08  0.00000000e+00  3.82100000e-08  0.00000000e+00 
 3.82300000e-08  3.30000000e+00  3.82300000e-08  3.30000000e+00  3.82300000e-08  3.29943024e+00  3.82300000e-08  3.29955897e+00  3.82300000e-08  0.00000000e+00  3.82300000e-08  0.00000000e+00 
 3.82500000e-08  3.30000000e+00  3.82500000e-08  3.30000000e+00  3.82500000e-08  3.29943206e+00  3.82500000e-08  3.29956040e+00  3.82500000e-08  0.00000000e+00  3.82500000e-08  0.00000000e+00 
 3.82700000e-08  3.30000000e+00  3.82700000e-08  3.30000000e+00  3.82700000e-08  3.29943388e+00  3.82700000e-08  3.29956181e+00  3.82700000e-08  0.00000000e+00  3.82700000e-08  0.00000000e+00 
 3.82900000e-08  3.30000000e+00  3.82900000e-08  3.30000000e+00  3.82900000e-08  3.29943568e+00  3.82900000e-08  3.29956322e+00  3.82900000e-08  0.00000000e+00  3.82900000e-08  0.00000000e+00 
 3.83100000e-08  3.30000000e+00  3.83100000e-08  3.30000000e+00  3.83100000e-08  3.29943748e+00  3.83100000e-08  3.29956462e+00  3.83100000e-08  0.00000000e+00  3.83100000e-08  0.00000000e+00 
 3.83300000e-08  3.30000000e+00  3.83300000e-08  3.30000000e+00  3.83300000e-08  3.29943926e+00  3.83300000e-08  3.29956602e+00  3.83300000e-08  0.00000000e+00  3.83300000e-08  0.00000000e+00 
 3.83500000e-08  3.30000000e+00  3.83500000e-08  3.30000000e+00  3.83500000e-08  3.29944103e+00  3.83500000e-08  3.29956740e+00  3.83500000e-08  0.00000000e+00  3.83500000e-08  0.00000000e+00 
 3.83700000e-08  3.30000000e+00  3.83700000e-08  3.30000000e+00  3.83700000e-08  3.29944279e+00  3.83700000e-08  3.29956877e+00  3.83700000e-08  0.00000000e+00  3.83700000e-08  0.00000000e+00 
 3.83900000e-08  3.30000000e+00  3.83900000e-08  3.30000000e+00  3.83900000e-08  3.29944454e+00  3.83900000e-08  3.29957014e+00  3.83900000e-08  0.00000000e+00  3.83900000e-08  0.00000000e+00 
 3.84100000e-08  3.30000000e+00  3.84100000e-08  3.30000000e+00  3.84100000e-08  3.29944628e+00  3.84100000e-08  3.29957150e+00  3.84100000e-08  0.00000000e+00  3.84100000e-08  0.00000000e+00 
 3.84300000e-08  3.30000000e+00  3.84300000e-08  3.30000000e+00  3.84300000e-08  3.29944801e+00  3.84300000e-08  3.29957285e+00  3.84300000e-08  0.00000000e+00  3.84300000e-08  0.00000000e+00 
 3.84500000e-08  3.30000000e+00  3.84500000e-08  3.30000000e+00  3.84500000e-08  3.29944973e+00  3.84500000e-08  3.29957419e+00  3.84500000e-08  0.00000000e+00  3.84500000e-08  0.00000000e+00 
 3.84700000e-08  3.30000000e+00  3.84700000e-08  3.30000000e+00  3.84700000e-08  3.29945144e+00  3.84700000e-08  3.29957552e+00  3.84700000e-08  0.00000000e+00  3.84700000e-08  0.00000000e+00 
 3.84900000e-08  3.30000000e+00  3.84900000e-08  3.30000000e+00  3.84900000e-08  3.29945314e+00  3.84900000e-08  3.29957685e+00  3.84900000e-08  0.00000000e+00  3.84900000e-08  0.00000000e+00 
 3.85100000e-08  3.30000000e+00  3.85100000e-08  3.30000000e+00  3.85100000e-08  3.29945483e+00  3.85100000e-08  3.29957817e+00  3.85100000e-08  0.00000000e+00  3.85100000e-08  0.00000000e+00 
 3.85300000e-08  3.30000000e+00  3.85300000e-08  3.30000000e+00  3.85300000e-08  3.29945651e+00  3.85300000e-08  3.29957948e+00  3.85300000e-08  0.00000000e+00  3.85300000e-08  0.00000000e+00 
 3.85500000e-08  3.30000000e+00  3.85500000e-08  3.30000000e+00  3.85500000e-08  3.29945818e+00  3.85500000e-08  3.29958078e+00  3.85500000e-08  0.00000000e+00  3.85500000e-08  0.00000000e+00 
 3.85700000e-08  3.30000000e+00  3.85700000e-08  3.30000000e+00  3.85700000e-08  3.29945983e+00  3.85700000e-08  3.29958208e+00  3.85700000e-08  0.00000000e+00  3.85700000e-08  0.00000000e+00 
 3.85900000e-08  3.30000000e+00  3.85900000e-08  3.30000000e+00  3.85900000e-08  3.29946149e+00  3.85900000e-08  3.29958337e+00  3.85900000e-08  0.00000000e+00  3.85900000e-08  0.00000000e+00 
 3.86100000e-08  3.30000000e+00  3.86100000e-08  3.30000000e+00  3.86100000e-08  3.29946313e+00  3.86100000e-08  3.29958465e+00  3.86100000e-08  0.00000000e+00  3.86100000e-08  0.00000000e+00 
 3.86300000e-08  3.30000000e+00  3.86300000e-08  3.30000000e+00  3.86300000e-08  3.29946476e+00  3.86300000e-08  3.29958592e+00  3.86300000e-08  0.00000000e+00  3.86300000e-08  0.00000000e+00 
 3.86500000e-08  3.30000000e+00  3.86500000e-08  3.30000000e+00  3.86500000e-08  3.29946638e+00  3.86500000e-08  3.29958719e+00  3.86500000e-08  0.00000000e+00  3.86500000e-08  0.00000000e+00 
 3.86700000e-08  3.30000000e+00  3.86700000e-08  3.30000000e+00  3.86700000e-08  3.29946800e+00  3.86700000e-08  3.29958844e+00  3.86700000e-08  0.00000000e+00  3.86700000e-08  0.00000000e+00 
 3.86900000e-08  3.30000000e+00  3.86900000e-08  3.30000000e+00  3.86900000e-08  3.29946959e+00  3.86900000e-08  3.29958969e+00  3.86900000e-08  0.00000000e+00  3.86900000e-08  0.00000000e+00 
 3.87100000e-08  3.30000000e+00  3.87100000e-08  3.30000000e+00  3.87100000e-08  3.29947119e+00  3.87100000e-08  3.29959094e+00  3.87100000e-08  0.00000000e+00  3.87100000e-08  0.00000000e+00 
 3.87300000e-08  3.30000000e+00  3.87300000e-08  3.30000000e+00  3.87300000e-08  3.29947277e+00  3.87300000e-08  3.29959217e+00  3.87300000e-08  0.00000000e+00  3.87300000e-08  0.00000000e+00 
 3.87500000e-08  3.30000000e+00  3.87500000e-08  3.30000000e+00  3.87500000e-08  3.29947435e+00  3.87500000e-08  3.29959340e+00  3.87500000e-08  0.00000000e+00  3.87500000e-08  0.00000000e+00 
 3.87700000e-08  3.30000000e+00  3.87700000e-08  3.30000000e+00  3.87700000e-08  3.29947592e+00  3.87700000e-08  3.29959463e+00  3.87700000e-08  0.00000000e+00  3.87700000e-08  0.00000000e+00 
 3.87900000e-08  3.30000000e+00  3.87900000e-08  3.30000000e+00  3.87900000e-08  3.29947748e+00  3.87900000e-08  3.29959584e+00  3.87900000e-08  0.00000000e+00  3.87900000e-08  0.00000000e+00 
 3.88100000e-08  3.30000000e+00  3.88100000e-08  3.30000000e+00  3.88100000e-08  3.29947903e+00  3.88100000e-08  3.29959705e+00  3.88100000e-08  0.00000000e+00  3.88100000e-08  0.00000000e+00 
 3.88300000e-08  3.30000000e+00  3.88300000e-08  3.30000000e+00  3.88300000e-08  3.29948057e+00  3.88300000e-08  3.29959825e+00  3.88300000e-08  0.00000000e+00  3.88300000e-08  0.00000000e+00 
 3.88500000e-08  3.30000000e+00  3.88500000e-08  3.30000000e+00  3.88500000e-08  3.29948210e+00  3.88500000e-08  3.29959945e+00  3.88500000e-08  0.00000000e+00  3.88500000e-08  0.00000000e+00 
 3.88700000e-08  3.30000000e+00  3.88700000e-08  3.30000000e+00  3.88700000e-08  3.29948363e+00  3.88700000e-08  3.29960063e+00  3.88700000e-08  0.00000000e+00  3.88700000e-08  0.00000000e+00 
 3.88900000e-08  3.30000000e+00  3.88900000e-08  3.30000000e+00  3.88900000e-08  3.29948514e+00  3.88900000e-08  3.29960182e+00  3.88900000e-08  0.00000000e+00  3.88900000e-08  0.00000000e+00 
 3.89100000e-08  3.30000000e+00  3.89100000e-08  3.30000000e+00  3.89100000e-08  3.29948665e+00  3.89100000e-08  3.29960299e+00  3.89100000e-08  0.00000000e+00  3.89100000e-08  0.00000000e+00 
 3.89300000e-08  3.30000000e+00  3.89300000e-08  3.30000000e+00  3.89300000e-08  3.29948814e+00  3.89300000e-08  3.29960416e+00  3.89300000e-08  0.00000000e+00  3.89300000e-08  0.00000000e+00 
 3.89500000e-08  3.30000000e+00  3.89500000e-08  3.30000000e+00  3.89500000e-08  3.29948964e+00  3.89500000e-08  3.29960532e+00  3.89500000e-08  0.00000000e+00  3.89500000e-08  0.00000000e+00 
 3.89700000e-08  3.30000000e+00  3.89700000e-08  3.30000000e+00  3.89700000e-08  3.29949111e+00  3.89700000e-08  3.29960648e+00  3.89700000e-08  0.00000000e+00  3.89700000e-08  0.00000000e+00 
 3.89900000e-08  3.30000000e+00  3.89900000e-08  3.30000000e+00  3.89900000e-08  3.29949259e+00  3.89900000e-08  3.29960763e+00  3.89900000e-08  0.00000000e+00  3.89900000e-08  0.00000000e+00 
 3.90100000e-08  3.30000000e+00  3.90100000e-08  3.30000000e+00  3.90100000e-08  3.29949405e+00  3.90100000e-08  3.29960877e+00  3.90100000e-08  0.00000000e+00  3.90100000e-08  0.00000000e+00 
 3.90300000e-08  3.30000000e+00  3.90300000e-08  3.30000000e+00  3.90300000e-08  3.29949552e+00  3.90300000e-08  3.29960990e+00  3.90300000e-08  0.00000000e+00  3.90300000e-08  0.00000000e+00 
 3.90500000e-08  3.30000000e+00  3.90500000e-08  3.30000000e+00  3.90500000e-08  3.29949696e+00  3.90500000e-08  3.29961104e+00  3.90500000e-08  0.00000000e+00  3.90500000e-08  0.00000000e+00 
 3.90700000e-08  3.30000000e+00  3.90700000e-08  3.30000000e+00  3.90700000e-08  3.29949841e+00  3.90700000e-08  3.29961216e+00  3.90700000e-08  0.00000000e+00  3.90700000e-08  0.00000000e+00 
 3.90900000e-08  3.30000000e+00  3.90900000e-08  3.30000000e+00  3.90900000e-08  3.29949984e+00  3.90900000e-08  3.29961328e+00  3.90900000e-08  0.00000000e+00  3.90900000e-08  0.00000000e+00 
 3.91100000e-08  3.30000000e+00  3.91100000e-08  3.30000000e+00  3.91100000e-08  3.29950127e+00  3.91100000e-08  3.29961439e+00  3.91100000e-08  0.00000000e+00  3.91100000e-08  0.00000000e+00 
 3.91300000e-08  3.30000000e+00  3.91300000e-08  3.30000000e+00  3.91300000e-08  3.29950268e+00  3.91300000e-08  3.29961549e+00  3.91300000e-08  0.00000000e+00  3.91300000e-08  0.00000000e+00 
 3.91500000e-08  3.30000000e+00  3.91500000e-08  3.30000000e+00  3.91500000e-08  3.29950410e+00  3.91500000e-08  3.29961659e+00  3.91500000e-08  0.00000000e+00  3.91500000e-08  0.00000000e+00 
 3.91700000e-08  3.30000000e+00  3.91700000e-08  3.30000000e+00  3.91700000e-08  3.29950550e+00  3.91700000e-08  3.29961769e+00  3.91700000e-08  0.00000000e+00  3.91700000e-08  0.00000000e+00 
 3.91900000e-08  3.30000000e+00  3.91900000e-08  3.30000000e+00  3.91900000e-08  3.29950690e+00  3.91900000e-08  3.29961877e+00  3.91900000e-08  0.00000000e+00  3.91900000e-08  0.00000000e+00 
 3.92100000e-08  3.30000000e+00  3.92100000e-08  3.30000000e+00  3.92100000e-08  3.29950828e+00  3.92100000e-08  3.29961986e+00  3.92100000e-08  0.00000000e+00  3.92100000e-08  0.00000000e+00 
 3.92300000e-08  3.30000000e+00  3.92300000e-08  3.30000000e+00  3.92300000e-08  3.29950966e+00  3.92300000e-08  3.29962093e+00  3.92300000e-08  0.00000000e+00  3.92300000e-08  0.00000000e+00 
 3.92500000e-08  3.30000000e+00  3.92500000e-08  3.30000000e+00  3.92500000e-08  3.29951103e+00  3.92500000e-08  3.29962200e+00  3.92500000e-08  0.00000000e+00  3.92500000e-08  0.00000000e+00 
 3.92700000e-08  3.30000000e+00  3.92700000e-08  3.30000000e+00  3.92700000e-08  3.29951240e+00  3.92700000e-08  3.29962307e+00  3.92700000e-08  0.00000000e+00  3.92700000e-08  0.00000000e+00 
 3.92900000e-08  3.30000000e+00  3.92900000e-08  3.30000000e+00  3.92900000e-08  3.29951376e+00  3.92900000e-08  3.29962413e+00  3.92900000e-08  0.00000000e+00  3.92900000e-08  0.00000000e+00 
 3.93100000e-08  3.30000000e+00  3.93100000e-08  3.30000000e+00  3.93100000e-08  3.29951511e+00  3.93100000e-08  3.29962518e+00  3.93100000e-08  0.00000000e+00  3.93100000e-08  0.00000000e+00 
 3.93300000e-08  3.30000000e+00  3.93300000e-08  3.30000000e+00  3.93300000e-08  3.29951645e+00  3.93300000e-08  3.29962623e+00  3.93300000e-08  0.00000000e+00  3.93300000e-08  0.00000000e+00 
 3.93500000e-08  3.30000000e+00  3.93500000e-08  3.30000000e+00  3.93500000e-08  3.29951780e+00  3.93500000e-08  3.29962727e+00  3.93500000e-08  0.00000000e+00  3.93500000e-08  0.00000000e+00 
 3.93700000e-08  3.30000000e+00  3.93700000e-08  3.30000000e+00  3.93700000e-08  3.29951912e+00  3.93700000e-08  3.29962831e+00  3.93700000e-08  0.00000000e+00  3.93700000e-08  0.00000000e+00 
 3.93900000e-08  3.30000000e+00  3.93900000e-08  3.30000000e+00  3.93900000e-08  3.29952045e+00  3.93900000e-08  3.29962934e+00  3.93900000e-08  0.00000000e+00  3.93900000e-08  0.00000000e+00 
 3.94100000e-08  3.30000000e+00  3.94100000e-08  3.30000000e+00  3.94100000e-08  3.29952176e+00  3.94100000e-08  3.29963036e+00  3.94100000e-08  0.00000000e+00  3.94100000e-08  0.00000000e+00 
 3.94300000e-08  3.30000000e+00  3.94300000e-08  3.30000000e+00  3.94300000e-08  3.29952308e+00  3.94300000e-08  3.29963138e+00  3.94300000e-08  0.00000000e+00  3.94300000e-08  0.00000000e+00 
 3.94500000e-08  3.30000000e+00  3.94500000e-08  3.30000000e+00  3.94500000e-08  3.29952437e+00  3.94500000e-08  3.29963240e+00  3.94500000e-08  0.00000000e+00  3.94500000e-08  0.00000000e+00 
 3.94700000e-08  3.30000000e+00  3.94700000e-08  3.30000000e+00  3.94700000e-08  3.29952568e+00  3.94700000e-08  3.29963341e+00  3.94700000e-08  0.00000000e+00  3.94700000e-08  0.00000000e+00 
 3.94900000e-08  3.30000000e+00  3.94900000e-08  3.30000000e+00  3.94900000e-08  3.29952696e+00  3.94900000e-08  3.29963441e+00  3.94900000e-08  0.00000000e+00  3.94900000e-08  0.00000000e+00 
 3.95100000e-08  3.30000000e+00  3.95100000e-08  3.30000000e+00  3.95100000e-08  3.29952825e+00  3.95100000e-08  3.29963541e+00  3.95100000e-08  0.00000000e+00  3.95100000e-08  0.00000000e+00 
 3.95300000e-08  3.30000000e+00  3.95300000e-08  3.30000000e+00  3.95300000e-08  3.29952952e+00  3.95300000e-08  3.29963640e+00  3.95300000e-08  0.00000000e+00  3.95300000e-08  0.00000000e+00 
 3.95500000e-08  3.30000000e+00  3.95500000e-08  3.30000000e+00  3.95500000e-08  3.29953079e+00  3.95500000e-08  3.29963739e+00  3.95500000e-08  0.00000000e+00  3.95500000e-08  0.00000000e+00 
 3.95700000e-08  3.30000000e+00  3.95700000e-08  3.30000000e+00  3.95700000e-08  3.29953205e+00  3.95700000e-08  3.29963838e+00  3.95700000e-08  0.00000000e+00  3.95700000e-08  0.00000000e+00 
 3.95900000e-08  3.30000000e+00  3.95900000e-08  3.30000000e+00  3.95900000e-08  3.29953331e+00  3.95900000e-08  3.29963935e+00  3.95900000e-08  0.00000000e+00  3.95900000e-08  0.00000000e+00 
 3.96100000e-08  3.30000000e+00  3.96100000e-08  3.30000000e+00  3.96100000e-08  3.29953456e+00  3.96100000e-08  3.29964033e+00  3.96100000e-08  0.00000000e+00  3.96100000e-08  0.00000000e+00 
 3.96300000e-08  3.30000000e+00  3.96300000e-08  3.30000000e+00  3.96300000e-08  3.29953581e+00  3.96300000e-08  3.29964130e+00  3.96300000e-08  0.00000000e+00  3.96300000e-08  0.00000000e+00 
 3.96500000e-08  3.30000000e+00  3.96500000e-08  3.30000000e+00  3.96500000e-08  3.29953704e+00  3.96500000e-08  3.29964226e+00  3.96500000e-08  0.00000000e+00  3.96500000e-08  0.00000000e+00 
 3.96700000e-08  3.30000000e+00  3.96700000e-08  3.30000000e+00  3.96700000e-08  3.29953828e+00  3.96700000e-08  3.29964322e+00  3.96700000e-08  0.00000000e+00  3.96700000e-08  0.00000000e+00 
 3.96900000e-08  3.30000000e+00  3.96900000e-08  3.30000000e+00  3.96900000e-08  3.29953950e+00  3.96900000e-08  3.29964417e+00  3.96900000e-08  0.00000000e+00  3.96900000e-08  0.00000000e+00 
 3.97100000e-08  3.30000000e+00  3.97100000e-08  3.30000000e+00  3.97100000e-08  3.29954072e+00  3.97100000e-08  3.29964512e+00  3.97100000e-08  0.00000000e+00  3.97100000e-08  0.00000000e+00 
 3.97300000e-08  3.30000000e+00  3.97300000e-08  3.30000000e+00  3.97300000e-08  3.29954193e+00  3.97300000e-08  3.29964607e+00  3.97300000e-08  0.00000000e+00  3.97300000e-08  0.00000000e+00 
 3.97500000e-08  3.30000000e+00  3.97500000e-08  3.30000000e+00  3.97500000e-08  3.29954314e+00  3.97500000e-08  3.29964700e+00  3.97500000e-08  0.00000000e+00  3.97500000e-08  0.00000000e+00 
 3.97700000e-08  3.30000000e+00  3.97700000e-08  3.30000000e+00  3.97700000e-08  3.29954433e+00  3.97700000e-08  3.29964794e+00  3.97700000e-08  0.00000000e+00  3.97700000e-08  0.00000000e+00 
 3.97900000e-08  3.30000000e+00  3.97900000e-08  3.30000000e+00  3.97900000e-08  3.29954553e+00  3.97900000e-08  3.29964887e+00  3.97900000e-08  0.00000000e+00  3.97900000e-08  0.00000000e+00 
 3.98100000e-08  3.30000000e+00  3.98100000e-08  3.30000000e+00  3.98100000e-08  3.29954672e+00  3.98100000e-08  3.29964980e+00  3.98100000e-08  0.00000000e+00  3.98100000e-08  0.00000000e+00 
 3.98300000e-08  3.30000000e+00  3.98300000e-08  3.30000000e+00  3.98300000e-08  3.29954791e+00  3.98300000e-08  3.29965071e+00  3.98300000e-08  0.00000000e+00  3.98300000e-08  0.00000000e+00 
 3.98500000e-08  3.30000000e+00  3.98500000e-08  3.30000000e+00  3.98500000e-08  3.29954908e+00  3.98500000e-08  3.29965163e+00  3.98500000e-08  0.00000000e+00  3.98500000e-08  0.00000000e+00 
 3.98700000e-08  3.30000000e+00  3.98700000e-08  3.30000000e+00  3.98700000e-08  3.29955025e+00  3.98700000e-08  3.29965254e+00  3.98700000e-08  0.00000000e+00  3.98700000e-08  0.00000000e+00 
 3.98900000e-08  3.30000000e+00  3.98900000e-08  3.30000000e+00  3.98900000e-08  3.29955141e+00  3.98900000e-08  3.29965345e+00  3.98900000e-08  0.00000000e+00  3.98900000e-08  0.00000000e+00 
 3.99100000e-08  3.30000000e+00  3.99100000e-08  3.30000000e+00  3.99100000e-08  3.29955258e+00  3.99100000e-08  3.29965435e+00  3.99100000e-08  0.00000000e+00  3.99100000e-08  0.00000000e+00 
 3.99300000e-08  3.30000000e+00  3.99300000e-08  3.30000000e+00  3.99300000e-08  3.29955373e+00  3.99300000e-08  3.29965525e+00  3.99300000e-08  0.00000000e+00  3.99300000e-08  0.00000000e+00 
 3.99500000e-08  3.30000000e+00  3.99500000e-08  3.30000000e+00  3.99500000e-08  3.29955488e+00  3.99500000e-08  3.29965614e+00  3.99500000e-08  0.00000000e+00  3.99500000e-08  0.00000000e+00 
 3.99700000e-08  3.30000000e+00  3.99700000e-08  3.30000000e+00  3.99700000e-08  3.29955602e+00  3.99700000e-08  3.29965703e+00  3.99700000e-08  0.00000000e+00  3.99700000e-08  0.00000000e+00 
 3.99900000e-08  3.30000000e+00  3.99900000e-08  3.30000000e+00  3.99900000e-08  3.29955716e+00  3.99900000e-08  3.29965792e+00  3.99900000e-08  0.00000000e+00  3.99900000e-08  0.00000000e+00 
 4.00100000e-08  3.30000000e+00  4.00100000e-08  3.30000000e+00  4.00100000e-08  3.29955829e+00  4.00100000e-08  3.29965880e+00  4.00100000e-08  0.00000000e+00  4.00100000e-08  0.00000000e+00 
 4.00300000e-08  3.30000000e+00  4.00300000e-08  3.30000000e+00  4.00300000e-08  3.29955942e+00  4.00300000e-08  3.29965967e+00  4.00300000e-08  0.00000000e+00  4.00300000e-08  0.00000000e+00 
 4.00500000e-08  3.30000000e+00  4.00500000e-08  3.30000000e+00  4.00500000e-08  3.29956053e+00  4.00500000e-08  3.29966055e+00  4.00500000e-08  0.00000000e+00  4.00500000e-08  0.00000000e+00 
 4.00700000e-08  3.30000000e+00  4.00700000e-08  3.30000000e+00  4.00700000e-08  3.29956165e+00  4.00700000e-08  3.29966141e+00  4.00700000e-08  0.00000000e+00  4.00700000e-08  0.00000000e+00 
 4.00900000e-08  3.30000000e+00  4.00900000e-08  3.30000000e+00  4.00900000e-08  3.29956276e+00  4.00900000e-08  3.29966228e+00  4.00900000e-08  0.00000000e+00  4.00900000e-08  0.00000000e+00 
 4.01100000e-08  3.30000000e+00  4.01100000e-08  3.30000000e+00  4.01100000e-08  3.29956387e+00  4.01100000e-08  3.29966314e+00  4.01100000e-08  0.00000000e+00  4.01100000e-08  0.00000000e+00 
 4.01300000e-08  3.30000000e+00  4.01300000e-08  3.30000000e+00  4.01300000e-08  3.29956496e+00  4.01300000e-08  3.29966399e+00  4.01300000e-08  0.00000000e+00  4.01300000e-08  0.00000000e+00 
 4.01500000e-08  3.30000000e+00  4.01500000e-08  3.30000000e+00  4.01500000e-08  3.29956606e+00  4.01500000e-08  3.29966484e+00  4.01500000e-08  0.00000000e+00  4.01500000e-08  0.00000000e+00 
 4.01700000e-08  3.30000000e+00  4.01700000e-08  3.30000000e+00  4.01700000e-08  3.29956714e+00  4.01700000e-08  3.29966569e+00  4.01700000e-08  0.00000000e+00  4.01700000e-08  0.00000000e+00 
 4.01900000e-08  3.30000000e+00  4.01900000e-08  3.30000000e+00  4.01900000e-08  3.29956823e+00  4.01900000e-08  3.29966653e+00  4.01900000e-08  0.00000000e+00  4.01900000e-08  0.00000000e+00 
 4.02100000e-08  3.30000000e+00  4.02100000e-08  3.30000000e+00  4.02100000e-08  3.29956930e+00  4.02100000e-08  3.29966737e+00  4.02100000e-08  0.00000000e+00  4.02100000e-08  0.00000000e+00 
 4.02300000e-08  3.30000000e+00  4.02300000e-08  3.30000000e+00  4.02300000e-08  3.29957038e+00  4.02300000e-08  3.29966820e+00  4.02300000e-08  0.00000000e+00  4.02300000e-08  0.00000000e+00 
 4.02500000e-08  3.30000000e+00  4.02500000e-08  3.30000000e+00  4.02500000e-08  3.29957145e+00  4.02500000e-08  3.29966904e+00  4.02500000e-08  0.00000000e+00  4.02500000e-08  0.00000000e+00 
 4.02700000e-08  3.30000000e+00  4.02700000e-08  3.30000000e+00  4.02700000e-08  3.29957251e+00  4.02700000e-08  3.29966986e+00  4.02700000e-08  0.00000000e+00  4.02700000e-08  0.00000000e+00 
 4.02900000e-08  3.30000000e+00  4.02900000e-08  3.30000000e+00  4.02900000e-08  3.29957357e+00  4.02900000e-08  3.29967069e+00  4.02900000e-08  0.00000000e+00  4.02900000e-08  0.00000000e+00 
 4.03100000e-08  3.30000000e+00  4.03100000e-08  3.30000000e+00  4.03100000e-08  3.29957462e+00  4.03100000e-08  3.29967150e+00  4.03100000e-08  0.00000000e+00  4.03100000e-08  0.00000000e+00 
 4.03300000e-08  3.30000000e+00  4.03300000e-08  3.30000000e+00  4.03300000e-08  3.29957567e+00  4.03300000e-08  3.29967232e+00  4.03300000e-08  0.00000000e+00  4.03300000e-08  0.00000000e+00 
 4.03500000e-08  3.30000000e+00  4.03500000e-08  3.30000000e+00  4.03500000e-08  3.29957671e+00  4.03500000e-08  3.29967313e+00  4.03500000e-08  0.00000000e+00  4.03500000e-08  0.00000000e+00 
 4.03700000e-08  3.30000000e+00  4.03700000e-08  3.30000000e+00  4.03700000e-08  3.29957775e+00  4.03700000e-08  3.29967394e+00  4.03700000e-08  0.00000000e+00  4.03700000e-08  0.00000000e+00 
 4.03900000e-08  3.30000000e+00  4.03900000e-08  3.30000000e+00  4.03900000e-08  3.29957879e+00  4.03900000e-08  3.29967474e+00  4.03900000e-08  0.00000000e+00  4.03900000e-08  0.00000000e+00 
 4.04100000e-08  3.30000000e+00  4.04100000e-08  3.30000000e+00  4.04100000e-08  3.29957981e+00  4.04100000e-08  3.29967554e+00  4.04100000e-08  0.00000000e+00  4.04100000e-08  0.00000000e+00 
 4.04300000e-08  3.30000000e+00  4.04300000e-08  3.30000000e+00  4.04300000e-08  3.29958084e+00  4.04300000e-08  3.29967634e+00  4.04300000e-08  0.00000000e+00  4.04300000e-08  0.00000000e+00 
 4.04500000e-08  3.30000000e+00  4.04500000e-08  3.30000000e+00  4.04500000e-08  3.29958185e+00  4.04500000e-08  3.29967713e+00  4.04500000e-08  0.00000000e+00  4.04500000e-08  0.00000000e+00 
 4.04700000e-08  3.30000000e+00  4.04700000e-08  3.30000000e+00  4.04700000e-08  3.29958287e+00  4.04700000e-08  3.29967792e+00  4.04700000e-08  0.00000000e+00  4.04700000e-08  0.00000000e+00 
 4.04900000e-08  3.30000000e+00  4.04900000e-08  3.30000000e+00  4.04900000e-08  3.29958388e+00  4.04900000e-08  3.29967870e+00  4.04900000e-08  0.00000000e+00  4.04900000e-08  0.00000000e+00 
 4.05100000e-08  3.30000000e+00  4.05100000e-08  3.30000000e+00  4.05100000e-08  3.29958489e+00  4.05100000e-08  3.29967948e+00  4.05100000e-08  0.00000000e+00  4.05100000e-08  0.00000000e+00 
 4.05300000e-08  3.30000000e+00  4.05300000e-08  3.30000000e+00  4.05300000e-08  3.29958588e+00  4.05300000e-08  3.29968026e+00  4.05300000e-08  0.00000000e+00  4.05300000e-08  0.00000000e+00 
 4.05500000e-08  3.30000000e+00  4.05500000e-08  3.30000000e+00  4.05500000e-08  3.29958688e+00  4.05500000e-08  3.29968103e+00  4.05500000e-08  0.00000000e+00  4.05500000e-08  0.00000000e+00 
 4.05700000e-08  3.30000000e+00  4.05700000e-08  3.30000000e+00  4.05700000e-08  3.29958787e+00  4.05700000e-08  3.29968181e+00  4.05700000e-08  0.00000000e+00  4.05700000e-08  0.00000000e+00 
 4.05900000e-08  3.30000000e+00  4.05900000e-08  3.30000000e+00  4.05900000e-08  3.29958886e+00  4.05900000e-08  3.29968257e+00  4.05900000e-08  0.00000000e+00  4.05900000e-08  0.00000000e+00 
 4.06100000e-08  3.30000000e+00  4.06100000e-08  3.30000000e+00  4.06100000e-08  3.29958984e+00  4.06100000e-08  3.29968334e+00  4.06100000e-08  0.00000000e+00  4.06100000e-08  0.00000000e+00 
 4.06300000e-08  3.30000000e+00  4.06300000e-08  3.30000000e+00  4.06300000e-08  3.29959082e+00  4.06300000e-08  3.29968410e+00  4.06300000e-08  0.00000000e+00  4.06300000e-08  0.00000000e+00 
 4.06500000e-08  3.30000000e+00  4.06500000e-08  3.30000000e+00  4.06500000e-08  3.29959179e+00  4.06500000e-08  3.29968485e+00  4.06500000e-08  0.00000000e+00  4.06500000e-08  0.00000000e+00 
 4.06700000e-08  3.30000000e+00  4.06700000e-08  3.30000000e+00  4.06700000e-08  3.29959276e+00  4.06700000e-08  3.29968560e+00  4.06700000e-08  0.00000000e+00  4.06700000e-08  0.00000000e+00 
 4.06900000e-08  3.30000000e+00  4.06900000e-08  3.30000000e+00  4.06900000e-08  3.29959372e+00  4.06900000e-08  3.29968636e+00  4.06900000e-08  0.00000000e+00  4.06900000e-08  0.00000000e+00 
 4.07100000e-08  3.30000000e+00  4.07100000e-08  3.30000000e+00  4.07100000e-08  3.29959469e+00  4.07100000e-08  3.29968710e+00  4.07100000e-08  0.00000000e+00  4.07100000e-08  0.00000000e+00 
 4.07300000e-08  3.30000000e+00  4.07300000e-08  3.30000000e+00  4.07300000e-08  3.29959564e+00  4.07300000e-08  3.29968784e+00  4.07300000e-08  0.00000000e+00  4.07300000e-08  0.00000000e+00 
 4.07500000e-08  3.30000000e+00  4.07500000e-08  3.30000000e+00  4.07500000e-08  3.29959659e+00  4.07500000e-08  3.29968858e+00  4.07500000e-08  0.00000000e+00  4.07500000e-08  0.00000000e+00 
 4.07700000e-08  3.30000000e+00  4.07700000e-08  3.30000000e+00  4.07700000e-08  3.29959754e+00  4.07700000e-08  3.29968932e+00  4.07700000e-08  0.00000000e+00  4.07700000e-08  0.00000000e+00 
 4.07900000e-08  3.30000000e+00  4.07900000e-08  3.30000000e+00  4.07900000e-08  3.29959848e+00  4.07900000e-08  3.29969005e+00  4.07900000e-08  0.00000000e+00  4.07900000e-08  0.00000000e+00 
 4.08100000e-08  3.30000000e+00  4.08100000e-08  3.30000000e+00  4.08100000e-08  3.29959942e+00  4.08100000e-08  3.29969078e+00  4.08100000e-08  0.00000000e+00  4.08100000e-08  0.00000000e+00 
 4.08300000e-08  3.30000000e+00  4.08300000e-08  3.30000000e+00  4.08300000e-08  3.29960036e+00  4.08300000e-08  3.29969151e+00  4.08300000e-08  0.00000000e+00  4.08300000e-08  0.00000000e+00 
 4.08500000e-08  3.30000000e+00  4.08500000e-08  3.30000000e+00  4.08500000e-08  3.29960128e+00  4.08500000e-08  3.29969223e+00  4.08500000e-08  0.00000000e+00  4.08500000e-08  0.00000000e+00 
 4.08700000e-08  3.30000000e+00  4.08700000e-08  3.30000000e+00  4.08700000e-08  3.29960221e+00  4.08700000e-08  3.29969295e+00  4.08700000e-08  0.00000000e+00  4.08700000e-08  0.00000000e+00 
 4.08900000e-08  3.30000000e+00  4.08900000e-08  3.30000000e+00  4.08900000e-08  3.29960313e+00  4.08900000e-08  3.29969367e+00  4.08900000e-08  0.00000000e+00  4.08900000e-08  0.00000000e+00 
 4.09100000e-08  3.30000000e+00  4.09100000e-08  3.30000000e+00  4.09100000e-08  3.29960405e+00  4.09100000e-08  3.29969438e+00  4.09100000e-08  0.00000000e+00  4.09100000e-08  0.00000000e+00 
 4.09300000e-08  3.30000000e+00  4.09300000e-08  3.30000000e+00  4.09300000e-08  3.29960496e+00  4.09300000e-08  3.29969509e+00  4.09300000e-08  0.00000000e+00  4.09300000e-08  0.00000000e+00 
 4.09500000e-08  3.30000000e+00  4.09500000e-08  3.30000000e+00  4.09500000e-08  3.29960588e+00  4.09500000e-08  3.29969580e+00  4.09500000e-08  0.00000000e+00  4.09500000e-08  0.00000000e+00 
 4.09700000e-08  3.30000000e+00  4.09700000e-08  3.30000000e+00  4.09700000e-08  3.29960678e+00  4.09700000e-08  3.29969650e+00  4.09700000e-08  0.00000000e+00  4.09700000e-08  0.00000000e+00 
 4.09900000e-08  3.30000000e+00  4.09900000e-08  3.30000000e+00  4.09900000e-08  3.29960769e+00  4.09900000e-08  3.29969720e+00  4.09900000e-08  0.00000000e+00  4.09900000e-08  0.00000000e+00 
 4.10100000e-08  3.30000000e+00  4.10100000e-08  3.30000000e+00  4.10100000e-08  3.29960858e+00  4.10100000e-08  3.29969790e+00  4.10100000e-08  0.00000000e+00  4.10100000e-08  0.00000000e+00 
 4.10300000e-08  3.30000000e+00  4.10300000e-08  3.30000000e+00  4.10300000e-08  3.29960948e+00  4.10300000e-08  3.29969859e+00  4.10300000e-08  0.00000000e+00  4.10300000e-08  0.00000000e+00 
 4.10500000e-08  3.30000000e+00  4.10500000e-08  3.30000000e+00  4.10500000e-08  3.29961036e+00  4.10500000e-08  3.29969929e+00  4.10500000e-08  0.00000000e+00  4.10500000e-08  0.00000000e+00 
 4.10700000e-08  3.30000000e+00  4.10700000e-08  3.30000000e+00  4.10700000e-08  3.29961125e+00  4.10700000e-08  3.29969997e+00  4.10700000e-08  0.00000000e+00  4.10700000e-08  0.00000000e+00 
 4.10900000e-08  3.30000000e+00  4.10900000e-08  3.30000000e+00  4.10900000e-08  3.29961213e+00  4.10900000e-08  3.29970066e+00  4.10900000e-08  0.00000000e+00  4.10900000e-08  0.00000000e+00 
 4.11100000e-08  3.30000000e+00  4.11100000e-08  3.30000000e+00  4.11100000e-08  3.29961302e+00  4.11100000e-08  3.29970134e+00  4.11100000e-08  0.00000000e+00  4.11100000e-08  0.00000000e+00 
 4.11300000e-08  3.30000000e+00  4.11300000e-08  3.30000000e+00  4.11300000e-08  3.29961389e+00  4.11300000e-08  3.29970202e+00  4.11300000e-08  0.00000000e+00  4.11300000e-08  0.00000000e+00 
 4.11500000e-08  3.30000000e+00  4.11500000e-08  3.30000000e+00  4.11500000e-08  3.29961476e+00  4.11500000e-08  3.29970270e+00  4.11500000e-08  0.00000000e+00  4.11500000e-08  0.00000000e+00 
 4.11700000e-08  3.30000000e+00  4.11700000e-08  3.30000000e+00  4.11700000e-08  3.29961562e+00  4.11700000e-08  3.29970337e+00  4.11700000e-08  0.00000000e+00  4.11700000e-08  0.00000000e+00 
 4.11900000e-08  3.30000000e+00  4.11900000e-08  3.30000000e+00  4.11900000e-08  3.29961649e+00  4.11900000e-08  3.29970404e+00  4.11900000e-08  0.00000000e+00  4.11900000e-08  0.00000000e+00 
 4.12100000e-08  3.30000000e+00  4.12100000e-08  3.30000000e+00  4.12100000e-08  3.29961735e+00  4.12100000e-08  3.29970471e+00  4.12100000e-08  0.00000000e+00  4.12100000e-08  0.00000000e+00 
 4.12300000e-08  3.30000000e+00  4.12300000e-08  3.30000000e+00  4.12300000e-08  3.29961821e+00  4.12300000e-08  3.29970538e+00  4.12300000e-08  0.00000000e+00  4.12300000e-08  0.00000000e+00 
 4.12500000e-08  3.30000000e+00  4.12500000e-08  3.30000000e+00  4.12500000e-08  3.29961906e+00  4.12500000e-08  3.29970604e+00  4.12500000e-08  0.00000000e+00  4.12500000e-08  0.00000000e+00 
 4.12700000e-08  3.30000000e+00  4.12700000e-08  3.30000000e+00  4.12700000e-08  3.29961991e+00  4.12700000e-08  3.29970670e+00  4.12700000e-08  0.00000000e+00  4.12700000e-08  0.00000000e+00 
 4.12900000e-08  3.30000000e+00  4.12900000e-08  3.30000000e+00  4.12900000e-08  3.29962075e+00  4.12900000e-08  3.29970735e+00  4.12900000e-08  0.00000000e+00  4.12900000e-08  0.00000000e+00 
 4.13100000e-08  3.30000000e+00  4.13100000e-08  3.30000000e+00  4.13100000e-08  3.29962160e+00  4.13100000e-08  3.29970801e+00  4.13100000e-08  0.00000000e+00  4.13100000e-08  0.00000000e+00 
 4.13300000e-08  3.30000000e+00  4.13300000e-08  3.30000000e+00  4.13300000e-08  3.29962243e+00  4.13300000e-08  3.29970866e+00  4.13300000e-08  0.00000000e+00  4.13300000e-08  0.00000000e+00 
 4.13500000e-08  3.30000000e+00  4.13500000e-08  3.30000000e+00  4.13500000e-08  3.29962327e+00  4.13500000e-08  3.29970931e+00  4.13500000e-08  0.00000000e+00  4.13500000e-08  0.00000000e+00 
 4.13700000e-08  3.30000000e+00  4.13700000e-08  3.30000000e+00  4.13700000e-08  3.29962410e+00  4.13700000e-08  3.29970995e+00  4.13700000e-08  0.00000000e+00  4.13700000e-08  0.00000000e+00 
 4.13900000e-08  3.30000000e+00  4.13900000e-08  3.30000000e+00  4.13900000e-08  3.29962493e+00  4.13900000e-08  3.29971059e+00  4.13900000e-08  0.00000000e+00  4.13900000e-08  0.00000000e+00 
 4.14100000e-08  3.30000000e+00  4.14100000e-08  3.30000000e+00  4.14100000e-08  3.29962575e+00  4.14100000e-08  3.29971124e+00  4.14100000e-08  0.00000000e+00  4.14100000e-08  0.00000000e+00 
 4.14300000e-08  3.30000000e+00  4.14300000e-08  3.30000000e+00  4.14300000e-08  3.29962658e+00  4.14300000e-08  3.29971187e+00  4.14300000e-08  0.00000000e+00  4.14300000e-08  0.00000000e+00 
 4.14500000e-08  3.30000000e+00  4.14500000e-08  3.30000000e+00  4.14500000e-08  3.29962739e+00  4.14500000e-08  3.29971251e+00  4.14500000e-08  0.00000000e+00  4.14500000e-08  0.00000000e+00 
 4.14700000e-08  3.30000000e+00  4.14700000e-08  3.30000000e+00  4.14700000e-08  3.29962821e+00  4.14700000e-08  3.29971314e+00  4.14700000e-08  0.00000000e+00  4.14700000e-08  0.00000000e+00 
 4.14900000e-08  3.30000000e+00  4.14900000e-08  3.30000000e+00  4.14900000e-08  3.29962901e+00  4.14900000e-08  3.29971377e+00  4.14900000e-08  0.00000000e+00  4.14900000e-08  0.00000000e+00 
 4.15100000e-08  3.30000000e+00  4.15100000e-08  3.30000000e+00  4.15100000e-08  3.29962982e+00  4.15100000e-08  3.29971439e+00  4.15100000e-08  0.00000000e+00  4.15100000e-08  0.00000000e+00 
 4.15300000e-08  3.30000000e+00  4.15300000e-08  3.30000000e+00  4.15300000e-08  3.29963062e+00  4.15300000e-08  3.29971502e+00  4.15300000e-08  0.00000000e+00  4.15300000e-08  0.00000000e+00 
 4.15500000e-08  3.30000000e+00  4.15500000e-08  3.30000000e+00  4.15500000e-08  3.29963143e+00  4.15500000e-08  3.29971564e+00  4.15500000e-08  0.00000000e+00  4.15500000e-08  0.00000000e+00 
 4.15700000e-08  3.30000000e+00  4.15700000e-08  3.30000000e+00  4.15700000e-08  3.29963222e+00  4.15700000e-08  3.29971626e+00  4.15700000e-08  0.00000000e+00  4.15700000e-08  0.00000000e+00 
 4.15900000e-08  3.30000000e+00  4.15900000e-08  3.30000000e+00  4.15900000e-08  3.29963302e+00  4.15900000e-08  3.29971687e+00  4.15900000e-08  0.00000000e+00  4.15900000e-08  0.00000000e+00 
 4.16100000e-08  3.30000000e+00  4.16100000e-08  3.30000000e+00  4.16100000e-08  3.29963381e+00  4.16100000e-08  3.29971749e+00  4.16100000e-08  0.00000000e+00  4.16100000e-08  0.00000000e+00 
 4.16300000e-08  3.30000000e+00  4.16300000e-08  3.30000000e+00  4.16300000e-08  3.29963460e+00  4.16300000e-08  3.29971810e+00  4.16300000e-08  0.00000000e+00  4.16300000e-08  0.00000000e+00 
 4.16500000e-08  3.30000000e+00  4.16500000e-08  3.30000000e+00  4.16500000e-08  3.29963538e+00  4.16500000e-08  3.29971871e+00  4.16500000e-08  0.00000000e+00  4.16500000e-08  0.00000000e+00 
 4.16700000e-08  3.30000000e+00  4.16700000e-08  3.30000000e+00  4.16700000e-08  3.29963616e+00  4.16700000e-08  3.29971931e+00  4.16700000e-08  0.00000000e+00  4.16700000e-08  0.00000000e+00 
 4.16900000e-08  3.30000000e+00  4.16900000e-08  3.30000000e+00  4.16900000e-08  3.29963694e+00  4.16900000e-08  3.29971992e+00  4.16900000e-08  0.00000000e+00  4.16900000e-08  0.00000000e+00 
 4.17100000e-08  3.30000000e+00  4.17100000e-08  3.30000000e+00  4.17100000e-08  3.29963771e+00  4.17100000e-08  3.29972052e+00  4.17100000e-08  0.00000000e+00  4.17100000e-08  0.00000000e+00 
 4.17300000e-08  3.30000000e+00  4.17300000e-08  3.30000000e+00  4.17300000e-08  3.29963848e+00  4.17300000e-08  3.29972112e+00  4.17300000e-08  0.00000000e+00  4.17300000e-08  0.00000000e+00 
 4.17500000e-08  3.30000000e+00  4.17500000e-08  3.30000000e+00  4.17500000e-08  3.29963925e+00  4.17500000e-08  3.29972171e+00  4.17500000e-08  0.00000000e+00  4.17500000e-08  0.00000000e+00 
 4.17700000e-08  3.30000000e+00  4.17700000e-08  3.30000000e+00  4.17700000e-08  3.29964001e+00  4.17700000e-08  3.29972231e+00  4.17700000e-08  0.00000000e+00  4.17700000e-08  0.00000000e+00 
 4.17900000e-08  3.30000000e+00  4.17900000e-08  3.30000000e+00  4.17900000e-08  3.29964078e+00  4.17900000e-08  3.29972290e+00  4.17900000e-08  0.00000000e+00  4.17900000e-08  0.00000000e+00 
 4.18100000e-08  3.30000000e+00  4.18100000e-08  3.30000000e+00  4.18100000e-08  3.29964154e+00  4.18100000e-08  3.29972349e+00  4.18100000e-08  0.00000000e+00  4.18100000e-08  0.00000000e+00 
 4.18300000e-08  3.30000000e+00  4.18300000e-08  3.30000000e+00  4.18300000e-08  3.29964230e+00  4.18300000e-08  3.29972407e+00  4.18300000e-08  0.00000000e+00  4.18300000e-08  0.00000000e+00 
 4.18500000e-08  3.30000000e+00  4.18500000e-08  3.30000000e+00  4.18500000e-08  3.29964304e+00  4.18500000e-08  3.29972466e+00  4.18500000e-08  0.00000000e+00  4.18500000e-08  0.00000000e+00 
 4.18700000e-08  3.30000000e+00  4.18700000e-08  3.30000000e+00  4.18700000e-08  3.29964380e+00  4.18700000e-08  3.29972524e+00  4.18700000e-08  0.00000000e+00  4.18700000e-08  0.00000000e+00 
 4.18900000e-08  3.30000000e+00  4.18900000e-08  3.30000000e+00  4.18900000e-08  3.29964454e+00  4.18900000e-08  3.29972582e+00  4.18900000e-08  0.00000000e+00  4.18900000e-08  0.00000000e+00 
 4.19100000e-08  3.30000000e+00  4.19100000e-08  3.30000000e+00  4.19100000e-08  3.29964529e+00  4.19100000e-08  3.29972639e+00  4.19100000e-08  0.00000000e+00  4.19100000e-08  0.00000000e+00 
 4.19300000e-08  3.30000000e+00  4.19300000e-08  3.30000000e+00  4.19300000e-08  3.29964603e+00  4.19300000e-08  3.29972697e+00  4.19300000e-08  0.00000000e+00  4.19300000e-08  0.00000000e+00 
 4.19500000e-08  3.30000000e+00  4.19500000e-08  3.30000000e+00  4.19500000e-08  3.29964677e+00  4.19500000e-08  3.29972754e+00  4.19500000e-08  0.00000000e+00  4.19500000e-08  0.00000000e+00 
 4.19700000e-08  3.30000000e+00  4.19700000e-08  3.30000000e+00  4.19700000e-08  3.29964750e+00  4.19700000e-08  3.29972811e+00  4.19700000e-08  0.00000000e+00  4.19700000e-08  0.00000000e+00 
 4.19850000e-08  3.30000000e+00  4.19850000e-08  3.30000000e+00  4.19850000e-08  3.29964805e+00  4.19850000e-08  3.29972854e+00  4.19850000e-08  0.00000000e+00  4.19850000e-08  0.00000000e+00 
 4.20000000e-08  3.30000000e+00  4.20000000e-08  3.30000000e+00  4.20000000e-08  3.29964860e+00  4.20000000e-08  3.29972896e+00  4.20000000e-08  2.18375682e-13  4.20000000e-08  0.00000000e+00 
 4.20020000e-08  3.30000799e+00  4.20020000e-08  3.30000799e+00  4.20020000e-08  3.30225916e+00  4.20020000e-08  3.30234150e+00  4.20020000e-08  6.60000000e-02  4.20020000e-08  0.00000000e+00 
 4.20060000e-08  3.30001877e+00  4.20060000e-08  3.30001878e+00  4.20060000e-08  3.30738918e+00  4.20060000e-08  3.30747379e+00  4.20060000e-08  1.98000000e-01  4.20060000e-08  0.00000000e+00 
 4.20140000e-08  3.30002102e+00  4.20140000e-08  3.30002103e+00  4.20140000e-08  3.31709029e+00  4.20140000e-08  3.31717971e+00  4.20140000e-08  4.62000000e-01  4.20140000e-08  0.00000000e+00 
 4.20300000e-08  3.30000807e+00  4.20300000e-08  3.30000811e+00  4.20300000e-08  3.33469020e+00  4.20300000e-08  3.33481053e+00  4.20300000e-08  9.90000000e-01  4.20300000e-08  0.00000000e+00 
 4.20500000e-08  3.30000027e+00  4.20500000e-08  3.30000026e+00  4.20500000e-08  3.35539685e+00  4.20500000e-08  3.35553649e+00  4.20500000e-08  1.65000000e+00  4.20500000e-08  0.00000000e+00 
 4.20700000e-08  3.30000258e+00  4.20700000e-08  3.30000248e+00  4.20700000e-08  3.37758350e+00  4.20700000e-08  3.37767085e+00  4.20700000e-08  2.31000000e+00  4.20700000e-08  0.00000000e+00 
 4.20850000e-08  3.30000059e+00  4.20850000e-08  3.30000048e+00  4.20850000e-08  3.39395175e+00  4.20850000e-08  3.39395560e+00  4.20850000e-08  2.80500000e+00  4.20850000e-08  0.00000000e+00 
 4.21000000e-08  3.29998554e+00  4.21000000e-08  3.29998538e+00  4.21000000e-08  3.40140604e+00  4.21000000e-08  3.40126496e+00  4.21000000e-08  3.30000000e+00  4.21000000e-08  0.00000000e+00 
 4.21020000e-08  3.29998503e+00  4.21020000e-08  3.29998479e+00  4.21020000e-08  3.40183387e+00  4.21020000e-08  3.40164550e+00  4.21020000e-08  3.30000000e+00  4.21020000e-08  0.00000000e+00 
 4.21060000e-08  3.29998523e+00  4.21060000e-08  3.29998486e+00  4.21060000e-08  3.40277206e+00  4.21060000e-08  3.40248125e+00  4.21060000e-08  3.30000000e+00  4.21060000e-08  0.00000000e+00 
 4.21140000e-08  3.29998915e+00  4.21140000e-08  3.29998867e+00  4.21140000e-08  3.40495869e+00  4.21140000e-08  3.40443781e+00  4.21140000e-08  3.30000000e+00  4.21140000e-08  0.00000000e+00 
 4.21300000e-08  3.29999752e+00  4.21300000e-08  3.29999712e+00  4.21300000e-08  3.41045988e+00  4.21300000e-08  3.40941642e+00  4.21300000e-08  3.30000000e+00  4.21300000e-08  0.00000000e+00 
 4.21500000e-08  3.30000129e+00  4.21500000e-08  3.30000125e+00  4.21500000e-08  3.41861130e+00  4.21500000e-08  3.41696380e+00  4.21500000e-08  3.30000000e+00  4.21500000e-08  0.00000000e+00 
 4.21700000e-08  3.29999933e+00  4.21700000e-08  3.29999979e+00  4.21700000e-08  3.42635335e+00  4.21700000e-08  3.42441303e+00  4.21700000e-08  3.30000000e+00  4.21700000e-08  0.00000000e+00 
 4.21900000e-08  3.29999634e+00  4.21900000e-08  3.29999720e+00  4.21900000e-08  3.43164381e+00  4.21900000e-08  3.42991270e+00  4.21900000e-08  3.30000000e+00  4.21900000e-08  0.00000000e+00 
 4.22100000e-08  3.29999394e+00  4.22100000e-08  3.29999494e+00  4.22100000e-08  3.43297030e+00  4.22100000e-08  3.43201542e+00  4.22100000e-08  3.30000000e+00  4.22100000e-08  0.00000000e+00 
 4.22300000e-08  3.29999290e+00  4.22300000e-08  3.29999383e+00  4.22300000e-08  3.42947693e+00  4.22300000e-08  3.42984674e+00  4.22300000e-08  3.30000000e+00  4.22300000e-08  0.00000000e+00 
 4.22500000e-08  3.29999254e+00  4.22500000e-08  3.29999327e+00  4.22500000e-08  3.42085116e+00  4.22500000e-08  3.42303834e+00  4.22500000e-08  3.30000000e+00  4.22500000e-08  0.00000000e+00 
 4.22700000e-08  3.29999312e+00  4.22700000e-08  3.29999355e+00  4.22700000e-08  3.40716546e+00  4.22700000e-08  3.41159661e+00  4.22700000e-08  3.30000000e+00  4.22700000e-08  0.00000000e+00 
 4.22900000e-08  3.29999419e+00  4.22900000e-08  3.29999435e+00  4.22900000e-08  3.38873528e+00  4.22900000e-08  3.39577216e+00  4.22900000e-08  3.30000000e+00  4.22900000e-08  0.00000000e+00 
 4.23100000e-08  3.29999543e+00  4.23100000e-08  3.29999539e+00  4.23100000e-08  3.36601239e+00  4.23100000e-08  3.37595642e+00  4.23100000e-08  3.30000000e+00  4.23100000e-08  0.00000000e+00 
 4.23300000e-08  3.29999662e+00  4.23300000e-08  3.29999648e+00  4.23300000e-08  3.33950905e+00  4.23300000e-08  3.35260639e+00  4.23300000e-08  3.30000000e+00  4.23300000e-08  0.00000000e+00 
 4.23500000e-08  3.29999763e+00  4.23500000e-08  3.29999747e+00  4.23500000e-08  3.30974737e+00  4.23500000e-08  3.32619430e+00  4.23500000e-08  3.30000000e+00  4.23500000e-08  0.00000000e+00 
 4.23700000e-08  3.29999842e+00  4.23700000e-08  3.29999829e+00  4.23700000e-08  3.27722744e+00  4.23700000e-08  3.29717568e+00  4.23700000e-08  3.30000000e+00  4.23700000e-08  0.00000000e+00 
 4.23900000e-08  3.29999902e+00  4.23900000e-08  3.29999892e+00  4.23900000e-08  3.24240702e+00  4.23900000e-08  3.26597190e+00  4.23900000e-08  3.30000000e+00  4.23900000e-08  0.00000000e+00 
 4.24100000e-08  3.29999946e+00  4.24100000e-08  3.29999940e+00  4.24100000e-08  3.20569403e+00  4.24100000e-08  3.23295904e+00  4.24100000e-08  3.30000000e+00  4.24100000e-08  0.00000000e+00 
 4.24300000e-08  3.29999978e+00  4.24300000e-08  3.29999974e+00  4.24300000e-08  3.16744175e+00  4.24300000e-08  3.19846677e+00  4.24300000e-08  3.30000000e+00  4.24300000e-08  0.00000000e+00 
 4.24500000e-08  3.30000002e+00  4.24500000e-08  3.29999998e+00  4.24500000e-08  3.12795055e+00  4.24500000e-08  3.16277655e+00  4.24500000e-08  3.30000000e+00  4.24500000e-08  0.00000000e+00 
 4.24700000e-08  3.30000019e+00  4.24700000e-08  3.30000016e+00  4.24700000e-08  3.08747308e+00  4.24700000e-08  3.12612600e+00  4.24700000e-08  3.30000000e+00  4.24700000e-08  0.00000000e+00 
 4.24900000e-08  3.30000030e+00  4.24900000e-08  3.30000028e+00  4.24900000e-08  3.04621989e+00  4.24900000e-08  3.08871374e+00  4.24900000e-08  3.30000000e+00  4.24900000e-08  0.00000000e+00 
 4.25100000e-08  3.30000036e+00  4.25100000e-08  3.30000035e+00  4.25100000e-08  3.00436509e+00  4.25100000e-08  3.05070435e+00  4.25100000e-08  3.30000000e+00  4.25100000e-08  0.00000000e+00 
 4.25300000e-08  3.30000040e+00  4.25300000e-08  3.30000039e+00  4.25300000e-08  2.96205158e+00  4.25300000e-08  3.01223318e+00  4.25300000e-08  3.30000000e+00  4.25300000e-08  0.00000000e+00 
 4.25500000e-08  3.30000042e+00  4.25500000e-08  3.30000041e+00  4.25500000e-08  2.91939639e+00  4.25500000e-08  2.97341121e+00  4.25500000e-08  3.30000000e+00  4.25500000e-08  0.00000000e+00 
 4.25700000e-08  3.30000043e+00  4.25700000e-08  3.30000042e+00  4.25700000e-08  2.87649483e+00  4.25700000e-08  2.93432892e+00  4.25700000e-08  3.30000000e+00  4.25700000e-08  0.00000000e+00 
 4.25900000e-08  3.30000044e+00  4.25900000e-08  3.30000042e+00  4.25900000e-08  2.83342467e+00  4.25900000e-08  2.89506006e+00  4.25900000e-08  3.30000000e+00  4.25900000e-08  0.00000000e+00 
 4.26100000e-08  3.30000043e+00  4.26100000e-08  3.30000041e+00  4.26100000e-08  2.79024913e+00  4.26100000e-08  2.85566452e+00  4.26100000e-08  3.30000000e+00  4.26100000e-08  0.00000000e+00 
 4.26300000e-08  3.30000043e+00  4.26300000e-08  3.30000040e+00  4.26300000e-08  2.74701984e+00  4.26300000e-08  2.81619111e+00  4.26300000e-08  3.30000000e+00  4.26300000e-08  0.00000000e+00 
 4.26500000e-08  3.30000042e+00  4.26500000e-08  3.30000039e+00  4.26500000e-08  2.70377890e+00  4.26500000e-08  2.77667944e+00  4.26500000e-08  3.30000000e+00  4.26500000e-08  0.00000000e+00 
 4.26700000e-08  3.30000041e+00  4.26700000e-08  3.30000038e+00  4.26700000e-08  2.66056088e+00  4.26700000e-08  2.73716195e+00  4.26700000e-08  3.30000000e+00  4.26700000e-08  0.00000000e+00 
 4.26900000e-08  3.30000040e+00  4.26900000e-08  3.30000037e+00  4.26900000e-08  2.61739419e+00  4.26900000e-08  2.69766507e+00  4.26900000e-08  3.30000000e+00  4.26900000e-08  0.00000000e+00 
 4.27100000e-08  3.30000039e+00  4.27100000e-08  3.30000036e+00  4.27100000e-08  2.57430243e+00  4.27100000e-08  2.65821062e+00  4.27100000e-08  3.30000000e+00  4.27100000e-08  0.00000000e+00 
 4.27300000e-08  3.30000038e+00  4.27300000e-08  3.30000035e+00  4.27300000e-08  2.53130525e+00  4.27300000e-08  2.61881659e+00  4.27300000e-08  3.30000000e+00  4.27300000e-08  0.00000000e+00 
 4.27500000e-08  3.30000037e+00  4.27500000e-08  3.30000034e+00  4.27500000e-08  2.48841931e+00  4.27500000e-08  2.57949802e+00  4.27500000e-08  3.30000000e+00  4.27500000e-08  0.00000000e+00 
 4.27700000e-08  3.30000036e+00  4.27700000e-08  3.30000032e+00  4.27700000e-08  2.44565876e+00  4.27700000e-08  2.54026749e+00  4.27700000e-08  3.30000000e+00  4.27700000e-08  0.00000000e+00 
 4.27900000e-08  3.30000035e+00  4.27900000e-08  3.30000031e+00  4.27900000e-08  2.40303595e+00  4.27900000e-08  2.50113578e+00  4.27900000e-08  3.30000000e+00  4.27900000e-08  0.00000000e+00 
 4.28100000e-08  3.30000034e+00  4.28100000e-08  3.30000031e+00  4.28100000e-08  2.36056168e+00  4.28100000e-08  2.46211211e+00  4.28100000e-08  3.30000000e+00  4.28100000e-08  0.00000000e+00 
 4.28300000e-08  3.30000033e+00  4.28300000e-08  3.30000030e+00  4.28300000e-08  2.31824576e+00  4.28300000e-08  2.42320463e+00  4.28300000e-08  3.30000000e+00  4.28300000e-08  0.00000000e+00 
 4.28500000e-08  3.30000032e+00  4.28500000e-08  3.30000029e+00  4.28500000e-08  2.27609711e+00  4.28500000e-08  2.38442054e+00  4.28500000e-08  3.30000000e+00  4.28500000e-08  0.00000000e+00 
 4.28700000e-08  3.30000032e+00  4.28700000e-08  3.30000028e+00  4.28700000e-08  2.23412416e+00  4.28700000e-08  2.34576645e+00  4.28700000e-08  3.30000000e+00  4.28700000e-08  0.00000000e+00 
 4.28900000e-08  3.30000031e+00  4.28900000e-08  3.30000027e+00  4.28900000e-08  2.19233492e+00  4.28900000e-08  2.30724842e+00  4.28900000e-08  3.30000000e+00  4.28900000e-08  0.00000000e+00 
 4.29100000e-08  3.30000031e+00  4.29100000e-08  3.30000027e+00  4.29100000e-08  2.15073732e+00  4.29100000e-08  2.26887227e+00  4.29100000e-08  3.30000000e+00  4.29100000e-08  0.00000000e+00 
 4.29300000e-08  3.30000030e+00  4.29300000e-08  3.30000026e+00  4.29300000e-08  2.10933915e+00  4.29300000e-08  2.23064354e+00  4.29300000e-08  3.30000000e+00  4.29300000e-08  0.00000000e+00 
 4.29500000e-08  3.30000030e+00  4.29500000e-08  3.30000026e+00  4.29500000e-08  2.06814843e+00  4.29500000e-08  2.19256779e+00  4.29500000e-08  3.30000000e+00  4.29500000e-08  0.00000000e+00 
 4.29700000e-08  3.30000030e+00  4.29700000e-08  3.30000025e+00  4.29700000e-08  2.02717328e+00  4.29700000e-08  2.15465047e+00  4.29700000e-08  3.30000000e+00  4.29700000e-08  0.00000000e+00 
 4.29900000e-08  3.30000030e+00  4.29900000e-08  3.30000025e+00  4.29900000e-08  1.98642224e+00  4.29900000e-08  2.11689722e+00  4.29900000e-08  3.30000000e+00  4.29900000e-08  0.00000000e+00 
 4.30100000e-08  3.30000030e+00  4.30100000e-08  3.30000025e+00  4.30100000e-08  1.94590410e+00  4.30100000e-08  2.07931372e+00  4.30100000e-08  3.30000000e+00  4.30100000e-08  0.00000000e+00 
 4.30300000e-08  3.30000030e+00  4.30300000e-08  3.30000025e+00  4.30300000e-08  1.90562796e+00  4.30300000e-08  2.04190593e+00  4.30300000e-08  3.30000000e+00  4.30300000e-08  0.00000000e+00 
 4.30500000e-08  3.30000030e+00  4.30500000e-08  3.30000025e+00  4.30500000e-08  1.86560274e+00  4.30500000e-08  2.00467991e+00  4.30500000e-08  3.30000000e+00  4.30500000e-08  0.00000000e+00 
 4.30700000e-08  3.30000030e+00  4.30700000e-08  3.30000024e+00  4.30700000e-08  1.82583634e+00  4.30700000e-08  1.96764203e+00  4.30700000e-08  3.30000000e+00  4.30700000e-08  0.00000000e+00 
 4.30900000e-08  3.30000030e+00  4.30900000e-08  3.30000024e+00  4.30900000e-08  1.78633363e+00  4.30900000e-08  1.93079872e+00  4.30900000e-08  3.30000000e+00  4.30900000e-08  0.00000000e+00 
 4.31100000e-08  3.30000029e+00  4.31100000e-08  3.30000024e+00  4.31100000e-08  1.74709757e+00  4.31100000e-08  1.89415659e+00  4.31100000e-08  3.30000000e+00  4.31100000e-08  0.00000000e+00 
 4.31300000e-08  3.30000029e+00  4.31300000e-08  3.30000024e+00  4.31300000e-08  1.70812654e+00  4.31300000e-08  1.85772197e+00  4.31300000e-08  3.30000000e+00  4.31300000e-08  0.00000000e+00 
 4.31500000e-08  3.30000028e+00  4.31500000e-08  3.30000024e+00  4.31500000e-08  1.66941357e+00  4.31500000e-08  1.82150067e+00  4.31500000e-08  3.30000000e+00  4.31500000e-08  0.00000000e+00 
 4.31700000e-08  3.30000027e+00  4.31700000e-08  3.30000024e+00  4.31700000e-08  1.63094666e+00  4.31700000e-08  1.78549662e+00  4.31700000e-08  3.30000000e+00  4.31700000e-08  0.00000000e+00 
 4.31900000e-08  3.30000025e+00  4.31900000e-08  3.30000024e+00  4.31900000e-08  1.59271066e+00  4.31900000e-08  1.74971123e+00  4.31900000e-08  3.30000000e+00  4.31900000e-08  0.00000000e+00 
 4.32100000e-08  3.30000023e+00  4.32100000e-08  3.30000024e+00  4.32100000e-08  1.55468946e+00  4.32100000e-08  1.71414386e+00  4.32100000e-08  3.30000000e+00  4.32100000e-08  0.00000000e+00 
 4.32300000e-08  3.30000022e+00  4.32300000e-08  3.30000023e+00  4.32300000e-08  1.51686833e+00  4.32300000e-08  1.67879035e+00  4.32300000e-08  3.30000000e+00  4.32300000e-08  0.00000000e+00 
 4.32500000e-08  3.30000021e+00  4.32500000e-08  3.30000022e+00  4.32500000e-08  1.47923502e+00  4.32500000e-08  1.64364291e+00  4.32500000e-08  3.30000000e+00  4.32500000e-08  0.00000000e+00 
 4.32700000e-08  3.30000020e+00  4.32700000e-08  3.30000021e+00  4.32700000e-08  1.44178039e+00  4.32700000e-08  1.60869094e+00  4.32700000e-08  3.30000000e+00  4.32700000e-08  0.00000000e+00 
 4.32900000e-08  3.30000019e+00  4.32900000e-08  3.30000020e+00  4.32900000e-08  1.40449810e+00  4.32900000e-08  1.57392228e+00  4.32900000e-08  3.30000000e+00  4.32900000e-08  0.00000000e+00 
 4.33100000e-08  3.30000018e+00  4.33100000e-08  3.30000019e+00  4.33100000e-08  1.36738433e+00  4.33100000e-08  1.53932485e+00  4.33100000e-08  3.30000000e+00  4.33100000e-08  0.00000000e+00 
 4.33300000e-08  3.30000018e+00  4.33300000e-08  3.30000018e+00  4.33300000e-08  1.33043718e+00  4.33300000e-08  1.50488768e+00  4.33300000e-08  3.30000000e+00  4.33300000e-08  0.00000000e+00 
 4.33500000e-08  3.30000018e+00  4.33500000e-08  3.30000017e+00  4.33500000e-08  1.29365645e+00  4.33500000e-08  1.47060176e+00  4.33500000e-08  3.30000000e+00  4.33500000e-08  0.00000000e+00 
 4.33700000e-08  3.30000017e+00  4.33700000e-08  3.30000016e+00  4.33700000e-08  1.25704319e+00  4.33700000e-08  1.43646011e+00  4.33700000e-08  3.30000000e+00  4.33700000e-08  0.00000000e+00 
 4.33900000e-08  3.30000017e+00  4.33900000e-08  3.30000015e+00  4.33900000e-08  1.22059974e+00  4.33900000e-08  1.40245777e+00  4.33900000e-08  3.30000000e+00  4.33900000e-08  0.00000000e+00 
 4.34100000e-08  3.30000017e+00  4.34100000e-08  3.30000015e+00  4.34100000e-08  1.18432950e+00  4.34100000e-08  1.36859143e+00  4.34100000e-08  3.30000000e+00  4.34100000e-08  0.00000000e+00 
 4.34300000e-08  3.30000018e+00  4.34300000e-08  3.30000014e+00  4.34300000e-08  1.14823725e+00  4.34300000e-08  1.33485925e+00  4.34300000e-08  3.30000000e+00  4.34300000e-08  0.00000000e+00 
 4.34500000e-08  3.30000018e+00  4.34500000e-08  3.30000014e+00  4.34500000e-08  1.11232923e+00  4.34500000e-08  1.30126047e+00  4.34500000e-08  3.30000000e+00  4.34500000e-08  0.00000000e+00 
 4.34700000e-08  3.30000018e+00  4.34700000e-08  3.30000014e+00  4.34700000e-08  1.07661388e+00  4.34700000e-08  1.26779536e+00  4.34700000e-08  3.30000000e+00  4.34700000e-08  0.00000000e+00 
 4.34900000e-08  3.30000019e+00  4.34900000e-08  3.30000014e+00  4.34900000e-08  1.04110255e+00  4.34900000e-08  1.23446492e+00  4.34900000e-08  3.30000000e+00  4.34900000e-08  0.00000000e+00 
 4.35100000e-08  3.30000020e+00  4.35100000e-08  3.30000014e+00  4.35100000e-08  1.00581131e+00  4.35100000e-08  1.20127100e+00  4.35100000e-08  3.30000000e+00  4.35100000e-08  0.00000000e+00 
 4.35300000e-08  3.30000021e+00  4.35300000e-08  3.30000014e+00  4.35300000e-08  9.70763570e-01  4.35300000e-08  1.16821616e+00  4.35300000e-08  3.30000000e+00  4.35300000e-08  0.00000000e+00 
 4.35500000e-08  3.30000024e+00  4.35500000e-08  3.30000014e+00  4.35500000e-08  9.35995565e-01  4.35500000e-08  1.13530396e+00  4.35500000e-08  3.30000000e+00  4.35500000e-08  0.00000000e+00 
 4.35700000e-08  3.30000028e+00  4.35700000e-08  3.30000015e+00  4.35700000e-08  9.01566575e-01  4.35700000e-08  1.10253912e+00  4.35700000e-08  3.30000000e+00  4.35700000e-08  0.00000000e+00 
 4.35900000e-08  3.30000035e+00  4.35900000e-08  3.30000015e+00  4.35900000e-08  8.67581199e-01  4.35900000e-08  1.06992843e+00  4.35900000e-08  3.30000000e+00  4.35900000e-08  0.00000000e+00 
 4.36100000e-08  3.30000048e+00  4.36100000e-08  3.30000016e+00  4.36100000e-08  8.34240339e-01  4.36100000e-08  1.03748292e+00  4.36100000e-08  3.30000000e+00  4.36100000e-08  0.00000000e+00 
 4.36300000e-08  3.30000076e+00  4.36300000e-08  3.30000018e+00  4.36300000e-08  8.01963003e-01  4.36300000e-08  1.00522497e+00  4.36300000e-08  3.30000000e+00  4.36300000e-08  0.00000000e+00 
 4.36500000e-08  3.30000134e+00  4.36500000e-08  3.30000022e+00  4.36500000e-08  7.71595568e-01  4.36500000e-08  9.73201173e-01  4.36500000e-08  3.30000000e+00  4.36500000e-08  0.00000000e+00 
 4.36700000e-08  3.30000220e+00  4.36700000e-08  3.30000027e+00  4.36700000e-08  7.44394009e-01  4.36700000e-08  9.41472738e-01  4.36700000e-08  3.30000000e+00  4.36700000e-08  0.00000000e+00 
 4.36900000e-08  3.30000296e+00  4.36900000e-08  3.30000029e+00  4.36900000e-08  7.21381505e-01  4.36900000e-08  9.10065362e-01  4.36900000e-08  3.30000000e+00  4.36900000e-08  0.00000000e+00 
 4.37100000e-08  3.30000312e+00  4.37100000e-08  3.30000025e+00  4.37100000e-08  7.02662487e-01  4.37100000e-08  8.78948080e-01  4.37100000e-08  3.30000000e+00  4.37100000e-08  0.00000000e+00 
 4.37300000e-08  3.30000271e+00  4.37300000e-08  3.30000020e+00  4.37300000e-08  6.87559585e-01  4.37300000e-08  8.48081734e-01  4.37300000e-08  3.30000000e+00  4.37300000e-08  0.00000000e+00 
 4.37500000e-08  3.30000211e+00  4.37500000e-08  3.30000022e+00  4.37500000e-08  6.75199967e-01  4.37500000e-08  8.17515516e-01  4.37500000e-08  3.30000000e+00  4.37500000e-08  0.00000000e+00 
 4.37700000e-08  3.30000157e+00  4.37700000e-08  3.30000041e+00  4.37700000e-08  6.64860258e-01  4.37700000e-08  7.87552270e-01  4.37700000e-08  3.30000000e+00  4.37700000e-08  0.00000000e+00 
 4.37900000e-08  3.30000118e+00  4.37900000e-08  3.30000093e+00  4.37900000e-08  6.56025318e-01  4.37900000e-08  7.58961931e-01  4.37900000e-08  3.30000000e+00  4.37900000e-08  0.00000000e+00 
 4.38100000e-08  3.30000091e+00  4.38100000e-08  3.30000174e+00  4.38100000e-08  6.48333011e-01  4.38100000e-08  7.32910804e-01  4.38100000e-08  3.30000000e+00  4.38100000e-08  0.00000000e+00 
 4.38300000e-08  3.30000069e+00  4.38300000e-08  3.30000243e+00  4.38300000e-08  6.41505176e-01  4.38300000e-08  7.10335495e-01  4.38300000e-08  3.30000000e+00  4.38300000e-08  0.00000000e+00 
 4.38500000e-08  3.30000050e+00  4.38500000e-08  3.30000260e+00  4.38500000e-08  6.35311250e-01  4.38500000e-08  6.91363865e-01  4.38500000e-08  3.30000000e+00  4.38500000e-08  0.00000000e+00 
 4.38700000e-08  3.30000033e+00  4.38700000e-08  3.30000229e+00  4.38700000e-08  6.29560931e-01  4.38700000e-08  6.75455502e-01  4.38700000e-08  3.30000000e+00  4.38700000e-08  0.00000000e+00 
 4.38900000e-08  3.30000021e+00  4.38900000e-08  3.30000179e+00  4.38900000e-08  6.24102802e-01  4.38900000e-08  6.61890411e-01  4.38900000e-08  3.30000000e+00  4.38900000e-08  0.00000000e+00 
 4.39100000e-08  3.30000012e+00  4.39100000e-08  3.30000134e+00  4.39100000e-08  6.18822305e-01  4.39100000e-08  6.50057975e-01  4.39100000e-08  3.30000000e+00  4.39100000e-08  0.00000000e+00 
 4.39300000e-08  3.30000007e+00  4.39300000e-08  3.30000099e+00  4.39300000e-08  6.13637743e-01  4.39300000e-08  6.39513562e-01  4.39300000e-08  3.30000000e+00  4.39300000e-08  0.00000000e+00 
 4.39500000e-08  3.30000003e+00  4.39500000e-08  3.30000075e+00  4.39500000e-08  6.08494764e-01  4.39500000e-08  6.29947607e-01  4.39500000e-08  3.30000000e+00  4.39500000e-08  0.00000000e+00 
 4.39700000e-08  3.30000000e+00  4.39700000e-08  3.30000058e+00  4.39700000e-08  6.03360111e-01  4.39700000e-08  6.21144319e-01  4.39700000e-08  3.30000000e+00  4.39700000e-08  0.00000000e+00 
 4.39900000e-08  3.29999999e+00  4.39900000e-08  3.30000046e+00  4.39900000e-08  5.98216014e-01  4.39900000e-08  6.12949525e-01  4.39900000e-08  3.30000000e+00  4.39900000e-08  0.00000000e+00 
 4.40100000e-08  3.29999998e+00  4.40100000e-08  3.30000037e+00  4.40100000e-08  5.93055288e-01  4.40100000e-08  6.05251608e-01  4.40100000e-08  3.30000000e+00  4.40100000e-08  0.00000000e+00 
 4.40300000e-08  3.29999998e+00  4.40300000e-08  3.30000031e+00  4.40300000e-08  5.87877761e-01  4.40300000e-08  5.97967357e-01  4.40300000e-08  3.30000000e+00  4.40300000e-08  0.00000000e+00 
 4.40500000e-08  3.29999999e+00  4.40500000e-08  3.30000026e+00  4.40500000e-08  5.82687539e-01  4.40500000e-08  5.91031411e-01  4.40500000e-08  3.30000000e+00  4.40500000e-08  0.00000000e+00 
 4.40700000e-08  3.29999999e+00  4.40700000e-08  3.30000022e+00  4.40700000e-08  5.77491113e-01  4.40700000e-08  5.84392218e-01  4.40700000e-08  3.30000000e+00  4.40700000e-08  0.00000000e+00 
 4.40900000e-08  3.30000000e+00  4.40900000e-08  3.30000019e+00  4.40900000e-08  5.72295964e-01  4.40900000e-08  5.78008222e-01  4.40900000e-08  3.30000000e+00  4.40900000e-08  0.00000000e+00 
 4.41100000e-08  3.30000000e+00  4.41100000e-08  3.30000016e+00  4.41100000e-08  5.67109782e-01  4.41100000e-08  5.71845453e-01  4.41100000e-08  3.30000000e+00  4.41100000e-08  0.00000000e+00 
 4.41300000e-08  3.30000001e+00  4.41300000e-08  3.30000014e+00  4.41300000e-08  5.61939851e-01  4.41300000e-08  5.65875751e-01  4.41300000e-08  3.30000000e+00  4.41300000e-08  0.00000000e+00 
 4.41500000e-08  3.30000001e+00  4.41500000e-08  3.30000012e+00  4.41500000e-08  5.56792826e-01  4.41500000e-08  5.60075639e-01  4.41500000e-08  3.30000000e+00  4.41500000e-08  0.00000000e+00 
 4.41700000e-08  3.30000002e+00  4.41700000e-08  3.30000011e+00  4.41700000e-08  5.51674496e-01  4.41700000e-08  5.54425373e-01  4.41700000e-08  3.30000000e+00  4.41700000e-08  0.00000000e+00 
 4.41900000e-08  3.30000002e+00  4.41900000e-08  3.30000010e+00  4.41900000e-08  5.46589815e-01  4.41900000e-08  5.48908353e-01  4.41900000e-08  3.30000000e+00  4.41900000e-08  0.00000000e+00 
 4.42100000e-08  3.30000002e+00  4.42100000e-08  3.30000009e+00  4.42100000e-08  5.41542833e-01  4.42100000e-08  5.43510534e-01  4.42100000e-08  3.30000000e+00  4.42100000e-08  0.00000000e+00 
 4.42300000e-08  3.30000003e+00  4.42300000e-08  3.30000008e+00  4.42300000e-08  5.36536833e-01  4.42300000e-08  5.38220080e-01  4.42300000e-08  3.30000000e+00  4.42300000e-08  0.00000000e+00 
 4.42500000e-08  3.30000003e+00  4.42500000e-08  3.30000007e+00  4.42500000e-08  5.31574324e-01  4.42500000e-08  5.33026950e-01  4.42500000e-08  3.30000000e+00  4.42500000e-08  0.00000000e+00 
 4.42700000e-08  3.30000003e+00  4.42700000e-08  3.30000006e+00  4.42700000e-08  5.26657212e-01  4.42700000e-08  5.27922684e-01  4.42700000e-08  3.30000000e+00  4.42700000e-08  0.00000000e+00 
 4.42900000e-08  3.30000003e+00  4.42900000e-08  3.30000006e+00  4.42900000e-08  5.21786804e-01  4.42900000e-08  5.22900091e-01  4.42900000e-08  3.30000000e+00  4.42900000e-08  0.00000000e+00 
 4.43100000e-08  3.30000003e+00  4.43100000e-08  3.30000005e+00  4.43100000e-08  5.16963981e-01  4.43100000e-08  5.17953112e-01  4.43100000e-08  3.30000000e+00  4.43100000e-08  0.00000000e+00 
 4.43300000e-08  3.30000003e+00  4.43300000e-08  3.30000005e+00  4.43300000e-08  5.12189192e-01  4.43300000e-08  5.13076575e-01  4.43300000e-08  3.30000000e+00  4.43300000e-08  0.00000000e+00 
 4.43500000e-08  3.30000003e+00  4.43500000e-08  3.30000005e+00  4.43500000e-08  5.07462614e-01  4.43500000e-08  5.08266115e-01  4.43500000e-08  3.30000000e+00  4.43500000e-08  0.00000000e+00 
 4.43700000e-08  3.30000003e+00  4.43700000e-08  3.30000004e+00  4.43700000e-08  5.02784128e-01  4.43700000e-08  5.03517983e-01  4.43700000e-08  3.30000000e+00  4.43700000e-08  0.00000000e+00 
 4.43900000e-08  3.30000003e+00  4.43900000e-08  3.30000004e+00  4.43900000e-08  4.98153464e-01  4.43900000e-08  4.98828998e-01  4.43900000e-08  3.30000000e+00  4.43900000e-08  0.00000000e+00 
 4.44100000e-08  3.30000003e+00  4.44100000e-08  3.30000004e+00  4.44100000e-08  4.93570161e-01  4.44100000e-08  4.94196397e-01  4.44100000e-08  3.30000000e+00  4.44100000e-08  0.00000000e+00 
 4.44300000e-08  3.30000003e+00  4.44300000e-08  3.30000004e+00  4.44300000e-08  4.89033689e-01  4.44300000e-08  4.89617822e-01  4.44300000e-08  3.30000000e+00  4.44300000e-08  0.00000000e+00 
 4.44500000e-08  3.30000003e+00  4.44500000e-08  3.30000004e+00  4.44500000e-08  4.84543404e-01  4.44500000e-08  4.85091194e-01  4.44500000e-08  3.30000000e+00  4.44500000e-08  0.00000000e+00 
 4.44700000e-08  3.30000003e+00  4.44700000e-08  3.30000003e+00  4.44700000e-08  4.80098647e-01  4.44700000e-08  4.80614721e-01  4.44700000e-08  3.30000000e+00  4.44700000e-08  0.00000000e+00 
 4.44850000e-08  3.30000003e+00  4.44850000e-08  3.30000003e+00  4.44850000e-08  4.76794524e-01  4.44850000e-08  4.77289324e-01  4.44850000e-08  3.30000000e+00  4.44850000e-08  0.00000000e+00 
 4.45000000e-08  3.30000003e+00  4.45000000e-08  3.30000003e+00  4.45000000e-08  4.73515311e-01  4.45000000e-08  4.73990629e-01  4.45000000e-08  3.30000000e+00  4.45000000e-08  0.00000000e+00 
 4.45020000e-08  3.32133554e+00  4.45020000e-08  3.32133554e+00  4.45020000e-08  4.73171103e-01  4.45020000e-08  4.73644306e-01  4.45020000e-08  3.30000000e+00  4.45020000e-08  6.60000000e-02 
 4.45060000e-08  3.35610023e+00  4.45060000e-08  3.35610023e+00  4.45060000e-08  4.72451052e-01  4.45060000e-08  4.72920122e-01  4.45060000e-08  3.30000000e+00  4.45060000e-08  1.98000000e-01 
 4.45140000e-08  3.39509880e+00  4.45140000e-08  3.39509880e+00  4.45140000e-08  4.70885230e-01  4.45140000e-08  4.71346425e-01  4.45140000e-08  3.30000000e+00  4.45140000e-08  4.62000000e-01 
 4.45300000e-08  3.43011199e+00  4.45300000e-08  3.43011199e+00  4.45300000e-08  4.67431260e-01  4.45300000e-08  4.67876562e-01  4.45300000e-08  3.30000000e+00  4.45300000e-08  9.90000000e-01 
 4.45500000e-08  3.46573296e+00  4.45500000e-08  3.46573295e+00  4.45500000e-08  4.62198491e-01  4.45500000e-08  4.62618206e-01  4.45500000e-08  3.30000000e+00  4.45500000e-08  1.65000000e+00 
 4.45700000e-08  3.53471840e+00  4.45700000e-08  3.53471838e+00  4.45700000e-08  4.55992334e-01  4.45700000e-08  4.56376157e-01  4.45700000e-08  3.30000000e+00  4.45700000e-08  2.31000000e+00 
 4.45850000e-08  3.62531320e+00  4.45850000e-08  3.62531316e+00  4.45850000e-08  4.51458146e-01  4.45850000e-08  4.51811418e-01  4.45850000e-08  3.30000000e+00  4.45850000e-08  2.80500000e+00 
 4.46000000e-08  3.74052514e+00  4.46000000e-08  3.74052503e+00  4.46000000e-08  4.47678796e-01  4.46000000e-08  4.48005687e-01  4.46000000e-08  3.30000000e+00  4.46000000e-08  3.30000000e+00 
 4.46020000e-08  3.74049979e+00  4.46020000e-08  3.74049966e+00  4.46020000e-08  4.47174438e-01  4.46020000e-08  4.47498261e-01  4.46020000e-08  3.30000000e+00  4.46020000e-08  3.30000000e+00 
 4.46060000e-08  3.74044434e+00  4.46060000e-08  3.74044421e+00  4.46060000e-08  4.46214323e-01  4.46060000e-08  4.46532308e-01  4.46060000e-08  3.30000000e+00  4.46060000e-08  3.30000000e+00 
 4.46140000e-08  3.74033606e+00  4.46140000e-08  3.74033592e+00  4.46140000e-08  4.44501081e-01  4.46140000e-08  4.44809199e-01  4.46140000e-08  3.30000000e+00  4.46140000e-08  3.30000000e+00 
 4.46300000e-08  3.74012983e+00  4.46300000e-08  3.74012970e+00  4.46300000e-08  4.41429888e-01  4.46300000e-08  4.41724918e-01  4.46300000e-08  3.30000000e+00  4.46300000e-08  3.30000000e+00 
 4.46500000e-08  3.73987289e+00  4.46500000e-08  3.73987279e+00  4.46500000e-08  4.37723396e-01  4.46500000e-08  4.38010848e-01  4.46500000e-08  3.30000000e+00  4.46500000e-08  3.30000000e+00 
 4.46700000e-08  3.73960687e+00  4.46700000e-08  3.73960678e+00  4.46700000e-08  4.33934422e-01  4.46700000e-08  4.34218653e-01  4.46700000e-08  3.30000000e+00  4.46700000e-08  3.30000000e+00 
 4.46900000e-08  3.73933772e+00  4.46900000e-08  3.73933762e+00  4.46900000e-08  4.30072859e-01  4.46900000e-08  4.30354258e-01  4.46900000e-08  3.30000000e+00  4.46900000e-08  3.30000000e+00 
 4.47100000e-08  3.73906920e+00  4.47100000e-08  3.73906908e+00  4.47100000e-08  4.26194174e-01  4.47100000e-08  4.26471653e-01  4.47100000e-08  3.30000000e+00  4.47100000e-08  3.30000000e+00 
 4.47300000e-08  3.73880252e+00  4.47300000e-08  3.73880238e+00  4.47300000e-08  4.22330723e-01  4.47300000e-08  4.22603037e-01  4.47300000e-08  3.30000000e+00  4.47300000e-08  3.30000000e+00 
 4.47500000e-08  3.73853803e+00  4.47500000e-08  3.73853787e+00  4.47500000e-08  4.18495970e-01  4.47500000e-08  4.18762155e-01  4.47500000e-08  3.30000000e+00  4.47500000e-08  3.30000000e+00 
 4.47700000e-08  3.73827578e+00  4.47700000e-08  3.73827559e+00  4.47700000e-08  4.14694499e-01  4.47700000e-08  4.14953933e-01  4.47700000e-08  3.30000000e+00  4.47700000e-08  3.30000000e+00 
 4.47900000e-08  3.73801577e+00  4.47900000e-08  3.73801556e+00  4.47900000e-08  4.10927540e-01  4.47900000e-08  4.11179891e-01  4.47900000e-08  3.30000000e+00  4.47900000e-08  3.30000000e+00 
 4.48100000e-08  3.73775795e+00  4.48100000e-08  3.73775772e+00  4.48100000e-08  4.07195131e-01  4.48100000e-08  4.07440273e-01  4.48100000e-08  3.30000000e+00  4.48100000e-08  3.30000000e+00 
 4.48300000e-08  3.73750229e+00  4.48300000e-08  3.73750204e+00  4.48300000e-08  4.03496959e-01  4.48300000e-08  4.03734914e-01  4.48300000e-08  3.30000000e+00  4.48300000e-08  3.30000000e+00 
 4.48500000e-08  3.73724875e+00  4.48500000e-08  3.73724847e+00  4.48500000e-08  3.99832612e-01  4.48500000e-08  4.00063495e-01  4.48500000e-08  3.30000000e+00  4.48500000e-08  3.30000000e+00 
 4.48700000e-08  3.73699729e+00  4.48700000e-08  3.73699699e+00  4.48700000e-08  3.96201682e-01  4.48700000e-08  3.96425667e-01  4.48700000e-08  3.30000000e+00  4.48700000e-08  3.30000000e+00 
 4.48900000e-08  3.73674787e+00  4.48900000e-08  3.73674755e+00  4.48900000e-08  3.92603760e-01  4.48900000e-08  3.92821057e-01  4.48900000e-08  3.30000000e+00  4.48900000e-08  3.30000000e+00 
 4.49100000e-08  3.73650046e+00  4.49100000e-08  3.73650013e+00  4.49100000e-08  3.89038469e-01  4.49100000e-08  3.89249307e-01  4.49100000e-08  3.30000000e+00  4.49100000e-08  3.30000000e+00 
 4.49300000e-08  3.73625502e+00  4.49300000e-08  3.73625467e+00  4.49300000e-08  3.85505431e-01  4.49300000e-08  3.85710047e-01  4.49300000e-08  3.30000000e+00  4.49300000e-08  3.30000000e+00 
 4.49500000e-08  3.73601153e+00  4.49500000e-08  3.73601116e+00  4.49500000e-08  3.82004300e-01  4.49500000e-08  3.82202930e-01  4.49500000e-08  3.30000000e+00  4.49500000e-08  3.30000000e+00 
 4.49700000e-08  3.73576994e+00  4.49700000e-08  3.73576956e+00  4.49700000e-08  3.78534722e-01  4.49700000e-08  3.78727601e-01  4.49700000e-08  3.30000000e+00  4.49700000e-08  3.30000000e+00 
 4.49850000e-08  3.73558998e+00  4.49850000e-08  3.73558959e+00  4.49850000e-08  3.75953057e-01  4.49850000e-08  3.76141771e-01  4.49850000e-08  3.30000000e+00  4.49850000e-08  3.30000000e+00 
 4.50000000e-08  3.73541106e+00  4.50000000e-08  3.73541066e+00  4.50000000e-08  3.73388812e-01  4.50000000e-08  3.73573487e-01  4.50000000e-08  3.30000000e+00  4.50000000e-08  3.30000000e+00 
