 0.00000000e+00  3.30000000e+00  0.00000000e+00  3.30000000e+00  0.00000000e+00  3.29999988e+00  0.00000000e+00  3.29999989e+00  0.00000000e+00  0.00000000e+00  0.00000000e+00  0.00000000e+00 
 2.00000000e-13  3.30000000e+00  2.00000000e-13  3.30000000e+00  2.00000000e-13  3.29999988e+00  2.00000000e-13  3.29999989e+00  2.00000000e-13  0.00000000e+00  2.00000000e-13  0.00000000e+00 
 4.00000000e-13  3.30000000e+00  4.00000000e-13  3.30000000e+00  4.00000000e-13  3.29999988e+00  4.00000000e-13  3.29999989e+00  4.00000000e-13  0.00000000e+00  4.00000000e-13  0.00000000e+00 
 8.00000000e-13  3.30000000e+00  8.00000000e-13  3.30000000e+00  8.00000000e-13  3.29999988e+00  8.00000000e-13  3.29999989e+00  8.00000000e-13  0.00000000e+00  8.00000000e-13  0.00000000e+00 
 1.60000000e-12  3.30000000e+00  1.60000000e-12  3.30000000e+00  1.60000000e-12  3.29999988e+00  1.60000000e-12  3.29999990e+00  1.60000000e-12  0.00000000e+00  1.60000000e-12  0.00000000e+00 
 3.20000000e-12  3.30000000e+00  3.20000000e-12  3.30000000e+00  3.20000000e-12  3.29999988e+00  3.20000000e-12  3.29999990e+00  3.20000000e-12  0.00000000e+00  3.20000000e-12  0.00000000e+00 
 6.40000000e-12  3.30000000e+00  6.40000000e-12  3.30000000e+00  6.40000000e-12  3.29999988e+00  6.40000000e-12  3.29999991e+00  6.40000000e-12  0.00000000e+00  6.40000000e-12  0.00000000e+00 
 1.28000000e-11  3.30000000e+00  1.28000000e-11  3.30000000e+00  1.28000000e-11  3.29999988e+00  1.28000000e-11  3.29999992e+00  1.28000000e-11  0.00000000e+00  1.28000000e-11  0.00000000e+00 
 2.56000000e-11  3.30000000e+00  2.56000000e-11  3.30000000e+00  2.56000000e-11  3.29999988e+00  2.56000000e-11  3.29999995e+00  2.56000000e-11  0.00000000e+00  2.56000000e-11  0.00000000e+00 
 4.56000000e-11  3.30000000e+00  4.56000000e-11  3.30000000e+00  4.56000000e-11  3.29999988e+00  4.56000000e-11  3.29999999e+00  4.56000000e-11  0.00000000e+00  4.56000000e-11  0.00000000e+00 
 6.56000000e-11  3.30000000e+00  6.56000000e-11  3.30000000e+00  6.56000000e-11  3.29999988e+00  6.56000000e-11  3.30000002e+00  6.56000000e-11  0.00000000e+00  6.56000000e-11  0.00000000e+00 
 8.56000000e-11  3.30000000e+00  8.56000000e-11  3.30000000e+00  8.56000000e-11  3.29999988e+00  8.56000000e-11  3.30000005e+00  8.56000000e-11  0.00000000e+00  8.56000000e-11  0.00000000e+00 
 1.05600000e-10  3.30000000e+00  1.05600000e-10  3.30000000e+00  1.05600000e-10  3.29999988e+00  1.05600000e-10  3.30000007e+00  1.05600000e-10  0.00000000e+00  1.05600000e-10  0.00000000e+00 
 1.25600000e-10  3.30000000e+00  1.25600000e-10  3.30000000e+00  1.25600000e-10  3.29999988e+00  1.25600000e-10  3.30000009e+00  1.25600000e-10  0.00000000e+00  1.25600000e-10  0.00000000e+00 
 1.45600000e-10  3.30000000e+00  1.45600000e-10  3.30000000e+00  1.45600000e-10  3.29999988e+00  1.45600000e-10  3.30000010e+00  1.45600000e-10  0.00000000e+00  1.45600000e-10  0.00000000e+00 
 1.65600000e-10  3.30000000e+00  1.65600000e-10  3.30000000e+00  1.65600000e-10  3.29999988e+00  1.65600000e-10  3.30000011e+00  1.65600000e-10  0.00000000e+00  1.65600000e-10  0.00000000e+00 
 1.85600000e-10  3.30000000e+00  1.85600000e-10  3.30000000e+00  1.85600000e-10  3.29999988e+00  1.85600000e-10  3.30000012e+00  1.85600000e-10  0.00000000e+00  1.85600000e-10  0.00000000e+00 
 2.05600000e-10  3.30000000e+00  2.05600000e-10  3.30000000e+00  2.05600000e-10  3.29999988e+00  2.05600000e-10  3.30000013e+00  2.05600000e-10  0.00000000e+00  2.05600000e-10  0.00000000e+00 
 2.25600000e-10  3.30000000e+00  2.25600000e-10  3.30000000e+00  2.25600000e-10  3.29999988e+00  2.25600000e-10  3.30000013e+00  2.25600000e-10  0.00000000e+00  2.25600000e-10  0.00000000e+00 
 2.45600000e-10  3.30000000e+00  2.45600000e-10  3.30000000e+00  2.45600000e-10  3.29999988e+00  2.45600000e-10  3.30000014e+00  2.45600000e-10  0.00000000e+00  2.45600000e-10  0.00000000e+00 
 2.65600000e-10  3.30000000e+00  2.65600000e-10  3.30000000e+00  2.65600000e-10  3.29999988e+00  2.65600000e-10  3.30000014e+00  2.65600000e-10  0.00000000e+00  2.65600000e-10  0.00000000e+00 
 2.85600000e-10  3.30000000e+00  2.85600000e-10  3.30000000e+00  2.85600000e-10  3.29999988e+00  2.85600000e-10  3.30000014e+00  2.85600000e-10  0.00000000e+00  2.85600000e-10  0.00000000e+00 
 3.05600000e-10  3.30000000e+00  3.05600000e-10  3.30000000e+00  3.05600000e-10  3.29999988e+00  3.05600000e-10  3.30000014e+00  3.05600000e-10  0.00000000e+00  3.05600000e-10  0.00000000e+00 
 3.25600000e-10  3.30000000e+00  3.25600000e-10  3.30000000e+00  3.25600000e-10  3.29999988e+00  3.25600000e-10  3.30000015e+00  3.25600000e-10  0.00000000e+00  3.25600000e-10  0.00000000e+00 
 3.45600000e-10  3.30000000e+00  3.45600000e-10  3.30000000e+00  3.45600000e-10  3.29999988e+00  3.45600000e-10  3.30000015e+00  3.45600000e-10  0.00000000e+00  3.45600000e-10  0.00000000e+00 
 3.65600000e-10  3.30000000e+00  3.65600000e-10  3.30000000e+00  3.65600000e-10  3.29999988e+00  3.65600000e-10  3.30000015e+00  3.65600000e-10  0.00000000e+00  3.65600000e-10  0.00000000e+00 
 3.85600000e-10  3.30000000e+00  3.85600000e-10  3.30000000e+00  3.85600000e-10  3.29999988e+00  3.85600000e-10  3.30000015e+00  3.85600000e-10  0.00000000e+00  3.85600000e-10  0.00000000e+00 
 4.05600000e-10  3.30000000e+00  4.05600000e-10  3.30000000e+00  4.05600000e-10  3.29999988e+00  4.05600000e-10  3.30000015e+00  4.05600000e-10  0.00000000e+00  4.05600000e-10  0.00000000e+00 
 4.25600000e-10  3.30000000e+00  4.25600000e-10  3.30000000e+00  4.25600000e-10  3.29999988e+00  4.25600000e-10  3.30000015e+00  4.25600000e-10  0.00000000e+00  4.25600000e-10  0.00000000e+00 
 4.45600000e-10  3.30000000e+00  4.45600000e-10  3.30000000e+00  4.45600000e-10  3.29999988e+00  4.45600000e-10  3.30000015e+00  4.45600000e-10  0.00000000e+00  4.45600000e-10  0.00000000e+00 
 4.65600000e-10  3.30000000e+00  4.65600000e-10  3.30000000e+00  4.65600000e-10  3.29999988e+00  4.65600000e-10  3.30000015e+00  4.65600000e-10  0.00000000e+00  4.65600000e-10  0.00000000e+00 
 4.85600000e-10  3.30000000e+00  4.85600000e-10  3.30000000e+00  4.85600000e-10  3.29999988e+00  4.85600000e-10  3.30000015e+00  4.85600000e-10  0.00000000e+00  4.85600000e-10  0.00000000e+00 
 5.05600000e-10  3.30000000e+00  5.05600000e-10  3.30000000e+00  5.05600000e-10  3.29999988e+00  5.05600000e-10  3.30000015e+00  5.05600000e-10  0.00000000e+00  5.05600000e-10  0.00000000e+00 
 5.25600000e-10  3.30000000e+00  5.25600000e-10  3.30000000e+00  5.25600000e-10  3.29999988e+00  5.25600000e-10  3.30000015e+00  5.25600000e-10  0.00000000e+00  5.25600000e-10  0.00000000e+00 
 5.45600000e-10  3.30000000e+00  5.45600000e-10  3.30000000e+00  5.45600000e-10  3.29999988e+00  5.45600000e-10  3.30000015e+00  5.45600000e-10  0.00000000e+00  5.45600000e-10  0.00000000e+00 
 5.65600000e-10  3.30000000e+00  5.65600000e-10  3.30000000e+00  5.65600000e-10  3.29999988e+00  5.65600000e-10  3.30000015e+00  5.65600000e-10  0.00000000e+00  5.65600000e-10  0.00000000e+00 
 5.85600000e-10  3.30000000e+00  5.85600000e-10  3.30000000e+00  5.85600000e-10  3.29999988e+00  5.85600000e-10  3.30000015e+00  5.85600000e-10  0.00000000e+00  5.85600000e-10  0.00000000e+00 
 6.05600000e-10  3.30000000e+00  6.05600000e-10  3.30000000e+00  6.05600000e-10  3.29999988e+00  6.05600000e-10  3.30000015e+00  6.05600000e-10  0.00000000e+00  6.05600000e-10  0.00000000e+00 
 6.25600000e-10  3.30000000e+00  6.25600000e-10  3.30000000e+00  6.25600000e-10  3.29999988e+00  6.25600000e-10  3.30000015e+00  6.25600000e-10  0.00000000e+00  6.25600000e-10  0.00000000e+00 
 6.45600000e-10  3.30000000e+00  6.45600000e-10  3.30000000e+00  6.45600000e-10  3.29999988e+00  6.45600000e-10  3.30000015e+00  6.45600000e-10  0.00000000e+00  6.45600000e-10  0.00000000e+00 
 6.65600000e-10  3.30000000e+00  6.65600000e-10  3.30000000e+00  6.65600000e-10  3.29999988e+00  6.65600000e-10  3.30000015e+00  6.65600000e-10  0.00000000e+00  6.65600000e-10  0.00000000e+00 
 6.85600000e-10  3.30000000e+00  6.85600000e-10  3.30000000e+00  6.85600000e-10  3.29999988e+00  6.85600000e-10  3.30000015e+00  6.85600000e-10  0.00000000e+00  6.85600000e-10  0.00000000e+00 
 7.05600000e-10  3.30000000e+00  7.05600000e-10  3.30000000e+00  7.05600000e-10  3.29999988e+00  7.05600000e-10  3.30000015e+00  7.05600000e-10  0.00000000e+00  7.05600000e-10  0.00000000e+00 
 7.25600000e-10  3.30000000e+00  7.25600000e-10  3.30000000e+00  7.25600000e-10  3.29999988e+00  7.25600000e-10  3.30000015e+00  7.25600000e-10  0.00000000e+00  7.25600000e-10  0.00000000e+00 
 7.45600000e-10  3.30000000e+00  7.45600000e-10  3.30000000e+00  7.45600000e-10  3.29999988e+00  7.45600000e-10  3.30000015e+00  7.45600000e-10  0.00000000e+00  7.45600000e-10  0.00000000e+00 
 7.65600000e-10  3.30000000e+00  7.65600000e-10  3.30000000e+00  7.65600000e-10  3.29999988e+00  7.65600000e-10  3.30000015e+00  7.65600000e-10  0.00000000e+00  7.65600000e-10  0.00000000e+00 
 7.85600000e-10  3.30000000e+00  7.85600000e-10  3.30000000e+00  7.85600000e-10  3.29999988e+00  7.85600000e-10  3.30000015e+00  7.85600000e-10  0.00000000e+00  7.85600000e-10  0.00000000e+00 
 8.05600000e-10  3.30000000e+00  8.05600000e-10  3.30000000e+00  8.05600000e-10  3.29999988e+00  8.05600000e-10  3.30000015e+00  8.05600000e-10  0.00000000e+00  8.05600000e-10  0.00000000e+00 
 8.25600000e-10  3.30000000e+00  8.25600000e-10  3.30000000e+00  8.25600000e-10  3.29999988e+00  8.25600000e-10  3.30000015e+00  8.25600000e-10  0.00000000e+00  8.25600000e-10  0.00000000e+00 
 8.45600000e-10  3.30000000e+00  8.45600000e-10  3.30000000e+00  8.45600000e-10  3.29999988e+00  8.45600000e-10  3.30000015e+00  8.45600000e-10  0.00000000e+00  8.45600000e-10  0.00000000e+00 
 8.65600000e-10  3.30000000e+00  8.65600000e-10  3.30000000e+00  8.65600000e-10  3.29999988e+00  8.65600000e-10  3.30000015e+00  8.65600000e-10  0.00000000e+00  8.65600000e-10  0.00000000e+00 
 8.85600000e-10  3.30000000e+00  8.85600000e-10  3.30000000e+00  8.85600000e-10  3.29999988e+00  8.85600000e-10  3.30000015e+00  8.85600000e-10  0.00000000e+00  8.85600000e-10  0.00000000e+00 
 9.05600000e-10  3.30000000e+00  9.05600000e-10  3.30000000e+00  9.05600000e-10  3.29999988e+00  9.05600000e-10  3.30000015e+00  9.05600000e-10  0.00000000e+00  9.05600000e-10  0.00000000e+00 
 9.25600000e-10  3.30000000e+00  9.25600000e-10  3.30000000e+00  9.25600000e-10  3.29999988e+00  9.25600000e-10  3.30000015e+00  9.25600000e-10  0.00000000e+00  9.25600000e-10  0.00000000e+00 
 9.45600000e-10  3.30000000e+00  9.45600000e-10  3.30000000e+00  9.45600000e-10  3.29999988e+00  9.45600000e-10  3.30000015e+00  9.45600000e-10  0.00000000e+00  9.45600000e-10  0.00000000e+00 
 9.65600000e-10  3.30000000e+00  9.65600000e-10  3.30000000e+00  9.65600000e-10  3.29999988e+00  9.65600000e-10  3.30000015e+00  9.65600000e-10  0.00000000e+00  9.65600000e-10  0.00000000e+00 
 9.85600000e-10  3.30000000e+00  9.85600000e-10  3.30000000e+00  9.85600000e-10  3.29999988e+00  9.85600000e-10  3.30000015e+00  9.85600000e-10  0.00000000e+00  9.85600000e-10  0.00000000e+00 
 1.00560000e-09  3.30000000e+00  1.00560000e-09  3.30000000e+00  1.00560000e-09  3.29999988e+00  1.00560000e-09  3.30000015e+00  1.00560000e-09  0.00000000e+00  1.00560000e-09  0.00000000e+00 
 1.02560000e-09  3.30000000e+00  1.02560000e-09  3.30000000e+00  1.02560000e-09  3.29999988e+00  1.02560000e-09  3.30000015e+00  1.02560000e-09  0.00000000e+00  1.02560000e-09  0.00000000e+00 
 1.04560000e-09  3.30000000e+00  1.04560000e-09  3.30000000e+00  1.04560000e-09  3.29999988e+00  1.04560000e-09  3.30000015e+00  1.04560000e-09  0.00000000e+00  1.04560000e-09  0.00000000e+00 
 1.06560000e-09  3.30000000e+00  1.06560000e-09  3.30000000e+00  1.06560000e-09  3.29999988e+00  1.06560000e-09  3.30000015e+00  1.06560000e-09  0.00000000e+00  1.06560000e-09  0.00000000e+00 
 1.08560000e-09  3.30000000e+00  1.08560000e-09  3.30000000e+00  1.08560000e-09  3.29999988e+00  1.08560000e-09  3.30000015e+00  1.08560000e-09  0.00000000e+00  1.08560000e-09  0.00000000e+00 
 1.10560000e-09  3.30000000e+00  1.10560000e-09  3.30000000e+00  1.10560000e-09  3.29999988e+00  1.10560000e-09  3.30000015e+00  1.10560000e-09  0.00000000e+00  1.10560000e-09  0.00000000e+00 
 1.12560000e-09  3.30000000e+00  1.12560000e-09  3.30000000e+00  1.12560000e-09  3.29999988e+00  1.12560000e-09  3.30000015e+00  1.12560000e-09  0.00000000e+00  1.12560000e-09  0.00000000e+00 
 1.14560000e-09  3.30000000e+00  1.14560000e-09  3.30000000e+00  1.14560000e-09  3.29999988e+00  1.14560000e-09  3.30000015e+00  1.14560000e-09  0.00000000e+00  1.14560000e-09  0.00000000e+00 
 1.16560000e-09  3.30000000e+00  1.16560000e-09  3.30000000e+00  1.16560000e-09  3.29999988e+00  1.16560000e-09  3.30000015e+00  1.16560000e-09  0.00000000e+00  1.16560000e-09  0.00000000e+00 
 1.18560000e-09  3.30000000e+00  1.18560000e-09  3.30000000e+00  1.18560000e-09  3.29999988e+00  1.18560000e-09  3.30000015e+00  1.18560000e-09  0.00000000e+00  1.18560000e-09  0.00000000e+00 
 1.20560000e-09  3.30000000e+00  1.20560000e-09  3.30000000e+00  1.20560000e-09  3.29999988e+00  1.20560000e-09  3.30000015e+00  1.20560000e-09  0.00000000e+00  1.20560000e-09  0.00000000e+00 
 1.22560000e-09  3.30000000e+00  1.22560000e-09  3.30000000e+00  1.22560000e-09  3.29999988e+00  1.22560000e-09  3.30000015e+00  1.22560000e-09  0.00000000e+00  1.22560000e-09  0.00000000e+00 
 1.24560000e-09  3.30000000e+00  1.24560000e-09  3.30000000e+00  1.24560000e-09  3.29999988e+00  1.24560000e-09  3.30000015e+00  1.24560000e-09  0.00000000e+00  1.24560000e-09  0.00000000e+00 
 1.26560000e-09  3.30000000e+00  1.26560000e-09  3.30000000e+00  1.26560000e-09  3.29999988e+00  1.26560000e-09  3.30000015e+00  1.26560000e-09  0.00000000e+00  1.26560000e-09  0.00000000e+00 
 1.28560000e-09  3.30000000e+00  1.28560000e-09  3.30000000e+00  1.28560000e-09  3.29999988e+00  1.28560000e-09  3.30000015e+00  1.28560000e-09  0.00000000e+00  1.28560000e-09  0.00000000e+00 
 1.30560000e-09  3.30000000e+00  1.30560000e-09  3.30000000e+00  1.30560000e-09  3.29999988e+00  1.30560000e-09  3.30000015e+00  1.30560000e-09  0.00000000e+00  1.30560000e-09  0.00000000e+00 
 1.32560000e-09  3.30000000e+00  1.32560000e-09  3.30000000e+00  1.32560000e-09  3.29999988e+00  1.32560000e-09  3.30000015e+00  1.32560000e-09  0.00000000e+00  1.32560000e-09  0.00000000e+00 
 1.34560000e-09  3.30000000e+00  1.34560000e-09  3.30000000e+00  1.34560000e-09  3.29999988e+00  1.34560000e-09  3.30000015e+00  1.34560000e-09  0.00000000e+00  1.34560000e-09  0.00000000e+00 
 1.36560000e-09  3.30000000e+00  1.36560000e-09  3.30000000e+00  1.36560000e-09  3.29999988e+00  1.36560000e-09  3.30000015e+00  1.36560000e-09  0.00000000e+00  1.36560000e-09  0.00000000e+00 
 1.38560000e-09  3.30000000e+00  1.38560000e-09  3.30000000e+00  1.38560000e-09  3.29999988e+00  1.38560000e-09  3.30000015e+00  1.38560000e-09  0.00000000e+00  1.38560000e-09  0.00000000e+00 
 1.40560000e-09  3.30000000e+00  1.40560000e-09  3.30000000e+00  1.40560000e-09  3.29999988e+00  1.40560000e-09  3.30000015e+00  1.40560000e-09  0.00000000e+00  1.40560000e-09  0.00000000e+00 
 1.42560000e-09  3.30000000e+00  1.42560000e-09  3.30000000e+00  1.42560000e-09  3.29999988e+00  1.42560000e-09  3.30000015e+00  1.42560000e-09  0.00000000e+00  1.42560000e-09  0.00000000e+00 
 1.44560000e-09  3.30000000e+00  1.44560000e-09  3.30000000e+00  1.44560000e-09  3.29999988e+00  1.44560000e-09  3.30000015e+00  1.44560000e-09  0.00000000e+00  1.44560000e-09  0.00000000e+00 
 1.46560000e-09  3.30000000e+00  1.46560000e-09  3.30000000e+00  1.46560000e-09  3.29999988e+00  1.46560000e-09  3.30000015e+00  1.46560000e-09  0.00000000e+00  1.46560000e-09  0.00000000e+00 
 1.48560000e-09  3.30000000e+00  1.48560000e-09  3.30000000e+00  1.48560000e-09  3.29999988e+00  1.48560000e-09  3.30000015e+00  1.48560000e-09  0.00000000e+00  1.48560000e-09  0.00000000e+00 
 1.50560000e-09  3.30000000e+00  1.50560000e-09  3.30000000e+00  1.50560000e-09  3.29999988e+00  1.50560000e-09  3.30000015e+00  1.50560000e-09  0.00000000e+00  1.50560000e-09  0.00000000e+00 
 1.52560000e-09  3.30000000e+00  1.52560000e-09  3.30000000e+00  1.52560000e-09  3.29999988e+00  1.52560000e-09  3.30000015e+00  1.52560000e-09  0.00000000e+00  1.52560000e-09  0.00000000e+00 
 1.54560000e-09  3.30000000e+00  1.54560000e-09  3.30000000e+00  1.54560000e-09  3.29999988e+00  1.54560000e-09  3.30000015e+00  1.54560000e-09  0.00000000e+00  1.54560000e-09  0.00000000e+00 
 1.56560000e-09  3.30000000e+00  1.56560000e-09  3.30000000e+00  1.56560000e-09  3.29999988e+00  1.56560000e-09  3.30000015e+00  1.56560000e-09  0.00000000e+00  1.56560000e-09  0.00000000e+00 
 1.58560000e-09  3.30000000e+00  1.58560000e-09  3.30000000e+00  1.58560000e-09  3.29999988e+00  1.58560000e-09  3.30000015e+00  1.58560000e-09  0.00000000e+00  1.58560000e-09  0.00000000e+00 
 1.60560000e-09  3.30000000e+00  1.60560000e-09  3.30000000e+00  1.60560000e-09  3.29999988e+00  1.60560000e-09  3.30000015e+00  1.60560000e-09  0.00000000e+00  1.60560000e-09  0.00000000e+00 
 1.62560000e-09  3.30000000e+00  1.62560000e-09  3.30000000e+00  1.62560000e-09  3.29999988e+00  1.62560000e-09  3.30000015e+00  1.62560000e-09  0.00000000e+00  1.62560000e-09  0.00000000e+00 
 1.64560000e-09  3.30000000e+00  1.64560000e-09  3.30000000e+00  1.64560000e-09  3.29999988e+00  1.64560000e-09  3.30000015e+00  1.64560000e-09  0.00000000e+00  1.64560000e-09  0.00000000e+00 
 1.66560000e-09  3.30000000e+00  1.66560000e-09  3.30000000e+00  1.66560000e-09  3.29999988e+00  1.66560000e-09  3.30000015e+00  1.66560000e-09  0.00000000e+00  1.66560000e-09  0.00000000e+00 
 1.68560000e-09  3.30000000e+00  1.68560000e-09  3.30000000e+00  1.68560000e-09  3.29999988e+00  1.68560000e-09  3.30000015e+00  1.68560000e-09  0.00000000e+00  1.68560000e-09  0.00000000e+00 
 1.70560000e-09  3.30000000e+00  1.70560000e-09  3.30000000e+00  1.70560000e-09  3.29999988e+00  1.70560000e-09  3.30000015e+00  1.70560000e-09  0.00000000e+00  1.70560000e-09  0.00000000e+00 
 1.72560000e-09  3.30000000e+00  1.72560000e-09  3.30000000e+00  1.72560000e-09  3.29999988e+00  1.72560000e-09  3.30000015e+00  1.72560000e-09  0.00000000e+00  1.72560000e-09  0.00000000e+00 
 1.74560000e-09  3.30000000e+00  1.74560000e-09  3.30000000e+00  1.74560000e-09  3.29999988e+00  1.74560000e-09  3.30000015e+00  1.74560000e-09  0.00000000e+00  1.74560000e-09  0.00000000e+00 
 1.76560000e-09  3.30000000e+00  1.76560000e-09  3.30000000e+00  1.76560000e-09  3.29999988e+00  1.76560000e-09  3.30000015e+00  1.76560000e-09  0.00000000e+00  1.76560000e-09  0.00000000e+00 
 1.78560000e-09  3.30000000e+00  1.78560000e-09  3.30000000e+00  1.78560000e-09  3.29999988e+00  1.78560000e-09  3.30000015e+00  1.78560000e-09  0.00000000e+00  1.78560000e-09  0.00000000e+00 
 1.80560000e-09  3.30000000e+00  1.80560000e-09  3.30000000e+00  1.80560000e-09  3.29999988e+00  1.80560000e-09  3.30000015e+00  1.80560000e-09  0.00000000e+00  1.80560000e-09  0.00000000e+00 
 1.82560000e-09  3.30000000e+00  1.82560000e-09  3.30000000e+00  1.82560000e-09  3.29999988e+00  1.82560000e-09  3.30000015e+00  1.82560000e-09  0.00000000e+00  1.82560000e-09  0.00000000e+00 
 1.84560000e-09  3.30000000e+00  1.84560000e-09  3.30000000e+00  1.84560000e-09  3.29999988e+00  1.84560000e-09  3.30000015e+00  1.84560000e-09  0.00000000e+00  1.84560000e-09  0.00000000e+00 
 1.86560000e-09  3.30000000e+00  1.86560000e-09  3.30000000e+00  1.86560000e-09  3.29999988e+00  1.86560000e-09  3.30000015e+00  1.86560000e-09  0.00000000e+00  1.86560000e-09  0.00000000e+00 
 1.88560000e-09  3.30000000e+00  1.88560000e-09  3.30000000e+00  1.88560000e-09  3.29999988e+00  1.88560000e-09  3.30000015e+00  1.88560000e-09  0.00000000e+00  1.88560000e-09  0.00000000e+00 
 1.90560000e-09  3.30000000e+00  1.90560000e-09  3.30000000e+00  1.90560000e-09  3.29999988e+00  1.90560000e-09  3.30000015e+00  1.90560000e-09  0.00000000e+00  1.90560000e-09  0.00000000e+00 
 1.92560000e-09  3.30000000e+00  1.92560000e-09  3.30000000e+00  1.92560000e-09  3.29999988e+00  1.92560000e-09  3.30000015e+00  1.92560000e-09  0.00000000e+00  1.92560000e-09  0.00000000e+00 
 1.94560000e-09  3.30000000e+00  1.94560000e-09  3.30000000e+00  1.94560000e-09  3.29999988e+00  1.94560000e-09  3.30000015e+00  1.94560000e-09  0.00000000e+00  1.94560000e-09  0.00000000e+00 
 1.96560000e-09  3.30000000e+00  1.96560000e-09  3.30000000e+00  1.96560000e-09  3.29999988e+00  1.96560000e-09  3.30000015e+00  1.96560000e-09  0.00000000e+00  1.96560000e-09  0.00000000e+00 
 1.98280000e-09  3.30000000e+00  1.98280000e-09  3.30000000e+00  1.98280000e-09  3.29999988e+00  1.98280000e-09  3.30000015e+00  1.98280000e-09  0.00000000e+00  1.98280000e-09  0.00000000e+00 
 2.00000000e-09  3.30000000e+00  2.00000000e-09  3.30000000e+00  2.00000000e-09  3.29999988e+00  2.00000000e-09  3.30000015e+00  2.00000000e-09  0.00000000e+00  2.00000000e-09  0.00000000e+00 
 2.00200000e-09  3.30000713e+00  2.00200000e-09  3.30000713e+00  2.00200000e-09  3.30263575e+00  2.00200000e-09  3.30263627e+00  2.00200000e-09  6.60000000e-02  2.00200000e-09  0.00000000e+00 
 2.00600000e-09  3.30001662e+00  2.00600000e-09  3.30001662e+00  2.00600000e-09  3.30780902e+00  2.00600000e-09  3.30781003e+00  2.00600000e-09  1.98000000e-01  2.00600000e-09  0.00000000e+00 
 2.01400000e-09  3.30001846e+00  2.01400000e-09  3.30001846e+00  2.01400000e-09  3.31759756e+00  2.01400000e-09  3.31759942e+00  2.01400000e-09  4.62000000e-01  2.01400000e-09  0.00000000e+00 
 2.03000000e-09  3.30000705e+00  2.03000000e-09  3.30000705e+00  2.03000000e-09  3.33554711e+00  2.03000000e-09  3.33555071e+00  2.03000000e-09  9.90000000e-01  2.03000000e-09  0.00000000e+00 
 2.05000000e-09  3.29999980e+00  2.05000000e-09  3.29999980e+00  2.05000000e-09  3.35653508e+00  2.05000000e-09  3.35654032e+00  2.05000000e-09  1.65000000e+00  2.05000000e-09  0.00000000e+00 
 2.07000000e-09  3.30000115e+00  2.07000000e-09  3.30000115e+00  2.07000000e-09  3.37843007e+00  2.07000000e-09  3.37843568e+00  2.07000000e-09  2.31000000e+00  2.07000000e-09  0.00000000e+00 
 2.08500000e-09  3.29999951e+00  2.08500000e-09  3.29999951e+00  2.08500000e-09  3.39421025e+00  2.08500000e-09  3.39421489e+00  2.08500000e-09  2.80500000e+00  2.08500000e-09  0.00000000e+00 
 2.10000000e-09  3.29998755e+00  2.10000000e-09  3.29998754e+00  2.10000000e-09  3.40042565e+00  2.10000000e-09  3.40042612e+00  2.10000000e-09  3.30000000e+00  2.10000000e-09  0.00000000e+00 
 2.10200000e-09  3.29998665e+00  2.10200000e-09  3.29998665e+00  2.10200000e-09  3.40043377e+00  2.10200000e-09  3.40043274e+00  2.10200000e-09  3.30000000e+00  2.10200000e-09  0.00000000e+00 
 2.10600000e-09  3.29998598e+00  2.10600000e-09  3.29998597e+00  2.10600000e-09  3.40045485e+00  2.10600000e-09  3.40045029e+00  2.10600000e-09  3.30000000e+00  2.10600000e-09  0.00000000e+00 
 2.11400000e-09  3.29998837e+00  2.11400000e-09  3.29998835e+00  2.11400000e-09  3.40052018e+00  2.11400000e-09  3.40050598e+00  2.11400000e-09  3.30000000e+00  2.11400000e-09  0.00000000e+00 
 2.13000000e-09  3.29999512e+00  2.13000000e-09  3.29999509e+00  2.13000000e-09  3.40078272e+00  2.13000000e-09  3.40073317e+00  2.13000000e-09  3.30000000e+00  2.13000000e-09  0.00000000e+00 
 2.15000000e-09  3.29999956e+00  2.15000000e-09  3.29999950e+00  2.15000000e-09  3.40156904e+00  2.15000000e-09  3.40141780e+00  2.15000000e-09  3.30000000e+00  2.15000000e-09  0.00000000e+00 
 2.17000000e-09  3.30000102e+00  2.17000000e-09  3.30000088e+00  2.17000000e-09  3.40339950e+00  2.17000000e-09  3.40301555e+00  2.17000000e-09  3.30000000e+00  2.17000000e-09  0.00000000e+00 
 2.19000000e-09  3.30000206e+00  2.19000000e-09  3.30000182e+00  2.19000000e-09  3.40711933e+00  2.19000000e-09  3.40628169e+00  2.19000000e-09  3.30000000e+00  2.19000000e-09  0.00000000e+00 
 2.21000000e-09  3.30000277e+00  2.21000000e-09  3.30000251e+00  2.21000000e-09  3.41330910e+00  2.21000000e-09  3.41179220e+00  2.21000000e-09  3.30000000e+00  2.21000000e-09  0.00000000e+00 
 2.23000000e-09  3.30000224e+00  2.23000000e-09  3.30000216e+00  2.23000000e-09  3.42138022e+00  2.23000000e-09  3.41915010e+00  2.23000000e-09  3.30000000e+00  2.23000000e-09  0.00000000e+00 
 2.25000000e-09  3.30000030e+00  2.25000000e-09  3.30000056e+00  2.25000000e-09  3.42951980e+00  2.25000000e-09  3.42685455e+00  2.25000000e-09  3.30000000e+00  2.25000000e-09  0.00000000e+00 
 2.27000000e-09  3.29999797e+00  2.27000000e-09  3.29999851e+00  2.27000000e-09  3.43558904e+00  2.27000000e-09  3.43301484e+00  2.27000000e-09  3.30000000e+00  2.27000000e-09  0.00000000e+00 
 2.29000000e-09  3.29999595e+00  2.29000000e-09  3.29999665e+00  2.29000000e-09  3.43789415e+00  2.29000000e-09  3.43604263e+00  2.29000000e-09  3.30000000e+00  2.29000000e-09  0.00000000e+00 
 2.31000000e-09  3.29999471e+00  2.31000000e-09  3.29999539e+00  2.31000000e-09  3.43541859e+00  2.31000000e-09  3.43491593e+00  2.31000000e-09  3.30000000e+00  2.31000000e-09  0.00000000e+00 
 2.33000000e-09  3.29999422e+00  2.33000000e-09  3.29999491e+00  2.33000000e-09  3.42774445e+00  2.33000000e-09  3.42915496e+00  2.33000000e-09  3.30000000e+00  2.33000000e-09  0.00000000e+00 
 2.35000000e-09  3.29999405e+00  2.35000000e-09  3.29999463e+00  2.35000000e-09  3.41488953e+00  2.35000000e-09  3.41869567e+00  2.35000000e-09  3.30000000e+00  2.35000000e-09  0.00000000e+00 
 2.37000000e-09  3.29999437e+00  2.37000000e-09  3.29999483e+00  2.37000000e-09  3.39715351e+00  2.37000000e-09  3.40375551e+00  2.37000000e-09  3.30000000e+00  2.37000000e-09  0.00000000e+00 
 2.39000000e-09  3.29999493e+00  2.39000000e-09  3.29999529e+00  2.39000000e-09  3.37499549e+00  2.39000000e-09  3.38471842e+00  2.39000000e-09  3.30000000e+00  2.39000000e-09  0.00000000e+00 
 2.41000000e-09  3.29999562e+00  2.41000000e-09  3.29999587e+00  2.41000000e-09  3.34894323e+00  2.41000000e-09  3.36204804e+00  2.41000000e-09  3.30000000e+00  2.41000000e-09  0.00000000e+00 
 2.43000000e-09  3.29999636e+00  2.43000000e-09  3.29999652e+00  2.43000000e-09  3.31953672e+00  2.43000000e-09  3.33623102e+00  2.43000000e-09  3.30000000e+00  2.43000000e-09  0.00000000e+00 
 2.45000000e-09  3.29999709e+00  2.45000000e-09  3.29999716e+00  2.45000000e-09  3.28729348e+00  2.45000000e-09  3.30773997e+00  2.45000000e-09  3.30000000e+00  2.45000000e-09  0.00000000e+00 
 2.47000000e-09  3.29999778e+00  2.47000000e-09  3.29999778e+00  2.47000000e-09  3.25268418e+00  2.47000000e-09  3.27701002e+00  2.47000000e-09  3.30000000e+00  2.47000000e-09  0.00000000e+00 
 2.49000000e-09  3.29999841e+00  2.49000000e-09  3.29999835e+00  2.49000000e-09  3.21612552e+00  2.49000000e-09  3.24442683e+00  2.49000000e-09  3.30000000e+00  2.49000000e-09  0.00000000e+00 
 2.51000000e-09  3.29999895e+00  2.51000000e-09  3.29999885e+00  2.51000000e-09  3.17797763e+00  2.51000000e-09  3.21032669e+00  2.51000000e-09  3.30000000e+00  2.51000000e-09  0.00000000e+00 
 2.53000000e-09  3.29999940e+00  2.53000000e-09  3.29999927e+00  2.53000000e-09  3.13854681e+00  2.53000000e-09  3.17499601e+00  2.53000000e-09  3.30000000e+00  2.53000000e-09  0.00000000e+00 
 2.55000000e-09  3.29999974e+00  2.55000000e-09  3.29999961e+00  2.55000000e-09  3.09809098e+00  2.55000000e-09  3.13867615e+00  2.55000000e-09  3.30000000e+00  2.55000000e-09  0.00000000e+00 
 2.57000000e-09  3.29999999e+00  2.57000000e-09  3.29999987e+00  2.57000000e-09  3.05682540e+00  2.57000000e-09  3.10156868e+00  2.57000000e-09  3.30000000e+00  2.57000000e-09  0.00000000e+00 
 2.59000000e-09  3.30000016e+00  2.59000000e-09  3.30000006e+00  2.59000000e-09  3.01492866e+00  2.59000000e-09  3.06384088e+00  2.59000000e-09  3.30000000e+00  2.59000000e-09  0.00000000e+00 
 2.61000000e-09  3.30000028e+00  2.61000000e-09  3.30000019e+00  2.61000000e-09  2.97254794e+00  2.61000000e-09  3.02563072e+00  2.61000000e-09  3.30000000e+00  2.61000000e-09  0.00000000e+00 
 2.63000000e-09  3.30000035e+00  2.63000000e-09  3.30000027e+00  2.63000000e-09  2.92980414e+00  2.63000000e-09  2.98705158e+00  2.63000000e-09  3.30000000e+00  2.63000000e-09  0.00000000e+00 
 2.65000000e-09  3.30000039e+00  2.65000000e-09  3.30000033e+00  2.65000000e-09  2.88679614e+00  2.65000000e-09  2.94819623e+00  2.65000000e-09  3.30000000e+00  2.65000000e-09  0.00000000e+00 
 2.67000000e-09  3.30000041e+00  2.67000000e-09  3.30000036e+00  2.67000000e-09  2.84360477e+00  2.67000000e-09  2.90914048e+00  2.67000000e-09  3.30000000e+00  2.67000000e-09  0.00000000e+00 
 2.69000000e-09  3.30000042e+00  2.69000000e-09  3.30000037e+00  2.69000000e-09  2.80029591e+00  2.69000000e-09  2.86994609e+00  2.69000000e-09  3.30000000e+00  2.69000000e-09  0.00000000e+00 
 2.71000000e-09  3.30000042e+00  2.71000000e-09  3.30000038e+00  2.71000000e-09  2.75692339e+00  2.71000000e-09  2.83066343e+00  2.71000000e-09  3.30000000e+00  2.71000000e-09  0.00000000e+00 
 2.73000000e-09  3.30000042e+00  2.73000000e-09  3.30000038e+00  2.73000000e-09  2.71353112e+00  2.73000000e-09  2.79133353e+00  2.73000000e-09  3.30000000e+00  2.73000000e-09  0.00000000e+00 
 2.75000000e-09  3.30000041e+00  2.75000000e-09  3.30000037e+00  2.75000000e-09  2.67015514e+00  2.75000000e-09  2.75198992e+00  2.75000000e-09  3.30000000e+00  2.75000000e-09  0.00000000e+00 
 2.77000000e-09  3.30000040e+00  2.77000000e-09  3.30000037e+00  2.77000000e-09  2.62682499e+00  2.77000000e-09  2.71266000e+00  2.77000000e-09  3.30000000e+00  2.77000000e-09  0.00000000e+00 
 2.79000000e-09  3.30000039e+00  2.79000000e-09  3.30000036e+00  2.79000000e-09  2.58356511e+00  2.79000000e-09  2.67336633e+00  2.79000000e-09  3.30000000e+00  2.79000000e-09  0.00000000e+00 
 2.81000000e-09  3.30000038e+00  2.81000000e-09  3.30000035e+00  2.81000000e-09  2.54039575e+00  2.81000000e-09  2.63412747e+00  2.81000000e-09  3.30000000e+00  2.81000000e-09  0.00000000e+00 
 2.83000000e-09  3.30000037e+00  2.83000000e-09  3.30000034e+00  2.83000000e-09  2.49733391e+00  2.83000000e-09  2.59495889e+00  2.83000000e-09  3.30000000e+00  2.83000000e-09  0.00000000e+00 
 2.85000000e-09  3.30000036e+00  2.85000000e-09  3.30000033e+00  2.85000000e-09  2.45439385e+00  2.85000000e-09  2.55587348e+00  2.85000000e-09  3.30000000e+00  2.85000000e-09  0.00000000e+00 
 2.87000000e-09  3.30000035e+00  2.87000000e-09  3.30000032e+00  2.87000000e-09  2.41158779e+00  2.87000000e-09  2.51688219e+00  2.87000000e-09  3.30000000e+00  2.87000000e-09  0.00000000e+00 
 2.89000000e-09  3.30000034e+00  2.89000000e-09  3.30000031e+00  2.89000000e-09  2.36892622e+00  2.89000000e-09  2.47799432e+00  2.89000000e-09  3.30000000e+00  2.89000000e-09  0.00000000e+00 
 2.91000000e-09  3.30000033e+00  2.91000000e-09  3.30000030e+00  2.91000000e-09  2.32641841e+00  2.91000000e-09  2.43921795e+00  2.91000000e-09  3.30000000e+00  2.91000000e-09  0.00000000e+00 
 2.93000000e-09  3.30000032e+00  2.93000000e-09  3.30000029e+00  2.93000000e-09  2.28407261e+00  2.93000000e-09  2.40056012e+00  2.93000000e-09  3.30000000e+00  2.93000000e-09  0.00000000e+00 
 2.95000000e-09  3.30000032e+00  2.95000000e-09  3.30000028e+00  2.95000000e-09  2.24189656e+00  2.95000000e-09  2.36202713e+00  2.95000000e-09  3.30000000e+00  2.95000000e-09  0.00000000e+00 
 2.97000000e-09  3.30000031e+00  2.97000000e-09  3.30000027e+00  2.97000000e-09  2.19989772e+00  2.97000000e-09  2.32362459e+00  2.97000000e-09  3.30000000e+00  2.97000000e-09  0.00000000e+00 
 2.99000000e-09  3.30000031e+00  2.99000000e-09  3.30000027e+00  2.99000000e-09  2.15808370e+00  2.99000000e-09  2.28535772e+00  2.99000000e-09  3.30000000e+00  2.99000000e-09  0.00000000e+00 
 3.01000000e-09  3.30000030e+00  3.01000000e-09  3.30000026e+00  3.01000000e-09  2.11646227e+00  3.01000000e-09  2.24723133e+00  3.01000000e-09  3.30000000e+00  3.01000000e-09  0.00000000e+00 
 3.03000000e-09  3.30000030e+00  3.03000000e-09  3.30000026e+00  3.03000000e-09  2.07504050e+00  3.03000000e-09  2.20925016e+00  3.03000000e-09  3.30000000e+00  3.03000000e-09  0.00000000e+00 
 3.05000000e-09  3.30000030e+00  3.05000000e-09  3.30000025e+00  3.05000000e-09  2.03382745e+00  3.05000000e-09  2.17141886e+00  3.05000000e-09  3.30000000e+00  3.05000000e-09  0.00000000e+00 
 3.07000000e-09  3.30000030e+00  3.07000000e-09  3.30000025e+00  3.07000000e-09  1.99283327e+00  3.07000000e-09  2.13374238e+00  3.07000000e-09  3.30000000e+00  3.07000000e-09  0.00000000e+00 
 3.09000000e-09  3.30000030e+00  3.09000000e-09  3.30000024e+00  3.09000000e-09  1.95206864e+00  3.09000000e-09  2.09622594e+00  3.09000000e-09  3.30000000e+00  3.09000000e-09  0.00000000e+00 
 3.11000000e-09  3.30000030e+00  3.11000000e-09  3.30000024e+00  3.11000000e-09  1.91154462e+00  3.11000000e-09  2.05887426e+00  3.11000000e-09  3.30000000e+00  3.11000000e-09  0.00000000e+00 
 3.13000000e-09  3.30000030e+00  3.13000000e-09  3.30000024e+00  3.13000000e-09  1.87127202e+00  3.13000000e-09  2.02169302e+00  3.13000000e-09  3.30000000e+00  3.13000000e-09  0.00000000e+00 
 3.15000000e-09  3.30000030e+00  3.15000000e-09  3.30000024e+00  3.15000000e-09  1.83126071e+00  3.15000000e-09  1.98468918e+00  3.15000000e-09  3.30000000e+00  3.15000000e-09  0.00000000e+00 
 3.17000000e-09  3.30000030e+00  3.17000000e-09  3.30000024e+00  3.17000000e-09  1.79151838e+00  3.17000000e-09  1.94787011e+00  3.17000000e-09  3.30000000e+00  3.17000000e-09  0.00000000e+00 
 3.18500000e-09  3.30000030e+00  3.18500000e-09  3.30000024e+00  3.18500000e-09  1.76189086e+00  3.18500000e-09  1.92038172e+00  3.18500000e-09  3.30000000e+00  3.18500000e-09  0.00000000e+00 
 3.20000000e-09  3.30000030e+00  3.20000000e-09  3.30000024e+00  3.20000000e-09  1.73241707e+00  3.20000000e-09  1.89300489e+00  3.20000000e-09  3.30000000e+00  3.20000000e-09  0.00000000e+00 
 3.20200000e-09  3.32133118e+00  3.20200000e-09  3.32133102e+00  3.20200000e-09  1.72876087e+00  3.20200000e-09  1.88963701e+00  3.20200000e-09  3.30000000e+00  3.20200000e-09  6.60000000e-02 
 3.20600000e-09  3.35609619e+00  3.20600000e-09  3.35609562e+00  3.20600000e-09  1.72139419e+00  3.20600000e-09  1.88284252e+00  3.20600000e-09  3.30000000e+00  3.20600000e-09  1.98000000e-01 
 3.21400000e-09  3.39509643e+00  3.21400000e-09  3.39509594e+00  3.21400000e-09  1.70642493e+00  3.21400000e-09  1.86900098e+00  3.21400000e-09  3.30000000e+00  3.21400000e-09  4.62000000e-01 
 3.23000000e-09  3.43010979e+00  3.23000000e-09  3.43010989e+00  3.23000000e-09  1.67560732e+00  3.23000000e-09  1.84034725e+00  3.23000000e-09  3.30000000e+00  3.23000000e-09  9.90000000e-01 
 3.25000000e-09  3.46572308e+00  3.25000000e-09  3.46572316e+00  3.25000000e-09  1.63338155e+00  3.25000000e-09  1.80037927e+00  3.25000000e-09  3.30000000e+00  3.25000000e-09  1.65000000e+00 
 3.27000000e-09  3.53469049e+00  3.27000000e-09  3.53469038e+00  3.27000000e-09  1.58505007e+00  3.27000000e-09  1.75396909e+00  3.27000000e-09  3.30000000e+00  3.27000000e-09  2.31000000e+00 
 3.28500000e-09  3.62527067e+00  3.28500000e-09  3.62534597e+00  3.28500000e-09  1.54654522e+00  3.28500000e-09  1.71589840e+00  3.28500000e-09  3.30000000e+00  3.28500000e-09  2.80500000e+00 
 3.30000000e-09  3.74166490e+00  3.30000000e-09  3.74323007e+00  3.30000000e-09  1.50091659e+00  3.30000000e-09  1.64816011e+00  3.30000000e-09  3.30000000e+00  3.30000000e-09  3.30000000e+00 
 3.30200000e-09  3.74195191e+00  3.30200000e-09  3.74350414e+00  3.30200000e-09  1.49296677e+00  3.30200000e-09  1.63868574e+00  3.30200000e-09  3.30000000e+00  3.30200000e-09  3.30000000e+00 
 3.30600000e-09  3.74249797e+00  3.30600000e-09  3.74390866e+00  3.30600000e-09  1.47683247e+00  3.30600000e-09  1.62066800e+00  3.30600000e-09  3.30000000e+00  3.30600000e-09  3.30000000e+00 
 3.31400000e-09  3.74316140e+00  3.31400000e-09  3.74400650e+00  3.31400000e-09  1.44645339e+00  3.31400000e-09  1.58892598e+00  3.31400000e-09  3.30000000e+00  3.31400000e-09  3.30000000e+00 
 3.33000000e-09  3.74272974e+00  3.33000000e-09  3.74192495e+00  3.33000000e-09  1.39566336e+00  3.33000000e-09  1.53807040e+00  3.33000000e-09  3.30000000e+00  3.33000000e-09  3.30000000e+00 
 3.35000000e-09  3.73967632e+00  3.35000000e-09  3.73588771e+00  3.35000000e-09  1.34633627e+00  3.35000000e-09  1.48959493e+00  3.35000000e-09  3.30000000e+00  3.35000000e-09  3.30000000e+00 
 3.37000000e-09  3.73488845e+00  3.37000000e-09  3.72750531e+00  3.37000000e-09  1.30536672e+00  3.37000000e-09  1.44967601e+00  3.37000000e-09  3.30000000e+00  3.37000000e-09  3.30000000e+00 
 3.39000000e-09  3.72950832e+00  3.39000000e-09  3.71811797e+00  3.39000000e-09  1.26803062e+00  3.39000000e-09  1.41348999e+00  3.39000000e-09  3.30000000e+00  3.39000000e-09  3.30000000e+00 
 3.41000000e-09  3.72505277e+00  3.41000000e-09  3.70553890e+00  3.41000000e-09  1.23233949e+00  3.41000000e-09  1.37900291e+00  3.41000000e-09  3.30000000e+00  3.41000000e-09  3.30000000e+00 
 3.43000000e-09  3.71678453e+00  3.43000000e-09  3.68184694e+00  3.43000000e-09  1.19749394e+00  3.43000000e-09  1.34554561e+00  3.43000000e-09  3.30000000e+00  3.43000000e-09  3.30000000e+00 
 3.45000000e-09  3.67752640e+00  3.45000000e-09  3.65297523e+00  3.45000000e-09  1.16315877e+00  3.45000000e-09  1.31299461e+00  3.45000000e-09  3.30000000e+00  3.45000000e-09  3.30000000e+00 
 3.47000000e-09  3.58197948e+00  3.47000000e-09  3.62569075e+00  3.47000000e-09  1.12920597e+00  3.47000000e-09  1.28135043e+00  3.47000000e-09  3.30000000e+00  3.47000000e-09  3.30000000e+00 
 3.49000000e-09  3.43253900e+00  3.49000000e-09  3.60038218e+00  3.49000000e-09  1.09558089e+00  3.49000000e-09  1.25045030e+00  3.49000000e-09  3.30000000e+00  3.49000000e-09  3.30000000e+00 
 3.51000000e-09  3.25013880e+00  3.51000000e-09  3.57680424e+00  3.51000000e-09  1.06226100e+00  3.51000000e-09  1.22009333e+00  3.51000000e-09  3.30000000e+00  3.51000000e-09  3.30000000e+00 
 3.53000000e-09  3.05198202e+00  3.53000000e-09  3.55407707e+00  3.53000000e-09  1.02923642e+00  3.53000000e-09  1.19013077e+00  3.53000000e-09  3.30000000e+00  3.53000000e-09  3.30000000e+00 
 3.55000000e-09  2.85070977e+00  3.55000000e-09  3.53128096e+00  3.55000000e-09  9.96502465e-01  3.55000000e-09  1.16046913e+00  3.55000000e-09  3.30000000e+00  3.55000000e-09  3.30000000e+00 
 3.57000000e-09  2.65526288e+00  3.57000000e-09  3.50753202e+00  3.57000000e-09  9.64060294e-01  3.57000000e-09  1.13104552e+00  3.57000000e-09  3.30000000e+00  3.57000000e-09  3.30000000e+00 
 3.59000000e-09  2.47499768e+00  3.59000000e-09  3.48158441e+00  3.59000000e-09  9.31918508e-01  3.59000000e-09  1.10180361e+00  3.59000000e-09  3.30000000e+00  3.59000000e-09  3.30000000e+00 
 3.61000000e-09  2.32449081e+00  3.61000000e-09  3.45269017e+00  3.61000000e-09  9.00101281e-01  3.61000000e-09  1.07266574e+00  3.61000000e-09  3.30000000e+00  3.61000000e-09  3.30000000e+00 
 3.63000000e-09  2.21028902e+00  3.63000000e-09  3.42285078e+00  3.63000000e-09  8.68659637e-01  3.63000000e-09  1.04359296e+00  3.63000000e-09  3.30000000e+00  3.63000000e-09  3.30000000e+00 
 3.65000000e-09  2.12363695e+00  3.65000000e-09  3.39537769e+00  3.65000000e-09  8.37709340e-01  3.65000000e-09  1.01463805e+00  3.65000000e-09  3.30000000e+00  3.65000000e-09  3.30000000e+00 
 3.67000000e-09  2.05401285e+00  3.67000000e-09  3.37115808e+00  3.67000000e-09  8.07515640e-01  3.67000000e-09  9.85900194e-01  3.67000000e-09  3.30000000e+00  3.67000000e-09  3.30000000e+00 
 3.69000000e-09  1.99523450e+00  3.69000000e-09  3.35010569e+00  3.69000000e-09  7.78651002e-01  3.69000000e-09  9.57468777e-01  3.69000000e-09  3.30000000e+00  3.69000000e-09  3.30000000e+00 
 3.71000000e-09  1.94445098e+00  3.71000000e-09  3.33202365e+00  3.71000000e-09  7.52083648e-01  3.71000000e-09  9.29417741e-01  3.71000000e-09  3.30000000e+00  3.71000000e-09  3.30000000e+00 
 3.73000000e-09  1.90019612e+00  3.73000000e-09  3.31675497e+00  3.73000000e-09  7.28835263e-01  3.73000000e-09  9.01765821e-01  3.73000000e-09  3.30000000e+00  3.73000000e-09  3.30000000e+00 
 3.75000000e-09  1.86179369e+00  3.75000000e-09  3.30413146e+00  3.75000000e-09  7.09365305e-01  3.75000000e-09  8.74446967e-01  3.75000000e-09  3.30000000e+00  3.75000000e-09  3.30000000e+00 
 3.77000000e-09  1.82876221e+00  3.77000000e-09  3.29399552e+00  3.77000000e-09  6.93389670e-01  3.77000000e-09  8.47354236e-01  3.77000000e-09  3.30000000e+00  3.77000000e-09  3.30000000e+00 
 3.79000000e-09  1.80066747e+00  3.79000000e-09  3.28607864e+00  3.79000000e-09  6.80240076e-01  3.79000000e-09  8.20429494e-01  3.79000000e-09  3.30000000e+00  3.79000000e-09  3.30000000e+00 
 3.81000000e-09  1.77705983e+00  3.81000000e-09  3.28010203e+00  3.81000000e-09  6.69245935e-01  3.81000000e-09  7.93770115e-01  3.81000000e-09  3.30000000e+00  3.81000000e-09  3.30000000e+00 
 3.83000000e-09  1.75750279e+00  3.83000000e-09  3.27582226e+00  3.83000000e-09  6.59884041e-01  3.83000000e-09  7.67772325e-01  3.83000000e-09  3.30000000e+00  3.83000000e-09  3.30000000e+00 
 3.85000000e-09  1.74161118e+00  3.85000000e-09  3.27301169e+00  3.85000000e-09  6.51770002e-01  3.85000000e-09  7.43194763e-01  3.85000000e-09  3.30000000e+00  3.85000000e-09  3.30000000e+00 
 3.87000000e-09  1.72901400e+00  3.87000000e-09  3.27144600e+00  3.87000000e-09  6.44618909e-01  3.87000000e-09  7.20904947e-01  3.87000000e-09  3.30000000e+00  3.87000000e-09  3.30000000e+00 
 3.89000000e-09  1.71928136e+00  3.89000000e-09  3.27088459e+00  3.89000000e-09  6.38192603e-01  3.89000000e-09  7.01412877e-01  3.89000000e-09  3.30000000e+00  3.89000000e-09  3.30000000e+00 
 3.91000000e-09  1.71188987e+00  3.91000000e-09  3.27107349e+00  3.91000000e-09  6.32283241e-01  3.91000000e-09  6.84663531e-01  3.91000000e-09  3.30000000e+00  3.91000000e-09  3.30000000e+00 
 3.93000000e-09  1.70629306e+00  3.93000000e-09  3.27178043e+00  3.93000000e-09  6.26728076e-01  3.93000000e-09  6.70239512e-01  3.93000000e-09  3.30000000e+00  3.93000000e-09  3.30000000e+00 
 3.95000000e-09  1.70200963e+00  3.95000000e-09  3.27281795e+00  3.95000000e-09  6.21403545e-01  3.95000000e-09  6.57645035e-01  3.95000000e-09  3.30000000e+00  3.95000000e-09  3.30000000e+00 
 3.97000000e-09  1.69866905e+00  3.97000000e-09  3.27405051e+00  3.97000000e-09  6.16217717e-01  3.97000000e-09  6.46450906e-01  3.97000000e-09  3.30000000e+00  3.97000000e-09  3.30000000e+00 
 3.99000000e-09  1.69600605e+00  3.99000000e-09  3.27538460e+00  3.99000000e-09  6.11106494e-01  3.99000000e-09  6.36339778e-01  3.99000000e-09  3.30000000e+00  3.99000000e-09  3.30000000e+00 
 4.01000000e-09  1.69383947e+00  4.01000000e-09  3.27675950e+00  4.01000000e-09  6.06025944e-01  4.01000000e-09  6.27084345e-01  4.01000000e-09  3.30000000e+00  4.01000000e-09  3.30000000e+00 
 4.03000000e-09  1.69204274e+00  4.03000000e-09  3.27813385e+00  4.03000000e-09  6.00949787e-01  4.03000000e-09  6.18511791e-01  4.03000000e-09  3.30000000e+00  4.03000000e-09  3.30000000e+00 
 4.05000000e-09  1.69052744e+00  4.05000000e-09  3.27948172e+00  4.05000000e-09  5.95862870e-01  4.05000000e-09  6.10495202e-01  4.05000000e-09  3.30000000e+00  4.05000000e-09  3.30000000e+00 
 4.07000000e-09  1.68922969e+00  4.07000000e-09  3.28078558e+00  4.07000000e-09  5.90759936e-01  4.07000000e-09  6.02939031e-01  4.07000000e-09  3.30000000e+00  4.07000000e-09  3.30000000e+00 
 4.09000000e-09  1.68810396e+00  4.09000000e-09  3.28203551e+00  4.09000000e-09  5.85640412e-01  4.09000000e-09  5.95769806e-01  4.09000000e-09  3.30000000e+00  4.09000000e-09  3.30000000e+00 
 4.11000000e-09  1.68711546e+00  4.11000000e-09  3.28322482e+00  4.11000000e-09  5.80508678e-01  4.11000000e-09  5.88929508e-01  4.11000000e-09  3.30000000e+00  4.11000000e-09  3.30000000e+00 
 4.13000000e-09  1.68623879e+00  4.13000000e-09  3.28435094e+00  4.13000000e-09  5.75370037e-01  4.13000000e-09  5.82371645e-01  4.13000000e-09  3.30000000e+00  4.13000000e-09  3.30000000e+00 
 4.15000000e-09  1.68545332e+00  4.15000000e-09  3.28541223e+00  4.15000000e-09  5.70232055e-01  4.15000000e-09  5.76058065e-01  4.15000000e-09  3.30000000e+00  4.15000000e-09  3.30000000e+00 
 4.17000000e-09  1.68474391e+00  4.17000000e-09  3.28640962e+00  4.17000000e-09  5.65101301e-01  4.17000000e-09  5.69957357e-01  4.17000000e-09  3.30000000e+00  4.17000000e-09  3.30000000e+00 
 4.19000000e-09  1.68409752e+00  4.19000000e-09  3.28734387e+00  4.19000000e-09  5.59985355e-01  4.19000000e-09  5.64043086e-01  4.19000000e-09  3.30000000e+00  4.19000000e-09  3.30000000e+00 
 4.21000000e-09  1.68350469e+00  4.21000000e-09  3.28821753e+00  4.21000000e-09  5.54889973e-01  4.21000000e-09  5.58293206e-01  4.21000000e-09  3.30000000e+00  4.21000000e-09  3.30000000e+00 
 4.23000000e-09  1.68295673e+00  4.23000000e-09  3.28903250e+00  4.23000000e-09  5.49821465e-01  4.23000000e-09  5.52688892e-01  4.23000000e-09  3.30000000e+00  4.23000000e-09  3.30000000e+00 
 4.25000000e-09  1.68244760e+00  4.25000000e-09  3.28979203e+00  4.25000000e-09  5.44784062e-01  4.25000000e-09  5.47214408e-01  4.25000000e-09  3.30000000e+00  4.25000000e-09  3.30000000e+00 
 4.27000000e-09  1.68197125e+00  4.27000000e-09  3.29049844e+00  4.27000000e-09  5.39782487e-01  4.27000000e-09  5.41856197e-01  4.27000000e-09  3.30000000e+00  4.27000000e-09  3.30000000e+00 
 4.29000000e-09  1.68152377e+00  4.29000000e-09  3.29115521e+00  4.29000000e-09  5.34819403e-01  4.29000000e-09  5.36602981e-01  4.29000000e-09  3.30000000e+00  4.29000000e-09  3.30000000e+00 
 4.31000000e-09  1.68110080e+00  4.31000000e-09  3.29176473e+00  4.31000000e-09  5.29898077e-01  4.31000000e-09  5.31444968e-01  4.31000000e-09  3.30000000e+00  4.31000000e-09  3.30000000e+00 
 4.33000000e-09  1.68069981e+00  4.33000000e-09  3.29233043e+00  4.33000000e-09  5.25019840e-01  4.33000000e-09  5.26374084e-01  4.33000000e-09  3.30000000e+00  4.33000000e-09  3.30000000e+00 
 4.35000000e-09  1.68031757e+00  4.35000000e-09  3.29285461e+00  4.35000000e-09  5.20186795e-01  4.35000000e-09  5.21383248e-01  4.35000000e-09  3.30000000e+00  4.35000000e-09  3.30000000e+00 
 4.37000000e-09  1.67995245e+00  4.37000000e-09  3.29334050e+00  4.37000000e-09  5.15399256e-01  4.37000000e-09  5.16466690e-01  4.37000000e-09  3.30000000e+00  4.37000000e-09  3.30000000e+00 
 4.39000000e-09  1.67960197e+00  4.39000000e-09  3.29379018e+00  4.39000000e-09  5.10658480e-01  4.39000000e-09  5.11619265e-01  4.39000000e-09  3.30000000e+00  4.39000000e-09  3.30000000e+00 
 4.41000000e-09  1.67926511e+00  4.41000000e-09  3.29420666e+00  4.41000000e-09  5.05964068e-01  4.41000000e-09  5.06836845e-01  4.41000000e-09  3.30000000e+00  4.41000000e-09  3.30000000e+00 
 4.43000000e-09  1.67893993e+00  4.43000000e-09  3.29459177e+00  4.43000000e-09  5.01316706e-01  4.43000000e-09  5.02115657e-01  4.43000000e-09  3.30000000e+00  4.43000000e-09  3.30000000e+00 
 4.45000000e-09  1.67862583e+00  4.45000000e-09  3.29494824e+00  4.45000000e-09  4.96715533e-01  4.45000000e-09  4.97452725e-01  4.45000000e-09  3.30000000e+00  4.45000000e-09  3.30000000e+00 
 4.47000000e-09  1.67832120e+00  4.47000000e-09  3.29527765e+00  4.47000000e-09  4.92160879e-01  4.47000000e-09  4.92845235e-01  4.47000000e-09  3.30000000e+00  4.47000000e-09  3.30000000e+00 
 4.49000000e-09  1.67802577e+00  4.49000000e-09  3.29558247e+00  4.49000000e-09  4.87651608e-01  4.49000000e-09  4.88291016e-01  4.49000000e-09  3.30000000e+00  4.49000000e-09  3.30000000e+00 
 4.51000000e-09  1.67773818e+00  4.51000000e-09  3.29586402e+00  4.51000000e-09  4.83187854e-01  4.51000000e-09  4.83787916e-01  4.51000000e-09  3.30000000e+00  4.51000000e-09  3.30000000e+00 
 4.53000000e-09  1.67745835e+00  4.53000000e-09  3.29612452e+00  4.53000000e-09  4.78768334e-01  4.53000000e-09  4.79334320e-01  4.53000000e-09  3.30000000e+00  4.53000000e-09  3.30000000e+00 
 4.55000000e-09  1.67718512e+00  4.55000000e-09  3.29636506e+00  4.55000000e-09  4.74393089e-01  4.55000000e-09  4.74928536e-01  4.55000000e-09  3.30000000e+00  4.55000000e-09  3.30000000e+00 
 4.57000000e-09  1.67691857e+00  4.57000000e-09  3.29658764e+00  4.57000000e-09  4.70060778e-01  4.57000000e-09  4.70569330e-01  4.57000000e-09  3.30000000e+00  4.57000000e-09  3.30000000e+00 
 4.59000000e-09  1.67665764e+00  4.59000000e-09  3.29679313e+00  4.59000000e-09  4.65771417e-01  4.59000000e-09  4.66255329e-01  4.59000000e-09  3.30000000e+00  4.59000000e-09  3.30000000e+00 
 4.61000000e-09  1.67640255e+00  4.61000000e-09  3.29698333e+00  4.61000000e-09  4.61523654e-01  4.61000000e-09  4.61985567e-01  4.61000000e-09  3.30000000e+00  4.61000000e-09  3.30000000e+00 
 4.63000000e-09  1.67615233e+00  4.63000000e-09  3.29715891e+00  4.63000000e-09  4.57317517e-01  4.63000000e-09  4.57758891e-01  4.63000000e-09  3.30000000e+00  4.63000000e-09  3.30000000e+00 
 4.65000000e-09  1.67590728e+00  4.65000000e-09  3.29732150e+00  4.65000000e-09  4.53151676e-01  4.65000000e-09  4.53574528e-01  4.65000000e-09  3.30000000e+00  4.65000000e-09  3.30000000e+00 
 4.67000000e-09  1.67566651e+00  4.67000000e-09  3.29747160e+00  4.67000000e-09  4.49026191e-01  4.67000000e-09  4.49431481e-01  4.67000000e-09  3.30000000e+00  4.67000000e-09  3.30000000e+00 
 4.69000000e-09  1.67543037e+00  4.69000000e-09  3.29761067e+00  4.69000000e-09  4.44939767e-01  4.69000000e-09  4.45329113e-01  4.69000000e-09  3.30000000e+00  4.69000000e-09  3.30000000e+00 
 4.71000000e-09  1.67519803e+00  4.71000000e-09  3.29773907e+00  4.71000000e-09  4.40892504e-01  4.71000000e-09  4.41266544e-01  4.71000000e-09  3.30000000e+00  4.71000000e-09  3.30000000e+00 
 4.73000000e-09  1.67496990e+00  4.73000000e-09  3.29785814e+00  4.73000000e-09  4.36883145e-01  4.73000000e-09  4.37243239e-01  4.73000000e-09  3.30000000e+00  4.73000000e-09  3.30000000e+00 
 4.75000000e-09  1.67474518e+00  4.75000000e-09  3.29796810e+00  4.75000000e-09  4.32911834e-01  4.75000000e-09  4.33258405e-01  4.75000000e-09  3.30000000e+00  4.75000000e-09  3.30000000e+00 
 4.77000000e-09  1.67452431e+00  4.77000000e-09  3.29807015e+00  4.77000000e-09  4.28977354e-01  4.77000000e-09  4.29311585e-01  4.77000000e-09  3.30000000e+00  4.77000000e-09  3.30000000e+00 
 4.79000000e-09  1.67430653e+00  4.79000000e-09  3.29816443e+00  4.79000000e-09  4.25079890e-01  4.79000000e-09  4.25402051e-01  4.79000000e-09  3.30000000e+00  4.79000000e-09  3.30000000e+00 
 4.81000000e-09  1.67409231e+00  4.81000000e-09  3.29825203e+00  4.81000000e-09  4.21218259e-01  4.81000000e-09  4.21529408e-01  4.81000000e-09  3.30000000e+00  4.81000000e-09  3.30000000e+00 
 4.83000000e-09  1.67388092e+00  4.83000000e-09  3.29833299e+00  4.83000000e-09  4.17392686e-01  4.83000000e-09  4.17692984e-01  4.83000000e-09  3.30000000e+00  4.83000000e-09  3.30000000e+00 
 4.85000000e-09  1.67367284e+00  4.85000000e-09  3.29840831e+00  4.85000000e-09  4.13602021e-01  4.85000000e-09  4.13892430e-01  4.85000000e-09  3.30000000e+00  4.85000000e-09  3.30000000e+00 
 4.87000000e-09  1.67346736e+00  4.87000000e-09  3.29847796e+00  4.87000000e-09  4.09846520e-01  4.87000000e-09  4.10127119e-01  4.87000000e-09  3.30000000e+00  4.87000000e-09  3.30000000e+00 
 4.89000000e-09  1.67326500e+00  4.89000000e-09  3.29854286e+00  4.89000000e-09  4.06125067e-01  4.89000000e-09  4.06396742e-01  4.89000000e-09  3.30000000e+00  4.89000000e-09  3.30000000e+00 
 4.91000000e-09  1.67306504e+00  4.91000000e-09  3.29860290e+00  4.91000000e-09  4.02437944e-01  4.91000000e-09  4.02700707e-01  4.91000000e-09  3.30000000e+00  4.91000000e-09  3.30000000e+00 
 4.93000000e-09  1.67286802e+00  4.93000000e-09  3.29865894e+00  4.93000000e-09  3.98784061e-01  4.93000000e-09  3.99038740e-01  4.93000000e-09  3.30000000e+00  4.93000000e-09  3.30000000e+00 
 4.95000000e-09  1.67267325e+00  4.95000000e-09  3.29871082e+00  4.95000000e-09  3.95163727e-01  4.95000000e-09  3.95410279e-01  4.95000000e-09  3.30000000e+00  4.95000000e-09  3.30000000e+00 
 4.97000000e-09  1.67248125e+00  4.97000000e-09  3.29875934e+00  4.97000000e-09  3.91575874e-01  4.97000000e-09  3.91815079e-01  4.97000000e-09  3.30000000e+00  4.97000000e-09  3.30000000e+00 
 4.99000000e-09  1.67229137e+00  4.99000000e-09  3.29880429e+00  4.99000000e-09  3.88020834e-01  4.99000000e-09  3.88252602e-01  4.99000000e-09  3.30000000e+00  4.99000000e-09  3.30000000e+00 
 5.01000000e-09  1.67210413e+00  5.01000000e-09  3.29884642e+00  5.01000000e-09  3.84497558e-01  5.01000000e-09  3.84722629e-01  5.01000000e-09  3.30000000e+00  5.01000000e-09  3.30000000e+00 
 5.03000000e-09  1.67191887e+00  5.03000000e-09  3.29888548e+00  5.03000000e-09  3.81006399e-01  5.03000000e-09  3.81224644e-01  5.03000000e-09  3.30000000e+00  5.03000000e-09  3.30000000e+00 
 5.05000000e-09  1.67173614e+00  5.05000000e-09  3.29892219e+00  5.05000000e-09  3.77546324e-01  5.05000000e-09  3.77758448e-01  5.05000000e-09  3.30000000e+00  5.05000000e-09  3.30000000e+00 
 5.07000000e-09  1.67155529e+00  5.07000000e-09  3.29895624e+00  5.07000000e-09  3.74117704e-01  5.07000000e-09  3.74323545e-01  5.07000000e-09  3.30000000e+00  5.07000000e-09  3.30000000e+00 
 5.09000000e-09  1.67137686e+00  5.09000000e-09  3.29898833e+00  5.09000000e-09  3.70719522e-01  5.09000000e-09  3.70919755e-01  5.09000000e-09  3.30000000e+00  5.09000000e-09  3.30000000e+00 
 5.11000000e-09  1.67120020e+00  5.11000000e-09  3.29901813e+00  5.11000000e-09  3.67352162e-01  5.11000000e-09  3.67546598e-01  5.11000000e-09  3.30000000e+00  5.11000000e-09  3.30000000e+00 
 5.13000000e-09  1.67102588e+00  5.13000000e-09  3.29904629e+00  5.13000000e-09  3.64014623e-01  5.13000000e-09  3.64203910e-01  5.13000000e-09  3.30000000e+00  5.13000000e-09  3.30000000e+00 
 5.15000000e-09  1.67085325e+00  5.15000000e-09  3.29907247e+00  5.15000000e-09  3.60707302e-01  5.15000000e-09  3.60891226e-01  5.15000000e-09  3.30000000e+00  5.15000000e-09  3.30000000e+00 
 5.17000000e-09  1.67068286e+00  5.17000000e-09  3.29909729e+00  5.17000000e-09  3.57429208e-01  5.17000000e-09  3.57608395e-01  5.17000000e-09  3.30000000e+00  5.17000000e-09  3.30000000e+00 
 5.19000000e-09  1.67051408e+00  5.19000000e-09  3.29912037e+00  5.19000000e-09  3.54180753e-01  5.19000000e-09  3.54354966e-01  5.19000000e-09  3.30000000e+00  5.19000000e-09  3.30000000e+00 
 5.21000000e-09  1.67034748e+00  5.21000000e-09  3.29914234e+00  5.21000000e-09  3.50960955e-01  5.21000000e-09  3.51130802e-01  5.21000000e-09  3.30000000e+00  5.21000000e-09  3.30000000e+00 
 5.23000000e-09  1.67018240e+00  5.23000000e-09  3.29916280e+00  5.23000000e-09  3.47770236e-01  5.23000000e-09  3.47935462e-01  5.23000000e-09  3.30000000e+00  5.23000000e-09  3.30000000e+00 
 5.25000000e-09  1.67001944e+00  5.25000000e-09  3.29918234e+00  5.25000000e-09  3.44607626e-01  5.25000000e-09  3.44768820e-01  5.25000000e-09  3.30000000e+00  5.25000000e-09  3.30000000e+00 
 5.27000000e-09  1.66985794e+00  5.27000000e-09  3.29920054e+00  5.27000000e-09  3.41473555e-01  5.27000000e-09  3.41630445e-01  5.27000000e-09  3.30000000e+00  5.27000000e-09  3.30000000e+00 
 5.29000000e-09  1.66969848e+00  5.29000000e-09  3.29921800e+00  5.29000000e-09  3.38367061e-01  5.29000000e-09  3.38520222e-01  5.29000000e-09  3.30000000e+00  5.29000000e-09  3.30000000e+00 
 5.31000000e-09  1.66954043e+00  5.31000000e-09  3.29923429e+00  5.31000000e-09  3.35288585e-01  5.31000000e-09  3.35437731e-01  5.31000000e-09  3.30000000e+00  5.31000000e-09  3.30000000e+00 
 5.33000000e-09  1.66938436e+00  5.33000000e-09  3.29924997e+00  5.33000000e-09  3.32237173e-01  5.33000000e-09  3.32382863e-01  5.33000000e-09  3.30000000e+00  5.33000000e-09  3.30000000e+00 
 5.35000000e-09  1.66922964e+00  5.35000000e-09  3.29926461e+00  5.35000000e-09  3.29213271e-01  5.35000000e-09  3.29355207e-01  5.35000000e-09  3.30000000e+00  5.35000000e-09  3.30000000e+00 
 5.37000000e-09  1.66907684e+00  5.37000000e-09  3.29927877e+00  5.37000000e-09  3.26215934e-01  5.37000000e-09  3.26354665e-01  5.37000000e-09  3.30000000e+00  5.37000000e-09  3.30000000e+00 
 5.39000000e-09  1.66892535e+00  5.39000000e-09  3.29929200e+00  5.39000000e-09  3.23245617e-01  5.39000000e-09  3.23380832e-01  5.39000000e-09  3.30000000e+00  5.39000000e-09  3.30000000e+00 
 5.41000000e-09  1.66877572e+00  5.41000000e-09  3.29930485e+00  5.41000000e-09  3.20301379e-01  5.41000000e-09  3.20433616e-01  5.41000000e-09  3.30000000e+00  5.41000000e-09  3.30000000e+00 
 5.43000000e-09  1.66862735e+00  5.43000000e-09  3.29931687e+00  5.43000000e-09  3.17383682e-01  5.43000000e-09  3.17512620e-01  5.43000000e-09  3.30000000e+00  5.43000000e-09  3.30000000e+00 
 5.45000000e-09  1.66848081e+00  5.45000000e-09  3.29932859e+00  5.45000000e-09  3.14491593e-01  5.45000000e-09  3.14617761e-01  5.45000000e-09  3.30000000e+00  5.45000000e-09  3.30000000e+00 
 5.47000000e-09  1.66833547e+00  5.47000000e-09  3.29933956e+00  5.47000000e-09  3.11625578e-01  5.47000000e-09  3.11748646e-01  5.47000000e-09  3.30000000e+00  5.47000000e-09  3.30000000e+00 
 5.49000000e-09  1.66819191e+00  5.49000000e-09  3.29935032e+00  5.49000000e-09  3.08784711e-01  5.49000000e-09  3.08905199e-01  5.49000000e-09  3.30000000e+00  5.49000000e-09  3.30000000e+00 
 5.51000000e-09  1.66804951e+00  5.51000000e-09  3.29936038e+00  5.51000000e-09  3.05969464e-01  5.51000000e-09  3.06087035e-01  5.51000000e-09  3.30000000e+00  5.51000000e-09  3.30000000e+00 
 5.53000000e-09  1.66790886e+00  5.53000000e-09  3.29937030e+00  5.53000000e-09  3.03178916e-01  5.53000000e-09  3.03294081e-01  5.53000000e-09  3.30000000e+00  5.53000000e-09  3.30000000e+00 
 5.55000000e-09  1.66776932e+00  5.55000000e-09  3.29937958e+00  5.55000000e-09  3.00413544e-01  5.55000000e-09  3.00525958e-01  5.55000000e-09  3.30000000e+00  5.55000000e-09  3.30000000e+00 
 5.57000000e-09  1.66763148e+00  5.57000000e-09  3.29938877e+00  5.57000000e-09  2.97672432e-01  5.57000000e-09  2.97782600e-01  5.57000000e-09  3.30000000e+00  5.57000000e-09  3.30000000e+00 
 5.59000000e-09  1.66749473e+00  5.59000000e-09  3.29939738e+00  5.59000000e-09  2.94956062e-01  5.59000000e-09  2.95063632e-01  5.59000000e-09  3.30000000e+00  5.59000000e-09  3.30000000e+00 
 5.61000000e-09  1.66735964e+00  5.61000000e-09  3.29940593e+00  5.61000000e-09  2.92263522e-01  5.61000000e-09  2.92368995e-01  5.61000000e-09  3.30000000e+00  5.61000000e-09  3.30000000e+00 
 5.63000000e-09  1.66722559e+00  5.63000000e-09  3.29941395e+00  5.63000000e-09  2.89595301e-01  5.63000000e-09  2.89698318e-01  5.63000000e-09  3.30000000e+00  5.63000000e-09  3.30000000e+00 
 5.65000000e-09  1.66709317e+00  5.65000000e-09  3.29942195e+00  5.65000000e-09  2.86950490e-01  5.65000000e-09  2.87051545e-01  5.65000000e-09  3.30000000e+00  5.65000000e-09  3.30000000e+00 
 5.67000000e-09  1.66696176e+00  5.67000000e-09  3.29942945e+00  5.67000000e-09  2.84329583e-01  5.67000000e-09  2.84428311e-01  5.67000000e-09  3.30000000e+00  5.67000000e-09  3.30000000e+00 
 5.69000000e-09  1.66683195e+00  5.69000000e-09  3.29943696e+00  5.69000000e-09  2.81731673e-01  5.69000000e-09  2.81828566e-01  5.69000000e-09  3.30000000e+00  5.69000000e-09  3.30000000e+00 
 5.71000000e-09  1.66670311e+00  5.71000000e-09  3.29944401e+00  5.71000000e-09  2.79157260e-01  5.71000000e-09  2.79251947e-01  5.71000000e-09  3.30000000e+00  5.71000000e-09  3.30000000e+00 
 5.73000000e-09  1.66657584e+00  5.73000000e-09  3.29945110e+00  5.73000000e-09  2.76605443e-01  5.73000000e-09  2.76698410e-01  5.73000000e-09  3.30000000e+00  5.73000000e-09  3.30000000e+00 
 5.75000000e-09  1.66644951e+00  5.75000000e-09  3.29945775e+00  5.75000000e-09  2.74076723e-01  5.75000000e-09  2.74167596e-01  5.75000000e-09  3.30000000e+00  5.75000000e-09  3.30000000e+00 
 5.77000000e-09  1.66632471e+00  5.77000000e-09  3.29946446e+00  5.77000000e-09  2.71570203e-01  5.77000000e-09  2.71659463e-01  5.77000000e-09  3.30000000e+00  5.77000000e-09  3.30000000e+00 
 5.79000000e-09  1.66620083e+00  5.79000000e-09  3.29947075e+00  5.79000000e-09  2.69086388e-01  5.79000000e-09  2.69173659e-01  5.79000000e-09  3.30000000e+00  5.79000000e-09  3.30000000e+00 
 5.81000000e-09  1.66607845e+00  5.81000000e-09  3.29947714e+00  5.81000000e-09  2.66624387e-01  5.81000000e-09  2.66710144e-01  5.81000000e-09  3.30000000e+00  5.81000000e-09  3.30000000e+00 
 5.83000000e-09  1.66595696e+00  5.83000000e-09  3.29948311e+00  5.83000000e-09  2.64184707e-01  5.83000000e-09  2.64268570e-01  5.83000000e-09  3.30000000e+00  5.83000000e-09  3.30000000e+00 
 5.85000000e-09  1.66583694e+00  5.85000000e-09  3.29948920e+00  5.85000000e-09  2.61766460e-01  5.85000000e-09  2.61848902e-01  5.85000000e-09  3.30000000e+00  5.85000000e-09  3.30000000e+00 
 5.87000000e-09  1.66571778e+00  5.87000000e-09  3.29949490e+00  5.87000000e-09  2.59370157e-01  5.87000000e-09  2.59450795e-01  5.87000000e-09  3.30000000e+00  5.87000000e-09  3.30000000e+00 
 5.89000000e-09  1.66560007e+00  5.89000000e-09  3.29950072e+00  5.89000000e-09  2.56994913e-01  5.89000000e-09  2.57074216e-01  5.89000000e-09  3.30000000e+00  5.89000000e-09  3.30000000e+00 
 5.91000000e-09  1.66548319e+00  5.91000000e-09  3.29950617e+00  5.91000000e-09  2.54641243e-01  5.91000000e-09  2.54718825e-01  5.91000000e-09  3.30000000e+00  5.91000000e-09  3.30000000e+00 
 5.93000000e-09  1.66536773e+00  5.93000000e-09  3.29951175e+00  5.93000000e-09  2.52308265e-01  5.93000000e-09  2.52384593e-01  5.93000000e-09  3.30000000e+00  5.93000000e-09  3.30000000e+00 
 5.95000000e-09  1.66525308e+00  5.95000000e-09  3.29951697e+00  5.95000000e-09  2.49996499e-01  5.95000000e-09  2.50071182e-01  5.95000000e-09  3.30000000e+00  5.95000000e-09  3.30000000e+00 
 5.97000000e-09  1.66513983e+00  5.97000000e-09  3.29952234e+00  5.97000000e-09  2.47705063e-01  5.97000000e-09  2.47778568e-01  5.97000000e-09  3.30000000e+00  5.97000000e-09  3.30000000e+00 
 5.99000000e-09  1.66502736e+00  5.99000000e-09  3.29952736e+00  5.99000000e-09  2.45434482e-01  5.99000000e-09  2.45506414e-01  5.99000000e-09  3.30000000e+00  5.99000000e-09  3.30000000e+00 
 6.01000000e-09  1.66491626e+00  6.01000000e-09  3.29953253e+00  6.01000000e-09  2.43183877e-01  6.01000000e-09  2.43254701e-01  6.01000000e-09  3.30000000e+00  6.01000000e-09  3.30000000e+00 
 6.03000000e-09  1.66480593e+00  6.03000000e-09  3.29953736e+00  6.03000000e-09  2.40953775e-01  6.03000000e-09  2.41023095e-01  6.03000000e-09  3.30000000e+00  6.03000000e-09  3.30000000e+00 
 6.05000000e-09  1.66469694e+00  6.05000000e-09  3.29954236e+00  6.05000000e-09  2.38743303e-01  6.05000000e-09  2.38811578e-01  6.05000000e-09  3.30000000e+00  6.05000000e-09  3.30000000e+00 
 6.07000000e-09  1.66458868e+00  6.07000000e-09  3.29954702e+00  6.07000000e-09  2.36552988e-01  6.07000000e-09  2.36619822e-01  6.07000000e-09  3.30000000e+00  6.07000000e-09  3.30000000e+00 
 6.09000000e-09  1.66448176e+00  6.09000000e-09  3.29955185e+00  6.09000000e-09  2.34381960e-01  6.09000000e-09  2.34447811e-01  6.09000000e-09  3.30000000e+00  6.09000000e-09  3.30000000e+00 
 6.11000000e-09  1.66437555e+00  6.11000000e-09  3.29955636e+00  6.11000000e-09  2.32230751e-01  6.11000000e-09  2.32295220e-01  6.11000000e-09  3.30000000e+00  6.11000000e-09  3.30000000e+00 
 6.13000000e-09  1.66427064e+00  6.13000000e-09  3.29956104e+00  6.13000000e-09  2.30098492e-01  6.13000000e-09  2.30162035e-01  6.13000000e-09  3.30000000e+00  6.13000000e-09  3.30000000e+00 
 6.15000000e-09  1.66416643e+00  6.15000000e-09  3.29956540e+00  6.15000000e-09  2.27985718e-01  6.15000000e-09  2.28047934e-01  6.15000000e-09  3.30000000e+00  6.15000000e-09  3.30000000e+00 
 6.17000000e-09  1.66406350e+00  6.17000000e-09  3.29956994e+00  6.17000000e-09  2.25891564e-01  6.17000000e-09  2.25952908e-01  6.17000000e-09  3.30000000e+00  6.17000000e-09  3.30000000e+00 
 6.19000000e-09  1.66396125e+00  6.19000000e-09  3.29957417e+00  6.19000000e-09  2.23816566e-01  6.19000000e-09  2.23876636e-01  6.19000000e-09  3.30000000e+00  6.19000000e-09  3.30000000e+00 
 6.21000000e-09  1.66386026e+00  6.21000000e-09  3.29957859e+00  6.21000000e-09  2.21759863e-01  6.21000000e-09  2.21819111e-01  6.21000000e-09  3.30000000e+00  6.21000000e-09  3.30000000e+00 
 6.23000000e-09  1.66375992e+00  6.23000000e-09  3.29958269e+00  6.23000000e-09  2.19721994e-01  6.23000000e-09  2.19780017e-01  6.23000000e-09  3.30000000e+00  6.23000000e-09  3.30000000e+00 
 6.25000000e-09  1.66366083e+00  6.25000000e-09  3.29958699e+00  6.25000000e-09  2.17702100e-01  6.25000000e-09  2.17759348e-01  6.25000000e-09  3.30000000e+00  6.25000000e-09  3.30000000e+00 
 6.27000000e-09  1.66356237e+00  6.27000000e-09  3.29959097e+00  6.27000000e-09  2.15700722e-01  6.27000000e-09  2.15756791e-01  6.27000000e-09  3.30000000e+00  6.27000000e-09  3.30000000e+00 
 6.29000000e-09  1.66346514e+00  6.29000000e-09  3.29959516e+00  6.29000000e-09  2.13717005e-01  6.29000000e-09  2.13772344e-01  6.29000000e-09  3.30000000e+00  6.29000000e-09  3.30000000e+00 
 6.31000000e-09  1.66336852e+00  6.31000000e-09  3.29959903e+00  6.31000000e-09  2.11751491e-01  6.31000000e-09  2.11805694e-01  6.31000000e-09  3.30000000e+00  6.31000000e-09  3.30000000e+00 
 6.33000000e-09  1.66327310e+00  6.33000000e-09  3.29960311e+00  6.33000000e-09  2.09803329e-01  6.33000000e-09  2.09856844e-01  6.33000000e-09  3.30000000e+00  6.33000000e-09  3.30000000e+00 
 6.35000000e-09  1.66317829e+00  6.35000000e-09  3.29960689e+00  6.35000000e-09  2.07873064e-01  6.35000000e-09  2.07925483e-01  6.35000000e-09  3.30000000e+00  6.35000000e-09  3.30000000e+00 
 6.37000000e-09  1.66308466e+00  6.37000000e-09  3.29961086e+00  6.37000000e-09  2.05959845e-01  6.37000000e-09  2.06011615e-01  6.37000000e-09  3.30000000e+00  6.37000000e-09  3.30000000e+00 
 6.39000000e-09  1.66299161e+00  6.39000000e-09  3.29961454e+00  6.39000000e-09  2.04064220e-01  6.39000000e-09  2.04114934e-01  6.39000000e-09  3.30000000e+00  6.39000000e-09  3.30000000e+00 
 6.41000000e-09  1.66289973e+00  6.41000000e-09  3.29961843e+00  6.41000000e-09  2.02185343e-01  6.41000000e-09  2.02235446e-01  6.41000000e-09  3.30000000e+00  6.41000000e-09  3.30000000e+00 
 6.43000000e-09  1.66280841e+00  6.43000000e-09  3.29962201e+00  6.43000000e-09  2.00323764e-01  6.43000000e-09  2.00372845e-01  6.43000000e-09  3.30000000e+00  6.43000000e-09  3.30000000e+00 
 6.45000000e-09  1.66271825e+00  6.45000000e-09  3.29962581e+00  6.45000000e-09  1.98478636e-01  6.45000000e-09  1.98527142e-01  6.45000000e-09  3.30000000e+00  6.45000000e-09  3.30000000e+00 
 6.47000000e-09  1.66262863e+00  6.47000000e-09  3.29962931e+00  6.47000000e-09  1.96650514e-01  6.47000000e-09  1.96698033e-01  6.47000000e-09  3.30000000e+00  6.47000000e-09  3.30000000e+00 
 6.49000000e-09  1.66254015e+00  6.49000000e-09  3.29963301e+00  6.49000000e-09  1.94838554e-01  6.49000000e-09  1.94885531e-01  6.49000000e-09  3.30000000e+00  6.49000000e-09  3.30000000e+00 
 6.51000000e-09  1.66245220e+00  6.51000000e-09  3.29963643e+00  6.51000000e-09  1.93043312e-01  6.51000000e-09  1.93089334e-01  6.51000000e-09  3.30000000e+00  6.51000000e-09  3.30000000e+00 
 6.53000000e-09  1.66236536e+00  6.53000000e-09  3.29964006e+00  6.53000000e-09  1.91263947e-01  6.53000000e-09  1.91309458e-01  6.53000000e-09  3.30000000e+00  6.53000000e-09  3.30000000e+00 
 6.55000000e-09  1.66227904e+00  6.55000000e-09  3.29964339e+00  6.55000000e-09  1.89501016e-01  6.55000000e-09  1.89545603e-01  6.55000000e-09  3.30000000e+00  6.55000000e-09  3.30000000e+00 
 6.57000000e-09  1.66219382e+00  6.57000000e-09  3.29964694e+00  6.57000000e-09  1.87753682e-01  6.57000000e-09  1.87797787e-01  6.57000000e-09  3.30000000e+00  6.57000000e-09  3.30000000e+00 
 6.59000000e-09  1.66210910e+00  6.59000000e-09  3.29965020e+00  6.59000000e-09  1.86022504e-01  6.59000000e-09  1.86065715e-01  6.59000000e-09  3.30000000e+00  6.59000000e-09  3.30000000e+00 
 6.61000000e-09  1.66202547e+00  6.61000000e-09  3.29965367e+00  6.61000000e-09  1.84306646e-01  6.61000000e-09  1.84349403e-01  6.61000000e-09  3.30000000e+00  6.61000000e-09  3.30000000e+00 
 6.63000000e-09  1.66194232e+00  6.63000000e-09  3.29965686e+00  6.63000000e-09  1.82606670e-01  6.63000000e-09  1.82648560e-01  6.63000000e-09  3.30000000e+00  6.63000000e-09  3.30000000e+00 
 6.65000000e-09  1.66186025e+00  6.65000000e-09  3.29966026e+00  6.65000000e-09  1.80921743e-01  6.65000000e-09  1.80963206e-01  6.65000000e-09  3.30000000e+00  6.65000000e-09  3.30000000e+00 
 6.67000000e-09  1.66177864e+00  6.67000000e-09  3.29966337e+00  6.67000000e-09  1.79252428e-01  6.67000000e-09  1.79293050e-01  6.67000000e-09  3.30000000e+00  6.67000000e-09  3.30000000e+00 
 6.69000000e-09  1.66169809e+00  6.69000000e-09  3.29966670e+00  6.69000000e-09  1.77597895e-01  6.69000000e-09  1.77638115e-01  6.69000000e-09  3.30000000e+00  6.69000000e-09  3.30000000e+00 
 6.71000000e-09  1.66161799e+00  6.71000000e-09  3.29966975e+00  6.71000000e-09  1.75958709e-01  6.71000000e-09  1.75998113e-01  6.71000000e-09  3.30000000e+00  6.71000000e-09  3.30000000e+00 
 6.73000000e-09  1.66153894e+00  6.73000000e-09  3.29967301e+00  6.73000000e-09  1.74334041e-01  6.73000000e-09  1.74373068e-01  6.73000000e-09  3.30000000e+00  6.73000000e-09  3.30000000e+00 
 6.75000000e-09  1.66146032e+00  6.75000000e-09  3.29967599e+00  6.75000000e-09  1.72724460e-01  6.75000000e-09  1.72762694e-01  6.75000000e-09  3.30000000e+00  6.75000000e-09  3.30000000e+00 
 6.77000000e-09  1.66138273e+00  6.77000000e-09  3.29967919e+00  6.77000000e-09  1.71129139e-01  6.77000000e-09  1.71167018e-01  6.77000000e-09  3.30000000e+00  6.77000000e-09  3.30000000e+00 
 6.79000000e-09  1.66130557e+00  6.79000000e-09  3.29968211e+00  6.79000000e-09  1.69548647e-01  6.79000000e-09  1.69585755e-01  6.79000000e-09  3.30000000e+00  6.79000000e-09  3.30000000e+00 
 6.81000000e-09  1.66122943e+00  6.81000000e-09  3.29968524e+00  6.81000000e-09  1.67982160e-01  6.81000000e-09  1.68018936e-01  6.81000000e-09  3.30000000e+00  6.81000000e-09  3.30000000e+00 
 6.83000000e-09  1.66115369e+00  6.83000000e-09  3.29968809e+00  6.83000000e-09  1.66430251e-01  6.83000000e-09  1.66466277e-01  6.83000000e-09  3.30000000e+00  6.83000000e-09  3.30000000e+00 
 6.85000000e-09  1.66107896e+00  6.85000000e-09  3.29969117e+00  6.85000000e-09  1.64892097e-01  6.85000000e-09  1.64927810e-01  6.85000000e-09  3.30000000e+00  6.85000000e-09  3.30000000e+00 
 6.87000000e-09  1.66100463e+00  6.87000000e-09  3.29969396e+00  6.87000000e-09  1.63368271e-01  6.87000000e-09  1.63403255e-01  6.87000000e-09  3.30000000e+00  6.87000000e-09  3.30000000e+00 
 6.89000000e-09  1.66093128e+00  6.89000000e-09  3.29969698e+00  6.89000000e-09  1.61857954e-01  6.89000000e-09  1.61892645e-01  6.89000000e-09  3.30000000e+00  6.89000000e-09  3.30000000e+00 
 6.91000000e-09  1.66085832e+00  6.91000000e-09  3.29969971e+00  6.91000000e-09  1.60361721e-01  6.91000000e-09  1.60395701e-01  6.91000000e-09  3.30000000e+00  6.91000000e-09  3.30000000e+00 
 6.93000000e-09  1.66078633e+00  6.93000000e-09  3.29970267e+00  6.93000000e-09  1.58878754e-01  6.93000000e-09  1.58912461e-01  6.93000000e-09  3.30000000e+00  6.93000000e-09  3.30000000e+00 
 6.95000000e-09  1.66071472e+00  6.95000000e-09  3.29970535e+00  6.95000000e-09  1.57409631e-01  6.95000000e-09  1.57442646e-01  6.95000000e-09  3.30000000e+00  6.95000000e-09  3.30000000e+00 
 6.97000000e-09  1.66064407e+00  6.97000000e-09  3.29970825e+00  6.97000000e-09  1.55953536e-01  6.97000000e-09  1.55986295e-01  6.97000000e-09  3.30000000e+00  6.97000000e-09  3.30000000e+00 
 6.99000000e-09  1.66057378e+00  6.99000000e-09  3.29971087e+00  6.99000000e-09  1.54511049e-01  6.99000000e-09  1.54543132e-01  6.99000000e-09  3.30000000e+00  6.99000000e-09  3.30000000e+00 
 7.01000000e-09  1.66050444e+00  7.01000000e-09  3.29971372e+00  7.01000000e-09  1.53081355e-01  7.01000000e-09  1.53113199e-01  7.01000000e-09  3.30000000e+00  7.01000000e-09  3.30000000e+00 
 7.03000000e-09  1.66043545e+00  7.03000000e-09  3.29971629e+00  7.03000000e-09  1.51665035e-01  7.03000000e-09  1.51696222e-01  7.03000000e-09  3.30000000e+00  7.03000000e-09  3.30000000e+00 
 7.05000000e-09  1.66036740e+00  7.05000000e-09  3.29971908e+00  7.05000000e-09  1.50261279e-01  7.05000000e-09  1.50292242e-01  7.05000000e-09  3.30000000e+00  7.05000000e-09  3.30000000e+00 
 7.07000000e-09  1.66029968e+00  7.07000000e-09  3.29972160e+00  7.07000000e-09  1.48870668e-01  7.07000000e-09  1.48900989e-01  7.07000000e-09  3.30000000e+00  7.07000000e-09  3.30000000e+00 
 7.09000000e-09  1.66023289e+00  7.09000000e-09  3.29972434e+00  7.09000000e-09  1.47492393e-01  7.09000000e-09  1.47522506e-01  7.09000000e-09  3.30000000e+00  7.09000000e-09  3.30000000e+00 
 7.11000000e-09  1.66016642e+00  7.11000000e-09  3.29972680e+00  7.11000000e-09  1.46127039e-01  7.11000000e-09  1.46156525e-01  7.11000000e-09  3.30000000e+00  7.11000000e-09  3.30000000e+00 
 7.13000000e-09  1.66010086e+00  7.13000000e-09  3.29972949e+00  7.13000000e-09  1.44773798e-01  7.13000000e-09  1.44803091e-01  7.13000000e-09  3.30000000e+00  7.13000000e-09  3.30000000e+00 
 7.15000000e-09  1.66003562e+00  7.15000000e-09  3.29973191e+00  7.15000000e-09  1.43433256e-01  7.15000000e-09  1.43461937e-01  7.15000000e-09  3.30000000e+00  7.15000000e-09  3.30000000e+00 
 7.17000000e-09  1.65997128e+00  7.17000000e-09  3.29973455e+00  7.17000000e-09  1.42104607e-01  7.17000000e-09  1.42133109e-01  7.17000000e-09  3.30000000e+00  7.17000000e-09  3.30000000e+00 
 7.19000000e-09  1.65990725e+00  7.19000000e-09  3.29973691e+00  7.19000000e-09  1.40788441e-01  7.19000000e-09  1.40816343e-01  7.19000000e-09  3.30000000e+00  7.19000000e-09  3.30000000e+00 
 7.21000000e-09  1.65984410e+00  7.21000000e-09  3.29973951e+00  7.21000000e-09  1.39483951e-01  7.21000000e-09  1.39511688e-01  7.21000000e-09  3.30000000e+00  7.21000000e-09  3.30000000e+00 
 7.23000000e-09  1.65978125e+00  7.23000000e-09  3.29974182e+00  7.23000000e-09  1.38191729e-01  7.23000000e-09  1.38218881e-01  7.23000000e-09  3.30000000e+00  7.23000000e-09  3.30000000e+00 
 7.25000000e-09  1.65971927e+00  7.25000000e-09  3.29974437e+00  7.25000000e-09  1.36910973e-01  7.25000000e-09  1.36937972e-01  7.25000000e-09  3.30000000e+00  7.25000000e-09  3.30000000e+00 
 7.27000000e-09  1.65965758e+00  7.27000000e-09  3.29974664e+00  7.27000000e-09  1.35642273e-01  7.27000000e-09  1.35668699e-01  7.27000000e-09  3.30000000e+00  7.27000000e-09  3.30000000e+00 
 7.29000000e-09  1.65959675e+00  7.29000000e-09  3.29974914e+00  7.29000000e-09  1.34384830e-01  7.29000000e-09  1.34411115e-01  7.29000000e-09  3.30000000e+00  7.29000000e-09  3.30000000e+00 
 7.31000000e-09  1.65953619e+00  7.31000000e-09  3.29975136e+00  7.31000000e-09  1.33139236e-01  7.31000000e-09  1.33164961e-01  7.31000000e-09  3.30000000e+00  7.31000000e-09  3.30000000e+00 
 7.33000000e-09  1.65947649e+00  7.33000000e-09  3.29975382e+00  7.33000000e-09  1.31904694e-01  7.33000000e-09  1.31930290e-01  7.33000000e-09  3.30000000e+00  7.33000000e-09  3.30000000e+00 
 7.35000000e-09  1.65941705e+00  7.35000000e-09  3.29975600e+00  7.35000000e-09  1.30681797e-01  7.35000000e-09  1.30706844e-01  7.35000000e-09  3.30000000e+00  7.35000000e-09  3.30000000e+00 
 7.37000000e-09  1.65935846e+00  7.37000000e-09  3.29975841e+00  7.37000000e-09  1.29469750e-01  7.37000000e-09  1.29494680e-01  7.37000000e-09  3.30000000e+00  7.37000000e-09  3.30000000e+00 
 7.39000000e-09  1.65930012e+00  7.39000000e-09  3.29976055e+00  7.39000000e-09  1.28269149e-01  7.39000000e-09  1.28293540e-01  7.39000000e-09  3.30000000e+00  7.39000000e-09  3.30000000e+00 
 7.41000000e-09  1.65924261e+00  7.41000000e-09  3.29976291e+00  7.41000000e-09  1.27079198e-01  7.41000000e-09  1.27103483e-01  7.41000000e-09  3.30000000e+00  7.41000000e-09  3.30000000e+00 
 7.43000000e-09  1.65918535e+00  7.43000000e-09  3.29976501e+00  7.43000000e-09  1.25900497e-01  7.43000000e-09  1.25924254e-01  7.43000000e-09  3.30000000e+00  7.43000000e-09  3.30000000e+00 
 7.45000000e-09  1.65912891e+00  7.45000000e-09  3.29976733e+00  7.45000000e-09  1.24732250e-01  7.45000000e-09  1.24755911e-01  7.45000000e-09  3.30000000e+00  7.45000000e-09  3.30000000e+00 
 7.47000000e-09  1.65907270e+00  7.47000000e-09  3.29976938e+00  7.47000000e-09  1.23575059e-01  7.47000000e-09  1.23598203e-01  7.47000000e-09  3.30000000e+00  7.47000000e-09  3.30000000e+00 
 7.49000000e-09  1.65901731e+00  7.49000000e-09  3.29977167e+00  7.49000000e-09  1.22428132e-01  7.49000000e-09  1.22451189e-01  7.49000000e-09  3.30000000e+00  7.49000000e-09  3.30000000e+00 
 7.51000000e-09  1.65896214e+00  7.51000000e-09  3.29977368e+00  7.51000000e-09  1.21292069e-01  7.51000000e-09  1.21314619e-01  7.51000000e-09  3.30000000e+00  7.51000000e-09  3.30000000e+00 
 7.53000000e-09  1.65890777e+00  7.53000000e-09  3.29977592e+00  7.53000000e-09  1.20166081e-01  7.53000000e-09  1.20188554e-01  7.53000000e-09  3.30000000e+00  7.53000000e-09  3.30000000e+00 
 7.55000000e-09  1.65885362e+00  7.55000000e-09  3.29977789e+00  7.55000000e-09  1.19050771e-01  7.55000000e-09  1.19072745e-01  7.55000000e-09  3.30000000e+00  7.55000000e-09  3.30000000e+00 
 7.57000000e-09  1.65880026e+00  7.57000000e-09  3.29978009e+00  7.57000000e-09  1.17945349e-01  7.57000000e-09  1.17967256e-01  7.57000000e-09  3.30000000e+00  7.57000000e-09  3.30000000e+00 
 7.59000000e-09  1.65874710e+00  7.59000000e-09  3.29978202e+00  7.59000000e-09  1.16850422e-01  7.59000000e-09  1.16871839e-01  7.59000000e-09  3.30000000e+00  7.59000000e-09  3.30000000e+00 
 7.61000000e-09  1.65869474e+00  7.61000000e-09  3.29978419e+00  7.61000000e-09  1.15765201e-01  7.61000000e-09  1.15786560e-01  7.61000000e-09  3.30000000e+00  7.61000000e-09  3.30000000e+00 
 7.63000000e-09  1.65864256e+00  7.63000000e-09  3.29978608e+00  7.63000000e-09  1.14690292e-01  7.63000000e-09  1.14711171e-01  7.63000000e-09  3.30000000e+00  7.63000000e-09  3.30000000e+00 
 7.65000000e-09  1.65859117e+00  7.65000000e-09  3.29978821e+00  7.65000000e-09  1.13624911e-01  7.65000000e-09  1.13645739e-01  7.65000000e-09  3.30000000e+00  7.65000000e-09  3.30000000e+00 
 7.67000000e-09  1.65853996e+00  7.67000000e-09  3.29979006e+00  7.67000000e-09  1.12569665e-01  7.67000000e-09  1.12590021e-01  7.67000000e-09  3.30000000e+00  7.67000000e-09  3.30000000e+00 
 7.69000000e-09  1.65848952e+00  7.69000000e-09  3.29979215e+00  7.69000000e-09  1.11523770e-01  7.69000000e-09  1.11544083e-01  7.69000000e-09  3.30000000e+00  7.69000000e-09  3.30000000e+00 
 7.71000000e-09  1.65843925e+00  7.71000000e-09  3.29979397e+00  7.71000000e-09  1.10487834e-01  7.71000000e-09  1.10507683e-01  7.71000000e-09  3.30000000e+00  7.71000000e-09  3.30000000e+00 
 7.73000000e-09  1.65838975e+00  7.73000000e-09  3.29979602e+00  7.73000000e-09  1.09461076e-01  7.73000000e-09  1.09480891e-01  7.73000000e-09  3.30000000e+00  7.73000000e-09  3.30000000e+00 
 7.75000000e-09  1.65834041e+00  7.75000000e-09  3.29979780e+00  7.75000000e-09  1.08444107e-01  7.75000000e-09  1.08463465e-01  7.75000000e-09  3.30000000e+00  7.75000000e-09  3.30000000e+00 
 7.77000000e-09  1.65829182e+00  7.77000000e-09  3.29979981e+00  7.77000000e-09  1.07436144e-01  7.77000000e-09  1.07455475e-01  7.77000000e-09  3.30000000e+00  7.77000000e-09  3.30000000e+00 
 7.79000000e-09  1.65824339e+00  7.79000000e-09  3.29980156e+00  7.79000000e-09  1.06437800e-01  7.79000000e-09  1.06456682e-01  7.79000000e-09  3.30000000e+00  7.79000000e-09  3.30000000e+00 
 7.81000000e-09  1.65819571e+00  7.81000000e-09  3.29980354e+00  7.81000000e-09  1.05448296e-01  7.81000000e-09  1.05467158e-01  7.81000000e-09  3.30000000e+00  7.81000000e-09  3.30000000e+00 
 7.83000000e-09  1.65814818e+00  7.83000000e-09  3.29980525e+00  7.83000000e-09  1.04468245e-01  7.83000000e-09  1.04486665e-01  7.83000000e-09  3.30000000e+00  7.83000000e-09  3.30000000e+00 
 7.85000000e-09  1.65810138e+00  7.85000000e-09  3.29980719e+00  7.85000000e-09  1.03496868e-01  7.85000000e-09  1.03515275e-01  7.85000000e-09  3.30000000e+00  7.85000000e-09  3.30000000e+00 
 7.87000000e-09  1.65805472e+00  7.87000000e-09  3.29980887e+00  7.87000000e-09  1.02534782e-01  7.87000000e-09  1.02552754e-01  7.87000000e-09  3.30000000e+00  7.87000000e-09  3.30000000e+00 
 7.89000000e-09  1.65800879e+00  7.89000000e-09  3.29981078e+00  7.89000000e-09  1.01581208e-01  7.89000000e-09  1.01599174e-01  7.89000000e-09  3.30000000e+00  7.89000000e-09  3.30000000e+00 
 7.91000000e-09  1.65796300e+00  7.91000000e-09  3.29981242e+00  7.91000000e-09  1.00636764e-01  7.91000000e-09  1.00654301e-01  7.91000000e-09  3.30000000e+00  7.91000000e-09  3.30000000e+00 
 7.93000000e-09  1.65791792e+00  7.93000000e-09  3.29981430e+00  7.93000000e-09  9.97006731e-02  7.93000000e-09  9.97182103e-02  7.93000000e-09  3.30000000e+00  7.93000000e-09  3.30000000e+00 
 7.95000000e-09  1.65787297e+00  7.95000000e-09  3.29981591e+00  7.95000000e-09  9.87735539e-02  7.95000000e-09  9.87906689e-02  7.95000000e-09  3.30000000e+00  7.95000000e-09  3.30000000e+00 
 7.97000000e-09  1.65782873e+00  7.97000000e-09  3.29981776e+00  7.97000000e-09  9.78546326e-02  7.97000000e-09  9.78717539e-02  7.97000000e-09  3.30000000e+00  7.97000000e-09  3.30000000e+00 
 7.99000000e-09  1.65778461e+00  7.99000000e-09  3.29981934e+00  7.99000000e-09  9.69445273e-02  7.99000000e-09  9.69612325e-02  7.99000000e-09  3.30000000e+00  7.99000000e-09  3.30000000e+00 
 8.01000000e-09  1.65774119e+00  8.01000000e-09  3.29982115e+00  8.01000000e-09  9.60424663e-02  8.01000000e-09  9.60591838e-02  8.01000000e-09  3.30000000e+00  8.01000000e-09  3.30000000e+00 
 8.03000000e-09  1.65769789e+00  8.03000000e-09  3.29982269e+00  8.03000000e-09  9.51490689e-02  8.03000000e-09  9.51653762e-02  8.03000000e-09  3.30000000e+00  8.03000000e-09  3.30000000e+00 
 8.05000000e-09  1.65765528e+00  8.05000000e-09  3.29982448e+00  8.05000000e-09  9.42635648e-02  8.05000000e-09  9.42798901e-02  8.05000000e-09  3.30000000e+00  8.05000000e-09  3.30000000e+00 
 8.07000000e-09  1.65761277e+00  8.07000000e-09  3.29982599e+00  8.07000000e-09  9.33865746e-02  8.07000000e-09  9.34024954e-02  8.07000000e-09  3.30000000e+00  8.07000000e-09  3.30000000e+00 
 8.09000000e-09  1.65757096e+00  8.09000000e-09  3.29982774e+00  8.09000000e-09  9.25173292e-02  8.09000000e-09  9.25332736e-02  8.09000000e-09  3.30000000e+00  8.09000000e-09  3.30000000e+00 
 8.11000000e-09  1.65752924e+00  8.11000000e-09  3.29982923e+00  8.11000000e-09  9.16564505e-02  8.11000000e-09  9.16719959e-02  8.11000000e-09  3.30000000e+00  8.11000000e-09  3.30000000e+00 
 8.13000000e-09  1.65748819e+00  8.13000000e-09  3.29983095e+00  8.13000000e-09  9.08031709e-02  8.13000000e-09  9.08187452e-02  8.13000000e-09  3.30000000e+00  8.13000000e-09  3.30000000e+00 
 8.15000000e-09  1.65744724e+00  8.15000000e-09  3.29983240e+00  8.15000000e-09  8.99581132e-02  8.15000000e-09  8.99732939e-02  8.15000000e-09  3.30000000e+00  8.15000000e-09  3.30000000e+00 
 8.17000000e-09  1.65740697e+00  8.17000000e-09  3.29983409e+00  8.17000000e-09  8.91205113e-02  8.17000000e-09  8.91357260e-02  8.17000000e-09  3.30000000e+00  8.17000000e-09  3.30000000e+00 
 8.19000000e-09  1.65736677e+00  8.19000000e-09  3.29983552e+00  8.19000000e-09  8.82909892e-02  8.19000000e-09  8.83058153e-02  8.19000000e-09  3.30000000e+00  8.19000000e-09  3.30000000e+00 
 8.21000000e-09  1.65732724e+00  8.21000000e-09  3.29983718e+00  8.21000000e-09  8.74687820e-02  8.21000000e-09  8.74836472e-02  8.21000000e-09  3.30000000e+00  8.21000000e-09  3.30000000e+00 
 8.23000000e-09  1.65728779e+00  8.23000000e-09  3.29983857e+00  8.23000000e-09  8.66545150e-02  8.23000000e-09  8.66689966e-02  8.23000000e-09  3.30000000e+00  8.23000000e-09  3.30000000e+00 
 8.25000000e-09  1.65724900e+00  8.25000000e-09  3.29984021e+00  8.25000000e-09  8.58474245e-02  8.25000000e-09  8.58619499e-02  8.25000000e-09  3.30000000e+00  8.25000000e-09  3.30000000e+00 
 8.27000000e-09  1.65721028e+00  8.27000000e-09  3.29984158e+00  8.27000000e-09  8.50481369e-02  8.27000000e-09  8.50622834e-02  8.27000000e-09  3.30000000e+00  8.27000000e-09  3.30000000e+00 
 8.28500000e-09  1.65718172e+00  8.28500000e-09  3.29984281e+00  8.28500000e-09  8.44532210e-02  8.28500000e-09  8.44674567e-02  8.28500000e-09  3.30000000e+00  8.28500000e-09  3.30000000e+00 
 8.30000000e-09  1.65715308e+00  8.30000000e-09  3.29984379e+00  8.30000000e-09  8.38627796e-02  8.30000000e-09  8.38766810e-02  8.30000000e-09  3.30000000e+00  8.30000000e-09  3.30000000e+00 
 8.30200000e-09  1.65039921e+00  8.30200000e-09  3.29289458e+00  8.30200000e-09  8.37353621e-02  8.30200000e-09  8.37473463e-02  8.30200000e-09  3.30000000e+00  8.30200000e-09  3.23400000e+00 
 8.30600000e-09  1.63728217e+00  8.30600000e-09  3.27890251e+00  8.30600000e-09  8.34965099e-02  8.30600000e-09  8.35030030e-02  8.30600000e-09  3.30000000e+00  8.30600000e-09  3.10200000e+00 
 8.31400000e-09  1.60934129e+00  8.31400000e-09  3.24788874e+00  8.31400000e-09  8.30736823e-02  8.31400000e-09  8.30633180e-02  8.31400000e-09  3.30000000e+00  8.31400000e-09  2.83800000e+00 
 8.33000000e-09  1.51756394e+00  8.33000000e-09  3.13210886e+00  8.33000000e-09  8.22353415e-02  8.33000000e-09  8.21717573e-02  8.33000000e-09  3.30000000e+00  8.33000000e-09  2.31000000e+00 
 8.35000000e-09  1.67153134e+00  8.35000000e-09  3.09165025e+00  8.35000000e-09  8.19429345e-02  8.35000000e-09  8.19026400e-02  8.35000000e-09  3.30000000e+00  8.35000000e-09  1.65000000e+00 
 8.37000000e-09  2.36098225e+00  8.37000000e-09  3.19633042e+00  8.37000000e-09  8.24656481e-02  8.37000000e-09  8.27649534e-02  8.37000000e-09  3.30000000e+00  8.37000000e-09  9.90000000e-01 
 8.38500000e-09  2.84963277e+00  8.38500000e-09  3.21694266e+00  8.38500000e-09  8.23747710e-02  8.38500000e-09  8.32031630e-02  8.38500000e-09  3.30000000e+00  8.38500000e-09  4.95000000e-01 
 8.40000000e-09  3.09337224e+00  8.40000000e-09  3.20399560e+00  8.40000000e-09  8.19655776e-02  8.40000000e-09  8.29364307e-02  8.40000000e-09  3.30000000e+00  8.40000000e-09  0.00000000e+00 
 8.40200000e-09  3.12810809e+00  8.40200000e-09  3.22274035e+00  8.40200000e-09  8.19706833e-02  8.40200000e-09  8.29322477e-02  8.40200000e-09  3.30000000e+00  8.40200000e-09  0.00000000e+00 
 8.40600000e-09  3.18591881e+00  8.40600000e-09  3.25320314e+00  8.40600000e-09  8.19436748e-02  8.40600000e-09  8.28763062e-02  8.40600000e-09  3.30000000e+00  8.40600000e-09  0.00000000e+00 
 8.41400000e-09  3.25198319e+00  8.41400000e-09  3.28510397e+00  8.41400000e-09  8.17504339e-02  8.41400000e-09  8.25832605e-02  8.41400000e-09  3.30000000e+00  8.41400000e-09  0.00000000e+00 
 8.43000000e-09  3.29536564e+00  8.43000000e-09  3.30170780e+00  8.43000000e-09  8.11970930e-02  8.43000000e-09  8.17787695e-02  8.43000000e-09  3.30000000e+00  8.43000000e-09  0.00000000e+00 
 8.45000000e-09  3.30018789e+00  8.45000000e-09  3.30067008e+00  8.45000000e-09  8.04870707e-02  8.45000000e-09  8.08053220e-02  8.45000000e-09  3.30000000e+00  8.45000000e-09  0.00000000e+00 
 8.47000000e-09  3.30002313e+00  8.47000000e-09  3.30006065e+00  8.47000000e-09  7.97942474e-02  8.47000000e-09  7.99570758e-02  8.47000000e-09  3.30000000e+00  8.47000000e-09  0.00000000e+00 
 8.49000000e-09  3.30000580e+00  8.49000000e-09  3.30001146e+00  8.49000000e-09  7.90860836e-02  8.49000000e-09  7.91702615e-02  8.49000000e-09  3.30000000e+00  8.49000000e-09  0.00000000e+00 
 8.51000000e-09  3.30000081e+00  8.51000000e-09  3.30000169e+00  8.51000000e-09  7.83668879e-02  8.51000000e-09  7.84131462e-02  8.51000000e-09  3.30000000e+00  8.51000000e-09  0.00000000e+00 
 8.53000000e-09  3.30000011e+00  8.53000000e-09  3.30000031e+00  8.53000000e-09  7.76449960e-02  8.53000000e-09  7.76732384e-02  8.53000000e-09  3.30000000e+00  8.53000000e-09  0.00000000e+00 
 8.55000000e-09  3.30000004e+00  8.55000000e-09  3.30000003e+00  8.55000000e-09  7.69252130e-02  8.55000000e-09  7.69449088e-02  8.55000000e-09  3.30000000e+00  8.55000000e-09  0.00000000e+00 
 8.57000000e-09  3.29999998e+00  8.57000000e-09  3.30000002e+00  8.57000000e-09  7.62099204e-02  8.57000000e-09  7.62255351e-02  8.57000000e-09  3.30000000e+00  8.57000000e-09  0.00000000e+00 
 8.59000000e-09  3.30000002e+00  8.59000000e-09  3.29999998e+00  8.59000000e-09  7.55002268e-02  8.59000000e-09  7.55138575e-02  8.59000000e-09  3.30000000e+00  8.59000000e-09  0.00000000e+00 
 8.61000000e-09  3.29999998e+00  8.61000000e-09  3.30000001e+00  8.61000000e-09  7.47966262e-02  8.61000000e-09  7.48092583e-02  8.61000000e-09  3.30000000e+00  8.61000000e-09  0.00000000e+00 
 8.63000000e-09  3.30000002e+00  8.63000000e-09  3.29999998e+00  8.63000000e-09  7.40993176e-02  8.63000000e-09  7.41114122e-02  8.63000000e-09  3.30000000e+00  8.63000000e-09  0.00000000e+00 
 8.65000000e-09  3.29999998e+00  8.65000000e-09  3.30000001e+00  8.65000000e-09  7.34083644e-02  8.65000000e-09  7.34201396e-02  8.65000000e-09  3.30000000e+00  8.65000000e-09  0.00000000e+00 
 8.67000000e-09  3.30000002e+00  8.67000000e-09  3.29999998e+00  8.67000000e-09  7.27237638e-02  8.67000000e-09  7.27353212e-02  8.67000000e-09  3.30000000e+00  8.67000000e-09  0.00000000e+00 
 8.69000000e-09  3.29999998e+00  8.69000000e-09  3.30000001e+00  8.69000000e-09  7.20454850e-02  8.69000000e-09  7.20568741e-02  8.69000000e-09  3.30000000e+00  8.69000000e-09  0.00000000e+00 
 8.71000000e-09  3.30000002e+00  8.71000000e-09  3.29999998e+00  8.71000000e-09  7.13734814e-02  8.71000000e-09  7.13847252e-02  8.71000000e-09  3.30000000e+00  8.71000000e-09  0.00000000e+00 
 8.73000000e-09  3.29999998e+00  8.73000000e-09  3.30000001e+00  8.73000000e-09  7.07077026e-02  8.73000000e-09  7.07188137e-02  8.73000000e-09  3.30000000e+00  8.73000000e-09  0.00000000e+00 
 8.75000000e-09  3.30000002e+00  8.75000000e-09  3.29999998e+00  8.75000000e-09  7.00480933e-02  8.75000000e-09  7.00590773e-02  8.75000000e-09  3.30000000e+00  8.75000000e-09  0.00000000e+00 
 8.77000000e-09  3.29999998e+00  8.77000000e-09  3.30000001e+00  8.77000000e-09  6.93945992e-02  8.77000000e-09  6.94054608e-02  8.77000000e-09  3.30000000e+00  8.77000000e-09  0.00000000e+00 
 8.79000000e-09  3.30000002e+00  8.79000000e-09  3.29999998e+00  8.79000000e-09  6.87471641e-02  8.79000000e-09  6.87579051e-02  8.79000000e-09  3.30000000e+00  8.79000000e-09  0.00000000e+00 
 8.81000000e-09  3.29999998e+00  8.81000000e-09  3.30000001e+00  8.81000000e-09  6.81057338e-02  8.81000000e-09  6.81163570e-02  8.81000000e-09  3.30000000e+00  8.81000000e-09  0.00000000e+00 
 8.83000000e-09  3.30000002e+00  8.83000000e-09  3.29999998e+00  8.83000000e-09  6.74702523e-02  8.83000000e-09  6.74807588e-02  8.83000000e-09  3.30000000e+00  8.83000000e-09  0.00000000e+00 
 8.85000000e-09  3.29999998e+00  8.85000000e-09  3.30000001e+00  8.85000000e-09  6.68406664e-02  8.85000000e-09  6.68510585e-02  8.85000000e-09  3.30000000e+00  8.85000000e-09  0.00000000e+00 
 8.87000000e-09  3.30000002e+00  8.87000000e-09  3.29999998e+00  8.87000000e-09  6.62169211e-02  8.87000000e-09  6.62271995e-02  8.87000000e-09  3.30000000e+00  8.87000000e-09  0.00000000e+00 
 8.89000000e-09  3.29999998e+00  8.89000000e-09  3.30000001e+00  8.89000000e-09  6.55989638e-02  8.89000000e-09  6.56091308e-02  8.89000000e-09  3.30000000e+00  8.89000000e-09  0.00000000e+00 
 8.91000000e-09  3.30000002e+00  8.91000000e-09  3.29999998e+00  8.91000000e-09  6.49867406e-02  8.91000000e-09  6.49967969e-02  8.91000000e-09  3.30000000e+00  8.91000000e-09  0.00000000e+00 
 8.93000000e-09  3.29999998e+00  8.93000000e-09  3.30000001e+00  8.93000000e-09  6.43801999e-02  8.93000000e-09  6.43901477e-02  8.93000000e-09  3.30000000e+00  8.93000000e-09  0.00000000e+00 
 8.95000000e-09  3.30000002e+00  8.95000000e-09  3.29999998e+00  8.95000000e-09  6.37792886e-02  8.95000000e-09  6.37891284e-02  8.95000000e-09  3.30000000e+00  8.95000000e-09  0.00000000e+00 
 8.97000000e-09  3.29999998e+00  8.97000000e-09  3.30000001e+00  8.97000000e-09  6.31839561e-02  8.97000000e-09  6.31936902e-02  8.97000000e-09  3.30000000e+00  8.97000000e-09  0.00000000e+00 
 8.99000000e-09  3.30000002e+00  8.99000000e-09  3.29999998e+00  8.99000000e-09  6.25941502e-02  8.99000000e-09  6.26037791e-02  8.99000000e-09  3.30000000e+00  8.99000000e-09  0.00000000e+00 
 9.01000000e-09  3.29999998e+00  9.01000000e-09  3.30000001e+00  9.01000000e-09  6.20098212e-02  9.01000000e-09  6.20193471e-02  9.01000000e-09  3.30000000e+00  9.01000000e-09  0.00000000e+00 
 9.03000000e-09  3.30000002e+00  9.03000000e-09  3.29999998e+00  9.03000000e-09  6.14309179e-02  9.03000000e-09  6.14403412e-02  9.03000000e-09  3.30000000e+00  9.03000000e-09  0.00000000e+00 
 9.05000000e-09  3.29999998e+00  9.05000000e-09  3.30000001e+00  9.05000000e-09  6.08573915e-02  9.05000000e-09  6.08667143e-02  9.05000000e-09  3.30000000e+00  9.05000000e-09  0.00000000e+00 
 9.07000000e-09  3.30000002e+00  9.07000000e-09  3.29999998e+00  9.07000000e-09  6.02891915e-02  9.07000000e-09  6.02984144e-02  9.07000000e-09  3.30000000e+00  9.07000000e-09  0.00000000e+00 
 9.09000000e-09  3.29999998e+00  9.09000000e-09  3.30000001e+00  9.09000000e-09  5.97262702e-02  9.09000000e-09  5.97353951e-02  9.09000000e-09  3.30000000e+00  9.09000000e-09  0.00000000e+00 
 9.11000000e-09  3.30000002e+00  9.11000000e-09  3.29999998e+00  9.11000000e-09  5.91685779e-02  9.11000000e-09  5.91776053e-02  9.11000000e-09  3.30000000e+00  9.11000000e-09  0.00000000e+00 
 9.13000000e-09  3.29999998e+00  9.13000000e-09  3.30000001e+00  9.13000000e-09  5.86160678e-02  9.13000000e-09  5.86249997e-02  9.13000000e-09  3.30000000e+00  9.13000000e-09  0.00000000e+00 
 9.15000000e-09  3.30000002e+00  9.15000000e-09  3.29999998e+00  9.15000000e-09  5.80686910e-02  9.15000000e-09  5.80775279e-02  9.15000000e-09  3.30000000e+00  9.15000000e-09  0.00000000e+00 
 9.17000000e-09  3.29999998e+00  9.17000000e-09  3.30000001e+00  9.17000000e-09  5.75264016e-02  9.17000000e-09  5.75351453e-02  9.17000000e-09  3.30000000e+00  9.17000000e-09  0.00000000e+00 
 9.19000000e-09  3.30000002e+00  9.19000000e-09  3.29999998e+00  9.19000000e-09  5.69891516e-02  9.19000000e-09  5.69978026e-02  9.19000000e-09  3.30000000e+00  9.19000000e-09  0.00000000e+00 
 9.21000000e-09  3.29999998e+00  9.21000000e-09  3.30000001e+00  9.21000000e-09  5.64568959e-02  9.21000000e-09  5.64654560e-02  9.21000000e-09  3.30000000e+00  9.21000000e-09  0.00000000e+00 
 9.23000000e-09  3.30000002e+00  9.23000000e-09  3.29999998e+00  9.23000000e-09  5.59295873e-02  9.23000000e-09  5.59380570e-02  9.23000000e-09  3.30000000e+00  9.23000000e-09  0.00000000e+00 
 9.25000000e-09  3.29999998e+00  9.25000000e-09  3.30000001e+00  9.25000000e-09  5.54071815e-02  9.25000000e-09  5.54155626e-02  9.25000000e-09  3.30000000e+00  9.25000000e-09  0.00000000e+00 
 9.27000000e-09  3.30000002e+00  9.27000000e-09  3.29999998e+00  9.27000000e-09  5.48896322e-02  9.27000000e-09  5.48979251e-02  9.27000000e-09  3.30000000e+00  9.27000000e-09  0.00000000e+00 
 9.29000000e-09  3.29999998e+00  9.29000000e-09  3.30000001e+00  9.29000000e-09  5.43768959e-02  9.29000000e-09  5.43851023e-02  9.29000000e-09  3.30000000e+00  9.29000000e-09  0.00000000e+00 
 9.31000000e-09  3.30000002e+00  9.31000000e-09  3.29999998e+00  9.31000000e-09  5.38689272e-02  9.31000000e-09  5.38770475e-02  9.31000000e-09  3.30000000e+00  9.31000000e-09  0.00000000e+00 
 9.33000000e-09  3.29999998e+00  9.33000000e-09  3.30000001e+00  9.33000000e-09  5.33656833e-02  9.33000000e-09  5.33737193e-02  9.33000000e-09  3.30000000e+00  9.33000000e-09  0.00000000e+00 
 9.35000000e-09  3.30000002e+00  9.35000000e-09  3.29999998e+00  9.35000000e-09  5.28671195e-02  9.35000000e-09  5.28750714e-02  9.35000000e-09  3.30000000e+00  9.35000000e-09  0.00000000e+00 
 9.37000000e-09  3.29999998e+00  9.37000000e-09  3.30000001e+00  9.37000000e-09  5.23731938e-02  9.37000000e-09  5.23810635e-02  9.37000000e-09  3.30000000e+00  9.37000000e-09  0.00000000e+00 
 9.39000000e-09  3.30000002e+00  9.39000000e-09  3.29999998e+00  9.39000000e-09  5.18838625e-02  9.39000000e-09  5.18916502e-02  9.39000000e-09  3.30000000e+00  9.39000000e-09  0.00000000e+00 
 9.41000000e-09  3.29999998e+00  9.41000000e-09  3.30000001e+00  9.41000000e-09  5.13990843e-02  9.41000000e-09  5.14067917e-02  9.41000000e-09  3.30000000e+00  9.41000000e-09  0.00000000e+00 
 9.43000000e-09  3.30000002e+00  9.43000000e-09  3.29999998e+00  9.43000000e-09  5.09188161e-02  9.43000000e-09  5.09264435e-02  9.43000000e-09  3.30000000e+00  9.43000000e-09  0.00000000e+00 
 9.45000000e-09  3.29999998e+00  9.45000000e-09  3.30000001e+00  9.45000000e-09  5.04430175e-02  9.45000000e-09  5.04505666e-02  9.45000000e-09  3.30000000e+00  9.45000000e-09  0.00000000e+00 
 9.47000000e-09  3.30000002e+00  9.47000000e-09  3.29999998e+00  9.47000000e-09  4.99716461e-02  9.47000000e-09  4.99791171e-02  9.47000000e-09  3.30000000e+00  9.47000000e-09  0.00000000e+00 
 9.49000000e-09  3.29999998e+00  9.49000000e-09  3.30000001e+00  9.49000000e-09  4.95046623e-02  9.49000000e-09  4.95120568e-02  9.49000000e-09  3.30000000e+00  9.49000000e-09  0.00000000e+00 
 9.51000000e-09  3.30000002e+00  9.51000000e-09  3.29999998e+00  9.51000000e-09  4.90420244e-02  9.51000000e-09  4.90493426e-02  9.51000000e-09  3.30000000e+00  9.51000000e-09  0.00000000e+00 
 9.53000000e-09  3.29999998e+00  9.53000000e-09  3.30000001e+00  9.53000000e-09  4.85836935e-02  9.53000000e-09  4.85909371e-02  9.53000000e-09  3.30000000e+00  9.53000000e-09  0.00000000e+00 
 9.55000000e-09  3.30000002e+00  9.55000000e-09  3.29999998e+00  9.55000000e-09  4.81296288e-02  9.55000000e-09  4.81367979e-02  9.55000000e-09  3.30000000e+00  9.55000000e-09  0.00000000e+00 
 9.57000000e-09  3.29999998e+00  9.57000000e-09  3.30000001e+00  9.57000000e-09  4.76797919e-02  9.57000000e-09  4.76868881e-02  9.57000000e-09  3.30000000e+00  9.57000000e-09  0.00000000e+00 
 9.59000000e-09  3.30000002e+00  9.59000000e-09  3.29999998e+00  9.59000000e-09  4.72341428e-02  9.59000000e-09  4.72411663e-02  9.59000000e-09  3.30000000e+00  9.59000000e-09  0.00000000e+00 
 9.61000000e-09  3.29999998e+00  9.61000000e-09  3.30000001e+00  9.61000000e-09  4.67926438e-02  9.61000000e-09  4.67995962e-02  9.61000000e-09  3.30000000e+00  9.61000000e-09  0.00000000e+00 
 9.63000000e-09  3.30000002e+00  9.63000000e-09  3.29999998e+00  9.63000000e-09  4.63552557e-02  9.63000000e-09  4.63621371e-02  9.63000000e-09  3.30000000e+00  9.63000000e-09  0.00000000e+00 
 9.65000000e-09  3.29999998e+00  9.65000000e-09  3.30000001e+00  9.65000000e-09  4.59219414e-02  9.65000000e-09  4.59287534e-02  9.65000000e-09  3.30000000e+00  9.65000000e-09  0.00000000e+00 
 9.67000000e-09  3.30000002e+00  9.67000000e-09  3.29999998e+00  9.67000000e-09  4.54926624e-02  9.67000000e-09  4.54994050e-02  9.67000000e-09  3.30000000e+00  9.67000000e-09  0.00000000e+00 
 9.69000000e-09  3.29999998e+00  9.69000000e-09  3.30000001e+00  9.69000000e-09  4.50673823e-02  9.69000000e-09  4.50740572e-02  9.69000000e-09  3.30000000e+00  9.69000000e-09  0.00000000e+00 
 9.71000000e-09  3.30000002e+00  9.71000000e-09  3.29999998e+00  9.71000000e-09  4.46460633e-02  9.71000000e-09  4.46526704e-02  9.71000000e-09  3.30000000e+00  9.71000000e-09  0.00000000e+00 
 9.73000000e-09  3.29999998e+00  9.73000000e-09  3.30000001e+00  9.73000000e-09  4.42286697e-02  9.73000000e-09  4.42352106e-02  9.73000000e-09  3.30000000e+00  9.73000000e-09  0.00000000e+00 
 9.75000000e-09  3.30000002e+00  9.75000000e-09  3.29999998e+00  9.75000000e-09  4.38151642e-02  9.75000000e-09  4.38216389e-02  9.75000000e-09  3.30000000e+00  9.75000000e-09  0.00000000e+00 
 9.77000000e-09  3.29999998e+00  9.77000000e-09  3.30000001e+00  9.77000000e-09  4.34055119e-02  9.77000000e-09  4.34119220e-02  9.77000000e-09  3.30000000e+00  9.77000000e-09  0.00000000e+00 
 9.79000000e-09  3.30000002e+00  9.79000000e-09  3.29999998e+00  9.79000000e-09  4.29996762e-02  9.79000000e-09  4.30060216e-02  9.79000000e-09  3.30000000e+00  9.79000000e-09  0.00000000e+00 
 9.81000000e-09  3.29999998e+00  9.81000000e-09  3.30000001e+00  9.81000000e-09  4.25976228e-02  9.81000000e-09  4.26039051e-02  9.81000000e-09  3.30000000e+00  9.81000000e-09  0.00000000e+00 
 9.83000000e-09  3.30000002e+00  9.83000000e-09  3.29999998e+00  9.83000000e-09  4.21993157e-02  9.83000000e-09  4.22055348e-02  9.83000000e-09  3.30000000e+00  9.83000000e-09  0.00000000e+00 
 9.85000000e-09  3.29999998e+00  9.85000000e-09  3.30000001e+00  9.85000000e-09  4.18047213e-02  9.85000000e-09  4.18108787e-02  9.85000000e-09  3.30000000e+00  9.85000000e-09  0.00000000e+00 
 9.87000000e-09  3.30000002e+00  9.87000000e-09  3.29999998e+00  9.87000000e-09  4.14138041e-02  9.87000000e-09  4.14198999e-02  9.87000000e-09  3.30000000e+00  9.87000000e-09  0.00000000e+00 
 9.89000000e-09  3.29999998e+00  9.89000000e-09  3.30000001e+00  9.89000000e-09  4.10265313e-02  9.89000000e-09  4.10325668e-02  9.89000000e-09  3.30000000e+00  9.89000000e-09  0.00000000e+00 
 9.91000000e-09  3.30000002e+00  9.91000000e-09  3.29999998e+00  9.91000000e-09  4.06428681e-02  9.91000000e-09  4.06488432e-02  9.91000000e-09  3.30000000e+00  9.91000000e-09  0.00000000e+00 
 9.93000000e-09  3.29999998e+00  9.93000000e-09  3.30000001e+00  9.93000000e-09  4.02627820e-02  9.93000000e-09  4.02686983e-02  9.93000000e-09  3.30000000e+00  9.93000000e-09  0.00000000e+00 
 9.95000000e-09  3.30000002e+00  9.95000000e-09  3.29999998e+00  9.95000000e-09  3.98862390e-02  9.95000000e-09  3.98920964e-02  9.95000000e-09  3.30000000e+00  9.95000000e-09  0.00000000e+00 
 9.97000000e-09  3.29999998e+00  9.97000000e-09  3.30000001e+00  9.97000000e-09  3.95132073e-02  9.97000000e-09  3.95190071e-02  9.97000000e-09  3.30000000e+00  9.97000000e-09  0.00000000e+00 
 9.99000000e-09  3.30000002e+00  9.99000000e-09  3.29999998e+00  9.99000000e-09  3.91436532e-02  9.99000000e-09  3.91493955e-02  9.99000000e-09  3.30000000e+00  9.99000000e-09  0.00000000e+00 
 1.00100000e-08  3.29999998e+00  1.00100000e-08  3.30000001e+00  1.00100000e-08  3.87775458e-02  1.00100000e-08  3.87832319e-02  1.00100000e-08  3.30000000e+00  1.00100000e-08  0.00000000e+00 
 1.00300000e-08  3.30000002e+00  1.00300000e-08  3.29999998e+00  1.00300000e-08  3.84148520e-02  1.00300000e-08  3.84204817e-02  1.00300000e-08  3.30000000e+00  1.00300000e-08  0.00000000e+00 
 1.00500000e-08  3.29999998e+00  1.00500000e-08  3.30000001e+00  1.00500000e-08  3.80555412e-02  1.00500000e-08  3.80611160e-02  1.00500000e-08  3.30000000e+00  1.00500000e-08  0.00000000e+00 
 1.00700000e-08  3.30000002e+00  1.00700000e-08  3.29999998e+00  1.00700000e-08  3.76995810e-02  1.00700000e-08  3.77051008e-02  1.00700000e-08  3.30000000e+00  1.00700000e-08  0.00000000e+00 
 1.00850000e-08  3.29999998e+00  1.00850000e-08  3.30000001e+00  1.00850000e-08  3.74347927e-02  1.00850000e-08  3.74402723e-02  1.00850000e-08  3.30000000e+00  1.00850000e-08  0.00000000e+00 
 1.01000000e-08  3.30000002e+00  1.01000000e-08  3.29999998e+00  1.01000000e-08  3.71718584e-02  1.01000000e-08  3.71772974e-02  1.01000000e-08  3.30000000e+00  1.01000000e-08  0.00000000e+00 
 1.01020000e-08  3.29999999e+00  1.01020000e-08  3.29999998e+00  1.01020000e-08  3.71322728e-02  1.01020000e-08  3.71381724e-02  1.01020000e-08  3.23400000e+00  1.01020000e-08  0.00000000e+00 
 1.01060000e-08  3.29999979e+00  1.01060000e-08  3.29999979e+00  1.01060000e-08  3.69307668e-02  1.01060000e-08  3.69381902e-02  1.01060000e-08  3.10200000e+00  1.01060000e-08  0.00000000e+00 
 1.01140000e-08  3.29999900e+00  1.01140000e-08  3.29999900e+00  1.01140000e-08  3.59519987e-02  1.01140000e-08  3.59642748e-02  1.01140000e-08  2.83800000e+00  1.01140000e-08  0.00000000e+00 
 1.01300000e-08  3.29999820e+00  1.01300000e-08  3.29999820e+00  1.01300000e-08  3.25714181e-02  1.01300000e-08  3.25915351e-02  1.01300000e-08  2.31000000e+00  1.01300000e-08  0.00000000e+00 
 1.01500000e-08  3.30000250e+00  1.01500000e-08  3.30000250e+00  1.01500000e-08  3.31046371e-02  1.01500000e-08  3.31401848e-02  1.01500000e-08  1.65000000e+00  1.01500000e-08  0.00000000e+00 
 1.01700000e-08  3.30000645e+00  1.01700000e-08  3.30000647e+00  1.01700000e-08  4.30319794e-02  1.01700000e-08  4.31115170e-02  1.01700000e-08  9.90000000e-01  1.01700000e-08  0.00000000e+00 
 1.01850000e-08  3.30000694e+00  1.01850000e-08  3.30000696e+00  1.01850000e-08  5.69219740e-02  1.01850000e-08  5.70556634e-02  1.01850000e-08  4.95000000e-01  1.01850000e-08  0.00000000e+00 
 1.02000000e-08  3.30000787e+00  1.02000000e-08  3.30000789e+00  1.02000000e-08  7.72472174e-02  1.02000000e-08  7.74489845e-02  1.02000000e-08  0.00000000e+00  1.02000000e-08  0.00000000e+00 
 1.02020000e-08  3.30000845e+00  1.02020000e-08  3.30000847e+00  1.02020000e-08  8.07862459e-02  1.02020000e-08  8.09988028e-02  1.02020000e-08  0.00000000e+00  1.02020000e-08  0.00000000e+00 
 1.02060000e-08  3.30000837e+00  1.02060000e-08  3.30000839e+00  1.02060000e-08  8.76020134e-02  1.02060000e-08  8.78366977e-02  1.02060000e-08  0.00000000e+00  1.02060000e-08  0.00000000e+00 
 1.02140000e-08  3.30000498e+00  1.02140000e-08  3.30000500e+00  1.02140000e-08  1.00138897e-01  1.02140000e-08  1.00417977e-01  1.02140000e-08  0.00000000e+00  1.02140000e-08  0.00000000e+00 
 1.02300000e-08  3.30000002e+00  1.02300000e-08  3.30000002e+00  1.02300000e-08  1.23458540e-01  1.02300000e-08  1.23816001e-01  1.02300000e-08  0.00000000e+00  1.02300000e-08  0.00000000e+00 
 1.02500000e-08  3.29999956e+00  1.02500000e-08  3.29999955e+00  1.02500000e-08  1.51859792e-01  1.02500000e-08  1.52294435e-01  1.02500000e-08  0.00000000e+00  1.02500000e-08  0.00000000e+00 
 1.02700000e-08  3.30000017e+00  1.02700000e-08  3.30000016e+00  1.02700000e-08  1.80409167e-01  1.02700000e-08  1.80908209e-01  1.02700000e-08  0.00000000e+00  1.02700000e-08  0.00000000e+00 
 1.02900000e-08  3.30000032e+00  1.02900000e-08  3.30000032e+00  1.02900000e-08  2.09188328e-01  1.02900000e-08  2.09749690e-01  1.02900000e-08  0.00000000e+00  1.02900000e-08  0.00000000e+00 
 1.03100000e-08  3.30000040e+00  1.03100000e-08  3.30000041e+00  1.03100000e-08  2.38208463e-01  1.03100000e-08  2.38836194e-01  1.03100000e-08  0.00000000e+00  1.03100000e-08  0.00000000e+00 
 1.03300000e-08  3.30000049e+00  1.03300000e-08  3.30000050e+00  1.03300000e-08  2.67488268e-01  1.03300000e-08  2.68190502e-01  1.03300000e-08  0.00000000e+00  1.03300000e-08  0.00000000e+00 
 1.03500000e-08  3.30000060e+00  1.03500000e-08  3.30000062e+00  1.03500000e-08  2.97053017e-01  1.03500000e-08  2.97841402e-01  1.03500000e-08  0.00000000e+00  1.03500000e-08  0.00000000e+00 
 1.03700000e-08  3.30000075e+00  1.03700000e-08  3.30000077e+00  1.03700000e-08  3.26936231e-01  1.03700000e-08  3.27826195e-01  1.03700000e-08  0.00000000e+00  1.03700000e-08  0.00000000e+00 
 1.03900000e-08  3.30000095e+00  1.03900000e-08  3.30000098e+00  1.03900000e-08  3.57182516e-01  1.03900000e-08  3.58194190e-01  1.03900000e-08  0.00000000e+00  1.03900000e-08  0.00000000e+00 
 1.04100000e-08  3.30000121e+00  1.04100000e-08  3.30000126e+00  1.04100000e-08  3.87852016e-01  1.04100000e-08  3.89011895e-01  1.04100000e-08  0.00000000e+00  1.04100000e-08  0.00000000e+00 
 1.04300000e-08  3.30000154e+00  1.04300000e-08  3.30000161e+00  1.04300000e-08  4.19027567e-01  1.04300000e-08  4.20371281e-01  1.04300000e-08  0.00000000e+00  1.04300000e-08  0.00000000e+00 
 1.04500000e-08  3.30000195e+00  1.04500000e-08  3.30000204e+00  1.04500000e-08  4.50826519e-01  1.04500000e-08  4.52403531e-01  1.04500000e-08  0.00000000e+00  1.04500000e-08  0.00000000e+00 
 1.04700000e-08  3.30000243e+00  1.04700000e-08  3.30000258e+00  1.04700000e-08  4.83421376e-01  1.04700000e-08  4.85303441e-01  1.04700000e-08  0.00000000e+00  1.04700000e-08  0.00000000e+00 
 1.04900000e-08  3.30000298e+00  1.04900000e-08  3.30000322e+00  1.04900000e-08  5.17078052e-01  1.04900000e-08  5.19375625e-01  1.04900000e-08  0.00000000e+00  1.04900000e-08  0.00000000e+00 
 1.05100000e-08  3.30000363e+00  1.05100000e-08  3.30000403e+00  1.05100000e-08  5.52232549e-01  1.05100000e-08  5.55129663e-01  1.05100000e-08  0.00000000e+00  1.05100000e-08  0.00000000e+00 
 1.05300000e-08  3.30000448e+00  1.05300000e-08  3.30000525e+00  1.05300000e-08  5.89667473e-01  1.05300000e-08  5.93506534e-01  1.05300000e-08  0.00000000e+00  1.05300000e-08  0.00000000e+00 
 1.05500000e-08  3.30000595e+00  1.05500000e-08  3.30000758e+00  1.05500000e-08  6.30912957e-01  1.05500000e-08  6.36396653e-01  1.05500000e-08  0.00000000e+00  1.05500000e-08  0.00000000e+00 
 1.05700000e-08  3.30000918e+00  1.05700000e-08  3.30001284e+00  1.05700000e-08  6.79206585e-01  1.05700000e-08  6.87752046e-01  1.05700000e-08  0.00000000e+00  1.05700000e-08  0.00000000e+00 
 1.05900000e-08  3.30001590e+00  1.05900000e-08  3.30002157e+00  1.05900000e-08  7.40686723e-01  1.05900000e-08  7.54005471e-01  1.05900000e-08  0.00000000e+00  1.05900000e-08  0.00000000e+00 
 1.06100000e-08  3.30002161e+00  1.06100000e-08  3.30002337e+00  1.06100000e-08  8.21507956e-01  1.06100000e-08  8.39726271e-01  1.06100000e-08  0.00000000e+00  1.06100000e-08  0.00000000e+00 
 1.06300000e-08  3.30001286e+00  1.06300000e-08  3.30000665e+00  1.06300000e-08  9.21769235e-01  1.06300000e-08  9.44114049e-01  1.06300000e-08  0.00000000e+00  1.06300000e-08  0.00000000e+00 
 1.06500000e-08  3.29999115e+00  1.06500000e-08  3.29997744e+00  1.06500000e-08  1.03754873e+00  1.06500000e-08  1.06326175e+00  1.06500000e-08  0.00000000e+00  1.06500000e-08  0.00000000e+00 
 1.06700000e-08  3.29996796e+00  1.06700000e-08  3.29994880e+00  1.06700000e-08  1.16490130e+00  1.06700000e-08  1.19350442e+00  1.06700000e-08  0.00000000e+00  1.06700000e-08  0.00000000e+00 
 1.06900000e-08  3.29995054e+00  1.06900000e-08  3.29993006e+00  1.06900000e-08  1.30102809e+00  1.06900000e-08  1.33216210e+00  1.06900000e-08  0.00000000e+00  1.06900000e-08  0.00000000e+00 
 1.07100000e-08  3.29994261e+00  1.07100000e-08  3.29992162e+00  1.07100000e-08  1.44368818e+00  1.07100000e-08  1.47701735e+00  1.07100000e-08  0.00000000e+00  1.07100000e-08  0.00000000e+00 
 1.07300000e-08  3.29993976e+00  1.07300000e-08  3.29991869e+00  1.07300000e-08  1.59084941e+00  1.07300000e-08  1.62606121e+00  1.07300000e-08  0.00000000e+00  1.07300000e-08  0.00000000e+00 
 1.07500000e-08  3.29994194e+00  1.07500000e-08  3.29992335e+00  1.07500000e-08  1.74065479e+00  1.07500000e-08  1.77743058e+00  1.07500000e-08  0.00000000e+00  1.07500000e-08  0.00000000e+00 
 1.07700000e-08  3.29994805e+00  1.07700000e-08  3.29993126e+00  1.07700000e-08  1.89094216e+00  1.07700000e-08  1.92871785e+00  1.07700000e-08  0.00000000e+00  1.07700000e-08  0.00000000e+00 
 1.07900000e-08  3.29995503e+00  1.07900000e-08  3.29994120e+00  1.07900000e-08  2.03878917e+00  1.07900000e-08  2.07686798e+00  1.07900000e-08  0.00000000e+00  1.07900000e-08  0.00000000e+00 
 1.08100000e-08  3.29996314e+00  1.08100000e-08  3.29995392e+00  1.08100000e-08  2.18134617e+00  1.08100000e-08  2.21910443e+00  1.08100000e-08  0.00000000e+00  1.08100000e-08  0.00000000e+00 
 1.08300000e-08  3.29997250e+00  1.08300000e-08  3.29996816e+00  1.08300000e-08  2.31632426e+00  1.08300000e-08  2.35323447e+00  1.08300000e-08  0.00000000e+00  1.08300000e-08  0.00000000e+00 
 1.08500000e-08  3.29998216e+00  1.08500000e-08  3.29998226e+00  1.08500000e-08  2.44200476e+00  1.08500000e-08  2.47763002e+00  1.08500000e-08  0.00000000e+00  1.08500000e-08  0.00000000e+00 
 1.08700000e-08  3.29999114e+00  1.08700000e-08  3.29999500e+00  1.08700000e-08  2.55721556e+00  1.08700000e-08  2.59121024e+00  1.08700000e-08  0.00000000e+00  1.08700000e-08  0.00000000e+00 
 1.08900000e-08  3.29999893e+00  1.08900000e-08  3.30000609e+00  1.08900000e-08  2.66130539e+00  1.08900000e-08  2.69341572e+00  1.08900000e-08  0.00000000e+00  1.08900000e-08  0.00000000e+00 
 1.09100000e-08  3.30000570e+00  1.09100000e-08  3.30001494e+00  1.09100000e-08  2.75409484e+00  1.09100000e-08  2.78415513e+00  1.09100000e-08  0.00000000e+00  1.09100000e-08  0.00000000e+00 
 1.09300000e-08  3.30001083e+00  1.09300000e-08  3.30002136e+00  1.09300000e-08  2.83580647e+00  1.09300000e-08  2.86373122e+00  1.09300000e-08  0.00000000e+00  1.09300000e-08  0.00000000e+00 
 1.09500000e-08  3.30001452e+00  1.09500000e-08  3.30002575e+00  1.09500000e-08  2.90697768e+00  1.09500000e-08  2.93275016e+00  1.09500000e-08  0.00000000e+00  1.09500000e-08  0.00000000e+00 
 1.09700000e-08  3.30001701e+00  1.09700000e-08  3.30002837e+00  1.09700000e-08  2.96836872e+00  1.09700000e-08  2.99202778e+00  1.09700000e-08  0.00000000e+00  1.09700000e-08  0.00000000e+00 
 1.09900000e-08  3.30001848e+00  1.09900000e-08  3.30002953e+00  1.09900000e-08  3.02087604e+00  1.09900000e-08  3.04250256e+00  1.09900000e-08  0.00000000e+00  1.09900000e-08  0.00000000e+00 
 1.10100000e-08  3.30001912e+00  1.10100000e-08  3.30002955e+00  1.10100000e-08  3.06545799e+00  1.10100000e-08  3.08516218e+00  1.10100000e-08  0.00000000e+00  1.10100000e-08  0.00000000e+00 
 1.10300000e-08  3.30001913e+00  1.10300000e-08  3.30002875e+00  1.10300000e-08  3.10307620e+00  1.10300000e-08  3.12098657e+00  1.10300000e-08  0.00000000e+00  1.10300000e-08  0.00000000e+00 
 1.10500000e-08  3.30001868e+00  1.10500000e-08  3.30002740e+00  1.10500000e-08  3.13465332e+00  1.10500000e-08  3.15090779e+00  1.10500000e-08  0.00000000e+00  1.10500000e-08  0.00000000e+00 
 1.10700000e-08  3.30001792e+00  1.10700000e-08  3.30002570e+00  1.10700000e-08  3.16104556e+00  1.10700000e-08  3.17578452e+00  1.10700000e-08  0.00000000e+00  1.10700000e-08  0.00000000e+00 
 1.10900000e-08  3.30001696e+00  1.10900000e-08  3.30002382e+00  1.10900000e-08  3.18302733e+00  1.10900000e-08  3.19638877e+00  1.10900000e-08  0.00000000e+00  1.10900000e-08  0.00000000e+00 
 1.11100000e-08  3.30001588e+00  1.11100000e-08  3.30002187e+00  1.11100000e-08  3.20128522e+00  1.11100000e-08  3.21340131e+00  1.11100000e-08  0.00000000e+00  1.11100000e-08  0.00000000e+00 
 1.11300000e-08  3.30001474e+00  1.11300000e-08  3.30001993e+00  1.11300000e-08  3.21641826e+00  1.11300000e-08  3.22741334e+00  1.11300000e-08  0.00000000e+00  1.11300000e-08  0.00000000e+00 
 1.11500000e-08  3.30001360e+00  1.11500000e-08  3.30001807e+00  1.11500000e-08  3.22894259e+00  1.11500000e-08  3.23893192e+00  1.11500000e-08  0.00000000e+00  1.11500000e-08  0.00000000e+00 
 1.11700000e-08  3.30001247e+00  1.11700000e-08  3.30001630e+00  1.11700000e-08  3.23929828e+00  1.11700000e-08  3.24838763e+00  1.11700000e-08  0.00000000e+00  1.11700000e-08  0.00000000e+00 
 1.11900000e-08  3.30001139e+00  1.11900000e-08  3.30001466e+00  1.11900000e-08  3.24785748e+00  1.11900000e-08  3.25614306e+00  1.11900000e-08  0.00000000e+00  1.11900000e-08  0.00000000e+00 
 1.12100000e-08  3.30001036e+00  1.12100000e-08  3.30001314e+00  1.12100000e-08  3.25493271e+00  1.12100000e-08  3.26250148e+00  1.12100000e-08  0.00000000e+00  1.12100000e-08  0.00000000e+00 
 1.12300000e-08  3.30000940e+00  1.12300000e-08  3.30001176e+00  1.12300000e-08  3.26078497e+00  1.12300000e-08  3.26771508e+00  1.12300000e-08  0.00000000e+00  1.12300000e-08  0.00000000e+00 
 1.12500000e-08  3.30000851e+00  1.12500000e-08  3.30001051e+00  1.12500000e-08  3.26563121e+00  1.12500000e-08  3.27199262e+00  1.12500000e-08  0.00000000e+00  1.12500000e-08  0.00000000e+00 
 1.12700000e-08  3.30000770e+00  1.12700000e-08  3.30000939e+00  1.12700000e-08  3.26965109e+00  1.12700000e-08  3.27550617e+00  1.12700000e-08  0.00000000e+00  1.12700000e-08  0.00000000e+00 
 1.12900000e-08  3.30000695e+00  1.12900000e-08  3.30000838e+00  1.12900000e-08  3.27299286e+00  1.12900000e-08  3.27839710e+00  1.12900000e-08  0.00000000e+00  1.12900000e-08  0.00000000e+00 
 1.13100000e-08  3.30000627e+00  1.13100000e-08  3.30000748e+00  1.13100000e-08  3.27577860e+00  1.13100000e-08  3.28078120e+00  1.13100000e-08  0.00000000e+00  1.13100000e-08  0.00000000e+00 
 1.13300000e-08  3.30000565e+00  1.13300000e-08  3.30000668e+00  1.13300000e-08  3.27810857e+00  1.13300000e-08  3.28275309e+00  1.13300000e-08  0.00000000e+00  1.13300000e-08  0.00000000e+00 
 1.13500000e-08  3.30000510e+00  1.13500000e-08  3.30000597e+00  1.13500000e-08  3.28006496e+00  1.13500000e-08  3.28438988e+00  1.13500000e-08  0.00000000e+00  1.13500000e-08  0.00000000e+00 
 1.13700000e-08  3.30000460e+00  1.13700000e-08  3.30000534e+00  1.13700000e-08  3.28171506e+00  1.13700000e-08  3.28575438e+00  1.13700000e-08  0.00000000e+00  1.13700000e-08  0.00000000e+00 
 1.13900000e-08  3.30000415e+00  1.13900000e-08  3.30000478e+00  1.13900000e-08  3.28311389e+00  1.13900000e-08  3.28689756e+00  1.13900000e-08  0.00000000e+00  1.13900000e-08  0.00000000e+00 
 1.14100000e-08  3.30000375e+00  1.14100000e-08  3.30000429e+00  1.14100000e-08  3.28430638e+00  1.14100000e-08  3.28786081e+00  1.14100000e-08  0.00000000e+00  1.14100000e-08  0.00000000e+00 
 1.14300000e-08  3.30000339e+00  1.14300000e-08  3.30000385e+00  1.14300000e-08  3.28532922e+00  1.14300000e-08  3.28867764e+00  1.14300000e-08  0.00000000e+00  1.14300000e-08  0.00000000e+00 
 1.14500000e-08  3.30000307e+00  1.14500000e-08  3.30000346e+00  1.14500000e-08  3.28621231e+00  1.14500000e-08  3.28937523e+00  1.14500000e-08  0.00000000e+00  1.14500000e-08  0.00000000e+00 
 1.14700000e-08  3.30000278e+00  1.14700000e-08  3.30000312e+00  1.14700000e-08  3.28698005e+00  1.14700000e-08  3.28997549e+00  1.14700000e-08  0.00000000e+00  1.14700000e-08  0.00000000e+00 
 1.14900000e-08  3.30000252e+00  1.14900000e-08  3.30000281e+00  1.14900000e-08  3.28765233e+00  1.14900000e-08  3.29049620e+00  1.14900000e-08  0.00000000e+00  1.14900000e-08  0.00000000e+00 
 1.15100000e-08  3.30000229e+00  1.15100000e-08  3.30000254e+00  1.15100000e-08  3.28824537e+00  1.15100000e-08  3.29095168e+00  1.15100000e-08  0.00000000e+00  1.15100000e-08  0.00000000e+00 
 1.15300000e-08  3.30000208e+00  1.15300000e-08  3.30000230e+00  1.15300000e-08  3.28877239e+00  1.15300000e-08  3.29135353e+00  1.15300000e-08  0.00000000e+00  1.15300000e-08  0.00000000e+00 
 1.15500000e-08  3.30000190e+00  1.15500000e-08  3.30000209e+00  1.15500000e-08  3.28924419e+00  1.15500000e-08  3.29171109e+00  1.15500000e-08  0.00000000e+00  1.15500000e-08  0.00000000e+00 
 1.15700000e-08  3.30000173e+00  1.15700000e-08  3.30000190e+00  1.15700000e-08  3.28966959e+00  1.15700000e-08  3.29203194e+00  1.15700000e-08  0.00000000e+00  1.15700000e-08  0.00000000e+00 
 1.15900000e-08  3.30000159e+00  1.15900000e-08  3.30000173e+00  1.15900000e-08  3.29005579e+00  1.15900000e-08  3.29232216e+00  1.15900000e-08  0.00000000e+00  1.15900000e-08  0.00000000e+00 
 1.16100000e-08  3.30000145e+00  1.16100000e-08  3.30000158e+00  1.16100000e-08  3.29040870e+00  1.16100000e-08  3.29258672e+00  1.16100000e-08  0.00000000e+00  1.16100000e-08  0.00000000e+00 
 1.16300000e-08  3.30000133e+00  1.16300000e-08  3.30000145e+00  1.16300000e-08  3.29073317e+00  1.16300000e-08  3.29282960e+00  1.16300000e-08  0.00000000e+00  1.16300000e-08  0.00000000e+00 
 1.16500000e-08  3.30000123e+00  1.16500000e-08  3.30000133e+00  1.16500000e-08  3.29103316e+00  1.16500000e-08  3.29305407e+00  1.16500000e-08  0.00000000e+00  1.16500000e-08  0.00000000e+00 
 1.16700000e-08  3.30000113e+00  1.16700000e-08  3.30000122e+00  1.16700000e-08  3.29131196e+00  1.16700000e-08  3.29326275e+00  1.16700000e-08  0.00000000e+00  1.16700000e-08  0.00000000e+00 
 1.16900000e-08  3.30000104e+00  1.16900000e-08  3.30000112e+00  1.16900000e-08  3.29157228e+00  1.16900000e-08  3.29345780e+00  1.16900000e-08  0.00000000e+00  1.16900000e-08  0.00000000e+00 
 1.17100000e-08  3.30000096e+00  1.17100000e-08  3.30000103e+00  1.17100000e-08  3.29181639e+00  1.17100000e-08  3.29364097e+00  1.17100000e-08  0.00000000e+00  1.17100000e-08  0.00000000e+00 
 1.17300000e-08  3.30000089e+00  1.17300000e-08  3.30000095e+00  1.17300000e-08  3.29204612e+00  1.17300000e-08  3.29381372e+00  1.17300000e-08  0.00000000e+00  1.17300000e-08  0.00000000e+00 
 1.17500000e-08  3.30000083e+00  1.17500000e-08  3.30000088e+00  1.17500000e-08  3.29226308e+00  1.17500000e-08  3.29397720e+00  1.17500000e-08  0.00000000e+00  1.17500000e-08  0.00000000e+00 
 1.17700000e-08  3.30000077e+00  1.17700000e-08  3.30000082e+00  1.17700000e-08  3.29246855e+00  1.17700000e-08  3.29413244e+00  1.17700000e-08  0.00000000e+00  1.17700000e-08  0.00000000e+00 
 1.17900000e-08  3.30000071e+00  1.17900000e-08  3.30000076e+00  1.17900000e-08  3.29266368e+00  1.17900000e-08  3.29428021e+00  1.17900000e-08  0.00000000e+00  1.17900000e-08  0.00000000e+00 
 1.18100000e-08  3.30000066e+00  1.18100000e-08  3.30000071e+00  1.18100000e-08  3.29284938e+00  1.18100000e-08  3.29442124e+00  1.18100000e-08  0.00000000e+00  1.18100000e-08  0.00000000e+00 
 1.18300000e-08  3.30000062e+00  1.18300000e-08  3.30000066e+00  1.18300000e-08  3.29302648e+00  1.18300000e-08  3.29455607e+00  1.18300000e-08  0.00000000e+00  1.18300000e-08  0.00000000e+00 
 1.18500000e-08  3.30000058e+00  1.18500000e-08  3.30000062e+00  1.18500000e-08  3.29319567e+00  1.18500000e-08  3.29468523e+00  1.18500000e-08  0.00000000e+00  1.18500000e-08  0.00000000e+00 
 1.18700000e-08  3.30000054e+00  1.18700000e-08  3.30000058e+00  1.18700000e-08  3.29335756e+00  1.18700000e-08  3.29480911e+00  1.18700000e-08  0.00000000e+00  1.18700000e-08  0.00000000e+00 
 1.18900000e-08  3.30000051e+00  1.18900000e-08  3.30000054e+00  1.18900000e-08  3.29351267e+00  1.18900000e-08  3.29492811e+00  1.18900000e-08  0.00000000e+00  1.18900000e-08  0.00000000e+00 
 1.19100000e-08  3.30000048e+00  1.19100000e-08  3.30000050e+00  1.19100000e-08  3.29366147e+00  1.19100000e-08  3.29504251e+00  1.19100000e-08  0.00000000e+00  1.19100000e-08  0.00000000e+00 
 1.19300000e-08  3.30000045e+00  1.19300000e-08  3.30000047e+00  1.19300000e-08  3.29380437e+00  1.19300000e-08  3.29515263e+00  1.19300000e-08  0.00000000e+00  1.19300000e-08  0.00000000e+00 
 1.19500000e-08  3.30000042e+00  1.19500000e-08  3.30000045e+00  1.19500000e-08  3.29394174e+00  1.19500000e-08  3.29525868e+00  1.19500000e-08  0.00000000e+00  1.19500000e-08  0.00000000e+00 
 1.19700000e-08  3.30000040e+00  1.19700000e-08  3.30000042e+00  1.19700000e-08  3.29407389e+00  1.19700000e-08  3.29536093e+00  1.19700000e-08  0.00000000e+00  1.19700000e-08  0.00000000e+00 
 1.19900000e-08  3.30000037e+00  1.19900000e-08  3.30000040e+00  1.19900000e-08  3.29420114e+00  1.19900000e-08  3.29545954e+00  1.19900000e-08  0.00000000e+00  1.19900000e-08  0.00000000e+00 
 1.20100000e-08  3.30000035e+00  1.20100000e-08  3.30000037e+00  1.20100000e-08  3.29432375e+00  1.20100000e-08  3.29555473e+00  1.20100000e-08  0.00000000e+00  1.20100000e-08  0.00000000e+00 
 1.20300000e-08  3.30000033e+00  1.20300000e-08  3.30000035e+00  1.20300000e-08  3.29444197e+00  1.20300000e-08  3.29564664e+00  1.20300000e-08  0.00000000e+00  1.20300000e-08  0.00000000e+00 
 1.20500000e-08  3.30000032e+00  1.20500000e-08  3.30000033e+00  1.20500000e-08  3.29455601e+00  1.20500000e-08  3.29573544e+00  1.20500000e-08  0.00000000e+00  1.20500000e-08  0.00000000e+00 
 1.20700000e-08  3.30000030e+00  1.20700000e-08  3.30000032e+00  1.20700000e-08  3.29466611e+00  1.20700000e-08  3.29582127e+00  1.20700000e-08  0.00000000e+00  1.20700000e-08  0.00000000e+00 
 1.20900000e-08  3.30000028e+00  1.20900000e-08  3.30000030e+00  1.20900000e-08  3.29477243e+00  1.20900000e-08  3.29590427e+00  1.20900000e-08  0.00000000e+00  1.20900000e-08  0.00000000e+00 
 1.21100000e-08  3.30000027e+00  1.21100000e-08  3.30000028e+00  1.21100000e-08  3.29487518e+00  1.21100000e-08  3.29598455e+00  1.21100000e-08  0.00000000e+00  1.21100000e-08  0.00000000e+00 
 1.21300000e-08  3.30000026e+00  1.21300000e-08  3.30000027e+00  1.21300000e-08  3.29497449e+00  1.21300000e-08  3.29606225e+00  1.21300000e-08  0.00000000e+00  1.21300000e-08  0.00000000e+00 
 1.21500000e-08  3.30000024e+00  1.21500000e-08  3.30000026e+00  1.21500000e-08  3.29507056e+00  1.21500000e-08  3.29613746e+00  1.21500000e-08  0.00000000e+00  1.21500000e-08  0.00000000e+00 
 1.21700000e-08  3.30000023e+00  1.21700000e-08  3.30000024e+00  1.21700000e-08  3.29516350e+00  1.21700000e-08  3.29621030e+00  1.21700000e-08  0.00000000e+00  1.21700000e-08  0.00000000e+00 
 1.21900000e-08  3.30000022e+00  1.21900000e-08  3.30000023e+00  1.21900000e-08  3.29525348e+00  1.21900000e-08  3.29628086e+00  1.21900000e-08  0.00000000e+00  1.21900000e-08  0.00000000e+00 
 1.22100000e-08  3.30000021e+00  1.22100000e-08  3.30000022e+00  1.22100000e-08  3.29534059e+00  1.22100000e-08  3.29634924e+00  1.22100000e-08  0.00000000e+00  1.22100000e-08  0.00000000e+00 
 1.22300000e-08  3.30000020e+00  1.22300000e-08  3.30000021e+00  1.22300000e-08  3.29542500e+00  1.22300000e-08  3.29641552e+00  1.22300000e-08  0.00000000e+00  1.22300000e-08  0.00000000e+00 
 1.22500000e-08  3.30000019e+00  1.22500000e-08  3.30000020e+00  1.22500000e-08  3.29550678e+00  1.22500000e-08  3.29647980e+00  1.22500000e-08  0.00000000e+00  1.22500000e-08  0.00000000e+00 
 1.22700000e-08  3.30000018e+00  1.22700000e-08  3.30000019e+00  1.22700000e-08  3.29558608e+00  1.22700000e-08  3.29654214e+00  1.22700000e-08  0.00000000e+00  1.22700000e-08  0.00000000e+00 
 1.22900000e-08  3.30000018e+00  1.22900000e-08  3.30000018e+00  1.22900000e-08  3.29566297e+00  1.22900000e-08  3.29660263e+00  1.22900000e-08  0.00000000e+00  1.22900000e-08  0.00000000e+00 
 1.23100000e-08  3.30000017e+00  1.23100000e-08  3.30000018e+00  1.23100000e-08  3.29573757e+00  1.23100000e-08  3.29666133e+00  1.23100000e-08  0.00000000e+00  1.23100000e-08  0.00000000e+00 
 1.23300000e-08  3.30000016e+00  1.23300000e-08  3.30000017e+00  1.23300000e-08  3.29580996e+00  1.23300000e-08  3.29671833e+00  1.23300000e-08  0.00000000e+00  1.23300000e-08  0.00000000e+00 
 1.23500000e-08  3.30000016e+00  1.23500000e-08  3.30000016e+00  1.23500000e-08  3.29588024e+00  1.23500000e-08  3.29677368e+00  1.23500000e-08  0.00000000e+00  1.23500000e-08  0.00000000e+00 
 1.23700000e-08  3.30000015e+00  1.23700000e-08  3.30000016e+00  1.23700000e-08  3.29594848e+00  1.23700000e-08  3.29682745e+00  1.23700000e-08  0.00000000e+00  1.23700000e-08  0.00000000e+00 
 1.23900000e-08  3.30000014e+00  1.23900000e-08  3.30000015e+00  1.23900000e-08  3.29601478e+00  1.23900000e-08  3.29687969e+00  1.23900000e-08  0.00000000e+00  1.23900000e-08  0.00000000e+00 
 1.24100000e-08  3.30000014e+00  1.24100000e-08  3.30000014e+00  1.24100000e-08  3.29607919e+00  1.24100000e-08  3.29693048e+00  1.24100000e-08  0.00000000e+00  1.24100000e-08  0.00000000e+00 
 1.24300000e-08  3.30000013e+00  1.24300000e-08  3.30000014e+00  1.24300000e-08  3.29614181e+00  1.24300000e-08  3.29697984e+00  1.24300000e-08  0.00000000e+00  1.24300000e-08  0.00000000e+00 
 1.24500000e-08  3.30000013e+00  1.24500000e-08  3.30000013e+00  1.24500000e-08  3.29620268e+00  1.24500000e-08  3.29702786e+00  1.24500000e-08  0.00000000e+00  1.24500000e-08  0.00000000e+00 
 1.24700000e-08  3.30000012e+00  1.24700000e-08  3.30000013e+00  1.24700000e-08  3.29626189e+00  1.24700000e-08  3.29707456e+00  1.24700000e-08  0.00000000e+00  1.24700000e-08  0.00000000e+00 
 1.24900000e-08  3.30000012e+00  1.24900000e-08  3.30000012e+00  1.24900000e-08  3.29631949e+00  1.24900000e-08  3.29712001e+00  1.24900000e-08  0.00000000e+00  1.24900000e-08  0.00000000e+00 
 1.25100000e-08  3.30000011e+00  1.25100000e-08  3.30000012e+00  1.25100000e-08  3.29637555e+00  1.25100000e-08  3.29716424e+00  1.25100000e-08  0.00000000e+00  1.25100000e-08  0.00000000e+00 
 1.25300000e-08  3.30000011e+00  1.25300000e-08  3.30000011e+00  1.25300000e-08  3.29643012e+00  1.25300000e-08  3.29720731e+00  1.25300000e-08  0.00000000e+00  1.25300000e-08  0.00000000e+00 
 1.25500000e-08  3.30000011e+00  1.25500000e-08  3.30000011e+00  1.25500000e-08  3.29648325e+00  1.25500000e-08  3.29724923e+00  1.25500000e-08  0.00000000e+00  1.25500000e-08  0.00000000e+00 
 1.25700000e-08  3.30000010e+00  1.25700000e-08  3.30000011e+00  1.25700000e-08  3.29653499e+00  1.25700000e-08  3.29729008e+00  1.25700000e-08  0.00000000e+00  1.25700000e-08  0.00000000e+00 
 1.25900000e-08  3.30000010e+00  1.25900000e-08  3.30000010e+00  1.25900000e-08  3.29658541e+00  1.25900000e-08  3.29732988e+00  1.25900000e-08  0.00000000e+00  1.25900000e-08  0.00000000e+00 
 1.26100000e-08  3.30000009e+00  1.26100000e-08  3.30000010e+00  1.26100000e-08  3.29663453e+00  1.26100000e-08  3.29736866e+00  1.26100000e-08  0.00000000e+00  1.26100000e-08  0.00000000e+00 
 1.26300000e-08  3.30000009e+00  1.26300000e-08  3.30000009e+00  1.26300000e-08  3.29668242e+00  1.26300000e-08  3.29740646e+00  1.26300000e-08  0.00000000e+00  1.26300000e-08  0.00000000e+00 
 1.26500000e-08  3.30000009e+00  1.26500000e-08  3.30000009e+00  1.26500000e-08  3.29672910e+00  1.26500000e-08  3.29744333e+00  1.26500000e-08  0.00000000e+00  1.26500000e-08  0.00000000e+00 
 1.26700000e-08  3.30000009e+00  1.26700000e-08  3.30000009e+00  1.26700000e-08  3.29677464e+00  1.26700000e-08  3.29747927e+00  1.26700000e-08  0.00000000e+00  1.26700000e-08  0.00000000e+00 
 1.26900000e-08  3.30000008e+00  1.26900000e-08  3.30000009e+00  1.26900000e-08  3.29681905e+00  1.26900000e-08  3.29751435e+00  1.26900000e-08  0.00000000e+00  1.26900000e-08  0.00000000e+00 
 1.27100000e-08  3.30000008e+00  1.27100000e-08  3.30000008e+00  1.27100000e-08  3.29686239e+00  1.27100000e-08  3.29754856e+00  1.27100000e-08  0.00000000e+00  1.27100000e-08  0.00000000e+00 
 1.27300000e-08  3.30000008e+00  1.27300000e-08  3.30000008e+00  1.27300000e-08  3.29690468e+00  1.27300000e-08  3.29758195e+00  1.27300000e-08  0.00000000e+00  1.27300000e-08  0.00000000e+00 
 1.27500000e-08  3.30000007e+00  1.27500000e-08  3.30000008e+00  1.27500000e-08  3.29694597e+00  1.27500000e-08  3.29761455e+00  1.27500000e-08  0.00000000e+00  1.27500000e-08  0.00000000e+00 
 1.27700000e-08  3.30000007e+00  1.27700000e-08  3.30000007e+00  1.27700000e-08  3.29698627e+00  1.27700000e-08  3.29764638e+00  1.27700000e-08  0.00000000e+00  1.27700000e-08  0.00000000e+00 
 1.27900000e-08  3.30000007e+00  1.27900000e-08  3.30000007e+00  1.27900000e-08  3.29702564e+00  1.27900000e-08  3.29767746e+00  1.27900000e-08  0.00000000e+00  1.27900000e-08  0.00000000e+00 
 1.28100000e-08  3.30000007e+00  1.28100000e-08  3.30000007e+00  1.28100000e-08  3.29706410e+00  1.28100000e-08  3.29770782e+00  1.28100000e-08  0.00000000e+00  1.28100000e-08  0.00000000e+00 
 1.28300000e-08  3.30000007e+00  1.28300000e-08  3.30000007e+00  1.28300000e-08  3.29710168e+00  1.28300000e-08  3.29773749e+00  1.28300000e-08  0.00000000e+00  1.28300000e-08  0.00000000e+00 
 1.28500000e-08  3.30000006e+00  1.28500000e-08  3.30000007e+00  1.28500000e-08  3.29713839e+00  1.28500000e-08  3.29776648e+00  1.28500000e-08  0.00000000e+00  1.28500000e-08  0.00000000e+00 
 1.28700000e-08  3.30000006e+00  1.28700000e-08  3.30000006e+00  1.28700000e-08  3.29717429e+00  1.28700000e-08  3.29779481e+00  1.28700000e-08  0.00000000e+00  1.28700000e-08  0.00000000e+00 
 1.28900000e-08  3.30000006e+00  1.28900000e-08  3.30000006e+00  1.28900000e-08  3.29720938e+00  1.28900000e-08  3.29782252e+00  1.28900000e-08  0.00000000e+00  1.28900000e-08  0.00000000e+00 
 1.29100000e-08  3.30000006e+00  1.29100000e-08  3.30000006e+00  1.29100000e-08  3.29724370e+00  1.29100000e-08  3.29784960e+00  1.29100000e-08  0.00000000e+00  1.29100000e-08  0.00000000e+00 
 1.29300000e-08  3.30000006e+00  1.29300000e-08  3.30000006e+00  1.29300000e-08  3.29727726e+00  1.29300000e-08  3.29787610e+00  1.29300000e-08  0.00000000e+00  1.29300000e-08  0.00000000e+00 
 1.29500000e-08  3.30000006e+00  1.29500000e-08  3.30000006e+00  1.29500000e-08  3.29731010e+00  1.29500000e-08  3.29790201e+00  1.29500000e-08  0.00000000e+00  1.29500000e-08  0.00000000e+00 
 1.29700000e-08  3.30000005e+00  1.29700000e-08  3.30000006e+00  1.29700000e-08  3.29734223e+00  1.29700000e-08  3.29792737e+00  1.29700000e-08  0.00000000e+00  1.29700000e-08  0.00000000e+00 
 1.29900000e-08  3.30000005e+00  1.29900000e-08  3.30000005e+00  1.29900000e-08  3.29737368e+00  1.29900000e-08  3.29795218e+00  1.29900000e-08  0.00000000e+00  1.29900000e-08  0.00000000e+00 
 1.30100000e-08  3.30000005e+00  1.30100000e-08  3.30000005e+00  1.30100000e-08  3.29740445e+00  1.30100000e-08  3.29797647e+00  1.30100000e-08  0.00000000e+00  1.30100000e-08  0.00000000e+00 
 1.30300000e-08  3.30000005e+00  1.30300000e-08  3.30000005e+00  1.30300000e-08  3.29743459e+00  1.30300000e-08  3.29800025e+00  1.30300000e-08  0.00000000e+00  1.30300000e-08  0.00000000e+00 
 1.30500000e-08  3.30000005e+00  1.30500000e-08  3.30000005e+00  1.30500000e-08  3.29746410e+00  1.30500000e-08  3.29802353e+00  1.30500000e-08  0.00000000e+00  1.30500000e-08  0.00000000e+00 
 1.30700000e-08  3.30000005e+00  1.30700000e-08  3.30000005e+00  1.30700000e-08  3.29749300e+00  1.30700000e-08  3.29804633e+00  1.30700000e-08  0.00000000e+00  1.30700000e-08  0.00000000e+00 
 1.30900000e-08  3.30000005e+00  1.30900000e-08  3.30000005e+00  1.30900000e-08  3.29752131e+00  1.30900000e-08  3.29806866e+00  1.30900000e-08  0.00000000e+00  1.30900000e-08  0.00000000e+00 
 1.31100000e-08  3.30000004e+00  1.31100000e-08  3.30000005e+00  1.31100000e-08  3.29754905e+00  1.31100000e-08  3.29809054e+00  1.31100000e-08  0.00000000e+00  1.31100000e-08  0.00000000e+00 
 1.31300000e-08  3.30000004e+00  1.31300000e-08  3.30000004e+00  1.31300000e-08  3.29757623e+00  1.31300000e-08  3.29811198e+00  1.31300000e-08  0.00000000e+00  1.31300000e-08  0.00000000e+00 
 1.31500000e-08  3.30000004e+00  1.31500000e-08  3.30000004e+00  1.31500000e-08  3.29760287e+00  1.31500000e-08  3.29813298e+00  1.31500000e-08  0.00000000e+00  1.31500000e-08  0.00000000e+00 
 1.31700000e-08  3.30000004e+00  1.31700000e-08  3.30000004e+00  1.31700000e-08  3.29762898e+00  1.31700000e-08  3.29815358e+00  1.31700000e-08  0.00000000e+00  1.31700000e-08  0.00000000e+00 
 1.31900000e-08  3.30000004e+00  1.31900000e-08  3.30000004e+00  1.31900000e-08  3.29765458e+00  1.31900000e-08  3.29817376e+00  1.31900000e-08  0.00000000e+00  1.31900000e-08  0.00000000e+00 
 1.32100000e-08  3.30000004e+00  1.32100000e-08  3.30000004e+00  1.32100000e-08  3.29767969e+00  1.32100000e-08  3.29819356e+00  1.32100000e-08  0.00000000e+00  1.32100000e-08  0.00000000e+00 
 1.32300000e-08  3.30000004e+00  1.32300000e-08  3.30000004e+00  1.32300000e-08  3.29770431e+00  1.32300000e-08  3.29821296e+00  1.32300000e-08  0.00000000e+00  1.32300000e-08  0.00000000e+00 
 1.32500000e-08  3.30000004e+00  1.32500000e-08  3.30000004e+00  1.32500000e-08  3.29772846e+00  1.32500000e-08  3.29823201e+00  1.32500000e-08  0.00000000e+00  1.32500000e-08  0.00000000e+00 
 1.32700000e-08  3.30000004e+00  1.32700000e-08  3.30000004e+00  1.32700000e-08  3.29775216e+00  1.32700000e-08  3.29825068e+00  1.32700000e-08  0.00000000e+00  1.32700000e-08  0.00000000e+00 
 1.32900000e-08  3.30000004e+00  1.32900000e-08  3.30000004e+00  1.32900000e-08  3.29777540e+00  1.32900000e-08  3.29826900e+00  1.32900000e-08  0.00000000e+00  1.32900000e-08  0.00000000e+00 
 1.33100000e-08  3.30000003e+00  1.33100000e-08  3.30000004e+00  1.33100000e-08  3.29779822e+00  1.33100000e-08  3.29828698e+00  1.33100000e-08  0.00000000e+00  1.33100000e-08  0.00000000e+00 
 1.33300000e-08  3.30000003e+00  1.33300000e-08  3.30000003e+00  1.33300000e-08  3.29782061e+00  1.33300000e-08  3.29830462e+00  1.33300000e-08  0.00000000e+00  1.33300000e-08  0.00000000e+00 
 1.33500000e-08  3.30000003e+00  1.33500000e-08  3.30000003e+00  1.33500000e-08  3.29784259e+00  1.33500000e-08  3.29832194e+00  1.33500000e-08  0.00000000e+00  1.33500000e-08  0.00000000e+00 
 1.33700000e-08  3.30000003e+00  1.33700000e-08  3.30000003e+00  1.33700000e-08  3.29786417e+00  1.33700000e-08  3.29833894e+00  1.33700000e-08  0.00000000e+00  1.33700000e-08  0.00000000e+00 
 1.33900000e-08  3.30000003e+00  1.33900000e-08  3.30000003e+00  1.33900000e-08  3.29788536e+00  1.33900000e-08  3.29835563e+00  1.33900000e-08  0.00000000e+00  1.33900000e-08  0.00000000e+00 
 1.34100000e-08  3.30000003e+00  1.34100000e-08  3.30000003e+00  1.34100000e-08  3.29790617e+00  1.34100000e-08  3.29837202e+00  1.34100000e-08  0.00000000e+00  1.34100000e-08  0.00000000e+00 
 1.34300000e-08  3.30000003e+00  1.34300000e-08  3.30000003e+00  1.34300000e-08  3.29792661e+00  1.34300000e-08  3.29838812e+00  1.34300000e-08  0.00000000e+00  1.34300000e-08  0.00000000e+00 
 1.34500000e-08  3.30000003e+00  1.34500000e-08  3.30000003e+00  1.34500000e-08  3.29794669e+00  1.34500000e-08  3.29840393e+00  1.34500000e-08  0.00000000e+00  1.34500000e-08  0.00000000e+00 
 1.34700000e-08  3.30000003e+00  1.34700000e-08  3.30000003e+00  1.34700000e-08  3.29796642e+00  1.34700000e-08  3.29841946e+00  1.34700000e-08  0.00000000e+00  1.34700000e-08  0.00000000e+00 
 1.34900000e-08  3.30000003e+00  1.34900000e-08  3.30000003e+00  1.34900000e-08  3.29798580e+00  1.34900000e-08  3.29843472e+00  1.34900000e-08  0.00000000e+00  1.34900000e-08  0.00000000e+00 
 1.35100000e-08  3.30000003e+00  1.35100000e-08  3.30000003e+00  1.35100000e-08  3.29800485e+00  1.35100000e-08  3.29844971e+00  1.35100000e-08  0.00000000e+00  1.35100000e-08  0.00000000e+00 
 1.35300000e-08  3.30000003e+00  1.35300000e-08  3.30000003e+00  1.35300000e-08  3.29802357e+00  1.35300000e-08  3.29846445e+00  1.35300000e-08  0.00000000e+00  1.35300000e-08  0.00000000e+00 
 1.35500000e-08  3.30000003e+00  1.35500000e-08  3.30000003e+00  1.35500000e-08  3.29804198e+00  1.35500000e-08  3.29847893e+00  1.35500000e-08  0.00000000e+00  1.35500000e-08  0.00000000e+00 
 1.35700000e-08  3.30000003e+00  1.35700000e-08  3.30000003e+00  1.35700000e-08  3.29806006e+00  1.35700000e-08  3.29849317e+00  1.35700000e-08  0.00000000e+00  1.35700000e-08  0.00000000e+00 
 1.35900000e-08  3.30000002e+00  1.35900000e-08  3.30000003e+00  1.35900000e-08  3.29807786e+00  1.35900000e-08  3.29850717e+00  1.35900000e-08  0.00000000e+00  1.35900000e-08  0.00000000e+00 
 1.36100000e-08  3.30000002e+00  1.36100000e-08  3.30000002e+00  1.36100000e-08  3.29809535e+00  1.36100000e-08  3.29852093e+00  1.36100000e-08  0.00000000e+00  1.36100000e-08  0.00000000e+00 
 1.36300000e-08  3.30000002e+00  1.36300000e-08  3.30000002e+00  1.36300000e-08  3.29811255e+00  1.36300000e-08  3.29853446e+00  1.36300000e-08  0.00000000e+00  1.36300000e-08  0.00000000e+00 
 1.36500000e-08  3.30000002e+00  1.36500000e-08  3.30000002e+00  1.36500000e-08  3.29812947e+00  1.36500000e-08  3.29854778e+00  1.36500000e-08  0.00000000e+00  1.36500000e-08  0.00000000e+00 
 1.36700000e-08  3.30000002e+00  1.36700000e-08  3.30000002e+00  1.36700000e-08  3.29814612e+00  1.36700000e-08  3.29856086e+00  1.36700000e-08  0.00000000e+00  1.36700000e-08  0.00000000e+00 
 1.36900000e-08  3.30000002e+00  1.36900000e-08  3.30000002e+00  1.36900000e-08  3.29816249e+00  1.36900000e-08  3.29857375e+00  1.36900000e-08  0.00000000e+00  1.36900000e-08  0.00000000e+00 
 1.37100000e-08  3.30000002e+00  1.37100000e-08  3.30000002e+00  1.37100000e-08  3.29817861e+00  1.37100000e-08  3.29858641e+00  1.37100000e-08  0.00000000e+00  1.37100000e-08  0.00000000e+00 
 1.37300000e-08  3.30000002e+00  1.37300000e-08  3.30000002e+00  1.37300000e-08  3.29819446e+00  1.37300000e-08  3.29859888e+00  1.37300000e-08  0.00000000e+00  1.37300000e-08  0.00000000e+00 
 1.37500000e-08  3.30000002e+00  1.37500000e-08  3.30000002e+00  1.37500000e-08  3.29821006e+00  1.37500000e-08  3.29861114e+00  1.37500000e-08  0.00000000e+00  1.37500000e-08  0.00000000e+00 
 1.37700000e-08  3.30000002e+00  1.37700000e-08  3.30000002e+00  1.37700000e-08  3.29822542e+00  1.37700000e-08  3.29862322e+00  1.37700000e-08  0.00000000e+00  1.37700000e-08  0.00000000e+00 
 1.37900000e-08  3.30000002e+00  1.37900000e-08  3.30000002e+00  1.37900000e-08  3.29824054e+00  1.37900000e-08  3.29863510e+00  1.37900000e-08  0.00000000e+00  1.37900000e-08  0.00000000e+00 
 1.38100000e-08  3.30000002e+00  1.38100000e-08  3.30000002e+00  1.38100000e-08  3.29825542e+00  1.38100000e-08  3.29864680e+00  1.38100000e-08  0.00000000e+00  1.38100000e-08  0.00000000e+00 
 1.38300000e-08  3.30000002e+00  1.38300000e-08  3.30000002e+00  1.38300000e-08  3.29827008e+00  1.38300000e-08  3.29865831e+00  1.38300000e-08  0.00000000e+00  1.38300000e-08  0.00000000e+00 
 1.38500000e-08  3.30000002e+00  1.38500000e-08  3.30000002e+00  1.38500000e-08  3.29828450e+00  1.38500000e-08  3.29866965e+00  1.38500000e-08  0.00000000e+00  1.38500000e-08  0.00000000e+00 
 1.38700000e-08  3.30000002e+00  1.38700000e-08  3.30000002e+00  1.38700000e-08  3.29829871e+00  1.38700000e-08  3.29868081e+00  1.38700000e-08  0.00000000e+00  1.38700000e-08  0.00000000e+00 
 1.38900000e-08  3.30000002e+00  1.38900000e-08  3.30000002e+00  1.38900000e-08  3.29831271e+00  1.38900000e-08  3.29869181e+00  1.38900000e-08  0.00000000e+00  1.38900000e-08  0.00000000e+00 
 1.39100000e-08  3.30000002e+00  1.39100000e-08  3.30000002e+00  1.39100000e-08  3.29832649e+00  1.39100000e-08  3.29870263e+00  1.39100000e-08  0.00000000e+00  1.39100000e-08  0.00000000e+00 
 1.39300000e-08  3.30000002e+00  1.39300000e-08  3.30000002e+00  1.39300000e-08  3.29834007e+00  1.39300000e-08  3.29871330e+00  1.39300000e-08  0.00000000e+00  1.39300000e-08  0.00000000e+00 
 1.39500000e-08  3.30000002e+00  1.39500000e-08  3.30000002e+00  1.39500000e-08  3.29835345e+00  1.39500000e-08  3.29872380e+00  1.39500000e-08  0.00000000e+00  1.39500000e-08  0.00000000e+00 
 1.39700000e-08  3.30000002e+00  1.39700000e-08  3.30000002e+00  1.39700000e-08  3.29836662e+00  1.39700000e-08  3.29873415e+00  1.39700000e-08  0.00000000e+00  1.39700000e-08  0.00000000e+00 
 1.39900000e-08  3.30000002e+00  1.39900000e-08  3.30000002e+00  1.39900000e-08  3.29837961e+00  1.39900000e-08  3.29874434e+00  1.39900000e-08  0.00000000e+00  1.39900000e-08  0.00000000e+00 
 1.40100000e-08  3.30000002e+00  1.40100000e-08  3.30000002e+00  1.40100000e-08  3.29839241e+00  1.40100000e-08  3.29875439e+00  1.40100000e-08  0.00000000e+00  1.40100000e-08  0.00000000e+00 
 1.40300000e-08  3.30000002e+00  1.40300000e-08  3.30000002e+00  1.40300000e-08  3.29840502e+00  1.40300000e-08  3.29876429e+00  1.40300000e-08  0.00000000e+00  1.40300000e-08  0.00000000e+00 
 1.40500000e-08  3.30000002e+00  1.40500000e-08  3.30000002e+00  1.40500000e-08  3.29841745e+00  1.40500000e-08  3.29877405e+00  1.40500000e-08  0.00000000e+00  1.40500000e-08  0.00000000e+00 
 1.40700000e-08  3.30000001e+00  1.40700000e-08  3.30000002e+00  1.40700000e-08  3.29842971e+00  1.40700000e-08  3.29878366e+00  1.40700000e-08  0.00000000e+00  1.40700000e-08  0.00000000e+00 
 1.40900000e-08  3.30000001e+00  1.40900000e-08  3.30000001e+00  1.40900000e-08  3.29844179e+00  1.40900000e-08  3.29879315e+00  1.40900000e-08  0.00000000e+00  1.40900000e-08  0.00000000e+00 
 1.41100000e-08  3.30000001e+00  1.41100000e-08  3.30000001e+00  1.41100000e-08  3.29845370e+00  1.41100000e-08  3.29880249e+00  1.41100000e-08  0.00000000e+00  1.41100000e-08  0.00000000e+00 
 1.41300000e-08  3.30000001e+00  1.41300000e-08  3.30000001e+00  1.41300000e-08  3.29846544e+00  1.41300000e-08  3.29881170e+00  1.41300000e-08  0.00000000e+00  1.41300000e-08  0.00000000e+00 
 1.41500000e-08  3.30000001e+00  1.41500000e-08  3.30000001e+00  1.41500000e-08  3.29847702e+00  1.41500000e-08  3.29882078e+00  1.41500000e-08  0.00000000e+00  1.41500000e-08  0.00000000e+00 
 1.41700000e-08  3.30000001e+00  1.41700000e-08  3.30000001e+00  1.41700000e-08  3.29848844e+00  1.41700000e-08  3.29882974e+00  1.41700000e-08  0.00000000e+00  1.41700000e-08  0.00000000e+00 
 1.41900000e-08  3.30000001e+00  1.41900000e-08  3.30000001e+00  1.41900000e-08  3.29849971e+00  1.41900000e-08  3.29883857e+00  1.41900000e-08  0.00000000e+00  1.41900000e-08  0.00000000e+00 
 1.42100000e-08  3.30000001e+00  1.42100000e-08  3.30000001e+00  1.42100000e-08  3.29851081e+00  1.42100000e-08  3.29884729e+00  1.42100000e-08  0.00000000e+00  1.42100000e-08  0.00000000e+00 
 1.42300000e-08  3.30000001e+00  1.42300000e-08  3.30000001e+00  1.42300000e-08  3.29852177e+00  1.42300000e-08  3.29885587e+00  1.42300000e-08  0.00000000e+00  1.42300000e-08  0.00000000e+00 
 1.42500000e-08  3.30000001e+00  1.42500000e-08  3.30000001e+00  1.42500000e-08  3.29853258e+00  1.42500000e-08  3.29886435e+00  1.42500000e-08  0.00000000e+00  1.42500000e-08  0.00000000e+00 
 1.42700000e-08  3.30000001e+00  1.42700000e-08  3.30000001e+00  1.42700000e-08  3.29854324e+00  1.42700000e-08  3.29887271e+00  1.42700000e-08  0.00000000e+00  1.42700000e-08  0.00000000e+00 
 1.42900000e-08  3.30000001e+00  1.42900000e-08  3.30000001e+00  1.42900000e-08  3.29855376e+00  1.42900000e-08  3.29888096e+00  1.42900000e-08  0.00000000e+00  1.42900000e-08  0.00000000e+00 
 1.43100000e-08  3.30000001e+00  1.43100000e-08  3.30000001e+00  1.43100000e-08  3.29856415e+00  1.43100000e-08  3.29888909e+00  1.43100000e-08  0.00000000e+00  1.43100000e-08  0.00000000e+00 
 1.43300000e-08  3.30000001e+00  1.43300000e-08  3.30000001e+00  1.43300000e-08  3.29857439e+00  1.43300000e-08  3.29889713e+00  1.43300000e-08  0.00000000e+00  1.43300000e-08  0.00000000e+00 
 1.43500000e-08  3.30000001e+00  1.43500000e-08  3.30000001e+00  1.43500000e-08  3.29858450e+00  1.43500000e-08  3.29890505e+00  1.43500000e-08  0.00000000e+00  1.43500000e-08  0.00000000e+00 
 1.43700000e-08  3.30000001e+00  1.43700000e-08  3.30000001e+00  1.43700000e-08  3.29859448e+00  1.43700000e-08  3.29891287e+00  1.43700000e-08  0.00000000e+00  1.43700000e-08  0.00000000e+00 
 1.43900000e-08  3.30000001e+00  1.43900000e-08  3.30000001e+00  1.43900000e-08  3.29860433e+00  1.43900000e-08  3.29892058e+00  1.43900000e-08  0.00000000e+00  1.43900000e-08  0.00000000e+00 
 1.44100000e-08  3.30000001e+00  1.44100000e-08  3.30000001e+00  1.44100000e-08  3.29861405e+00  1.44100000e-08  3.29892820e+00  1.44100000e-08  0.00000000e+00  1.44100000e-08  0.00000000e+00 
 1.44300000e-08  3.30000001e+00  1.44300000e-08  3.30000001e+00  1.44300000e-08  3.29862365e+00  1.44300000e-08  3.29893571e+00  1.44300000e-08  0.00000000e+00  1.44300000e-08  0.00000000e+00 
 1.44500000e-08  3.30000001e+00  1.44500000e-08  3.30000001e+00  1.44500000e-08  3.29863312e+00  1.44500000e-08  3.29894314e+00  1.44500000e-08  0.00000000e+00  1.44500000e-08  0.00000000e+00 
 1.44700000e-08  3.30000001e+00  1.44700000e-08  3.30000001e+00  1.44700000e-08  3.29864248e+00  1.44700000e-08  3.29895046e+00  1.44700000e-08  0.00000000e+00  1.44700000e-08  0.00000000e+00 
 1.44900000e-08  3.30000001e+00  1.44900000e-08  3.30000001e+00  1.44900000e-08  3.29865171e+00  1.44900000e-08  3.29895770e+00  1.44900000e-08  0.00000000e+00  1.44900000e-08  0.00000000e+00 
 1.45100000e-08  3.30000001e+00  1.45100000e-08  3.30000001e+00  1.45100000e-08  3.29866084e+00  1.45100000e-08  3.29896484e+00  1.45100000e-08  0.00000000e+00  1.45100000e-08  0.00000000e+00 
 1.45300000e-08  3.30000001e+00  1.45300000e-08  3.30000001e+00  1.45300000e-08  3.29866984e+00  1.45300000e-08  3.29897189e+00  1.45300000e-08  0.00000000e+00  1.45300000e-08  0.00000000e+00 
 1.45500000e-08  3.30000001e+00  1.45500000e-08  3.30000001e+00  1.45500000e-08  3.29867874e+00  1.45500000e-08  3.29897885e+00  1.45500000e-08  0.00000000e+00  1.45500000e-08  0.00000000e+00 
 1.45700000e-08  3.30000001e+00  1.45700000e-08  3.30000001e+00  1.45700000e-08  3.29868752e+00  1.45700000e-08  3.29898573e+00  1.45700000e-08  0.00000000e+00  1.45700000e-08  0.00000000e+00 
 1.45900000e-08  3.30000001e+00  1.45900000e-08  3.30000001e+00  1.45900000e-08  3.29869620e+00  1.45900000e-08  3.29899252e+00  1.45900000e-08  0.00000000e+00  1.45900000e-08  0.00000000e+00 
 1.46100000e-08  3.30000001e+00  1.46100000e-08  3.30000001e+00  1.46100000e-08  3.29870477e+00  1.46100000e-08  3.29899923e+00  1.46100000e-08  0.00000000e+00  1.46100000e-08  0.00000000e+00 
 1.46300000e-08  3.30000001e+00  1.46300000e-08  3.30000001e+00  1.46300000e-08  3.29871325e+00  1.46300000e-08  3.29900586e+00  1.46300000e-08  0.00000000e+00  1.46300000e-08  0.00000000e+00 
 1.46500000e-08  3.30000001e+00  1.46500000e-08  3.30000001e+00  1.46500000e-08  3.29872161e+00  1.46500000e-08  3.29901241e+00  1.46500000e-08  0.00000000e+00  1.46500000e-08  0.00000000e+00 
 1.46700000e-08  3.30000001e+00  1.46700000e-08  3.30000001e+00  1.46700000e-08  3.29872988e+00  1.46700000e-08  3.29901887e+00  1.46700000e-08  0.00000000e+00  1.46700000e-08  0.00000000e+00 
 1.46900000e-08  3.30000001e+00  1.46900000e-08  3.30000001e+00  1.46900000e-08  3.29873804e+00  1.46900000e-08  3.29902526e+00  1.46900000e-08  0.00000000e+00  1.46900000e-08  0.00000000e+00 
 1.47100000e-08  3.30000001e+00  1.47100000e-08  3.30000001e+00  1.47100000e-08  3.29874611e+00  1.47100000e-08  3.29903157e+00  1.47100000e-08  0.00000000e+00  1.47100000e-08  0.00000000e+00 
 1.47300000e-08  3.30000001e+00  1.47300000e-08  3.30000001e+00  1.47300000e-08  3.29875409e+00  1.47300000e-08  3.29903781e+00  1.47300000e-08  0.00000000e+00  1.47300000e-08  0.00000000e+00 
 1.47500000e-08  3.30000001e+00  1.47500000e-08  3.30000001e+00  1.47500000e-08  3.29876197e+00  1.47500000e-08  3.29904397e+00  1.47500000e-08  0.00000000e+00  1.47500000e-08  0.00000000e+00 
 1.47700000e-08  3.30000001e+00  1.47700000e-08  3.30000001e+00  1.47700000e-08  3.29876975e+00  1.47700000e-08  3.29905006e+00  1.47700000e-08  0.00000000e+00  1.47700000e-08  0.00000000e+00 
 1.47900000e-08  3.30000001e+00  1.47900000e-08  3.30000001e+00  1.47900000e-08  3.29877746e+00  1.47900000e-08  3.29905608e+00  1.47900000e-08  0.00000000e+00  1.47900000e-08  0.00000000e+00 
 1.48100000e-08  3.30000001e+00  1.48100000e-08  3.30000001e+00  1.48100000e-08  3.29878506e+00  1.48100000e-08  3.29906203e+00  1.48100000e-08  0.00000000e+00  1.48100000e-08  0.00000000e+00 
 1.48300000e-08  3.30000001e+00  1.48300000e-08  3.30000001e+00  1.48300000e-08  3.29879259e+00  1.48300000e-08  3.29906791e+00  1.48300000e-08  0.00000000e+00  1.48300000e-08  0.00000000e+00 
 1.48500000e-08  3.30000001e+00  1.48500000e-08  3.30000001e+00  1.48500000e-08  3.29880002e+00  1.48500000e-08  3.29907372e+00  1.48500000e-08  0.00000000e+00  1.48500000e-08  0.00000000e+00 
 1.48700000e-08  3.30000001e+00  1.48700000e-08  3.30000001e+00  1.48700000e-08  3.29880737e+00  1.48700000e-08  3.29907947e+00  1.48700000e-08  0.00000000e+00  1.48700000e-08  0.00000000e+00 
 1.48900000e-08  3.30000001e+00  1.48900000e-08  3.30000001e+00  1.48900000e-08  3.29881464e+00  1.48900000e-08  3.29908515e+00  1.48900000e-08  0.00000000e+00  1.48900000e-08  0.00000000e+00 
 1.49100000e-08  3.30000001e+00  1.49100000e-08  3.30000001e+00  1.49100000e-08  3.29882182e+00  1.49100000e-08  3.29909076e+00  1.49100000e-08  0.00000000e+00  1.49100000e-08  0.00000000e+00 
 1.49300000e-08  3.30000001e+00  1.49300000e-08  3.30000001e+00  1.49300000e-08  3.29882893e+00  1.49300000e-08  3.29909632e+00  1.49300000e-08  0.00000000e+00  1.49300000e-08  0.00000000e+00 
 1.49500000e-08  3.30000001e+00  1.49500000e-08  3.30000001e+00  1.49500000e-08  3.29883595e+00  1.49500000e-08  3.29910180e+00  1.49500000e-08  0.00000000e+00  1.49500000e-08  0.00000000e+00 
 1.49700000e-08  3.30000001e+00  1.49700000e-08  3.30000001e+00  1.49700000e-08  3.29884290e+00  1.49700000e-08  3.29910723e+00  1.49700000e-08  0.00000000e+00  1.49700000e-08  0.00000000e+00 
 1.49900000e-08  3.30000001e+00  1.49900000e-08  3.30000001e+00  1.49900000e-08  3.29884977e+00  1.49900000e-08  3.29911260e+00  1.49900000e-08  0.00000000e+00  1.49900000e-08  0.00000000e+00 
 1.50100000e-08  3.30000001e+00  1.50100000e-08  3.30000001e+00  1.50100000e-08  3.29885656e+00  1.50100000e-08  3.29911791e+00  1.50100000e-08  0.00000000e+00  1.50100000e-08  0.00000000e+00 
 1.50300000e-08  3.30000001e+00  1.50300000e-08  3.30000001e+00  1.50300000e-08  3.29886329e+00  1.50300000e-08  3.29912315e+00  1.50300000e-08  0.00000000e+00  1.50300000e-08  0.00000000e+00 
 1.50500000e-08  3.30000001e+00  1.50500000e-08  3.30000001e+00  1.50500000e-08  3.29886993e+00  1.50500000e-08  3.29912835e+00  1.50500000e-08  0.00000000e+00  1.50500000e-08  0.00000000e+00 
 1.50700000e-08  3.30000001e+00  1.50700000e-08  3.30000001e+00  1.50700000e-08  3.29887651e+00  1.50700000e-08  3.29913348e+00  1.50700000e-08  0.00000000e+00  1.50700000e-08  0.00000000e+00 
 1.50900000e-08  3.30000001e+00  1.50900000e-08  3.30000001e+00  1.50900000e-08  3.29888301e+00  1.50900000e-08  3.29913856e+00  1.50900000e-08  0.00000000e+00  1.50900000e-08  0.00000000e+00 
 1.51100000e-08  3.30000001e+00  1.51100000e-08  3.30000001e+00  1.51100000e-08  3.29888945e+00  1.51100000e-08  3.29914358e+00  1.51100000e-08  0.00000000e+00  1.51100000e-08  0.00000000e+00 
 1.51300000e-08  3.30000001e+00  1.51300000e-08  3.30000001e+00  1.51300000e-08  3.29889581e+00  1.51300000e-08  3.29914855e+00  1.51300000e-08  0.00000000e+00  1.51300000e-08  0.00000000e+00 
 1.51500000e-08  3.30000001e+00  1.51500000e-08  3.30000001e+00  1.51500000e-08  3.29890211e+00  1.51500000e-08  3.29915346e+00  1.51500000e-08  0.00000000e+00  1.51500000e-08  0.00000000e+00 
 1.51700000e-08  3.30000001e+00  1.51700000e-08  3.30000001e+00  1.51700000e-08  3.29890834e+00  1.51700000e-08  3.29915833e+00  1.51700000e-08  0.00000000e+00  1.51700000e-08  0.00000000e+00 
 1.51900000e-08  3.30000001e+00  1.51900000e-08  3.30000001e+00  1.51900000e-08  3.29891451e+00  1.51900000e-08  3.29916314e+00  1.51900000e-08  0.00000000e+00  1.51900000e-08  0.00000000e+00 
 1.52100000e-08  3.30000001e+00  1.52100000e-08  3.30000001e+00  1.52100000e-08  3.29892060e+00  1.52100000e-08  3.29916791e+00  1.52100000e-08  0.00000000e+00  1.52100000e-08  0.00000000e+00 
 1.52300000e-08  3.30000000e+00  1.52300000e-08  3.30000001e+00  1.52300000e-08  3.29892664e+00  1.52300000e-08  3.29917261e+00  1.52300000e-08  0.00000000e+00  1.52300000e-08  0.00000000e+00 
 1.52500000e-08  3.30000001e+00  1.52500000e-08  3.30000001e+00  1.52500000e-08  3.29893262e+00  1.52500000e-08  3.29917728e+00  1.52500000e-08  0.00000000e+00  1.52500000e-08  0.00000000e+00 
 1.52700000e-08  3.30000000e+00  1.52700000e-08  3.30000001e+00  1.52700000e-08  3.29893853e+00  1.52700000e-08  3.29918189e+00  1.52700000e-08  0.00000000e+00  1.52700000e-08  0.00000000e+00 
 1.52900000e-08  3.30000000e+00  1.52900000e-08  3.30000000e+00  1.52900000e-08  3.29894438e+00  1.52900000e-08  3.29918646e+00  1.52900000e-08  0.00000000e+00  1.52900000e-08  0.00000000e+00 
 1.53100000e-08  3.30000000e+00  1.53100000e-08  3.30000000e+00  1.53100000e-08  3.29895017e+00  1.53100000e-08  3.29919097e+00  1.53100000e-08  0.00000000e+00  1.53100000e-08  0.00000000e+00 
 1.53300000e-08  3.30000000e+00  1.53300000e-08  3.30000000e+00  1.53300000e-08  3.29895590e+00  1.53300000e-08  3.29919545e+00  1.53300000e-08  0.00000000e+00  1.53300000e-08  0.00000000e+00 
 1.53500000e-08  3.30000000e+00  1.53500000e-08  3.30000000e+00  1.53500000e-08  3.29896158e+00  1.53500000e-08  3.29919987e+00  1.53500000e-08  0.00000000e+00  1.53500000e-08  0.00000000e+00 
 1.53700000e-08  3.30000000e+00  1.53700000e-08  3.30000000e+00  1.53700000e-08  3.29896720e+00  1.53700000e-08  3.29920425e+00  1.53700000e-08  0.00000000e+00  1.53700000e-08  0.00000000e+00 
 1.53900000e-08  3.30000000e+00  1.53900000e-08  3.30000000e+00  1.53900000e-08  3.29897276e+00  1.53900000e-08  3.29920858e+00  1.53900000e-08  0.00000000e+00  1.53900000e-08  0.00000000e+00 
 1.54100000e-08  3.30000000e+00  1.54100000e-08  3.30000000e+00  1.54100000e-08  3.29897826e+00  1.54100000e-08  3.29921288e+00  1.54100000e-08  0.00000000e+00  1.54100000e-08  0.00000000e+00 
 1.54300000e-08  3.30000000e+00  1.54300000e-08  3.30000000e+00  1.54300000e-08  3.29898371e+00  1.54300000e-08  3.29921713e+00  1.54300000e-08  0.00000000e+00  1.54300000e-08  0.00000000e+00 
 1.54500000e-08  3.30000000e+00  1.54500000e-08  3.30000000e+00  1.54500000e-08  3.29898911e+00  1.54500000e-08  3.29922134e+00  1.54500000e-08  0.00000000e+00  1.54500000e-08  0.00000000e+00 
 1.54700000e-08  3.30000000e+00  1.54700000e-08  3.30000000e+00  1.54700000e-08  3.29899445e+00  1.54700000e-08  3.29922550e+00  1.54700000e-08  0.00000000e+00  1.54700000e-08  0.00000000e+00 
 1.54900000e-08  3.30000000e+00  1.54900000e-08  3.30000000e+00  1.54900000e-08  3.29899974e+00  1.54900000e-08  3.29922963e+00  1.54900000e-08  0.00000000e+00  1.54900000e-08  0.00000000e+00 
 1.55100000e-08  3.30000000e+00  1.55100000e-08  3.30000000e+00  1.55100000e-08  3.29900498e+00  1.55100000e-08  3.29923370e+00  1.55100000e-08  0.00000000e+00  1.55100000e-08  0.00000000e+00 
 1.55300000e-08  3.30000000e+00  1.55300000e-08  3.30000000e+00  1.55300000e-08  3.29901016e+00  1.55300000e-08  3.29923775e+00  1.55300000e-08  0.00000000e+00  1.55300000e-08  0.00000000e+00 
 1.55500000e-08  3.30000000e+00  1.55500000e-08  3.30000000e+00  1.55500000e-08  3.29901530e+00  1.55500000e-08  3.29924175e+00  1.55500000e-08  0.00000000e+00  1.55500000e-08  0.00000000e+00 
 1.55700000e-08  3.30000000e+00  1.55700000e-08  3.30000000e+00  1.55700000e-08  3.29902039e+00  1.55700000e-08  3.29924572e+00  1.55700000e-08  0.00000000e+00  1.55700000e-08  0.00000000e+00 
 1.55900000e-08  3.30000000e+00  1.55900000e-08  3.30000000e+00  1.55900000e-08  3.29902543e+00  1.55900000e-08  3.29924964e+00  1.55900000e-08  0.00000000e+00  1.55900000e-08  0.00000000e+00 
 1.56100000e-08  3.30000000e+00  1.56100000e-08  3.30000000e+00  1.56100000e-08  3.29903042e+00  1.56100000e-08  3.29925353e+00  1.56100000e-08  0.00000000e+00  1.56100000e-08  0.00000000e+00 
 1.56300000e-08  3.30000000e+00  1.56300000e-08  3.30000000e+00  1.56300000e-08  3.29903536e+00  1.56300000e-08  3.29925738e+00  1.56300000e-08  0.00000000e+00  1.56300000e-08  0.00000000e+00 
 1.56500000e-08  3.30000000e+00  1.56500000e-08  3.30000000e+00  1.56500000e-08  3.29904025e+00  1.56500000e-08  3.29926120e+00  1.56500000e-08  0.00000000e+00  1.56500000e-08  0.00000000e+00 
 1.56700000e-08  3.30000000e+00  1.56700000e-08  3.30000000e+00  1.56700000e-08  3.29904511e+00  1.56700000e-08  3.29926497e+00  1.56700000e-08  0.00000000e+00  1.56700000e-08  0.00000000e+00 
 1.56900000e-08  3.30000000e+00  1.56900000e-08  3.30000000e+00  1.56900000e-08  3.29904991e+00  1.56900000e-08  3.29926871e+00  1.56900000e-08  0.00000000e+00  1.56900000e-08  0.00000000e+00 
 1.57100000e-08  3.30000000e+00  1.57100000e-08  3.30000000e+00  1.57100000e-08  3.29905467e+00  1.57100000e-08  3.29927241e+00  1.57100000e-08  0.00000000e+00  1.57100000e-08  0.00000000e+00 
 1.57300000e-08  3.30000000e+00  1.57300000e-08  3.30000000e+00  1.57300000e-08  3.29905938e+00  1.57300000e-08  3.29927609e+00  1.57300000e-08  0.00000000e+00  1.57300000e-08  0.00000000e+00 
 1.57500000e-08  3.30000000e+00  1.57500000e-08  3.30000000e+00  1.57500000e-08  3.29906405e+00  1.57500000e-08  3.29927972e+00  1.57500000e-08  0.00000000e+00  1.57500000e-08  0.00000000e+00 
 1.57700000e-08  3.30000000e+00  1.57700000e-08  3.30000000e+00  1.57700000e-08  3.29906868e+00  1.57700000e-08  3.29928333e+00  1.57700000e-08  0.00000000e+00  1.57700000e-08  0.00000000e+00 
 1.57900000e-08  3.30000000e+00  1.57900000e-08  3.30000000e+00  1.57900000e-08  3.29907326e+00  1.57900000e-08  3.29928689e+00  1.57900000e-08  0.00000000e+00  1.57900000e-08  0.00000000e+00 
 1.58100000e-08  3.30000000e+00  1.58100000e-08  3.30000000e+00  1.58100000e-08  3.29907780e+00  1.58100000e-08  3.29929043e+00  1.58100000e-08  0.00000000e+00  1.58100000e-08  0.00000000e+00 
 1.58300000e-08  3.30000000e+00  1.58300000e-08  3.30000000e+00  1.58300000e-08  3.29908230e+00  1.58300000e-08  3.29929393e+00  1.58300000e-08  0.00000000e+00  1.58300000e-08  0.00000000e+00 
 1.58500000e-08  3.30000000e+00  1.58500000e-08  3.30000000e+00  1.58500000e-08  3.29908676e+00  1.58500000e-08  3.29929741e+00  1.58500000e-08  0.00000000e+00  1.58500000e-08  0.00000000e+00 
 1.58700000e-08  3.30000000e+00  1.58700000e-08  3.30000000e+00  1.58700000e-08  3.29909118e+00  1.58700000e-08  3.29930084e+00  1.58700000e-08  0.00000000e+00  1.58700000e-08  0.00000000e+00 
 1.58900000e-08  3.30000000e+00  1.58900000e-08  3.30000000e+00  1.58900000e-08  3.29909556e+00  1.58900000e-08  3.29930426e+00  1.58900000e-08  0.00000000e+00  1.58900000e-08  0.00000000e+00 
 1.59100000e-08  3.30000000e+00  1.59100000e-08  3.30000000e+00  1.59100000e-08  3.29909990e+00  1.59100000e-08  3.29930763e+00  1.59100000e-08  0.00000000e+00  1.59100000e-08  0.00000000e+00 
 1.59300000e-08  3.30000000e+00  1.59300000e-08  3.30000000e+00  1.59300000e-08  3.29910420e+00  1.59300000e-08  3.29931098e+00  1.59300000e-08  0.00000000e+00  1.59300000e-08  0.00000000e+00 
 1.59500000e-08  3.30000000e+00  1.59500000e-08  3.30000000e+00  1.59500000e-08  3.29910846e+00  1.59500000e-08  3.29931429e+00  1.59500000e-08  0.00000000e+00  1.59500000e-08  0.00000000e+00 
 1.59700000e-08  3.30000000e+00  1.59700000e-08  3.30000000e+00  1.59700000e-08  3.29911269e+00  1.59700000e-08  3.29931758e+00  1.59700000e-08  0.00000000e+00  1.59700000e-08  0.00000000e+00 
 1.59900000e-08  3.30000000e+00  1.59900000e-08  3.30000000e+00  1.59900000e-08  3.29911688e+00  1.59900000e-08  3.29932084e+00  1.59900000e-08  0.00000000e+00  1.59900000e-08  0.00000000e+00 
 1.60100000e-08  3.30000000e+00  1.60100000e-08  3.30000000e+00  1.60100000e-08  3.29912102e+00  1.60100000e-08  3.29932407e+00  1.60100000e-08  0.00000000e+00  1.60100000e-08  0.00000000e+00 
 1.60300000e-08  3.30000000e+00  1.60300000e-08  3.30000000e+00  1.60300000e-08  3.29912514e+00  1.60300000e-08  3.29932726e+00  1.60300000e-08  0.00000000e+00  1.60300000e-08  0.00000000e+00 
 1.60500000e-08  3.30000000e+00  1.60500000e-08  3.30000000e+00  1.60500000e-08  3.29912921e+00  1.60500000e-08  3.29933044e+00  1.60500000e-08  0.00000000e+00  1.60500000e-08  0.00000000e+00 
 1.60700000e-08  3.30000000e+00  1.60700000e-08  3.30000000e+00  1.60700000e-08  3.29913326e+00  1.60700000e-08  3.29933358e+00  1.60700000e-08  0.00000000e+00  1.60700000e-08  0.00000000e+00 
 1.60900000e-08  3.30000000e+00  1.60900000e-08  3.30000000e+00  1.60900000e-08  3.29913726e+00  1.60900000e-08  3.29933670e+00  1.60900000e-08  0.00000000e+00  1.60900000e-08  0.00000000e+00 
 1.61100000e-08  3.30000000e+00  1.61100000e-08  3.30000000e+00  1.61100000e-08  3.29914124e+00  1.61100000e-08  3.29933978e+00  1.61100000e-08  0.00000000e+00  1.61100000e-08  0.00000000e+00 
 1.61300000e-08  3.30000000e+00  1.61300000e-08  3.30000000e+00  1.61300000e-08  3.29914517e+00  1.61300000e-08  3.29934285e+00  1.61300000e-08  0.00000000e+00  1.61300000e-08  0.00000000e+00 
 1.61500000e-08  3.30000000e+00  1.61500000e-08  3.30000000e+00  1.61500000e-08  3.29914908e+00  1.61500000e-08  3.29934588e+00  1.61500000e-08  0.00000000e+00  1.61500000e-08  0.00000000e+00 
 1.61700000e-08  3.30000000e+00  1.61700000e-08  3.30000000e+00  1.61700000e-08  3.29915295e+00  1.61700000e-08  3.29934890e+00  1.61700000e-08  0.00000000e+00  1.61700000e-08  0.00000000e+00 
 1.61900000e-08  3.30000000e+00  1.61900000e-08  3.30000000e+00  1.61900000e-08  3.29915679e+00  1.61900000e-08  3.29935188e+00  1.61900000e-08  0.00000000e+00  1.61900000e-08  0.00000000e+00 
 1.62100000e-08  3.30000000e+00  1.62100000e-08  3.30000000e+00  1.62100000e-08  3.29916059e+00  1.62100000e-08  3.29935484e+00  1.62100000e-08  0.00000000e+00  1.62100000e-08  0.00000000e+00 
 1.62300000e-08  3.30000000e+00  1.62300000e-08  3.30000000e+00  1.62300000e-08  3.29916437e+00  1.62300000e-08  3.29935777e+00  1.62300000e-08  0.00000000e+00  1.62300000e-08  0.00000000e+00 
 1.62500000e-08  3.30000000e+00  1.62500000e-08  3.30000000e+00  1.62500000e-08  3.29916811e+00  1.62500000e-08  3.29936068e+00  1.62500000e-08  0.00000000e+00  1.62500000e-08  0.00000000e+00 
 1.62700000e-08  3.30000000e+00  1.62700000e-08  3.30000000e+00  1.62700000e-08  3.29917182e+00  1.62700000e-08  3.29936356e+00  1.62700000e-08  0.00000000e+00  1.62700000e-08  0.00000000e+00 
 1.62900000e-08  3.30000000e+00  1.62900000e-08  3.30000000e+00  1.62900000e-08  3.29917550e+00  1.62900000e-08  3.29936642e+00  1.62900000e-08  0.00000000e+00  1.62900000e-08  0.00000000e+00 
 1.63100000e-08  3.30000000e+00  1.63100000e-08  3.30000000e+00  1.63100000e-08  3.29917915e+00  1.63100000e-08  3.29936925e+00  1.63100000e-08  0.00000000e+00  1.63100000e-08  0.00000000e+00 
 1.63300000e-08  3.30000000e+00  1.63300000e-08  3.30000000e+00  1.63300000e-08  3.29918276e+00  1.63300000e-08  3.29937207e+00  1.63300000e-08  0.00000000e+00  1.63300000e-08  0.00000000e+00 
 1.63500000e-08  3.30000000e+00  1.63500000e-08  3.30000000e+00  1.63500000e-08  3.29918636e+00  1.63500000e-08  3.29937485e+00  1.63500000e-08  0.00000000e+00  1.63500000e-08  0.00000000e+00 
 1.63700000e-08  3.30000000e+00  1.63700000e-08  3.30000000e+00  1.63700000e-08  3.29918991e+00  1.63700000e-08  3.29937762e+00  1.63700000e-08  0.00000000e+00  1.63700000e-08  0.00000000e+00 
 1.63900000e-08  3.30000000e+00  1.63900000e-08  3.30000000e+00  1.63900000e-08  3.29919344e+00  1.63900000e-08  3.29938036e+00  1.63900000e-08  0.00000000e+00  1.63900000e-08  0.00000000e+00 
 1.64100000e-08  3.30000000e+00  1.64100000e-08  3.30000000e+00  1.64100000e-08  3.29919694e+00  1.64100000e-08  3.29938308e+00  1.64100000e-08  0.00000000e+00  1.64100000e-08  0.00000000e+00 
 1.64300000e-08  3.30000000e+00  1.64300000e-08  3.30000000e+00  1.64300000e-08  3.29920042e+00  1.64300000e-08  3.29938578e+00  1.64300000e-08  0.00000000e+00  1.64300000e-08  0.00000000e+00 
 1.64500000e-08  3.30000000e+00  1.64500000e-08  3.30000000e+00  1.64500000e-08  3.29920386e+00  1.64500000e-08  3.29938846e+00  1.64500000e-08  0.00000000e+00  1.64500000e-08  0.00000000e+00 
 1.64700000e-08  3.30000000e+00  1.64700000e-08  3.30000000e+00  1.64700000e-08  3.29920728e+00  1.64700000e-08  3.29939111e+00  1.64700000e-08  0.00000000e+00  1.64700000e-08  0.00000000e+00 
 1.64900000e-08  3.30000000e+00  1.64900000e-08  3.30000000e+00  1.64900000e-08  3.29921066e+00  1.64900000e-08  3.29939374e+00  1.64900000e-08  0.00000000e+00  1.64900000e-08  0.00000000e+00 
 1.65100000e-08  3.30000000e+00  1.65100000e-08  3.30000000e+00  1.65100000e-08  3.29921403e+00  1.65100000e-08  3.29939635e+00  1.65100000e-08  0.00000000e+00  1.65100000e-08  0.00000000e+00 
 1.65300000e-08  3.30000000e+00  1.65300000e-08  3.30000000e+00  1.65300000e-08  3.29921736e+00  1.65300000e-08  3.29939894e+00  1.65300000e-08  0.00000000e+00  1.65300000e-08  0.00000000e+00 
 1.65500000e-08  3.30000000e+00  1.65500000e-08  3.30000000e+00  1.65500000e-08  3.29922067e+00  1.65500000e-08  3.29940151e+00  1.65500000e-08  0.00000000e+00  1.65500000e-08  0.00000000e+00 
 1.65700000e-08  3.30000000e+00  1.65700000e-08  3.30000000e+00  1.65700000e-08  3.29922395e+00  1.65700000e-08  3.29940406e+00  1.65700000e-08  0.00000000e+00  1.65700000e-08  0.00000000e+00 
 1.65900000e-08  3.30000000e+00  1.65900000e-08  3.30000000e+00  1.65900000e-08  3.29922721e+00  1.65900000e-08  3.29940658e+00  1.65900000e-08  0.00000000e+00  1.65900000e-08  0.00000000e+00 
 1.66100000e-08  3.30000000e+00  1.66100000e-08  3.30000000e+00  1.66100000e-08  3.29923044e+00  1.66100000e-08  3.29940909e+00  1.66100000e-08  0.00000000e+00  1.66100000e-08  0.00000000e+00 
 1.66300000e-08  3.30000000e+00  1.66300000e-08  3.30000000e+00  1.66300000e-08  3.29923365e+00  1.66300000e-08  3.29941158e+00  1.66300000e-08  0.00000000e+00  1.66300000e-08  0.00000000e+00 
 1.66500000e-08  3.30000000e+00  1.66500000e-08  3.30000000e+00  1.66500000e-08  3.29923682e+00  1.66500000e-08  3.29941405e+00  1.66500000e-08  0.00000000e+00  1.66500000e-08  0.00000000e+00 
 1.66700000e-08  3.30000000e+00  1.66700000e-08  3.30000000e+00  1.66700000e-08  3.29923998e+00  1.66700000e-08  3.29941650e+00  1.66700000e-08  0.00000000e+00  1.66700000e-08  0.00000000e+00 
 1.66900000e-08  3.30000000e+00  1.66900000e-08  3.30000000e+00  1.66900000e-08  3.29924311e+00  1.66900000e-08  3.29941893e+00  1.66900000e-08  0.00000000e+00  1.66900000e-08  0.00000000e+00 
 1.67100000e-08  3.30000000e+00  1.67100000e-08  3.30000000e+00  1.67100000e-08  3.29924622e+00  1.67100000e-08  3.29942134e+00  1.67100000e-08  0.00000000e+00  1.67100000e-08  0.00000000e+00 
 1.67300000e-08  3.30000000e+00  1.67300000e-08  3.30000000e+00  1.67300000e-08  3.29924930e+00  1.67300000e-08  3.29942373e+00  1.67300000e-08  0.00000000e+00  1.67300000e-08  0.00000000e+00 
 1.67500000e-08  3.30000000e+00  1.67500000e-08  3.30000000e+00  1.67500000e-08  3.29925236e+00  1.67500000e-08  3.29942610e+00  1.67500000e-08  0.00000000e+00  1.67500000e-08  0.00000000e+00 
 1.67700000e-08  3.30000000e+00  1.67700000e-08  3.30000000e+00  1.67700000e-08  3.29925540e+00  1.67700000e-08  3.29942846e+00  1.67700000e-08  0.00000000e+00  1.67700000e-08  0.00000000e+00 
 1.67900000e-08  3.30000000e+00  1.67900000e-08  3.30000000e+00  1.67900000e-08  3.29925841e+00  1.67900000e-08  3.29943080e+00  1.67900000e-08  0.00000000e+00  1.67900000e-08  0.00000000e+00 
 1.68100000e-08  3.30000000e+00  1.68100000e-08  3.30000000e+00  1.68100000e-08  3.29926140e+00  1.68100000e-08  3.29943312e+00  1.68100000e-08  0.00000000e+00  1.68100000e-08  0.00000000e+00 
 1.68300000e-08  3.30000000e+00  1.68300000e-08  3.30000000e+00  1.68300000e-08  3.29926437e+00  1.68300000e-08  3.29943542e+00  1.68300000e-08  0.00000000e+00  1.68300000e-08  0.00000000e+00 
 1.68500000e-08  3.30000000e+00  1.68500000e-08  3.30000000e+00  1.68500000e-08  3.29926731e+00  1.68500000e-08  3.29943771e+00  1.68500000e-08  0.00000000e+00  1.68500000e-08  0.00000000e+00 
 1.68700000e-08  3.30000000e+00  1.68700000e-08  3.30000000e+00  1.68700000e-08  3.29927024e+00  1.68700000e-08  3.29943997e+00  1.68700000e-08  0.00000000e+00  1.68700000e-08  0.00000000e+00 
 1.68900000e-08  3.30000000e+00  1.68900000e-08  3.30000000e+00  1.68900000e-08  3.29927313e+00  1.68900000e-08  3.29944222e+00  1.68900000e-08  0.00000000e+00  1.68900000e-08  0.00000000e+00 
 1.69100000e-08  3.30000000e+00  1.69100000e-08  3.30000000e+00  1.69100000e-08  3.29927602e+00  1.69100000e-08  3.29944445e+00  1.69100000e-08  0.00000000e+00  1.69100000e-08  0.00000000e+00 
 1.69300000e-08  3.30000000e+00  1.69300000e-08  3.30000000e+00  1.69300000e-08  3.29927887e+00  1.69300000e-08  3.29944667e+00  1.69300000e-08  0.00000000e+00  1.69300000e-08  0.00000000e+00 
 1.69500000e-08  3.30000000e+00  1.69500000e-08  3.30000000e+00  1.69500000e-08  3.29928171e+00  1.69500000e-08  3.29944887e+00  1.69500000e-08  0.00000000e+00  1.69500000e-08  0.00000000e+00 
 1.69700000e-08  3.30000000e+00  1.69700000e-08  3.30000000e+00  1.69700000e-08  3.29928452e+00  1.69700000e-08  3.29945105e+00  1.69700000e-08  0.00000000e+00  1.69700000e-08  0.00000000e+00 
 1.69900000e-08  3.30000000e+00  1.69900000e-08  3.30000000e+00  1.69900000e-08  3.29928732e+00  1.69900000e-08  3.29945322e+00  1.69900000e-08  0.00000000e+00  1.69900000e-08  0.00000000e+00 
 1.70100000e-08  3.30000000e+00  1.70100000e-08  3.30000000e+00  1.70100000e-08  3.29929009e+00  1.70100000e-08  3.29945537e+00  1.70100000e-08  0.00000000e+00  1.70100000e-08  0.00000000e+00 
 1.70300000e-08  3.30000000e+00  1.70300000e-08  3.30000000e+00  1.70300000e-08  3.29929285e+00  1.70300000e-08  3.29945750e+00  1.70300000e-08  0.00000000e+00  1.70300000e-08  0.00000000e+00 
 1.70500000e-08  3.30000000e+00  1.70500000e-08  3.30000000e+00  1.70500000e-08  3.29929558e+00  1.70500000e-08  3.29945963e+00  1.70500000e-08  0.00000000e+00  1.70500000e-08  0.00000000e+00 
 1.70700000e-08  3.30000000e+00  1.70700000e-08  3.30000000e+00  1.70700000e-08  3.29929829e+00  1.70700000e-08  3.29946173e+00  1.70700000e-08  0.00000000e+00  1.70700000e-08  0.00000000e+00 
 1.70900000e-08  3.30000000e+00  1.70900000e-08  3.30000000e+00  1.70900000e-08  3.29930098e+00  1.70900000e-08  3.29946382e+00  1.70900000e-08  0.00000000e+00  1.70900000e-08  0.00000000e+00 
 1.71100000e-08  3.30000000e+00  1.71100000e-08  3.30000000e+00  1.71100000e-08  3.29930366e+00  1.71100000e-08  3.29946589e+00  1.71100000e-08  0.00000000e+00  1.71100000e-08  0.00000000e+00 
 1.71300000e-08  3.30000000e+00  1.71300000e-08  3.30000000e+00  1.71300000e-08  3.29930631e+00  1.71300000e-08  3.29946795e+00  1.71300000e-08  0.00000000e+00  1.71300000e-08  0.00000000e+00 
 1.71500000e-08  3.30000000e+00  1.71500000e-08  3.30000000e+00  1.71500000e-08  3.29930895e+00  1.71500000e-08  3.29946999e+00  1.71500000e-08  0.00000000e+00  1.71500000e-08  0.00000000e+00 
 1.71700000e-08  3.30000000e+00  1.71700000e-08  3.30000000e+00  1.71700000e-08  3.29931157e+00  1.71700000e-08  3.29947202e+00  1.71700000e-08  0.00000000e+00  1.71700000e-08  0.00000000e+00 
 1.71900000e-08  3.30000000e+00  1.71900000e-08  3.30000000e+00  1.71900000e-08  3.29931417e+00  1.71900000e-08  3.29947403e+00  1.71900000e-08  0.00000000e+00  1.71900000e-08  0.00000000e+00 
 1.72100000e-08  3.30000000e+00  1.72100000e-08  3.30000000e+00  1.72100000e-08  3.29931675e+00  1.72100000e-08  3.29947603e+00  1.72100000e-08  0.00000000e+00  1.72100000e-08  0.00000000e+00 
 1.72300000e-08  3.30000000e+00  1.72300000e-08  3.30000000e+00  1.72300000e-08  3.29931931e+00  1.72300000e-08  3.29947801e+00  1.72300000e-08  0.00000000e+00  1.72300000e-08  0.00000000e+00 
 1.72500000e-08  3.30000000e+00  1.72500000e-08  3.30000000e+00  1.72500000e-08  3.29932185e+00  1.72500000e-08  3.29947999e+00  1.72500000e-08  0.00000000e+00  1.72500000e-08  0.00000000e+00 
 1.72700000e-08  3.30000000e+00  1.72700000e-08  3.30000000e+00  1.72700000e-08  3.29932438e+00  1.72700000e-08  3.29948194e+00  1.72700000e-08  0.00000000e+00  1.72700000e-08  0.00000000e+00 
 1.72900000e-08  3.30000000e+00  1.72900000e-08  3.30000000e+00  1.72900000e-08  3.29932689e+00  1.72900000e-08  3.29948389e+00  1.72900000e-08  0.00000000e+00  1.72900000e-08  0.00000000e+00 
 1.73100000e-08  3.30000000e+00  1.73100000e-08  3.30000000e+00  1.73100000e-08  3.29932938e+00  1.73100000e-08  3.29948582e+00  1.73100000e-08  0.00000000e+00  1.73100000e-08  0.00000000e+00 
 1.73300000e-08  3.30000000e+00  1.73300000e-08  3.30000000e+00  1.73300000e-08  3.29933185e+00  1.73300000e-08  3.29948774e+00  1.73300000e-08  0.00000000e+00  1.73300000e-08  0.00000000e+00 
 1.73500000e-08  3.30000000e+00  1.73500000e-08  3.30000000e+00  1.73500000e-08  3.29933431e+00  1.73500000e-08  3.29948963e+00  1.73500000e-08  0.00000000e+00  1.73500000e-08  0.00000000e+00 
 1.73700000e-08  3.30000000e+00  1.73700000e-08  3.30000000e+00  1.73700000e-08  3.29933675e+00  1.73700000e-08  3.29949153e+00  1.73700000e-08  0.00000000e+00  1.73700000e-08  0.00000000e+00 
 1.73900000e-08  3.30000000e+00  1.73900000e-08  3.30000000e+00  1.73900000e-08  3.29933917e+00  1.73900000e-08  3.29949340e+00  1.73900000e-08  0.00000000e+00  1.73900000e-08  0.00000000e+00 
 1.74100000e-08  3.30000000e+00  1.74100000e-08  3.30000000e+00  1.74100000e-08  3.29934158e+00  1.74100000e-08  3.29949527e+00  1.74100000e-08  0.00000000e+00  1.74100000e-08  0.00000000e+00 
 1.74300000e-08  3.30000000e+00  1.74300000e-08  3.30000000e+00  1.74300000e-08  3.29934397e+00  1.74300000e-08  3.29949711e+00  1.74300000e-08  0.00000000e+00  1.74300000e-08  0.00000000e+00 
 1.74500000e-08  3.30000000e+00  1.74500000e-08  3.30000000e+00  1.74500000e-08  3.29934634e+00  1.74500000e-08  3.29949895e+00  1.74500000e-08  0.00000000e+00  1.74500000e-08  0.00000000e+00 
 1.74700000e-08  3.30000000e+00  1.74700000e-08  3.30000000e+00  1.74700000e-08  3.29934870e+00  1.74700000e-08  3.29950077e+00  1.74700000e-08  0.00000000e+00  1.74700000e-08  0.00000000e+00 
 1.74900000e-08  3.30000000e+00  1.74900000e-08  3.30000000e+00  1.74900000e-08  3.29935104e+00  1.74900000e-08  3.29950259e+00  1.74900000e-08  0.00000000e+00  1.74900000e-08  0.00000000e+00 
 1.75100000e-08  3.30000000e+00  1.75100000e-08  3.30000000e+00  1.75100000e-08  3.29935336e+00  1.75100000e-08  3.29950439e+00  1.75100000e-08  0.00000000e+00  1.75100000e-08  0.00000000e+00 
 1.75300000e-08  3.30000000e+00  1.75300000e-08  3.30000000e+00  1.75300000e-08  3.29935567e+00  1.75300000e-08  3.29950618e+00  1.75300000e-08  0.00000000e+00  1.75300000e-08  0.00000000e+00 
 1.75500000e-08  3.30000000e+00  1.75500000e-08  3.30000000e+00  1.75500000e-08  3.29935797e+00  1.75500000e-08  3.29950795e+00  1.75500000e-08  0.00000000e+00  1.75500000e-08  0.00000000e+00 
 1.75700000e-08  3.30000000e+00  1.75700000e-08  3.30000000e+00  1.75700000e-08  3.29936024e+00  1.75700000e-08  3.29950972e+00  1.75700000e-08  0.00000000e+00  1.75700000e-08  0.00000000e+00 
 1.75900000e-08  3.30000000e+00  1.75900000e-08  3.30000000e+00  1.75900000e-08  3.29936251e+00  1.75900000e-08  3.29951147e+00  1.75900000e-08  0.00000000e+00  1.75900000e-08  0.00000000e+00 
 1.76100000e-08  3.30000000e+00  1.76100000e-08  3.30000000e+00  1.76100000e-08  3.29936475e+00  1.76100000e-08  3.29951321e+00  1.76100000e-08  0.00000000e+00  1.76100000e-08  0.00000000e+00 
 1.76300000e-08  3.30000000e+00  1.76300000e-08  3.30000000e+00  1.76300000e-08  3.29936699e+00  1.76300000e-08  3.29951493e+00  1.76300000e-08  0.00000000e+00  1.76300000e-08  0.00000000e+00 
 1.76500000e-08  3.30000000e+00  1.76500000e-08  3.30000000e+00  1.76500000e-08  3.29936920e+00  1.76500000e-08  3.29951665e+00  1.76500000e-08  0.00000000e+00  1.76500000e-08  0.00000000e+00 
 1.76700000e-08  3.30000000e+00  1.76700000e-08  3.30000000e+00  1.76700000e-08  3.29937141e+00  1.76700000e-08  3.29951835e+00  1.76700000e-08  0.00000000e+00  1.76700000e-08  0.00000000e+00 
 1.76900000e-08  3.30000000e+00  1.76900000e-08  3.30000000e+00  1.76900000e-08  3.29937360e+00  1.76900000e-08  3.29952005e+00  1.76900000e-08  0.00000000e+00  1.76900000e-08  0.00000000e+00 
 1.77100000e-08  3.30000000e+00  1.77100000e-08  3.30000000e+00  1.77100000e-08  3.29937577e+00  1.77100000e-08  3.29952173e+00  1.77100000e-08  0.00000000e+00  1.77100000e-08  0.00000000e+00 
 1.77300000e-08  3.30000000e+00  1.77300000e-08  3.30000000e+00  1.77300000e-08  3.29937793e+00  1.77300000e-08  3.29952341e+00  1.77300000e-08  0.00000000e+00  1.77300000e-08  0.00000000e+00 
 1.77500000e-08  3.30000000e+00  1.77500000e-08  3.30000000e+00  1.77500000e-08  3.29938008e+00  1.77500000e-08  3.29952506e+00  1.77500000e-08  0.00000000e+00  1.77500000e-08  0.00000000e+00 
 1.77700000e-08  3.30000000e+00  1.77700000e-08  3.30000000e+00  1.77700000e-08  3.29938221e+00  1.77700000e-08  3.29952672e+00  1.77700000e-08  0.00000000e+00  1.77700000e-08  0.00000000e+00 
 1.77900000e-08  3.30000000e+00  1.77900000e-08  3.30000000e+00  1.77900000e-08  3.29938433e+00  1.77900000e-08  3.29952835e+00  1.77900000e-08  0.00000000e+00  1.77900000e-08  0.00000000e+00 
 1.78100000e-08  3.30000000e+00  1.78100000e-08  3.30000000e+00  1.78100000e-08  3.29938643e+00  1.78100000e-08  3.29952998e+00  1.78100000e-08  0.00000000e+00  1.78100000e-08  0.00000000e+00 
 1.78300000e-08  3.30000000e+00  1.78300000e-08  3.30000000e+00  1.78300000e-08  3.29938853e+00  1.78300000e-08  3.29953160e+00  1.78300000e-08  0.00000000e+00  1.78300000e-08  0.00000000e+00 
 1.78500000e-08  3.30000000e+00  1.78500000e-08  3.30000000e+00  1.78500000e-08  3.29939060e+00  1.78500000e-08  3.29953321e+00  1.78500000e-08  0.00000000e+00  1.78500000e-08  0.00000000e+00 
 1.78700000e-08  3.30000000e+00  1.78700000e-08  3.30000000e+00  1.78700000e-08  3.29939267e+00  1.78700000e-08  3.29953480e+00  1.78700000e-08  0.00000000e+00  1.78700000e-08  0.00000000e+00 
 1.78900000e-08  3.30000000e+00  1.78900000e-08  3.30000000e+00  1.78900000e-08  3.29939472e+00  1.78900000e-08  3.29953639e+00  1.78900000e-08  0.00000000e+00  1.78900000e-08  0.00000000e+00 
 1.79100000e-08  3.30000000e+00  1.79100000e-08  3.30000000e+00  1.79100000e-08  3.29939676e+00  1.79100000e-08  3.29953796e+00  1.79100000e-08  0.00000000e+00  1.79100000e-08  0.00000000e+00 
 1.79300000e-08  3.30000000e+00  1.79300000e-08  3.30000000e+00  1.79300000e-08  3.29939878e+00  1.79300000e-08  3.29953953e+00  1.79300000e-08  0.00000000e+00  1.79300000e-08  0.00000000e+00 
 1.79500000e-08  3.30000000e+00  1.79500000e-08  3.30000000e+00  1.79500000e-08  3.29940080e+00  1.79500000e-08  3.29954109e+00  1.79500000e-08  0.00000000e+00  1.79500000e-08  0.00000000e+00 
 1.79700000e-08  3.30000000e+00  1.79700000e-08  3.30000000e+00  1.79700000e-08  3.29940279e+00  1.79700000e-08  3.29954264e+00  1.79700000e-08  0.00000000e+00  1.79700000e-08  0.00000000e+00 
 1.79900000e-08  3.30000000e+00  1.79900000e-08  3.30000000e+00  1.79900000e-08  3.29940478e+00  1.79900000e-08  3.29954417e+00  1.79900000e-08  0.00000000e+00  1.79900000e-08  0.00000000e+00 
 1.80100000e-08  3.30000000e+00  1.80100000e-08  3.30000000e+00  1.80100000e-08  3.29940675e+00  1.80100000e-08  3.29954570e+00  1.80100000e-08  0.00000000e+00  1.80100000e-08  0.00000000e+00 
 1.80300000e-08  3.30000000e+00  1.80300000e-08  3.30000000e+00  1.80300000e-08  3.29940872e+00  1.80300000e-08  3.29954721e+00  1.80300000e-08  0.00000000e+00  1.80300000e-08  0.00000000e+00 
 1.80500000e-08  3.30000000e+00  1.80500000e-08  3.30000000e+00  1.80500000e-08  3.29941066e+00  1.80500000e-08  3.29954872e+00  1.80500000e-08  0.00000000e+00  1.80500000e-08  0.00000000e+00 
 1.80700000e-08  3.30000000e+00  1.80700000e-08  3.30000000e+00  1.80700000e-08  3.29941261e+00  1.80700000e-08  3.29955022e+00  1.80700000e-08  0.00000000e+00  1.80700000e-08  0.00000000e+00 
 1.80900000e-08  3.30000000e+00  1.80900000e-08  3.30000000e+00  1.80900000e-08  3.29941453e+00  1.80900000e-08  3.29955171e+00  1.80900000e-08  0.00000000e+00  1.80900000e-08  0.00000000e+00 
 1.81100000e-08  3.30000000e+00  1.81100000e-08  3.30000000e+00  1.81100000e-08  3.29941645e+00  1.81100000e-08  3.29955318e+00  1.81100000e-08  0.00000000e+00  1.81100000e-08  0.00000000e+00 
 1.81300000e-08  3.30000000e+00  1.81300000e-08  3.30000000e+00  1.81300000e-08  3.29941834e+00  1.81300000e-08  3.29955466e+00  1.81300000e-08  0.00000000e+00  1.81300000e-08  0.00000000e+00 
 1.81500000e-08  3.30000000e+00  1.81500000e-08  3.30000000e+00  1.81500000e-08  3.29942024e+00  1.81500000e-08  3.29955612e+00  1.81500000e-08  0.00000000e+00  1.81500000e-08  0.00000000e+00 
 1.81700000e-08  3.30000000e+00  1.81700000e-08  3.30000000e+00  1.81700000e-08  3.29942211e+00  1.81700000e-08  3.29955757e+00  1.81700000e-08  0.00000000e+00  1.81700000e-08  0.00000000e+00 
 1.81900000e-08  3.30000000e+00  1.81900000e-08  3.30000000e+00  1.81900000e-08  3.29942398e+00  1.81900000e-08  3.29955901e+00  1.81900000e-08  0.00000000e+00  1.81900000e-08  0.00000000e+00 
 1.82100000e-08  3.30000000e+00  1.82100000e-08  3.30000000e+00  1.82100000e-08  3.29942583e+00  1.82100000e-08  3.29956045e+00  1.82100000e-08  0.00000000e+00  1.82100000e-08  0.00000000e+00 
 1.82300000e-08  3.30000000e+00  1.82300000e-08  3.30000000e+00  1.82300000e-08  3.29942768e+00  1.82300000e-08  3.29956187e+00  1.82300000e-08  0.00000000e+00  1.82300000e-08  0.00000000e+00 
 1.82500000e-08  3.30000000e+00  1.82500000e-08  3.30000000e+00  1.82500000e-08  3.29942951e+00  1.82500000e-08  3.29956329e+00  1.82500000e-08  0.00000000e+00  1.82500000e-08  0.00000000e+00 
 1.82700000e-08  3.30000000e+00  1.82700000e-08  3.30000000e+00  1.82700000e-08  3.29943134e+00  1.82700000e-08  3.29956469e+00  1.82700000e-08  0.00000000e+00  1.82700000e-08  0.00000000e+00 
 1.82900000e-08  3.30000000e+00  1.82900000e-08  3.30000000e+00  1.82900000e-08  3.29943315e+00  1.82900000e-08  3.29956610e+00  1.82900000e-08  0.00000000e+00  1.82900000e-08  0.00000000e+00 
 1.83100000e-08  3.30000000e+00  1.83100000e-08  3.30000000e+00  1.83100000e-08  3.29943495e+00  1.83100000e-08  3.29956748e+00  1.83100000e-08  0.00000000e+00  1.83100000e-08  0.00000000e+00 
 1.83300000e-08  3.30000000e+00  1.83300000e-08  3.30000000e+00  1.83300000e-08  3.29943673e+00  1.83300000e-08  3.29956887e+00  1.83300000e-08  0.00000000e+00  1.83300000e-08  0.00000000e+00 
 1.83500000e-08  3.30000000e+00  1.83500000e-08  3.30000000e+00  1.83500000e-08  3.29943852e+00  1.83500000e-08  3.29957024e+00  1.83500000e-08  0.00000000e+00  1.83500000e-08  0.00000000e+00 
 1.83700000e-08  3.30000000e+00  1.83700000e-08  3.30000000e+00  1.83700000e-08  3.29944028e+00  1.83700000e-08  3.29957161e+00  1.83700000e-08  0.00000000e+00  1.83700000e-08  0.00000000e+00 
 1.83900000e-08  3.30000000e+00  1.83900000e-08  3.30000000e+00  1.83900000e-08  3.29944204e+00  1.83900000e-08  3.29957296e+00  1.83900000e-08  0.00000000e+00  1.83900000e-08  0.00000000e+00 
 1.84100000e-08  3.30000000e+00  1.84100000e-08  3.30000000e+00  1.84100000e-08  3.29944379e+00  1.84100000e-08  3.29957432e+00  1.84100000e-08  0.00000000e+00  1.84100000e-08  0.00000000e+00 
 1.84300000e-08  3.30000000e+00  1.84300000e-08  3.30000000e+00  1.84300000e-08  3.29944553e+00  1.84300000e-08  3.29957565e+00  1.84300000e-08  0.00000000e+00  1.84300000e-08  0.00000000e+00 
 1.84500000e-08  3.30000000e+00  1.84500000e-08  3.30000000e+00  1.84500000e-08  3.29944725e+00  1.84500000e-08  3.29957699e+00  1.84500000e-08  0.00000000e+00  1.84500000e-08  0.00000000e+00 
 1.84700000e-08  3.30000000e+00  1.84700000e-08  3.30000000e+00  1.84700000e-08  3.29944897e+00  1.84700000e-08  3.29957831e+00  1.84700000e-08  0.00000000e+00  1.84700000e-08  0.00000000e+00 
 1.84900000e-08  3.30000000e+00  1.84900000e-08  3.30000000e+00  1.84900000e-08  3.29945067e+00  1.84900000e-08  3.29957963e+00  1.84900000e-08  0.00000000e+00  1.84900000e-08  0.00000000e+00 
 1.85100000e-08  3.30000000e+00  1.85100000e-08  3.30000000e+00  1.85100000e-08  3.29945237e+00  1.85100000e-08  3.29958094e+00  1.85100000e-08  0.00000000e+00  1.85100000e-08  0.00000000e+00 
 1.85300000e-08  3.30000000e+00  1.85300000e-08  3.30000000e+00  1.85300000e-08  3.29945405e+00  1.85300000e-08  3.29958225e+00  1.85300000e-08  0.00000000e+00  1.85300000e-08  0.00000000e+00 
 1.85500000e-08  3.30000000e+00  1.85500000e-08  3.30000000e+00  1.85500000e-08  3.29945573e+00  1.85500000e-08  3.29958354e+00  1.85500000e-08  0.00000000e+00  1.85500000e-08  0.00000000e+00 
 1.85700000e-08  3.30000000e+00  1.85700000e-08  3.30000000e+00  1.85700000e-08  3.29945740e+00  1.85700000e-08  3.29958483e+00  1.85700000e-08  0.00000000e+00  1.85700000e-08  0.00000000e+00 
 1.85900000e-08  3.30000000e+00  1.85900000e-08  3.30000000e+00  1.85900000e-08  3.29945906e+00  1.85900000e-08  3.29958610e+00  1.85900000e-08  0.00000000e+00  1.85900000e-08  0.00000000e+00 
 1.86100000e-08  3.30000000e+00  1.86100000e-08  3.30000000e+00  1.86100000e-08  3.29946070e+00  1.86100000e-08  3.29958738e+00  1.86100000e-08  0.00000000e+00  1.86100000e-08  0.00000000e+00 
 1.86300000e-08  3.30000000e+00  1.86300000e-08  3.30000000e+00  1.86300000e-08  3.29946234e+00  1.86300000e-08  3.29958864e+00  1.86300000e-08  0.00000000e+00  1.86300000e-08  0.00000000e+00 
 1.86500000e-08  3.30000000e+00  1.86500000e-08  3.30000000e+00  1.86500000e-08  3.29946397e+00  1.86500000e-08  3.29958990e+00  1.86500000e-08  0.00000000e+00  1.86500000e-08  0.00000000e+00 
 1.86700000e-08  3.30000000e+00  1.86700000e-08  3.30000000e+00  1.86700000e-08  3.29946559e+00  1.86700000e-08  3.29959115e+00  1.86700000e-08  0.00000000e+00  1.86700000e-08  0.00000000e+00 
 1.86900000e-08  3.30000000e+00  1.86900000e-08  3.30000000e+00  1.86900000e-08  3.29946719e+00  1.86900000e-08  3.29959239e+00  1.86900000e-08  0.00000000e+00  1.86900000e-08  0.00000000e+00 
 1.87100000e-08  3.30000000e+00  1.87100000e-08  3.30000000e+00  1.87100000e-08  3.29946880e+00  1.87100000e-08  3.29959362e+00  1.87100000e-08  0.00000000e+00  1.87100000e-08  0.00000000e+00 
 1.87300000e-08  3.30000000e+00  1.87300000e-08  3.30000000e+00  1.87300000e-08  3.29947039e+00  1.87300000e-08  3.29959486e+00  1.87300000e-08  0.00000000e+00  1.87300000e-08  0.00000000e+00 
 1.87500000e-08  3.30000000e+00  1.87500000e-08  3.30000000e+00  1.87500000e-08  3.29947197e+00  1.87500000e-08  3.29959607e+00  1.87500000e-08  0.00000000e+00  1.87500000e-08  0.00000000e+00 
 1.87700000e-08  3.30000000e+00  1.87700000e-08  3.30000000e+00  1.87700000e-08  3.29947354e+00  1.87700000e-08  3.29959729e+00  1.87700000e-08  0.00000000e+00  1.87700000e-08  0.00000000e+00 
 1.87900000e-08  3.30000000e+00  1.87900000e-08  3.30000000e+00  1.87900000e-08  3.29947511e+00  1.87900000e-08  3.29959850e+00  1.87900000e-08  0.00000000e+00  1.87900000e-08  0.00000000e+00 
 1.88100000e-08  3.30000000e+00  1.88100000e-08  3.30000000e+00  1.88100000e-08  3.29947666e+00  1.88100000e-08  3.29959970e+00  1.88100000e-08  0.00000000e+00  1.88100000e-08  0.00000000e+00 
 1.88300000e-08  3.30000000e+00  1.88300000e-08  3.30000000e+00  1.88300000e-08  3.29947821e+00  1.88300000e-08  3.29960089e+00  1.88300000e-08  0.00000000e+00  1.88300000e-08  0.00000000e+00 
 1.88500000e-08  3.30000000e+00  1.88500000e-08  3.30000000e+00  1.88500000e-08  3.29947975e+00  1.88500000e-08  3.29960208e+00  1.88500000e-08  0.00000000e+00  1.88500000e-08  0.00000000e+00 
 1.88700000e-08  3.30000000e+00  1.88700000e-08  3.30000000e+00  1.88700000e-08  3.29948128e+00  1.88700000e-08  3.29960326e+00  1.88700000e-08  0.00000000e+00  1.88700000e-08  0.00000000e+00 
 1.88900000e-08  3.30000000e+00  1.88900000e-08  3.30000000e+00  1.88900000e-08  3.29948280e+00  1.88900000e-08  3.29960444e+00  1.88900000e-08  0.00000000e+00  1.88900000e-08  0.00000000e+00 
 1.89100000e-08  3.30000000e+00  1.89100000e-08  3.30000000e+00  1.89100000e-08  3.29948432e+00  1.89100000e-08  3.29960560e+00  1.89100000e-08  0.00000000e+00  1.89100000e-08  0.00000000e+00 
 1.89300000e-08  3.30000000e+00  1.89300000e-08  3.30000000e+00  1.89300000e-08  3.29948582e+00  1.89300000e-08  3.29960676e+00  1.89300000e-08  0.00000000e+00  1.89300000e-08  0.00000000e+00 
 1.89500000e-08  3.30000000e+00  1.89500000e-08  3.30000000e+00  1.89500000e-08  3.29948732e+00  1.89500000e-08  3.29960791e+00  1.89500000e-08  0.00000000e+00  1.89500000e-08  0.00000000e+00 
 1.89700000e-08  3.30000000e+00  1.89700000e-08  3.30000000e+00  1.89700000e-08  3.29948880e+00  1.89700000e-08  3.29960907e+00  1.89700000e-08  0.00000000e+00  1.89700000e-08  0.00000000e+00 
 1.89900000e-08  3.30000000e+00  1.89900000e-08  3.30000000e+00  1.89900000e-08  3.29949028e+00  1.89900000e-08  3.29961020e+00  1.89900000e-08  0.00000000e+00  1.89900000e-08  0.00000000e+00 
 1.90100000e-08  3.30000000e+00  1.90100000e-08  3.30000000e+00  1.90100000e-08  3.29949175e+00  1.90100000e-08  3.29961134e+00  1.90100000e-08  0.00000000e+00  1.90100000e-08  0.00000000e+00 
 1.90300000e-08  3.30000000e+00  1.90300000e-08  3.30000000e+00  1.90300000e-08  3.29949322e+00  1.90300000e-08  3.29961247e+00  1.90300000e-08  0.00000000e+00  1.90300000e-08  0.00000000e+00 
 1.90500000e-08  3.30000000e+00  1.90500000e-08  3.30000000e+00  1.90500000e-08  3.29949467e+00  1.90500000e-08  3.29961359e+00  1.90500000e-08  0.00000000e+00  1.90500000e-08  0.00000000e+00 
 1.90700000e-08  3.30000000e+00  1.90700000e-08  3.30000000e+00  1.90700000e-08  3.29949612e+00  1.90700000e-08  3.29961471e+00  1.90700000e-08  0.00000000e+00  1.90700000e-08  0.00000000e+00 
 1.90900000e-08  3.30000000e+00  1.90900000e-08  3.30000000e+00  1.90900000e-08  3.29949756e+00  1.90900000e-08  3.29961582e+00  1.90900000e-08  0.00000000e+00  1.90900000e-08  0.00000000e+00 
 1.91100000e-08  3.30000000e+00  1.91100000e-08  3.30000000e+00  1.91100000e-08  3.29949899e+00  1.91100000e-08  3.29961692e+00  1.91100000e-08  0.00000000e+00  1.91100000e-08  0.00000000e+00 
 1.91300000e-08  3.30000000e+00  1.91300000e-08  3.30000000e+00  1.91300000e-08  3.29950041e+00  1.91300000e-08  3.29961802e+00  1.91300000e-08  0.00000000e+00  1.91300000e-08  0.00000000e+00 
 1.91500000e-08  3.30000000e+00  1.91500000e-08  3.30000000e+00  1.91500000e-08  3.29950183e+00  1.91500000e-08  3.29961911e+00  1.91500000e-08  0.00000000e+00  1.91500000e-08  0.00000000e+00 
 1.91700000e-08  3.30000000e+00  1.91700000e-08  3.30000000e+00  1.91700000e-08  3.29950324e+00  1.91700000e-08  3.29962020e+00  1.91700000e-08  0.00000000e+00  1.91700000e-08  0.00000000e+00 
 1.91900000e-08  3.30000000e+00  1.91900000e-08  3.30000000e+00  1.91900000e-08  3.29950465e+00  1.91900000e-08  3.29962128e+00  1.91900000e-08  0.00000000e+00  1.91900000e-08  0.00000000e+00 
 1.92100000e-08  3.30000000e+00  1.92100000e-08  3.30000000e+00  1.92100000e-08  3.29950604e+00  1.92100000e-08  3.29962236e+00  1.92100000e-08  0.00000000e+00  1.92100000e-08  0.00000000e+00 
 1.92300000e-08  3.30000000e+00  1.92300000e-08  3.30000000e+00  1.92300000e-08  3.29950743e+00  1.92300000e-08  3.29962342e+00  1.92300000e-08  0.00000000e+00  1.92300000e-08  0.00000000e+00 
 1.92500000e-08  3.30000000e+00  1.92500000e-08  3.30000000e+00  1.92500000e-08  3.29950880e+00  1.92500000e-08  3.29962449e+00  1.92500000e-08  0.00000000e+00  1.92500000e-08  0.00000000e+00 
 1.92700000e-08  3.30000000e+00  1.92700000e-08  3.30000000e+00  1.92700000e-08  3.29951018e+00  1.92700000e-08  3.29962554e+00  1.92700000e-08  0.00000000e+00  1.92700000e-08  0.00000000e+00 
 1.92900000e-08  3.30000000e+00  1.92900000e-08  3.30000000e+00  1.92900000e-08  3.29951154e+00  1.92900000e-08  3.29962660e+00  1.92900000e-08  0.00000000e+00  1.92900000e-08  0.00000000e+00 
 1.93100000e-08  3.30000000e+00  1.93100000e-08  3.30000000e+00  1.93100000e-08  3.29951290e+00  1.93100000e-08  3.29962764e+00  1.93100000e-08  0.00000000e+00  1.93100000e-08  0.00000000e+00 
 1.93300000e-08  3.30000000e+00  1.93300000e-08  3.30000000e+00  1.93300000e-08  3.29951424e+00  1.93300000e-08  3.29962868e+00  1.93300000e-08  0.00000000e+00  1.93300000e-08  0.00000000e+00 
 1.93500000e-08  3.30000000e+00  1.93500000e-08  3.30000000e+00  1.93500000e-08  3.29951559e+00  1.93500000e-08  3.29962972e+00  1.93500000e-08  0.00000000e+00  1.93500000e-08  0.00000000e+00 
 1.93700000e-08  3.30000000e+00  1.93700000e-08  3.30000000e+00  1.93700000e-08  3.29951692e+00  1.93700000e-08  3.29963075e+00  1.93700000e-08  0.00000000e+00  1.93700000e-08  0.00000000e+00 
 1.93900000e-08  3.30000000e+00  1.93900000e-08  3.30000000e+00  1.93900000e-08  3.29951826e+00  1.93900000e-08  3.29963177e+00  1.93900000e-08  0.00000000e+00  1.93900000e-08  0.00000000e+00 
 1.94100000e-08  3.30000000e+00  1.94100000e-08  3.30000000e+00  1.94100000e-08  3.29951957e+00  1.94100000e-08  3.29963279e+00  1.94100000e-08  0.00000000e+00  1.94100000e-08  0.00000000e+00 
 1.94300000e-08  3.30000000e+00  1.94300000e-08  3.30000000e+00  1.94300000e-08  3.29952089e+00  1.94300000e-08  3.29963380e+00  1.94300000e-08  0.00000000e+00  1.94300000e-08  0.00000000e+00 
 1.94500000e-08  3.30000000e+00  1.94500000e-08  3.30000000e+00  1.94500000e-08  3.29952220e+00  1.94500000e-08  3.29963481e+00  1.94500000e-08  0.00000000e+00  1.94500000e-08  0.00000000e+00 
 1.94700000e-08  3.30000000e+00  1.94700000e-08  3.30000000e+00  1.94700000e-08  3.29952350e+00  1.94700000e-08  3.29963581e+00  1.94700000e-08  0.00000000e+00  1.94700000e-08  0.00000000e+00 
 1.94900000e-08  3.30000000e+00  1.94900000e-08  3.30000000e+00  1.94900000e-08  3.29952479e+00  1.94900000e-08  3.29963682e+00  1.94900000e-08  0.00000000e+00  1.94900000e-08  0.00000000e+00 
 1.95100000e-08  3.30000000e+00  1.95100000e-08  3.30000000e+00  1.95100000e-08  3.29952608e+00  1.95100000e-08  3.29963780e+00  1.95100000e-08  0.00000000e+00  1.95100000e-08  0.00000000e+00 
 1.95300000e-08  3.30000000e+00  1.95300000e-08  3.30000000e+00  1.95300000e-08  3.29952736e+00  1.95300000e-08  3.29963879e+00  1.95300000e-08  0.00000000e+00  1.95300000e-08  0.00000000e+00 
 1.95500000e-08  3.30000000e+00  1.95500000e-08  3.30000000e+00  1.95500000e-08  3.29952864e+00  1.95500000e-08  3.29963977e+00  1.95500000e-08  0.00000000e+00  1.95500000e-08  0.00000000e+00 
 1.95700000e-08  3.30000000e+00  1.95700000e-08  3.30000000e+00  1.95700000e-08  3.29952991e+00  1.95700000e-08  3.29964075e+00  1.95700000e-08  0.00000000e+00  1.95700000e-08  0.00000000e+00 
 1.95900000e-08  3.30000000e+00  1.95900000e-08  3.30000000e+00  1.95900000e-08  3.29953117e+00  1.95900000e-08  3.29964172e+00  1.95900000e-08  0.00000000e+00  1.95900000e-08  0.00000000e+00 
 1.96100000e-08  3.30000000e+00  1.96100000e-08  3.30000000e+00  1.96100000e-08  3.29953242e+00  1.96100000e-08  3.29964269e+00  1.96100000e-08  0.00000000e+00  1.96100000e-08  0.00000000e+00 
 1.96300000e-08  3.30000000e+00  1.96300000e-08  3.30000000e+00  1.96300000e-08  3.29953368e+00  1.96300000e-08  3.29964365e+00  1.96300000e-08  0.00000000e+00  1.96300000e-08  0.00000000e+00 
 1.96500000e-08  3.30000000e+00  1.96500000e-08  3.30000000e+00  1.96500000e-08  3.29953491e+00  1.96500000e-08  3.29964461e+00  1.96500000e-08  0.00000000e+00  1.96500000e-08  0.00000000e+00 
 1.96700000e-08  3.30000000e+00  1.96700000e-08  3.30000000e+00  1.96700000e-08  3.29953615e+00  1.96700000e-08  3.29964556e+00  1.96700000e-08  0.00000000e+00  1.96700000e-08  0.00000000e+00 
 1.96900000e-08  3.30000000e+00  1.96900000e-08  3.30000000e+00  1.96900000e-08  3.29953738e+00  1.96900000e-08  3.29964651e+00  1.96900000e-08  0.00000000e+00  1.96900000e-08  0.00000000e+00 
 1.97100000e-08  3.30000000e+00  1.97100000e-08  3.30000000e+00  1.97100000e-08  3.29953861e+00  1.97100000e-08  3.29964745e+00  1.97100000e-08  0.00000000e+00  1.97100000e-08  0.00000000e+00 
 1.97300000e-08  3.30000000e+00  1.97300000e-08  3.30000000e+00  1.97300000e-08  3.29953982e+00  1.97300000e-08  3.29964839e+00  1.97300000e-08  0.00000000e+00  1.97300000e-08  0.00000000e+00 
 1.97500000e-08  3.30000000e+00  1.97500000e-08  3.30000000e+00  1.97500000e-08  3.29954104e+00  1.97500000e-08  3.29964932e+00  1.97500000e-08  0.00000000e+00  1.97500000e-08  0.00000000e+00 
 1.97700000e-08  3.30000000e+00  1.97700000e-08  3.30000000e+00  1.97700000e-08  3.29954224e+00  1.97700000e-08  3.29965026e+00  1.97700000e-08  0.00000000e+00  1.97700000e-08  0.00000000e+00 
 1.97900000e-08  3.30000000e+00  1.97900000e-08  3.30000000e+00  1.97900000e-08  3.29954344e+00  1.97900000e-08  3.29965118e+00  1.97900000e-08  0.00000000e+00  1.97900000e-08  0.00000000e+00 
 1.98100000e-08  3.30000000e+00  1.98100000e-08  3.30000000e+00  1.98100000e-08  3.29954463e+00  1.98100000e-08  3.29965210e+00  1.98100000e-08  0.00000000e+00  1.98100000e-08  0.00000000e+00 
 1.98300000e-08  3.30000000e+00  1.98300000e-08  3.30000000e+00  1.98300000e-08  3.29954582e+00  1.98300000e-08  3.29965301e+00  1.98300000e-08  0.00000000e+00  1.98300000e-08  0.00000000e+00 
 1.98500000e-08  3.30000000e+00  1.98500000e-08  3.30000000e+00  1.98500000e-08  3.29954700e+00  1.98500000e-08  3.29965392e+00  1.98500000e-08  0.00000000e+00  1.98500000e-08  0.00000000e+00 
 1.98700000e-08  3.30000000e+00  1.98700000e-08  3.30000000e+00  1.98700000e-08  3.29954818e+00  1.98700000e-08  3.29965482e+00  1.98700000e-08  0.00000000e+00  1.98700000e-08  0.00000000e+00 
 1.98900000e-08  3.30000000e+00  1.98900000e-08  3.30000000e+00  1.98900000e-08  3.29954935e+00  1.98900000e-08  3.29965573e+00  1.98900000e-08  0.00000000e+00  1.98900000e-08  0.00000000e+00 
 1.99100000e-08  3.30000000e+00  1.99100000e-08  3.30000000e+00  1.99100000e-08  3.29955052e+00  1.99100000e-08  3.29965662e+00  1.99100000e-08  0.00000000e+00  1.99100000e-08  0.00000000e+00 
 1.99300000e-08  3.30000000e+00  1.99300000e-08  3.30000000e+00  1.99300000e-08  3.29955167e+00  1.99300000e-08  3.29965752e+00  1.99300000e-08  0.00000000e+00  1.99300000e-08  0.00000000e+00 
 1.99500000e-08  3.30000000e+00  1.99500000e-08  3.30000000e+00  1.99500000e-08  3.29955283e+00  1.99500000e-08  3.29965840e+00  1.99500000e-08  0.00000000e+00  1.99500000e-08  0.00000000e+00 
 1.99700000e-08  3.30000000e+00  1.99700000e-08  3.30000000e+00  1.99700000e-08  3.29955397e+00  1.99700000e-08  3.29965929e+00  1.99700000e-08  0.00000000e+00  1.99700000e-08  0.00000000e+00 
 1.99900000e-08  3.30000000e+00  1.99900000e-08  3.30000000e+00  1.99900000e-08  3.29955512e+00  1.99900000e-08  3.29966016e+00  1.99900000e-08  0.00000000e+00  1.99900000e-08  0.00000000e+00 
 2.00100000e-08  3.30000000e+00  2.00100000e-08  3.30000000e+00  2.00100000e-08  3.29955625e+00  2.00100000e-08  3.29966104e+00  2.00100000e-08  0.00000000e+00  2.00100000e-08  0.00000000e+00 
 2.00300000e-08  3.30000000e+00  2.00300000e-08  3.30000000e+00  2.00300000e-08  3.29955738e+00  2.00300000e-08  3.29966191e+00  2.00300000e-08  0.00000000e+00  2.00300000e-08  0.00000000e+00 
 2.00500000e-08  3.30000000e+00  2.00500000e-08  3.30000000e+00  2.00500000e-08  3.29955850e+00  2.00500000e-08  3.29966278e+00  2.00500000e-08  0.00000000e+00  2.00500000e-08  0.00000000e+00 
 2.00700000e-08  3.30000000e+00  2.00700000e-08  3.30000000e+00  2.00700000e-08  3.29955963e+00  2.00700000e-08  3.29966364e+00  2.00700000e-08  0.00000000e+00  2.00700000e-08  0.00000000e+00 
 2.00900000e-08  3.30000000e+00  2.00900000e-08  3.30000000e+00  2.00900000e-08  3.29956074e+00  2.00900000e-08  3.29966450e+00  2.00900000e-08  0.00000000e+00  2.00900000e-08  0.00000000e+00 
 2.01100000e-08  3.30000000e+00  2.01100000e-08  3.30000000e+00  2.01100000e-08  3.29956185e+00  2.01100000e-08  3.29966535e+00  2.01100000e-08  0.00000000e+00  2.01100000e-08  0.00000000e+00 
 2.01300000e-08  3.30000000e+00  2.01300000e-08  3.30000000e+00  2.01300000e-08  3.29956295e+00  2.01300000e-08  3.29966620e+00  2.01300000e-08  0.00000000e+00  2.01300000e-08  0.00000000e+00 
 2.01500000e-08  3.30000000e+00  2.01500000e-08  3.30000000e+00  2.01500000e-08  3.29956405e+00  2.01500000e-08  3.29966704e+00  2.01500000e-08  0.00000000e+00  2.01500000e-08  0.00000000e+00 
 2.01700000e-08  3.30000000e+00  2.01700000e-08  3.30000000e+00  2.01700000e-08  3.29956514e+00  2.01700000e-08  3.29966789e+00  2.01700000e-08  0.00000000e+00  2.01700000e-08  0.00000000e+00 
 2.01900000e-08  3.30000000e+00  2.01900000e-08  3.30000000e+00  2.01900000e-08  3.29956623e+00  2.01900000e-08  3.29966872e+00  2.01900000e-08  0.00000000e+00  2.01900000e-08  0.00000000e+00 
 2.02100000e-08  3.30000000e+00  2.02100000e-08  3.30000000e+00  2.02100000e-08  3.29956731e+00  2.02100000e-08  3.29966956e+00  2.02100000e-08  0.00000000e+00  2.02100000e-08  0.00000000e+00 
 2.02300000e-08  3.30000000e+00  2.02300000e-08  3.30000000e+00  2.02300000e-08  3.29956839e+00  2.02300000e-08  3.29967038e+00  2.02300000e-08  0.00000000e+00  2.02300000e-08  0.00000000e+00 
 2.02500000e-08  3.30000000e+00  2.02500000e-08  3.30000000e+00  2.02500000e-08  3.29956946e+00  2.02500000e-08  3.29967121e+00  2.02500000e-08  0.00000000e+00  2.02500000e-08  0.00000000e+00 
 2.02700000e-08  3.30000000e+00  2.02700000e-08  3.30000000e+00  2.02700000e-08  3.29957053e+00  2.02700000e-08  3.29967203e+00  2.02700000e-08  0.00000000e+00  2.02700000e-08  0.00000000e+00 
 2.02900000e-08  3.30000000e+00  2.02900000e-08  3.30000000e+00  2.02900000e-08  3.29957159e+00  2.02900000e-08  3.29967285e+00  2.02900000e-08  0.00000000e+00  2.02900000e-08  0.00000000e+00 
 2.03100000e-08  3.30000000e+00  2.03100000e-08  3.30000000e+00  2.03100000e-08  3.29957265e+00  2.03100000e-08  3.29967366e+00  2.03100000e-08  0.00000000e+00  2.03100000e-08  0.00000000e+00 
 2.03300000e-08  3.30000000e+00  2.03300000e-08  3.30000000e+00  2.03300000e-08  3.29957370e+00  2.03300000e-08  3.29967447e+00  2.03300000e-08  0.00000000e+00  2.03300000e-08  0.00000000e+00 
 2.03500000e-08  3.30000000e+00  2.03500000e-08  3.30000000e+00  2.03500000e-08  3.29957475e+00  2.03500000e-08  3.29967528e+00  2.03500000e-08  0.00000000e+00  2.03500000e-08  0.00000000e+00 
 2.03700000e-08  3.30000000e+00  2.03700000e-08  3.30000000e+00  2.03700000e-08  3.29957579e+00  2.03700000e-08  3.29967608e+00  2.03700000e-08  0.00000000e+00  2.03700000e-08  0.00000000e+00 
 2.03900000e-08  3.30000000e+00  2.03900000e-08  3.30000000e+00  2.03900000e-08  3.29957683e+00  2.03900000e-08  3.29967688e+00  2.03900000e-08  0.00000000e+00  2.03900000e-08  0.00000000e+00 
 2.04100000e-08  3.30000000e+00  2.04100000e-08  3.30000000e+00  2.04100000e-08  3.29957786e+00  2.04100000e-08  3.29967768e+00  2.04100000e-08  0.00000000e+00  2.04100000e-08  0.00000000e+00 
 2.04300000e-08  3.30000000e+00  2.04300000e-08  3.30000000e+00  2.04300000e-08  3.29957889e+00  2.04300000e-08  3.29967846e+00  2.04300000e-08  0.00000000e+00  2.04300000e-08  0.00000000e+00 
 2.04500000e-08  3.30000000e+00  2.04500000e-08  3.30000000e+00  2.04500000e-08  3.29957991e+00  2.04500000e-08  3.29967925e+00  2.04500000e-08  0.00000000e+00  2.04500000e-08  0.00000000e+00 
 2.04700000e-08  3.30000000e+00  2.04700000e-08  3.30000000e+00  2.04700000e-08  3.29958094e+00  2.04700000e-08  3.29968003e+00  2.04700000e-08  0.00000000e+00  2.04700000e-08  0.00000000e+00 
 2.04900000e-08  3.30000000e+00  2.04900000e-08  3.30000000e+00  2.04900000e-08  3.29958195e+00  2.04900000e-08  3.29968082e+00  2.04900000e-08  0.00000000e+00  2.04900000e-08  0.00000000e+00 
 2.05100000e-08  3.30000000e+00  2.05100000e-08  3.30000000e+00  2.05100000e-08  3.29958296e+00  2.05100000e-08  3.29968159e+00  2.05100000e-08  0.00000000e+00  2.05100000e-08  0.00000000e+00 
 2.05300000e-08  3.30000000e+00  2.05300000e-08  3.30000000e+00  2.05300000e-08  3.29958396e+00  2.05300000e-08  3.29968237e+00  2.05300000e-08  0.00000000e+00  2.05300000e-08  0.00000000e+00 
 2.05500000e-08  3.30000000e+00  2.05500000e-08  3.30000000e+00  2.05500000e-08  3.29958496e+00  2.05500000e-08  3.29968313e+00  2.05500000e-08  0.00000000e+00  2.05500000e-08  0.00000000e+00 
 2.05700000e-08  3.30000000e+00  2.05700000e-08  3.30000000e+00  2.05700000e-08  3.29958596e+00  2.05700000e-08  3.29968390e+00  2.05700000e-08  0.00000000e+00  2.05700000e-08  0.00000000e+00 
 2.05900000e-08  3.30000000e+00  2.05900000e-08  3.30000000e+00  2.05900000e-08  3.29958695e+00  2.05900000e-08  3.29968466e+00  2.05900000e-08  0.00000000e+00  2.05900000e-08  0.00000000e+00 
 2.06100000e-08  3.30000000e+00  2.06100000e-08  3.30000000e+00  2.06100000e-08  3.29958793e+00  2.06100000e-08  3.29968542e+00  2.06100000e-08  0.00000000e+00  2.06100000e-08  0.00000000e+00 
 2.06300000e-08  3.30000000e+00  2.06300000e-08  3.30000000e+00  2.06300000e-08  3.29958892e+00  2.06300000e-08  3.29968617e+00  2.06300000e-08  0.00000000e+00  2.06300000e-08  0.00000000e+00 
 2.06500000e-08  3.30000000e+00  2.06500000e-08  3.30000000e+00  2.06500000e-08  3.29958989e+00  2.06500000e-08  3.29968693e+00  2.06500000e-08  0.00000000e+00  2.06500000e-08  0.00000000e+00 
 2.06700000e-08  3.30000000e+00  2.06700000e-08  3.30000000e+00  2.06700000e-08  3.29959087e+00  2.06700000e-08  3.29968767e+00  2.06700000e-08  0.00000000e+00  2.06700000e-08  0.00000000e+00 
 2.06900000e-08  3.30000000e+00  2.06900000e-08  3.30000000e+00  2.06900000e-08  3.29959183e+00  2.06900000e-08  3.29968842e+00  2.06900000e-08  0.00000000e+00  2.06900000e-08  0.00000000e+00 
 2.07100000e-08  3.30000000e+00  2.07100000e-08  3.30000000e+00  2.07100000e-08  3.29959280e+00  2.07100000e-08  3.29968916e+00  2.07100000e-08  0.00000000e+00  2.07100000e-08  0.00000000e+00 
 2.07300000e-08  3.30000000e+00  2.07300000e-08  3.30000000e+00  2.07300000e-08  3.29959376e+00  2.07300000e-08  3.29968990e+00  2.07300000e-08  0.00000000e+00  2.07300000e-08  0.00000000e+00 
 2.07500000e-08  3.30000000e+00  2.07500000e-08  3.30000000e+00  2.07500000e-08  3.29959472e+00  2.07500000e-08  3.29969063e+00  2.07500000e-08  0.00000000e+00  2.07500000e-08  0.00000000e+00 
 2.07700000e-08  3.30000000e+00  2.07700000e-08  3.30000000e+00  2.07700000e-08  3.29959566e+00  2.07700000e-08  3.29969136e+00  2.07700000e-08  0.00000000e+00  2.07700000e-08  0.00000000e+00 
 2.07900000e-08  3.30000000e+00  2.07900000e-08  3.30000000e+00  2.07900000e-08  3.29959661e+00  2.07900000e-08  3.29969209e+00  2.07900000e-08  0.00000000e+00  2.07900000e-08  0.00000000e+00 
 2.08100000e-08  3.30000000e+00  2.08100000e-08  3.30000000e+00  2.08100000e-08  3.29959755e+00  2.08100000e-08  3.29969282e+00  2.08100000e-08  0.00000000e+00  2.08100000e-08  0.00000000e+00 
 2.08300000e-08  3.30000000e+00  2.08300000e-08  3.30000000e+00  2.08300000e-08  3.29959849e+00  2.08300000e-08  3.29969353e+00  2.08300000e-08  0.00000000e+00  2.08300000e-08  0.00000000e+00 
 2.08500000e-08  3.30000000e+00  2.08500000e-08  3.30000000e+00  2.08500000e-08  3.29959943e+00  2.08500000e-08  3.29969426e+00  2.08500000e-08  0.00000000e+00  2.08500000e-08  0.00000000e+00 
 2.08700000e-08  3.30000000e+00  2.08700000e-08  3.30000000e+00  2.08700000e-08  3.29960036e+00  2.08700000e-08  3.29969497e+00  2.08700000e-08  0.00000000e+00  2.08700000e-08  0.00000000e+00 
 2.08900000e-08  3.30000000e+00  2.08900000e-08  3.30000000e+00  2.08900000e-08  3.29960128e+00  2.08900000e-08  3.29969568e+00  2.08900000e-08  0.00000000e+00  2.08900000e-08  0.00000000e+00 
 2.09100000e-08  3.30000000e+00  2.09100000e-08  3.30000000e+00  2.09100000e-08  3.29960221e+00  2.09100000e-08  3.29969639e+00  2.09100000e-08  0.00000000e+00  2.09100000e-08  0.00000000e+00 
 2.09300000e-08  3.30000000e+00  2.09300000e-08  3.30000000e+00  2.09300000e-08  3.29960312e+00  2.09300000e-08  3.29969710e+00  2.09300000e-08  0.00000000e+00  2.09300000e-08  0.00000000e+00 
 2.09500000e-08  3.30000000e+00  2.09500000e-08  3.30000000e+00  2.09500000e-08  3.29960404e+00  2.09500000e-08  3.29969780e+00  2.09500000e-08  0.00000000e+00  2.09500000e-08  0.00000000e+00 
 2.09700000e-08  3.30000000e+00  2.09700000e-08  3.30000000e+00  2.09700000e-08  3.29960495e+00  2.09700000e-08  3.29969850e+00  2.09700000e-08  0.00000000e+00  2.09700000e-08  0.00000000e+00 
 2.09900000e-08  3.30000000e+00  2.09900000e-08  3.30000000e+00  2.09900000e-08  3.29960585e+00  2.09900000e-08  3.29969919e+00  2.09900000e-08  0.00000000e+00  2.09900000e-08  0.00000000e+00 
 2.10100000e-08  3.30000000e+00  2.10100000e-08  3.30000000e+00  2.10100000e-08  3.29960675e+00  2.10100000e-08  3.29969989e+00  2.10100000e-08  0.00000000e+00  2.10100000e-08  0.00000000e+00 
 2.10300000e-08  3.30000000e+00  2.10300000e-08  3.30000000e+00  2.10300000e-08  3.29960765e+00  2.10300000e-08  3.29970057e+00  2.10300000e-08  0.00000000e+00  2.10300000e-08  0.00000000e+00 
 2.10500000e-08  3.30000000e+00  2.10500000e-08  3.30000000e+00  2.10500000e-08  3.29960855e+00  2.10500000e-08  3.29970127e+00  2.10500000e-08  0.00000000e+00  2.10500000e-08  0.00000000e+00 
 2.10700000e-08  3.30000000e+00  2.10700000e-08  3.30000000e+00  2.10700000e-08  3.29960944e+00  2.10700000e-08  3.29970195e+00  2.10700000e-08  0.00000000e+00  2.10700000e-08  0.00000000e+00 
 2.10900000e-08  3.30000000e+00  2.10900000e-08  3.30000000e+00  2.10900000e-08  3.29961032e+00  2.10900000e-08  3.29970263e+00  2.10900000e-08  0.00000000e+00  2.10900000e-08  0.00000000e+00 
 2.11100000e-08  3.30000000e+00  2.11100000e-08  3.30000000e+00  2.11100000e-08  3.29961121e+00  2.11100000e-08  3.29970331e+00  2.11100000e-08  0.00000000e+00  2.11100000e-08  0.00000000e+00 
 2.11300000e-08  3.30000000e+00  2.11300000e-08  3.30000000e+00  2.11300000e-08  3.29961208e+00  2.11300000e-08  3.29970398e+00  2.11300000e-08  0.00000000e+00  2.11300000e-08  0.00000000e+00 
 2.11500000e-08  3.30000000e+00  2.11500000e-08  3.30000000e+00  2.11500000e-08  3.29961296e+00  2.11500000e-08  3.29970465e+00  2.11500000e-08  0.00000000e+00  2.11500000e-08  0.00000000e+00 
 2.11700000e-08  3.30000000e+00  2.11700000e-08  3.30000000e+00  2.11700000e-08  3.29961383e+00  2.11700000e-08  3.29970533e+00  2.11700000e-08  0.00000000e+00  2.11700000e-08  0.00000000e+00 
 2.11900000e-08  3.30000000e+00  2.11900000e-08  3.30000000e+00  2.11900000e-08  3.29961470e+00  2.11900000e-08  3.29970599e+00  2.11900000e-08  0.00000000e+00  2.11900000e-08  0.00000000e+00 
 2.12100000e-08  3.30000000e+00  2.12100000e-08  3.30000000e+00  2.12100000e-08  3.29961556e+00  2.12100000e-08  3.29970666e+00  2.12100000e-08  0.00000000e+00  2.12100000e-08  0.00000000e+00 
 2.12300000e-08  3.30000000e+00  2.12300000e-08  3.30000000e+00  2.12300000e-08  3.29961642e+00  2.12300000e-08  3.29970731e+00  2.12300000e-08  0.00000000e+00  2.12300000e-08  0.00000000e+00 
 2.12500000e-08  3.30000000e+00  2.12500000e-08  3.30000000e+00  2.12500000e-08  3.29961728e+00  2.12500000e-08  3.29970797e+00  2.12500000e-08  0.00000000e+00  2.12500000e-08  0.00000000e+00 
 2.12700000e-08  3.30000000e+00  2.12700000e-08  3.30000000e+00  2.12700000e-08  3.29961813e+00  2.12700000e-08  3.29970863e+00  2.12700000e-08  0.00000000e+00  2.12700000e-08  0.00000000e+00 
 2.12900000e-08  3.30000000e+00  2.12900000e-08  3.30000000e+00  2.12900000e-08  3.29961898e+00  2.12900000e-08  3.29970928e+00  2.12900000e-08  0.00000000e+00  2.12900000e-08  0.00000000e+00 
 2.13100000e-08  3.30000000e+00  2.13100000e-08  3.30000000e+00  2.13100000e-08  3.29961983e+00  2.13100000e-08  3.29970993e+00  2.13100000e-08  0.00000000e+00  2.13100000e-08  0.00000000e+00 
 2.13300000e-08  3.30000000e+00  2.13300000e-08  3.30000000e+00  2.13300000e-08  3.29962067e+00  2.13300000e-08  3.29971058e+00  2.13300000e-08  0.00000000e+00  2.13300000e-08  0.00000000e+00 
 2.13500000e-08  3.30000000e+00  2.13500000e-08  3.30000000e+00  2.13500000e-08  3.29962151e+00  2.13500000e-08  3.29971122e+00  2.13500000e-08  0.00000000e+00  2.13500000e-08  0.00000000e+00 
 2.13700000e-08  3.30000000e+00  2.13700000e-08  3.30000000e+00  2.13700000e-08  3.29962234e+00  2.13700000e-08  3.29971186e+00  2.13700000e-08  0.00000000e+00  2.13700000e-08  0.00000000e+00 
 2.13900000e-08  3.30000000e+00  2.13900000e-08  3.30000000e+00  2.13900000e-08  3.29962317e+00  2.13900000e-08  3.29971250e+00  2.13900000e-08  0.00000000e+00  2.13900000e-08  0.00000000e+00 
 2.14100000e-08  3.30000000e+00  2.14100000e-08  3.30000000e+00  2.14100000e-08  3.29962400e+00  2.14100000e-08  3.29971314e+00  2.14100000e-08  0.00000000e+00  2.14100000e-08  0.00000000e+00 
 2.14300000e-08  3.30000000e+00  2.14300000e-08  3.30000000e+00  2.14300000e-08  3.29962483e+00  2.14300000e-08  3.29971377e+00  2.14300000e-08  0.00000000e+00  2.14300000e-08  0.00000000e+00 
 2.14500000e-08  3.30000000e+00  2.14500000e-08  3.30000000e+00  2.14500000e-08  3.29962564e+00  2.14500000e-08  3.29971440e+00  2.14500000e-08  0.00000000e+00  2.14500000e-08  0.00000000e+00 
 2.14700000e-08  3.30000000e+00  2.14700000e-08  3.30000000e+00  2.14700000e-08  3.29962646e+00  2.14700000e-08  3.29971502e+00  2.14700000e-08  0.00000000e+00  2.14700000e-08  0.00000000e+00 
 2.14900000e-08  3.30000000e+00  2.14900000e-08  3.30000000e+00  2.14900000e-08  3.29962727e+00  2.14900000e-08  3.29971565e+00  2.14900000e-08  0.00000000e+00  2.14900000e-08  0.00000000e+00 
 2.15100000e-08  3.30000000e+00  2.15100000e-08  3.30000000e+00  2.15100000e-08  3.29962809e+00  2.15100000e-08  3.29971627e+00  2.15100000e-08  0.00000000e+00  2.15100000e-08  0.00000000e+00 
 2.15300000e-08  3.30000000e+00  2.15300000e-08  3.30000000e+00  2.15300000e-08  3.29962889e+00  2.15300000e-08  3.29971689e+00  2.15300000e-08  0.00000000e+00  2.15300000e-08  0.00000000e+00 
 2.15500000e-08  3.30000000e+00  2.15500000e-08  3.30000000e+00  2.15500000e-08  3.29962970e+00  2.15500000e-08  3.29971751e+00  2.15500000e-08  0.00000000e+00  2.15500000e-08  0.00000000e+00 
 2.15700000e-08  3.30000000e+00  2.15700000e-08  3.30000000e+00  2.15700000e-08  3.29963050e+00  2.15700000e-08  3.29971813e+00  2.15700000e-08  0.00000000e+00  2.15700000e-08  0.00000000e+00 
 2.15900000e-08  3.30000000e+00  2.15900000e-08  3.30000000e+00  2.15900000e-08  3.29963130e+00  2.15900000e-08  3.29971874e+00  2.15900000e-08  0.00000000e+00  2.15900000e-08  0.00000000e+00 
 2.16100000e-08  3.30000000e+00  2.16100000e-08  3.30000000e+00  2.16100000e-08  3.29963209e+00  2.16100000e-08  3.29971935e+00  2.16100000e-08  0.00000000e+00  2.16100000e-08  0.00000000e+00 
 2.16300000e-08  3.30000000e+00  2.16300000e-08  3.30000000e+00  2.16300000e-08  3.29963288e+00  2.16300000e-08  3.29971995e+00  2.16300000e-08  0.00000000e+00  2.16300000e-08  0.00000000e+00 
 2.16500000e-08  3.30000000e+00  2.16500000e-08  3.30000000e+00  2.16500000e-08  3.29963367e+00  2.16500000e-08  3.29972056e+00  2.16500000e-08  0.00000000e+00  2.16500000e-08  0.00000000e+00 
 2.16700000e-08  3.30000000e+00  2.16700000e-08  3.30000000e+00  2.16700000e-08  3.29963445e+00  2.16700000e-08  3.29972116e+00  2.16700000e-08  0.00000000e+00  2.16700000e-08  0.00000000e+00 
 2.16900000e-08  3.30000000e+00  2.16900000e-08  3.30000000e+00  2.16900000e-08  3.29963523e+00  2.16900000e-08  3.29972176e+00  2.16900000e-08  0.00000000e+00  2.16900000e-08  0.00000000e+00 
 2.17100000e-08  3.30000000e+00  2.17100000e-08  3.30000000e+00  2.17100000e-08  3.29963601e+00  2.17100000e-08  3.29972236e+00  2.17100000e-08  0.00000000e+00  2.17100000e-08  0.00000000e+00 
 2.17300000e-08  3.30000000e+00  2.17300000e-08  3.30000000e+00  2.17300000e-08  3.29963678e+00  2.17300000e-08  3.29972295e+00  2.17300000e-08  0.00000000e+00  2.17300000e-08  0.00000000e+00 
 2.17500000e-08  3.30000000e+00  2.17500000e-08  3.30000000e+00  2.17500000e-08  3.29963756e+00  2.17500000e-08  3.29972354e+00  2.17500000e-08  0.00000000e+00  2.17500000e-08  0.00000000e+00 
 2.17700000e-08  3.30000000e+00  2.17700000e-08  3.30000000e+00  2.17700000e-08  3.29963832e+00  2.17700000e-08  3.29972414e+00  2.17700000e-08  0.00000000e+00  2.17700000e-08  0.00000000e+00 
 2.17900000e-08  3.30000000e+00  2.17900000e-08  3.30000000e+00  2.17900000e-08  3.29963909e+00  2.17900000e-08  3.29972472e+00  2.17900000e-08  0.00000000e+00  2.17900000e-08  0.00000000e+00 
 2.18100000e-08  3.30000000e+00  2.18100000e-08  3.30000000e+00  2.18100000e-08  3.29963985e+00  2.18100000e-08  3.29972531e+00  2.18100000e-08  0.00000000e+00  2.18100000e-08  0.00000000e+00 
 2.18300000e-08  3.30000000e+00  2.18300000e-08  3.30000000e+00  2.18300000e-08  3.29964061e+00  2.18300000e-08  3.29972589e+00  2.18300000e-08  0.00000000e+00  2.18300000e-08  0.00000000e+00 
 2.18500000e-08  3.30000000e+00  2.18500000e-08  3.30000000e+00  2.18500000e-08  3.29964137e+00  2.18500000e-08  3.29972647e+00  2.18500000e-08  0.00000000e+00  2.18500000e-08  0.00000000e+00 
 2.18700000e-08  3.30000000e+00  2.18700000e-08  3.30000000e+00  2.18700000e-08  3.29964212e+00  2.18700000e-08  3.29972705e+00  2.18700000e-08  0.00000000e+00  2.18700000e-08  0.00000000e+00 
 2.18900000e-08  3.30000000e+00  2.18900000e-08  3.30000000e+00  2.18900000e-08  3.29964287e+00  2.18900000e-08  3.29972762e+00  2.18900000e-08  0.00000000e+00  2.18900000e-08  0.00000000e+00 
 2.19100000e-08  3.30000000e+00  2.19100000e-08  3.30000000e+00  2.19100000e-08  3.29964362e+00  2.19100000e-08  3.29972819e+00  2.19100000e-08  0.00000000e+00  2.19100000e-08  0.00000000e+00 
 2.19300000e-08  3.30000000e+00  2.19300000e-08  3.30000000e+00  2.19300000e-08  3.29964436e+00  2.19300000e-08  3.29972877e+00  2.19300000e-08  0.00000000e+00  2.19300000e-08  0.00000000e+00 
 2.19500000e-08  3.30000000e+00  2.19500000e-08  3.30000000e+00  2.19500000e-08  3.29964510e+00  2.19500000e-08  3.29972933e+00  2.19500000e-08  0.00000000e+00  2.19500000e-08  0.00000000e+00 
 2.19700000e-08  3.30000000e+00  2.19700000e-08  3.30000000e+00  2.19700000e-08  3.29964584e+00  2.19700000e-08  3.29972990e+00  2.19700000e-08  0.00000000e+00  2.19700000e-08  0.00000000e+00 
 2.19850000e-08  3.30000000e+00  2.19850000e-08  3.30000000e+00  2.19850000e-08  3.29964639e+00  2.19850000e-08  3.29973032e+00  2.19850000e-08  0.00000000e+00  2.19850000e-08  0.00000000e+00 
 2.20000000e-08  3.30000000e+00  2.20000000e-08  3.30000000e+00  2.20000000e-08  3.29964694e+00  2.20000000e-08  3.29973075e+00  2.20000000e-08  0.00000000e+00  2.20000000e-08  0.00000000e+00 
 2.20020000e-08  3.30000799e+00  2.20020000e-08  3.30000799e+00  2.20020000e-08  3.30225747e+00  2.20020000e-08  3.30234334e+00  2.20020000e-08  6.60000000e-02  2.20020000e-08  0.00000000e+00 
 2.20060000e-08  3.30001877e+00  2.20060000e-08  3.30001878e+00  2.20060000e-08  3.30738746e+00  2.20060000e-08  3.30747569e+00  2.20060000e-08  1.98000000e-01  2.20060000e-08  0.00000000e+00 
 2.20140000e-08  3.30002102e+00  2.20140000e-08  3.30002103e+00  2.20140000e-08  3.31708849e+00  2.20140000e-08  3.31718174e+00  2.20140000e-08  4.62000000e-01  2.20140000e-08  0.00000000e+00 
 2.20300000e-08  3.30000807e+00  2.20300000e-08  3.30000811e+00  2.20300000e-08  3.33468782e+00  2.20300000e-08  3.33481332e+00  2.20300000e-08  9.90000000e-01  2.20300000e-08  0.00000000e+00 
 2.20500000e-08  3.30000027e+00  2.20500000e-08  3.30000026e+00  2.20500000e-08  3.35539412e+00  2.20500000e-08  3.35553978e+00  2.20500000e-08  1.65000000e+00  2.20500000e-08  0.00000000e+00 
 2.20700000e-08  3.30000258e+00  2.20700000e-08  3.30000248e+00  2.20700000e-08  3.37758171e+00  2.20700000e-08  3.37767281e+00  2.20700000e-08  2.31000000e+00  2.20700000e-08  0.00000000e+00 
 2.20850000e-08  3.30000059e+00  2.20850000e-08  3.30000048e+00  2.20850000e-08  3.39395137e+00  2.20850000e-08  3.39395538e+00  2.20850000e-08  2.80500000e+00  2.20850000e-08  0.00000000e+00 
 2.21000000e-08  3.29998554e+00  2.21000000e-08  3.29998538e+00  2.21000000e-08  3.40140806e+00  2.21000000e-08  3.40126091e+00  2.21000000e-08  3.30000000e+00  2.21000000e-08  0.00000000e+00 
 2.21020000e-08  3.29998503e+00  2.21020000e-08  3.29998478e+00  2.21020000e-08  3.40183672e+00  2.21020000e-08  3.40164024e+00  2.21020000e-08  3.30000000e+00  2.21020000e-08  0.00000000e+00 
 2.21060000e-08  3.29998524e+00  2.21060000e-08  3.29998485e+00  2.21060000e-08  3.40277669e+00  2.21060000e-08  3.40247335e+00  2.21060000e-08  3.30000000e+00  2.21060000e-08  0.00000000e+00 
 2.21140000e-08  3.29998916e+00  2.21140000e-08  3.29998866e+00  2.21140000e-08  3.40496731e+00  2.21140000e-08  3.40442397e+00  2.21140000e-08  3.30000000e+00  2.21140000e-08  0.00000000e+00 
 2.21300000e-08  3.29999753e+00  2.21300000e-08  3.29999711e+00  2.21300000e-08  3.41047753e+00  2.21300000e-08  3.40938898e+00  2.21300000e-08  3.30000000e+00  2.21300000e-08  0.00000000e+00 
 2.21500000e-08  3.30000129e+00  2.21500000e-08  3.30000125e+00  2.21500000e-08  3.41863941e+00  2.21500000e-08  3.41692046e+00  2.21500000e-08  3.30000000e+00  2.21500000e-08  0.00000000e+00 
 2.21700000e-08  3.29999932e+00  2.21700000e-08  3.29999980e+00  2.21700000e-08  3.42638655e+00  2.21700000e-08  3.42436166e+00  2.21700000e-08  3.30000000e+00  2.21700000e-08  0.00000000e+00 
 2.21900000e-08  3.29999633e+00  2.21900000e-08  3.29999723e+00  2.21900000e-08  3.43167323e+00  2.21900000e-08  3.42986606e+00  2.21900000e-08  3.30000000e+00  2.21900000e-08  0.00000000e+00 
 2.22100000e-08  3.29999393e+00  2.22100000e-08  3.29999497e+00  2.22100000e-08  3.43298573e+00  2.22100000e-08  3.43198788e+00  2.22100000e-08  3.30000000e+00  2.22100000e-08  0.00000000e+00 
 2.22300000e-08  3.29999288e+00  2.22300000e-08  3.29999385e+00  2.22300000e-08  3.42946830e+00  2.22300000e-08  3.42985207e+00  2.22300000e-08  3.30000000e+00  2.22300000e-08  0.00000000e+00 
 2.22500000e-08  3.29999252e+00  2.22500000e-08  3.29999329e+00  2.22500000e-08  3.42080923e+00  2.22500000e-08  3.42308880e+00  2.22500000e-08  3.30000000e+00  2.22500000e-08  0.00000000e+00 
 2.22700000e-08  3.29999311e+00  2.22700000e-08  3.29999356e+00  2.22700000e-08  3.40708204e+00  2.22700000e-08  3.41170265e+00  2.22700000e-08  3.30000000e+00  2.22700000e-08  0.00000000e+00 
 2.22900000e-08  3.29999419e+00  2.22900000e-08  3.29999435e+00  2.22900000e-08  3.38860328e+00  2.22900000e-08  3.39594249e+00  2.22900000e-08  3.30000000e+00  2.22900000e-08  0.00000000e+00 
 2.23100000e-08  3.29999543e+00  2.23100000e-08  3.29999539e+00  2.23100000e-08  3.36582574e+00  2.23100000e-08  3.37619819e+00  2.23100000e-08  3.30000000e+00  2.23100000e-08  0.00000000e+00 
 2.23300000e-08  3.29999662e+00  2.23300000e-08  3.29999647e+00  2.23300000e-08  3.33926269e+00  2.23300000e-08  3.35292533e+00  2.23300000e-08  3.30000000e+00  2.23300000e-08  0.00000000e+00 
 2.23500000e-08  3.29999763e+00  2.23500000e-08  3.29999746e+00  2.23500000e-08  3.30943719e+00  2.23500000e-08  3.32659491e+00  2.23500000e-08  3.30000000e+00  2.23500000e-08  0.00000000e+00 
 2.23700000e-08  3.29999842e+00  2.23700000e-08  3.29999828e+00  2.23700000e-08  3.27685017e+00  2.23700000e-08  3.29766134e+00  2.23700000e-08  3.30000000e+00  2.23700000e-08  0.00000000e+00 
 2.23900000e-08  3.29999902e+00  2.23900000e-08  3.29999892e+00  2.23900000e-08  3.24196010e+00  2.23900000e-08  3.26654521e+00  2.23900000e-08  3.30000000e+00  2.23900000e-08  0.00000000e+00 
 2.24100000e-08  3.29999946e+00  2.24100000e-08  3.29999939e+00  2.24100000e-08  3.20517556e+00  2.24100000e-08  3.23362176e+00  2.24100000e-08  3.30000000e+00  2.24100000e-08  0.00000000e+00 
 2.24300000e-08  3.29999978e+00  2.24300000e-08  3.29999973e+00  2.24300000e-08  3.16685027e+00  2.24300000e-08  3.19922011e+00  2.24300000e-08  3.30000000e+00  2.24300000e-08  0.00000000e+00 
 2.24500000e-08  3.30000002e+00  2.24500000e-08  3.29999998e+00  2.24500000e-08  3.12728501e+00  2.24500000e-08  3.16362130e+00  2.24500000e-08  3.30000000e+00  2.24500000e-08  0.00000000e+00 
 2.24700000e-08  3.30000019e+00  2.24700000e-08  3.30000016e+00  2.24700000e-08  3.08673274e+00  2.24700000e-08  3.12706260e+00  2.24700000e-08  3.30000000e+00  2.24700000e-08  0.00000000e+00 
 2.24900000e-08  3.30000030e+00  2.24900000e-08  3.30000027e+00  2.24900000e-08  3.04540430e+00  2.24900000e-08  3.08974239e+00  2.24900000e-08  3.30000000e+00  2.24900000e-08  0.00000000e+00 
 2.25100000e-08  3.30000036e+00  2.25100000e-08  3.30000035e+00  2.25100000e-08  3.00347399e+00  2.25100000e-08  3.05182501e+00  2.25100000e-08  3.30000000e+00  2.25100000e-08  0.00000000e+00 
 2.25300000e-08  3.30000040e+00  2.25300000e-08  3.30000039e+00  2.25300000e-08  2.96108491e+00  2.25300000e-08  3.01344569e+00  2.25300000e-08  3.30000000e+00  2.25300000e-08  0.00000000e+00 
 2.25500000e-08  3.30000042e+00  2.25500000e-08  3.30000041e+00  2.25500000e-08  2.91835419e+00  2.25500000e-08  2.97471526e+00  2.25500000e-08  3.30000000e+00  2.25500000e-08  0.00000000e+00 
 2.25700000e-08  3.30000043e+00  2.25700000e-08  3.30000042e+00  2.25700000e-08  2.87537731e+00  2.25700000e-08  2.93572410e+00  2.25700000e-08  3.30000000e+00  2.25700000e-08  0.00000000e+00 
 2.25900000e-08  3.30000044e+00  2.25900000e-08  3.30000041e+00  2.25900000e-08  2.83223210e+00  2.25900000e-08  2.89654591e+00  2.25900000e-08  3.30000000e+00  2.25900000e-08  0.00000000e+00 
 2.26100000e-08  3.30000043e+00  2.26100000e-08  3.30000041e+00  2.26100000e-08  2.78898188e+00  2.26100000e-08  2.85724050e+00  2.26100000e-08  3.30000000e+00  2.26100000e-08  0.00000000e+00 
 2.26300000e-08  3.30000043e+00  2.26300000e-08  3.30000040e+00  2.26300000e-08  2.74567836e+00  2.26300000e-08  2.81785663e+00  2.26300000e-08  3.30000000e+00  2.26300000e-08  0.00000000e+00 
 2.26500000e-08  3.30000042e+00  2.26500000e-08  3.30000039e+00  2.26500000e-08  2.70236368e+00  2.26500000e-08  2.77843387e+00  2.26500000e-08  3.30000000e+00  2.26500000e-08  0.00000000e+00 
 2.26700000e-08  3.30000041e+00  2.26700000e-08  3.30000038e+00  2.26700000e-08  2.65907249e+00  2.26700000e-08  2.73900461e+00  2.26700000e-08  3.30000000e+00  2.26700000e-08  0.00000000e+00 
 2.26900000e-08  3.30000040e+00  2.26900000e-08  3.30000037e+00  2.26900000e-08  2.61583324e+00  2.26900000e-08  2.69959526e+00  2.26900000e-08  3.30000000e+00  2.26900000e-08  0.00000000e+00 
 2.27100000e-08  3.30000039e+00  2.27100000e-08  3.30000036e+00  2.27100000e-08  2.57266957e+00  2.27100000e-08  2.66022761e+00  2.27100000e-08  3.30000000e+00  2.27100000e-08  0.00000000e+00 
 2.27300000e-08  3.30000038e+00  2.27300000e-08  3.30000035e+00  2.27300000e-08  2.52960118e+00  2.27300000e-08  2.62091960e+00  2.27300000e-08  3.30000000e+00  2.27300000e-08  0.00000000e+00 
 2.27500000e-08  3.30000037e+00  2.27500000e-08  3.30000033e+00  2.27500000e-08  2.48664477e+00  2.27500000e-08  2.58168625e+00  2.27500000e-08  3.30000000e+00  2.27500000e-08  0.00000000e+00 
 2.27700000e-08  3.30000036e+00  2.27700000e-08  3.30000032e+00  2.27700000e-08  2.44381452e+00  2.27700000e-08  2.54254012e+00  2.27700000e-08  3.30000000e+00  2.27700000e-08  0.00000000e+00 
 2.27900000e-08  3.30000035e+00  2.27900000e-08  3.30000031e+00  2.27900000e-08  2.40112283e+00  2.27900000e-08  2.50349195e+00  2.27900000e-08  3.30000000e+00  2.27900000e-08  0.00000000e+00 
 2.28100000e-08  3.30000034e+00  2.28100000e-08  3.30000030e+00  2.28100000e-08  2.35858054e+00  2.28100000e-08  2.46455093e+00  2.28100000e-08  3.30000000e+00  2.28100000e-08  0.00000000e+00 
 2.28300000e-08  3.30000033e+00  2.28300000e-08  3.30000030e+00  2.28300000e-08  2.31619749e+00  2.28300000e-08  2.42572518e+00  2.28300000e-08  3.30000000e+00  2.28300000e-08  0.00000000e+00 
 2.28500000e-08  3.30000033e+00  2.28500000e-08  3.30000029e+00  2.28500000e-08  2.27398264e+00  2.28500000e-08  2.38702188e+00  2.28500000e-08  3.30000000e+00  2.28500000e-08  0.00000000e+00 
 2.28700000e-08  3.30000032e+00  2.28700000e-08  3.30000028e+00  2.28700000e-08  2.23194447e+00  2.28700000e-08  2.34844758e+00  2.28700000e-08  3.30000000e+00  2.28700000e-08  0.00000000e+00 
 2.28900000e-08  3.30000031e+00  2.28900000e-08  3.30000027e+00  2.28900000e-08  2.19009105e+00  2.28900000e-08  2.31000833e+00  2.28900000e-08  3.30000000e+00  2.28900000e-08  0.00000000e+00 
 2.29100000e-08  3.30000031e+00  2.29100000e-08  3.30000027e+00  2.29100000e-08  2.14843032e+00  2.29100000e-08  2.27170989e+00  2.29100000e-08  3.30000000e+00  2.29100000e-08  0.00000000e+00 
 2.29300000e-08  3.30000031e+00  2.29300000e-08  3.30000026e+00  2.29300000e-08  2.10697017e+00  2.29300000e-08  2.23355777e+00  2.29300000e-08  3.30000000e+00  2.29300000e-08  0.00000000e+00 
 2.29500000e-08  3.30000030e+00  2.29500000e-08  3.30000026e+00  2.29500000e-08  2.06571864e+00  2.29500000e-08  2.19555748e+00  2.29500000e-08  3.30000000e+00  2.29500000e-08  0.00000000e+00 
 2.29700000e-08  3.30000030e+00  2.29700000e-08  3.30000025e+00  2.29700000e-08  2.02468395e+00  2.29700000e-08  2.15771442e+00  2.29700000e-08  3.30000000e+00  2.29700000e-08  0.00000000e+00 
 2.29900000e-08  3.30000030e+00  2.29900000e-08  3.30000025e+00  2.29900000e-08  1.98387468e+00  2.29900000e-08  2.12003417e+00  2.29900000e-08  3.30000000e+00  2.29900000e-08  0.00000000e+00 
 2.30100000e-08  3.30000030e+00  2.30100000e-08  3.30000025e+00  2.30100000e-08  1.94329970e+00  2.30100000e-08  2.08252235e+00  2.30100000e-08  3.30000000e+00  2.30100000e-08  0.00000000e+00 
 2.30300000e-08  3.30000030e+00  2.30300000e-08  3.30000025e+00  2.30300000e-08  1.90296817e+00  2.30300000e-08  2.04518485e+00  2.30300000e-08  3.30000000e+00  2.30300000e-08  0.00000000e+00 
 2.30500000e-08  3.30000030e+00  2.30500000e-08  3.30000024e+00  2.30500000e-08  1.86288904e+00  2.30500000e-08  2.00802767e+00  2.30500000e-08  3.30000000e+00  2.30500000e-08  0.00000000e+00 
 2.30700000e-08  3.30000030e+00  2.30700000e-08  3.30000024e+00  2.30700000e-08  1.82307007e+00  2.30700000e-08  1.97105708e+00  2.30700000e-08  3.30000000e+00  2.30700000e-08  0.00000000e+00 
 2.30900000e-08  3.30000030e+00  2.30900000e-08  3.30000024e+00  2.30900000e-08  1.78351601e+00  2.30900000e-08  1.93427947e+00  2.30900000e-08  3.30000000e+00  2.30900000e-08  0.00000000e+00 
 2.31100000e-08  3.30000029e+00  2.31100000e-08  3.30000024e+00  2.31100000e-08  1.74422964e+00  2.31100000e-08  1.89770137e+00  2.31100000e-08  3.30000000e+00  2.31100000e-08  0.00000000e+00 
 2.31300000e-08  3.30000029e+00  2.31300000e-08  3.30000024e+00  2.31300000e-08  1.70520896e+00  2.31300000e-08  1.86132909e+00  2.31300000e-08  3.30000000e+00  2.31300000e-08  0.00000000e+00 
 2.31500000e-08  3.30000028e+00  2.31500000e-08  3.30000024e+00  2.31500000e-08  1.66644656e+00  2.31500000e-08  1.82516849e+00  2.31500000e-08  3.30000000e+00  2.31500000e-08  0.00000000e+00 
 2.31700000e-08  3.30000026e+00  2.31700000e-08  3.30000024e+00  2.31700000e-08  1.62793007e+00  2.31700000e-08  1.78922380e+00  2.31700000e-08  3.30000000e+00  2.31700000e-08  0.00000000e+00 
 2.31850000e-08  3.30000025e+00  2.31850000e-08  3.30000024e+00  2.31850000e-08  1.59919486e+00  2.31850000e-08  1.76240796e+00  2.31850000e-08  3.30000000e+00  2.31850000e-08  0.00000000e+00 
 2.32000000e-08  3.30000024e+00  2.32000000e-08  3.30000024e+00  2.32000000e-08  1.57058244e+00  2.32000000e-08  1.73571454e+00  2.32000000e-08  3.30000000e+00  2.32000000e-08  1.09187841e-13 
 2.32020000e-08  3.32133156e+00  2.32020000e-08  3.32133147e+00  2.32020000e-08  1.56702984e+00  2.32020000e-08  1.73242916e+00  2.32020000e-08  3.30000000e+00  2.32020000e-08  6.60000000e-02 
 2.32060000e-08  3.35609681e+00  2.32060000e-08  3.35609635e+00  2.32060000e-08  1.55987073e+00  2.32060000e-08  1.72580234e+00  2.32060000e-08  3.30000000e+00  2.32060000e-08  1.98000000e-01 
 2.32140000e-08  3.39509684e+00  2.32140000e-08  3.39509645e+00  2.32140000e-08  1.54531873e+00  2.32140000e-08  1.71230771e+00  2.32140000e-08  3.30000000e+00  2.32140000e-08  4.62000000e-01 
 2.32300000e-08  3.43010979e+00  2.32300000e-08  3.43010993e+00  2.32300000e-08  1.51535944e+00  2.32300000e-08  1.68440275e+00  2.32300000e-08  3.30000000e+00  2.32300000e-08  9.90000000e-01 
 2.32500000e-08  3.46572338e+00  2.32500000e-08  3.46572350e+00  2.32500000e-08  1.47428857e+00  2.32500000e-08  1.64550517e+00  2.32500000e-08  3.30000000e+00  2.32500000e-08  1.65000000e+00 
 2.32700000e-08  3.53469199e+00  2.32700000e-08  3.53469230e+00  2.32700000e-08  1.42739227e+00  2.32700000e-08  1.60071711e+00  2.32700000e-08  3.30000000e+00  2.32700000e-08  2.31000000e+00 
 2.32850000e-08  3.62529107e+00  2.32850000e-08  3.62544649e+00  2.32850000e-08  1.39092196e+00  2.32850000e-08  1.56333267e+00  2.32850000e-08  3.30000000e+00  2.32850000e-08  2.80500000e+00 
 2.33000000e-08  3.74154688e+00  2.33000000e-08  3.74308387e+00  2.33000000e-08  1.34897344e+00  2.33000000e-08  1.50154236e+00  2.33000000e-08  3.30000000e+00  2.33000000e-08  3.30000000e+00 
 2.33020000e-08  3.74176899e+00  2.33020000e-08  3.74330014e+00  2.33020000e-08  1.34203529e+00  2.33020000e-08  1.49319254e+00  2.33020000e-08  3.30000000e+00  2.33020000e-08  3.30000000e+00 
 2.33060000e-08  3.74219386e+00  2.33060000e-08  3.74361169e+00  2.33060000e-08  1.32798281e+00  2.33060000e-08  1.47727452e+00  2.33060000e-08  3.30000000e+00  2.33060000e-08  3.30000000e+00 
 2.33140000e-08  3.74272197e+00  2.33140000e-08  3.74363757e+00  2.33140000e-08  1.30131764e+00  2.33140000e-08  1.44909538e+00  2.33140000e-08  3.30000000e+00  2.33140000e-08  3.30000000e+00 
 2.33300000e-08  3.74242484e+00  2.33300000e-08  3.74182211e+00  2.33300000e-08  1.25575309e+00  2.33300000e-08  1.40328003e+00  2.33300000e-08  3.30000000e+00  2.33300000e-08  3.30000000e+00 
 2.33500000e-08  3.74014286e+00  2.33500000e-08  3.73687136e+00  2.33500000e-08  1.21011651e+00  2.33500000e-08  1.35844035e+00  2.33500000e-08  3.30000000e+00  2.33500000e-08  3.30000000e+00 
 2.33700000e-08  3.73662201e+00  2.33700000e-08  3.73012619e+00  2.33700000e-08  1.17130635e+00  2.33700000e-08  1.32066829e+00  2.33700000e-08  3.30000000e+00  2.33700000e-08  3.30000000e+00 
 2.33900000e-08  3.73264735e+00  2.33900000e-08  3.72277447e+00  2.33900000e-08  1.13555030e+00  2.33900000e-08  1.28606187e+00  2.33900000e-08  3.30000000e+00  2.33900000e-08  3.30000000e+00 
 2.34100000e-08  3.72883995e+00  2.34100000e-08  3.71493210e+00  2.34100000e-08  1.10121989e+00  2.34100000e-08  1.25293975e+00  2.34100000e-08  3.30000000e+00  2.34100000e-08  3.30000000e+00 
 2.34300000e-08  3.72610076e+00  2.34300000e-08  3.70431932e+00  2.34300000e-08  1.06764354e+00  2.34300000e-08  1.22063709e+00  2.34300000e-08  3.30000000e+00  2.34300000e-08  3.30000000e+00 
 2.34500000e-08  3.72114814e+00  2.34500000e-08  3.68712321e+00  2.34500000e-08  1.03453788e+00  2.34500000e-08  1.18893598e+00  2.34500000e-08  3.30000000e+00  2.34500000e-08  3.30000000e+00 
 2.34700000e-08  3.69871629e+00  2.34700000e-08  3.66677978e+00  2.34700000e-08  1.00179516e+00  2.34700000e-08  1.15785085e+00  2.34700000e-08  3.30000000e+00  2.34700000e-08  3.30000000e+00 
 2.34900000e-08  3.64395012e+00  2.34900000e-08  3.64759250e+00  2.34900000e-08  9.69373834e-01  2.34900000e-08  1.12742334e+00  2.34900000e-08  3.30000000e+00  2.34900000e-08  3.30000000e+00 
 2.35100000e-08  3.55456779e+00  2.35100000e-08  3.63028133e+00  2.35100000e-08  9.37259627e-01  2.35100000e-08  1.09759286e+00  2.35100000e-08  3.30000000e+00  2.35100000e-08  3.30000000e+00 
 2.35300000e-08  3.43996541e+00  2.35300000e-08  3.61460325e+00  2.35300000e-08  9.05462453e-01  2.35300000e-08  1.06824643e+00  2.35300000e-08  3.30000000e+00  2.35300000e-08  3.30000000e+00 
 2.35500000e-08  3.31270775e+00  2.35500000e-08  3.60037385e+00  2.35500000e-08  8.74023591e-01  2.35500000e-08  1.03929005e+00  2.35500000e-08  3.30000000e+00  2.35500000e-08  3.30000000e+00 
 2.35700000e-08  3.18149638e+00  2.35700000e-08  3.58722532e+00  2.35700000e-08  8.43042778e-01  2.35700000e-08  1.01066435e+00  2.35700000e-08  3.30000000e+00  2.35700000e-08  3.30000000e+00 
 2.35900000e-08  3.05229800e+00  2.35900000e-08  3.57478664e+00  2.35900000e-08  8.12748522e-01  2.35900000e-08  9.82344918e-01  2.35900000e-08  3.30000000e+00  2.35900000e-08  3.30000000e+00 
 2.36100000e-08  2.92901696e+00  2.36100000e-08  3.56290467e+00  2.36100000e-08  7.83644785e-01  2.36100000e-08  9.54340714e-01  2.36100000e-08  3.30000000e+00  2.36100000e-08  3.30000000e+00 
 2.36300000e-08  2.81383454e+00  2.36300000e-08  3.55127568e+00  2.36300000e-08  7.56636013e-01  2.36300000e-08  9.26688605e-01  2.36300000e-08  3.30000000e+00  2.36300000e-08  3.30000000e+00 
 2.36500000e-08  2.70825983e+00  2.36500000e-08  3.53929229e+00  2.36500000e-08  7.32776486e-01  2.36500000e-08  8.99400279e-01  2.36500000e-08  3.30000000e+00  2.36500000e-08  3.30000000e+00 
 2.36700000e-08  2.61389045e+00  2.36700000e-08  3.52653250e+00  2.36700000e-08  7.12659558e-01  2.36700000e-08  8.72414717e-01  2.36700000e-08  3.30000000e+00  2.36700000e-08  3.30000000e+00 
 2.36900000e-08  2.53283577e+00  2.36900000e-08  3.51297522e+00  2.36900000e-08  6.96121076e-01  2.36900000e-08  8.45623737e-01  2.36900000e-08  3.30000000e+00  2.36900000e-08  3.30000000e+00 
 2.37100000e-08  2.46714433e+00  2.37100000e-08  3.49882517e+00  2.37100000e-08  6.82532036e-01  2.37100000e-08  8.18964026e-01  2.37100000e-08  3.30000000e+00  2.37100000e-08  3.30000000e+00 
 2.37300000e-08  2.41666009e+00  2.37300000e-08  3.48467762e+00  2.37300000e-08  6.71208162e-01  2.37300000e-08  7.92539232e-01  2.37300000e-08  3.30000000e+00  2.37300000e-08  3.30000000e+00 
 2.37500000e-08  2.37876291e+00  2.37500000e-08  3.47131757e+00  2.37500000e-08  6.61598958e-01  2.37500000e-08  7.66767193e-01  2.37500000e-08  3.30000000e+00  2.37500000e-08  3.30000000e+00 
 2.37700000e-08  2.35035773e+00  2.37700000e-08  3.45918040e+00  2.37700000e-08  6.53300506e-01  2.37700000e-08  7.42426994e-01  2.37700000e-08  3.30000000e+00  2.37700000e-08  3.30000000e+00 
 2.37900000e-08  2.32895627e+00  2.37900000e-08  3.44835655e+00  2.37900000e-08  6.46003589e-01  2.37900000e-08  7.20377075e-01  2.37900000e-08  3.30000000e+00  2.37900000e-08  3.30000000e+00 
 2.38100000e-08  2.31275198e+00  2.38100000e-08  3.43875554e+00  2.38100000e-08  6.39453049e-01  2.38100000e-08  7.01101408e-01  2.38100000e-08  3.30000000e+00  2.38100000e-08  3.30000000e+00 
 2.38300000e-08  2.30042005e+00  2.38300000e-08  3.43021179e+00  2.38300000e-08  6.33438639e-01  2.38300000e-08  6.84529940e-01  2.38300000e-08  3.30000000e+00  2.38300000e-08  3.30000000e+00 
 2.38500000e-08  2.29095341e+00  2.38500000e-08  3.42254743e+00  2.38500000e-08  6.27792978e-01  2.38500000e-08  6.70243005e-01  2.38500000e-08  3.30000000e+00  2.38500000e-08  3.30000000e+00 
 2.38700000e-08  2.28358332e+00  2.38700000e-08  3.41560523e+00  2.38700000e-08  6.22389486e-01  2.38700000e-08  6.57751674e-01  2.38700000e-08  3.30000000e+00  2.38700000e-08  3.30000000e+00 
 2.38900000e-08  2.27773624e+00  2.38900000e-08  3.40925894e+00  2.38900000e-08  6.17134473e-01  2.38900000e-08  6.46640554e-01  2.38900000e-08  3.30000000e+00  2.38900000e-08  3.30000000e+00 
 2.39100000e-08  2.27299690e+00  2.39100000e-08  3.40341162e+00  2.39100000e-08  6.11962487e-01  2.39100000e-08  6.36592660e-01  2.39100000e-08  3.30000000e+00  2.39100000e-08  3.30000000e+00 
 2.39300000e-08  2.26907118e+00  2.39300000e-08  3.39798992e+00  2.39300000e-08  6.06828748e-01  2.39300000e-08  6.27380828e-01  2.39300000e-08  3.30000000e+00  2.39300000e-08  3.30000000e+00 
 2.39500000e-08  2.26575375e+00  2.39500000e-08  3.39293818e+00  2.39500000e-08  6.01705943e-01  2.39500000e-08  6.18841767e-01  2.39500000e-08  3.30000000e+00  2.39500000e-08  3.30000000e+00 
 2.39700000e-08  2.26289992e+00  2.39700000e-08  3.38821305e+00  2.39700000e-08  5.96578236e-01  2.39700000e-08  6.10850872e-01  2.39700000e-08  3.30000000e+00  2.39700000e-08  3.30000000e+00 
 2.39900000e-08  2.26040736e+00  2.39900000e-08  3.38378023e+00  2.39900000e-08  5.91439529e-01  2.39900000e-08  6.03314334e-01  2.39900000e-08  3.30000000e+00  2.39900000e-08  3.30000000e+00 
 2.40100000e-08  2.25820209e+00  2.40100000e-08  3.37961173e+00  2.40100000e-08  5.86288751e-01  2.40100000e-08  5.96159932e-01  2.40100000e-08  3.30000000e+00  2.40100000e-08  3.30000000e+00 
 2.40300000e-08  2.25623012e+00  2.40300000e-08  3.37568441e+00  2.40300000e-08  5.81129575e-01  2.40300000e-08  5.89330631e-01  2.40300000e-08  3.30000000e+00  2.40300000e-08  3.30000000e+00 
 2.40500000e-08  2.25445070e+00  2.40500000e-08  3.37197845e+00  2.40500000e-08  5.75966920e-01  2.40500000e-08  5.82780681e-01  2.40500000e-08  3.30000000e+00  2.40500000e-08  3.30000000e+00 
 2.40700000e-08  2.25283294e+00  2.40700000e-08  3.36847693e+00  2.40700000e-08  5.70807754e-01  2.40700000e-08  5.76472547e-01  2.40700000e-08  3.30000000e+00  2.40700000e-08  3.30000000e+00 
 2.40900000e-08  2.25135244e+00  2.40900000e-08  3.36516482e+00  2.40900000e-08  5.65658372e-01  2.40900000e-08  5.70375284e-01  2.40900000e-08  3.30000000e+00  2.40900000e-08  3.30000000e+00 
 2.41100000e-08  2.24999012e+00  2.41100000e-08  3.36202900e+00  2.41100000e-08  5.60525855e-01  2.41100000e-08  5.64462870e-01  2.41100000e-08  3.30000000e+00  2.41100000e-08  3.30000000e+00 
 2.41300000e-08  2.24873024e+00  2.41300000e-08  3.35905753e+00  2.41300000e-08  5.55415782e-01  2.41300000e-08  5.58713559e-01  2.41300000e-08  3.30000000e+00  2.41300000e-08  3.30000000e+00 
 2.41500000e-08  2.24756020e+00  2.41500000e-08  3.35623983e+00  2.41500000e-08  5.50334050e-01  2.41500000e-08  5.53108809e-01  2.41500000e-08  3.30000000e+00  2.41500000e-08  3.30000000e+00 
 2.41700000e-08  2.24646926e+00  2.41700000e-08  3.35356611e+00  2.41700000e-08  5.45284795e-01  2.41700000e-08  5.47633074e-01  2.41700000e-08  3.30000000e+00  2.41700000e-08  3.30000000e+00 
 2.41900000e-08  2.24544871e+00  2.41900000e-08  3.35102765e+00  2.41900000e-08  5.40272402e-01  2.41900000e-08  5.42272996e-01  2.41900000e-08  3.30000000e+00  2.41900000e-08  3.30000000e+00 
 2.42100000e-08  2.24449086e+00  2.42100000e-08  3.34861621e+00  2.42100000e-08  5.35299505e-01  2.42100000e-08  5.37017412e-01  2.42100000e-08  3.30000000e+00  2.42100000e-08  3.30000000e+00 
 2.42300000e-08  2.24358944e+00  2.42300000e-08  3.34632448e+00  2.42300000e-08  5.30369088e-01  2.42300000e-08  5.31856670e-01  2.42300000e-08  3.30000000e+00  2.42300000e-08  3.30000000e+00 
 2.42500000e-08  2.24273879e+00  2.42500000e-08  3.34414544e+00  2.42500000e-08  5.25482503e-01  2.42500000e-08  5.26782760e-01  2.42500000e-08  3.30000000e+00  2.42500000e-08  3.30000000e+00 
 2.42700000e-08  2.24193427e+00  2.42700000e-08  3.34207285e+00  2.42700000e-08  5.20641613e-01  2.42700000e-08  5.21788702e-01  2.42700000e-08  3.30000000e+00  2.42700000e-08  3.30000000e+00 
 2.42900000e-08  2.24117156e+00  2.42900000e-08  3.34010067e+00  2.42900000e-08  5.15846792e-01  2.42900000e-08  5.16868754e-01  2.42900000e-08  3.30000000e+00  2.42900000e-08  3.30000000e+00 
 2.43100000e-08  2.24044717e+00  2.43100000e-08  3.33822354e+00  2.43100000e-08  5.11099082e-01  2.43100000e-08  5.12017848e-01  2.43100000e-08  3.30000000e+00  2.43100000e-08  3.30000000e+00 
 2.43300000e-08  2.23975773e+00  2.43300000e-08  3.33643621e+00  2.43300000e-08  5.06398174e-01  2.43300000e-08  5.07231860e-01  2.43300000e-08  3.30000000e+00  2.43300000e-08  3.30000000e+00 
 2.43500000e-08  2.23910054e+00  2.43500000e-08  3.33473400e+00  2.43500000e-08  5.01744560e-01  2.43500000e-08  5.02507075e-01  2.43500000e-08  3.30000000e+00  2.43500000e-08  3.30000000e+00 
 2.43700000e-08  2.23847293e+00  2.43700000e-08  3.33311234e+00  2.43700000e-08  4.97137484e-01  2.43700000e-08  4.97840509e-01  2.43700000e-08  3.30000000e+00  2.43700000e-08  3.30000000e+00 
 2.43900000e-08  2.23787280e+00  2.43900000e-08  3.33156713e+00  2.43900000e-08  4.92577099e-01  2.43900000e-08  4.93229394e-01  2.43900000e-08  3.30000000e+00  2.43900000e-08  3.30000000e+00 
 2.44100000e-08  2.23729797e+00  2.44100000e-08  3.33009434e+00  2.44100000e-08  4.88062387e-01  2.44100000e-08  4.88671540e-01  2.44100000e-08  3.30000000e+00  2.44100000e-08  3.30000000e+00 
 2.44300000e-08  2.23674677e+00  2.44300000e-08  3.32869039e+00  2.44300000e-08  4.83593313e-01  2.44300000e-08  4.84164836e-01  2.44300000e-08  3.30000000e+00  2.44300000e-08  3.30000000e+00 
 2.44500000e-08  2.23621742e+00  2.44500000e-08  3.32735168e+00  2.44500000e-08  4.79168720e-01  2.44500000e-08  4.79707642e-01  2.44500000e-08  3.30000000e+00  2.44500000e-08  3.30000000e+00 
 2.44700000e-08  2.23570858e+00  2.44700000e-08  3.32607507e+00  2.44700000e-08  4.74788488e-01  2.44700000e-08  4.75298301e-01  2.44700000e-08  3.30000000e+00  2.44700000e-08  3.30000000e+00 
 2.44900000e-08  2.23521875e+00  2.44900000e-08  3.32485734e+00  2.44900000e-08  4.70451407e-01  2.44900000e-08  4.70935554e-01  2.44900000e-08  3.30000000e+00  2.44900000e-08  3.30000000e+00 
 2.45100000e-08  2.23474686e+00  2.45100000e-08  3.32369574e+00  2.45100000e-08  4.66157334e-01  2.45100000e-08  4.66618058e-01  2.45100000e-08  3.30000000e+00  2.45100000e-08  3.30000000e+00 
 2.45300000e-08  2.23429163e+00  2.45300000e-08  3.32258738e+00  2.45300000e-08  4.61905055e-01  2.45300000e-08  4.62344820e-01  2.45300000e-08  3.30000000e+00  2.45300000e-08  3.30000000e+00 
 2.45500000e-08  2.23385219e+00  2.45500000e-08  3.32152981e+00  2.45500000e-08  4.57694441e-01  2.45500000e-08  4.58114719e-01  2.45500000e-08  3.30000000e+00  2.45500000e-08  3.30000000e+00 
 2.45700000e-08  2.23342746e+00  2.45700000e-08  3.32052044e+00  2.45700000e-08  4.53524301e-01  2.45700000e-08  4.53926949e-01  2.45700000e-08  3.30000000e+00  2.45700000e-08  3.30000000e+00 
 2.45900000e-08  2.23301671e+00  2.45900000e-08  3.31955709e+00  2.45900000e-08  4.49394542e-01  2.45900000e-08  4.49780546e-01  2.45900000e-08  3.30000000e+00  2.45900000e-08  3.30000000e+00 
 2.46100000e-08  2.23261900e+00  2.46100000e-08  3.31863745e+00  2.46100000e-08  4.45304009e-01  2.46100000e-08  4.45674842e-01  2.46100000e-08  3.30000000e+00  2.46100000e-08  3.30000000e+00 
 2.46300000e-08  2.23223376e+00  2.46300000e-08  3.31775956e+00  2.46300000e-08  4.41252650e-01  2.46300000e-08  4.41608988e-01  2.46300000e-08  3.30000000e+00  2.46300000e-08  3.30000000e+00 
 2.46500000e-08  2.23186014e+00  2.46500000e-08  3.31692133e+00  2.46500000e-08  4.37239350e-01  2.46500000e-08  4.37582417e-01  2.46500000e-08  3.30000000e+00  2.46500000e-08  3.30000000e+00 
 2.46700000e-08  2.23149767e+00  2.46700000e-08  3.31612102e+00  2.46700000e-08  4.33264101e-01  2.46700000e-08  4.33594367e-01  2.46700000e-08  3.30000000e+00  2.46700000e-08  3.30000000e+00 
 2.46900000e-08  2.23114563e+00  2.46900000e-08  3.31535674e+00  2.46900000e-08  4.29325831e-01  2.46900000e-08  4.29644347e-01  2.46900000e-08  3.30000000e+00  2.46900000e-08  3.30000000e+00 
 2.47100000e-08  2.23080362e+00  2.47100000e-08  3.31462694e+00  2.47100000e-08  4.25424570e-01  2.47100000e-08  4.25731664e-01  2.47100000e-08  3.30000000e+00  2.47100000e-08  3.30000000e+00 
 2.47300000e-08  2.23047098e+00  2.47300000e-08  3.31392989e+00  2.47300000e-08  4.21559285e-01  2.47300000e-08  4.21855888e-01  2.47300000e-08  3.30000000e+00  2.47300000e-08  3.30000000e+00 
 2.47500000e-08  2.23014741e+00  2.47500000e-08  3.31326421e+00  2.47500000e-08  4.17730044e-01  2.47500000e-08  4.18016379e-01  2.47500000e-08  3.30000000e+00  2.47500000e-08  3.30000000e+00 
 2.47700000e-08  2.22983231e+00  2.47700000e-08  3.31262833e+00  2.47700000e-08  4.13935847e-01  2.47700000e-08  4.14212756e-01  2.47700000e-08  3.30000000e+00  2.47700000e-08  3.30000000e+00 
 2.47900000e-08  2.22952543e+00  2.47900000e-08  3.31202101e+00  2.47900000e-08  4.10176798e-01  2.47900000e-08  4.10444422e-01  2.47900000e-08  3.30000000e+00  2.47900000e-08  3.30000000e+00 
 2.48100000e-08  2.22922624e+00  2.48100000e-08  3.31144083e+00  2.48100000e-08  4.06451925e-01  2.48100000e-08  4.06711037e-01  2.48100000e-08  3.30000000e+00  2.48100000e-08  3.30000000e+00 
 2.48300000e-08  2.22893453e+00  2.48300000e-08  3.31088668e+00  2.48300000e-08  4.02761362e-01  2.48300000e-08  4.03012040e-01  2.48300000e-08  3.30000000e+00  2.48300000e-08  3.30000000e+00 
 2.48500000e-08  2.22864982e+00  2.48500000e-08  3.31035724e+00  2.48500000e-08  3.99104164e-01  2.48500000e-08  3.99347125e-01  2.48500000e-08  3.30000000e+00  2.48500000e-08  3.30000000e+00 
 2.48700000e-08  2.22837194e+00  2.48700000e-08  3.30985154e+00  2.48700000e-08  3.95480490e-01  2.48700000e-08  3.95715761e-01  2.48700000e-08  3.30000000e+00  2.48700000e-08  3.30000000e+00 
 2.48900000e-08  2.22810046e+00  2.48900000e-08  3.30936837e+00  2.48900000e-08  3.91889419e-01  2.48900000e-08  3.92117671e-01  2.48900000e-08  3.30000000e+00  2.48900000e-08  3.30000000e+00 
 2.49100000e-08  2.22783525e+00  2.49100000e-08  3.30890685e+00  2.49100000e-08  3.88331133e-01  2.49100000e-08  3.88552348e-01  2.49100000e-08  3.30000000e+00  2.49100000e-08  3.30000000e+00 
 2.49300000e-08  2.22757589e+00  2.49300000e-08  3.30846588e+00  2.49300000e-08  3.84804730e-01  2.49300000e-08  3.85019540e-01  2.49300000e-08  3.30000000e+00  2.49300000e-08  3.30000000e+00 
 2.49500000e-08  2.22732230e+00  2.49500000e-08  3.30804467e+00  2.49500000e-08  3.81310411e-01  2.49500000e-08  3.81518764e-01  2.49500000e-08  3.30000000e+00  2.49500000e-08  3.30000000e+00 
 2.49700000e-08  2.22707409e+00  2.49700000e-08  3.30764220e+00  2.49700000e-08  3.77847294e-01  2.49700000e-08  3.78049788e-01  2.49700000e-08  3.30000000e+00  2.49700000e-08  3.30000000e+00 
 2.49900000e-08  2.22683120e+00  2.49900000e-08  3.30725777e+00  2.49900000e-08  3.74415596e-01  2.49900000e-08  3.74612148e-01  2.49900000e-08  3.30000000e+00  2.49900000e-08  3.30000000e+00 
 2.50100000e-08  2.22659328e+00  2.50100000e-08  3.30689045e+00  2.50100000e-08  3.71014451e-01  2.50100000e-08  3.71205631e-01  2.50100000e-08  3.30000000e+00  2.50100000e-08  3.30000000e+00 
 2.50300000e-08  2.22636027e+00  2.50300000e-08  3.30653962e+00  2.50300000e-08  3.67644092e-01  2.50300000e-08  3.67829789e-01  2.50300000e-08  3.30000000e+00  2.50300000e-08  3.30000000e+00 
 2.50500000e-08  2.22613185e+00  2.50500000e-08  3.30620440e+00  2.50500000e-08  3.64303664e-01  2.50500000e-08  3.64484425e-01  2.50500000e-08  3.30000000e+00  2.50500000e-08  3.30000000e+00 
 2.50700000e-08  2.22590800e+00  2.50700000e-08  3.30588424e+00  2.50700000e-08  3.60993417e-01  2.50700000e-08  3.61169107e-01  2.50700000e-08  3.30000000e+00  2.50700000e-08  3.30000000e+00 
 2.50900000e-08  2.22568839e+00  2.50900000e-08  3.30557835e+00  2.50900000e-08  3.57712506e-01  2.50900000e-08  3.57883651e-01  2.50900000e-08  3.30000000e+00  2.50900000e-08  3.30000000e+00 
 2.51100000e-08  2.22547303e+00  2.51100000e-08  3.30528622e+00  2.51100000e-08  3.54461194e-01  2.51100000e-08  3.54627637e-01  2.51100000e-08  3.30000000e+00  2.51100000e-08  3.30000000e+00 
 2.51300000e-08  2.22526162e+00  2.51300000e-08  3.30500711e+00  2.51300000e-08  3.51238647e-01  2.51300000e-08  3.51400897e-01  2.51300000e-08  3.30000000e+00  2.51300000e-08  3.30000000e+00 
 2.51500000e-08  2.22505417e+00  2.51500000e-08  3.30474060e+00  2.51500000e-08  3.48045138e-01  2.51500000e-08  3.48203020e-01  2.51500000e-08  3.30000000e+00  2.51500000e-08  3.30000000e+00 
 2.51700000e-08  2.22485040e+00  2.51700000e-08  3.30448598e+00  2.51700000e-08  3.44879843e-01  2.51700000e-08  3.45033849e-01  2.51700000e-08  3.30000000e+00  2.51700000e-08  3.30000000e+00 
 2.51900000e-08  2.22465032e+00  2.51900000e-08  3.30424287e+00  2.51900000e-08  3.41743045e-01  2.51900000e-08  3.41892985e-01  2.51900000e-08  3.30000000e+00  2.51900000e-08  3.30000000e+00 
 2.52100000e-08  2.22445368e+00  2.52100000e-08  3.30401064e+00  2.52100000e-08  3.38633930e-01  2.52100000e-08  3.38780281e-01  2.52100000e-08  3.30000000e+00  2.52100000e-08  3.30000000e+00 
 2.52300000e-08  2.22426050e+00  2.52300000e-08  3.30378893e+00  2.52300000e-08  3.35552787e-01  2.52300000e-08  3.35695346e-01  2.52300000e-08  3.30000000e+00  2.52300000e-08  3.30000000e+00 
 2.52500000e-08  2.22407053e+00  2.52500000e-08  3.30357716e+00  2.52500000e-08  3.32498811e-01  2.52500000e-08  3.32638042e-01  2.52500000e-08  3.30000000e+00  2.52500000e-08  3.30000000e+00 
 2.52700000e-08  2.22388381e+00  2.52700000e-08  3.30337502e+00  2.52700000e-08  3.29472301e-01  2.52700000e-08  3.29607989e-01  2.52700000e-08  3.30000000e+00  2.52700000e-08  3.30000000e+00 
 2.52900000e-08  2.22370010e+00  2.52900000e-08  3.30318196e+00  2.52900000e-08  3.26472459e-01  2.52900000e-08  3.26605055e-01  2.52900000e-08  3.30000000e+00  2.52900000e-08  3.30000000e+00 
 2.53100000e-08  2.22351945e+00  2.53100000e-08  3.30299772e+00  2.53100000e-08  3.23499589e-01  2.53100000e-08  3.23628868e-01  2.53100000e-08  3.30000000e+00  2.53100000e-08  3.30000000e+00 
 2.53300000e-08  2.22334163e+00  2.53300000e-08  3.30282177e+00  2.53300000e-08  3.20552900e-01  2.53300000e-08  3.20679304e-01  2.53300000e-08  3.30000000e+00  2.53300000e-08  3.30000000e+00 
 2.53500000e-08  2.22316669e+00  2.53500000e-08  3.30265389e+00  2.53500000e-08  3.17632705e-01  2.53500000e-08  3.17755998e-01  2.53500000e-08  3.30000000e+00  2.53500000e-08  3.30000000e+00 
 2.53700000e-08  2.22299440e+00  2.53700000e-08  3.30249359e+00  2.53700000e-08  3.14738218e-01  2.53700000e-08  3.14858833e-01  2.53700000e-08  3.30000000e+00  2.53700000e-08  3.30000000e+00 
 2.53900000e-08  2.22282485e+00  2.53900000e-08  3.30234067e+00  2.53900000e-08  3.11869757e-01  2.53900000e-08  3.11987451e-01  2.53900000e-08  3.30000000e+00  2.53900000e-08  3.30000000e+00 
 2.54100000e-08  2.22265779e+00  2.54100000e-08  3.30219468e+00  2.54100000e-08  3.09026544e-01  2.54100000e-08  3.09141740e-01  2.54100000e-08  3.30000000e+00  2.54100000e-08  3.30000000e+00 
 2.54300000e-08  2.22249332e+00  2.54300000e-08  3.30205545e+00  2.54300000e-08  3.06208901e-01  2.54300000e-08  3.06321349e-01  2.54300000e-08  3.30000000e+00  2.54300000e-08  3.30000000e+00 
 2.54500000e-08  2.22233121e+00  2.54500000e-08  3.30192255e+00  2.54500000e-08  3.03416056e-01  2.54500000e-08  3.03526173e-01  2.54500000e-08  3.30000000e+00  2.54500000e-08  3.30000000e+00 
 2.54700000e-08  2.22217154e+00  2.54700000e-08  3.30179584e+00  2.54700000e-08  3.00648337e-01  2.54700000e-08  3.00755864e-01  2.54700000e-08  3.30000000e+00  2.54700000e-08  3.30000000e+00 
 2.54900000e-08  2.22201411e+00  2.54900000e-08  3.30167491e+00  2.54900000e-08  2.97904976e-01  2.54900000e-08  2.98010324e-01  2.54900000e-08  3.30000000e+00  2.54900000e-08  3.30000000e+00 
 2.55100000e-08  2.22185900e+00  2.55100000e-08  3.30155965e+00  2.55100000e-08  2.95186306e-01  2.55100000e-08  2.95289211e-01  2.55100000e-08  3.30000000e+00  2.55100000e-08  3.30000000e+00 
 2.55300000e-08  2.22170600e+00  2.55300000e-08  3.30144967e+00  2.55300000e-08  2.92491565e-01  2.55300000e-08  2.92592432e-01  2.55300000e-08  3.30000000e+00  2.55300000e-08  3.30000000e+00 
 2.55500000e-08  2.22155522e+00  2.55500000e-08  3.30134489e+00  2.55500000e-08  2.89821090e-01  2.55500000e-08  2.89919648e-01  2.55500000e-08  3.30000000e+00  2.55500000e-08  3.30000000e+00 
 2.55700000e-08  2.22140645e+00  2.55700000e-08  3.30124492e+00  2.55700000e-08  2.87174122e-01  2.55700000e-08  2.87270771e-01  2.55700000e-08  3.30000000e+00  2.55700000e-08  3.30000000e+00 
 2.55900000e-08  2.22125978e+00  2.55900000e-08  3.30114971e+00  2.55900000e-08  2.84551005e-01  2.55900000e-08  2.84645469e-01  2.55900000e-08  3.30000000e+00  2.55900000e-08  3.30000000e+00 
 2.56100000e-08  2.22111501e+00  2.56100000e-08  3.30105890e+00  2.56100000e-08  2.81950984e-01  2.56100000e-08  2.82043658e-01  2.56100000e-08  3.30000000e+00  2.56100000e-08  3.30000000e+00 
 2.56300000e-08  2.22097226e+00  2.56300000e-08  3.30097245e+00  2.56300000e-08  2.79374405e-01  2.56300000e-08  2.79465010e-01  2.56300000e-08  3.30000000e+00  2.56300000e-08  3.30000000e+00 
 2.56500000e-08  2.22083132e+00  2.56500000e-08  3.30089002e+00  2.56500000e-08  2.76820518e-01  2.56500000e-08  2.76909444e-01  2.56500000e-08  3.30000000e+00  2.56500000e-08  3.30000000e+00 
 2.56700000e-08  2.22069231e+00  2.56700000e-08  3.30081158e+00  2.56700000e-08  2.74289674e-01  2.56700000e-08  2.74376636e-01  2.56700000e-08  3.30000000e+00  2.56700000e-08  3.30000000e+00 
 2.56900000e-08  2.22055502e+00  2.56900000e-08  3.30073681e+00  2.56900000e-08  2.71781126e-01  2.56900000e-08  2.71866512e-01  2.56900000e-08  3.30000000e+00  2.56900000e-08  3.30000000e+00 
 2.57100000e-08  2.22041957e+00  2.57100000e-08  3.30066569e+00  2.57100000e-08  2.69295230e-01  2.57100000e-08  2.69378751e-01  2.57100000e-08  3.30000000e+00  2.57100000e-08  3.30000000e+00 
 2.57300000e-08  2.22028577e+00  2.57300000e-08  3.30059792e+00  2.57300000e-08  2.66831241e-01  2.57300000e-08  2.66913281e-01  2.57300000e-08  3.30000000e+00  2.57300000e-08  3.30000000e+00 
 2.57500000e-08  2.22015373e+00  2.57500000e-08  3.30053350e+00  2.57500000e-08  2.64389519e-01  2.57500000e-08  2.64469785e-01  2.57500000e-08  3.30000000e+00  2.57500000e-08  3.30000000e+00 
 2.57700000e-08  2.22002327e+00  2.57700000e-08  3.30047213e+00  2.57700000e-08  2.61969325e-01  2.57700000e-08  2.62048197e-01  2.57700000e-08  3.30000000e+00  2.57700000e-08  3.30000000e+00 
 2.57900000e-08  2.21989450e+00  2.57900000e-08  3.30041383e+00  2.57900000e-08  2.59571019e-01  2.57900000e-08  2.59648203e-01  2.57900000e-08  3.30000000e+00  2.57900000e-08  3.30000000e+00 
 2.58100000e-08  2.21976724e+00  2.58100000e-08  3.30035831e+00  2.58100000e-08  2.57193866e-01  2.58100000e-08  2.57269740e-01  2.58100000e-08  3.30000000e+00  2.58100000e-08  3.30000000e+00 
 2.58300000e-08  2.21964161e+00  2.58300000e-08  3.30030561e+00  2.58300000e-08  2.54838232e-01  2.58300000e-08  2.54912496e-01  2.58300000e-08  3.30000000e+00  2.58300000e-08  3.30000000e+00 
 2.58500000e-08  2.21951742e+00  2.58500000e-08  3.30025544e+00  2.58500000e-08  2.52503384e-01  2.58500000e-08  2.52576413e-01  2.58500000e-08  3.30000000e+00  2.58500000e-08  3.30000000e+00 
 2.58700000e-08  2.21939479e+00  2.58700000e-08  3.30020784e+00  2.58700000e-08  2.50189690e-01  2.58700000e-08  2.50261184e-01  2.58700000e-08  3.30000000e+00  2.58700000e-08  3.30000000e+00 
 2.58900000e-08  2.21927355e+00  2.58900000e-08  3.30016256e+00  2.58900000e-08  2.47896421e-01  2.58900000e-08  2.47966752e-01  2.58900000e-08  3.30000000e+00  2.58900000e-08  3.30000000e+00 
 2.59100000e-08  2.21915381e+00  2.59100000e-08  3.30011964e+00  2.59100000e-08  2.45623949e-01  2.59100000e-08  2.45692814e-01  2.59100000e-08  3.30000000e+00  2.59100000e-08  3.30000000e+00 
 2.59300000e-08  2.21903541e+00  2.59300000e-08  3.30007882e+00  2.59300000e-08  2.43371547e-01  2.59300000e-08  2.43439315e-01  2.59300000e-08  3.30000000e+00  2.59300000e-08  3.30000000e+00 
 2.59500000e-08  2.21891845e+00  2.59500000e-08  3.30004016e+00  2.59500000e-08  2.41139590e-01  2.59500000e-08  2.41205957e-01  2.59500000e-08  3.30000000e+00  2.59500000e-08  3.30000000e+00 
 2.59700000e-08  2.21880278e+00  2.59700000e-08  3.30000343e+00  2.59700000e-08  2.38927356e-01  2.59700000e-08  2.38992688e-01  2.59700000e-08  3.30000000e+00  2.59700000e-08  3.30000000e+00 
 2.59900000e-08  2.21868840e+00  2.59900000e-08  3.29996889e+00  2.59900000e-08  2.36735221e-01  2.59900000e-08  2.36799212e-01  2.59900000e-08  3.30000000e+00  2.59900000e-08  3.30000000e+00 
 2.60100000e-08  2.21857528e+00  2.60100000e-08  3.29993610e+00  2.60100000e-08  2.34562466e-01  2.60100000e-08  2.34625480e-01  2.60100000e-08  3.30000000e+00  2.60100000e-08  3.30000000e+00 
 2.60300000e-08  2.21846353e+00  2.60300000e-08  3.29990511e+00  2.60300000e-08  2.32409470e-01  2.60300000e-08  2.32471200e-01  2.60300000e-08  3.30000000e+00  2.60300000e-08  3.30000000e+00 
 2.60500000e-08  2.21835299e+00  2.60500000e-08  3.29987568e+00  2.60500000e-08  2.30275518e-01  2.60500000e-08  2.30336326e-01  2.60500000e-08  3.30000000e+00  2.60500000e-08  3.30000000e+00 
 2.60700000e-08  2.21824376e+00  2.60700000e-08  3.29984790e+00  2.60700000e-08  2.28160992e-01  2.60700000e-08  2.28220567e-01  2.60700000e-08  3.30000000e+00  2.60700000e-08  3.30000000e+00 
 2.60900000e-08  2.21813567e+00  2.60900000e-08  3.29982154e+00  2.60900000e-08  2.26065177e-01  2.60900000e-08  2.26123882e-01  2.60900000e-08  3.30000000e+00  2.60900000e-08  3.30000000e+00 
 2.61100000e-08  2.21802886e+00  2.61100000e-08  3.29979669e+00  2.61100000e-08  2.23988460e-01  2.61100000e-08  2.24045983e-01  2.61100000e-08  3.30000000e+00  2.61100000e-08  3.30000000e+00 
 2.61300000e-08  2.21792316e+00  2.61300000e-08  3.29977313e+00  2.61300000e-08  2.21930129e-01  2.61300000e-08  2.21986830e-01  2.61300000e-08  3.30000000e+00  2.61300000e-08  3.30000000e+00 
 2.61500000e-08  2.21781868e+00  2.61500000e-08  3.29975095e+00  2.61500000e-08  2.19890573e-01  2.61500000e-08  2.19946138e-01  2.61500000e-08  3.30000000e+00  2.61500000e-08  3.30000000e+00 
 2.61700000e-08  2.21771527e+00  2.61700000e-08  3.29972994e+00  2.61700000e-08  2.17869082e-01  2.61700000e-08  2.17923871e-01  2.61700000e-08  3.30000000e+00  2.61700000e-08  3.30000000e+00 
 2.61900000e-08  2.21761305e+00  2.61900000e-08  3.29971020e+00  2.61900000e-08  2.15866049e-01  2.61900000e-08  2.15919745e-01  2.61900000e-08  3.30000000e+00  2.61900000e-08  3.30000000e+00 
 2.62100000e-08  2.21751187e+00  2.62100000e-08  3.29969153e+00  2.62100000e-08  2.13880766e-01  2.62100000e-08  2.13933728e-01  2.62100000e-08  3.30000000e+00  2.62100000e-08  3.30000000e+00 
 2.62300000e-08  2.21741184e+00  2.62300000e-08  3.29967402e+00  2.62300000e-08  2.11913628e-01  2.62300000e-08  2.11965540e-01  2.62300000e-08  3.30000000e+00  2.62300000e-08  3.30000000e+00 
 2.62500000e-08  2.21731280e+00  2.62500000e-08  3.29965747e+00  2.62500000e-08  2.09963931e-01  2.62500000e-08  2.10015148e-01  2.62500000e-08  3.30000000e+00  2.62500000e-08  3.30000000e+00 
 2.62700000e-08  2.21721490e+00  2.62700000e-08  3.29964198e+00  2.62700000e-08  2.08032071e-01  2.62700000e-08  2.08082277e-01  2.62700000e-08  3.30000000e+00  2.62700000e-08  3.30000000e+00 
 2.62900000e-08  2.21711795e+00  2.62900000e-08  3.29962737e+00  2.62900000e-08  2.06117348e-01  2.62900000e-08  2.06166896e-01  2.62900000e-08  3.30000000e+00  2.62900000e-08  3.30000000e+00 
 2.63100000e-08  2.21702210e+00  2.63100000e-08  3.29961374e+00  2.63100000e-08  2.04220159e-01  2.63100000e-08  2.04268732e-01  2.63100000e-08  3.30000000e+00  2.63100000e-08  3.30000000e+00 
 2.63300000e-08  2.21692719e+00  2.63300000e-08  3.29960089e+00  2.63300000e-08  2.02339806e-01  2.63300000e-08  2.02387759e-01  2.63300000e-08  3.30000000e+00  2.63300000e-08  3.30000000e+00 
 2.63500000e-08  2.21683334e+00  2.63500000e-08  3.29958895e+00  2.63500000e-08  2.00476691e-01  2.63500000e-08  2.00523703e-01  2.63500000e-08  3.30000000e+00  2.63500000e-08  3.30000000e+00 
 2.63700000e-08  2.21674039e+00  2.63700000e-08  3.29957771e+00  2.63700000e-08  1.98630117e-01  2.63700000e-08  1.98676542e-01  2.63700000e-08  3.30000000e+00  2.63700000e-08  3.30000000e+00 
 2.63900000e-08  2.21664848e+00  2.63900000e-08  3.29956730e+00  2.63900000e-08  1.96800487e-01  2.63900000e-08  1.96846005e-01  2.63900000e-08  3.30000000e+00  2.63900000e-08  3.30000000e+00 
 2.64100000e-08  2.21655745e+00  2.64100000e-08  3.29955753e+00  2.64100000e-08  1.94987109e-01  2.64100000e-08  1.95032071e-01  2.64100000e-08  3.30000000e+00  2.64100000e-08  3.30000000e+00 
 2.64300000e-08  2.21646743e+00  2.64300000e-08  3.29954851e+00  2.64300000e-08  1.93190387e-01  2.64300000e-08  1.93234472e-01  2.64300000e-08  3.30000000e+00  2.64300000e-08  3.30000000e+00 
 2.64500000e-08  2.21637826e+00  2.64500000e-08  3.29954007e+00  2.64500000e-08  1.91409631e-01  2.64500000e-08  1.91453191e-01  2.64500000e-08  3.30000000e+00  2.64500000e-08  3.30000000e+00 
 2.64700000e-08  2.21629007e+00  2.64700000e-08  3.29953233e+00  2.64700000e-08  1.89645249e-01  2.64700000e-08  1.89687960e-01  2.64700000e-08  3.30000000e+00  2.64700000e-08  3.30000000e+00 
 2.64900000e-08  2.21620272e+00  2.64900000e-08  3.29952510e+00  2.64900000e-08  1.87896551e-01  2.64900000e-08  1.87938765e-01  2.64900000e-08  3.30000000e+00  2.64900000e-08  3.30000000e+00 
 2.65100000e-08  2.21611632e+00  2.65100000e-08  3.29951851e+00  2.65100000e-08  1.86163947e-01  2.65100000e-08  1.86205342e-01  2.65100000e-08  3.30000000e+00  2.65100000e-08  3.30000000e+00 
 2.65300000e-08  2.21603072e+00  2.65300000e-08  3.29951238e+00  2.65300000e-08  1.84446752e-01  2.65300000e-08  1.84487677e-01  2.65300000e-08  3.30000000e+00  2.65300000e-08  3.30000000e+00 
 2.65500000e-08  2.21594607e+00  2.65500000e-08  3.29950684e+00  2.65500000e-08  1.82745378e-01  2.65500000e-08  1.82785509e-01  2.65500000e-08  3.30000000e+00  2.65500000e-08  3.30000000e+00 
 2.65700000e-08  2.21586219e+00  2.65700000e-08  3.29950171e+00  2.65700000e-08  1.81059139e-01  2.65700000e-08  1.81098826e-01  2.65700000e-08  3.30000000e+00  2.65700000e-08  3.30000000e+00 
 2.65900000e-08  2.21577923e+00  2.65900000e-08  3.29949712e+00  2.65900000e-08  1.79388452e-01  2.65900000e-08  1.79427369e-01  2.65900000e-08  3.30000000e+00  2.65900000e-08  3.30000000e+00 
 2.66100000e-08  2.21569703e+00  2.66100000e-08  3.29949290e+00  2.66100000e-08  1.77732633e-01  2.66100000e-08  1.77771130e-01  2.66100000e-08  3.30000000e+00  2.66100000e-08  3.30000000e+00 
 2.66300000e-08  2.21561572e+00  2.66300000e-08  3.29948917e+00  2.66300000e-08  1.76092100e-01  2.66300000e-08  1.76129852e-01  2.66300000e-08  3.30000000e+00  2.66300000e-08  3.30000000e+00 
 2.66500000e-08  2.21553515e+00  2.66500000e-08  3.29948577e+00  2.66500000e-08  1.74466172e-01  2.66500000e-08  1.74503526e-01  2.66500000e-08  3.30000000e+00  2.66500000e-08  3.30000000e+00 
 2.66700000e-08  2.21545545e+00  2.66700000e-08  3.29948283e+00  2.66700000e-08  1.72855268e-01  2.66700000e-08  1.72891900e-01  2.66700000e-08  3.30000000e+00  2.66700000e-08  3.30000000e+00 
 2.66900000e-08  2.21537648e+00  2.66900000e-08  3.29948018e+00  2.66900000e-08  1.71258711e-01  2.66900000e-08  1.71294967e-01  2.66900000e-08  3.30000000e+00  2.66900000e-08  3.30000000e+00 
 2.67100000e-08  2.21529835e+00  2.67100000e-08  3.29947794e+00  2.67100000e-08  1.69676921e-01  2.67100000e-08  1.69712475e-01  2.67100000e-08  3.30000000e+00  2.67100000e-08  3.30000000e+00 
 2.67300000e-08  2.21522093e+00  2.67300000e-08  3.29947596e+00  2.67300000e-08  1.68109223e-01  2.67300000e-08  1.68144422e-01  2.67300000e-08  3.30000000e+00  2.67300000e-08  3.30000000e+00 
 2.67500000e-08  2.21514434e+00  2.67500000e-08  3.29947437e+00  2.67500000e-08  1.66556039e-01  2.67500000e-08  1.66590558e-01  2.67500000e-08  3.30000000e+00  2.67500000e-08  3.30000000e+00 
 2.67700000e-08  2.21506843e+00  2.67700000e-08  3.29947299e+00  2.67700000e-08  1.65016697e-01  2.67700000e-08  1.65050880e-01  2.67700000e-08  3.30000000e+00  2.67700000e-08  3.30000000e+00 
 2.67900000e-08  2.21499334e+00  2.67900000e-08  3.29947198e+00  2.67900000e-08  1.63491620e-01  2.67900000e-08  1.63525142e-01  2.67900000e-08  3.30000000e+00  2.67900000e-08  3.30000000e+00 
 2.68100000e-08  2.21491892e+00  2.68100000e-08  3.29947115e+00  2.68100000e-08  1.61980139e-01  2.68100000e-08  1.62013343e-01  2.68100000e-08  3.30000000e+00  2.68100000e-08  3.30000000e+00 
 2.68300000e-08  2.21484529e+00  2.68300000e-08  3.29947066e+00  2.68300000e-08  1.60482678e-01  2.68300000e-08  1.60515239e-01  2.68300000e-08  3.30000000e+00  2.68300000e-08  3.30000000e+00 
 2.68500000e-08  2.21477232e+00  2.68500000e-08  3.29947033e+00  2.68500000e-08  1.58998570e-01  2.68500000e-08  1.59030832e-01  2.68500000e-08  3.30000000e+00  2.68500000e-08  3.30000000e+00 
 2.68700000e-08  2.21470012e+00  2.68700000e-08  3.29947031e+00  2.68700000e-08  1.57528242e-01  2.68700000e-08  1.57559878e-01  2.68700000e-08  3.30000000e+00  2.68700000e-08  3.30000000e+00 
 2.68900000e-08  2.21462856e+00  2.68900000e-08  3.29947042e+00  2.68900000e-08  1.56071028e-01  2.68900000e-08  1.56102382e-01  2.68900000e-08  3.30000000e+00  2.68900000e-08  3.30000000e+00 
 2.69100000e-08  2.21455776e+00  2.69100000e-08  3.29947082e+00  2.69100000e-08  1.54627358e-01  2.69100000e-08  1.54658103e-01  2.69100000e-08  3.30000000e+00  2.69100000e-08  3.30000000e+00 
 2.69300000e-08  2.21448758e+00  2.69300000e-08  3.29947134e+00  2.69300000e-08  1.53196566e-01  2.69300000e-08  1.53227046e-01  2.69300000e-08  3.30000000e+00  2.69300000e-08  3.30000000e+00 
 2.69500000e-08  2.21441815e+00  2.69500000e-08  3.29947212e+00  2.69500000e-08  1.51779086e-01  2.69500000e-08  1.51808972e-01  2.69500000e-08  3.30000000e+00  2.69500000e-08  3.30000000e+00 
 2.69700000e-08  2.21434932e+00  2.69700000e-08  3.29947299e+00  2.69700000e-08  1.50374253e-01  2.69700000e-08  1.50403890e-01  2.69700000e-08  3.30000000e+00  2.69700000e-08  3.30000000e+00 
 2.69900000e-08  2.21428122e+00  2.69900000e-08  3.29947411e+00  2.69900000e-08  1.48982503e-01  2.69900000e-08  1.49011561e-01  2.69900000e-08  3.30000000e+00  2.69900000e-08  3.30000000e+00 
 2.70100000e-08  2.21421371e+00  2.70100000e-08  3.29947531e+00  2.70100000e-08  1.47603174e-01  2.70100000e-08  1.47631996e-01  2.70100000e-08  3.30000000e+00  2.70100000e-08  3.30000000e+00 
 2.70300000e-08  2.21414693e+00  2.70300000e-08  3.29947673e+00  2.70300000e-08  1.46236701e-01  2.70300000e-08  1.46264960e-01  2.70300000e-08  3.30000000e+00  2.70300000e-08  3.30000000e+00 
 2.70500000e-08  2.21408071e+00  2.70500000e-08  3.29947822e+00  2.70500000e-08  1.44882426e-01  2.70500000e-08  1.44910464e-01  2.70500000e-08  3.30000000e+00  2.70500000e-08  3.30000000e+00 
 2.70700000e-08  2.21401520e+00  2.70700000e-08  3.29947991e+00  2.70700000e-08  1.43540787e-01  2.70700000e-08  1.43568274e-01  2.70700000e-08  3.30000000e+00  2.70700000e-08  3.30000000e+00 
 2.70900000e-08  2.21395025e+00  2.70900000e-08  3.29948165e+00  2.70900000e-08  1.42211125e-01  2.70900000e-08  1.42238404e-01  2.70900000e-08  3.30000000e+00  2.70900000e-08  3.30000000e+00 
 2.71100000e-08  2.21388600e+00  2.71100000e-08  3.29948358e+00  2.71100000e-08  1.40893880e-01  2.71100000e-08  1.40920623e-01  2.71100000e-08  3.30000000e+00  2.71100000e-08  3.30000000e+00 
 2.71300000e-08  2.21382228e+00  2.71300000e-08  3.29948555e+00  2.71300000e-08  1.39588398e-01  2.71300000e-08  1.39614945e-01  2.71300000e-08  3.30000000e+00  2.71300000e-08  3.30000000e+00 
 2.71500000e-08  2.21375925e+00  2.71500000e-08  3.29948770e+00  2.71500000e-08  1.38295118e-01  2.71500000e-08  1.38321142e-01  2.71500000e-08  3.30000000e+00  2.71500000e-08  3.30000000e+00 
 2.71700000e-08  2.21369675e+00  2.71700000e-08  3.29948987e+00  2.71700000e-08  1.37013388e-01  2.71700000e-08  1.37039229e-01  2.71700000e-08  3.30000000e+00  2.71700000e-08  3.30000000e+00 
 2.71900000e-08  2.21363492e+00  2.71900000e-08  3.29949220e+00  2.71900000e-08  1.35743649e-01  2.71900000e-08  1.35768978e-01  2.71900000e-08  3.30000000e+00  2.71900000e-08  3.30000000e+00 
 2.72100000e-08  2.21357361e+00  2.72100000e-08  3.29949455e+00  2.72100000e-08  1.34485252e-01  2.72100000e-08  1.34510410e-01  2.72100000e-08  3.30000000e+00  2.72100000e-08  3.30000000e+00 
 2.72300000e-08  2.21351295e+00  2.72300000e-08  3.29949705e+00  2.72300000e-08  1.33238639e-01  2.72300000e-08  1.33263297e-01  2.72300000e-08  3.30000000e+00  2.72300000e-08  3.30000000e+00 
 2.72500000e-08  2.21345280e+00  2.72500000e-08  3.29949955e+00  2.72500000e-08  1.32003161e-01  2.72500000e-08  1.32027659e-01  2.72500000e-08  3.30000000e+00  2.72500000e-08  3.30000000e+00 
 2.72700000e-08  2.21339329e+00  2.72700000e-08  3.29950220e+00  2.72700000e-08  1.30779264e-01  2.72700000e-08  1.30803273e-01  2.72700000e-08  3.30000000e+00  2.72700000e-08  3.30000000e+00 
 2.72900000e-08  2.21333428e+00  2.72900000e-08  3.29950484e+00  2.72900000e-08  1.29566300e-01  2.72900000e-08  1.29590160e-01  2.72900000e-08  3.30000000e+00  2.72900000e-08  3.30000000e+00 
 2.73100000e-08  2.21327590e+00  2.73100000e-08  3.29950761e+00  2.73100000e-08  1.28364717e-01  2.73100000e-08  1.28388098e-01  2.73100000e-08  3.30000000e+00  2.73100000e-08  3.30000000e+00 
 2.73300000e-08  2.21321800e+00  2.73300000e-08  3.29951037e+00  2.73300000e-08  1.27173868e-01  2.73300000e-08  1.27197110e-01  2.73300000e-08  3.30000000e+00  2.73300000e-08  3.30000000e+00 
 2.73500000e-08  2.21316072e+00  2.73500000e-08  3.29951325e+00  2.73500000e-08  1.25994202e-01  2.73500000e-08  1.26016976e-01  2.73500000e-08  3.30000000e+00  2.73500000e-08  3.30000000e+00 
 2.73700000e-08  2.21310391e+00  2.73700000e-08  3.29951611e+00  2.73700000e-08  1.24825075e-01  2.73700000e-08  1.24847721e-01  2.73700000e-08  3.30000000e+00  2.73700000e-08  3.30000000e+00 
 2.73900000e-08  2.21304772e+00  2.73900000e-08  3.29951908e+00  2.73900000e-08  1.23666938e-01  2.73900000e-08  1.23689124e-01  2.73900000e-08  3.30000000e+00  2.73900000e-08  3.30000000e+00 
 2.74100000e-08  2.21299198e+00  2.74100000e-08  3.29952203e+00  2.74100000e-08  1.22519147e-01  2.74100000e-08  1.22541215e-01  2.74100000e-08  3.30000000e+00  2.74100000e-08  3.30000000e+00 
 2.74300000e-08  2.21293684e+00  2.74300000e-08  3.29952508e+00  2.74300000e-08  1.21382156e-01  2.74300000e-08  1.21403773e-01  2.74300000e-08  3.30000000e+00  2.74300000e-08  3.30000000e+00 
 2.74500000e-08  2.21288215e+00  2.74500000e-08  3.29952810e+00  2.74500000e-08  1.20255322e-01  2.74500000e-08  1.20276830e-01  2.74500000e-08  3.30000000e+00  2.74500000e-08  3.30000000e+00 
 2.74700000e-08  2.21282806e+00  2.74700000e-08  3.29953122e+00  2.74700000e-08  1.19139100e-01  2.74700000e-08  1.19160167e-01  2.74700000e-08  3.30000000e+00  2.74700000e-08  3.30000000e+00 
 2.74900000e-08  2.21277440e+00  2.74900000e-08  3.29953430e+00  2.74900000e-08  1.18032849e-01  2.74900000e-08  1.18053816e-01  2.74900000e-08  3.30000000e+00  2.74900000e-08  3.30000000e+00 
 2.75100000e-08  2.21272131e+00  2.75100000e-08  3.29953748e+00  2.75100000e-08  1.16937027e-01  2.75100000e-08  1.16957561e-01  2.75100000e-08  3.30000000e+00  2.75100000e-08  3.30000000e+00 
 2.75300000e-08  2.21266866e+00  2.75300000e-08  3.29954061e+00  2.75300000e-08  1.15850994e-01  2.75300000e-08  1.15871435e-01  2.75300000e-08  3.30000000e+00  2.75300000e-08  3.30000000e+00 
 2.75500000e-08  2.21261658e+00  2.75500000e-08  3.29954383e+00  2.75500000e-08  1.14775207e-01  2.75500000e-08  1.14795224e-01  2.75500000e-08  3.30000000e+00  2.75500000e-08  3.30000000e+00 
 2.75700000e-08  2.21256491e+00  2.75700000e-08  3.29954700e+00  2.75700000e-08  1.13709030e-01  2.75700000e-08  1.13728963e-01  2.75700000e-08  3.30000000e+00  2.75700000e-08  3.30000000e+00 
 2.75900000e-08  2.21251381e+00  2.75900000e-08  3.29955026e+00  2.75900000e-08  1.12652921e-01  2.75900000e-08  1.12672438e-01  2.75900000e-08  3.30000000e+00  2.75900000e-08  3.30000000e+00 
 2.76100000e-08  2.21246311e+00  2.76100000e-08  3.29955345e+00  2.76100000e-08  1.11606246e-01  2.76100000e-08  1.11625686e-01  2.76100000e-08  3.30000000e+00  2.76100000e-08  3.30000000e+00 
 2.76300000e-08  2.21241296e+00  2.76300000e-08  3.29955674e+00  2.76300000e-08  1.10569464e-01  2.76300000e-08  1.10588496e-01  2.76300000e-08  3.30000000e+00  2.76300000e-08  3.30000000e+00 
 2.76500000e-08  2.21236321e+00  2.76500000e-08  3.29955996e+00  2.76500000e-08  1.09541942e-01  2.76500000e-08  1.09560904e-01  2.76500000e-08  3.30000000e+00  2.76500000e-08  3.30000000e+00 
 2.76700000e-08  2.21231401e+00  2.76700000e-08  3.29956326e+00  2.76700000e-08  1.08524141e-01  2.76700000e-08  1.08542703e-01  2.76700000e-08  3.30000000e+00  2.76700000e-08  3.30000000e+00 
 2.76900000e-08  2.21226519e+00  2.76900000e-08  3.29956650e+00  2.76900000e-08  1.07515429e-01  2.76900000e-08  1.07533929e-01  2.76900000e-08  3.30000000e+00  2.76900000e-08  3.30000000e+00 
 2.77100000e-08  2.21221690e+00  2.77100000e-08  3.29956981e+00  2.77100000e-08  1.06516269e-01  2.77100000e-08  1.06534376e-01  2.77100000e-08  3.30000000e+00  2.77100000e-08  3.30000000e+00 
 2.77300000e-08  2.21216900e+00  2.77300000e-08  3.29957306e+00  2.77300000e-08  1.05526032e-01  2.77300000e-08  1.05544082e-01  2.77300000e-08  3.30000000e+00  2.77300000e-08  3.30000000e+00 
 2.77500000e-08  2.21212162e+00  2.77500000e-08  3.29957638e+00  2.77500000e-08  1.04545179e-01  2.77500000e-08  1.04562843e-01  2.77500000e-08  3.30000000e+00  2.77500000e-08  3.30000000e+00 
 2.77700000e-08  2.21207461e+00  2.77700000e-08  3.29957963e+00  2.77700000e-08  1.03573084e-01  2.77700000e-08  1.03590700e-01  2.77700000e-08  3.30000000e+00  2.77700000e-08  3.30000000e+00 
 2.77900000e-08  2.21202811e+00  2.77900000e-08  3.29958295e+00  2.77900000e-08  1.02610211e-01  2.77900000e-08  1.02627446e-01  2.77900000e-08  3.30000000e+00  2.77900000e-08  3.30000000e+00 
 2.78100000e-08  2.21198198e+00  2.78100000e-08  3.29958619e+00  2.78100000e-08  1.01655934e-01  2.78100000e-08  1.01673126e-01  2.78100000e-08  3.30000000e+00  2.78100000e-08  3.30000000e+00 
 2.78300000e-08  2.21193635e+00  2.78300000e-08  3.29958950e+00  2.78300000e-08  1.00710717e-01  2.78300000e-08  1.00727536e-01  2.78300000e-08  3.30000000e+00  2.78300000e-08  3.30000000e+00 
 2.78500000e-08  2.21189108e+00  2.78500000e-08  3.29959274e+00  2.78500000e-08  9.97739368e-02  2.78500000e-08  9.97907192e-02  2.78500000e-08  3.30000000e+00  2.78500000e-08  3.30000000e+00 
 2.78700000e-08  2.21184631e+00  2.78700000e-08  3.29959604e+00  2.78700000e-08  9.88460600e-02  2.78700000e-08  9.88624745e-02  2.78700000e-08  3.30000000e+00  2.78700000e-08  3.30000000e+00 
 2.78900000e-08  2.21180188e+00  2.78900000e-08  3.29959927e+00  2.78900000e-08  9.79264626e-02  2.78900000e-08  9.79428468e-02  2.78900000e-08  3.30000000e+00  2.78900000e-08  3.30000000e+00 
 2.79100000e-08  2.21175794e+00  2.79100000e-08  3.29960256e+00  2.79100000e-08  9.70156137e-02  2.79100000e-08  9.70316359e-02  2.79100000e-08  3.30000000e+00  2.79100000e-08  3.30000000e+00 
 2.79300000e-08  2.21171434e+00  2.79300000e-08  3.29960576e+00  2.79300000e-08  9.61128903e-02  2.79300000e-08  9.61288879e-02  2.79300000e-08  3.30000000e+00  2.79300000e-08  3.30000000e+00 
 2.79500000e-08  2.21167123e+00  2.79500000e-08  3.29960904e+00  2.79500000e-08  9.52187630e-02  2.79500000e-08  9.52344042e-02  2.79500000e-08  3.30000000e+00  2.79500000e-08  3.30000000e+00 
 2.79700000e-08  2.21162844e+00  2.79700000e-08  3.29961222e+00  2.79700000e-08  9.43326100e-02  2.79700000e-08  9.43482322e-02  2.79700000e-08  3.30000000e+00  2.79700000e-08  3.30000000e+00 
 2.79900000e-08  2.21158613e+00  2.79900000e-08  3.29961547e+00  2.79900000e-08  9.34549031e-02  2.79900000e-08  9.34701743e-02  2.79900000e-08  3.30000000e+00  2.79900000e-08  3.30000000e+00 
 2.80100000e-08  2.21154414e+00  2.80100000e-08  3.29961864e+00  2.80100000e-08  9.25850222e-02  2.80100000e-08  9.26002796e-02  2.80100000e-08  3.30000000e+00  2.80100000e-08  3.30000000e+00 
 2.80300000e-08  2.21150262e+00  2.80300000e-08  3.29962186e+00  2.80300000e-08  9.17234399e-02  2.80300000e-08  9.17383517e-02  2.80300000e-08  3.30000000e+00  2.80300000e-08  3.30000000e+00 
 2.80500000e-08  2.21146141e+00  2.80500000e-08  3.29962500e+00  2.80500000e-08  9.08695377e-02  2.80500000e-08  9.08844408e-02  2.80500000e-08  3.30000000e+00  2.80500000e-08  3.30000000e+00 
 2.80700000e-08  2.21142066e+00  2.80700000e-08  3.29962820e+00  2.80700000e-08  9.00237894e-02  2.80700000e-08  9.00383519e-02  2.80700000e-08  3.30000000e+00  2.80700000e-08  3.30000000e+00 
 2.80900000e-08  2.21138022e+00  2.80900000e-08  3.29963132e+00  2.80900000e-08  8.91855775e-02  2.80900000e-08  8.92001364e-02  2.80900000e-08  3.30000000e+00  2.80900000e-08  3.30000000e+00 
 2.81100000e-08  2.21134023e+00  2.81100000e-08  3.29963449e+00  2.81100000e-08  8.83553774e-02  2.81100000e-08  8.83696006e-02  2.81100000e-08  3.30000000e+00  2.81100000e-08  3.30000000e+00 
 2.81300000e-08  2.21130054e+00  2.81300000e-08  3.29963757e+00  2.81300000e-08  8.75325729e-02  2.81300000e-08  8.75467971e-02  2.81300000e-08  3.30000000e+00  2.81300000e-08  3.30000000e+00 
 2.81500000e-08  2.21126130e+00  2.81500000e-08  3.29964071e+00  2.81500000e-08  8.67176402e-02  2.81500000e-08  8.67315334e-02  2.81500000e-08  3.30000000e+00  2.81500000e-08  3.30000000e+00 
 2.81700000e-08  2.21122235e+00  2.81700000e-08  3.29964376e+00  2.81700000e-08  8.59099646e-02  2.81700000e-08  8.59238635e-02  2.81700000e-08  3.30000000e+00  2.81700000e-08  3.30000000e+00 
 2.81900000e-08  2.21118384e+00  2.81900000e-08  3.29964686e+00  2.81900000e-08  8.51100235e-02  2.81900000e-08  8.51235960e-02  2.81900000e-08  3.30000000e+00  2.81900000e-08  3.30000000e+00 
 2.82100000e-08  2.21114561e+00  2.82100000e-08  3.29964988e+00  2.82100000e-08  8.43172034e-02  2.82100000e-08  8.43307859e-02  2.82100000e-08  3.30000000e+00  2.82100000e-08  3.30000000e+00 
 2.82300000e-08  2.21110782e+00  2.82300000e-08  3.29965295e+00  2.82300000e-08  8.35319827e-02  2.82300000e-08  8.35452433e-02  2.82300000e-08  3.30000000e+00  2.82300000e-08  3.30000000e+00 
 2.82500000e-08  2.21107031e+00  2.82500000e-08  3.29965593e+00  2.82500000e-08  8.27537493e-02  2.82500000e-08  8.27670243e-02  2.82500000e-08  3.30000000e+00  2.82500000e-08  3.30000000e+00 
 2.82700000e-08  2.21103321e+00  2.82700000e-08  3.29965897e+00  2.82700000e-08  8.19829828e-02  2.82700000e-08  8.19959400e-02  2.82700000e-08  3.30000000e+00  2.82700000e-08  3.30000000e+00 
 2.82850000e-08  2.21100556e+00  2.82850000e-08  3.29966117e+00  2.82850000e-08  8.14093526e-02  2.82850000e-08  8.14223653e-02  2.82850000e-08  3.30000000e+00  2.82850000e-08  3.30000000e+00 
 2.83000000e-08  2.21097817e+00  2.83000000e-08  3.29966343e+00  2.83000000e-08  8.08399775e-02  2.83000000e-08  8.08527128e-02  2.83000000e-08  3.30000000e+00  2.83000000e-08  3.30000000e+00 
 2.83020000e-08  2.20391566e+00  2.83020000e-08  3.29260412e+00  2.83020000e-08  8.07151534e-02  2.83020000e-08  8.07269916e-02  2.83020000e-08  3.30000000e+00  2.83020000e-08  3.23400000e+00 
 2.83060000e-08  2.18974166e+00  2.83060000e-08  3.27826374e+00  2.83060000e-08  8.04812766e-02  2.83060000e-08  8.04908320e-02  2.83060000e-08  3.30000000e+00  2.83060000e-08  3.10200000e+00 
 2.83140000e-08  2.15805761e+00  2.83140000e-08  3.24592830e+00  2.83140000e-08  8.00680689e-02  2.83140000e-08  8.00711507e-02  2.83140000e-08  3.30000000e+00  2.83140000e-08  2.83800000e+00 
 2.83300000e-08  2.05077229e+00  2.83300000e-08  3.12404513e+00  2.83300000e-08  7.92406153e-02  2.83300000e-08  7.92224339e-02  2.83300000e-08  3.30000000e+00  2.83300000e-08  2.31000000e+00 
 2.83500000e-08  2.19125243e+00  2.83500000e-08  3.07192782e+00  2.83500000e-08  7.88716053e-02  2.83500000e-08  7.88996097e-02  2.83500000e-08  3.30000000e+00  2.83500000e-08  1.65000000e+00 
 2.83700000e-08  2.71079183e+00  2.83700000e-08  3.13537305e+00  2.83700000e-08  7.87522833e-02  2.83700000e-08  7.93644519e-02  2.83700000e-08  3.30000000e+00  2.83700000e-08  9.90000000e-01 
 2.83850000e-08  3.00123712e+00  2.83850000e-08  3.17006045e+00  2.83850000e-08  7.83987539e-02  2.83850000e-08  7.92602590e-02  2.83850000e-08  3.30000000e+00  2.83850000e-08  4.95000000e-01 
 2.84000000e-08  3.13531771e+00  2.84000000e-08  3.18527246e+00  2.84000000e-08  7.79669558e-02  2.84000000e-08  7.87980532e-02  2.84000000e-08  3.30000000e+00  2.84000000e-08  0.00000000e+00 
 2.84020000e-08  3.16343813e+00  2.84020000e-08  3.20620520e+00  2.84020000e-08  7.79789828e-02  2.84020000e-08  7.87877886e-02  2.84020000e-08  3.30000000e+00  2.84020000e-08  0.00000000e+00 
 2.84060000e-08  3.21009874e+00  2.84060000e-08  3.24056252e+00  2.84060000e-08  7.79672660e-02  2.84060000e-08  7.87272878e-02  2.84060000e-08  3.30000000e+00  2.84060000e-08  0.00000000e+00 
 2.84140000e-08  3.26285192e+00  2.84140000e-08  3.27792060e+00  2.84140000e-08  7.78065937e-02  2.84140000e-08  7.84544430e-02  2.84140000e-08  3.30000000e+00  2.84140000e-08  0.00000000e+00 
 2.84300000e-08  3.29677883e+00  2.84300000e-08  3.29968185e+00  2.84300000e-08  7.73023022e-02  2.84300000e-08  7.77304100e-02  2.84300000e-08  3.30000000e+00  2.84300000e-08  0.00000000e+00 
 2.84500000e-08  3.30020109e+00  2.84500000e-08  3.30047397e+00  2.84500000e-08  7.66228661e-02  2.84500000e-08  7.68504780e-02  2.84500000e-08  3.30000000e+00  2.84500000e-08  0.00000000e+00 
 2.84700000e-08  3.30001492e+00  2.84700000e-08  3.30003535e+00  2.84700000e-08  7.59503602e-02  2.84700000e-08  7.60665365e-02  2.84700000e-08  3.30000000e+00  2.84700000e-08  0.00000000e+00 
 2.84900000e-08  3.30000454e+00  2.84900000e-08  3.30000759e+00  2.84900000e-08  7.52672909e-02  2.84900000e-08  7.53282449e-02  2.84900000e-08  3.30000000e+00  2.84900000e-08  0.00000000e+00 
 2.85100000e-08  3.30000059e+00  2.85100000e-08  3.30000109e+00  2.85100000e-08  7.45779778e-02  2.85100000e-08  7.46125428e-02  2.85100000e-08  3.30000000e+00  2.85100000e-08  0.00000000e+00 
 2.85300000e-08  3.30000009e+00  2.85300000e-08  3.30000018e+00  2.85300000e-08  7.38884995e-02  2.85300000e-08  7.39105838e-02  2.85300000e-08  3.30000000e+00  2.85300000e-08  0.00000000e+00 
 2.85500000e-08  3.30000003e+00  2.85500000e-08  3.30000004e+00  2.85500000e-08  7.32022324e-02  2.85500000e-08  7.32184073e-02  2.85500000e-08  3.30000000e+00  2.85500000e-08  0.00000000e+00 
 2.85700000e-08  3.29999999e+00  2.85700000e-08  3.30000000e+00  2.85700000e-08  7.25208218e-02  2.85700000e-08  7.25341716e-02  2.85700000e-08  3.30000000e+00  2.85700000e-08  0.00000000e+00 
 2.85900000e-08  3.30000001e+00  2.85900000e-08  3.30000001e+00  2.85900000e-08  7.18450215e-02  2.85900000e-08  7.18569883e-02  2.85900000e-08  3.30000000e+00  2.85900000e-08  0.00000000e+00 
 2.86100000e-08  3.29999999e+00  2.86100000e-08  3.29999999e+00  2.86100000e-08  7.11751556e-02  2.86100000e-08  7.11864147e-02  2.86100000e-08  3.30000000e+00  2.86100000e-08  0.00000000e+00 
 2.86300000e-08  3.30000001e+00  2.86300000e-08  3.30000001e+00  2.86300000e-08  7.05113456e-02  2.86300000e-08  7.05222119e-02  2.86300000e-08  3.30000000e+00  2.86300000e-08  0.00000000e+00 
 2.86500000e-08  3.29999999e+00  2.86500000e-08  3.29999999e+00  2.86500000e-08  6.98536182e-02  2.86500000e-08  6.98642403e-02  2.86500000e-08  3.30000000e+00  2.86500000e-08  0.00000000e+00 
 2.86700000e-08  3.30000001e+00  2.86700000e-08  3.30000001e+00  2.86700000e-08  6.92019561e-02  2.86700000e-08  6.92124030e-02  2.86700000e-08  3.30000000e+00  2.86700000e-08  0.00000000e+00 
 2.86900000e-08  3.29999999e+00  2.86900000e-08  3.29999999e+00  2.86900000e-08  6.85563216e-02  2.86900000e-08  6.85666273e-02  2.86900000e-08  3.30000000e+00  2.86900000e-08  0.00000000e+00 
 2.87100000e-08  3.30000001e+00  2.87100000e-08  3.30000001e+00  2.87100000e-08  6.79166679e-02  2.87100000e-08  6.79268479e-02  2.87100000e-08  3.30000000e+00  2.87100000e-08  0.00000000e+00 
 2.87300000e-08  3.29999999e+00  2.87300000e-08  3.29999999e+00  2.87300000e-08  6.72829441e-02  2.87300000e-08  6.72930075e-02  2.87300000e-08  3.30000000e+00  2.87300000e-08  0.00000000e+00 
 2.87500000e-08  3.30000001e+00  2.87500000e-08  3.30000001e+00  2.87500000e-08  6.66550977e-02  2.87500000e-08  6.66650484e-02  2.87500000e-08  3.30000000e+00  2.87500000e-08  0.00000000e+00 
 2.87700000e-08  3.29999999e+00  2.87700000e-08  3.29999999e+00  2.87700000e-08  6.60330758e-02  2.87700000e-08  6.60429173e-02  2.87700000e-08  3.30000000e+00  2.87700000e-08  0.00000000e+00 
 2.87900000e-08  3.30000001e+00  2.87900000e-08  3.30000001e+00  2.87900000e-08  6.54168253e-02  2.87900000e-08  6.54265591e-02  2.87900000e-08  3.30000000e+00  2.87900000e-08  0.00000000e+00 
 2.88100000e-08  3.29999999e+00  2.88100000e-08  3.29999999e+00  2.88100000e-08  6.48062935e-02  2.88100000e-08  6.48159219e-02  2.88100000e-08  3.30000000e+00  2.88100000e-08  0.00000000e+00 
 2.88300000e-08  3.30000001e+00  2.88300000e-08  3.30000001e+00  2.88300000e-08  6.42014281e-02  2.88300000e-08  6.42109520e-02  2.88300000e-08  3.30000000e+00  2.88300000e-08  0.00000000e+00 
 2.88500000e-08  3.29999999e+00  2.88500000e-08  3.29999999e+00  2.88500000e-08  6.36021773e-02  2.88500000e-08  6.36115988e-02  2.88500000e-08  3.30000000e+00  2.88500000e-08  0.00000000e+00 
 2.88700000e-08  3.30000001e+00  2.88700000e-08  3.30000001e+00  2.88700000e-08  6.30084895e-02  2.88700000e-08  6.30178092e-02  2.88700000e-08  3.30000000e+00  2.88700000e-08  0.00000000e+00 
 2.88900000e-08  3.29999999e+00  2.88900000e-08  3.29999999e+00  2.88900000e-08  6.24203137e-02  2.88900000e-08  6.24295336e-02  2.88900000e-08  3.30000000e+00  2.88900000e-08  0.00000000e+00 
 2.89100000e-08  3.30000001e+00  2.89100000e-08  3.30000001e+00  2.89100000e-08  6.18375994e-02  2.89100000e-08  6.18467200e-02  2.89100000e-08  3.30000000e+00  2.89100000e-08  0.00000000e+00 
 2.89300000e-08  3.29999999e+00  2.89300000e-08  3.29999999e+00  2.89300000e-08  6.12602964e-02  2.89300000e-08  6.12693198e-02  2.89300000e-08  3.30000000e+00  2.89300000e-08  0.00000000e+00 
 2.89500000e-08  3.30000001e+00  2.89500000e-08  3.30000001e+00  2.89500000e-08  6.06883551e-02  2.89500000e-08  6.06972817e-02  2.89500000e-08  3.30000000e+00  2.89500000e-08  0.00000000e+00 
 2.89700000e-08  3.29999999e+00  2.89700000e-08  3.29999999e+00  2.89700000e-08  6.01217263e-02  2.89700000e-08  6.01305580e-02  2.89700000e-08  3.30000000e+00  2.89700000e-08  0.00000000e+00 
 2.89900000e-08  3.30000001e+00  2.89900000e-08  3.30000001e+00  2.89900000e-08  5.95603611e-02  2.89900000e-08  5.95690985e-02  2.89900000e-08  3.30000000e+00  2.89900000e-08  0.00000000e+00 
 2.90100000e-08  3.29999999e+00  2.90100000e-08  3.29999999e+00  2.90100000e-08  5.90042111e-02  2.90100000e-08  5.90128562e-02  2.90100000e-08  3.30000000e+00  2.90100000e-08  0.00000000e+00 
 2.90300000e-08  3.30000001e+00  2.90300000e-08  3.30000001e+00  2.90300000e-08  5.84532286e-02  2.90300000e-08  5.84617816e-02  2.90300000e-08  3.30000000e+00  2.90300000e-08  0.00000000e+00 
 2.90500000e-08  3.29999999e+00  2.90500000e-08  3.29999999e+00  2.90500000e-08  5.79073660e-02  2.90500000e-08  5.79158289e-02  2.90500000e-08  3.30000000e+00  2.90500000e-08  0.00000000e+00 
 2.90700000e-08  3.30000001e+00  2.90700000e-08  3.30000001e+00  2.90700000e-08  5.73665763e-02  2.90700000e-08  5.73749494e-02  2.90700000e-08  3.30000000e+00  2.90700000e-08  0.00000000e+00 
 2.90900000e-08  3.29999999e+00  2.90900000e-08  3.29999999e+00  2.90900000e-08  5.68308127e-02  2.90900000e-08  5.68390979e-02  2.90900000e-08  3.30000000e+00  2.90900000e-08  0.00000000e+00 
 2.91100000e-08  3.30000001e+00  2.91100000e-08  3.30000001e+00  2.91100000e-08  5.63000291e-02  2.91100000e-08  5.63082269e-02  2.91100000e-08  3.30000000e+00  2.91100000e-08  0.00000000e+00 
 2.91300000e-08  3.29999999e+00  2.91300000e-08  3.29999999e+00  2.91300000e-08  5.57741797e-02  2.91300000e-08  5.57822917e-02  2.91300000e-08  3.30000000e+00  2.91300000e-08  0.00000000e+00 
 2.91500000e-08  3.30000001e+00  2.91500000e-08  3.30000001e+00  2.91500000e-08  5.52532191e-02  2.91500000e-08  5.52612457e-02  2.91500000e-08  3.30000000e+00  2.91500000e-08  0.00000000e+00 
 2.91700000e-08  3.29999999e+00  2.91700000e-08  3.29999999e+00  2.91700000e-08  5.47371023e-02  2.91700000e-08  5.47450453e-02  2.91700000e-08  3.30000000e+00  2.91700000e-08  0.00000000e+00 
 2.91900000e-08  3.30000001e+00  2.91900000e-08  3.30000001e+00  2.91900000e-08  5.42257848e-02  2.91900000e-08  5.42336444e-02  2.91900000e-08  3.30000000e+00  2.91900000e-08  0.00000000e+00 
 2.92100000e-08  3.29999999e+00  2.92100000e-08  3.29999999e+00  2.92100000e-08  5.37192223e-02  2.92100000e-08  5.37270003e-02  2.92100000e-08  3.30000000e+00  2.92100000e-08  0.00000000e+00 
 2.92300000e-08  3.30000001e+00  2.92300000e-08  3.30000001e+00  2.92300000e-08  5.32173710e-02  2.92300000e-08  5.32250678e-02  2.92300000e-08  3.30000000e+00  2.92300000e-08  0.00000000e+00 
 2.92500000e-08  3.29999999e+00  2.92500000e-08  3.29999999e+00  2.92500000e-08  5.27201876e-02  2.92500000e-08  5.27278048e-02  2.92500000e-08  3.30000000e+00  2.92500000e-08  0.00000000e+00 
 2.92700000e-08  3.30000001e+00  2.92700000e-08  3.30000001e+00  2.92700000e-08  5.22276291e-02  2.92700000e-08  5.22351670e-02  2.92700000e-08  3.30000000e+00  2.92700000e-08  0.00000000e+00 
 2.92900000e-08  3.29999999e+00  2.92900000e-08  3.29999999e+00  2.92900000e-08  5.17396529e-02  2.92900000e-08  5.17471131e-02  2.92900000e-08  3.30000000e+00  2.92900000e-08  0.00000000e+00 
 2.93100000e-08  3.30000001e+00  2.93100000e-08  3.30000001e+00  2.93100000e-08  5.12562167e-02  2.93100000e-08  5.12635995e-02  2.93100000e-08  3.30000000e+00  2.93100000e-08  0.00000000e+00 
 2.93300000e-08  3.29999999e+00  2.93300000e-08  3.29999999e+00  2.93300000e-08  5.07772788e-02  2.93300000e-08  5.07845858e-02  2.93300000e-08  3.30000000e+00  2.93300000e-08  0.00000000e+00 
 2.93500000e-08  3.30000001e+00  2.93500000e-08  3.30000001e+00  2.93500000e-08  5.03027976e-02  2.93500000e-08  5.03100290e-02  2.93500000e-08  3.30000000e+00  2.93500000e-08  0.00000000e+00 
 2.93700000e-08  3.29999999e+00  2.93700000e-08  3.29999999e+00  2.93700000e-08  4.98327320e-02  2.93700000e-08  4.98398894e-02  2.93700000e-08  3.30000000e+00  2.93700000e-08  0.00000000e+00 
 2.93900000e-08  3.30000001e+00  2.93900000e-08  3.30000001e+00  2.93900000e-08  4.93670414e-02  2.93900000e-08  4.93741250e-02  2.93900000e-08  3.30000000e+00  2.93900000e-08  0.00000000e+00 
 2.94100000e-08  3.29999999e+00  2.94100000e-08  3.29999999e+00  2.94100000e-08  4.89056853e-02  2.94100000e-08  4.89126968e-02  2.94100000e-08  3.30000000e+00  2.94100000e-08  0.00000000e+00 
 2.94300000e-08  3.30000001e+00  2.94300000e-08  3.30000001e+00  2.94300000e-08  4.84486239e-02  2.94300000e-08  4.84555633e-02  2.94300000e-08  3.30000000e+00  2.94300000e-08  0.00000000e+00 
 2.94500000e-08  3.29999999e+00  2.94500000e-08  3.29999999e+00  2.94500000e-08  4.79958174e-02  2.94500000e-08  4.80026863e-02  2.94500000e-08  3.30000000e+00  2.94500000e-08  0.00000000e+00 
 2.94700000e-08  3.30000001e+00  2.94700000e-08  3.30000001e+00  2.94700000e-08  4.75472266e-02  2.94700000e-08  4.75540252e-02  2.94700000e-08  3.30000000e+00  2.94700000e-08  0.00000000e+00 
 2.94900000e-08  3.29999999e+00  2.94900000e-08  3.29999999e+00  2.94900000e-08  4.71028126e-02  2.94900000e-08  4.71095424e-02  2.94900000e-08  3.30000000e+00  2.94900000e-08  0.00000000e+00 
 2.95100000e-08  3.30000001e+00  2.95100000e-08  3.30000001e+00  2.95100000e-08  4.66625369e-02  2.95100000e-08  4.66691980e-02  2.95100000e-08  3.30000000e+00  2.95100000e-08  0.00000000e+00 
 2.95300000e-08  3.29999999e+00  2.95300000e-08  3.29999999e+00  2.95300000e-08  4.62263612e-02  2.95300000e-08  4.62329551e-02  2.95300000e-08  3.30000000e+00  2.95300000e-08  0.00000000e+00 
 2.95500000e-08  3.30000001e+00  2.95500000e-08  3.30000001e+00  2.95500000e-08  4.57942476e-02  2.95500000e-08  4.58007745e-02  2.95500000e-08  3.30000000e+00  2.95500000e-08  0.00000000e+00 
 2.95700000e-08  3.29999999e+00  2.95700000e-08  3.29999999e+00  2.95700000e-08  4.53661587e-02  2.95700000e-08  4.53726200e-02  2.95700000e-08  3.30000000e+00  2.95700000e-08  0.00000000e+00 
 2.95900000e-08  3.30000001e+00  2.95900000e-08  3.30000001e+00  2.95900000e-08  4.49420573e-02  2.95900000e-08  4.49484531e-02  2.95900000e-08  3.30000000e+00  2.95900000e-08  0.00000000e+00 
 2.96100000e-08  3.29999999e+00  2.96100000e-08  3.29999999e+00  2.96100000e-08  4.45219065e-02  2.96100000e-08  4.45282382e-02  2.96100000e-08  3.30000000e+00  2.96100000e-08  0.00000000e+00 
 2.96300000e-08  3.30000001e+00  2.96300000e-08  3.30000001e+00  2.96300000e-08  4.41056698e-02  2.96300000e-08  4.41119375e-02  2.96300000e-08  3.30000000e+00  2.96300000e-08  0.00000000e+00 
 2.96500000e-08  3.29999999e+00  2.96500000e-08  3.29999999e+00  2.96500000e-08  4.36933110e-02  2.96500000e-08  4.36995162e-02  2.96500000e-08  3.30000000e+00  2.96500000e-08  0.00000000e+00 
 2.96700000e-08  3.30000001e+00  2.96700000e-08  3.30000001e+00  2.96700000e-08  4.32847944e-02  2.96700000e-08  4.32909371e-02  2.96700000e-08  3.30000000e+00  2.96700000e-08  0.00000000e+00 
 2.96900000e-08  3.29999999e+00  2.96900000e-08  3.29999999e+00  2.96900000e-08  4.28800843e-02  2.96900000e-08  4.28861659e-02  2.96900000e-08  3.30000000e+00  2.96900000e-08  0.00000000e+00 
 2.97100000e-08  3.30000001e+00  2.97100000e-08  3.30000001e+00  2.97100000e-08  4.24791456e-02  2.97100000e-08  4.24851661e-02  2.97100000e-08  3.30000000e+00  2.97100000e-08  0.00000000e+00 
 2.97300000e-08  3.29999999e+00  2.97300000e-08  3.29999999e+00  2.97300000e-08  4.20819434e-02  2.97300000e-08  4.20879042e-02  2.97300000e-08  3.30000000e+00  2.97300000e-08  0.00000000e+00 
 2.97500000e-08  3.30000001e+00  2.97500000e-08  3.30000001e+00  2.97500000e-08  4.16884431e-02  2.97500000e-08  4.16943443e-02  2.97500000e-08  3.30000000e+00  2.97500000e-08  0.00000000e+00 
 2.97700000e-08  3.29999999e+00  2.97700000e-08  3.29999999e+00  2.97700000e-08  4.12986105e-02  2.97700000e-08  4.13044534e-02  2.97700000e-08  3.30000000e+00  2.97700000e-08  0.00000000e+00 
 2.97900000e-08  3.30000001e+00  2.97900000e-08  3.30000001e+00  2.97900000e-08  4.09124117e-02  2.97900000e-08  4.09181963e-02  2.97900000e-08  3.30000000e+00  2.97900000e-08  0.00000000e+00 
 2.98100000e-08  3.29999999e+00  2.98100000e-08  3.29999999e+00  2.98100000e-08  4.05298130e-02  2.98100000e-08  4.05355407e-02  2.98100000e-08  3.30000000e+00  2.98100000e-08  0.00000000e+00 
 2.98300000e-08  3.30000001e+00  2.98300000e-08  3.30000001e+00  2.98300000e-08  4.01507812e-02  2.98300000e-08  4.01564518e-02  2.98300000e-08  3.30000000e+00  2.98300000e-08  0.00000000e+00 
 2.98500000e-08  3.29999999e+00  2.98500000e-08  3.29999999e+00  2.98500000e-08  3.97752831e-02  2.98500000e-08  3.97808981e-02  2.98500000e-08  3.30000000e+00  2.98500000e-08  0.00000000e+00 
 2.98700000e-08  3.30000001e+00  2.98700000e-08  3.30000001e+00  2.98700000e-08  3.94032861e-02  2.98700000e-08  3.94088455e-02  2.98700000e-08  3.30000000e+00  2.98700000e-08  0.00000000e+00 
 2.98900000e-08  3.29999999e+00  2.98900000e-08  3.29999999e+00  2.98900000e-08  3.90347577e-02  2.98900000e-08  3.90402628e-02  2.98900000e-08  3.30000000e+00  2.98900000e-08  0.00000000e+00 
 2.99100000e-08  3.30000001e+00  2.99100000e-08  3.30000001e+00  2.99100000e-08  3.86696660e-02  2.99100000e-08  3.86751166e-02  2.99100000e-08  3.30000000e+00  2.99100000e-08  0.00000000e+00 
 2.99300000e-08  3.29999999e+00  2.99300000e-08  3.29999999e+00  2.99300000e-08  3.83079789e-02  2.99300000e-08  3.83133764e-02  2.99300000e-08  3.30000000e+00  2.99300000e-08  0.00000000e+00 
 2.99500000e-08  3.30000001e+00  2.99500000e-08  3.30000001e+00  2.99500000e-08  3.79496650e-02  2.99500000e-08  3.79550093e-02  2.99500000e-08  3.30000000e+00  2.99500000e-08  0.00000000e+00 
 2.99700000e-08  3.29999999e+00  2.99700000e-08  3.29999999e+00  2.99700000e-08  3.75946930e-02  2.99700000e-08  3.75999854e-02  2.99700000e-08  3.30000000e+00  2.99700000e-08  0.00000000e+00 
 2.99900000e-08  3.30000001e+00  2.99900000e-08  3.30000001e+00  2.99900000e-08  3.72430320e-02  2.99900000e-08  3.72482724e-02  2.99900000e-08  3.30000000e+00  2.99900000e-08  0.00000000e+00 
 3.00100000e-08  3.29999999e+00  3.00100000e-08  3.29999999e+00  3.00100000e-08  3.68946513e-02  3.00100000e-08  3.68998410e-02  3.00100000e-08  3.30000000e+00  3.00100000e-08  0.00000000e+00 
 3.00300000e-08  3.30000001e+00  3.00300000e-08  3.30000001e+00  3.00300000e-08  3.65495205e-02  3.00300000e-08  3.65546593e-02  3.00300000e-08  3.30000000e+00  3.00300000e-08  0.00000000e+00 
 3.00500000e-08  3.29999999e+00  3.00500000e-08  3.29999999e+00  3.00500000e-08  3.62076094e-02  3.00500000e-08  3.62126987e-02  3.00500000e-08  3.30000000e+00  3.00500000e-08  0.00000000e+00 
 3.00700000e-08  3.30000001e+00  3.00700000e-08  3.30000001e+00  3.00700000e-08  3.58688883e-02  3.00700000e-08  3.58739278e-02  3.00700000e-08  3.30000000e+00  3.00700000e-08  0.00000000e+00 
 3.00850000e-08  3.29999999e+00  3.00850000e-08  3.29999999e+00  3.00850000e-08  3.56169238e-02  3.00850000e-08  3.56219270e-02  3.00850000e-08  3.30000000e+00  3.00850000e-08  0.00000000e+00 
 3.01000000e-08  3.30000001e+00  3.01000000e-08  3.30000001e+00  3.01000000e-08  3.53667246e-02  3.01000000e-08  3.53716911e-02  3.01000000e-08  3.30000000e+00  3.01000000e-08  0.00000000e+00 
 3.01020000e-08  3.29999999e+00  3.01020000e-08  3.29999999e+00  3.01020000e-08  3.53287192e-02  3.01020000e-08  3.53341267e-02  3.01020000e-08  3.23400000e+00  3.01020000e-08  0.00000000e+00 
 3.01060000e-08  3.29999979e+00  3.01060000e-08  3.29999979e+00  3.01060000e-08  3.51302796e-02  3.01060000e-08  3.51371451e-02  3.01060000e-08  3.10200000e+00  3.01060000e-08  0.00000000e+00 
 3.01140000e-08  3.29999900e+00  3.01140000e-08  3.29999900e+00  3.01140000e-08  3.41575679e-02  3.01140000e-08  3.41690748e-02  3.01140000e-08  2.83800000e+00  3.01140000e-08  0.00000000e+00 
 3.01300000e-08  3.29999820e+00  3.01300000e-08  3.29999821e+00  3.01300000e-08  3.07901290e-02  3.01300000e-08  3.08091334e-02  3.01300000e-08  2.31000000e+00  3.01300000e-08  0.00000000e+00 
 3.01500000e-08  3.30000250e+00  3.01500000e-08  3.30000250e+00  3.01500000e-08  3.13350432e-02  3.01500000e-08  3.13688060e-02  3.01500000e-08  1.65000000e+00  3.01500000e-08  0.00000000e+00 
 3.01700000e-08  3.30000644e+00  3.01700000e-08  3.30000646e+00  3.01700000e-08  4.12620194e-02  3.01700000e-08  4.13378357e-02  3.01700000e-08  9.90000000e-01  3.01700000e-08  0.00000000e+00 
 3.01850000e-08  3.30000693e+00  3.01850000e-08  3.30000695e+00  3.01850000e-08  5.51436494e-02  3.01850000e-08  5.52712175e-02  3.01850000e-08  4.95000000e-01  3.01850000e-08  0.00000000e+00 
 3.02000000e-08  3.30000786e+00  3.02000000e-08  3.30000787e+00  3.02000000e-08  7.54511208e-02  3.02000000e-08  7.56436821e-02  3.02000000e-08  7.94919686e-14  3.02000000e-08  0.00000000e+00 
 3.02020000e-08  3.30000843e+00  3.02020000e-08  3.30000845e+00  3.02020000e-08  7.89876142e-02  3.02020000e-08  7.91904687e-02  3.02020000e-08  0.00000000e+00  3.02020000e-08  0.00000000e+00 
 3.02060000e-08  3.30000836e+00  3.02060000e-08  3.30000838e+00  3.02060000e-08  8.57983730e-02  3.02060000e-08  8.60223354e-02  3.02060000e-08  0.00000000e+00  3.02060000e-08  0.00000000e+00 
 3.02140000e-08  3.30000497e+00  3.02140000e-08  3.30000499e+00  3.02140000e-08  9.83261739e-02  3.02140000e-08  9.85924721e-02  3.02140000e-08  0.00000000e+00  3.02140000e-08  0.00000000e+00 
 3.02300000e-08  3.30000002e+00  3.02300000e-08  3.30000002e+00  3.02300000e-08  1.21631719e-01  3.02300000e-08  1.21972691e-01  3.02300000e-08  0.00000000e+00  3.02300000e-08  0.00000000e+00 
 3.02500000e-08  3.29999956e+00  3.02500000e-08  3.29999955e+00  3.02500000e-08  1.50019274e-01  3.02500000e-08  1.50433670e-01  3.02500000e-08  0.00000000e+00  3.02500000e-08  0.00000000e+00 
 3.02700000e-08  3.30000017e+00  3.02700000e-08  3.30000016e+00  3.02700000e-08  1.78555334e-01  3.02700000e-08  1.79030916e-01  3.02700000e-08  0.00000000e+00  3.02700000e-08  0.00000000e+00 
 3.02900000e-08  3.30000032e+00  3.02900000e-08  3.30000032e+00  3.02900000e-08  2.07320204e-01  3.02900000e-08  2.07854956e-01  3.02900000e-08  0.00000000e+00  3.02900000e-08  0.00000000e+00 
 3.03100000e-08  3.30000039e+00  3.03100000e-08  3.30000040e+00  3.03100000e-08  2.36324880e-01  3.03100000e-08  2.36922615e-01  3.03100000e-08  0.00000000e+00  3.03100000e-08  0.00000000e+00 
 3.03300000e-08  3.30000048e+00  3.03300000e-08  3.30000049e+00  3.03300000e-08  2.65587794e-01  3.03300000e-08  2.66256195e-01  3.03300000e-08  0.00000000e+00  3.03300000e-08  0.00000000e+00 
 3.03500000e-08  3.30000059e+00  3.03500000e-08  3.30000060e+00  3.03500000e-08  2.95133824e-01  3.03500000e-08  2.95883889e-01  3.03500000e-08  0.00000000e+00  3.03500000e-08  0.00000000e+00 
 3.03700000e-08  3.30000074e+00  3.03700000e-08  3.30000076e+00  3.03700000e-08  3.24995928e-01  3.03700000e-08  3.25842212e-01  3.03700000e-08  0.00000000e+00  3.03700000e-08  0.00000000e+00 
 3.03900000e-08  3.30000093e+00  3.03900000e-08  3.30000096e+00  3.03900000e-08  3.55217920e-01  3.03900000e-08  3.56179389e-01  3.03900000e-08  0.00000000e+00  3.03900000e-08  0.00000000e+00 
 3.04100000e-08  3.30000119e+00  3.04100000e-08  3.30000123e+00  3.04100000e-08  3.85858793e-01  3.04100000e-08  3.86960372e-01  3.04100000e-08  0.00000000e+00  3.04100000e-08  0.00000000e+00 
 3.04300000e-08  3.30000151e+00  3.04300000e-08  3.30000157e+00  3.04300000e-08  4.16999662e-01  3.04300000e-08  4.18274798e-01  3.04300000e-08  0.00000000e+00  3.04300000e-08  0.00000000e+00 
 3.04500000e-08  3.30000191e+00  3.04500000e-08  3.30000200e+00  3.04500000e-08  4.48755189e-01  3.04500000e-08  4.50250191e-01  3.04500000e-08  0.00000000e+00  3.04500000e-08  0.00000000e+00 
 3.04700000e-08  3.30000239e+00  3.04700000e-08  3.30000253e+00  3.04700000e-08  4.81293464e-01  3.04700000e-08  4.83075271e-01  3.04700000e-08  0.00000000e+00  3.04700000e-08  0.00000000e+00 
 3.04900000e-08  3.30000294e+00  3.04900000e-08  3.30000316e+00  3.04900000e-08  5.14872686e-01  3.04900000e-08  5.17043846e-01  3.04900000e-08  0.00000000e+00  3.04900000e-08  0.00000000e+00 
 3.05100000e-08  3.30000359e+00  3.05100000e-08  3.30000396e+00  3.05100000e-08  5.49914302e-01  3.05100000e-08  5.52644606e-01  3.05100000e-08  0.00000000e+00  3.05100000e-08  0.00000000e+00 
 3.05300000e-08  3.30000443e+00  3.05300000e-08  3.30000513e+00  3.05300000e-08  5.87170266e-01  3.05300000e-08  5.90773116e-01  3.05300000e-08  0.00000000e+00  3.05300000e-08  0.00000000e+00 
 3.05500000e-08  3.30000585e+00  3.05500000e-08  3.30000734e+00  3.05500000e-08  6.28101410e-01  3.05500000e-08  6.33216199e-01  3.05500000e-08  0.00000000e+00  3.05500000e-08  0.00000000e+00 
 3.05700000e-08  3.30000895e+00  3.05700000e-08  3.30001228e+00  3.05700000e-08  6.75791618e-01  3.05700000e-08  6.83722629e-01  3.05700000e-08  0.00000000e+00  3.05700000e-08  0.00000000e+00 
 3.05900000e-08  3.30001549e+00  3.05900000e-08  3.30002092e+00  3.05900000e-08  7.36196058e-01  3.05900000e-08  7.48623753e-01  3.05900000e-08  0.00000000e+00  3.05900000e-08  0.00000000e+00 
 3.06100000e-08  3.30002169e+00  3.06100000e-08  3.30002387e+00  3.06100000e-08  8.15688310e-01  3.06100000e-08  8.32858264e-01  3.06100000e-08  0.00000000e+00  3.06100000e-08  0.00000000e+00 
 3.06300000e-08  3.30001400e+00  3.06300000e-08  3.30000864e+00  3.06300000e-08  9.14778421e-01  3.06300000e-08  9.35965379e-01  3.06300000e-08  0.00000000e+00  3.06300000e-08  0.00000000e+00 
 3.06500000e-08  3.29999267e+00  3.06500000e-08  3.29997997e+00  3.06500000e-08  1.02968753e+00  3.06500000e-08  1.05414486e+00  3.06500000e-08  0.00000000e+00  3.06500000e-08  0.00000000e+00 
 3.06700000e-08  3.29996915e+00  3.06700000e-08  3.29995103e+00  3.06700000e-08  1.15638983e+00  3.06700000e-08  1.18364523e+00  3.06700000e-08  0.00000000e+00  3.06700000e-08  0.00000000e+00 
 3.06900000e-08  3.29995109e+00  3.06900000e-08  3.29993130e+00  3.06900000e-08  1.29202874e+00  3.06900000e-08  1.32173360e+00  3.06900000e-08  0.00000000e+00  3.06900000e-08  0.00000000e+00 
 3.07100000e-08  3.29994247e+00  3.07100000e-08  3.29992260e+00  3.07100000e-08  1.43434081e+00  3.07100000e-08  1.46617303e+00  3.07100000e-08  0.00000000e+00  3.07100000e-08  0.00000000e+00 
 3.07300000e-08  3.29993939e+00  3.07300000e-08  3.29991897e+00  3.07300000e-08  1.58128252e+00  3.07300000e-08  1.61493910e+00  3.07300000e-08  0.00000000e+00  3.07300000e-08  0.00000000e+00 
 3.07500000e-08  3.29994119e+00  3.07500000e-08  3.29992320e+00  3.07500000e-08  1.73098939e+00  3.07500000e-08  1.76617244e+00  3.07500000e-08  0.00000000e+00  3.07500000e-08  0.00000000e+00 
 3.07700000e-08  3.29994719e+00  3.07700000e-08  3.29993094e+00  3.07700000e-08  1.88134670e+00  3.07700000e-08  1.91753403e+00  3.07700000e-08  0.00000000e+00  3.07700000e-08  0.00000000e+00 
 3.07900000e-08  3.29995418e+00  3.07900000e-08  3.29994064e+00  3.07900000e-08  2.02946242e+00  3.07900000e-08  2.06598561e+00  3.07900000e-08  0.00000000e+00  3.07900000e-08  0.00000000e+00 
 3.08100000e-08  3.29996228e+00  3.08100000e-08  3.29995310e+00  3.08100000e-08  2.17245742e+00  3.08100000e-08  2.20871170e+00  3.08100000e-08  0.00000000e+00  3.08100000e-08  0.00000000e+00 
 3.08300000e-08  3.29997168e+00  3.08300000e-08  3.29996719e+00  3.08300000e-08  2.30800376e+00  3.08300000e-08  2.34347703e+00  3.08300000e-08  0.00000000e+00  3.08300000e-08  0.00000000e+00 
 3.08500000e-08  3.29998143e+00  3.08500000e-08  3.29998123e+00  3.08500000e-08  2.43434669e+00  3.08500000e-08  2.46861401e+00  3.08500000e-08  0.00000000e+00  3.08500000e-08  0.00000000e+00 
 3.08700000e-08  3.29999060e+00  3.08700000e-08  3.29999407e+00  3.08700000e-08  2.55027743e+00  3.08700000e-08  2.58300113e+00  3.08700000e-08  0.00000000e+00  3.08700000e-08  0.00000000e+00 
 3.08900000e-08  3.29999862e+00  3.08900000e-08  3.30000525e+00  3.08900000e-08  2.65511064e+00  3.08900000e-08  2.68604111e+00  3.08900000e-08  0.00000000e+00  3.08900000e-08  0.00000000e+00 
 3.09100000e-08  3.30000548e+00  3.09100000e-08  3.30001420e+00  3.09100000e-08  2.74863902e+00  3.09100000e-08  2.77761168e+00  3.09100000e-08  0.00000000e+00  3.09100000e-08  0.00000000e+00 
 3.09300000e-08  3.30001070e+00  3.09300000e-08  3.30002074e+00  3.09300000e-08  2.83106142e+00  3.09300000e-08  2.85798924e+00  3.09300000e-08  0.00000000e+00  3.09300000e-08  0.00000000e+00 
 3.09500000e-08  3.30001451e+00  3.09500000e-08  3.30002526e+00  3.09500000e-08  2.90289765e+00  3.09500000e-08  2.92776040e+00  3.09500000e-08  0.00000000e+00  3.09500000e-08  0.00000000e+00 
 3.09700000e-08  3.30001709e+00  3.09700000e-08  3.30002799e+00  3.09700000e-08  2.96489642e+00  3.09700000e-08  2.98772810e+00  3.09700000e-08  0.00000000e+00  3.09700000e-08  0.00000000e+00 
 3.09900000e-08  3.30001862e+00  3.09900000e-08  3.30002925e+00  3.09900000e-08  3.01794813e+00  3.09900000e-08  3.03882390e+00  3.09900000e-08  0.00000000e+00  3.09900000e-08  0.00000000e+00 
 3.10100000e-08  3.30001930e+00  3.10100000e-08  3.30002936e+00  3.10100000e-08  3.06300946e+00  3.10100000e-08  3.08203344e+00  3.10100000e-08  0.00000000e+00  3.10100000e-08  0.00000000e+00 
 3.10300000e-08  3.30001934e+00  3.10300000e-08  3.30002863e+00  3.10300000e-08  3.10104373e+00  3.10300000e-08  3.11833826e+00  3.10300000e-08  0.00000000e+00  3.10300000e-08  0.00000000e+00 
 3.10500000e-08  3.30001890e+00  3.10500000e-08  3.30002732e+00  3.10500000e-08  3.13297753e+00  3.10500000e-08  3.14867450e+00  3.10500000e-08  0.00000000e+00  3.10500000e-08  0.00000000e+00 
 3.10700000e-08  3.30001814e+00  3.10700000e-08  3.30002566e+00  3.10700000e-08  3.15967237e+00  3.10700000e-08  3.17390642e+00  3.10700000e-08  0.00000000e+00  3.10700000e-08  0.00000000e+00 
 3.10900000e-08  3.30001717e+00  3.10900000e-08  3.30002381e+00  3.10900000e-08  3.18190858e+00  3.10900000e-08  3.19481235e+00  3.10900000e-08  0.00000000e+00  3.10900000e-08  0.00000000e+00 
 3.11100000e-08  3.30001608e+00  3.11100000e-08  3.30002188e+00  3.11100000e-08  3.20037877e+00  3.11100000e-08  3.21207949e+00  3.11100000e-08  0.00000000e+00  3.11100000e-08  0.00000000e+00 
 3.11300000e-08  3.30001493e+00  3.11300000e-08  3.30001996e+00  3.11300000e-08  3.21568782e+00  3.11300000e-08  3.22630531e+00  3.11300000e-08  0.00000000e+00  3.11300000e-08  0.00000000e+00 
 3.11500000e-08  3.30001377e+00  3.11500000e-08  3.30001810e+00  3.11500000e-08  3.22835723e+00  3.11500000e-08  3.23800266e+00  3.11500000e-08  0.00000000e+00  3.11500000e-08  0.00000000e+00 
 3.11700000e-08  3.30001263e+00  3.11700000e-08  3.30001634e+00  3.11700000e-08  3.23883191e+00  3.11700000e-08  3.24760737e+00  3.11700000e-08  0.00000000e+00  3.11700000e-08  0.00000000e+00 
 3.11900000e-08  3.30001153e+00  3.11900000e-08  3.30001470e+00  3.11900000e-08  3.24748826e+00  3.11900000e-08  3.25548666e+00  3.11900000e-08  0.00000000e+00  3.11900000e-08  0.00000000e+00 
 3.12100000e-08  3.30001049e+00  3.12100000e-08  3.30001319e+00  3.12100000e-08  3.25464250e+00  3.12100000e-08  3.26194784e+00  3.12100000e-08  0.00000000e+00  3.12100000e-08  0.00000000e+00 
 3.12300000e-08  3.30000952e+00  3.12300000e-08  3.30001181e+00  3.12300000e-08  3.26055878e+00  3.12300000e-08  3.26724659e+00  3.12300000e-08  0.00000000e+00  3.12300000e-08  0.00000000e+00 
 3.12500000e-08  3.30000862e+00  3.12500000e-08  3.30001056e+00  3.12500000e-08  3.26545671e+00  3.12500000e-08  3.27159462e+00  3.12500000e-08  0.00000000e+00  3.12500000e-08  0.00000000e+00 
 3.12700000e-08  3.30000779e+00  3.12700000e-08  3.30000943e+00  3.12700000e-08  3.26951818e+00  3.12700000e-08  3.27516650e+00  3.12700000e-08  0.00000000e+00  3.12700000e-08  0.00000000e+00 
 3.12900000e-08  3.30000703e+00  3.12900000e-08  3.30000842e+00  3.12900000e-08  3.27289331e+00  3.12900000e-08  3.27810570e+00  3.12900000e-08  0.00000000e+00  3.12900000e-08  0.00000000e+00 
 3.13100000e-08  3.30000634e+00  3.13100000e-08  3.30000752e+00  3.13100000e-08  3.27570573e+00  3.13100000e-08  3.28052976e+00  3.13100000e-08  0.00000000e+00  3.13100000e-08  0.00000000e+00 
 3.13300000e-08  3.30000572e+00  3.13300000e-08  3.30000671e+00  3.13300000e-08  3.27805694e+00  3.13300000e-08  3.28253476e+00  3.13300000e-08  0.00000000e+00  3.13300000e-08  0.00000000e+00 
 3.13500000e-08  3.30000515e+00  3.13500000e-08  3.30000600e+00  3.13500000e-08  3.28003019e+00  3.13500000e-08  3.28419904e+00  3.13500000e-08  0.00000000e+00  3.13500000e-08  0.00000000e+00 
 3.13700000e-08  3.30000465e+00  3.13700000e-08  3.30000537e+00  3.13700000e-08  3.28169362e+00  3.13700000e-08  3.28558639e+00  3.13700000e-08  0.00000000e+00  3.13700000e-08  0.00000000e+00 
 3.13900000e-08  3.30000419e+00  3.13900000e-08  3.30000480e+00  3.13900000e-08  3.28310295e+00  3.13900000e-08  3.28674860e+00  3.13900000e-08  0.00000000e+00  3.13900000e-08  0.00000000e+00 
 3.14100000e-08  3.30000379e+00  3.14100000e-08  3.30000431e+00  3.14100000e-08  3.28430365e+00  3.14100000e-08  3.28772776e+00  3.14100000e-08  0.00000000e+00  3.14100000e-08  0.00000000e+00 
 3.14300000e-08  3.30000342e+00  3.14300000e-08  3.30000387e+00  3.14300000e-08  3.28533289e+00  3.14300000e-08  3.28855794e+00  3.14300000e-08  0.00000000e+00  3.14300000e-08  0.00000000e+00 
 3.14500000e-08  3.30000310e+00  3.14500000e-08  3.30000348e+00  3.14500000e-08  3.28622092e+00  3.14500000e-08  3.28926674e+00  3.14500000e-08  0.00000000e+00  3.14500000e-08  0.00000000e+00 
 3.14700000e-08  3.30000281e+00  3.14700000e-08  3.30000313e+00  3.14700000e-08  3.28699245e+00  3.14700000e-08  3.28987649e+00  3.14700000e-08  0.00000000e+00  3.14700000e-08  0.00000000e+00 
 3.14900000e-08  3.30000254e+00  3.14900000e-08  3.30000283e+00  3.14900000e-08  3.28766759e+00  3.14900000e-08  3.29040525e+00  3.14900000e-08  0.00000000e+00  3.14900000e-08  0.00000000e+00 
 3.15100000e-08  3.30000231e+00  3.15100000e-08  3.30000256e+00  3.15100000e-08  3.28826277e+00  3.15100000e-08  3.29086760e+00  3.15100000e-08  0.00000000e+00  3.15100000e-08  0.00000000e+00 
 3.15300000e-08  3.30000210e+00  3.15300000e-08  3.30000231e+00  3.15300000e-08  3.28879136e+00  3.15300000e-08  3.29127535e+00  3.15300000e-08  0.00000000e+00  3.15300000e-08  0.00000000e+00 
 3.15500000e-08  3.30000192e+00  3.15500000e-08  3.30000210e+00  3.15500000e-08  3.28926429e+00  3.15500000e-08  3.29163800e+00  3.15500000e-08  0.00000000e+00  3.15500000e-08  0.00000000e+00 
 3.15700000e-08  3.30000175e+00  3.15700000e-08  3.30000191e+00  3.15700000e-08  3.28969046e+00  3.15700000e-08  3.29196327e+00  3.15700000e-08  0.00000000e+00  3.15700000e-08  0.00000000e+00 
 3.15900000e-08  3.30000160e+00  3.15900000e-08  3.30000174e+00  3.15900000e-08  3.29007716e+00  3.15900000e-08  3.29225736e+00  3.15900000e-08  0.00000000e+00  3.15900000e-08  0.00000000e+00 
 3.16100000e-08  3.30000146e+00  3.16100000e-08  3.30000159e+00  3.16100000e-08  3.29043035e+00  3.16100000e-08  3.29252533e+00  3.16100000e-08  0.00000000e+00  3.16100000e-08  0.00000000e+00 
 3.16300000e-08  3.30000134e+00  3.16300000e-08  3.30000145e+00  3.16300000e-08  3.29075494e+00  3.16300000e-08  3.29277124e+00  3.16300000e-08  0.00000000e+00  3.16300000e-08  0.00000000e+00 
 3.16500000e-08  3.30000124e+00  3.16500000e-08  3.30000133e+00  3.16500000e-08  3.29105493e+00  3.16500000e-08  3.29299840e+00  3.16500000e-08  0.00000000e+00  3.16500000e-08  0.00000000e+00 
 3.16700000e-08  3.30000114e+00  3.16700000e-08  3.30000122e+00  3.16700000e-08  3.29133365e+00  3.16700000e-08  3.29320950e+00  3.16700000e-08  0.00000000e+00  3.16700000e-08  0.00000000e+00 
 3.16900000e-08  3.30000105e+00  3.16900000e-08  3.30000113e+00  3.16900000e-08  3.29159381e+00  3.16900000e-08  3.29340675e+00  3.16900000e-08  0.00000000e+00  3.16900000e-08  0.00000000e+00 
 3.17100000e-08  3.30000097e+00  3.17100000e-08  3.30000104e+00  3.17100000e-08  3.29183770e+00  3.17100000e-08  3.29359191e+00  3.17100000e-08  0.00000000e+00  3.17100000e-08  0.00000000e+00 
 3.17300000e-08  3.30000090e+00  3.17300000e-08  3.30000096e+00  3.17300000e-08  3.29206718e+00  3.17300000e-08  3.29376648e+00  3.17300000e-08  0.00000000e+00  3.17300000e-08  0.00000000e+00 
 3.17500000e-08  3.30000083e+00  3.17500000e-08  3.30000089e+00  3.17500000e-08  3.29228387e+00  3.17500000e-08  3.29393165e+00  3.17500000e-08  0.00000000e+00  3.17500000e-08  0.00000000e+00 
 3.17700000e-08  3.30000077e+00  3.17700000e-08  3.30000082e+00  3.17700000e-08  3.29248905e+00  3.17700000e-08  3.29408843e+00  3.17700000e-08  0.00000000e+00  3.17700000e-08  0.00000000e+00 
 3.17900000e-08  3.30000072e+00  3.17900000e-08  3.30000076e+00  3.17900000e-08  3.29268387e+00  3.17900000e-08  3.29423765e+00  3.17900000e-08  0.00000000e+00  3.17900000e-08  0.00000000e+00 
 3.18100000e-08  3.30000067e+00  3.18100000e-08  3.30000071e+00  3.18100000e-08  3.29286926e+00  3.18100000e-08  3.29438001e+00  3.18100000e-08  0.00000000e+00  3.18100000e-08  0.00000000e+00 
 3.18300000e-08  3.30000062e+00  3.18300000e-08  3.30000066e+00  3.18300000e-08  3.29304606e+00  3.18300000e-08  3.29451611e+00  3.18300000e-08  0.00000000e+00  3.18300000e-08  0.00000000e+00 
 3.18500000e-08  3.30000058e+00  3.18500000e-08  3.30000062e+00  3.18500000e-08  3.29321494e+00  3.18500000e-08  3.29464645e+00  3.18500000e-08  0.00000000e+00  3.18500000e-08  0.00000000e+00 
 3.18700000e-08  3.30000055e+00  3.18700000e-08  3.30000058e+00  3.18700000e-08  3.29337653e+00  3.18700000e-08  3.29477145e+00  3.18700000e-08  0.00000000e+00  3.18700000e-08  0.00000000e+00 
 3.18900000e-08  3.30000051e+00  3.18900000e-08  3.30000054e+00  3.18900000e-08  3.29353134e+00  3.18900000e-08  3.29489149e+00  3.18900000e-08  0.00000000e+00  3.18900000e-08  0.00000000e+00 
 3.19100000e-08  3.30000048e+00  3.19100000e-08  3.30000051e+00  3.19100000e-08  3.29367986e+00  3.19100000e-08  3.29500690e+00  3.19100000e-08  0.00000000e+00  3.19100000e-08  0.00000000e+00 
 3.19300000e-08  3.30000045e+00  3.19300000e-08  3.30000048e+00  3.19300000e-08  3.29382246e+00  3.19300000e-08  3.29511796e+00  3.19300000e-08  0.00000000e+00  3.19300000e-08  0.00000000e+00 
 3.19500000e-08  3.30000042e+00  3.19500000e-08  3.30000045e+00  3.19500000e-08  3.29395956e+00  3.19500000e-08  3.29522492e+00  3.19500000e-08  0.00000000e+00  3.19500000e-08  0.00000000e+00 
 3.19700000e-08  3.30000040e+00  3.19700000e-08  3.30000042e+00  3.19700000e-08  3.29409144e+00  3.19700000e-08  3.29532802e+00  3.19700000e-08  0.00000000e+00  3.19700000e-08  0.00000000e+00 
 3.19900000e-08  3.30000038e+00  3.19900000e-08  3.30000040e+00  3.19900000e-08  3.29421843e+00  3.19900000e-08  3.29542746e+00  3.19900000e-08  0.00000000e+00  3.19900000e-08  0.00000000e+00 
 3.20100000e-08  3.30000036e+00  3.20100000e-08  3.30000037e+00  3.20100000e-08  3.29434078e+00  3.20100000e-08  3.29552343e+00  3.20100000e-08  0.00000000e+00  3.20100000e-08  0.00000000e+00 
 3.20300000e-08  3.30000034e+00  3.20300000e-08  3.30000035e+00  3.20300000e-08  3.29445875e+00  3.20300000e-08  3.29561608e+00  3.20300000e-08  0.00000000e+00  3.20300000e-08  0.00000000e+00 
 3.20500000e-08  3.30000032e+00  3.20500000e-08  3.30000033e+00  3.20500000e-08  3.29457255e+00  3.20500000e-08  3.29570561e+00  3.20500000e-08  0.00000000e+00  3.20500000e-08  0.00000000e+00 
 3.20700000e-08  3.30000030e+00  3.20700000e-08  3.30000032e+00  3.20700000e-08  3.29468241e+00  3.20700000e-08  3.29579212e+00  3.20700000e-08  0.00000000e+00  3.20700000e-08  0.00000000e+00 
 3.20900000e-08  3.30000029e+00  3.20900000e-08  3.30000030e+00  3.20900000e-08  3.29478851e+00  3.20900000e-08  3.29587578e+00  3.20900000e-08  0.00000000e+00  3.20900000e-08  0.00000000e+00 
 3.21100000e-08  3.30000027e+00  3.21100000e-08  3.30000028e+00  3.21100000e-08  3.29489103e+00  3.21100000e-08  3.29595670e+00  3.21100000e-08  0.00000000e+00  3.21100000e-08  0.00000000e+00 
 3.21300000e-08  3.30000026e+00  3.21300000e-08  3.30000027e+00  3.21300000e-08  3.29499013e+00  3.21300000e-08  3.29603501e+00  3.21300000e-08  0.00000000e+00  3.21300000e-08  0.00000000e+00 
 3.21500000e-08  3.30000025e+00  3.21500000e-08  3.30000026e+00  3.21500000e-08  3.29508599e+00  3.21500000e-08  3.29611081e+00  3.21500000e-08  0.00000000e+00  3.21500000e-08  0.00000000e+00 
 3.21700000e-08  3.30000023e+00  3.21700000e-08  3.30000024e+00  3.21700000e-08  3.29517872e+00  3.21700000e-08  3.29618422e+00  3.21700000e-08  0.00000000e+00  3.21700000e-08  0.00000000e+00 
 3.21900000e-08  3.30000022e+00  3.21900000e-08  3.30000023e+00  3.21900000e-08  3.29526850e+00  3.21900000e-08  3.29625532e+00  3.21900000e-08  0.00000000e+00  3.21900000e-08  0.00000000e+00 
 3.22100000e-08  3.30000021e+00  3.22100000e-08  3.30000022e+00  3.22100000e-08  3.29535542e+00  3.22100000e-08  3.29632423e+00  3.22100000e-08  0.00000000e+00  3.22100000e-08  0.00000000e+00 
 3.22300000e-08  3.30000020e+00  3.22300000e-08  3.30000021e+00  3.22300000e-08  3.29543964e+00  3.22300000e-08  3.29639102e+00  3.22300000e-08  0.00000000e+00  3.22300000e-08  0.00000000e+00 
 3.22500000e-08  3.30000019e+00  3.22500000e-08  3.30000020e+00  3.22500000e-08  3.29552124e+00  3.22500000e-08  3.29645578e+00  3.22500000e-08  0.00000000e+00  3.22500000e-08  0.00000000e+00 
 3.22700000e-08  3.30000019e+00  3.22700000e-08  3.30000019e+00  3.22700000e-08  3.29560035e+00  3.22700000e-08  3.29651859e+00  3.22700000e-08  0.00000000e+00  3.22700000e-08  0.00000000e+00 
 3.22900000e-08  3.30000018e+00  3.22900000e-08  3.30000018e+00  3.22900000e-08  3.29567707e+00  3.22900000e-08  3.29657954e+00  3.22900000e-08  0.00000000e+00  3.22900000e-08  0.00000000e+00 
 3.23100000e-08  3.30000017e+00  3.23100000e-08  3.30000018e+00  3.23100000e-08  3.29575149e+00  3.23100000e-08  3.29663869e+00  3.23100000e-08  0.00000000e+00  3.23100000e-08  0.00000000e+00 
 3.23300000e-08  3.30000016e+00  3.23300000e-08  3.30000017e+00  3.23300000e-08  3.29582371e+00  3.23300000e-08  3.29669611e+00  3.23300000e-08  0.00000000e+00  3.23300000e-08  0.00000000e+00 
 3.23500000e-08  3.30000016e+00  3.23500000e-08  3.30000016e+00  3.23500000e-08  3.29589383e+00  3.23500000e-08  3.29675187e+00  3.23500000e-08  0.00000000e+00  3.23500000e-08  0.00000000e+00 
 3.23700000e-08  3.30000015e+00  3.23700000e-08  3.30000016e+00  3.23700000e-08  3.29596191e+00  3.23700000e-08  3.29680604e+00  3.23700000e-08  0.00000000e+00  3.23700000e-08  0.00000000e+00 
 3.23900000e-08  3.30000014e+00  3.23900000e-08  3.30000015e+00  3.23900000e-08  3.29602805e+00  3.23900000e-08  3.29685867e+00  3.23900000e-08  0.00000000e+00  3.23900000e-08  0.00000000e+00 
 3.24100000e-08  3.30000014e+00  3.24100000e-08  3.30000014e+00  3.24100000e-08  3.29609231e+00  3.24100000e-08  3.29690983e+00  3.24100000e-08  0.00000000e+00  3.24100000e-08  0.00000000e+00 
 3.24300000e-08  3.30000013e+00  3.24300000e-08  3.30000014e+00  3.24300000e-08  3.29615478e+00  3.24300000e-08  3.29695956e+00  3.24300000e-08  0.00000000e+00  3.24300000e-08  0.00000000e+00 
 3.24500000e-08  3.30000013e+00  3.24500000e-08  3.30000013e+00  3.24500000e-08  3.29621550e+00  3.24500000e-08  3.29700793e+00  3.24500000e-08  0.00000000e+00  3.24500000e-08  0.00000000e+00 
 3.24700000e-08  3.30000012e+00  3.24700000e-08  3.30000013e+00  3.24700000e-08  3.29627457e+00  3.24700000e-08  3.29705497e+00  3.24700000e-08  0.00000000e+00  3.24700000e-08  0.00000000e+00 
 3.24900000e-08  3.30000012e+00  3.24900000e-08  3.30000012e+00  3.24900000e-08  3.29633203e+00  3.24900000e-08  3.29710075e+00  3.24900000e-08  0.00000000e+00  3.24900000e-08  0.00000000e+00 
 3.25100000e-08  3.30000011e+00  3.25100000e-08  3.30000012e+00  3.25100000e-08  3.29638795e+00  3.25100000e-08  3.29714530e+00  3.25100000e-08  0.00000000e+00  3.25100000e-08  0.00000000e+00 
 3.25300000e-08  3.30000011e+00  3.25300000e-08  3.30000011e+00  3.25300000e-08  3.29644238e+00  3.25300000e-08  3.29718868e+00  3.25300000e-08  0.00000000e+00  3.25300000e-08  0.00000000e+00 
 3.25500000e-08  3.30000011e+00  3.25500000e-08  3.30000011e+00  3.25500000e-08  3.29649538e+00  3.25500000e-08  3.29723091e+00  3.25500000e-08  0.00000000e+00  3.25500000e-08  0.00000000e+00 
 3.25700000e-08  3.30000010e+00  3.25700000e-08  3.30000011e+00  3.25700000e-08  3.29654699e+00  3.25700000e-08  3.29727205e+00  3.25700000e-08  0.00000000e+00  3.25700000e-08  0.00000000e+00 
 3.25900000e-08  3.30000010e+00  3.25900000e-08  3.30000010e+00  3.25900000e-08  3.29659728e+00  3.25900000e-08  3.29731213e+00  3.25900000e-08  0.00000000e+00  3.25900000e-08  0.00000000e+00 
 3.26100000e-08  3.30000010e+00  3.26100000e-08  3.30000010e+00  3.26100000e-08  3.29664628e+00  3.26100000e-08  3.29735119e+00  3.26100000e-08  0.00000000e+00  3.26100000e-08  0.00000000e+00 
 3.26300000e-08  3.30000009e+00  3.26300000e-08  3.30000009e+00  3.26300000e-08  3.29669404e+00  3.26300000e-08  3.29738926e+00  3.26300000e-08  0.00000000e+00  3.26300000e-08  0.00000000e+00 
 3.26500000e-08  3.30000009e+00  3.26500000e-08  3.30000009e+00  3.26500000e-08  3.29674060e+00  3.26500000e-08  3.29742639e+00  3.26500000e-08  0.00000000e+00  3.26500000e-08  0.00000000e+00 
 3.26700000e-08  3.30000009e+00  3.26700000e-08  3.30000009e+00  3.26700000e-08  3.29678602e+00  3.26700000e-08  3.29746259e+00  3.26700000e-08  0.00000000e+00  3.26700000e-08  0.00000000e+00 
 3.26900000e-08  3.30000008e+00  3.26900000e-08  3.30000009e+00  3.26900000e-08  3.29683031e+00  3.26900000e-08  3.29749791e+00  3.26900000e-08  0.00000000e+00  3.26900000e-08  0.00000000e+00 
 3.27100000e-08  3.30000008e+00  3.27100000e-08  3.30000008e+00  3.27100000e-08  3.29687354e+00  3.27100000e-08  3.29753236e+00  3.27100000e-08  0.00000000e+00  3.27100000e-08  0.00000000e+00 
 3.27300000e-08  3.30000008e+00  3.27300000e-08  3.30000008e+00  3.27300000e-08  3.29691571e+00  3.27300000e-08  3.29756600e+00  3.27300000e-08  0.00000000e+00  3.27300000e-08  0.00000000e+00 
 3.27500000e-08  3.30000008e+00  3.27500000e-08  3.30000008e+00  3.27500000e-08  3.29695689e+00  3.27500000e-08  3.29759882e+00  3.27500000e-08  0.00000000e+00  3.27500000e-08  0.00000000e+00 
 3.27700000e-08  3.30000007e+00  3.27700000e-08  3.30000008e+00  3.27700000e-08  3.29699709e+00  3.27700000e-08  3.29763087e+00  3.27700000e-08  0.00000000e+00  3.27700000e-08  0.00000000e+00 
 3.27900000e-08  3.30000007e+00  3.27900000e-08  3.30000007e+00  3.27900000e-08  3.29703636e+00  3.27900000e-08  3.29766217e+00  3.27900000e-08  0.00000000e+00  3.27900000e-08  0.00000000e+00 
 3.28100000e-08  3.30000007e+00  3.28100000e-08  3.30000007e+00  3.28100000e-08  3.29707471e+00  3.28100000e-08  3.29769275e+00  3.28100000e-08  0.00000000e+00  3.28100000e-08  0.00000000e+00 
 3.28300000e-08  3.30000007e+00  3.28300000e-08  3.30000007e+00  3.28300000e-08  3.29711218e+00  3.28300000e-08  3.29772262e+00  3.28300000e-08  0.00000000e+00  3.28300000e-08  0.00000000e+00 
 3.28500000e-08  3.30000006e+00  3.28500000e-08  3.30000007e+00  3.28500000e-08  3.29714880e+00  3.28500000e-08  3.29775181e+00  3.28500000e-08  0.00000000e+00  3.28500000e-08  0.00000000e+00 
 3.28700000e-08  3.30000006e+00  3.28700000e-08  3.30000006e+00  3.28700000e-08  3.29718460e+00  3.28700000e-08  3.29778034e+00  3.28700000e-08  0.00000000e+00  3.28700000e-08  0.00000000e+00 
 3.28900000e-08  3.30000006e+00  3.28900000e-08  3.30000006e+00  3.28900000e-08  3.29721959e+00  3.28900000e-08  3.29780824e+00  3.28900000e-08  0.00000000e+00  3.28900000e-08  0.00000000e+00 
 3.29100000e-08  3.30000006e+00  3.29100000e-08  3.30000006e+00  3.29100000e-08  3.29725381e+00  3.29100000e-08  3.29783551e+00  3.29100000e-08  0.00000000e+00  3.29100000e-08  0.00000000e+00 
 3.29300000e-08  3.30000006e+00  3.29300000e-08  3.30000006e+00  3.29300000e-08  3.29728728e+00  3.29300000e-08  3.29786219e+00  3.29300000e-08  0.00000000e+00  3.29300000e-08  0.00000000e+00 
 3.29500000e-08  3.30000006e+00  3.29500000e-08  3.30000006e+00  3.29500000e-08  3.29732003e+00  3.29500000e-08  3.29788828e+00  3.29500000e-08  0.00000000e+00  3.29500000e-08  0.00000000e+00 
 3.29700000e-08  3.30000005e+00  3.29700000e-08  3.30000006e+00  3.29700000e-08  3.29735206e+00  3.29700000e-08  3.29791382e+00  3.29700000e-08  0.00000000e+00  3.29700000e-08  0.00000000e+00 
 3.29900000e-08  3.30000005e+00  3.29900000e-08  3.30000005e+00  3.29900000e-08  3.29738342e+00  3.29900000e-08  3.29793880e+00  3.29900000e-08  0.00000000e+00  3.29900000e-08  0.00000000e+00 
 3.30100000e-08  3.30000005e+00  3.30100000e-08  3.30000005e+00  3.30100000e-08  3.29741411e+00  3.30100000e-08  3.29796326e+00  3.30100000e-08  0.00000000e+00  3.30100000e-08  0.00000000e+00 
 3.30300000e-08  3.30000005e+00  3.30300000e-08  3.30000005e+00  3.30300000e-08  3.29744416e+00  3.30300000e-08  3.29798719e+00  3.30300000e-08  0.00000000e+00  3.30300000e-08  0.00000000e+00 
 3.30500000e-08  3.30000005e+00  3.30500000e-08  3.30000005e+00  3.30500000e-08  3.29747358e+00  3.30500000e-08  3.29801064e+00  3.30500000e-08  0.00000000e+00  3.30500000e-08  0.00000000e+00 
 3.30700000e-08  3.30000005e+00  3.30700000e-08  3.30000005e+00  3.30700000e-08  3.29750240e+00  3.30700000e-08  3.29803359e+00  3.30700000e-08  0.00000000e+00  3.30700000e-08  0.00000000e+00 
 3.30900000e-08  3.30000005e+00  3.30900000e-08  3.30000005e+00  3.30900000e-08  3.29753062e+00  3.30900000e-08  3.29805608e+00  3.30900000e-08  0.00000000e+00  3.30900000e-08  0.00000000e+00 
 3.31100000e-08  3.30000004e+00  3.31100000e-08  3.30000005e+00  3.31100000e-08  3.29755828e+00  3.31100000e-08  3.29807810e+00  3.31100000e-08  0.00000000e+00  3.31100000e-08  0.00000000e+00 
 3.31300000e-08  3.30000004e+00  3.31300000e-08  3.30000004e+00  3.31300000e-08  3.29758538e+00  3.31300000e-08  3.29809969e+00  3.31300000e-08  0.00000000e+00  3.31300000e-08  0.00000000e+00 
 3.31500000e-08  3.30000004e+00  3.31500000e-08  3.30000004e+00  3.31500000e-08  3.29761195e+00  3.31500000e-08  3.29812084e+00  3.31500000e-08  0.00000000e+00  3.31500000e-08  0.00000000e+00 
 3.31700000e-08  3.30000004e+00  3.31700000e-08  3.30000004e+00  3.31700000e-08  3.29763798e+00  3.31700000e-08  3.29814157e+00  3.31700000e-08  0.00000000e+00  3.31700000e-08  0.00000000e+00 
 3.31900000e-08  3.30000004e+00  3.31900000e-08  3.30000004e+00  3.31900000e-08  3.29766351e+00  3.31900000e-08  3.29816189e+00  3.31900000e-08  0.00000000e+00  3.31900000e-08  0.00000000e+00 
 3.32100000e-08  3.30000004e+00  3.32100000e-08  3.30000004e+00  3.32100000e-08  3.29768853e+00  3.32100000e-08  3.29818182e+00  3.32100000e-08  0.00000000e+00  3.32100000e-08  0.00000000e+00 
 3.32300000e-08  3.30000004e+00  3.32300000e-08  3.30000004e+00  3.32300000e-08  3.29771308e+00  3.32300000e-08  3.29820136e+00  3.32300000e-08  0.00000000e+00  3.32300000e-08  0.00000000e+00 
 3.32500000e-08  3.30000004e+00  3.32500000e-08  3.30000004e+00  3.32500000e-08  3.29773716e+00  3.32500000e-08  3.29822053e+00  3.32500000e-08  0.00000000e+00  3.32500000e-08  0.00000000e+00 
 3.32700000e-08  3.30000004e+00  3.32700000e-08  3.30000004e+00  3.32700000e-08  3.29776078e+00  3.32700000e-08  3.29823933e+00  3.32700000e-08  0.00000000e+00  3.32700000e-08  0.00000000e+00 
 3.32900000e-08  3.30000004e+00  3.32900000e-08  3.30000004e+00  3.32900000e-08  3.29778396e+00  3.32900000e-08  3.29825777e+00  3.32900000e-08  0.00000000e+00  3.32900000e-08  0.00000000e+00 
 3.33100000e-08  3.30000003e+00  3.33100000e-08  3.30000004e+00  3.33100000e-08  3.29780670e+00  3.33100000e-08  3.29827587e+00  3.33100000e-08  0.00000000e+00  3.33100000e-08  0.00000000e+00 
 3.33300000e-08  3.30000003e+00  3.33300000e-08  3.30000003e+00  3.33300000e-08  3.29782902e+00  3.33300000e-08  3.29829363e+00  3.33300000e-08  0.00000000e+00  3.33300000e-08  0.00000000e+00 
 3.33500000e-08  3.30000003e+00  3.33500000e-08  3.30000003e+00  3.33500000e-08  3.29785094e+00  3.33500000e-08  3.29831106e+00  3.33500000e-08  0.00000000e+00  3.33500000e-08  0.00000000e+00 
 3.33700000e-08  3.30000003e+00  3.33700000e-08  3.30000003e+00  3.33700000e-08  3.29787245e+00  3.33700000e-08  3.29832818e+00  3.33700000e-08  0.00000000e+00  3.33700000e-08  0.00000000e+00 
 3.33900000e-08  3.30000003e+00  3.33900000e-08  3.30000003e+00  3.33900000e-08  3.29789358e+00  3.33900000e-08  3.29834498e+00  3.33900000e-08  0.00000000e+00  3.33900000e-08  0.00000000e+00 
 3.34100000e-08  3.30000003e+00  3.34100000e-08  3.30000003e+00  3.34100000e-08  3.29791432e+00  3.34100000e-08  3.29836149e+00  3.34100000e-08  0.00000000e+00  3.34100000e-08  0.00000000e+00 
 3.34300000e-08  3.30000003e+00  3.34300000e-08  3.30000003e+00  3.34300000e-08  3.29793470e+00  3.34300000e-08  3.29837769e+00  3.34300000e-08  0.00000000e+00  3.34300000e-08  0.00000000e+00 
 3.34500000e-08  3.30000003e+00  3.34500000e-08  3.30000003e+00  3.34500000e-08  3.29795471e+00  3.34500000e-08  3.29839361e+00  3.34500000e-08  0.00000000e+00  3.34500000e-08  0.00000000e+00 
 3.34700000e-08  3.30000003e+00  3.34700000e-08  3.30000003e+00  3.34700000e-08  3.29797438e+00  3.34700000e-08  3.29840924e+00  3.34700000e-08  0.00000000e+00  3.34700000e-08  0.00000000e+00 
 3.34900000e-08  3.30000003e+00  3.34900000e-08  3.30000003e+00  3.34900000e-08  3.29799370e+00  3.34900000e-08  3.29842460e+00  3.34900000e-08  0.00000000e+00  3.34900000e-08  0.00000000e+00 
 3.35100000e-08  3.30000003e+00  3.35100000e-08  3.30000003e+00  3.35100000e-08  3.29801269e+00  3.35100000e-08  3.29843970e+00  3.35100000e-08  0.00000000e+00  3.35100000e-08  0.00000000e+00 
 3.35300000e-08  3.30000003e+00  3.35300000e-08  3.30000003e+00  3.35300000e-08  3.29803135e+00  3.35300000e-08  3.29845453e+00  3.35300000e-08  0.00000000e+00  3.35300000e-08  0.00000000e+00 
 3.35500000e-08  3.30000003e+00  3.35500000e-08  3.30000003e+00  3.35500000e-08  3.29804970e+00  3.35500000e-08  3.29846911e+00  3.35500000e-08  0.00000000e+00  3.35500000e-08  0.00000000e+00 
 3.35700000e-08  3.30000003e+00  3.35700000e-08  3.30000003e+00  3.35700000e-08  3.29806773e+00  3.35700000e-08  3.29848344e+00  3.35700000e-08  0.00000000e+00  3.35700000e-08  0.00000000e+00 
 3.35900000e-08  3.30000002e+00  3.35900000e-08  3.30000003e+00  3.35900000e-08  3.29808546e+00  3.35900000e-08  3.29849753e+00  3.35900000e-08  0.00000000e+00  3.35900000e-08  0.00000000e+00 
 3.36100000e-08  3.30000002e+00  3.36100000e-08  3.30000002e+00  3.36100000e-08  3.29810290e+00  3.36100000e-08  3.29851139e+00  3.36100000e-08  0.00000000e+00  3.36100000e-08  0.00000000e+00 
 3.36300000e-08  3.30000002e+00  3.36300000e-08  3.30000002e+00  3.36300000e-08  3.29812005e+00  3.36300000e-08  3.29852501e+00  3.36300000e-08  0.00000000e+00  3.36300000e-08  0.00000000e+00 
 3.36500000e-08  3.30000002e+00  3.36500000e-08  3.30000002e+00  3.36500000e-08  3.29813691e+00  3.36500000e-08  3.29853841e+00  3.36500000e-08  0.00000000e+00  3.36500000e-08  0.00000000e+00 
 3.36700000e-08  3.30000002e+00  3.36700000e-08  3.30000002e+00  3.36700000e-08  3.29815351e+00  3.36700000e-08  3.29855158e+00  3.36700000e-08  0.00000000e+00  3.36700000e-08  0.00000000e+00 
 3.36900000e-08  3.30000002e+00  3.36900000e-08  3.30000002e+00  3.36900000e-08  3.29816982e+00  3.36900000e-08  3.29856455e+00  3.36900000e-08  0.00000000e+00  3.36900000e-08  0.00000000e+00 
 3.37100000e-08  3.30000002e+00  3.37100000e-08  3.30000002e+00  3.37100000e-08  3.29818589e+00  3.37100000e-08  3.29857730e+00  3.37100000e-08  0.00000000e+00  3.37100000e-08  0.00000000e+00 
 3.37300000e-08  3.30000002e+00  3.37300000e-08  3.30000002e+00  3.37300000e-08  3.29820169e+00  3.37300000e-08  3.29858985e+00  3.37300000e-08  0.00000000e+00  3.37300000e-08  0.00000000e+00 
 3.37500000e-08  3.30000002e+00  3.37500000e-08  3.30000002e+00  3.37500000e-08  3.29821724e+00  3.37500000e-08  3.29860219e+00  3.37500000e-08  0.00000000e+00  3.37500000e-08  0.00000000e+00 
 3.37700000e-08  3.30000002e+00  3.37700000e-08  3.30000002e+00  3.37700000e-08  3.29823255e+00  3.37700000e-08  3.29861435e+00  3.37700000e-08  0.00000000e+00  3.37700000e-08  0.00000000e+00 
 3.37900000e-08  3.30000002e+00  3.37900000e-08  3.30000002e+00  3.37900000e-08  3.29824762e+00  3.37900000e-08  3.29862631e+00  3.37900000e-08  0.00000000e+00  3.37900000e-08  0.00000000e+00 
 3.38100000e-08  3.30000002e+00  3.38100000e-08  3.30000002e+00  3.38100000e-08  3.29826245e+00  3.38100000e-08  3.29863808e+00  3.38100000e-08  0.00000000e+00  3.38100000e-08  0.00000000e+00 
 3.38300000e-08  3.30000002e+00  3.38300000e-08  3.30000002e+00  3.38300000e-08  3.29827706e+00  3.38300000e-08  3.29864967e+00  3.38300000e-08  0.00000000e+00  3.38300000e-08  0.00000000e+00 
 3.38500000e-08  3.30000002e+00  3.38500000e-08  3.30000002e+00  3.38500000e-08  3.29829143e+00  3.38500000e-08  3.29866108e+00  3.38500000e-08  0.00000000e+00  3.38500000e-08  0.00000000e+00 
 3.38700000e-08  3.30000002e+00  3.38700000e-08  3.30000002e+00  3.38700000e-08  3.29830560e+00  3.38700000e-08  3.29867232e+00  3.38700000e-08  0.00000000e+00  3.38700000e-08  0.00000000e+00 
 3.38900000e-08  3.30000002e+00  3.38900000e-08  3.30000002e+00  3.38900000e-08  3.29831954e+00  3.38900000e-08  3.29868339e+00  3.38900000e-08  0.00000000e+00  3.38900000e-08  0.00000000e+00 
 3.39100000e-08  3.30000002e+00  3.39100000e-08  3.30000002e+00  3.39100000e-08  3.29833328e+00  3.39100000e-08  3.29869428e+00  3.39100000e-08  0.00000000e+00  3.39100000e-08  0.00000000e+00 
 3.39300000e-08  3.30000002e+00  3.39300000e-08  3.30000002e+00  3.39300000e-08  3.29834681e+00  3.39300000e-08  3.29870502e+00  3.39300000e-08  0.00000000e+00  3.39300000e-08  0.00000000e+00 
 3.39500000e-08  3.30000002e+00  3.39500000e-08  3.30000002e+00  3.39500000e-08  3.29836015e+00  3.39500000e-08  3.29871559e+00  3.39500000e-08  0.00000000e+00  3.39500000e-08  0.00000000e+00 
 3.39700000e-08  3.30000002e+00  3.39700000e-08  3.30000002e+00  3.39700000e-08  3.29837328e+00  3.39700000e-08  3.29872601e+00  3.39700000e-08  0.00000000e+00  3.39700000e-08  0.00000000e+00 
 3.39900000e-08  3.30000002e+00  3.39900000e-08  3.30000002e+00  3.39900000e-08  3.29838622e+00  3.39900000e-08  3.29873627e+00  3.39900000e-08  0.00000000e+00  3.39900000e-08  0.00000000e+00 
 3.40100000e-08  3.30000002e+00  3.40100000e-08  3.30000002e+00  3.40100000e-08  3.29839898e+00  3.40100000e-08  3.29874638e+00  3.40100000e-08  0.00000000e+00  3.40100000e-08  0.00000000e+00 
 3.40300000e-08  3.30000002e+00  3.40300000e-08  3.30000002e+00  3.40300000e-08  3.29841155e+00  3.40300000e-08  3.29875634e+00  3.40300000e-08  0.00000000e+00  3.40300000e-08  0.00000000e+00 
 3.40500000e-08  3.30000002e+00  3.40500000e-08  3.30000002e+00  3.40500000e-08  3.29842393e+00  3.40500000e-08  3.29876617e+00  3.40500000e-08  0.00000000e+00  3.40500000e-08  0.00000000e+00 
 3.40700000e-08  3.30000001e+00  3.40700000e-08  3.30000002e+00  3.40700000e-08  3.29843615e+00  3.40700000e-08  3.29877584e+00  3.40700000e-08  0.00000000e+00  3.40700000e-08  0.00000000e+00 
 3.40900000e-08  3.30000001e+00  3.40900000e-08  3.30000002e+00  3.40900000e-08  3.29844818e+00  3.40900000e-08  3.29878539e+00  3.40900000e-08  0.00000000e+00  3.40900000e-08  0.00000000e+00 
 3.41100000e-08  3.30000001e+00  3.41100000e-08  3.30000001e+00  3.41100000e-08  3.29846006e+00  3.41100000e-08  3.29879479e+00  3.41100000e-08  0.00000000e+00  3.41100000e-08  0.00000000e+00 
 3.41300000e-08  3.30000001e+00  3.41300000e-08  3.30000001e+00  3.41300000e-08  3.29847176e+00  3.41300000e-08  3.29880407e+00  3.41300000e-08  0.00000000e+00  3.41300000e-08  0.00000000e+00 
 3.41500000e-08  3.30000001e+00  3.41500000e-08  3.30000001e+00  3.41500000e-08  3.29848330e+00  3.41500000e-08  3.29881321e+00  3.41500000e-08  0.00000000e+00  3.41500000e-08  0.00000000e+00 
 3.41700000e-08  3.30000001e+00  3.41700000e-08  3.30000001e+00  3.41700000e-08  3.29849468e+00  3.41700000e-08  3.29882222e+00  3.41700000e-08  0.00000000e+00  3.41700000e-08  0.00000000e+00 
 3.41900000e-08  3.30000001e+00  3.41900000e-08  3.30000001e+00  3.41900000e-08  3.29850590e+00  3.41900000e-08  3.29883111e+00  3.41900000e-08  0.00000000e+00  3.41900000e-08  0.00000000e+00 
 3.42100000e-08  3.30000001e+00  3.42100000e-08  3.30000001e+00  3.42100000e-08  3.29851697e+00  3.42100000e-08  3.29883988e+00  3.42100000e-08  0.00000000e+00  3.42100000e-08  0.00000000e+00 
 3.42300000e-08  3.30000001e+00  3.42300000e-08  3.30000001e+00  3.42300000e-08  3.29852789e+00  3.42300000e-08  3.29884853e+00  3.42300000e-08  0.00000000e+00  3.42300000e-08  0.00000000e+00 
 3.42500000e-08  3.30000001e+00  3.42500000e-08  3.30000001e+00  3.42500000e-08  3.29853866e+00  3.42500000e-08  3.29885706e+00  3.42500000e-08  0.00000000e+00  3.42500000e-08  0.00000000e+00 
 3.42700000e-08  3.30000001e+00  3.42700000e-08  3.30000001e+00  3.42700000e-08  3.29854929e+00  3.42700000e-08  3.29886547e+00  3.42700000e-08  0.00000000e+00  3.42700000e-08  0.00000000e+00 
 3.42900000e-08  3.30000001e+00  3.42900000e-08  3.30000001e+00  3.42900000e-08  3.29855977e+00  3.42900000e-08  3.29887377e+00  3.42900000e-08  0.00000000e+00  3.42900000e-08  0.00000000e+00 
 3.43100000e-08  3.30000001e+00  3.43100000e-08  3.30000001e+00  3.43100000e-08  3.29857012e+00  3.43100000e-08  3.29888196e+00  3.43100000e-08  0.00000000e+00  3.43100000e-08  0.00000000e+00 
 3.43300000e-08  3.30000001e+00  3.43300000e-08  3.30000001e+00  3.43300000e-08  3.29858032e+00  3.43300000e-08  3.29889005e+00  3.43300000e-08  0.00000000e+00  3.43300000e-08  0.00000000e+00 
 3.43500000e-08  3.30000001e+00  3.43500000e-08  3.30000001e+00  3.43500000e-08  3.29859040e+00  3.43500000e-08  3.29889802e+00  3.43500000e-08  0.00000000e+00  3.43500000e-08  0.00000000e+00 
 3.43700000e-08  3.30000001e+00  3.43700000e-08  3.30000001e+00  3.43700000e-08  3.29860034e+00  3.43700000e-08  3.29890589e+00  3.43700000e-08  0.00000000e+00  3.43700000e-08  0.00000000e+00 
 3.43900000e-08  3.30000001e+00  3.43900000e-08  3.30000001e+00  3.43900000e-08  3.29861016e+00  3.43900000e-08  3.29891365e+00  3.43900000e-08  0.00000000e+00  3.43900000e-08  0.00000000e+00 
 3.44100000e-08  3.30000001e+00  3.44100000e-08  3.30000001e+00  3.44100000e-08  3.29861984e+00  3.44100000e-08  3.29892132e+00  3.44100000e-08  0.00000000e+00  3.44100000e-08  0.00000000e+00 
 3.44300000e-08  3.30000001e+00  3.44300000e-08  3.30000001e+00  3.44300000e-08  3.29862941e+00  3.44300000e-08  3.29892888e+00  3.44300000e-08  0.00000000e+00  3.44300000e-08  0.00000000e+00 
 3.44500000e-08  3.30000001e+00  3.44500000e-08  3.30000001e+00  3.44500000e-08  3.29863885e+00  3.44500000e-08  3.29893636e+00  3.44500000e-08  0.00000000e+00  3.44500000e-08  0.00000000e+00 
 3.44700000e-08  3.30000001e+00  3.44700000e-08  3.30000001e+00  3.44700000e-08  3.29864817e+00  3.44700000e-08  3.29894373e+00  3.44700000e-08  0.00000000e+00  3.44700000e-08  0.00000000e+00 
 3.44900000e-08  3.30000001e+00  3.44900000e-08  3.30000001e+00  3.44900000e-08  3.29865737e+00  3.44900000e-08  3.29895101e+00  3.44900000e-08  0.00000000e+00  3.44900000e-08  0.00000000e+00 
 3.45100000e-08  3.30000001e+00  3.45100000e-08  3.30000001e+00  3.45100000e-08  3.29866647e+00  3.45100000e-08  3.29895819e+00  3.45100000e-08  0.00000000e+00  3.45100000e-08  0.00000000e+00 
 3.45300000e-08  3.30000001e+00  3.45300000e-08  3.30000001e+00  3.45300000e-08  3.29867544e+00  3.45300000e-08  3.29896529e+00  3.45300000e-08  0.00000000e+00  3.45300000e-08  0.00000000e+00 
 3.45500000e-08  3.30000001e+00  3.45500000e-08  3.30000001e+00  3.45500000e-08  3.29868430e+00  3.45500000e-08  3.29897230e+00  3.45500000e-08  0.00000000e+00  3.45500000e-08  0.00000000e+00 
 3.45700000e-08  3.30000001e+00  3.45700000e-08  3.30000001e+00  3.45700000e-08  3.29869306e+00  3.45700000e-08  3.29897922e+00  3.45700000e-08  0.00000000e+00  3.45700000e-08  0.00000000e+00 
 3.45900000e-08  3.30000001e+00  3.45900000e-08  3.30000001e+00  3.45900000e-08  3.29870171e+00  3.45900000e-08  3.29898606e+00  3.45900000e-08  0.00000000e+00  3.45900000e-08  0.00000000e+00 
 3.46100000e-08  3.30000001e+00  3.46100000e-08  3.30000001e+00  3.46100000e-08  3.29871024e+00  3.46100000e-08  3.29899281e+00  3.46100000e-08  0.00000000e+00  3.46100000e-08  0.00000000e+00 
 3.46300000e-08  3.30000001e+00  3.46300000e-08  3.30000001e+00  3.46300000e-08  3.29871868e+00  3.46300000e-08  3.29899948e+00  3.46300000e-08  0.00000000e+00  3.46300000e-08  0.00000000e+00 
 3.46500000e-08  3.30000001e+00  3.46500000e-08  3.30000001e+00  3.46500000e-08  3.29872702e+00  3.46500000e-08  3.29900607e+00  3.46500000e-08  0.00000000e+00  3.46500000e-08  0.00000000e+00 
 3.46700000e-08  3.30000001e+00  3.46700000e-08  3.30000001e+00  3.46700000e-08  3.29873526e+00  3.46700000e-08  3.29901257e+00  3.46700000e-08  0.00000000e+00  3.46700000e-08  0.00000000e+00 
 3.46900000e-08  3.30000001e+00  3.46900000e-08  3.30000001e+00  3.46900000e-08  3.29874339e+00  3.46900000e-08  3.29901901e+00  3.46900000e-08  0.00000000e+00  3.46900000e-08  0.00000000e+00 
 3.47100000e-08  3.30000001e+00  3.47100000e-08  3.30000001e+00  3.47100000e-08  3.29875143e+00  3.47100000e-08  3.29902536e+00  3.47100000e-08  0.00000000e+00  3.47100000e-08  0.00000000e+00 
 3.47300000e-08  3.30000001e+00  3.47300000e-08  3.30000001e+00  3.47300000e-08  3.29875938e+00  3.47300000e-08  3.29903164e+00  3.47300000e-08  0.00000000e+00  3.47300000e-08  0.00000000e+00 
 3.47500000e-08  3.30000001e+00  3.47500000e-08  3.30000001e+00  3.47500000e-08  3.29876723e+00  3.47500000e-08  3.29903784e+00  3.47500000e-08  0.00000000e+00  3.47500000e-08  0.00000000e+00 
 3.47700000e-08  3.30000001e+00  3.47700000e-08  3.30000001e+00  3.47700000e-08  3.29877499e+00  3.47700000e-08  3.29904397e+00  3.47700000e-08  0.00000000e+00  3.47700000e-08  0.00000000e+00 
 3.47900000e-08  3.30000001e+00  3.47900000e-08  3.30000001e+00  3.47900000e-08  3.29878266e+00  3.47900000e-08  3.29905003e+00  3.47900000e-08  0.00000000e+00  3.47900000e-08  0.00000000e+00 
 3.48100000e-08  3.30000001e+00  3.48100000e-08  3.30000001e+00  3.48100000e-08  3.29879024e+00  3.48100000e-08  3.29905602e+00  3.48100000e-08  0.00000000e+00  3.48100000e-08  0.00000000e+00 
 3.48300000e-08  3.30000001e+00  3.48300000e-08  3.30000001e+00  3.48300000e-08  3.29879774e+00  3.48300000e-08  3.29906193e+00  3.48300000e-08  0.00000000e+00  3.48300000e-08  0.00000000e+00 
 3.48500000e-08  3.30000001e+00  3.48500000e-08  3.30000001e+00  3.48500000e-08  3.29880514e+00  3.48500000e-08  3.29906778e+00  3.48500000e-08  0.00000000e+00  3.48500000e-08  0.00000000e+00 
 3.48700000e-08  3.30000001e+00  3.48700000e-08  3.30000001e+00  3.48700000e-08  3.29881247e+00  3.48700000e-08  3.29907356e+00  3.48700000e-08  0.00000000e+00  3.48700000e-08  0.00000000e+00 
 3.48900000e-08  3.30000001e+00  3.48900000e-08  3.30000001e+00  3.48900000e-08  3.29881970e+00  3.48900000e-08  3.29907928e+00  3.48900000e-08  0.00000000e+00  3.48900000e-08  0.00000000e+00 
 3.49100000e-08  3.30000001e+00  3.49100000e-08  3.30000001e+00  3.49100000e-08  3.29882687e+00  3.49100000e-08  3.29908493e+00  3.49100000e-08  0.00000000e+00  3.49100000e-08  0.00000000e+00 
 3.49300000e-08  3.30000001e+00  3.49300000e-08  3.30000001e+00  3.49300000e-08  3.29883394e+00  3.49300000e-08  3.29909052e+00  3.49300000e-08  0.00000000e+00  3.49300000e-08  0.00000000e+00 
 3.49500000e-08  3.30000001e+00  3.49500000e-08  3.30000001e+00  3.49500000e-08  3.29884094e+00  3.49500000e-08  3.29909604e+00  3.49500000e-08  0.00000000e+00  3.49500000e-08  0.00000000e+00 
 3.49700000e-08  3.30000001e+00  3.49700000e-08  3.30000001e+00  3.49700000e-08  3.29884786e+00  3.49700000e-08  3.29910151e+00  3.49700000e-08  0.00000000e+00  3.49700000e-08  0.00000000e+00 
 3.49900000e-08  3.30000001e+00  3.49900000e-08  3.30000001e+00  3.49900000e-08  3.29885471e+00  3.49900000e-08  3.29910690e+00  3.49900000e-08  0.00000000e+00  3.49900000e-08  0.00000000e+00 
 3.50100000e-08  3.30000001e+00  3.50100000e-08  3.30000001e+00  3.50100000e-08  3.29886148e+00  3.50100000e-08  3.29911225e+00  3.50100000e-08  0.00000000e+00  3.50100000e-08  0.00000000e+00 
 3.50300000e-08  3.30000001e+00  3.50300000e-08  3.30000001e+00  3.50300000e-08  3.29886817e+00  3.50300000e-08  3.29911753e+00  3.50300000e-08  0.00000000e+00  3.50300000e-08  0.00000000e+00 
 3.50500000e-08  3.30000001e+00  3.50500000e-08  3.30000001e+00  3.50500000e-08  3.29887479e+00  3.50500000e-08  3.29912276e+00  3.50500000e-08  0.00000000e+00  3.50500000e-08  0.00000000e+00 
 3.50700000e-08  3.30000001e+00  3.50700000e-08  3.30000001e+00  3.50700000e-08  3.29888135e+00  3.50700000e-08  3.29912792e+00  3.50700000e-08  0.00000000e+00  3.50700000e-08  0.00000000e+00 
 3.50900000e-08  3.30000001e+00  3.50900000e-08  3.30000001e+00  3.50900000e-08  3.29888782e+00  3.50900000e-08  3.29913303e+00  3.50900000e-08  0.00000000e+00  3.50900000e-08  0.00000000e+00 
 3.51100000e-08  3.30000001e+00  3.51100000e-08  3.30000001e+00  3.51100000e-08  3.29889424e+00  3.51100000e-08  3.29913809e+00  3.51100000e-08  0.00000000e+00  3.51100000e-08  0.00000000e+00 
 3.51300000e-08  3.30000001e+00  3.51300000e-08  3.30000001e+00  3.51300000e-08  3.29890057e+00  3.51300000e-08  3.29914309e+00  3.51300000e-08  0.00000000e+00  3.51300000e-08  0.00000000e+00 
 3.51500000e-08  3.30000001e+00  3.51500000e-08  3.30000001e+00  3.51500000e-08  3.29890685e+00  3.51500000e-08  3.29914804e+00  3.51500000e-08  0.00000000e+00  3.51500000e-08  0.00000000e+00 
 3.51700000e-08  3.30000001e+00  3.51700000e-08  3.30000001e+00  3.51700000e-08  3.29891306e+00  3.51700000e-08  3.29915293e+00  3.51700000e-08  0.00000000e+00  3.51700000e-08  0.00000000e+00 
 3.51900000e-08  3.30000001e+00  3.51900000e-08  3.30000001e+00  3.51900000e-08  3.29891920e+00  3.51900000e-08  3.29915777e+00  3.51900000e-08  0.00000000e+00  3.51900000e-08  0.00000000e+00 
 3.52100000e-08  3.30000001e+00  3.52100000e-08  3.30000001e+00  3.52100000e-08  3.29892528e+00  3.52100000e-08  3.29916257e+00  3.52100000e-08  0.00000000e+00  3.52100000e-08  0.00000000e+00 
 3.52300000e-08  3.30000000e+00  3.52300000e-08  3.30000001e+00  3.52300000e-08  3.29893129e+00  3.52300000e-08  3.29916731e+00  3.52300000e-08  0.00000000e+00  3.52300000e-08  0.00000000e+00 
 3.52500000e-08  3.30000001e+00  3.52500000e-08  3.30000001e+00  3.52500000e-08  3.29893724e+00  3.52500000e-08  3.29917200e+00  3.52500000e-08  0.00000000e+00  3.52500000e-08  0.00000000e+00 
 3.52700000e-08  3.30000000e+00  3.52700000e-08  3.30000001e+00  3.52700000e-08  3.29894314e+00  3.52700000e-08  3.29917664e+00  3.52700000e-08  0.00000000e+00  3.52700000e-08  0.00000000e+00 
 3.52900000e-08  3.30000000e+00  3.52900000e-08  3.30000000e+00  3.52900000e-08  3.29894896e+00  3.52900000e-08  3.29918124e+00  3.52900000e-08  0.00000000e+00  3.52900000e-08  0.00000000e+00 
 3.53100000e-08  3.30000000e+00  3.53100000e-08  3.30000000e+00  3.53100000e-08  3.29895473e+00  3.53100000e-08  3.29918578e+00  3.53100000e-08  0.00000000e+00  3.53100000e-08  0.00000000e+00 
 3.53300000e-08  3.30000000e+00  3.53300000e-08  3.30000000e+00  3.53300000e-08  3.29896044e+00  3.53300000e-08  3.29919028e+00  3.53300000e-08  0.00000000e+00  3.53300000e-08  0.00000000e+00 
 3.53500000e-08  3.30000000e+00  3.53500000e-08  3.30000000e+00  3.53500000e-08  3.29896610e+00  3.53500000e-08  3.29919474e+00  3.53500000e-08  0.00000000e+00  3.53500000e-08  0.00000000e+00 
 3.53700000e-08  3.30000000e+00  3.53700000e-08  3.30000000e+00  3.53700000e-08  3.29897169e+00  3.53700000e-08  3.29919915e+00  3.53700000e-08  0.00000000e+00  3.53700000e-08  0.00000000e+00 
 3.53900000e-08  3.30000000e+00  3.53900000e-08  3.30000000e+00  3.53900000e-08  3.29897723e+00  3.53900000e-08  3.29920351e+00  3.53900000e-08  0.00000000e+00  3.53900000e-08  0.00000000e+00 
 3.54100000e-08  3.30000000e+00  3.54100000e-08  3.30000000e+00  3.54100000e-08  3.29898271e+00  3.54100000e-08  3.29920783e+00  3.54100000e-08  0.00000000e+00  3.54100000e-08  0.00000000e+00 
 3.54300000e-08  3.30000000e+00  3.54300000e-08  3.30000000e+00  3.54300000e-08  3.29898815e+00  3.54300000e-08  3.29921210e+00  3.54300000e-08  0.00000000e+00  3.54300000e-08  0.00000000e+00 
 3.54500000e-08  3.30000000e+00  3.54500000e-08  3.30000000e+00  3.54500000e-08  3.29899352e+00  3.54500000e-08  3.29921634e+00  3.54500000e-08  0.00000000e+00  3.54500000e-08  0.00000000e+00 
 3.54700000e-08  3.30000000e+00  3.54700000e-08  3.30000000e+00  3.54700000e-08  3.29899884e+00  3.54700000e-08  3.29922053e+00  3.54700000e-08  0.00000000e+00  3.54700000e-08  0.00000000e+00 
 3.54900000e-08  3.30000000e+00  3.54900000e-08  3.30000000e+00  3.54900000e-08  3.29900411e+00  3.54900000e-08  3.29922468e+00  3.54900000e-08  0.00000000e+00  3.54900000e-08  0.00000000e+00 
 3.55100000e-08  3.30000000e+00  3.55100000e-08  3.30000000e+00  3.55100000e-08  3.29900933e+00  3.55100000e-08  3.29922879e+00  3.55100000e-08  0.00000000e+00  3.55100000e-08  0.00000000e+00 
 3.55300000e-08  3.30000000e+00  3.55300000e-08  3.30000000e+00  3.55300000e-08  3.29901449e+00  3.55300000e-08  3.29923286e+00  3.55300000e-08  0.00000000e+00  3.55300000e-08  0.00000000e+00 
 3.55500000e-08  3.30000000e+00  3.55500000e-08  3.30000000e+00  3.55500000e-08  3.29901962e+00  3.55500000e-08  3.29923689e+00  3.55500000e-08  0.00000000e+00  3.55500000e-08  0.00000000e+00 
 3.55700000e-08  3.30000000e+00  3.55700000e-08  3.30000000e+00  3.55700000e-08  3.29902468e+00  3.55700000e-08  3.29924088e+00  3.55700000e-08  0.00000000e+00  3.55700000e-08  0.00000000e+00 
 3.55900000e-08  3.30000000e+00  3.55900000e-08  3.30000000e+00  3.55900000e-08  3.29902970e+00  3.55900000e-08  3.29924483e+00  3.55900000e-08  0.00000000e+00  3.55900000e-08  0.00000000e+00 
 3.56100000e-08  3.30000000e+00  3.56100000e-08  3.30000000e+00  3.56100000e-08  3.29903467e+00  3.56100000e-08  3.29924874e+00  3.56100000e-08  0.00000000e+00  3.56100000e-08  0.00000000e+00 
 3.56300000e-08  3.30000000e+00  3.56300000e-08  3.30000000e+00  3.56300000e-08  3.29903960e+00  3.56300000e-08  3.29925261e+00  3.56300000e-08  0.00000000e+00  3.56300000e-08  0.00000000e+00 
 3.56500000e-08  3.30000000e+00  3.56500000e-08  3.30000000e+00  3.56500000e-08  3.29904447e+00  3.56500000e-08  3.29925645e+00  3.56500000e-08  0.00000000e+00  3.56500000e-08  0.00000000e+00 
 3.56700000e-08  3.30000000e+00  3.56700000e-08  3.30000000e+00  3.56700000e-08  3.29904930e+00  3.56700000e-08  3.29926025e+00  3.56700000e-08  0.00000000e+00  3.56700000e-08  0.00000000e+00 
 3.56900000e-08  3.30000000e+00  3.56900000e-08  3.30000000e+00  3.56900000e-08  3.29905408e+00  3.56900000e-08  3.29926402e+00  3.56900000e-08  0.00000000e+00  3.56900000e-08  0.00000000e+00 
 3.57100000e-08  3.30000000e+00  3.57100000e-08  3.30000000e+00  3.57100000e-08  3.29905883e+00  3.57100000e-08  3.29926775e+00  3.57100000e-08  0.00000000e+00  3.57100000e-08  0.00000000e+00 
 3.57300000e-08  3.30000000e+00  3.57300000e-08  3.30000000e+00  3.57300000e-08  3.29906352e+00  3.57300000e-08  3.29927144e+00  3.57300000e-08  0.00000000e+00  3.57300000e-08  0.00000000e+00 
 3.57500000e-08  3.30000000e+00  3.57500000e-08  3.30000000e+00  3.57500000e-08  3.29906817e+00  3.57500000e-08  3.29927510e+00  3.57500000e-08  0.00000000e+00  3.57500000e-08  0.00000000e+00 
 3.57700000e-08  3.30000000e+00  3.57700000e-08  3.30000000e+00  3.57700000e-08  3.29907278e+00  3.57700000e-08  3.29927873e+00  3.57700000e-08  0.00000000e+00  3.57700000e-08  0.00000000e+00 
 3.57900000e-08  3.30000000e+00  3.57900000e-08  3.30000000e+00  3.57900000e-08  3.29907735e+00  3.57900000e-08  3.29928232e+00  3.57900000e-08  0.00000000e+00  3.57900000e-08  0.00000000e+00 
 3.58100000e-08  3.30000000e+00  3.58100000e-08  3.30000000e+00  3.58100000e-08  3.29908187e+00  3.58100000e-08  3.29928588e+00  3.58100000e-08  0.00000000e+00  3.58100000e-08  0.00000000e+00 
 3.58300000e-08  3.30000000e+00  3.58300000e-08  3.30000000e+00  3.58300000e-08  3.29908636e+00  3.58300000e-08  3.29928940e+00  3.58300000e-08  0.00000000e+00  3.58300000e-08  0.00000000e+00 
 3.58500000e-08  3.30000000e+00  3.58500000e-08  3.30000000e+00  3.58500000e-08  3.29909079e+00  3.58500000e-08  3.29929290e+00  3.58500000e-08  0.00000000e+00  3.58500000e-08  0.00000000e+00 
 3.58700000e-08  3.30000000e+00  3.58700000e-08  3.30000000e+00  3.58700000e-08  3.29909520e+00  3.58700000e-08  3.29929636e+00  3.58700000e-08  0.00000000e+00  3.58700000e-08  0.00000000e+00 
 3.58900000e-08  3.30000000e+00  3.58900000e-08  3.30000000e+00  3.58900000e-08  3.29909956e+00  3.58900000e-08  3.29929979e+00  3.58900000e-08  0.00000000e+00  3.58900000e-08  0.00000000e+00 
 3.59100000e-08  3.30000000e+00  3.59100000e-08  3.30000000e+00  3.59100000e-08  3.29910388e+00  3.59100000e-08  3.29930318e+00  3.59100000e-08  0.00000000e+00  3.59100000e-08  0.00000000e+00 
 3.59300000e-08  3.30000000e+00  3.59300000e-08  3.30000000e+00  3.59300000e-08  3.29910816e+00  3.59300000e-08  3.29930655e+00  3.59300000e-08  0.00000000e+00  3.59300000e-08  0.00000000e+00 
 3.59500000e-08  3.30000000e+00  3.59500000e-08  3.30000000e+00  3.59500000e-08  3.29911241e+00  3.59500000e-08  3.29930989e+00  3.59500000e-08  0.00000000e+00  3.59500000e-08  0.00000000e+00 
 3.59700000e-08  3.30000000e+00  3.59700000e-08  3.30000000e+00  3.59700000e-08  3.29911662e+00  3.59700000e-08  3.29931320e+00  3.59700000e-08  0.00000000e+00  3.59700000e-08  0.00000000e+00 
 3.59900000e-08  3.30000000e+00  3.59900000e-08  3.30000000e+00  3.59900000e-08  3.29912079e+00  3.59900000e-08  3.29931647e+00  3.59900000e-08  0.00000000e+00  3.59900000e-08  0.00000000e+00 
 3.60100000e-08  3.30000000e+00  3.60100000e-08  3.30000000e+00  3.60100000e-08  3.29912492e+00  3.60100000e-08  3.29931973e+00  3.60100000e-08  0.00000000e+00  3.60100000e-08  0.00000000e+00 
 3.60300000e-08  3.30000000e+00  3.60300000e-08  3.30000000e+00  3.60300000e-08  3.29912902e+00  3.60300000e-08  3.29932294e+00  3.60300000e-08  0.00000000e+00  3.60300000e-08  0.00000000e+00 
 3.60500000e-08  3.30000000e+00  3.60500000e-08  3.30000000e+00  3.60500000e-08  3.29913308e+00  3.60500000e-08  3.29932614e+00  3.60500000e-08  0.00000000e+00  3.60500000e-08  0.00000000e+00 
 3.60700000e-08  3.30000000e+00  3.60700000e-08  3.30000000e+00  3.60700000e-08  3.29913711e+00  3.60700000e-08  3.29932930e+00  3.60700000e-08  0.00000000e+00  3.60700000e-08  0.00000000e+00 
 3.60900000e-08  3.30000000e+00  3.60900000e-08  3.30000000e+00  3.60900000e-08  3.29914110e+00  3.60900000e-08  3.29933244e+00  3.60900000e-08  0.00000000e+00  3.60900000e-08  0.00000000e+00 
 3.61100000e-08  3.30000000e+00  3.61100000e-08  3.30000000e+00  3.61100000e-08  3.29914506e+00  3.61100000e-08  3.29933554e+00  3.61100000e-08  0.00000000e+00  3.61100000e-08  0.00000000e+00 
 3.61300000e-08  3.30000000e+00  3.61300000e-08  3.30000000e+00  3.61300000e-08  3.29914898e+00  3.61300000e-08  3.29933863e+00  3.61300000e-08  0.00000000e+00  3.61300000e-08  0.00000000e+00 
 3.61500000e-08  3.30000000e+00  3.61500000e-08  3.30000000e+00  3.61500000e-08  3.29915287e+00  3.61500000e-08  3.29934168e+00  3.61500000e-08  0.00000000e+00  3.61500000e-08  0.00000000e+00 
 3.61700000e-08  3.30000000e+00  3.61700000e-08  3.30000000e+00  3.61700000e-08  3.29915672e+00  3.61700000e-08  3.29934471e+00  3.61700000e-08  0.00000000e+00  3.61700000e-08  0.00000000e+00 
 3.61900000e-08  3.30000000e+00  3.61900000e-08  3.30000000e+00  3.61900000e-08  3.29916055e+00  3.61900000e-08  3.29934771e+00  3.61900000e-08  0.00000000e+00  3.61900000e-08  0.00000000e+00 
 3.62100000e-08  3.30000000e+00  3.62100000e-08  3.30000000e+00  3.62100000e-08  3.29916433e+00  3.62100000e-08  3.29935069e+00  3.62100000e-08  0.00000000e+00  3.62100000e-08  0.00000000e+00 
 3.62300000e-08  3.30000000e+00  3.62300000e-08  3.30000000e+00  3.62300000e-08  3.29916810e+00  3.62300000e-08  3.29935364e+00  3.62300000e-08  0.00000000e+00  3.62300000e-08  0.00000000e+00 
 3.62500000e-08  3.30000000e+00  3.62500000e-08  3.30000000e+00  3.62500000e-08  3.29917182e+00  3.62500000e-08  3.29935657e+00  3.62500000e-08  0.00000000e+00  3.62500000e-08  0.00000000e+00 
 3.62700000e-08  3.30000000e+00  3.62700000e-08  3.30000000e+00  3.62700000e-08  3.29917552e+00  3.62700000e-08  3.29935947e+00  3.62700000e-08  0.00000000e+00  3.62700000e-08  0.00000000e+00 
 3.62900000e-08  3.30000000e+00  3.62900000e-08  3.30000000e+00  3.62900000e-08  3.29917918e+00  3.62900000e-08  3.29936235e+00  3.62900000e-08  0.00000000e+00  3.62900000e-08  0.00000000e+00 
 3.63100000e-08  3.30000000e+00  3.63100000e-08  3.30000000e+00  3.63100000e-08  3.29918282e+00  3.63100000e-08  3.29936520e+00  3.63100000e-08  0.00000000e+00  3.63100000e-08  0.00000000e+00 
 3.63300000e-08  3.30000000e+00  3.63300000e-08  3.30000000e+00  3.63300000e-08  3.29918642e+00  3.63300000e-08  3.29936803e+00  3.63300000e-08  0.00000000e+00  3.63300000e-08  0.00000000e+00 
 3.63500000e-08  3.30000000e+00  3.63500000e-08  3.30000000e+00  3.63500000e-08  3.29918999e+00  3.63500000e-08  3.29937084e+00  3.63500000e-08  0.00000000e+00  3.63500000e-08  0.00000000e+00 
 3.63700000e-08  3.30000000e+00  3.63700000e-08  3.30000000e+00  3.63700000e-08  3.29919353e+00  3.63700000e-08  3.29937362e+00  3.63700000e-08  0.00000000e+00  3.63700000e-08  0.00000000e+00 
 3.63900000e-08  3.30000000e+00  3.63900000e-08  3.30000000e+00  3.63900000e-08  3.29919705e+00  3.63900000e-08  3.29937638e+00  3.63900000e-08  0.00000000e+00  3.63900000e-08  0.00000000e+00 
 3.64100000e-08  3.30000000e+00  3.64100000e-08  3.30000000e+00  3.64100000e-08  3.29920054e+00  3.64100000e-08  3.29937912e+00  3.64100000e-08  0.00000000e+00  3.64100000e-08  0.00000000e+00 
 3.64300000e-08  3.30000000e+00  3.64300000e-08  3.30000000e+00  3.64300000e-08  3.29920400e+00  3.64300000e-08  3.29938183e+00  3.64300000e-08  0.00000000e+00  3.64300000e-08  0.00000000e+00 
 3.64500000e-08  3.30000000e+00  3.64500000e-08  3.30000000e+00  3.64500000e-08  3.29920743e+00  3.64500000e-08  3.29938452e+00  3.64500000e-08  0.00000000e+00  3.64500000e-08  0.00000000e+00 
 3.64700000e-08  3.30000000e+00  3.64700000e-08  3.30000000e+00  3.64700000e-08  3.29921083e+00  3.64700000e-08  3.29938719e+00  3.64700000e-08  0.00000000e+00  3.64700000e-08  0.00000000e+00 
 3.64900000e-08  3.30000000e+00  3.64900000e-08  3.30000000e+00  3.64900000e-08  3.29921420e+00  3.64900000e-08  3.29938984e+00  3.64900000e-08  0.00000000e+00  3.64900000e-08  0.00000000e+00 
 3.65100000e-08  3.30000000e+00  3.65100000e-08  3.30000000e+00  3.65100000e-08  3.29921756e+00  3.65100000e-08  3.29939247e+00  3.65100000e-08  0.00000000e+00  3.65100000e-08  0.00000000e+00 
 3.65300000e-08  3.30000000e+00  3.65300000e-08  3.30000000e+00  3.65300000e-08  3.29922087e+00  3.65300000e-08  3.29939508e+00  3.65300000e-08  0.00000000e+00  3.65300000e-08  0.00000000e+00 
 3.65500000e-08  3.30000000e+00  3.65500000e-08  3.30000000e+00  3.65500000e-08  3.29922417e+00  3.65500000e-08  3.29939766e+00  3.65500000e-08  0.00000000e+00  3.65500000e-08  0.00000000e+00 
 3.65700000e-08  3.30000000e+00  3.65700000e-08  3.30000000e+00  3.65700000e-08  3.29922744e+00  3.65700000e-08  3.29940023e+00  3.65700000e-08  0.00000000e+00  3.65700000e-08  0.00000000e+00 
 3.65900000e-08  3.30000000e+00  3.65900000e-08  3.30000000e+00  3.65900000e-08  3.29923069e+00  3.65900000e-08  3.29940277e+00  3.65900000e-08  0.00000000e+00  3.65900000e-08  0.00000000e+00 
 3.66100000e-08  3.30000000e+00  3.66100000e-08  3.30000000e+00  3.66100000e-08  3.29923390e+00  3.66100000e-08  3.29940529e+00  3.66100000e-08  0.00000000e+00  3.66100000e-08  0.00000000e+00 
 3.66300000e-08  3.30000000e+00  3.66300000e-08  3.30000000e+00  3.66300000e-08  3.29923710e+00  3.66300000e-08  3.29940780e+00  3.66300000e-08  0.00000000e+00  3.66300000e-08  0.00000000e+00 
 3.66500000e-08  3.30000000e+00  3.66500000e-08  3.30000000e+00  3.66500000e-08  3.29924026e+00  3.66500000e-08  3.29941028e+00  3.66500000e-08  0.00000000e+00  3.66500000e-08  0.00000000e+00 
 3.66700000e-08  3.30000000e+00  3.66700000e-08  3.30000000e+00  3.66700000e-08  3.29924341e+00  3.66700000e-08  3.29941274e+00  3.66700000e-08  0.00000000e+00  3.66700000e-08  0.00000000e+00 
 3.66900000e-08  3.30000000e+00  3.66900000e-08  3.30000000e+00  3.66900000e-08  3.29924652e+00  3.66900000e-08  3.29941519e+00  3.66900000e-08  0.00000000e+00  3.66900000e-08  0.00000000e+00 
 3.67100000e-08  3.30000000e+00  3.67100000e-08  3.30000000e+00  3.67100000e-08  3.29924962e+00  3.67100000e-08  3.29941762e+00  3.67100000e-08  0.00000000e+00  3.67100000e-08  0.00000000e+00 
 3.67300000e-08  3.30000000e+00  3.67300000e-08  3.30000000e+00  3.67300000e-08  3.29925269e+00  3.67300000e-08  3.29942003e+00  3.67300000e-08  0.00000000e+00  3.67300000e-08  0.00000000e+00 
 3.67500000e-08  3.30000000e+00  3.67500000e-08  3.30000000e+00  3.67500000e-08  3.29925574e+00  3.67500000e-08  3.29942241e+00  3.67500000e-08  0.00000000e+00  3.67500000e-08  0.00000000e+00 
 3.67700000e-08  3.30000000e+00  3.67700000e-08  3.30000000e+00  3.67700000e-08  3.29925876e+00  3.67700000e-08  3.29942479e+00  3.67700000e-08  0.00000000e+00  3.67700000e-08  0.00000000e+00 
 3.67900000e-08  3.30000000e+00  3.67900000e-08  3.30000000e+00  3.67900000e-08  3.29926176e+00  3.67900000e-08  3.29942713e+00  3.67900000e-08  0.00000000e+00  3.67900000e-08  0.00000000e+00 
 3.68100000e-08  3.30000000e+00  3.68100000e-08  3.30000000e+00  3.68100000e-08  3.29926473e+00  3.68100000e-08  3.29942947e+00  3.68100000e-08  0.00000000e+00  3.68100000e-08  0.00000000e+00 
 3.68300000e-08  3.30000000e+00  3.68300000e-08  3.30000000e+00  3.68300000e-08  3.29926769e+00  3.68300000e-08  3.29943179e+00  3.68300000e-08  0.00000000e+00  3.68300000e-08  0.00000000e+00 
 3.68500000e-08  3.30000000e+00  3.68500000e-08  3.30000000e+00  3.68500000e-08  3.29927062e+00  3.68500000e-08  3.29943409e+00  3.68500000e-08  0.00000000e+00  3.68500000e-08  0.00000000e+00 
 3.68700000e-08  3.30000000e+00  3.68700000e-08  3.30000000e+00  3.68700000e-08  3.29927354e+00  3.68700000e-08  3.29943637e+00  3.68700000e-08  0.00000000e+00  3.68700000e-08  0.00000000e+00 
 3.68900000e-08  3.30000000e+00  3.68900000e-08  3.30000000e+00  3.68900000e-08  3.29927642e+00  3.68900000e-08  3.29943863e+00  3.68900000e-08  0.00000000e+00  3.68900000e-08  0.00000000e+00 
 3.69100000e-08  3.30000000e+00  3.69100000e-08  3.30000000e+00  3.69100000e-08  3.29927929e+00  3.69100000e-08  3.29944088e+00  3.69100000e-08  0.00000000e+00  3.69100000e-08  0.00000000e+00 
 3.69300000e-08  3.30000000e+00  3.69300000e-08  3.30000000e+00  3.69300000e-08  3.29928213e+00  3.69300000e-08  3.29944311e+00  3.69300000e-08  0.00000000e+00  3.69300000e-08  0.00000000e+00 
 3.69500000e-08  3.30000000e+00  3.69500000e-08  3.30000000e+00  3.69500000e-08  3.29928496e+00  3.69500000e-08  3.29944532e+00  3.69500000e-08  0.00000000e+00  3.69500000e-08  0.00000000e+00 
 3.69700000e-08  3.30000000e+00  3.69700000e-08  3.30000000e+00  3.69700000e-08  3.29928776e+00  3.69700000e-08  3.29944752e+00  3.69700000e-08  0.00000000e+00  3.69700000e-08  0.00000000e+00 
 3.69900000e-08  3.30000000e+00  3.69900000e-08  3.30000000e+00  3.69900000e-08  3.29929055e+00  3.69900000e-08  3.29944970e+00  3.69900000e-08  0.00000000e+00  3.69900000e-08  0.00000000e+00 
 3.70100000e-08  3.30000000e+00  3.70100000e-08  3.30000000e+00  3.70100000e-08  3.29929331e+00  3.70100000e-08  3.29945186e+00  3.70100000e-08  0.00000000e+00  3.70100000e-08  0.00000000e+00 
 3.70300000e-08  3.30000000e+00  3.70300000e-08  3.30000000e+00  3.70300000e-08  3.29929605e+00  3.70300000e-08  3.29945401e+00  3.70300000e-08  0.00000000e+00  3.70300000e-08  0.00000000e+00 
 3.70500000e-08  3.30000000e+00  3.70500000e-08  3.30000000e+00  3.70500000e-08  3.29929877e+00  3.70500000e-08  3.29945615e+00  3.70500000e-08  0.00000000e+00  3.70500000e-08  0.00000000e+00 
 3.70700000e-08  3.30000000e+00  3.70700000e-08  3.30000000e+00  3.70700000e-08  3.29930148e+00  3.70700000e-08  3.29945826e+00  3.70700000e-08  0.00000000e+00  3.70700000e-08  0.00000000e+00 
 3.70900000e-08  3.30000000e+00  3.70900000e-08  3.30000000e+00  3.70900000e-08  3.29930416e+00  3.70900000e-08  3.29946036e+00  3.70900000e-08  0.00000000e+00  3.70900000e-08  0.00000000e+00 
 3.71100000e-08  3.30000000e+00  3.71100000e-08  3.30000000e+00  3.71100000e-08  3.29930683e+00  3.71100000e-08  3.29946245e+00  3.71100000e-08  0.00000000e+00  3.71100000e-08  0.00000000e+00 
 3.71300000e-08  3.30000000e+00  3.71300000e-08  3.30000000e+00  3.71300000e-08  3.29930947e+00  3.71300000e-08  3.29946452e+00  3.71300000e-08  0.00000000e+00  3.71300000e-08  0.00000000e+00 
 3.71500000e-08  3.30000000e+00  3.71500000e-08  3.30000000e+00  3.71500000e-08  3.29931210e+00  3.71500000e-08  3.29946658e+00  3.71500000e-08  0.00000000e+00  3.71500000e-08  0.00000000e+00 
 3.71700000e-08  3.30000000e+00  3.71700000e-08  3.30000000e+00  3.71700000e-08  3.29931470e+00  3.71700000e-08  3.29946862e+00  3.71700000e-08  0.00000000e+00  3.71700000e-08  0.00000000e+00 
 3.71900000e-08  3.30000000e+00  3.71900000e-08  3.30000000e+00  3.71900000e-08  3.29931729e+00  3.71900000e-08  3.29947064e+00  3.71900000e-08  0.00000000e+00  3.71900000e-08  0.00000000e+00 
 3.72100000e-08  3.30000000e+00  3.72100000e-08  3.30000000e+00  3.72100000e-08  3.29931986e+00  3.72100000e-08  3.29947266e+00  3.72100000e-08  0.00000000e+00  3.72100000e-08  0.00000000e+00 
 3.72300000e-08  3.30000000e+00  3.72300000e-08  3.30000000e+00  3.72300000e-08  3.29932241e+00  3.72300000e-08  3.29947465e+00  3.72300000e-08  0.00000000e+00  3.72300000e-08  0.00000000e+00 
 3.72500000e-08  3.30000000e+00  3.72500000e-08  3.30000000e+00  3.72500000e-08  3.29932494e+00  3.72500000e-08  3.29947664e+00  3.72500000e-08  0.00000000e+00  3.72500000e-08  0.00000000e+00 
 3.72700000e-08  3.30000000e+00  3.72700000e-08  3.30000000e+00  3.72700000e-08  3.29932746e+00  3.72700000e-08  3.29947861e+00  3.72700000e-08  0.00000000e+00  3.72700000e-08  0.00000000e+00 
 3.72900000e-08  3.30000000e+00  3.72900000e-08  3.30000000e+00  3.72900000e-08  3.29932996e+00  3.72900000e-08  3.29948056e+00  3.72900000e-08  0.00000000e+00  3.72900000e-08  0.00000000e+00 
 3.73100000e-08  3.30000000e+00  3.73100000e-08  3.30000000e+00  3.73100000e-08  3.29933244e+00  3.73100000e-08  3.29948250e+00  3.73100000e-08  0.00000000e+00  3.73100000e-08  0.00000000e+00 
 3.73300000e-08  3.30000000e+00  3.73300000e-08  3.30000000e+00  3.73300000e-08  3.29933490e+00  3.73300000e-08  3.29948443e+00  3.73300000e-08  0.00000000e+00  3.73300000e-08  0.00000000e+00 
 3.73500000e-08  3.30000000e+00  3.73500000e-08  3.30000000e+00  3.73500000e-08  3.29933735e+00  3.73500000e-08  3.29948635e+00  3.73500000e-08  0.00000000e+00  3.73500000e-08  0.00000000e+00 
 3.73700000e-08  3.30000000e+00  3.73700000e-08  3.30000000e+00  3.73700000e-08  3.29933977e+00  3.73700000e-08  3.29948825e+00  3.73700000e-08  0.00000000e+00  3.73700000e-08  0.00000000e+00 
 3.73900000e-08  3.30000000e+00  3.73900000e-08  3.30000000e+00  3.73900000e-08  3.29934219e+00  3.73900000e-08  3.29949014e+00  3.73900000e-08  0.00000000e+00  3.73900000e-08  0.00000000e+00 
 3.74100000e-08  3.30000000e+00  3.74100000e-08  3.30000000e+00  3.74100000e-08  3.29934458e+00  3.74100000e-08  3.29949201e+00  3.74100000e-08  0.00000000e+00  3.74100000e-08  0.00000000e+00 
 3.74300000e-08  3.30000000e+00  3.74300000e-08  3.30000000e+00  3.74300000e-08  3.29934697e+00  3.74300000e-08  3.29949387e+00  3.74300000e-08  0.00000000e+00  3.74300000e-08  0.00000000e+00 
 3.74500000e-08  3.30000000e+00  3.74500000e-08  3.30000000e+00  3.74500000e-08  3.29934932e+00  3.74500000e-08  3.29949572e+00  3.74500000e-08  0.00000000e+00  3.74500000e-08  0.00000000e+00 
 3.74700000e-08  3.30000000e+00  3.74700000e-08  3.30000000e+00  3.74700000e-08  3.29935168e+00  3.74700000e-08  3.29949756e+00  3.74700000e-08  0.00000000e+00  3.74700000e-08  0.00000000e+00 
 3.74900000e-08  3.30000000e+00  3.74900000e-08  3.30000000e+00  3.74900000e-08  3.29935400e+00  3.74900000e-08  3.29949938e+00  3.74900000e-08  0.00000000e+00  3.74900000e-08  0.00000000e+00 
 3.75100000e-08  3.30000000e+00  3.75100000e-08  3.30000000e+00  3.75100000e-08  3.29935632e+00  3.75100000e-08  3.29950119e+00  3.75100000e-08  0.00000000e+00  3.75100000e-08  0.00000000e+00 
 3.75300000e-08  3.30000000e+00  3.75300000e-08  3.30000000e+00  3.75300000e-08  3.29935862e+00  3.75300000e-08  3.29950299e+00  3.75300000e-08  0.00000000e+00  3.75300000e-08  0.00000000e+00 
 3.75500000e-08  3.30000000e+00  3.75500000e-08  3.30000000e+00  3.75500000e-08  3.29936091e+00  3.75500000e-08  3.29950478e+00  3.75500000e-08  0.00000000e+00  3.75500000e-08  0.00000000e+00 
 3.75700000e-08  3.30000000e+00  3.75700000e-08  3.30000000e+00  3.75700000e-08  3.29936317e+00  3.75700000e-08  3.29950656e+00  3.75700000e-08  0.00000000e+00  3.75700000e-08  0.00000000e+00 
 3.75900000e-08  3.30000000e+00  3.75900000e-08  3.30000000e+00  3.75900000e-08  3.29936543e+00  3.75900000e-08  3.29950832e+00  3.75900000e-08  0.00000000e+00  3.75900000e-08  0.00000000e+00 
 3.76100000e-08  3.30000000e+00  3.76100000e-08  3.30000000e+00  3.76100000e-08  3.29936766e+00  3.76100000e-08  3.29951007e+00  3.76100000e-08  0.00000000e+00  3.76100000e-08  0.00000000e+00 
 3.76300000e-08  3.30000000e+00  3.76300000e-08  3.30000000e+00  3.76300000e-08  3.29936989e+00  3.76300000e-08  3.29951181e+00  3.76300000e-08  0.00000000e+00  3.76300000e-08  0.00000000e+00 
 3.76500000e-08  3.30000000e+00  3.76500000e-08  3.30000000e+00  3.76500000e-08  3.29937210e+00  3.76500000e-08  3.29951354e+00  3.76500000e-08  0.00000000e+00  3.76500000e-08  0.00000000e+00 
 3.76700000e-08  3.30000000e+00  3.76700000e-08  3.30000000e+00  3.76700000e-08  3.29937429e+00  3.76700000e-08  3.29951525e+00  3.76700000e-08  0.00000000e+00  3.76700000e-08  0.00000000e+00 
 3.76900000e-08  3.30000000e+00  3.76900000e-08  3.30000000e+00  3.76900000e-08  3.29937647e+00  3.76900000e-08  3.29951696e+00  3.76900000e-08  0.00000000e+00  3.76900000e-08  0.00000000e+00 
 3.77100000e-08  3.30000000e+00  3.77100000e-08  3.30000000e+00  3.77100000e-08  3.29937864e+00  3.77100000e-08  3.29951865e+00  3.77100000e-08  0.00000000e+00  3.77100000e-08  0.00000000e+00 
 3.77300000e-08  3.30000000e+00  3.77300000e-08  3.30000000e+00  3.77300000e-08  3.29938079e+00  3.77300000e-08  3.29952033e+00  3.77300000e-08  0.00000000e+00  3.77300000e-08  0.00000000e+00 
 3.77500000e-08  3.30000000e+00  3.77500000e-08  3.30000000e+00  3.77500000e-08  3.29938293e+00  3.77500000e-08  3.29952200e+00  3.77500000e-08  0.00000000e+00  3.77500000e-08  0.00000000e+00 
 3.77700000e-08  3.30000000e+00  3.77700000e-08  3.30000000e+00  3.77700000e-08  3.29938505e+00  3.77700000e-08  3.29952366e+00  3.77700000e-08  0.00000000e+00  3.77700000e-08  0.00000000e+00 
 3.77900000e-08  3.30000000e+00  3.77900000e-08  3.30000000e+00  3.77900000e-08  3.29938716e+00  3.77900000e-08  3.29952531e+00  3.77900000e-08  0.00000000e+00  3.77900000e-08  0.00000000e+00 
 3.78100000e-08  3.30000000e+00  3.78100000e-08  3.30000000e+00  3.78100000e-08  3.29938925e+00  3.78100000e-08  3.29952695e+00  3.78100000e-08  0.00000000e+00  3.78100000e-08  0.00000000e+00 
 3.78300000e-08  3.30000000e+00  3.78300000e-08  3.30000000e+00  3.78300000e-08  3.29939134e+00  3.78300000e-08  3.29952858e+00  3.78300000e-08  0.00000000e+00  3.78300000e-08  0.00000000e+00 
 3.78500000e-08  3.30000000e+00  3.78500000e-08  3.30000000e+00  3.78500000e-08  3.29939340e+00  3.78500000e-08  3.29953020e+00  3.78500000e-08  0.00000000e+00  3.78500000e-08  0.00000000e+00 
 3.78700000e-08  3.30000000e+00  3.78700000e-08  3.30000000e+00  3.78700000e-08  3.29939546e+00  3.78700000e-08  3.29953180e+00  3.78700000e-08  0.00000000e+00  3.78700000e-08  0.00000000e+00 
 3.78900000e-08  3.30000000e+00  3.78900000e-08  3.30000000e+00  3.78900000e-08  3.29939750e+00  3.78900000e-08  3.29953340e+00  3.78900000e-08  0.00000000e+00  3.78900000e-08  0.00000000e+00 
 3.79100000e-08  3.30000000e+00  3.79100000e-08  3.30000000e+00  3.79100000e-08  3.29939953e+00  3.79100000e-08  3.29953498e+00  3.79100000e-08  0.00000000e+00  3.79100000e-08  0.00000000e+00 
 3.79300000e-08  3.30000000e+00  3.79300000e-08  3.30000000e+00  3.79300000e-08  3.29940155e+00  3.79300000e-08  3.29953656e+00  3.79300000e-08  0.00000000e+00  3.79300000e-08  0.00000000e+00 
 3.79500000e-08  3.30000000e+00  3.79500000e-08  3.30000000e+00  3.79500000e-08  3.29940355e+00  3.79500000e-08  3.29953812e+00  3.79500000e-08  0.00000000e+00  3.79500000e-08  0.00000000e+00 
 3.79700000e-08  3.30000000e+00  3.79700000e-08  3.30000000e+00  3.79700000e-08  3.29940554e+00  3.79700000e-08  3.29953968e+00  3.79700000e-08  0.00000000e+00  3.79700000e-08  0.00000000e+00 
 3.79900000e-08  3.30000000e+00  3.79900000e-08  3.30000000e+00  3.79900000e-08  3.29940752e+00  3.79900000e-08  3.29954123e+00  3.79900000e-08  0.00000000e+00  3.79900000e-08  0.00000000e+00 
 3.80100000e-08  3.30000000e+00  3.80100000e-08  3.30000000e+00  3.80100000e-08  3.29940949e+00  3.80100000e-08  3.29954277e+00  3.80100000e-08  0.00000000e+00  3.80100000e-08  0.00000000e+00 
 3.80300000e-08  3.30000000e+00  3.80300000e-08  3.30000000e+00  3.80300000e-08  3.29941144e+00  3.80300000e-08  3.29954429e+00  3.80300000e-08  0.00000000e+00  3.80300000e-08  0.00000000e+00 
 3.80500000e-08  3.30000000e+00  3.80500000e-08  3.30000000e+00  3.80500000e-08  3.29941338e+00  3.80500000e-08  3.29954581e+00  3.80500000e-08  0.00000000e+00  3.80500000e-08  0.00000000e+00 
 3.80700000e-08  3.30000000e+00  3.80700000e-08  3.30000000e+00  3.80700000e-08  3.29941532e+00  3.80700000e-08  3.29954731e+00  3.80700000e-08  0.00000000e+00  3.80700000e-08  0.00000000e+00 
 3.80900000e-08  3.30000000e+00  3.80900000e-08  3.30000000e+00  3.80900000e-08  3.29941723e+00  3.80900000e-08  3.29954881e+00  3.80900000e-08  0.00000000e+00  3.80900000e-08  0.00000000e+00 
 3.81100000e-08  3.30000000e+00  3.81100000e-08  3.30000000e+00  3.81100000e-08  3.29941914e+00  3.81100000e-08  3.29955030e+00  3.81100000e-08  0.00000000e+00  3.81100000e-08  0.00000000e+00 
 3.81300000e-08  3.30000000e+00  3.81300000e-08  3.30000000e+00  3.81300000e-08  3.29942103e+00  3.81300000e-08  3.29955178e+00  3.81300000e-08  0.00000000e+00  3.81300000e-08  0.00000000e+00 
 3.81500000e-08  3.30000000e+00  3.81500000e-08  3.30000000e+00  3.81500000e-08  3.29942291e+00  3.81500000e-08  3.29955325e+00  3.81500000e-08  0.00000000e+00  3.81500000e-08  0.00000000e+00 
 3.81700000e-08  3.30000000e+00  3.81700000e-08  3.30000000e+00  3.81700000e-08  3.29942478e+00  3.81700000e-08  3.29955471e+00  3.81700000e-08  0.00000000e+00  3.81700000e-08  0.00000000e+00 
 3.81900000e-08  3.30000000e+00  3.81900000e-08  3.30000000e+00  3.81900000e-08  3.29942664e+00  3.81900000e-08  3.29955616e+00  3.81900000e-08  0.00000000e+00  3.81900000e-08  0.00000000e+00 
 3.82100000e-08  3.30000000e+00  3.82100000e-08  3.30000000e+00  3.82100000e-08  3.29942849e+00  3.82100000e-08  3.29955761e+00  3.82100000e-08  0.00000000e+00  3.82100000e-08  0.00000000e+00 
 3.82300000e-08  3.30000000e+00  3.82300000e-08  3.30000000e+00  3.82300000e-08  3.29943033e+00  3.82300000e-08  3.29955904e+00  3.82300000e-08  0.00000000e+00  3.82300000e-08  0.00000000e+00 
 3.82500000e-08  3.30000000e+00  3.82500000e-08  3.30000000e+00  3.82500000e-08  3.29943215e+00  3.82500000e-08  3.29956047e+00  3.82500000e-08  0.00000000e+00  3.82500000e-08  0.00000000e+00 
 3.82700000e-08  3.30000000e+00  3.82700000e-08  3.30000000e+00  3.82700000e-08  3.29943397e+00  3.82700000e-08  3.29956188e+00  3.82700000e-08  0.00000000e+00  3.82700000e-08  0.00000000e+00 
 3.82900000e-08  3.30000000e+00  3.82900000e-08  3.30000000e+00  3.82900000e-08  3.29943577e+00  3.82900000e-08  3.29956329e+00  3.82900000e-08  0.00000000e+00  3.82900000e-08  0.00000000e+00 
 3.83100000e-08  3.30000000e+00  3.83100000e-08  3.30000000e+00  3.83100000e-08  3.29943756e+00  3.83100000e-08  3.29956469e+00  3.83100000e-08  0.00000000e+00  3.83100000e-08  0.00000000e+00 
 3.83300000e-08  3.30000000e+00  3.83300000e-08  3.30000000e+00  3.83300000e-08  3.29943934e+00  3.83300000e-08  3.29956608e+00  3.83300000e-08  0.00000000e+00  3.83300000e-08  0.00000000e+00 
 3.83500000e-08  3.30000000e+00  3.83500000e-08  3.30000000e+00  3.83500000e-08  3.29944112e+00  3.83500000e-08  3.29956746e+00  3.83500000e-08  0.00000000e+00  3.83500000e-08  0.00000000e+00 
 3.83700000e-08  3.30000000e+00  3.83700000e-08  3.30000000e+00  3.83700000e-08  3.29944287e+00  3.83700000e-08  3.29956884e+00  3.83700000e-08  0.00000000e+00  3.83700000e-08  0.00000000e+00 
 3.83900000e-08  3.30000000e+00  3.83900000e-08  3.30000000e+00  3.83900000e-08  3.29944463e+00  3.83900000e-08  3.29957020e+00  3.83900000e-08  0.00000000e+00  3.83900000e-08  0.00000000e+00 
 3.84100000e-08  3.30000000e+00  3.84100000e-08  3.30000000e+00  3.84100000e-08  3.29944636e+00  3.84100000e-08  3.29957156e+00  3.84100000e-08  0.00000000e+00  3.84100000e-08  0.00000000e+00 
 3.84300000e-08  3.30000000e+00  3.84300000e-08  3.30000000e+00  3.84300000e-08  3.29944810e+00  3.84300000e-08  3.29957291e+00  3.84300000e-08  0.00000000e+00  3.84300000e-08  0.00000000e+00 
 3.84500000e-08  3.30000000e+00  3.84500000e-08  3.30000000e+00  3.84500000e-08  3.29944981e+00  3.84500000e-08  3.29957426e+00  3.84500000e-08  0.00000000e+00  3.84500000e-08  0.00000000e+00 
 3.84700000e-08  3.30000000e+00  3.84700000e-08  3.30000000e+00  3.84700000e-08  3.29945152e+00  3.84700000e-08  3.29957559e+00  3.84700000e-08  0.00000000e+00  3.84700000e-08  0.00000000e+00 
 3.84900000e-08  3.30000000e+00  3.84900000e-08  3.30000000e+00  3.84900000e-08  3.29945322e+00  3.84900000e-08  3.29957692e+00  3.84900000e-08  0.00000000e+00  3.84900000e-08  0.00000000e+00 
 3.85100000e-08  3.30000000e+00  3.85100000e-08  3.30000000e+00  3.85100000e-08  3.29945491e+00  3.85100000e-08  3.29957823e+00  3.85100000e-08  0.00000000e+00  3.85100000e-08  0.00000000e+00 
 3.85300000e-08  3.30000000e+00  3.85300000e-08  3.30000000e+00  3.85300000e-08  3.29945659e+00  3.85300000e-08  3.29957954e+00  3.85300000e-08  0.00000000e+00  3.85300000e-08  0.00000000e+00 
 3.85500000e-08  3.30000000e+00  3.85500000e-08  3.30000000e+00  3.85500000e-08  3.29945826e+00  3.85500000e-08  3.29958084e+00  3.85500000e-08  0.00000000e+00  3.85500000e-08  0.00000000e+00 
 3.85700000e-08  3.30000000e+00  3.85700000e-08  3.30000000e+00  3.85700000e-08  3.29945991e+00  3.85700000e-08  3.29958214e+00  3.85700000e-08  0.00000000e+00  3.85700000e-08  0.00000000e+00 
 3.85900000e-08  3.30000000e+00  3.85900000e-08  3.30000000e+00  3.85900000e-08  3.29946157e+00  3.85900000e-08  3.29958343e+00  3.85900000e-08  0.00000000e+00  3.85900000e-08  0.00000000e+00 
 3.86100000e-08  3.30000000e+00  3.86100000e-08  3.30000000e+00  3.86100000e-08  3.29946320e+00  3.86100000e-08  3.29958471e+00  3.86100000e-08  0.00000000e+00  3.86100000e-08  0.00000000e+00 
 3.86300000e-08  3.30000000e+00  3.86300000e-08  3.30000000e+00  3.86300000e-08  3.29946484e+00  3.86300000e-08  3.29958598e+00  3.86300000e-08  0.00000000e+00  3.86300000e-08  0.00000000e+00 
 3.86500000e-08  3.30000000e+00  3.86500000e-08  3.30000000e+00  3.86500000e-08  3.29946646e+00  3.86500000e-08  3.29958725e+00  3.86500000e-08  0.00000000e+00  3.86500000e-08  0.00000000e+00 
 3.86700000e-08  3.30000000e+00  3.86700000e-08  3.30000000e+00  3.86700000e-08  3.29946807e+00  3.86700000e-08  3.29958850e+00  3.86700000e-08  0.00000000e+00  3.86700000e-08  0.00000000e+00 
 3.86900000e-08  3.30000000e+00  3.86900000e-08  3.30000000e+00  3.86900000e-08  3.29946967e+00  3.86900000e-08  3.29958975e+00  3.86900000e-08  0.00000000e+00  3.86900000e-08  0.00000000e+00 
 3.87100000e-08  3.30000000e+00  3.87100000e-08  3.30000000e+00  3.87100000e-08  3.29947127e+00  3.87100000e-08  3.29959100e+00  3.87100000e-08  0.00000000e+00  3.87100000e-08  0.00000000e+00 
 3.87300000e-08  3.30000000e+00  3.87300000e-08  3.30000000e+00  3.87300000e-08  3.29947285e+00  3.87300000e-08  3.29959223e+00  3.87300000e-08  0.00000000e+00  3.87300000e-08  0.00000000e+00 
 3.87500000e-08  3.30000000e+00  3.87500000e-08  3.30000000e+00  3.87500000e-08  3.29947443e+00  3.87500000e-08  3.29959346e+00  3.87500000e-08  0.00000000e+00  3.87500000e-08  0.00000000e+00 
 3.87700000e-08  3.30000000e+00  3.87700000e-08  3.30000000e+00  3.87700000e-08  3.29947599e+00  3.87700000e-08  3.29959469e+00  3.87700000e-08  0.00000000e+00  3.87700000e-08  0.00000000e+00 
 3.87900000e-08  3.30000000e+00  3.87900000e-08  3.30000000e+00  3.87900000e-08  3.29947755e+00  3.87900000e-08  3.29959590e+00  3.87900000e-08  0.00000000e+00  3.87900000e-08  0.00000000e+00 
 3.88100000e-08  3.30000000e+00  3.88100000e-08  3.30000000e+00  3.88100000e-08  3.29947910e+00  3.88100000e-08  3.29959711e+00  3.88100000e-08  0.00000000e+00  3.88100000e-08  0.00000000e+00 
 3.88300000e-08  3.30000000e+00  3.88300000e-08  3.30000000e+00  3.88300000e-08  3.29948064e+00  3.88300000e-08  3.29959831e+00  3.88300000e-08  0.00000000e+00  3.88300000e-08  0.00000000e+00 
 3.88500000e-08  3.30000000e+00  3.88500000e-08  3.30000000e+00  3.88500000e-08  3.29948217e+00  3.88500000e-08  3.29959951e+00  3.88500000e-08  0.00000000e+00  3.88500000e-08  0.00000000e+00 
 3.88700000e-08  3.30000000e+00  3.88700000e-08  3.30000000e+00  3.88700000e-08  3.29948370e+00  3.88700000e-08  3.29960069e+00  3.88700000e-08  0.00000000e+00  3.88700000e-08  0.00000000e+00 
 3.88900000e-08  3.30000000e+00  3.88900000e-08  3.30000000e+00  3.88900000e-08  3.29948521e+00  3.88900000e-08  3.29960187e+00  3.88900000e-08  0.00000000e+00  3.88900000e-08  0.00000000e+00 
 3.89100000e-08  3.30000000e+00  3.89100000e-08  3.30000000e+00  3.89100000e-08  3.29948672e+00  3.89100000e-08  3.29960305e+00  3.89100000e-08  0.00000000e+00  3.89100000e-08  0.00000000e+00 
 3.89300000e-08  3.30000000e+00  3.89300000e-08  3.30000000e+00  3.89300000e-08  3.29948821e+00  3.89300000e-08  3.29960422e+00  3.89300000e-08  0.00000000e+00  3.89300000e-08  0.00000000e+00 
 3.89500000e-08  3.30000000e+00  3.89500000e-08  3.30000000e+00  3.89500000e-08  3.29948971e+00  3.89500000e-08  3.29960538e+00  3.89500000e-08  0.00000000e+00  3.89500000e-08  0.00000000e+00 
 3.89700000e-08  3.30000000e+00  3.89700000e-08  3.30000000e+00  3.89700000e-08  3.29949119e+00  3.89700000e-08  3.29960653e+00  3.89700000e-08  0.00000000e+00  3.89700000e-08  0.00000000e+00 
 3.89900000e-08  3.30000000e+00  3.89900000e-08  3.30000000e+00  3.89900000e-08  3.29949266e+00  3.89900000e-08  3.29960768e+00  3.89900000e-08  0.00000000e+00  3.89900000e-08  0.00000000e+00 
 3.90100000e-08  3.30000000e+00  3.90100000e-08  3.30000000e+00  3.90100000e-08  3.29949412e+00  3.90100000e-08  3.29960882e+00  3.90100000e-08  0.00000000e+00  3.90100000e-08  0.00000000e+00 
 3.90300000e-08  3.30000000e+00  3.90300000e-08  3.30000000e+00  3.90300000e-08  3.29949559e+00  3.90300000e-08  3.29960996e+00  3.90300000e-08  0.00000000e+00  3.90300000e-08  0.00000000e+00 
 3.90500000e-08  3.30000000e+00  3.90500000e-08  3.30000000e+00  3.90500000e-08  3.29949703e+00  3.90500000e-08  3.29961109e+00  3.90500000e-08  0.00000000e+00  3.90500000e-08  0.00000000e+00 
 3.90700000e-08  3.30000000e+00  3.90700000e-08  3.30000000e+00  3.90700000e-08  3.29949848e+00  3.90700000e-08  3.29961221e+00  3.90700000e-08  0.00000000e+00  3.90700000e-08  0.00000000e+00 
 3.90900000e-08  3.30000000e+00  3.90900000e-08  3.30000000e+00  3.90900000e-08  3.29949991e+00  3.90900000e-08  3.29961333e+00  3.90900000e-08  0.00000000e+00  3.90900000e-08  0.00000000e+00 
 3.91100000e-08  3.30000000e+00  3.91100000e-08  3.30000000e+00  3.91100000e-08  3.29950134e+00  3.91100000e-08  3.29961444e+00  3.91100000e-08  0.00000000e+00  3.91100000e-08  0.00000000e+00 
 3.91300000e-08  3.30000000e+00  3.91300000e-08  3.30000000e+00  3.91300000e-08  3.29950275e+00  3.91300000e-08  3.29961555e+00  3.91300000e-08  0.00000000e+00  3.91300000e-08  0.00000000e+00 
 3.91500000e-08  3.30000000e+00  3.91500000e-08  3.30000000e+00  3.91500000e-08  3.29950416e+00  3.91500000e-08  3.29961664e+00  3.91500000e-08  0.00000000e+00  3.91500000e-08  0.00000000e+00 
 3.91700000e-08  3.30000000e+00  3.91700000e-08  3.30000000e+00  3.91700000e-08  3.29950556e+00  3.91700000e-08  3.29961774e+00  3.91700000e-08  0.00000000e+00  3.91700000e-08  0.00000000e+00 
 3.91900000e-08  3.30000000e+00  3.91900000e-08  3.30000000e+00  3.91900000e-08  3.29950696e+00  3.91900000e-08  3.29961883e+00  3.91900000e-08  0.00000000e+00  3.91900000e-08  0.00000000e+00 
 3.92100000e-08  3.30000000e+00  3.92100000e-08  3.30000000e+00  3.92100000e-08  3.29950835e+00  3.92100000e-08  3.29961991e+00  3.92100000e-08  0.00000000e+00  3.92100000e-08  0.00000000e+00 
 3.92300000e-08  3.30000000e+00  3.92300000e-08  3.30000000e+00  3.92300000e-08  3.29950973e+00  3.92300000e-08  3.29962098e+00  3.92300000e-08  0.00000000e+00  3.92300000e-08  0.00000000e+00 
 3.92500000e-08  3.30000000e+00  3.92500000e-08  3.30000000e+00  3.92500000e-08  3.29951110e+00  3.92500000e-08  3.29962206e+00  3.92500000e-08  0.00000000e+00  3.92500000e-08  0.00000000e+00 
 3.92700000e-08  3.30000000e+00  3.92700000e-08  3.30000000e+00  3.92700000e-08  3.29951247e+00  3.92700000e-08  3.29962312e+00  3.92700000e-08  0.00000000e+00  3.92700000e-08  0.00000000e+00 
 3.92900000e-08  3.30000000e+00  3.92900000e-08  3.30000000e+00  3.92900000e-08  3.29951382e+00  3.92900000e-08  3.29962418e+00  3.92900000e-08  0.00000000e+00  3.92900000e-08  0.00000000e+00 
 3.93100000e-08  3.30000000e+00  3.93100000e-08  3.30000000e+00  3.93100000e-08  3.29951518e+00  3.93100000e-08  3.29962523e+00  3.93100000e-08  0.00000000e+00  3.93100000e-08  0.00000000e+00 
 3.93300000e-08  3.30000000e+00  3.93300000e-08  3.30000000e+00  3.93300000e-08  3.29951652e+00  3.93300000e-08  3.29962628e+00  3.93300000e-08  0.00000000e+00  3.93300000e-08  0.00000000e+00 
 3.93500000e-08  3.30000000e+00  3.93500000e-08  3.30000000e+00  3.93500000e-08  3.29951786e+00  3.93500000e-08  3.29962732e+00  3.93500000e-08  0.00000000e+00  3.93500000e-08  0.00000000e+00 
 3.93700000e-08  3.30000000e+00  3.93700000e-08  3.30000000e+00  3.93700000e-08  3.29951919e+00  3.93700000e-08  3.29962836e+00  3.93700000e-08  0.00000000e+00  3.93700000e-08  0.00000000e+00 
 3.93900000e-08  3.30000000e+00  3.93900000e-08  3.30000000e+00  3.93900000e-08  3.29952051e+00  3.93900000e-08  3.29962938e+00  3.93900000e-08  0.00000000e+00  3.93900000e-08  0.00000000e+00 
 3.94100000e-08  3.30000000e+00  3.94100000e-08  3.30000000e+00  3.94100000e-08  3.29952182e+00  3.94100000e-08  3.29963041e+00  3.94100000e-08  0.00000000e+00  3.94100000e-08  0.00000000e+00 
 3.94300000e-08  3.30000000e+00  3.94300000e-08  3.30000000e+00  3.94300000e-08  3.29952314e+00  3.94300000e-08  3.29963143e+00  3.94300000e-08  0.00000000e+00  3.94300000e-08  0.00000000e+00 
 3.94500000e-08  3.30000000e+00  3.94500000e-08  3.30000000e+00  3.94500000e-08  3.29952444e+00  3.94500000e-08  3.29963245e+00  3.94500000e-08  0.00000000e+00  3.94500000e-08  0.00000000e+00 
 3.94700000e-08  3.30000000e+00  3.94700000e-08  3.30000000e+00  3.94700000e-08  3.29952574e+00  3.94700000e-08  3.29963345e+00  3.94700000e-08  0.00000000e+00  3.94700000e-08  0.00000000e+00 
 3.94900000e-08  3.30000000e+00  3.94900000e-08  3.30000000e+00  3.94900000e-08  3.29952702e+00  3.94900000e-08  3.29963446e+00  3.94900000e-08  0.00000000e+00  3.94900000e-08  0.00000000e+00 
 3.95100000e-08  3.30000000e+00  3.95100000e-08  3.30000000e+00  3.95100000e-08  3.29952831e+00  3.95100000e-08  3.29963546e+00  3.95100000e-08  0.00000000e+00  3.95100000e-08  0.00000000e+00 
 3.95300000e-08  3.30000000e+00  3.95300000e-08  3.30000000e+00  3.95300000e-08  3.29952958e+00  3.95300000e-08  3.29963645e+00  3.95300000e-08  0.00000000e+00  3.95300000e-08  0.00000000e+00 
 3.95500000e-08  3.30000000e+00  3.95500000e-08  3.30000000e+00  3.95500000e-08  3.29953085e+00  3.95500000e-08  3.29963744e+00  3.95500000e-08  0.00000000e+00  3.95500000e-08  0.00000000e+00 
 3.95700000e-08  3.30000000e+00  3.95700000e-08  3.30000000e+00  3.95700000e-08  3.29953211e+00  3.95700000e-08  3.29963842e+00  3.95700000e-08  0.00000000e+00  3.95700000e-08  0.00000000e+00 
 3.95900000e-08  3.30000000e+00  3.95900000e-08  3.30000000e+00  3.95900000e-08  3.29953337e+00  3.95900000e-08  3.29963940e+00  3.95900000e-08  0.00000000e+00  3.95900000e-08  0.00000000e+00 
 3.96100000e-08  3.30000000e+00  3.96100000e-08  3.30000000e+00  3.96100000e-08  3.29953462e+00  3.96100000e-08  3.29964038e+00  3.96100000e-08  0.00000000e+00  3.96100000e-08  0.00000000e+00 
 3.96300000e-08  3.30000000e+00  3.96300000e-08  3.30000000e+00  3.96300000e-08  3.29953587e+00  3.96300000e-08  3.29964134e+00  3.96300000e-08  0.00000000e+00  3.96300000e-08  0.00000000e+00 
 3.96500000e-08  3.30000000e+00  3.96500000e-08  3.30000000e+00  3.96500000e-08  3.29953710e+00  3.96500000e-08  3.29964231e+00  3.96500000e-08  0.00000000e+00  3.96500000e-08  0.00000000e+00 
 3.96700000e-08  3.30000000e+00  3.96700000e-08  3.30000000e+00  3.96700000e-08  3.29953833e+00  3.96700000e-08  3.29964326e+00  3.96700000e-08  0.00000000e+00  3.96700000e-08  0.00000000e+00 
 3.96900000e-08  3.30000000e+00  3.96900000e-08  3.30000000e+00  3.96900000e-08  3.29953955e+00  3.96900000e-08  3.29964422e+00  3.96900000e-08  0.00000000e+00  3.96900000e-08  0.00000000e+00 
 3.97100000e-08  3.30000000e+00  3.97100000e-08  3.30000000e+00  3.97100000e-08  3.29954078e+00  3.97100000e-08  3.29964517e+00  3.97100000e-08  0.00000000e+00  3.97100000e-08  0.00000000e+00 
 3.97300000e-08  3.30000000e+00  3.97300000e-08  3.30000000e+00  3.97300000e-08  3.29954199e+00  3.97300000e-08  3.29964611e+00  3.97300000e-08  0.00000000e+00  3.97300000e-08  0.00000000e+00 
 3.97500000e-08  3.30000000e+00  3.97500000e-08  3.30000000e+00  3.97500000e-08  3.29954320e+00  3.97500000e-08  3.29964705e+00  3.97500000e-08  0.00000000e+00  3.97500000e-08  0.00000000e+00 
 3.97700000e-08  3.30000000e+00  3.97700000e-08  3.30000000e+00  3.97700000e-08  3.29954439e+00  3.97700000e-08  3.29964799e+00  3.97700000e-08  0.00000000e+00  3.97700000e-08  0.00000000e+00 
 3.97900000e-08  3.30000000e+00  3.97900000e-08  3.30000000e+00  3.97900000e-08  3.29954559e+00  3.97900000e-08  3.29964891e+00  3.97900000e-08  0.00000000e+00  3.97900000e-08  0.00000000e+00 
 3.98100000e-08  3.30000000e+00  3.98100000e-08  3.30000000e+00  3.98100000e-08  3.29954677e+00  3.98100000e-08  3.29964984e+00  3.98100000e-08  0.00000000e+00  3.98100000e-08  0.00000000e+00 
 3.98300000e-08  3.30000000e+00  3.98300000e-08  3.30000000e+00  3.98300000e-08  3.29954796e+00  3.98300000e-08  3.29965076e+00  3.98300000e-08  0.00000000e+00  3.98300000e-08  0.00000000e+00 
 3.98500000e-08  3.30000000e+00  3.98500000e-08  3.30000000e+00  3.98500000e-08  3.29954913e+00  3.98500000e-08  3.29965168e+00  3.98500000e-08  0.00000000e+00  3.98500000e-08  0.00000000e+00 
 3.98700000e-08  3.30000000e+00  3.98700000e-08  3.30000000e+00  3.98700000e-08  3.29955031e+00  3.98700000e-08  3.29965259e+00  3.98700000e-08  0.00000000e+00  3.98700000e-08  0.00000000e+00 
 3.98900000e-08  3.30000000e+00  3.98900000e-08  3.30000000e+00  3.98900000e-08  3.29955147e+00  3.98900000e-08  3.29965349e+00  3.98900000e-08  0.00000000e+00  3.98900000e-08  0.00000000e+00 
 3.99100000e-08  3.30000000e+00  3.99100000e-08  3.30000000e+00  3.99100000e-08  3.29955263e+00  3.99100000e-08  3.29965439e+00  3.99100000e-08  0.00000000e+00  3.99100000e-08  0.00000000e+00 
 3.99300000e-08  3.30000000e+00  3.99300000e-08  3.30000000e+00  3.99300000e-08  3.29955378e+00  3.99300000e-08  3.29965529e+00  3.99300000e-08  0.00000000e+00  3.99300000e-08  0.00000000e+00 
 3.99500000e-08  3.30000000e+00  3.99500000e-08  3.30000000e+00  3.99500000e-08  3.29955493e+00  3.99500000e-08  3.29965619e+00  3.99500000e-08  0.00000000e+00  3.99500000e-08  0.00000000e+00 
 3.99700000e-08  3.30000000e+00  3.99700000e-08  3.30000000e+00  3.99700000e-08  3.29955607e+00  3.99700000e-08  3.29965708e+00  3.99700000e-08  0.00000000e+00  3.99700000e-08  0.00000000e+00 
 3.99900000e-08  3.30000000e+00  3.99900000e-08  3.30000000e+00  3.99900000e-08  3.29955721e+00  3.99900000e-08  3.29965796e+00  3.99900000e-08  0.00000000e+00  3.99900000e-08  0.00000000e+00 
 4.00100000e-08  3.30000000e+00  4.00100000e-08  3.30000000e+00  4.00100000e-08  3.29955834e+00  4.00100000e-08  3.29965884e+00  4.00100000e-08  0.00000000e+00  4.00100000e-08  0.00000000e+00 
 4.00300000e-08  3.30000000e+00  4.00300000e-08  3.30000000e+00  4.00300000e-08  3.29955947e+00  4.00300000e-08  3.29965971e+00  4.00300000e-08  0.00000000e+00  4.00300000e-08  0.00000000e+00 
 4.00500000e-08  3.30000000e+00  4.00500000e-08  3.30000000e+00  4.00500000e-08  3.29956059e+00  4.00500000e-08  3.29966059e+00  4.00500000e-08  0.00000000e+00  4.00500000e-08  0.00000000e+00 
 4.00700000e-08  3.30000000e+00  4.00700000e-08  3.30000000e+00  4.00700000e-08  3.29956171e+00  4.00700000e-08  3.29966145e+00  4.00700000e-08  0.00000000e+00  4.00700000e-08  0.00000000e+00 
 4.00900000e-08  3.30000000e+00  4.00900000e-08  3.30000000e+00  4.00900000e-08  3.29956281e+00  4.00900000e-08  3.29966232e+00  4.00900000e-08  0.00000000e+00  4.00900000e-08  0.00000000e+00 
 4.01100000e-08  3.30000000e+00  4.01100000e-08  3.30000000e+00  4.01100000e-08  3.29956392e+00  4.01100000e-08  3.29966318e+00  4.01100000e-08  0.00000000e+00  4.01100000e-08  0.00000000e+00 
 4.01300000e-08  3.30000000e+00  4.01300000e-08  3.30000000e+00  4.01300000e-08  3.29956501e+00  4.01300000e-08  3.29966403e+00  4.01300000e-08  0.00000000e+00  4.01300000e-08  0.00000000e+00 
 4.01500000e-08  3.30000000e+00  4.01500000e-08  3.30000000e+00  4.01500000e-08  3.29956611e+00  4.01500000e-08  3.29966488e+00  4.01500000e-08  0.00000000e+00  4.01500000e-08  0.00000000e+00 
 4.01700000e-08  3.30000000e+00  4.01700000e-08  3.30000000e+00  4.01700000e-08  3.29956719e+00  4.01700000e-08  3.29966573e+00  4.01700000e-08  0.00000000e+00  4.01700000e-08  0.00000000e+00 
 4.01900000e-08  3.30000000e+00  4.01900000e-08  3.30000000e+00  4.01900000e-08  3.29956828e+00  4.01900000e-08  3.29966657e+00  4.01900000e-08  0.00000000e+00  4.01900000e-08  0.00000000e+00 
 4.02100000e-08  3.30000000e+00  4.02100000e-08  3.30000000e+00  4.02100000e-08  3.29956936e+00  4.02100000e-08  3.29966741e+00  4.02100000e-08  0.00000000e+00  4.02100000e-08  0.00000000e+00 
 4.02300000e-08  3.30000000e+00  4.02300000e-08  3.30000000e+00  4.02300000e-08  3.29957043e+00  4.02300000e-08  3.29966824e+00  4.02300000e-08  0.00000000e+00  4.02300000e-08  0.00000000e+00 
 4.02500000e-08  3.30000000e+00  4.02500000e-08  3.30000000e+00  4.02500000e-08  3.29957150e+00  4.02500000e-08  3.29966908e+00  4.02500000e-08  0.00000000e+00  4.02500000e-08  0.00000000e+00 
 4.02700000e-08  3.30000000e+00  4.02700000e-08  3.30000000e+00  4.02700000e-08  3.29957256e+00  4.02700000e-08  3.29966990e+00  4.02700000e-08  0.00000000e+00  4.02700000e-08  0.00000000e+00 
 4.02900000e-08  3.30000000e+00  4.02900000e-08  3.30000000e+00  4.02900000e-08  3.29957362e+00  4.02900000e-08  3.29967073e+00  4.02900000e-08  0.00000000e+00  4.02900000e-08  0.00000000e+00 
 4.03100000e-08  3.30000000e+00  4.03100000e-08  3.30000000e+00  4.03100000e-08  3.29957467e+00  4.03100000e-08  3.29967154e+00  4.03100000e-08  0.00000000e+00  4.03100000e-08  0.00000000e+00 
 4.03300000e-08  3.30000000e+00  4.03300000e-08  3.30000000e+00  4.03300000e-08  3.29957572e+00  4.03300000e-08  3.29967236e+00  4.03300000e-08  0.00000000e+00  4.03300000e-08  0.00000000e+00 
 4.03500000e-08  3.30000000e+00  4.03500000e-08  3.30000000e+00  4.03500000e-08  3.29957676e+00  4.03500000e-08  3.29967317e+00  4.03500000e-08  0.00000000e+00  4.03500000e-08  0.00000000e+00 
 4.03700000e-08  3.30000000e+00  4.03700000e-08  3.30000000e+00  4.03700000e-08  3.29957780e+00  4.03700000e-08  3.29967398e+00  4.03700000e-08  0.00000000e+00  4.03700000e-08  0.00000000e+00 
 4.03900000e-08  3.30000000e+00  4.03900000e-08  3.30000000e+00  4.03900000e-08  3.29957884e+00  4.03900000e-08  3.29967478e+00  4.03900000e-08  0.00000000e+00  4.03900000e-08  0.00000000e+00 
 4.04100000e-08  3.30000000e+00  4.04100000e-08  3.30000000e+00  4.04100000e-08  3.29957986e+00  4.04100000e-08  3.29967558e+00  4.04100000e-08  0.00000000e+00  4.04100000e-08  0.00000000e+00 
 4.04300000e-08  3.30000000e+00  4.04300000e-08  3.30000000e+00  4.04300000e-08  3.29958089e+00  4.04300000e-08  3.29967637e+00  4.04300000e-08  0.00000000e+00  4.04300000e-08  0.00000000e+00 
 4.04500000e-08  3.30000000e+00  4.04500000e-08  3.30000000e+00  4.04500000e-08  3.29958190e+00  4.04500000e-08  3.29967717e+00  4.04500000e-08  0.00000000e+00  4.04500000e-08  0.00000000e+00 
 4.04700000e-08  3.30000000e+00  4.04700000e-08  3.30000000e+00  4.04700000e-08  3.29958292e+00  4.04700000e-08  3.29967795e+00  4.04700000e-08  0.00000000e+00  4.04700000e-08  0.00000000e+00 
 4.04900000e-08  3.30000000e+00  4.04900000e-08  3.30000000e+00  4.04900000e-08  3.29958392e+00  4.04900000e-08  3.29967874e+00  4.04900000e-08  0.00000000e+00  4.04900000e-08  0.00000000e+00 
 4.05100000e-08  3.30000000e+00  4.05100000e-08  3.30000000e+00  4.05100000e-08  3.29958493e+00  4.05100000e-08  3.29967952e+00  4.05100000e-08  0.00000000e+00  4.05100000e-08  0.00000000e+00 
 4.05300000e-08  3.30000000e+00  4.05300000e-08  3.30000000e+00  4.05300000e-08  3.29958593e+00  4.05300000e-08  3.29968030e+00  4.05300000e-08  0.00000000e+00  4.05300000e-08  0.00000000e+00 
 4.05500000e-08  3.30000000e+00  4.05500000e-08  3.30000000e+00  4.05500000e-08  3.29958693e+00  4.05500000e-08  3.29968107e+00  4.05500000e-08  0.00000000e+00  4.05500000e-08  0.00000000e+00 
 4.05700000e-08  3.30000000e+00  4.05700000e-08  3.30000000e+00  4.05700000e-08  3.29958792e+00  4.05700000e-08  3.29968184e+00  4.05700000e-08  0.00000000e+00  4.05700000e-08  0.00000000e+00 
 4.05900000e-08  3.30000000e+00  4.05900000e-08  3.30000000e+00  4.05900000e-08  3.29958891e+00  4.05900000e-08  3.29968261e+00  4.05900000e-08  0.00000000e+00  4.05900000e-08  0.00000000e+00 
 4.06100000e-08  3.30000000e+00  4.06100000e-08  3.30000000e+00  4.06100000e-08  3.29958988e+00  4.06100000e-08  3.29968337e+00  4.06100000e-08  0.00000000e+00  4.06100000e-08  0.00000000e+00 
 4.06300000e-08  3.30000000e+00  4.06300000e-08  3.30000000e+00  4.06300000e-08  3.29959087e+00  4.06300000e-08  3.29968413e+00  4.06300000e-08  0.00000000e+00  4.06300000e-08  0.00000000e+00 
 4.06500000e-08  3.30000000e+00  4.06500000e-08  3.30000000e+00  4.06500000e-08  3.29959183e+00  4.06500000e-08  3.29968489e+00  4.06500000e-08  0.00000000e+00  4.06500000e-08  0.00000000e+00 
 4.06700000e-08  3.30000000e+00  4.06700000e-08  3.30000000e+00  4.06700000e-08  3.29959281e+00  4.06700000e-08  3.29968564e+00  4.06700000e-08  0.00000000e+00  4.06700000e-08  0.00000000e+00 
 4.06900000e-08  3.30000000e+00  4.06900000e-08  3.30000000e+00  4.06900000e-08  3.29959377e+00  4.06900000e-08  3.29968639e+00  4.06900000e-08  0.00000000e+00  4.06900000e-08  0.00000000e+00 
 4.07100000e-08  3.30000000e+00  4.07100000e-08  3.30000000e+00  4.07100000e-08  3.29959473e+00  4.07100000e-08  3.29968714e+00  4.07100000e-08  0.00000000e+00  4.07100000e-08  0.00000000e+00 
 4.07300000e-08  3.30000000e+00  4.07300000e-08  3.30000000e+00  4.07300000e-08  3.29959568e+00  4.07300000e-08  3.29968788e+00  4.07300000e-08  0.00000000e+00  4.07300000e-08  0.00000000e+00 
 4.07500000e-08  3.30000000e+00  4.07500000e-08  3.30000000e+00  4.07500000e-08  3.29959664e+00  4.07500000e-08  3.29968862e+00  4.07500000e-08  0.00000000e+00  4.07500000e-08  0.00000000e+00 
 4.07700000e-08  3.30000000e+00  4.07700000e-08  3.30000000e+00  4.07700000e-08  3.29959758e+00  4.07700000e-08  3.29968936e+00  4.07700000e-08  0.00000000e+00  4.07700000e-08  0.00000000e+00 
 4.07900000e-08  3.30000000e+00  4.07900000e-08  3.30000000e+00  4.07900000e-08  3.29959853e+00  4.07900000e-08  3.29969009e+00  4.07900000e-08  0.00000000e+00  4.07900000e-08  0.00000000e+00 
 4.08100000e-08  3.30000000e+00  4.08100000e-08  3.30000000e+00  4.08100000e-08  3.29959946e+00  4.08100000e-08  3.29969082e+00  4.08100000e-08  0.00000000e+00  4.08100000e-08  0.00000000e+00 
 4.08300000e-08  3.30000000e+00  4.08300000e-08  3.30000000e+00  4.08300000e-08  3.29960040e+00  4.08300000e-08  3.29969154e+00  4.08300000e-08  0.00000000e+00  4.08300000e-08  0.00000000e+00 
 4.08500000e-08  3.30000000e+00  4.08500000e-08  3.30000000e+00  4.08500000e-08  3.29960133e+00  4.08500000e-08  3.29969227e+00  4.08500000e-08  0.00000000e+00  4.08500000e-08  0.00000000e+00 
 4.08700000e-08  3.30000000e+00  4.08700000e-08  3.30000000e+00  4.08700000e-08  3.29960226e+00  4.08700000e-08  3.29969298e+00  4.08700000e-08  0.00000000e+00  4.08700000e-08  0.00000000e+00 
 4.08900000e-08  3.30000000e+00  4.08900000e-08  3.30000000e+00  4.08900000e-08  3.29960317e+00  4.08900000e-08  3.29969370e+00  4.08900000e-08  0.00000000e+00  4.08900000e-08  0.00000000e+00 
 4.09100000e-08  3.30000000e+00  4.09100000e-08  3.30000000e+00  4.09100000e-08  3.29960410e+00  4.09100000e-08  3.29969441e+00  4.09100000e-08  0.00000000e+00  4.09100000e-08  0.00000000e+00 
 4.09300000e-08  3.30000000e+00  4.09300000e-08  3.30000000e+00  4.09300000e-08  3.29960501e+00  4.09300000e-08  3.29969513e+00  4.09300000e-08  0.00000000e+00  4.09300000e-08  0.00000000e+00 
 4.09500000e-08  3.30000000e+00  4.09500000e-08  3.30000000e+00  4.09500000e-08  3.29960592e+00  4.09500000e-08  3.29969583e+00  4.09500000e-08  0.00000000e+00  4.09500000e-08  0.00000000e+00 
 4.09700000e-08  3.30000000e+00  4.09700000e-08  3.30000000e+00  4.09700000e-08  3.29960682e+00  4.09700000e-08  3.29969654e+00  4.09700000e-08  0.00000000e+00  4.09700000e-08  0.00000000e+00 
 4.09900000e-08  3.30000000e+00  4.09900000e-08  3.30000000e+00  4.09900000e-08  3.29960773e+00  4.09900000e-08  3.29969723e+00  4.09900000e-08  0.00000000e+00  4.09900000e-08  0.00000000e+00 
 4.10100000e-08  3.30000000e+00  4.10100000e-08  3.30000000e+00  4.10100000e-08  3.29960862e+00  4.10100000e-08  3.29969793e+00  4.10100000e-08  0.00000000e+00  4.10100000e-08  0.00000000e+00 
 4.10300000e-08  3.30000000e+00  4.10300000e-08  3.30000000e+00  4.10300000e-08  3.29960952e+00  4.10300000e-08  3.29969863e+00  4.10300000e-08  0.00000000e+00  4.10300000e-08  0.00000000e+00 
 4.10500000e-08  3.30000000e+00  4.10500000e-08  3.30000000e+00  4.10500000e-08  3.29961041e+00  4.10500000e-08  3.29969932e+00  4.10500000e-08  0.00000000e+00  4.10500000e-08  0.00000000e+00 
 4.10700000e-08  3.30000000e+00  4.10700000e-08  3.30000000e+00  4.10700000e-08  3.29961130e+00  4.10700000e-08  3.29970001e+00  4.10700000e-08  0.00000000e+00  4.10700000e-08  0.00000000e+00 
 4.10900000e-08  3.30000000e+00  4.10900000e-08  3.30000000e+00  4.10900000e-08  3.29961217e+00  4.10900000e-08  3.29970069e+00  4.10900000e-08  0.00000000e+00  4.10900000e-08  0.00000000e+00 
 4.11100000e-08  3.30000000e+00  4.11100000e-08  3.30000000e+00  4.11100000e-08  3.29961306e+00  4.11100000e-08  3.29970137e+00  4.11100000e-08  0.00000000e+00  4.11100000e-08  0.00000000e+00 
 4.11300000e-08  3.30000000e+00  4.11300000e-08  3.30000000e+00  4.11300000e-08  3.29961393e+00  4.11300000e-08  3.29970206e+00  4.11300000e-08  0.00000000e+00  4.11300000e-08  0.00000000e+00 
 4.11500000e-08  3.30000000e+00  4.11500000e-08  3.30000000e+00  4.11500000e-08  3.29961480e+00  4.11500000e-08  3.29970273e+00  4.11500000e-08  0.00000000e+00  4.11500000e-08  0.00000000e+00 
 4.11700000e-08  3.30000000e+00  4.11700000e-08  3.30000000e+00  4.11700000e-08  3.29961567e+00  4.11700000e-08  3.29970341e+00  4.11700000e-08  0.00000000e+00  4.11700000e-08  0.00000000e+00 
 4.11900000e-08  3.30000000e+00  4.11900000e-08  3.30000000e+00  4.11900000e-08  3.29961653e+00  4.11900000e-08  3.29970407e+00  4.11900000e-08  0.00000000e+00  4.11900000e-08  0.00000000e+00 
 4.12100000e-08  3.30000000e+00  4.12100000e-08  3.30000000e+00  4.12100000e-08  3.29961739e+00  4.12100000e-08  3.29970474e+00  4.12100000e-08  0.00000000e+00  4.12100000e-08  0.00000000e+00 
 4.12300000e-08  3.30000000e+00  4.12300000e-08  3.30000000e+00  4.12300000e-08  3.29961825e+00  4.12300000e-08  3.29970541e+00  4.12300000e-08  0.00000000e+00  4.12300000e-08  0.00000000e+00 
 4.12500000e-08  3.30000000e+00  4.12500000e-08  3.30000000e+00  4.12500000e-08  3.29961910e+00  4.12500000e-08  3.29970607e+00  4.12500000e-08  0.00000000e+00  4.12500000e-08  0.00000000e+00 
 4.12700000e-08  3.30000000e+00  4.12700000e-08  3.30000000e+00  4.12700000e-08  3.29961995e+00  4.12700000e-08  3.29970673e+00  4.12700000e-08  0.00000000e+00  4.12700000e-08  0.00000000e+00 
 4.12900000e-08  3.30000000e+00  4.12900000e-08  3.30000000e+00  4.12900000e-08  3.29962079e+00  4.12900000e-08  3.29970739e+00  4.12900000e-08  0.00000000e+00  4.12900000e-08  0.00000000e+00 
 4.13100000e-08  3.30000000e+00  4.13100000e-08  3.30000000e+00  4.13100000e-08  3.29962164e+00  4.13100000e-08  3.29970804e+00  4.13100000e-08  0.00000000e+00  4.13100000e-08  0.00000000e+00 
 4.13300000e-08  3.30000000e+00  4.13300000e-08  3.30000000e+00  4.13300000e-08  3.29962247e+00  4.13300000e-08  3.29970869e+00  4.13300000e-08  0.00000000e+00  4.13300000e-08  0.00000000e+00 
 4.13500000e-08  3.30000000e+00  4.13500000e-08  3.30000000e+00  4.13500000e-08  3.29962331e+00  4.13500000e-08  3.29970934e+00  4.13500000e-08  0.00000000e+00  4.13500000e-08  0.00000000e+00 
 4.13700000e-08  3.30000000e+00  4.13700000e-08  3.30000000e+00  4.13700000e-08  3.29962414e+00  4.13700000e-08  3.29970998e+00  4.13700000e-08  0.00000000e+00  4.13700000e-08  0.00000000e+00 
 4.13900000e-08  3.30000000e+00  4.13900000e-08  3.30000000e+00  4.13900000e-08  3.29962497e+00  4.13900000e-08  3.29971062e+00  4.13900000e-08  0.00000000e+00  4.13900000e-08  0.00000000e+00 
 4.14100000e-08  3.30000000e+00  4.14100000e-08  3.30000000e+00  4.14100000e-08  3.29962579e+00  4.14100000e-08  3.29971127e+00  4.14100000e-08  0.00000000e+00  4.14100000e-08  0.00000000e+00 
 4.14300000e-08  3.30000000e+00  4.14300000e-08  3.30000000e+00  4.14300000e-08  3.29962661e+00  4.14300000e-08  3.29971190e+00  4.14300000e-08  0.00000000e+00  4.14300000e-08  0.00000000e+00 
 4.14500000e-08  3.30000000e+00  4.14500000e-08  3.30000000e+00  4.14500000e-08  3.29962743e+00  4.14500000e-08  3.29971254e+00  4.14500000e-08  0.00000000e+00  4.14500000e-08  0.00000000e+00 
 4.14700000e-08  3.30000000e+00  4.14700000e-08  3.30000000e+00  4.14700000e-08  3.29962825e+00  4.14700000e-08  3.29971317e+00  4.14700000e-08  0.00000000e+00  4.14700000e-08  0.00000000e+00 
 4.14900000e-08  3.30000000e+00  4.14900000e-08  3.30000000e+00  4.14900000e-08  3.29962905e+00  4.14900000e-08  3.29971380e+00  4.14900000e-08  0.00000000e+00  4.14900000e-08  0.00000000e+00 
 4.15100000e-08  3.30000000e+00  4.15100000e-08  3.30000000e+00  4.15100000e-08  3.29962986e+00  4.15100000e-08  3.29971442e+00  4.15100000e-08  0.00000000e+00  4.15100000e-08  0.00000000e+00 
 4.15300000e-08  3.30000000e+00  4.15300000e-08  3.30000000e+00  4.15300000e-08  3.29963066e+00  4.15300000e-08  3.29971505e+00  4.15300000e-08  0.00000000e+00  4.15300000e-08  0.00000000e+00 
 4.15500000e-08  3.30000000e+00  4.15500000e-08  3.30000000e+00  4.15500000e-08  3.29963147e+00  4.15500000e-08  3.29971567e+00  4.15500000e-08  0.00000000e+00  4.15500000e-08  0.00000000e+00 
 4.15700000e-08  3.30000000e+00  4.15700000e-08  3.30000000e+00  4.15700000e-08  3.29963226e+00  4.15700000e-08  3.29971629e+00  4.15700000e-08  0.00000000e+00  4.15700000e-08  0.00000000e+00 
 4.15900000e-08  3.30000000e+00  4.15900000e-08  3.30000000e+00  4.15900000e-08  3.29963306e+00  4.15900000e-08  3.29971690e+00  4.15900000e-08  0.00000000e+00  4.15900000e-08  0.00000000e+00 
 4.16100000e-08  3.30000000e+00  4.16100000e-08  3.30000000e+00  4.16100000e-08  3.29963384e+00  4.16100000e-08  3.29971752e+00  4.16100000e-08  0.00000000e+00  4.16100000e-08  0.00000000e+00 
 4.16300000e-08  3.30000000e+00  4.16300000e-08  3.30000000e+00  4.16300000e-08  3.29963463e+00  4.16300000e-08  3.29971813e+00  4.16300000e-08  0.00000000e+00  4.16300000e-08  0.00000000e+00 
 4.16500000e-08  3.30000000e+00  4.16500000e-08  3.30000000e+00  4.16500000e-08  3.29963541e+00  4.16500000e-08  3.29971874e+00  4.16500000e-08  0.00000000e+00  4.16500000e-08  0.00000000e+00 
 4.16700000e-08  3.30000000e+00  4.16700000e-08  3.30000000e+00  4.16700000e-08  3.29963620e+00  4.16700000e-08  3.29971934e+00  4.16700000e-08  0.00000000e+00  4.16700000e-08  0.00000000e+00 
 4.16900000e-08  3.30000000e+00  4.16900000e-08  3.30000000e+00  4.16900000e-08  3.29963697e+00  4.16900000e-08  3.29971995e+00  4.16900000e-08  0.00000000e+00  4.16900000e-08  0.00000000e+00 
 4.17100000e-08  3.30000000e+00  4.17100000e-08  3.30000000e+00  4.17100000e-08  3.29963775e+00  4.17100000e-08  3.29972055e+00  4.17100000e-08  0.00000000e+00  4.17100000e-08  0.00000000e+00 
 4.17300000e-08  3.30000000e+00  4.17300000e-08  3.30000000e+00  4.17300000e-08  3.29963852e+00  4.17300000e-08  3.29972115e+00  4.17300000e-08  0.00000000e+00  4.17300000e-08  0.00000000e+00 
 4.17500000e-08  3.30000000e+00  4.17500000e-08  3.30000000e+00  4.17500000e-08  3.29963929e+00  4.17500000e-08  3.29972174e+00  4.17500000e-08  0.00000000e+00  4.17500000e-08  0.00000000e+00 
 4.17700000e-08  3.30000000e+00  4.17700000e-08  3.30000000e+00  4.17700000e-08  3.29964005e+00  4.17700000e-08  3.29972234e+00  4.17700000e-08  0.00000000e+00  4.17700000e-08  0.00000000e+00 
 4.17900000e-08  3.30000000e+00  4.17900000e-08  3.30000000e+00  4.17900000e-08  3.29964082e+00  4.17900000e-08  3.29972292e+00  4.17900000e-08  0.00000000e+00  4.17900000e-08  0.00000000e+00 
 4.18100000e-08  3.30000000e+00  4.18100000e-08  3.30000000e+00  4.18100000e-08  3.29964157e+00  4.18100000e-08  3.29972352e+00  4.18100000e-08  0.00000000e+00  4.18100000e-08  0.00000000e+00 
 4.18300000e-08  3.30000000e+00  4.18300000e-08  3.30000000e+00  4.18300000e-08  3.29964233e+00  4.18300000e-08  3.29972410e+00  4.18300000e-08  0.00000000e+00  4.18300000e-08  0.00000000e+00 
 4.18500000e-08  3.30000000e+00  4.18500000e-08  3.30000000e+00  4.18500000e-08  3.29964308e+00  4.18500000e-08  3.29972469e+00  4.18500000e-08  0.00000000e+00  4.18500000e-08  0.00000000e+00 
 4.18700000e-08  3.30000000e+00  4.18700000e-08  3.30000000e+00  4.18700000e-08  3.29964383e+00  4.18700000e-08  3.29972527e+00  4.18700000e-08  0.00000000e+00  4.18700000e-08  0.00000000e+00 
 4.18900000e-08  3.30000000e+00  4.18900000e-08  3.30000000e+00  4.18900000e-08  3.29964458e+00  4.18900000e-08  3.29972585e+00  4.18900000e-08  0.00000000e+00  4.18900000e-08  0.00000000e+00 
 4.19100000e-08  3.30000000e+00  4.19100000e-08  3.30000000e+00  4.19100000e-08  3.29964532e+00  4.19100000e-08  3.29972642e+00  4.19100000e-08  0.00000000e+00  4.19100000e-08  0.00000000e+00 
 4.19300000e-08  3.30000000e+00  4.19300000e-08  3.30000000e+00  4.19300000e-08  3.29964606e+00  4.19300000e-08  3.29972700e+00  4.19300000e-08  0.00000000e+00  4.19300000e-08  0.00000000e+00 
 4.19500000e-08  3.30000000e+00  4.19500000e-08  3.30000000e+00  4.19500000e-08  3.29964680e+00  4.19500000e-08  3.29972757e+00  4.19500000e-08  0.00000000e+00  4.19500000e-08  0.00000000e+00 
 4.19700000e-08  3.30000000e+00  4.19700000e-08  3.30000000e+00  4.19700000e-08  3.29964753e+00  4.19700000e-08  3.29972814e+00  4.19700000e-08  0.00000000e+00  4.19700000e-08  0.00000000e+00 
 4.19850000e-08  3.30000000e+00  4.19850000e-08  3.30000000e+00  4.19850000e-08  3.29964809e+00  4.19850000e-08  3.29972856e+00  4.19850000e-08  0.00000000e+00  4.19850000e-08  0.00000000e+00 
 4.20000000e-08  3.30000000e+00  4.20000000e-08  3.30000000e+00  4.20000000e-08  3.29964863e+00  4.20000000e-08  3.29972899e+00  4.20000000e-08  2.18375682e-13  4.20000000e-08  0.00000000e+00 
 4.20020000e-08  3.30000799e+00  4.20020000e-08  3.30000799e+00  4.20020000e-08  3.30225920e+00  4.20020000e-08  3.30234153e+00  4.20020000e-08  6.60000000e-02  4.20020000e-08  0.00000000e+00 
 4.20060000e-08  3.30001877e+00  4.20060000e-08  3.30001878e+00  4.20060000e-08  3.30738922e+00  4.20060000e-08  3.30747382e+00  4.20060000e-08  1.98000000e-01  4.20060000e-08  0.00000000e+00 
 4.20140000e-08  3.30002102e+00  4.20140000e-08  3.30002103e+00  4.20140000e-08  3.31709033e+00  4.20140000e-08  3.31717974e+00  4.20140000e-08  4.62000000e-01  4.20140000e-08  0.00000000e+00 
 4.20300000e-08  3.30000807e+00  4.20300000e-08  3.30000811e+00  4.20300000e-08  3.33469026e+00  4.20300000e-08  3.33481058e+00  4.20300000e-08  9.90000000e-01  4.20300000e-08  0.00000000e+00 
 4.20500000e-08  3.30000027e+00  4.20500000e-08  3.30000026e+00  4.20500000e-08  3.35539692e+00  4.20500000e-08  3.35553655e+00  4.20500000e-08  1.65000000e+00  4.20500000e-08  0.00000000e+00 
 4.20700000e-08  3.30000258e+00  4.20700000e-08  3.30000248e+00  4.20700000e-08  3.37758356e+00  4.20700000e-08  3.37767091e+00  4.20700000e-08  2.31000000e+00  4.20700000e-08  0.00000000e+00 
 4.20850000e-08  3.30000059e+00  4.20850000e-08  3.30000048e+00  4.20850000e-08  3.39395179e+00  4.20850000e-08  3.39395564e+00  4.20850000e-08  2.80500000e+00  4.20850000e-08  0.00000000e+00 
 4.21000000e-08  3.29998554e+00  4.21000000e-08  3.29998538e+00  4.21000000e-08  3.40140605e+00  4.21000000e-08  3.40126497e+00  4.21000000e-08  3.30000000e+00  4.21000000e-08  0.00000000e+00 
 4.21020000e-08  3.29998503e+00  4.21020000e-08  3.29998479e+00  4.21020000e-08  3.40183386e+00  4.21020000e-08  3.40164549e+00  4.21020000e-08  3.30000000e+00  4.21020000e-08  0.00000000e+00 
 4.21060000e-08  3.29998523e+00  4.21060000e-08  3.29998486e+00  4.21060000e-08  3.40277203e+00  4.21060000e-08  3.40248122e+00  4.21060000e-08  3.30000000e+00  4.21060000e-08  0.00000000e+00 
 4.21140000e-08  3.29998915e+00  4.21140000e-08  3.29998867e+00  4.21140000e-08  3.40495860e+00  4.21140000e-08  3.40443773e+00  4.21140000e-08  3.30000000e+00  4.21140000e-08  0.00000000e+00 
 4.21300000e-08  3.29999752e+00  4.21300000e-08  3.29999712e+00  4.21300000e-08  3.41045969e+00  4.21300000e-08  3.40941625e+00  4.21300000e-08  3.30000000e+00  4.21300000e-08  0.00000000e+00 
 4.21500000e-08  3.30000129e+00  4.21500000e-08  3.30000125e+00  4.21500000e-08  3.41861108e+00  4.21500000e-08  3.41696358e+00  4.21500000e-08  3.30000000e+00  4.21500000e-08  0.00000000e+00 
 4.21700000e-08  3.29999933e+00  4.21700000e-08  3.29999979e+00  4.21700000e-08  3.42635322e+00  4.21700000e-08  3.42441287e+00  4.21700000e-08  3.30000000e+00  4.21700000e-08  0.00000000e+00 
 4.21900000e-08  3.29999634e+00  4.21900000e-08  3.29999721e+00  4.21900000e-08  3.43164386e+00  4.21900000e-08  3.42991269e+00  4.21900000e-08  3.30000000e+00  4.21900000e-08  0.00000000e+00 
 4.22100000e-08  3.29999394e+00  4.22100000e-08  3.29999494e+00  4.22100000e-08  3.43297059e+00  4.22100000e-08  3.43201563e+00  4.22100000e-08  3.30000000e+00  4.22100000e-08  0.00000000e+00 
 4.22300000e-08  3.29999290e+00  4.22300000e-08  3.29999383e+00  4.22300000e-08  3.42947750e+00  4.22300000e-08  3.42984719e+00  4.22300000e-08  3.30000000e+00  4.22300000e-08  0.00000000e+00 
 4.22500000e-08  3.29999254e+00  4.22500000e-08  3.29999327e+00  4.22500000e-08  3.42085200e+00  4.22500000e-08  3.42303904e+00  4.22500000e-08  3.30000000e+00  4.22500000e-08  0.00000000e+00 
 4.22700000e-08  3.29999312e+00  4.22700000e-08  3.29999355e+00  4.22700000e-08  3.40716656e+00  4.22700000e-08  3.41159754e+00  4.22700000e-08  3.30000000e+00  4.22700000e-08  0.00000000e+00 
 4.22900000e-08  3.29999419e+00  4.22900000e-08  3.29999435e+00  4.22900000e-08  3.38873661e+00  4.22900000e-08  3.39577332e+00  4.22900000e-08  3.30000000e+00  4.22900000e-08  0.00000000e+00 
 4.23100000e-08  3.29999543e+00  4.23100000e-08  3.29999539e+00  4.23100000e-08  3.36601393e+00  4.23100000e-08  3.37595778e+00  4.23100000e-08  3.30000000e+00  4.23100000e-08  0.00000000e+00 
 4.23300000e-08  3.29999662e+00  4.23300000e-08  3.29999648e+00  4.23300000e-08  3.33951077e+00  4.23300000e-08  3.35260792e+00  4.23300000e-08  3.30000000e+00  4.23300000e-08  0.00000000e+00 
 4.23500000e-08  3.29999763e+00  4.23500000e-08  3.29999747e+00  4.23500000e-08  3.30974925e+00  4.23500000e-08  3.32619598e+00  4.23500000e-08  3.30000000e+00  4.23500000e-08  0.00000000e+00 
 4.23700000e-08  3.29999842e+00  4.23700000e-08  3.29999829e+00  4.23700000e-08  3.27722946e+00  4.23700000e-08  3.29717747e+00  4.23700000e-08  3.30000000e+00  4.23700000e-08  0.00000000e+00 
 4.23900000e-08  3.29999902e+00  4.23900000e-08  3.29999892e+00  4.23900000e-08  3.24240914e+00  4.23900000e-08  3.26597379e+00  4.23900000e-08  3.30000000e+00  4.23900000e-08  0.00000000e+00 
 4.24100000e-08  3.29999946e+00  4.24100000e-08  3.29999939e+00  4.24100000e-08  3.20569624e+00  4.24100000e-08  3.23296102e+00  4.24100000e-08  3.30000000e+00  4.24100000e-08  0.00000000e+00 
 4.24300000e-08  3.29999978e+00  4.24300000e-08  3.29999974e+00  4.24300000e-08  3.16744403e+00  4.24300000e-08  3.19846882e+00  4.24300000e-08  3.30000000e+00  4.24300000e-08  0.00000000e+00 
 4.24500000e-08  3.30000002e+00  4.24500000e-08  3.29999998e+00  4.24500000e-08  3.12795289e+00  4.24500000e-08  3.16277865e+00  4.24500000e-08  3.30000000e+00  4.24500000e-08  0.00000000e+00 
 4.24700000e-08  3.30000019e+00  4.24700000e-08  3.30000016e+00  4.24700000e-08  3.08747546e+00  4.24700000e-08  3.12612815e+00  4.24700000e-08  3.30000000e+00  4.24700000e-08  0.00000000e+00 
 4.24900000e-08  3.30000030e+00  4.24900000e-08  3.30000028e+00  4.24900000e-08  3.04622231e+00  4.24900000e-08  3.08871593e+00  4.24900000e-08  3.30000000e+00  4.24900000e-08  0.00000000e+00 
 4.25100000e-08  3.30000036e+00  4.25100000e-08  3.30000035e+00  4.25100000e-08  3.00436754e+00  4.25100000e-08  3.05070656e+00  4.25100000e-08  3.30000000e+00  4.25100000e-08  0.00000000e+00 
 4.25300000e-08  3.30000040e+00  4.25300000e-08  3.30000039e+00  4.25300000e-08  2.96205406e+00  4.25300000e-08  3.01223542e+00  4.25300000e-08  3.30000000e+00  4.25300000e-08  0.00000000e+00 
 4.25500000e-08  3.30000042e+00  4.25500000e-08  3.30000041e+00  4.25500000e-08  2.91939887e+00  4.25500000e-08  2.97341346e+00  4.25500000e-08  3.30000000e+00  4.25500000e-08  0.00000000e+00 
 4.25700000e-08  3.30000043e+00  4.25700000e-08  3.30000042e+00  4.25700000e-08  2.87649733e+00  4.25700000e-08  2.93433118e+00  4.25700000e-08  3.30000000e+00  4.25700000e-08  0.00000000e+00 
 4.25900000e-08  3.30000044e+00  4.25900000e-08  3.30000042e+00  4.25900000e-08  2.83342717e+00  4.25900000e-08  2.89506233e+00  4.25900000e-08  3.30000000e+00  4.25900000e-08  0.00000000e+00 
 4.26100000e-08  3.30000043e+00  4.26100000e-08  3.30000041e+00  4.26100000e-08  2.79025164e+00  4.26100000e-08  2.85566680e+00  4.26100000e-08  3.30000000e+00  4.26100000e-08  0.00000000e+00 
 4.26300000e-08  3.30000043e+00  4.26300000e-08  3.30000040e+00  4.26300000e-08  2.74702235e+00  4.26300000e-08  2.81619338e+00  4.26300000e-08  3.30000000e+00  4.26300000e-08  0.00000000e+00 
 4.26500000e-08  3.30000042e+00  4.26500000e-08  3.30000039e+00  4.26500000e-08  2.70378141e+00  4.26500000e-08  2.77668172e+00  4.26500000e-08  3.30000000e+00  4.26500000e-08  0.00000000e+00 
 4.26700000e-08  3.30000041e+00  4.26700000e-08  3.30000038e+00  4.26700000e-08  2.66056339e+00  4.26700000e-08  2.73716422e+00  4.26700000e-08  3.30000000e+00  4.26700000e-08  0.00000000e+00 
 4.26900000e-08  3.30000040e+00  4.26900000e-08  3.30000037e+00  4.26900000e-08  2.61739669e+00  4.26900000e-08  2.69766734e+00  4.26900000e-08  3.30000000e+00  4.26900000e-08  0.00000000e+00 
 4.27100000e-08  3.30000039e+00  4.27100000e-08  3.30000036e+00  4.27100000e-08  2.57430493e+00  4.27100000e-08  2.65821290e+00  4.27100000e-08  3.30000000e+00  4.27100000e-08  0.00000000e+00 
 4.27300000e-08  3.30000038e+00  4.27300000e-08  3.30000035e+00  4.27300000e-08  2.53130774e+00  4.27300000e-08  2.61881886e+00  4.27300000e-08  3.30000000e+00  4.27300000e-08  0.00000000e+00 
 4.27500000e-08  3.30000037e+00  4.27500000e-08  3.30000034e+00  4.27500000e-08  2.48842180e+00  4.27500000e-08  2.57950028e+00  4.27500000e-08  3.30000000e+00  4.27500000e-08  0.00000000e+00 
 4.27700000e-08  3.30000036e+00  4.27700000e-08  3.30000032e+00  4.27700000e-08  2.44566124e+00  4.27700000e-08  2.54026975e+00  4.27700000e-08  3.30000000e+00  4.27700000e-08  0.00000000e+00 
 4.27900000e-08  3.30000035e+00  4.27900000e-08  3.30000031e+00  4.27900000e-08  2.40303841e+00  4.27900000e-08  2.50113803e+00  4.27900000e-08  3.30000000e+00  4.27900000e-08  0.00000000e+00 
 4.28100000e-08  3.30000034e+00  4.28100000e-08  3.30000031e+00  4.28100000e-08  2.36056414e+00  4.28100000e-08  2.46211436e+00  4.28100000e-08  3.30000000e+00  4.28100000e-08  0.00000000e+00 
 4.28300000e-08  3.30000033e+00  4.28300000e-08  3.30000030e+00  4.28300000e-08  2.31824821e+00  4.28300000e-08  2.42320687e+00  4.28300000e-08  3.30000000e+00  4.28300000e-08  0.00000000e+00 
 4.28500000e-08  3.30000032e+00  4.28500000e-08  3.30000029e+00  4.28500000e-08  2.27609955e+00  4.28500000e-08  2.38442277e+00  4.28500000e-08  3.30000000e+00  4.28500000e-08  0.00000000e+00 
 4.28700000e-08  3.30000032e+00  4.28700000e-08  3.30000028e+00  4.28700000e-08  2.23412659e+00  4.28700000e-08  2.34576867e+00  4.28700000e-08  3.30000000e+00  4.28700000e-08  0.00000000e+00 
 4.28900000e-08  3.30000031e+00  4.28900000e-08  3.30000027e+00  4.28900000e-08  2.19233734e+00  4.28900000e-08  2.30725064e+00  4.28900000e-08  3.30000000e+00  4.28900000e-08  0.00000000e+00 
 4.29100000e-08  3.30000031e+00  4.29100000e-08  3.30000027e+00  4.29100000e-08  2.15073972e+00  4.29100000e-08  2.26887447e+00  4.29100000e-08  3.30000000e+00  4.29100000e-08  0.00000000e+00 
 4.29300000e-08  3.30000030e+00  4.29300000e-08  3.30000026e+00  4.29300000e-08  2.10934154e+00  4.29300000e-08  2.23064574e+00  4.29300000e-08  3.30000000e+00  4.29300000e-08  0.00000000e+00 
 4.29500000e-08  3.30000030e+00  4.29500000e-08  3.30000026e+00  4.29500000e-08  2.06815081e+00  4.29500000e-08  2.19256998e+00  4.29500000e-08  3.30000000e+00  4.29500000e-08  0.00000000e+00 
 4.29700000e-08  3.30000030e+00  4.29700000e-08  3.30000025e+00  4.29700000e-08  2.02717565e+00  4.29700000e-08  2.15465265e+00  4.29700000e-08  3.30000000e+00  4.29700000e-08  0.00000000e+00 
 4.29900000e-08  3.30000030e+00  4.29900000e-08  3.30000025e+00  4.29900000e-08  1.98642460e+00  4.29900000e-08  2.11689939e+00  4.29900000e-08  3.30000000e+00  4.29900000e-08  0.00000000e+00 
 4.30100000e-08  3.30000030e+00  4.30100000e-08  3.30000025e+00  4.30100000e-08  1.94590644e+00  4.30100000e-08  2.07931589e+00  4.30100000e-08  3.30000000e+00  4.30100000e-08  0.00000000e+00 
 4.30300000e-08  3.30000030e+00  4.30300000e-08  3.30000025e+00  4.30300000e-08  1.90563028e+00  4.30300000e-08  2.04190808e+00  4.30300000e-08  3.30000000e+00  4.30300000e-08  0.00000000e+00 
 4.30500000e-08  3.30000030e+00  4.30500000e-08  3.30000025e+00  4.30500000e-08  1.86560505e+00  4.30500000e-08  2.00468205e+00  4.30500000e-08  3.30000000e+00  4.30500000e-08  0.00000000e+00 
 4.30700000e-08  3.30000030e+00  4.30700000e-08  3.30000024e+00  4.30700000e-08  1.82583864e+00  4.30700000e-08  1.96764416e+00  4.30700000e-08  3.30000000e+00  4.30700000e-08  0.00000000e+00 
 4.30900000e-08  3.30000030e+00  4.30900000e-08  3.30000024e+00  4.30900000e-08  1.78633591e+00  4.30900000e-08  1.93080084e+00  4.30900000e-08  3.30000000e+00  4.30900000e-08  0.00000000e+00 
 4.31100000e-08  3.30000029e+00  4.31100000e-08  3.30000024e+00  4.31100000e-08  1.74709983e+00  4.31100000e-08  1.89415870e+00  4.31100000e-08  3.30000000e+00  4.31100000e-08  0.00000000e+00 
 4.31300000e-08  3.30000029e+00  4.31300000e-08  3.30000024e+00  4.31300000e-08  1.70812878e+00  4.31300000e-08  1.85772406e+00  4.31300000e-08  3.30000000e+00  4.31300000e-08  0.00000000e+00 
 4.31500000e-08  3.30000028e+00  4.31500000e-08  3.30000024e+00  4.31500000e-08  1.66941580e+00  4.31500000e-08  1.82150275e+00  4.31500000e-08  3.30000000e+00  4.31500000e-08  0.00000000e+00 
 4.31700000e-08  3.30000027e+00  4.31700000e-08  3.30000024e+00  4.31700000e-08  1.63094888e+00  4.31700000e-08  1.78549869e+00  4.31700000e-08  3.30000000e+00  4.31700000e-08  0.00000000e+00 
 4.31850000e-08  3.30000025e+00  4.31850000e-08  3.30000024e+00  4.31850000e-08  1.60225110e+00  4.31850000e-08  1.75863912e+00  4.31850000e-08  3.30000000e+00  4.31850000e-08  0.00000000e+00 
 4.32000000e-08  3.30000024e+00  4.32000000e-08  3.30000024e+00  4.32000000e-08  1.57367636e+00  4.32000000e-08  1.73190250e+00  4.32000000e-08  3.30000000e+00  4.32000000e-08  0.00000000e+00 
 4.32020000e-08  3.32133156e+00  4.32020000e-08  3.32133148e+00  4.32020000e-08  1.57012897e+00  4.32020000e-08  1.72861111e+00  4.32020000e-08  3.30000000e+00  4.32020000e-08  6.60000000e-02 
 4.32060000e-08  3.35609680e+00  4.32060000e-08  3.35609636e+00  4.32060000e-08  1.56298027e+00  4.32060000e-08  1.72197234e+00  4.32060000e-08  3.30000000e+00  4.32060000e-08  1.98000000e-01 
 4.32140000e-08  3.39509683e+00  4.32140000e-08  3.39509646e+00  4.32140000e-08  1.54844900e+00  4.32140000e-08  1.70845408e+00  4.32140000e-08  3.30000000e+00  4.32140000e-08  4.62000000e-01 
 4.32300000e-08  3.43010979e+00  4.32300000e-08  3.43010993e+00  4.32300000e-08  1.51853020e+00  4.32300000e-08  1.68050377e+00  4.32300000e-08  3.30000000e+00  4.32300000e-08  9.90000000e-01 
 4.32500000e-08  3.46572338e+00  4.32500000e-08  3.46572350e+00  4.32500000e-08  1.47750306e+00  4.32500000e-08  1.64155912e+00  4.32500000e-08  3.30000000e+00  4.32500000e-08  1.65000000e+00 
 4.32700000e-08  3.53469200e+00  4.32700000e-08  3.53469229e+00  4.32700000e-08  1.43064630e+00  4.32700000e-08  1.59672377e+00  4.32700000e-08  3.30000000e+00  4.32700000e-08  2.31000000e+00 
 4.32850000e-08  3.62529152e+00  4.32850000e-08  3.62543873e+00  4.32850000e-08  1.39419049e+00  4.32850000e-08  1.55942900e+00  4.32850000e-08  3.30000000e+00  4.32850000e-08  2.80500000e+00 
 4.33000000e-08  3.74157623e+00  4.33000000e-08  3.74305488e+00  4.33000000e-08  1.35190798e+00  4.33000000e-08  1.49805028e+00  4.33000000e-08  3.30000000e+00  4.33000000e-08  3.30000000e+00 
 4.33020000e-08  3.74180093e+00  4.33020000e-08  3.74327303e+00  4.33020000e-08  1.34492806e+00  4.33020000e-08  1.48972544e+00  4.33020000e-08  3.30000000e+00  4.33020000e-08  3.30000000e+00 
 4.33060000e-08  3.74222801e+00  4.33060000e-08  3.74358988e+00  4.33060000e-08  1.33081568e+00  4.33060000e-08  1.47383950e+00  4.33060000e-08  3.30000000e+00  4.33060000e-08  3.30000000e+00 
 4.33140000e-08  3.74275221e+00  4.33140000e-08  3.74363114e+00  4.33140000e-08  1.30409257e+00  4.33140000e-08  1.44568091e+00  4.33140000e-08  3.30000000e+00  4.33140000e-08  3.30000000e+00 
 4.33300000e-08  3.74243393e+00  4.33300000e-08  3.74185753e+00  4.33300000e-08  1.25849867e+00  4.33300000e-08  1.39985575e+00  4.33300000e-08  3.30000000e+00  4.33300000e-08  3.30000000e+00 
 4.33500000e-08  3.74011278e+00  4.33500000e-08  3.73697995e+00  4.33500000e-08  1.21286840e+00  4.33500000e-08  1.35499149e+00  4.33500000e-08  3.30000000e+00  4.33500000e-08  3.30000000e+00 
 4.33700000e-08  3.73654062e+00  4.33700000e-08  3.73031616e+00  4.33700000e-08  1.17407714e+00  4.33700000e-08  1.31719438e+00  4.33700000e-08  3.30000000e+00  4.33700000e-08  3.30000000e+00 
 4.33900000e-08  3.73250814e+00  4.33900000e-08  3.72305188e+00  4.33900000e-08  1.13834407e+00  4.33900000e-08  1.28256238e+00  4.33900000e-08  3.30000000e+00  4.33900000e-08  3.30000000e+00 
 4.34100000e-08  3.72862324e+00  4.34100000e-08  3.71535418e+00  4.34100000e-08  1.10403900e+00  4.34100000e-08  1.24941395e+00  4.34100000e-08  3.30000000e+00  4.34100000e-08  3.30000000e+00 
 4.34300000e-08  3.72574732e+00  4.34300000e-08  3.70521700e+00  4.34300000e-08  1.07048946e+00  4.34300000e-08  1.21708129e+00  4.34300000e-08  3.30000000e+00  4.34300000e-08  3.30000000e+00 
 4.34500000e-08  3.72138315e+00  4.34500000e-08  3.68880353e+00  4.34500000e-08  1.03741139e+00  4.34500000e-08  1.18533857e+00  4.34500000e-08  3.30000000e+00  4.34500000e-08  3.30000000e+00 
 4.34700000e-08  3.70148510e+00  4.34700000e-08  3.66892223e+00  4.34700000e-08  1.00469719e+00  4.34700000e-08  1.15419435e+00  4.34700000e-08  3.30000000e+00  4.34700000e-08  3.30000000e+00 
 4.34900000e-08  3.65104779e+00  4.34900000e-08  3.64998507e+00  4.34900000e-08  9.72305390e-01  4.34900000e-08  1.12369533e+00  4.34900000e-08  3.30000000e+00  4.34900000e-08  3.30000000e+00 
 4.35100000e-08  3.56675674e+00  4.35100000e-08  3.63291055e+00  4.35100000e-08  9.40221414e-01  4.35100000e-08  1.09379267e+00  4.35100000e-08  3.30000000e+00  4.35100000e-08  3.30000000e+00 
 4.35300000e-08  3.45682235e+00  4.35300000e-08  3.61746987e+00  4.35300000e-08  9.08453567e-01  4.35300000e-08  1.06437841e+00  4.35300000e-08  3.30000000e+00  4.35300000e-08  3.30000000e+00 
 4.35500000e-08  3.33356193e+00  4.35500000e-08  3.60349303e+00  4.35500000e-08  8.77039747e-01  4.35500000e-08  1.03535883e+00  4.35500000e-08  3.30000000e+00  4.35500000e-08  3.30000000e+00 
 4.35700000e-08  3.20580844e+00  4.35700000e-08  3.59065338e+00  4.35700000e-08  8.46071692e-01  4.35700000e-08  1.00667349e+00  4.35700000e-08  3.30000000e+00  4.35700000e-08  3.30000000e+00 
 4.35900000e-08  3.07953958e+00  4.35900000e-08  3.57857895e+00  4.35900000e-08  8.15758739e-01  4.35900000e-08  9.78296327e-01  4.35900000e-08  3.30000000e+00  4.35900000e-08  3.30000000e+00 
 4.36100000e-08  2.95878627e+00  4.36100000e-08  3.56710443e+00  4.36100000e-08  7.86565996e-01  4.36100000e-08  9.50234173e-01  4.36100000e-08  3.30000000e+00  4.36100000e-08  3.30000000e+00 
 4.36300000e-08  2.84579271e+00  4.36300000e-08  3.55601602e+00  4.36300000e-08  7.59348075e-01  4.36300000e-08  9.22524617e-01  4.36300000e-08  3.30000000e+00  4.36300000e-08  3.30000000e+00 
 4.36500000e-08  2.74195585e+00  4.36500000e-08  3.54478023e+00  4.36500000e-08  7.35169336e-01  4.36500000e-08  8.95189042e-01  4.36500000e-08  3.30000000e+00  4.36500000e-08  3.30000000e+00 
 4.36700000e-08  2.64855751e+00  4.36700000e-08  3.53290601e+00  4.36700000e-08  7.14697291e-01  4.36700000e-08  8.68181531e-01  4.36700000e-08  3.30000000e+00  4.36700000e-08  3.30000000e+00 
 4.36900000e-08  2.56719210e+00  4.36900000e-08  3.52028236e+00  4.36900000e-08  6.97837013e-01  4.36900000e-08  8.41408993e-01  4.36900000e-08  3.30000000e+00  4.36900000e-08  3.30000000e+00 
 4.37100000e-08  2.49971585e+00  4.37100000e-08  3.50704300e+00  4.37100000e-08  6.83991746e-01  4.37100000e-08  8.14825689e-01  4.37100000e-08  3.30000000e+00  4.37100000e-08  3.30000000e+00 
 4.37300000e-08  2.44681041e+00  4.37300000e-08  3.49356679e+00  4.37300000e-08  6.72474943e-01  4.37300000e-08  7.88563521e-01  4.37300000e-08  3.30000000e+00  4.37300000e-08  3.30000000e+00 
 4.37500000e-08  2.40679778e+00  4.37500000e-08  3.48054697e+00  4.37500000e-08  6.62721964e-01  4.37500000e-08  7.63081754e-01  4.37500000e-08  3.30000000e+00  4.37500000e-08  3.30000000e+00 
 4.37700000e-08  2.37687351e+00  4.37700000e-08  3.46852912e+00  4.37700000e-08  6.54313175e-01  4.37700000e-08  7.39179922e-01  4.37700000e-08  3.30000000e+00  4.37700000e-08  3.30000000e+00 
 4.37900000e-08  2.35448488e+00  4.37900000e-08  3.45770646e+00  4.37900000e-08  6.46924097e-01  4.37900000e-08  7.17666078e-01  4.37900000e-08  3.30000000e+00  4.37900000e-08  3.30000000e+00 
 4.38100000e-08  2.33766912e+00  4.38100000e-08  3.44803888e+00  4.38100000e-08  6.40289409e-01  4.38100000e-08  6.98926964e-01  4.38100000e-08  3.30000000e+00  4.38100000e-08  3.30000000e+00 
 4.38300000e-08  2.32495765e+00  4.38300000e-08  3.43938423e+00  4.38300000e-08  6.34194278e-01  4.38300000e-08  6.82817947e-01  4.38300000e-08  3.30000000e+00  4.38300000e-08  3.30000000e+00 
 4.38500000e-08  2.31524415e+00  4.38500000e-08  3.43157865e+00  4.38500000e-08  6.28470279e-01  4.38500000e-08  6.68897545e-01  4.38500000e-08  3.30000000e+00  4.38500000e-08  3.30000000e+00 
 4.38700000e-08  2.30770195e+00  4.38700000e-08  3.42447489e+00  4.38700000e-08  6.22991283e-01  4.38700000e-08  6.56687724e-01  4.38700000e-08  3.30000000e+00  4.38700000e-08  3.30000000e+00 
 4.38900000e-08  2.30172671e+00  4.38900000e-08  3.41795409e+00  4.38900000e-08  6.17664569e-01  4.38900000e-08  6.45792385e-01  4.38900000e-08  3.30000000e+00  4.38900000e-08  3.30000000e+00 
 4.39100000e-08  2.29688696e+00  4.39100000e-08  3.41192447e+00  4.39100000e-08  6.12425642e-01  4.39100000e-08  6.35911881e-01  4.39100000e-08  3.30000000e+00  4.39100000e-08  3.30000000e+00 
 4.39300000e-08  2.29287963e+00  4.39300000e-08  3.40631619e+00  4.39300000e-08  6.07230501e-01  4.39300000e-08  6.26831578e-01  4.39300000e-08  3.30000000e+00  4.39300000e-08  3.30000000e+00 
 4.39500000e-08  2.28949387e+00  4.39500000e-08  3.40107584e+00  4.39500000e-08  6.02052299e-01  4.39500000e-08  6.18396885e-01  4.39500000e-08  3.30000000e+00  4.39500000e-08  3.30000000e+00 
 4.39700000e-08  2.28658136e+00  4.39700000e-08  3.39616168e+00  4.39700000e-08  5.96875371e-01  4.39700000e-08  6.10489706e-01  4.39700000e-08  3.30000000e+00  4.39700000e-08  3.30000000e+00 
 4.39900000e-08  2.28403728e+00  4.39900000e-08  3.39154047e+00  4.39900000e-08  5.91693510e-01  4.39900000e-08  6.03020872e-01  4.39900000e-08  3.30000000e+00  4.39900000e-08  3.30000000e+00 
 4.40100000e-08  2.28178592e+00  4.40100000e-08  3.38718498e+00  4.40100000e-08  5.86505357e-01  4.40100000e-08  5.95921536e-01  4.40100000e-08  3.30000000e+00  4.40100000e-08  3.30000000e+00 
 4.40300000e-08  2.27977201e+00  4.40300000e-08  3.38307257e+00  4.40300000e-08  5.81314146e-01  4.40300000e-08  5.89137197e-01  4.40300000e-08  3.30000000e+00  4.40300000e-08  3.30000000e+00 
 4.40500000e-08  2.27795394e+00  4.40500000e-08  3.37918384e+00  4.40500000e-08  5.76124303e-01  4.40500000e-08  5.82624029e-01  4.40500000e-08  3.30000000e+00  4.40500000e-08  3.30000000e+00 
 4.40700000e-08  2.27630017e+00  4.40700000e-08  3.37550211e+00  4.40700000e-08  5.70942248e-01  4.40700000e-08  5.76346025e-01  4.40700000e-08  3.30000000e+00  4.40700000e-08  3.30000000e+00 
 4.40900000e-08  2.27478588e+00  4.40900000e-08  3.37201259e+00  4.40900000e-08  5.65773750e-01  4.40900000e-08  5.70273435e-01  4.40900000e-08  3.30000000e+00  4.40900000e-08  3.30000000e+00 
 4.41100000e-08  2.27339160e+00  4.41100000e-08  3.36870227e+00  4.41100000e-08  5.60625366e-01  4.41100000e-08  5.64381226e-01  4.41100000e-08  3.30000000e+00  4.41100000e-08  3.30000000e+00 
 4.41300000e-08  2.27210138e+00  4.41300000e-08  3.36555936e+00  4.41300000e-08  5.55502210e-01  4.41300000e-08  5.58648439e-01  4.41300000e-08  3.30000000e+00  4.41300000e-08  3.30000000e+00 
 4.41500000e-08  2.27090243e+00  4.41500000e-08  3.36257332e+00  4.41500000e-08  5.50409736e-01  4.41500000e-08  5.53057199e-01  4.41500000e-08  3.30000000e+00  4.41500000e-08  3.30000000e+00 
 4.41700000e-08  2.26978387e+00  4.41700000e-08  3.35973444e+00  4.41700000e-08  5.45351712e-01  4.41700000e-08  5.47592493e-01  4.41700000e-08  3.30000000e+00  4.41700000e-08  3.30000000e+00 
 4.41900000e-08  2.26873683e+00  4.41900000e-08  3.35703400e+00  4.41900000e-08  5.40332174e-01  4.41900000e-08  5.42241423e-01  4.41900000e-08  3.30000000e+00  4.41900000e-08  3.30000000e+00 
 4.42100000e-08  2.26775358e+00  4.42100000e-08  3.35446383e+00  4.42100000e-08  5.35353482e-01  4.42100000e-08  5.36993187e-01  4.42100000e-08  3.30000000e+00  4.42100000e-08  3.30000000e+00 
 4.42300000e-08  2.26682773e+00  4.42300000e-08  3.35201655e+00  4.42300000e-08  5.30418362e-01  4.42300000e-08  5.31838451e-01  4.42300000e-08  3.30000000e+00  4.42300000e-08  3.30000000e+00 
 4.42500000e-08  2.26595357e+00  4.42500000e-08  3.34968521e+00  4.42500000e-08  5.25527974e-01  4.42500000e-08  5.26769448e-01  4.42500000e-08  3.30000000e+00  4.42500000e-08  3.30000000e+00 
 4.42700000e-08  2.26512638e+00  4.42700000e-08  3.34746351e+00  4.42700000e-08  5.20683993e-01  4.42700000e-08  5.21779415e-01  4.42700000e-08  3.30000000e+00  4.42700000e-08  3.30000000e+00 
 4.42900000e-08  2.26434181e+00  4.42900000e-08  3.34534542e+00  4.42900000e-08  5.15886667e-01  4.42900000e-08  5.16862770e-01  4.42900000e-08  3.30000000e+00  4.42900000e-08  3.30000000e+00 
 4.43100000e-08  2.26359630e+00  4.43100000e-08  3.34332552e+00  4.43100000e-08  5.11136907e-01  4.43100000e-08  5.12014593e-01  4.43100000e-08  3.30000000e+00  4.43100000e-08  3.30000000e+00 
 4.43300000e-08  2.26288646e+00  4.43300000e-08  3.34139855e+00  4.43300000e-08  5.06434323e-01  4.43300000e-08  5.07230863e-01  4.43300000e-08  3.30000000e+00  4.43300000e-08  3.30000000e+00 
 4.43500000e-08  2.26220952e+00  4.43500000e-08  3.33955980e+00  4.43500000e-08  5.01779316e-01  4.43500000e-08  5.02507964e-01  4.43500000e-08  3.30000000e+00  4.43500000e-08  3.30000000e+00 
 4.43700000e-08  2.26156280e+00  4.43700000e-08  3.33780465e+00  4.43700000e-08  4.97171084e-01  4.43700000e-08  4.97842976e-01  4.43700000e-08  3.30000000e+00  4.43700000e-08  3.30000000e+00 
 4.43900000e-08  2.26094415e+00  4.43900000e-08  3.33612897e+00  4.43900000e-08  4.92609716e-01  4.43900000e-08  4.93233199e-01  4.43900000e-08  3.30000000e+00  4.43900000e-08  3.30000000e+00 
 4.44100000e-08  2.26035137e+00  4.44100000e-08  3.33452870e+00  4.44100000e-08  4.88094170e-01  4.44100000e-08  4.88676479e-01  4.44100000e-08  3.30000000e+00  4.44100000e-08  3.30000000e+00 
 4.44300000e-08  2.25978275e+00  4.44300000e-08  3.33300019e+00  4.44300000e-08  4.83624365e-01  4.44300000e-08  4.84170752e-01  4.44300000e-08  3.30000000e+00  4.44300000e-08  3.30000000e+00 
 4.44500000e-08  2.25923651e+00  4.44500000e-08  3.33153983e+00  4.44500000e-08  4.79199137e-01  4.44500000e-08  4.79714398e-01  4.44500000e-08  3.30000000e+00  4.44500000e-08  3.30000000e+00 
 4.44700000e-08  2.25871125e+00  4.44700000e-08  3.33014440e+00  4.44700000e-08  4.74818332e-01  4.44700000e-08  4.75305793e-01  4.44700000e-08  3.30000000e+00  4.44700000e-08  3.30000000e+00 
 4.44900000e-08  2.25820548e+00  4.44900000e-08  3.32881069e+00  4.44900000e-08  4.70480739e-01  4.44900000e-08  4.70943686e-01  4.44900000e-08  3.30000000e+00  4.44900000e-08  3.30000000e+00 
 4.45100000e-08  2.25771809e+00  4.45100000e-08  3.32753584e+00  4.45100000e-08  4.66186189e-01  4.45100000e-08  4.66626760e-01  4.45100000e-08  3.30000000e+00  4.45100000e-08  3.30000000e+00 
 4.45300000e-08  2.25724781e+00  4.45300000e-08  3.32631697e+00  4.45300000e-08  4.61933476e-01  4.45300000e-08  4.62354023e-01  4.45300000e-08  3.30000000e+00  4.45300000e-08  3.30000000e+00 
 4.45500000e-08  2.25679371e+00  4.45500000e-08  3.32515155e+00  4.45500000e-08  4.57722448e-01  4.45500000e-08  4.58124374e-01  4.45500000e-08  3.30000000e+00  4.45500000e-08  3.30000000e+00 
 4.45700000e-08  2.25635473e+00  4.45700000e-08  3.32403696e+00  4.45700000e-08  4.53551925e-01  4.45700000e-08  4.53937004e-01  4.45700000e-08  3.30000000e+00  4.45700000e-08  3.30000000e+00 
 4.45900000e-08  2.25593010e+00  4.45900000e-08  3.32297097e+00  4.45900000e-08  4.49421795e-01  4.45900000e-08  4.49790965e-01  4.45900000e-08  3.30000000e+00  4.45900000e-08  3.30000000e+00 
 4.46100000e-08  2.25551890e+00  4.46100000e-08  3.32195123e+00  4.46100000e-08  4.45330913e-01  4.46100000e-08  4.45685585e-01  4.46100000e-08  3.30000000e+00  4.46100000e-08  3.30000000e+00 
 4.46300000e-08  2.25512050e+00  4.46300000e-08  3.32097572e+00  4.46300000e-08  4.41279211e-01  4.46300000e-08  4.41620028e-01  4.46300000e-08  3.30000000e+00  4.46300000e-08  3.30000000e+00 
 4.46500000e-08  2.25473408e+00  4.46500000e-08  3.32004233e+00  4.46500000e-08  4.37265589e-01  4.46500000e-08  4.37593719e-01  4.46500000e-08  3.30000000e+00  4.46500000e-08  3.30000000e+00 
 4.46700000e-08  2.25435914e+00  4.46700000e-08  3.31914924e+00  4.46700000e-08  4.33290020e-01  4.46700000e-08  4.33605912e-01  4.46700000e-08  3.30000000e+00  4.46700000e-08  3.30000000e+00 
 4.46900000e-08  2.25399495e+00  4.46900000e-08  3.31829455e+00  4.46900000e-08  4.29351446e-01  4.46900000e-08  4.29656107e-01  4.46900000e-08  3.30000000e+00  4.46900000e-08  3.30000000e+00 
 4.47100000e-08  2.25364109e+00  4.47100000e-08  3.31747663e+00  4.47100000e-08  4.25449883e-01  4.47100000e-08  4.25743623e-01  4.47100000e-08  3.30000000e+00  4.47100000e-08  3.30000000e+00 
 4.47300000e-08  2.25329693e+00  4.47300000e-08  3.31669374e+00  4.47300000e-08  4.21584310e-01  4.47300000e-08  4.21868022e-01  4.47300000e-08  3.30000000e+00  4.47300000e-08  3.30000000e+00 
 4.47500000e-08  2.25296211e+00  4.47500000e-08  3.31594443e+00  4.47500000e-08  4.17754781e-01  4.47500000e-08  4.18028675e-01  4.47500000e-08  3.30000000e+00  4.47500000e-08  3.30000000e+00 
 4.47700000e-08  2.25263606e+00  4.47700000e-08  3.31522710e+00  4.47700000e-08  4.13960310e-01  4.47700000e-08  4.14225194e-01  4.47700000e-08  3.30000000e+00  4.47700000e-08  3.30000000e+00 
 4.47900000e-08  2.25231849e+00  4.47900000e-08  3.31454047e+00  4.47900000e-08  4.10200985e-01  4.47900000e-08  4.10456991e-01  4.47900000e-08  3.30000000e+00  4.47900000e-08  3.30000000e+00 
 4.48100000e-08  2.25200889e+00  4.48100000e-08  3.31388306e+00  4.48100000e-08  4.06475850e-01  4.48100000e-08  4.06723719e-01  4.48100000e-08  3.30000000e+00  4.48100000e-08  3.30000000e+00 
 4.48300000e-08  2.25170702e+00  4.48300000e-08  3.31325372e+00  4.48300000e-08  4.02785023e-01  4.48300000e-08  4.03024827e-01  4.48300000e-08  3.30000000e+00  4.48300000e-08  3.30000000e+00 
 4.48500000e-08  2.25141242e+00  4.48500000e-08  3.31265111e+00  4.48500000e-08  3.99127573e-01  4.48500000e-08  3.99359999e-01  4.48500000e-08  3.30000000e+00  4.48500000e-08  3.30000000e+00 
 4.48700000e-08  2.25112488e+00  4.48700000e-08  3.31207419e+00  4.48700000e-08  3.95503644e-01  4.48700000e-08  3.95728717e-01  4.48700000e-08  3.30000000e+00  4.48700000e-08  3.30000000e+00 
 4.48900000e-08  2.25084400e+00  4.48900000e-08  3.31152172e+00  4.48900000e-08  3.91912331e-01  4.48900000e-08  3.92130693e-01  4.48900000e-08  3.30000000e+00  4.48900000e-08  3.30000000e+00 
 4.49100000e-08  2.25056960e+00  4.49100000e-08  3.31099278e+00  4.49100000e-08  3.88353799e-01  4.49100000e-08  3.88565432e-01  4.49100000e-08  3.30000000e+00  4.49100000e-08  3.30000000e+00 
 4.49300000e-08  2.25030131e+00  4.49300000e-08  3.31048623e+00  4.49300000e-08  3.84827162e-01  4.49300000e-08  3.85032673e-01  4.49300000e-08  3.30000000e+00  4.49300000e-08  3.30000000e+00 
 4.49500000e-08  2.25003898e+00  4.49500000e-08  3.31000123e+00  4.49500000e-08  3.81332606e-01  4.49500000e-08  3.81531942e-01  4.49500000e-08  3.30000000e+00  4.49500000e-08  3.30000000e+00 
 4.49700000e-08  2.24978228e+00  4.49700000e-08  3.30953674e+00  4.49700000e-08  3.77869262e-01  4.49700000e-08  3.78062998e-01  4.49700000e-08  3.30000000e+00  4.49700000e-08  3.30000000e+00 
 4.49850000e-08  2.24959340e+00  4.49850000e-08  3.30920141e+00  4.49850000e-08  3.75292453e-01  4.49850000e-08  3.75481865e-01  4.49850000e-08  3.30000000e+00  4.49850000e-08  3.30000000e+00 
 4.50000000e-08  2.24940744e+00  4.50000000e-08  3.30887675e+00  4.50000000e-08  3.72732763e-01  4.50000000e-08  3.72918301e-01  4.50000000e-08  3.30000000e+00  4.50000000e-08  3.30000000e+00 
