 0.00000000e+00  3.30000000e+00  0.00000000e+00  3.30000000e+00  0.00000000e+00  3.29999988e+00  0.00000000e+00  3.29999989e+00  0.00000000e+00  0.00000000e+00  0.00000000e+00  0.00000000e+00 
 2.00000000e-13  3.30000000e+00  2.00000000e-13  3.30000000e+00  2.00000000e-13  3.29999988e+00  2.00000000e-13  3.29999989e+00  2.00000000e-13  0.00000000e+00  2.00000000e-13  0.00000000e+00 
 4.00000000e-13  3.30000000e+00  4.00000000e-13  3.30000000e+00  4.00000000e-13  3.29999988e+00  4.00000000e-13  3.29999989e+00  4.00000000e-13  0.00000000e+00  4.00000000e-13  0.00000000e+00 
 8.00000000e-13  3.30000000e+00  8.00000000e-13  3.30000000e+00  8.00000000e-13  3.29999988e+00  8.00000000e-13  3.29999989e+00  8.00000000e-13  0.00000000e+00  8.00000000e-13  0.00000000e+00 
 1.60000000e-12  3.30000000e+00  1.60000000e-12  3.30000000e+00  1.60000000e-12  3.29999988e+00  1.60000000e-12  3.29999990e+00  1.60000000e-12  0.00000000e+00  1.60000000e-12  0.00000000e+00 
 3.20000000e-12  3.30000000e+00  3.20000000e-12  3.30000000e+00  3.20000000e-12  3.29999988e+00  3.20000000e-12  3.29999990e+00  3.20000000e-12  0.00000000e+00  3.20000000e-12  0.00000000e+00 
 6.40000000e-12  3.30000000e+00  6.40000000e-12  3.30000000e+00  6.40000000e-12  3.29999988e+00  6.40000000e-12  3.29999991e+00  6.40000000e-12  0.00000000e+00  6.40000000e-12  0.00000000e+00 
 1.28000000e-11  3.30000000e+00  1.28000000e-11  3.30000000e+00  1.28000000e-11  3.29999988e+00  1.28000000e-11  3.29999992e+00  1.28000000e-11  0.00000000e+00  1.28000000e-11  0.00000000e+00 
 2.56000000e-11  3.30000000e+00  2.56000000e-11  3.30000000e+00  2.56000000e-11  3.29999988e+00  2.56000000e-11  3.29999995e+00  2.56000000e-11  0.00000000e+00  2.56000000e-11  0.00000000e+00 
 4.56000000e-11  3.30000000e+00  4.56000000e-11  3.30000000e+00  4.56000000e-11  3.29999988e+00  4.56000000e-11  3.29999999e+00  4.56000000e-11  0.00000000e+00  4.56000000e-11  0.00000000e+00 
 6.56000000e-11  3.30000000e+00  6.56000000e-11  3.30000000e+00  6.56000000e-11  3.29999988e+00  6.56000000e-11  3.30000002e+00  6.56000000e-11  0.00000000e+00  6.56000000e-11  0.00000000e+00 
 8.56000000e-11  3.30000000e+00  8.56000000e-11  3.30000000e+00  8.56000000e-11  3.29999988e+00  8.56000000e-11  3.30000005e+00  8.56000000e-11  0.00000000e+00  8.56000000e-11  0.00000000e+00 
 1.05600000e-10  3.30000000e+00  1.05600000e-10  3.30000000e+00  1.05600000e-10  3.29999988e+00  1.05600000e-10  3.30000007e+00  1.05600000e-10  0.00000000e+00  1.05600000e-10  0.00000000e+00 
 1.25600000e-10  3.30000000e+00  1.25600000e-10  3.30000000e+00  1.25600000e-10  3.29999988e+00  1.25600000e-10  3.30000009e+00  1.25600000e-10  0.00000000e+00  1.25600000e-10  0.00000000e+00 
 1.45600000e-10  3.30000000e+00  1.45600000e-10  3.30000000e+00  1.45600000e-10  3.29999988e+00  1.45600000e-10  3.30000010e+00  1.45600000e-10  0.00000000e+00  1.45600000e-10  0.00000000e+00 
 1.65600000e-10  3.30000000e+00  1.65600000e-10  3.30000000e+00  1.65600000e-10  3.29999988e+00  1.65600000e-10  3.30000011e+00  1.65600000e-10  0.00000000e+00  1.65600000e-10  0.00000000e+00 
 1.85600000e-10  3.30000000e+00  1.85600000e-10  3.30000000e+00  1.85600000e-10  3.29999988e+00  1.85600000e-10  3.30000012e+00  1.85600000e-10  0.00000000e+00  1.85600000e-10  0.00000000e+00 
 2.05600000e-10  3.30000000e+00  2.05600000e-10  3.30000000e+00  2.05600000e-10  3.29999988e+00  2.05600000e-10  3.30000013e+00  2.05600000e-10  0.00000000e+00  2.05600000e-10  0.00000000e+00 
 2.25600000e-10  3.30000000e+00  2.25600000e-10  3.30000000e+00  2.25600000e-10  3.29999988e+00  2.25600000e-10  3.30000013e+00  2.25600000e-10  0.00000000e+00  2.25600000e-10  0.00000000e+00 
 2.45600000e-10  3.30000000e+00  2.45600000e-10  3.30000000e+00  2.45600000e-10  3.29999988e+00  2.45600000e-10  3.30000014e+00  2.45600000e-10  0.00000000e+00  2.45600000e-10  0.00000000e+00 
 2.65600000e-10  3.30000000e+00  2.65600000e-10  3.30000000e+00  2.65600000e-10  3.29999988e+00  2.65600000e-10  3.30000014e+00  2.65600000e-10  0.00000000e+00  2.65600000e-10  0.00000000e+00 
 2.85600000e-10  3.30000000e+00  2.85600000e-10  3.30000000e+00  2.85600000e-10  3.29999988e+00  2.85600000e-10  3.30000014e+00  2.85600000e-10  0.00000000e+00  2.85600000e-10  0.00000000e+00 
 3.05600000e-10  3.30000000e+00  3.05600000e-10  3.30000000e+00  3.05600000e-10  3.29999988e+00  3.05600000e-10  3.30000014e+00  3.05600000e-10  0.00000000e+00  3.05600000e-10  0.00000000e+00 
 3.25600000e-10  3.30000000e+00  3.25600000e-10  3.30000000e+00  3.25600000e-10  3.29999988e+00  3.25600000e-10  3.30000015e+00  3.25600000e-10  0.00000000e+00  3.25600000e-10  0.00000000e+00 
 3.45600000e-10  3.30000000e+00  3.45600000e-10  3.30000000e+00  3.45600000e-10  3.29999988e+00  3.45600000e-10  3.30000015e+00  3.45600000e-10  0.00000000e+00  3.45600000e-10  0.00000000e+00 
 3.65600000e-10  3.30000000e+00  3.65600000e-10  3.30000000e+00  3.65600000e-10  3.29999988e+00  3.65600000e-10  3.30000015e+00  3.65600000e-10  0.00000000e+00  3.65600000e-10  0.00000000e+00 
 3.85600000e-10  3.30000000e+00  3.85600000e-10  3.30000000e+00  3.85600000e-10  3.29999988e+00  3.85600000e-10  3.30000015e+00  3.85600000e-10  0.00000000e+00  3.85600000e-10  0.00000000e+00 
 4.05600000e-10  3.30000000e+00  4.05600000e-10  3.30000000e+00  4.05600000e-10  3.29999988e+00  4.05600000e-10  3.30000015e+00  4.05600000e-10  0.00000000e+00  4.05600000e-10  0.00000000e+00 
 4.25600000e-10  3.30000000e+00  4.25600000e-10  3.30000000e+00  4.25600000e-10  3.29999988e+00  4.25600000e-10  3.30000015e+00  4.25600000e-10  0.00000000e+00  4.25600000e-10  0.00000000e+00 
 4.45600000e-10  3.30000000e+00  4.45600000e-10  3.30000000e+00  4.45600000e-10  3.29999988e+00  4.45600000e-10  3.30000015e+00  4.45600000e-10  0.00000000e+00  4.45600000e-10  0.00000000e+00 
 4.65600000e-10  3.30000000e+00  4.65600000e-10  3.30000000e+00  4.65600000e-10  3.29999988e+00  4.65600000e-10  3.30000015e+00  4.65600000e-10  0.00000000e+00  4.65600000e-10  0.00000000e+00 
 4.85600000e-10  3.30000000e+00  4.85600000e-10  3.30000000e+00  4.85600000e-10  3.29999988e+00  4.85600000e-10  3.30000015e+00  4.85600000e-10  0.00000000e+00  4.85600000e-10  0.00000000e+00 
 5.05600000e-10  3.30000000e+00  5.05600000e-10  3.30000000e+00  5.05600000e-10  3.29999988e+00  5.05600000e-10  3.30000015e+00  5.05600000e-10  0.00000000e+00  5.05600000e-10  0.00000000e+00 
 5.25600000e-10  3.30000000e+00  5.25600000e-10  3.30000000e+00  5.25600000e-10  3.29999988e+00  5.25600000e-10  3.30000015e+00  5.25600000e-10  0.00000000e+00  5.25600000e-10  0.00000000e+00 
 5.45600000e-10  3.30000000e+00  5.45600000e-10  3.30000000e+00  5.45600000e-10  3.29999988e+00  5.45600000e-10  3.30000015e+00  5.45600000e-10  0.00000000e+00  5.45600000e-10  0.00000000e+00 
 5.65600000e-10  3.30000000e+00  5.65600000e-10  3.30000000e+00  5.65600000e-10  3.29999988e+00  5.65600000e-10  3.30000015e+00  5.65600000e-10  0.00000000e+00  5.65600000e-10  0.00000000e+00 
 5.85600000e-10  3.30000000e+00  5.85600000e-10  3.30000000e+00  5.85600000e-10  3.29999988e+00  5.85600000e-10  3.30000015e+00  5.85600000e-10  0.00000000e+00  5.85600000e-10  0.00000000e+00 
 6.05600000e-10  3.30000000e+00  6.05600000e-10  3.30000000e+00  6.05600000e-10  3.29999988e+00  6.05600000e-10  3.30000015e+00  6.05600000e-10  0.00000000e+00  6.05600000e-10  0.00000000e+00 
 6.25600000e-10  3.30000000e+00  6.25600000e-10  3.30000000e+00  6.25600000e-10  3.29999988e+00  6.25600000e-10  3.30000015e+00  6.25600000e-10  0.00000000e+00  6.25600000e-10  0.00000000e+00 
 6.45600000e-10  3.30000000e+00  6.45600000e-10  3.30000000e+00  6.45600000e-10  3.29999988e+00  6.45600000e-10  3.30000015e+00  6.45600000e-10  0.00000000e+00  6.45600000e-10  0.00000000e+00 
 6.65600000e-10  3.30000000e+00  6.65600000e-10  3.30000000e+00  6.65600000e-10  3.29999988e+00  6.65600000e-10  3.30000015e+00  6.65600000e-10  0.00000000e+00  6.65600000e-10  0.00000000e+00 
 6.85600000e-10  3.30000000e+00  6.85600000e-10  3.30000000e+00  6.85600000e-10  3.29999988e+00  6.85600000e-10  3.30000015e+00  6.85600000e-10  0.00000000e+00  6.85600000e-10  0.00000000e+00 
 7.05600000e-10  3.30000000e+00  7.05600000e-10  3.30000000e+00  7.05600000e-10  3.29999988e+00  7.05600000e-10  3.30000015e+00  7.05600000e-10  0.00000000e+00  7.05600000e-10  0.00000000e+00 
 7.25600000e-10  3.30000000e+00  7.25600000e-10  3.30000000e+00  7.25600000e-10  3.29999988e+00  7.25600000e-10  3.30000015e+00  7.25600000e-10  0.00000000e+00  7.25600000e-10  0.00000000e+00 
 7.45600000e-10  3.30000000e+00  7.45600000e-10  3.30000000e+00  7.45600000e-10  3.29999988e+00  7.45600000e-10  3.30000015e+00  7.45600000e-10  0.00000000e+00  7.45600000e-10  0.00000000e+00 
 7.65600000e-10  3.30000000e+00  7.65600000e-10  3.30000000e+00  7.65600000e-10  3.29999988e+00  7.65600000e-10  3.30000015e+00  7.65600000e-10  0.00000000e+00  7.65600000e-10  0.00000000e+00 
 7.85600000e-10  3.30000000e+00  7.85600000e-10  3.30000000e+00  7.85600000e-10  3.29999988e+00  7.85600000e-10  3.30000015e+00  7.85600000e-10  0.00000000e+00  7.85600000e-10  0.00000000e+00 
 8.05600000e-10  3.30000000e+00  8.05600000e-10  3.30000000e+00  8.05600000e-10  3.29999988e+00  8.05600000e-10  3.30000015e+00  8.05600000e-10  0.00000000e+00  8.05600000e-10  0.00000000e+00 
 8.25600000e-10  3.30000000e+00  8.25600000e-10  3.30000000e+00  8.25600000e-10  3.29999988e+00  8.25600000e-10  3.30000015e+00  8.25600000e-10  0.00000000e+00  8.25600000e-10  0.00000000e+00 
 8.45600000e-10  3.30000000e+00  8.45600000e-10  3.30000000e+00  8.45600000e-10  3.29999988e+00  8.45600000e-10  3.30000015e+00  8.45600000e-10  0.00000000e+00  8.45600000e-10  0.00000000e+00 
 8.65600000e-10  3.30000000e+00  8.65600000e-10  3.30000000e+00  8.65600000e-10  3.29999988e+00  8.65600000e-10  3.30000015e+00  8.65600000e-10  0.00000000e+00  8.65600000e-10  0.00000000e+00 
 8.85600000e-10  3.30000000e+00  8.85600000e-10  3.30000000e+00  8.85600000e-10  3.29999988e+00  8.85600000e-10  3.30000015e+00  8.85600000e-10  0.00000000e+00  8.85600000e-10  0.00000000e+00 
 9.05600000e-10  3.30000000e+00  9.05600000e-10  3.30000000e+00  9.05600000e-10  3.29999988e+00  9.05600000e-10  3.30000015e+00  9.05600000e-10  0.00000000e+00  9.05600000e-10  0.00000000e+00 
 9.25600000e-10  3.30000000e+00  9.25600000e-10  3.30000000e+00  9.25600000e-10  3.29999988e+00  9.25600000e-10  3.30000015e+00  9.25600000e-10  0.00000000e+00  9.25600000e-10  0.00000000e+00 
 9.45600000e-10  3.30000000e+00  9.45600000e-10  3.30000000e+00  9.45600000e-10  3.29999988e+00  9.45600000e-10  3.30000015e+00  9.45600000e-10  0.00000000e+00  9.45600000e-10  0.00000000e+00 
 9.65600000e-10  3.30000000e+00  9.65600000e-10  3.30000000e+00  9.65600000e-10  3.29999988e+00  9.65600000e-10  3.30000015e+00  9.65600000e-10  0.00000000e+00  9.65600000e-10  0.00000000e+00 
 9.85600000e-10  3.30000000e+00  9.85600000e-10  3.30000000e+00  9.85600000e-10  3.29999988e+00  9.85600000e-10  3.30000015e+00  9.85600000e-10  0.00000000e+00  9.85600000e-10  0.00000000e+00 
 1.00560000e-09  3.30000000e+00  1.00560000e-09  3.30000000e+00  1.00560000e-09  3.29999988e+00  1.00560000e-09  3.30000015e+00  1.00560000e-09  0.00000000e+00  1.00560000e-09  0.00000000e+00 
 1.02560000e-09  3.30000000e+00  1.02560000e-09  3.30000000e+00  1.02560000e-09  3.29999988e+00  1.02560000e-09  3.30000015e+00  1.02560000e-09  0.00000000e+00  1.02560000e-09  0.00000000e+00 
 1.04560000e-09  3.30000000e+00  1.04560000e-09  3.30000000e+00  1.04560000e-09  3.29999988e+00  1.04560000e-09  3.30000015e+00  1.04560000e-09  0.00000000e+00  1.04560000e-09  0.00000000e+00 
 1.06560000e-09  3.30000000e+00  1.06560000e-09  3.30000000e+00  1.06560000e-09  3.29999988e+00  1.06560000e-09  3.30000015e+00  1.06560000e-09  0.00000000e+00  1.06560000e-09  0.00000000e+00 
 1.08560000e-09  3.30000000e+00  1.08560000e-09  3.30000000e+00  1.08560000e-09  3.29999988e+00  1.08560000e-09  3.30000015e+00  1.08560000e-09  0.00000000e+00  1.08560000e-09  0.00000000e+00 
 1.10560000e-09  3.30000000e+00  1.10560000e-09  3.30000000e+00  1.10560000e-09  3.29999988e+00  1.10560000e-09  3.30000015e+00  1.10560000e-09  0.00000000e+00  1.10560000e-09  0.00000000e+00 
 1.12560000e-09  3.30000000e+00  1.12560000e-09  3.30000000e+00  1.12560000e-09  3.29999988e+00  1.12560000e-09  3.30000015e+00  1.12560000e-09  0.00000000e+00  1.12560000e-09  0.00000000e+00 
 1.14560000e-09  3.30000000e+00  1.14560000e-09  3.30000000e+00  1.14560000e-09  3.29999988e+00  1.14560000e-09  3.30000015e+00  1.14560000e-09  0.00000000e+00  1.14560000e-09  0.00000000e+00 
 1.16560000e-09  3.30000000e+00  1.16560000e-09  3.30000000e+00  1.16560000e-09  3.29999988e+00  1.16560000e-09  3.30000015e+00  1.16560000e-09  0.00000000e+00  1.16560000e-09  0.00000000e+00 
 1.18560000e-09  3.30000000e+00  1.18560000e-09  3.30000000e+00  1.18560000e-09  3.29999988e+00  1.18560000e-09  3.30000015e+00  1.18560000e-09  0.00000000e+00  1.18560000e-09  0.00000000e+00 
 1.20560000e-09  3.30000000e+00  1.20560000e-09  3.30000000e+00  1.20560000e-09  3.29999988e+00  1.20560000e-09  3.30000015e+00  1.20560000e-09  0.00000000e+00  1.20560000e-09  0.00000000e+00 
 1.22560000e-09  3.30000000e+00  1.22560000e-09  3.30000000e+00  1.22560000e-09  3.29999988e+00  1.22560000e-09  3.30000015e+00  1.22560000e-09  0.00000000e+00  1.22560000e-09  0.00000000e+00 
 1.24560000e-09  3.30000000e+00  1.24560000e-09  3.30000000e+00  1.24560000e-09  3.29999988e+00  1.24560000e-09  3.30000015e+00  1.24560000e-09  0.00000000e+00  1.24560000e-09  0.00000000e+00 
 1.26560000e-09  3.30000000e+00  1.26560000e-09  3.30000000e+00  1.26560000e-09  3.29999988e+00  1.26560000e-09  3.30000015e+00  1.26560000e-09  0.00000000e+00  1.26560000e-09  0.00000000e+00 
 1.28560000e-09  3.30000000e+00  1.28560000e-09  3.30000000e+00  1.28560000e-09  3.29999988e+00  1.28560000e-09  3.30000015e+00  1.28560000e-09  0.00000000e+00  1.28560000e-09  0.00000000e+00 
 1.30560000e-09  3.30000000e+00  1.30560000e-09  3.30000000e+00  1.30560000e-09  3.29999988e+00  1.30560000e-09  3.30000015e+00  1.30560000e-09  0.00000000e+00  1.30560000e-09  0.00000000e+00 
 1.32560000e-09  3.30000000e+00  1.32560000e-09  3.30000000e+00  1.32560000e-09  3.29999988e+00  1.32560000e-09  3.30000015e+00  1.32560000e-09  0.00000000e+00  1.32560000e-09  0.00000000e+00 
 1.34560000e-09  3.30000000e+00  1.34560000e-09  3.30000000e+00  1.34560000e-09  3.29999988e+00  1.34560000e-09  3.30000015e+00  1.34560000e-09  0.00000000e+00  1.34560000e-09  0.00000000e+00 
 1.36560000e-09  3.30000000e+00  1.36560000e-09  3.30000000e+00  1.36560000e-09  3.29999988e+00  1.36560000e-09  3.30000015e+00  1.36560000e-09  0.00000000e+00  1.36560000e-09  0.00000000e+00 
 1.38560000e-09  3.30000000e+00  1.38560000e-09  3.30000000e+00  1.38560000e-09  3.29999988e+00  1.38560000e-09  3.30000015e+00  1.38560000e-09  0.00000000e+00  1.38560000e-09  0.00000000e+00 
 1.40560000e-09  3.30000000e+00  1.40560000e-09  3.30000000e+00  1.40560000e-09  3.29999988e+00  1.40560000e-09  3.30000015e+00  1.40560000e-09  0.00000000e+00  1.40560000e-09  0.00000000e+00 
 1.42560000e-09  3.30000000e+00  1.42560000e-09  3.30000000e+00  1.42560000e-09  3.29999988e+00  1.42560000e-09  3.30000015e+00  1.42560000e-09  0.00000000e+00  1.42560000e-09  0.00000000e+00 
 1.44560000e-09  3.30000000e+00  1.44560000e-09  3.30000000e+00  1.44560000e-09  3.29999988e+00  1.44560000e-09  3.30000015e+00  1.44560000e-09  0.00000000e+00  1.44560000e-09  0.00000000e+00 
 1.46560000e-09  3.30000000e+00  1.46560000e-09  3.30000000e+00  1.46560000e-09  3.29999988e+00  1.46560000e-09  3.30000015e+00  1.46560000e-09  0.00000000e+00  1.46560000e-09  0.00000000e+00 
 1.48560000e-09  3.30000000e+00  1.48560000e-09  3.30000000e+00  1.48560000e-09  3.29999988e+00  1.48560000e-09  3.30000015e+00  1.48560000e-09  0.00000000e+00  1.48560000e-09  0.00000000e+00 
 1.50560000e-09  3.30000000e+00  1.50560000e-09  3.30000000e+00  1.50560000e-09  3.29999988e+00  1.50560000e-09  3.30000015e+00  1.50560000e-09  0.00000000e+00  1.50560000e-09  0.00000000e+00 
 1.52560000e-09  3.30000000e+00  1.52560000e-09  3.30000000e+00  1.52560000e-09  3.29999988e+00  1.52560000e-09  3.30000015e+00  1.52560000e-09  0.00000000e+00  1.52560000e-09  0.00000000e+00 
 1.54560000e-09  3.30000000e+00  1.54560000e-09  3.30000000e+00  1.54560000e-09  3.29999988e+00  1.54560000e-09  3.30000015e+00  1.54560000e-09  0.00000000e+00  1.54560000e-09  0.00000000e+00 
 1.56560000e-09  3.30000000e+00  1.56560000e-09  3.30000000e+00  1.56560000e-09  3.29999988e+00  1.56560000e-09  3.30000015e+00  1.56560000e-09  0.00000000e+00  1.56560000e-09  0.00000000e+00 
 1.58560000e-09  3.30000000e+00  1.58560000e-09  3.30000000e+00  1.58560000e-09  3.29999988e+00  1.58560000e-09  3.30000015e+00  1.58560000e-09  0.00000000e+00  1.58560000e-09  0.00000000e+00 
 1.60560000e-09  3.30000000e+00  1.60560000e-09  3.30000000e+00  1.60560000e-09  3.29999988e+00  1.60560000e-09  3.30000015e+00  1.60560000e-09  0.00000000e+00  1.60560000e-09  0.00000000e+00 
 1.62560000e-09  3.30000000e+00  1.62560000e-09  3.30000000e+00  1.62560000e-09  3.29999988e+00  1.62560000e-09  3.30000015e+00  1.62560000e-09  0.00000000e+00  1.62560000e-09  0.00000000e+00 
 1.64560000e-09  3.30000000e+00  1.64560000e-09  3.30000000e+00  1.64560000e-09  3.29999988e+00  1.64560000e-09  3.30000015e+00  1.64560000e-09  0.00000000e+00  1.64560000e-09  0.00000000e+00 
 1.66560000e-09  3.30000000e+00  1.66560000e-09  3.30000000e+00  1.66560000e-09  3.29999988e+00  1.66560000e-09  3.30000015e+00  1.66560000e-09  0.00000000e+00  1.66560000e-09  0.00000000e+00 
 1.68560000e-09  3.30000000e+00  1.68560000e-09  3.30000000e+00  1.68560000e-09  3.29999988e+00  1.68560000e-09  3.30000015e+00  1.68560000e-09  0.00000000e+00  1.68560000e-09  0.00000000e+00 
 1.70560000e-09  3.30000000e+00  1.70560000e-09  3.30000000e+00  1.70560000e-09  3.29999988e+00  1.70560000e-09  3.30000015e+00  1.70560000e-09  0.00000000e+00  1.70560000e-09  0.00000000e+00 
 1.72560000e-09  3.30000000e+00  1.72560000e-09  3.30000000e+00  1.72560000e-09  3.29999988e+00  1.72560000e-09  3.30000015e+00  1.72560000e-09  0.00000000e+00  1.72560000e-09  0.00000000e+00 
 1.74560000e-09  3.30000000e+00  1.74560000e-09  3.30000000e+00  1.74560000e-09  3.29999988e+00  1.74560000e-09  3.30000015e+00  1.74560000e-09  0.00000000e+00  1.74560000e-09  0.00000000e+00 
 1.76560000e-09  3.30000000e+00  1.76560000e-09  3.30000000e+00  1.76560000e-09  3.29999988e+00  1.76560000e-09  3.30000015e+00  1.76560000e-09  0.00000000e+00  1.76560000e-09  0.00000000e+00 
 1.78560000e-09  3.30000000e+00  1.78560000e-09  3.30000000e+00  1.78560000e-09  3.29999988e+00  1.78560000e-09  3.30000015e+00  1.78560000e-09  0.00000000e+00  1.78560000e-09  0.00000000e+00 
 1.80560000e-09  3.30000000e+00  1.80560000e-09  3.30000000e+00  1.80560000e-09  3.29999988e+00  1.80560000e-09  3.30000015e+00  1.80560000e-09  0.00000000e+00  1.80560000e-09  0.00000000e+00 
 1.82560000e-09  3.30000000e+00  1.82560000e-09  3.30000000e+00  1.82560000e-09  3.29999988e+00  1.82560000e-09  3.30000015e+00  1.82560000e-09  0.00000000e+00  1.82560000e-09  0.00000000e+00 
 1.84560000e-09  3.30000000e+00  1.84560000e-09  3.30000000e+00  1.84560000e-09  3.29999988e+00  1.84560000e-09  3.30000015e+00  1.84560000e-09  0.00000000e+00  1.84560000e-09  0.00000000e+00 
 1.86560000e-09  3.30000000e+00  1.86560000e-09  3.30000000e+00  1.86560000e-09  3.29999988e+00  1.86560000e-09  3.30000015e+00  1.86560000e-09  0.00000000e+00  1.86560000e-09  0.00000000e+00 
 1.88560000e-09  3.30000000e+00  1.88560000e-09  3.30000000e+00  1.88560000e-09  3.29999988e+00  1.88560000e-09  3.30000015e+00  1.88560000e-09  0.00000000e+00  1.88560000e-09  0.00000000e+00 
 1.90560000e-09  3.30000000e+00  1.90560000e-09  3.30000000e+00  1.90560000e-09  3.29999988e+00  1.90560000e-09  3.30000015e+00  1.90560000e-09  0.00000000e+00  1.90560000e-09  0.00000000e+00 
 1.92560000e-09  3.30000000e+00  1.92560000e-09  3.30000000e+00  1.92560000e-09  3.29999988e+00  1.92560000e-09  3.30000015e+00  1.92560000e-09  0.00000000e+00  1.92560000e-09  0.00000000e+00 
 1.94560000e-09  3.30000000e+00  1.94560000e-09  3.30000000e+00  1.94560000e-09  3.29999988e+00  1.94560000e-09  3.30000015e+00  1.94560000e-09  0.00000000e+00  1.94560000e-09  0.00000000e+00 
 1.96560000e-09  3.30000000e+00  1.96560000e-09  3.30000000e+00  1.96560000e-09  3.29999988e+00  1.96560000e-09  3.30000015e+00  1.96560000e-09  0.00000000e+00  1.96560000e-09  0.00000000e+00 
 1.98280000e-09  3.30000000e+00  1.98280000e-09  3.30000000e+00  1.98280000e-09  3.29999988e+00  1.98280000e-09  3.30000015e+00  1.98280000e-09  0.00000000e+00  1.98280000e-09  0.00000000e+00 
 2.00000000e-09  3.30000000e+00  2.00000000e-09  3.30000000e+00  2.00000000e-09  3.29999988e+00  2.00000000e-09  3.30000015e+00  2.00000000e-09  0.00000000e+00  2.00000000e-09  0.00000000e+00 
 2.00200000e-09  3.30000713e+00  2.00200000e-09  3.30000713e+00  2.00200000e-09  3.30263575e+00  2.00200000e-09  3.30263627e+00  2.00200000e-09  6.60000000e-02  2.00200000e-09  0.00000000e+00 
 2.00600000e-09  3.30001662e+00  2.00600000e-09  3.30001662e+00  2.00600000e-09  3.30780902e+00  2.00600000e-09  3.30781003e+00  2.00600000e-09  1.98000000e-01  2.00600000e-09  0.00000000e+00 
 2.01400000e-09  3.30001846e+00  2.01400000e-09  3.30001846e+00  2.01400000e-09  3.31759756e+00  2.01400000e-09  3.31759942e+00  2.01400000e-09  4.62000000e-01  2.01400000e-09  0.00000000e+00 
 2.03000000e-09  3.30000706e+00  2.03000000e-09  3.30000706e+00  2.03000000e-09  3.33554958e+00  2.03000000e-09  3.33555284e+00  2.03000000e-09  9.90000000e-01  2.03000000e-09  0.00000000e+00 
 2.05000000e-09  3.29999981e+00  2.05000000e-09  3.29999980e+00  2.05000000e-09  3.35654884e+00  2.05000000e-09  3.35655217e+00  2.05000000e-09  1.65000000e+00  2.05000000e-09  0.00000000e+00 
 2.07000000e-09  3.30000119e+00  2.07000000e-09  3.30000118e+00  2.07000000e-09  3.37849284e+00  2.07000000e-09  3.37848985e+00  2.07000000e-09  2.31000000e+00  2.07000000e-09  0.00000000e+00 
 2.08500000e-09  3.29999971e+00  2.08500000e-09  3.29999968e+00  2.08500000e-09  3.39443655e+00  2.08500000e-09  3.39441075e+00  2.08500000e-09  2.80500000e+00  2.08500000e-09  0.00000000e+00 
 2.10000000e-09  3.29998824e+00  2.10000000e-09  3.29998815e+00  2.10000000e-09  3.40127626e+00  2.10000000e-09  3.40116519e+00  2.10000000e-09  3.30000000e+00  2.10000000e-09  0.00000000e+00 
 2.10200000e-09  3.29998751e+00  2.10200000e-09  3.29998740e+00  2.10200000e-09  3.40146004e+00  2.10200000e-09  3.40132485e+00  2.10200000e-09  3.30000000e+00  2.10200000e-09  0.00000000e+00 
 2.10600000e-09  3.29998729e+00  2.10600000e-09  3.29998713e+00  2.10600000e-09  3.40193515e+00  2.10600000e-09  3.40173802e+00  2.10600000e-09  3.30000000e+00  2.10600000e-09  0.00000000e+00 
 2.11400000e-09  3.29999084e+00  2.11400000e-09  3.29999053e+00  2.11400000e-09  3.40347022e+00  2.11400000e-09  3.40307542e+00  2.11400000e-09  3.30000000e+00  2.11400000e-09  0.00000000e+00 
 2.13000000e-09  3.30000114e+00  2.13000000e-09  3.30000041e+00  2.13000000e-09  3.41029560e+00  2.13000000e-09  3.40907250e+00  2.13000000e-09  3.30000000e+00  2.13000000e-09  0.00000000e+00 
 2.15000000e-09  3.30000910e+00  2.15000000e-09  3.30000832e+00  2.15000000e-09  3.42698423e+00  2.15000000e-09  3.42413764e+00  2.15000000e-09  3.30000000e+00  2.15000000e-09  0.00000000e+00 
 2.17000000e-09  3.30000331e+00  2.17000000e-09  3.30000379e+00  2.17000000e-09  3.44600818e+00  2.17000000e-09  3.44216584e+00  2.17000000e-09  3.30000000e+00  2.17000000e-09  0.00000000e+00 
 2.19000000e-09  3.29999341e+00  2.19000000e-09  3.29999489e+00  2.19000000e-09  3.45811478e+00  2.19000000e-09  3.45476723e+00  2.19000000e-09  3.30000000e+00  2.19000000e-09  0.00000000e+00 
 2.21000000e-09  3.29998704e+00  2.21000000e-09  3.29998873e+00  2.21000000e-09  3.45825770e+00  2.21000000e-09  3.45686308e+00  2.21000000e-09  3.30000000e+00  2.21000000e-09  0.00000000e+00 
 2.23000000e-09  3.29998517e+00  2.23000000e-09  3.29998646e+00  2.23000000e-09  3.44496844e+00  2.23000000e-09  3.44667629e+00  2.23000000e-09  3.30000000e+00  2.23000000e-09  0.00000000e+00 
 2.25000000e-09  3.29998520e+00  2.25000000e-09  3.29998629e+00  2.25000000e-09  3.41878897e+00  2.25000000e-09  3.42444863e+00  2.25000000e-09  3.30000000e+00  2.25000000e-09  0.00000000e+00 
 2.27000000e-09  3.29998683e+00  2.27000000e-09  3.29998754e+00  2.27000000e-09  3.38123764e+00  2.27000000e-09  3.39146068e+00  2.27000000e-09  3.30000000e+00  2.27000000e-09  0.00000000e+00 
 2.29000000e-09  3.29998926e+00  2.29000000e-09  3.29998965e+00  2.29000000e-09  3.33418061e+00  2.29000000e-09  3.34940090e+00  2.29000000e-09  3.30000000e+00  2.29000000e-09  0.00000000e+00 
 2.31000000e-09  3.29999191e+00  2.31000000e-09  3.29999203e+00  2.31000000e-09  3.27947171e+00  2.31000000e-09  3.29999273e+00  2.31000000e-09  3.30000000e+00  2.31000000e-09  0.00000000e+00 
 2.33000000e-09  3.29999450e+00  2.33000000e-09  3.29999438e+00  2.33000000e-09  3.21877344e+00  2.33000000e-09  3.24480425e+00  2.33000000e-09  3.30000000e+00  2.33000000e-09  0.00000000e+00 
 2.35000000e-09  3.29999678e+00  2.35000000e-09  3.29999649e+00  2.35000000e-09  3.15349584e+00  2.35000000e-09  3.18517185e+00  2.35000000e-09  3.30000000e+00  2.35000000e-09  0.00000000e+00 
 2.37000000e-09  3.29999853e+00  2.37000000e-09  3.29999820e+00  2.37000000e-09  3.08478780e+00  2.37000000e-09  3.12218994e+00  2.37000000e-09  3.30000000e+00  2.37000000e-09  0.00000000e+00 
 2.39000000e-09  3.29999968e+00  2.39000000e-09  3.29999941e+00  2.39000000e-09  3.01356730e+00  2.39000000e-09  3.05673311e+00  2.39000000e-09  3.30000000e+00  2.39000000e-09  0.00000000e+00 
 2.41000000e-09  3.30000038e+00  2.41000000e-09  3.30000018e+00  2.41000000e-09  2.94055884e+00  2.41000000e-09  2.98949200e+00  2.41000000e-09  3.30000000e+00  2.41000000e-09  0.00000000e+00 
 2.43000000e-09  3.30000075e+00  2.43000000e-09  3.30000061e+00  2.43000000e-09  2.86632396e+00  2.43000000e-09  2.92100261e+00  2.43000000e-09  3.30000000e+00  2.43000000e-09  0.00000000e+00 
 2.45000000e-09  3.30000092e+00  2.45000000e-09  3.30000082e+00  2.45000000e-09  2.79129419e+00  2.45000000e-09  2.85167692e+00  2.45000000e-09  3.30000000e+00  2.45000000e-09  0.00000000e+00 
 2.47000000e-09  3.30000100e+00  2.47000000e-09  3.30000091e+00  2.47000000e-09  2.71579937e+00  2.47000000e-09  2.78182973e+00  2.47000000e-09  3.30000000e+00  2.47000000e-09  0.00000000e+00 
 2.49000000e-09  3.30000103e+00  2.49000000e-09  3.30000095e+00  2.49000000e-09  2.64009154e+00  2.49000000e-09  2.71170096e+00  2.49000000e-09  3.30000000e+00  2.49000000e-09  0.00000000e+00 
 2.51000000e-09  3.30000103e+00  2.51000000e-09  3.30000095e+00  2.51000000e-09  2.56436365e+00  2.51000000e-09  2.64147373e+00  2.51000000e-09  3.30000000e+00  2.51000000e-09  0.00000000e+00 
 2.53000000e-09  3.30000102e+00  2.53000000e-09  3.30000094e+00  2.53000000e-09  2.48876449e+00  2.53000000e-09  2.57128840e+00  2.53000000e-09  3.30000000e+00  2.53000000e-09  0.00000000e+00 
 2.55000000e-09  3.30000100e+00  2.55000000e-09  3.30000092e+00  2.55000000e-09  2.41340971e+00  2.55000000e-09  2.50125353e+00  2.55000000e-09  3.30000000e+00  2.55000000e-09  0.00000000e+00 
 2.57000000e-09  3.30000098e+00  2.57000000e-09  3.30000089e+00  2.57000000e-09  2.33839071e+00  2.57000000e-09  2.43145407e+00  2.57000000e-09  3.30000000e+00  2.57000000e-09  0.00000000e+00 
 2.59000000e-09  3.30000095e+00  2.59000000e-09  3.30000087e+00  2.59000000e-09  2.26378131e+00  2.59000000e-09  2.36195769e+00  2.59000000e-09  3.30000000e+00  2.59000000e-09  0.00000000e+00 
 2.61000000e-09  3.30000093e+00  2.61000000e-09  3.30000084e+00  2.61000000e-09  2.18964439e+00  2.61000000e-09  2.29281935e+00  2.61000000e-09  3.30000000e+00  2.61000000e-09  0.00000000e+00 
 2.63000000e-09  3.30000092e+00  2.63000000e-09  3.30000082e+00  2.63000000e-09  2.11603788e+00  2.63000000e-09  2.22408522e+00  2.63000000e-09  3.30000000e+00  2.63000000e-09  0.00000000e+00 
 2.65000000e-09  3.30000091e+00  2.65000000e-09  3.30000080e+00  2.65000000e-09  2.04301655e+00  2.65000000e-09  2.15579613e+00  2.65000000e-09  3.30000000e+00  2.65000000e-09  0.00000000e+00 
 2.67000000e-09  3.30000091e+00  2.67000000e-09  3.30000079e+00  2.67000000e-09  1.97064162e+00  2.67000000e-09  2.08799142e+00  2.67000000e-09  3.30000000e+00  2.67000000e-09  0.00000000e+00 
 2.68500000e-09  3.30000092e+00  2.68500000e-09  3.30000078e+00  2.68500000e-09  1.91682466e+00  2.68500000e-09  2.03747808e+00  2.68500000e-09  3.30000000e+00  2.68500000e-09  0.00000000e+00 
 2.70000000e-09  3.30000093e+00  2.70000000e-09  3.30000078e+00  2.70000000e-09  1.86343703e+00  2.70000000e-09  1.98727666e+00  2.70000000e-09  3.30000000e+00  2.70000000e-09  0.00000000e+00 
 2.70200000e-09  3.32132851e+00  2.70200000e-09  3.32132840e+00  2.70200000e-09  1.85662181e+00  2.70200000e-09  1.98088619e+00  2.70200000e-09  3.30000000e+00  2.70200000e-09  6.60000000e-02 
 2.70600000e-09  3.35609493e+00  2.70600000e-09  3.35609439e+00  2.70600000e-09  1.84295366e+00  2.70600000e-09  1.96805925e+00  2.70600000e-09  3.30000000e+00  2.70600000e-09  1.98000000e-01 
 2.71400000e-09  3.39509615e+00  2.71400000e-09  3.39509565e+00  2.71400000e-09  1.81543620e+00  2.71400000e-09  1.94219168e+00  2.71400000e-09  3.30000000e+00  2.71400000e-09  4.62000000e-01 
 2.73000000e-09  3.43010828e+00  2.73000000e-09  3.43010835e+00  2.73000000e-09  1.75975372e+00  2.73000000e-09  1.88965396e+00  2.73000000e-09  3.30000000e+00  2.73000000e-09  9.90000000e-01 
 2.75000000e-09  3.46571725e+00  2.75000000e-09  3.46571746e+00  2.75000000e-09  1.68687247e+00  2.75000000e-09  1.82020032e+00  2.75000000e-09  3.30000000e+00  2.75000000e-09  1.65000000e+00 
 2.77000000e-09  3.53467648e+00  2.77000000e-09  3.53467691e+00  2.77000000e-09  1.60850212e+00  2.77000000e-09  1.74492920e+00  2.77000000e-09  3.30000000e+00  2.77000000e-09  2.31000000e+00 
 2.78500000e-09  3.62524036e+00  2.78500000e-09  3.62529228e+00  2.78500000e-09  1.54793873e+00  2.78500000e-09  1.68604746e+00  2.78500000e-09  3.30000000e+00  2.78500000e-09  2.80500000e+00 
 2.80000000e-09  3.74155670e+00  2.80000000e-09  3.74285260e+00  2.80000000e-09  1.48033682e+00  2.80000000e-09  1.60201633e+00  2.80000000e-09  3.30000000e+00  2.80000000e-09  3.30000000e+00 
 2.80200000e-09  3.74182404e+00  2.80200000e-09  3.74312610e+00  2.80200000e-09  1.46967299e+00  2.80200000e-09  1.59018623e+00  2.80200000e-09  3.30000000e+00  2.80200000e-09  3.30000000e+00 
 2.80600000e-09  3.74232676e+00  2.80600000e-09  3.74354219e+00  2.80600000e-09  1.44823153e+00  2.80600000e-09  1.56738653e+00  2.80600000e-09  3.30000000e+00  2.80600000e-09  3.30000000e+00 
 2.81400000e-09  3.74291256e+00  2.81400000e-09  3.74370910e+00  2.81400000e-09  1.40748110e+00  2.81400000e-09  1.52598978e+00  2.81400000e-09  3.30000000e+00  2.81400000e-09  3.30000000e+00 
 2.83000000e-09  3.74241159e+00  2.83000000e-09  3.74193495e+00  2.83000000e-09  1.33631970e+00  2.83000000e-09  1.45588697e+00  2.83000000e-09  3.30000000e+00  2.83000000e-09  3.30000000e+00 
 2.85000000e-09  3.73948186e+00  2.85000000e-09  3.73672402e+00  2.85000000e-09  1.26191361e+00  2.85000000e-09  1.38365593e+00  2.85000000e-09  3.30000000e+00  2.85000000e-09  3.30000000e+00 
 2.87000000e-09  3.73512855e+00  2.87000000e-09  3.72963594e+00  2.87000000e-09  1.19627312e+00  2.87000000e-09  1.32036794e+00  2.87000000e-09  3.30000000e+00  2.87000000e-09  3.30000000e+00 
 2.89000000e-09  3.73043589e+00  2.89000000e-09  3.72208768e+00  2.89000000e-09  1.13472334e+00  2.89000000e-09  1.26125836e+00  2.89000000e-09  3.30000000e+00  2.89000000e-09  3.30000000e+00 
 2.91000000e-09  3.72617017e+00  2.91000000e-09  3.71424734e+00  2.91000000e-09  1.07527466e+00  2.91000000e-09  1.20428433e+00  2.91000000e-09  3.30000000e+00  2.91000000e-09  3.30000000e+00 
 2.93000000e-09  3.72317297e+00  2.93000000e-09  3.70407145e+00  2.93000000e-09  1.01713970e+00  2.93000000e-09  1.14866285e+00  2.93000000e-09  3.30000000e+00  2.93000000e-09  3.30000000e+00 
 2.95000000e-09  3.71857408e+00  2.95000000e-09  3.68894704e+00  2.95000000e-09  9.60037314e-01  2.95000000e-09  1.09415217e+00  2.95000000e-09  3.30000000e+00  2.95000000e-09  3.30000000e+00 
 2.97000000e-09  3.70086116e+00  2.97000000e-09  3.67213868e+00  2.97000000e-09  9.03930132e-01  2.97000000e-09  1.04073202e+00  2.97000000e-09  3.30000000e+00  2.97000000e-09  3.30000000e+00 
 2.99000000e-09  3.66016482e+00  2.99000000e-09  3.65721947e+00  2.99000000e-09  8.49039344e-01  2.99000000e-09  9.88448881e-01  2.99000000e-09  3.30000000e+00  2.99000000e-09  3.30000000e+00 
 3.01000000e-09  3.59658022e+00  3.01000000e-09  3.64486879e+00  3.01000000e-09  7.96227240e-01  3.01000000e-09  9.37347756e-01  3.01000000e-09  3.30000000e+00  3.01000000e-09  3.30000000e+00 
 3.03000000e-09  3.51760468e+00  3.03000000e-09  3.63479908e+00  3.03000000e-09  7.47953702e-01  3.03000000e-09  8.87572036e-01  3.03000000e-09  3.30000000e+00  3.03000000e-09  3.30000000e+00 
 3.05000000e-09  3.43302623e+00  3.05000000e-09  3.62676885e+00  3.05000000e-09  7.07794012e-01  3.05000000e-09  8.39319586e-01  3.05000000e-09  3.30000000e+00  3.05000000e-09  3.30000000e+00 
 3.07000000e-09  3.35027969e+00  3.07000000e-09  3.62058224e+00  3.07000000e-09  6.77015927e-01  3.07000000e-09  7.92882554e-01  3.07000000e-09  3.30000000e+00  3.07000000e-09  3.30000000e+00 
 3.09000000e-09  3.27384501e+00  3.09000000e-09  3.61602806e+00  3.09000000e-09  6.53724560e-01  3.09000000e-09  7.49409533e-01  3.09000000e-09  3.30000000e+00  3.09000000e-09  3.30000000e+00 
 3.11000000e-09  3.20622702e+00  3.11000000e-09  3.61287358e+00  3.11000000e-09  6.35505619e-01  3.11000000e-09  7.11187663e-01  3.11000000e-09  3.30000000e+00  3.11000000e-09  3.30000000e+00 
 3.13000000e-09  3.14843753e+00  3.13000000e-09  3.61080732e+00  3.13000000e-09  6.20592344e-01  3.13000000e-09  6.79741858e-01  3.13000000e-09  3.30000000e+00  3.13000000e-09  3.30000000e+00 
 3.15000000e-09  3.10013497e+00  3.15000000e-09  3.60944884e+00  3.15000000e-09  6.07804005e-01  3.15000000e-09  6.54364863e-01  3.15000000e-09  3.30000000e+00  3.15000000e-09  3.30000000e+00 
 3.17000000e-09  3.06010906e+00  3.17000000e-09  3.60847519e+00  3.17000000e-09  5.96369754e-01  3.17000000e-09  6.33368318e-01  3.17000000e-09  3.30000000e+00  3.17000000e-09  3.30000000e+00 
 3.19000000e-09  3.02686879e+00  3.19000000e-09  3.60767174e+00  3.19000000e-09  5.85789158e-01  3.19000000e-09  6.15352484e-01  3.19000000e-09  3.30000000e+00  3.19000000e-09  3.30000000e+00 
 3.21000000e-09  2.99903574e+00  3.21000000e-09  3.60690801e+00  3.21000000e-09  5.75742228e-01  3.21000000e-09  5.99398092e-01  3.21000000e-09  3.30000000e+00  3.21000000e-09  3.30000000e+00 
 3.23000000e-09  2.97547410e+00  3.23000000e-09  3.60610606e+00  3.23000000e-09  5.66029086e-01  3.23000000e-09  5.84941908e-01  3.23000000e-09  3.30000000e+00  3.23000000e-09  3.30000000e+00 
 3.25000000e-09  2.95529855e+00  3.25000000e-09  3.60522026e+00  3.25000000e-09  5.56531603e-01  3.25000000e-09  5.71629292e-01  3.25000000e-09  3.30000000e+00  3.25000000e-09  3.30000000e+00 
 3.27000000e-09  2.93783839e+00  3.27000000e-09  3.60422615e+00  3.27000000e-09  5.47182512e-01  3.27000000e-09  5.59212225e-01  3.27000000e-09  3.30000000e+00  3.27000000e-09  3.30000000e+00 
 3.29000000e-09  2.92258228e+00  3.29000000e-09  3.60311294e+00  3.29000000e-09  5.37949101e-01  3.29000000e-09  5.47519157e-01  3.29000000e-09  3.30000000e+00  3.29000000e-09  3.30000000e+00 
 3.31000000e-09  2.90913718e+00  3.31000000e-09  3.60187822e+00  3.31000000e-09  5.28817465e-01  3.31000000e-09  5.36425673e-01  3.31000000e-09  3.30000000e+00  3.31000000e-09  3.30000000e+00 
 3.33000000e-09  2.89719813e+00  3.33000000e-09  3.60052511e+00  3.33000000e-09  5.19786081e-01  3.33000000e-09  5.25837745e-01  3.33000000e-09  3.30000000e+00  3.33000000e-09  3.30000000e+00 
 3.35000000e-09  2.88652510e+00  3.35000000e-09  3.59905979e+00  3.35000000e-09  5.10858021e-01  3.35000000e-09  5.15682280e-01  3.35000000e-09  3.30000000e+00  3.35000000e-09  3.30000000e+00 
 3.37000000e-09  2.87692719e+00  3.37000000e-09  3.59749053e+00  3.37000000e-09  5.02039951e-01  3.37000000e-09  5.05901021e-01  3.37000000e-09  3.30000000e+00  3.37000000e-09  3.30000000e+00 
 3.39000000e-09  2.86825029e+00  3.39000000e-09  3.59582635e+00  3.39000000e-09  4.93337839e-01  3.39000000e-09  4.96447122e-01  3.39000000e-09  3.30000000e+00  3.39000000e-09  3.30000000e+00 
 3.41000000e-09  2.86036896e+00  3.41000000e-09  3.59407689e+00  3.41000000e-09  4.84758263e-01  3.41000000e-09  4.87282376e-01  3.41000000e-09  3.30000000e+00  3.41000000e-09  3.30000000e+00 
 3.43000000e-09  2.85317962e+00  3.43000000e-09  3.59225152e+00  3.43000000e-09  4.76305520e-01  3.43000000e-09  4.78375746e-01  3.43000000e-09  3.30000000e+00  3.43000000e-09  3.30000000e+00 
 3.45000000e-09  2.84659628e+00  3.45000000e-09  3.59035964e+00  3.45000000e-09  4.67983833e-01  3.45000000e-09  4.69701718e-01  3.45000000e-09  3.30000000e+00  3.45000000e-09  3.30000000e+00 
 3.47000000e-09  2.84054655e+00  3.47000000e-09  3.58840991e+00  3.47000000e-09  4.59794972e-01  3.47000000e-09  4.61239554e-01  3.47000000e-09  3.30000000e+00  3.47000000e-09  3.30000000e+00 
 3.49000000e-09  2.83496938e+00  3.49000000e-09  3.58641081e+00  3.49000000e-09  4.51740779e-01  3.49000000e-09  4.52972112e-01  3.49000000e-09  3.30000000e+00  3.49000000e-09  3.30000000e+00 
 3.51000000e-09  2.82981252e+00  3.51000000e-09  3.58436995e+00  3.51000000e-09  4.43820921e-01  3.51000000e-09  4.44885465e-01  3.51000000e-09  3.30000000e+00  3.51000000e-09  3.30000000e+00 
 3.53000000e-09  2.82503131e+00  3.53000000e-09  3.58229466e+00  3.53000000e-09  4.36035490e-01  3.53000000e-09  4.36967978e-01  3.53000000e-09  3.30000000e+00  3.53000000e-09  3.30000000e+00 
 3.55000000e-09  2.82058701e+00  3.55000000e-09  3.58019140e+00  3.55000000e-09  4.28382760e-01  3.55000000e-09  4.29210165e-01  3.55000000e-09  3.30000000e+00  3.55000000e-09  3.30000000e+00 
 3.57000000e-09  2.81644616e+00  3.57000000e-09  3.57806636e+00  3.57000000e-09  4.20861765e-01  3.57000000e-09  4.21603949e-01  3.57000000e-09  3.30000000e+00  3.57000000e-09  3.30000000e+00 
 3.59000000e-09  2.81257939e+00  3.59000000e-09  3.57592488e+00  3.59000000e-09  4.13470002e-01  3.59000000e-09  4.14142685e-01  3.59000000e-09  3.30000000e+00  3.59000000e-09  3.30000000e+00 
 3.61000000e-09  2.80896110e+00  3.61000000e-09  3.57377213e+00  3.61000000e-09  4.06205976e-01  3.61000000e-09  4.06820553e-01  3.61000000e-09  3.30000000e+00  3.61000000e-09  3.30000000e+00 
 3.63000000e-09  2.80556860e+00  3.63000000e-09  3.57161246e+00  3.63000000e-09  3.99066842e-01  3.63000000e-09  3.99632701e-01  3.63000000e-09  3.30000000e+00  3.63000000e-09  3.30000000e+00 
 3.65000000e-09  2.80238196e+00  3.65000000e-09  3.56945009e+00  3.65000000e-09  3.92050916e-01  3.65000000e-09  3.92574728e-01  3.65000000e-09  3.30000000e+00  3.65000000e-09  3.30000000e+00 
 3.67000000e-09  2.79938335e+00  3.67000000e-09  3.56728851e+00  3.67000000e-09  3.85155273e-01  3.67000000e-09  3.85642911e-01  3.67000000e-09  3.30000000e+00  3.67000000e-09  3.30000000e+00 
 3.69000000e-09  2.79655706e+00  3.69000000e-09  3.56513115e+00  3.69000000e-09  3.78378232e-01  3.69000000e-09  3.78833745e-01  3.69000000e-09  3.30000000e+00  3.69000000e-09  3.30000000e+00 
 3.71000000e-09  2.79388886e+00  3.71000000e-09  3.56298075e+00  3.71000000e-09  3.71716925e-01  3.71000000e-09  3.72144227e-01  3.71000000e-09  3.30000000e+00  3.71000000e-09  3.30000000e+00 
 3.73000000e-09  2.79136620e+00  3.73000000e-09  3.56084008e+00  3.73000000e-09  3.65169765e-01  3.73000000e-09  3.65571433e-01  3.73000000e-09  3.30000000e+00  3.73000000e-09  3.30000000e+00 
 3.75000000e-09  2.78897760e+00  3.75000000e-09  3.55871126e+00  3.75000000e-09  3.58733998e-01  3.75000000e-09  3.59112830e-01  3.75000000e-09  3.30000000e+00  3.75000000e-09  3.30000000e+00 
 3.77000000e-09  2.78671291e+00  3.77000000e-09  3.55659648e+00  3.77000000e-09  3.52408164e-01  3.77000000e-09  3.52765881e-01  3.77000000e-09  3.30000000e+00  3.77000000e-09  3.30000000e+00 
 3.79000000e-09  2.78456279e+00  3.79000000e-09  3.55449734e+00  3.79000000e-09  3.46189640e-01  3.79000000e-09  3.46528376e-01  3.79000000e-09  3.30000000e+00  3.79000000e-09  3.30000000e+00 
 3.81000000e-09  2.78251894e+00  3.81000000e-09  3.55241557e+00  3.81000000e-09  3.40077097e-01  3.81000000e-09  3.40398047e-01  3.81000000e-09  3.30000000e+00  3.81000000e-09  3.30000000e+00 
 3.83000000e-09  2.78057367e+00  3.83000000e-09  3.55035234e+00  3.83000000e-09  3.34068037e-01  3.83000000e-09  3.34372916e-01  3.83000000e-09  3.30000000e+00  3.83000000e-09  3.30000000e+00 
 3.85000000e-09  2.77872016e+00  3.85000000e-09  3.54830900e+00  3.85000000e-09  3.28161250e-01  3.85000000e-09  3.28450911e-01  3.85000000e-09  3.30000000e+00  3.85000000e-09  3.30000000e+00 
 3.87000000e-09  2.77695202e+00  3.87000000e-09  3.54628635e+00  3.87000000e-09  3.22354353e-01  3.87000000e-09  3.22630228e-01  3.87000000e-09  3.30000000e+00  3.87000000e-09  3.30000000e+00 
 3.89000000e-09  2.77526358e+00  3.89000000e-09  3.54428543e+00  3.89000000e-09  3.16646241e-01  3.89000000e-09  3.16908945e-01  3.89000000e-09  3.30000000e+00  3.89000000e-09  3.30000000e+00 
 3.91000000e-09  2.77364951e+00  3.91000000e-09  3.54230676e+00  3.91000000e-09  3.11034629e-01  3.91000000e-09  3.11285392e-01  3.91000000e-09  3.30000000e+00  3.91000000e-09  3.30000000e+00 
 3.93000000e-09  2.77210507e+00  3.93000000e-09  3.54035112e+00  3.93000000e-09  3.05518505e-01  3.93000000e-09  3.05757767e-01  3.93000000e-09  3.30000000e+00  3.93000000e-09  3.30000000e+00 
 3.95000000e-09  2.77062577e+00  3.95000000e-09  3.53841879e+00  3.95000000e-09  3.00095668e-01  3.95000000e-09  3.00324507e-01  3.95000000e-09  3.30000000e+00  3.95000000e-09  3.30000000e+00 
 3.97000000e-09  2.76920762e+00  3.97000000e-09  3.53651034e+00  3.97000000e-09  2.94765187e-01  3.97000000e-09  2.94983910e-01  3.97000000e-09  3.30000000e+00  3.97000000e-09  3.30000000e+00 
 3.99000000e-09  2.76784682e+00  3.99000000e-09  3.53462588e+00  3.99000000e-09  2.89524933e-01  3.99000000e-09  2.89734501e-01  3.99000000e-09  3.30000000e+00  3.99000000e-09  3.30000000e+00 
 4.01000000e-09  2.76653998e+00  4.01000000e-09  3.53276580e+00  4.01000000e-09  2.84374045e-01  4.01000000e-09  2.84574660e-01  4.01000000e-09  3.30000000e+00  4.01000000e-09  3.30000000e+00 
 4.03000000e-09  2.76528387e+00  4.03000000e-09  3.53093004e+00  4.03000000e-09  2.79310458e-01  4.03000000e-09  2.79502988e-01  4.03000000e-09  3.30000000e+00  4.03000000e-09  3.30000000e+00 
 4.05000000e-09  2.76407561e+00  4.05000000e-09  3.52911888e+00  4.05000000e-09  2.74333373e-01  4.05000000e-09  2.74517935e-01  4.05000000e-09  3.30000000e+00  4.05000000e-09  3.30000000e+00 
 4.07000000e-09  2.76291242e+00  4.07000000e-09  3.52733214e+00  4.07000000e-09  2.69440781e-01  4.07000000e-09  2.69618168e-01  4.07000000e-09  3.30000000e+00  4.07000000e-09  3.30000000e+00 
 4.09000000e-09  2.76179183e+00  4.09000000e-09  3.52556998e+00  4.09000000e-09  2.64631937e-01  4.09000000e-09  2.64802199e-01  4.09000000e-09  3.30000000e+00  4.09000000e-09  3.30000000e+00 
 4.11000000e-09  2.76071146e+00  4.11000000e-09  3.52383214e+00  4.11000000e-09  2.59904884e-01  4.11000000e-09  2.60068751e-01  4.11000000e-09  3.30000000e+00  4.11000000e-09  3.30000000e+00 
 4.13000000e-09  2.75966918e+00  4.13000000e-09  3.52211868e+00  4.13000000e-09  2.55258925e-01  4.13000000e-09  2.55416391e-01  4.13000000e-09  3.30000000e+00  4.13000000e-09  3.30000000e+00 
 4.15000000e-09  2.75866292e+00  4.15000000e-09  3.52042927e+00  4.15000000e-09  2.50692150e-01  4.15000000e-09  2.50843894e-01  4.15000000e-09  3.30000000e+00  4.15000000e-09  3.30000000e+00 
 4.17000000e-09  2.75769086e+00  4.17000000e-09  3.51876392e+00  4.17000000e-09  2.46203906e-01  4.17000000e-09  2.46349875e-01  4.17000000e-09  3.30000000e+00  4.17000000e-09  3.30000000e+00 
 4.19000000e-09  2.75675118e+00  4.19000000e-09  3.51712223e+00  4.19000000e-09  2.41792325e-01  4.19000000e-09  2.41933157e-01  4.19000000e-09  3.30000000e+00  4.19000000e-09  3.30000000e+00 
 4.21000000e-09  2.75584230e+00  4.21000000e-09  3.51550416e+00  4.21000000e-09  2.37456797e-01  4.21000000e-09  2.37592399e-01  4.21000000e-09  3.30000000e+00  4.21000000e-09  3.30000000e+00 
 4.23000000e-09  2.75496264e+00  4.23000000e-09  3.51390927e+00  4.23000000e-09  2.33195493e-01  4.23000000e-09  2.33326467e-01  4.23000000e-09  3.30000000e+00  4.23000000e-09  3.30000000e+00 
 4.25000000e-09  2.75411082e+00  4.25000000e-09  3.51233748e+00  4.25000000e-09  2.29007840e-01  4.25000000e-09  2.29134061e-01  4.25000000e-09  3.30000000e+00  4.25000000e-09  3.30000000e+00 
 4.27000000e-09  2.75328545e+00  4.27000000e-09  3.51078832e+00  4.27000000e-09  2.24892047e-01  4.27000000e-09  2.25014087e-01  4.27000000e-09  3.30000000e+00  4.27000000e-09  3.30000000e+00 
 4.29000000e-09  2.75248534e+00  4.29000000e-09  3.50926169e+00  4.29000000e-09  2.20847578e-01  4.29000000e-09  2.20965283e-01  4.29000000e-09  3.30000000e+00  4.29000000e-09  3.30000000e+00 
 4.31000000e-09  2.75170924e+00  4.31000000e-09  3.50775708e+00  4.31000000e-09  2.16872676e-01  4.31000000e-09  2.16986592e-01  4.31000000e-09  3.30000000e+00  4.31000000e-09  3.30000000e+00 
 4.33000000e-09  2.75095611e+00  4.33000000e-09  3.50627439e+00  4.33000000e-09  2.12966838e-01  4.33000000e-09  2.13076789e-01  4.33000000e-09  3.30000000e+00  4.33000000e-09  3.30000000e+00 
 4.35000000e-09  2.75022485e+00  4.35000000e-09  3.50481309e+00  4.35000000e-09  2.09128343e-01  4.35000000e-09  2.09234853e-01  4.35000000e-09  3.30000000e+00  4.35000000e-09  3.30000000e+00 
 4.37000000e-09  2.74951456e+00  4.37000000e-09  3.50337306e+00  4.37000000e-09  2.05356721e-01  4.37000000e-09  2.05459592e-01  4.37000000e-09  3.30000000e+00  4.37000000e-09  3.30000000e+00 
 4.39000000e-09  2.74882424e+00  4.39000000e-09  3.50195377e+00  4.39000000e-09  2.01650280e-01  4.39000000e-09  2.01750018e-01  4.39000000e-09  3.30000000e+00  4.39000000e-09  3.30000000e+00 
 4.41000000e-09  2.74815310e+00  4.41000000e-09  3.50055508e+00  4.41000000e-09  1.98008583e-01  4.41000000e-09  1.98104973e-01  4.41000000e-09  3.30000000e+00  4.41000000e-09  3.30000000e+00 
 4.43000000e-09  2.74750025e+00  4.43000000e-09  3.49917646e+00  4.43000000e-09  1.94429969e-01  4.43000000e-09  1.94523500e-01  4.43000000e-09  3.30000000e+00  4.43000000e-09  3.30000000e+00 
 4.45000000e-09  2.74686499e+00  4.45000000e-09  3.49781778e+00  4.45000000e-09  1.90914030e-01  4.45000000e-09  1.91004473e-01  4.45000000e-09  3.30000000e+00  4.45000000e-09  3.30000000e+00 
 4.47000000e-09  2.74624654e+00  4.47000000e-09  3.49647850e+00  4.47000000e-09  1.87459136e-01  4.47000000e-09  1.87546966e-01  4.47000000e-09  3.30000000e+00  4.47000000e-09  3.30000000e+00 
 4.49000000e-09  2.74564425e+00  4.49000000e-09  3.49515849e+00  4.49000000e-09  1.84064909e-01  4.49000000e-09  1.84149882e-01  4.49000000e-09  3.30000000e+00  4.49000000e-09  3.30000000e+00 
 4.51000000e-09  2.74505743e+00  4.51000000e-09  3.49385721e+00  4.51000000e-09  1.80729746e-01  4.51000000e-09  1.80812326e-01  4.51000000e-09  3.30000000e+00  4.51000000e-09  3.30000000e+00 
 4.53000000e-09  2.74448552e+00  4.53000000e-09  3.49257453e+00  4.53000000e-09  1.77453297e-01  4.53000000e-09  1.77533229e-01  4.53000000e-09  3.30000000e+00  4.53000000e-09  3.30000000e+00 
 4.55000000e-09  2.74392787e+00  4.55000000e-09  3.49130993e+00  4.55000000e-09  1.74233989e-01  4.55000000e-09  1.74311726e-01  4.55000000e-09  3.30000000e+00  4.55000000e-09  3.30000000e+00 
 4.57000000e-09  2.74338400e+00  4.57000000e-09  3.49006328e+00  4.57000000e-09  1.71071499e-01  4.57000000e-09  1.71146775e-01  4.57000000e-09  3.30000000e+00  4.57000000e-09  3.30000000e+00 
 4.59000000e-09  2.74285331e+00  4.59000000e-09  3.48883405e+00  4.59000000e-09  1.67964281e-01  4.59000000e-09  1.68037539e-01  4.59000000e-09  3.30000000e+00  4.59000000e-09  3.30000000e+00 
 4.61000000e-09  2.74233538e+00  4.61000000e-09  3.48762214e+00  4.61000000e-09  1.64912038e-01  4.61000000e-09  1.64983006e-01  4.61000000e-09  3.30000000e+00  4.61000000e-09  3.30000000e+00 
 4.63000000e-09  2.74182966e+00  4.63000000e-09  3.48642701e+00  4.63000000e-09  1.61913250e-01  4.63000000e-09  1.61982362e-01  4.63000000e-09  3.30000000e+00  4.63000000e-09  3.30000000e+00 
 4.65000000e-09  2.74133577e+00  4.65000000e-09  3.48524857e+00  4.65000000e-09  1.58967649e-01  4.65000000e-09  1.59034624e-01  4.65000000e-09  3.30000000e+00  4.65000000e-09  3.30000000e+00 
 4.67000000e-09  2.74085323e+00  4.67000000e-09  3.48408629e+00  4.67000000e-09  1.56073740e-01  4.67000000e-09  1.56139004e-01  4.67000000e-09  3.30000000e+00  4.67000000e-09  3.30000000e+00 
 4.69000000e-09  2.74038169e+00  4.69000000e-09  3.48294010e+00  4.69000000e-09  1.53231279e-01  4.69000000e-09  1.53294545e-01  4.69000000e-09  3.30000000e+00  4.69000000e-09  3.30000000e+00 
 4.71000000e-09  2.73992069e+00  4.71000000e-09  3.48180947e+00  4.71000000e-09  1.50438798e-01  4.71000000e-09  1.50500486e-01  4.71000000e-09  3.30000000e+00  4.71000000e-09  3.30000000e+00 
 4.73000000e-09  2.73946994e+00  4.73000000e-09  3.48069434e+00  4.73000000e-09  1.47696076e-01  4.73000000e-09  1.47755893e-01  4.73000000e-09  3.30000000e+00  4.73000000e-09  3.30000000e+00 
 4.75000000e-09  2.73902902e+00  4.75000000e-09  3.47959419e+00  4.75000000e-09  1.45001671e-01  4.75000000e-09  1.45060032e-01  4.75000000e-09  3.30000000e+00  4.75000000e-09  3.30000000e+00 
 4.77000000e-09  2.73859765e+00  4.77000000e-09  3.47850896e+00  4.77000000e-09  1.42355387e-01  4.77000000e-09  1.42411992e-01  4.77000000e-09  3.30000000e+00  4.77000000e-09  3.30000000e+00 
 4.79000000e-09  2.73817546e+00  4.79000000e-09  3.47743816e+00  4.79000000e-09  1.39755806e-01  4.79000000e-09  1.39811064e-01  4.79000000e-09  3.30000000e+00  4.79000000e-09  3.30000000e+00 
 4.81000000e-09  2.73776220e+00  4.81000000e-09  3.47638172e+00  4.81000000e-09  1.37202754e-01  4.81000000e-09  1.37256363e-01  4.81000000e-09  3.30000000e+00  4.81000000e-09  3.30000000e+00 
 4.83000000e-09  2.73735751e+00  4.83000000e-09  3.47533917e+00  4.83000000e-09  1.34694838e-01  4.83000000e-09  1.34747201e-01  4.83000000e-09  3.30000000e+00  4.83000000e-09  3.30000000e+00 
 4.85000000e-09  2.73696119e+00  4.85000000e-09  3.47431046e+00  4.85000000e-09  1.32231909e-01  4.85000000e-09  1.32282719e-01  4.85000000e-09  3.30000000e+00  4.85000000e-09  3.30000000e+00 
 4.87000000e-09  2.73657289e+00  4.87000000e-09  3.47329511e+00  4.87000000e-09  1.29812595e-01  4.87000000e-09  1.29862251e-01  4.87000000e-09  3.30000000e+00  4.87000000e-09  3.30000000e+00 
 4.89000000e-09  2.73619244e+00  4.89000000e-09  3.47229309e+00  4.89000000e-09  1.27436769e-01  4.89000000e-09  1.27484961e-01  4.89000000e-09  3.30000000e+00  4.89000000e-09  3.30000000e+00 
 4.91000000e-09  2.73581951e+00  4.91000000e-09  3.47130393e+00  4.91000000e-09  1.25103083e-01  4.91000000e-09  1.25150207e-01  4.91000000e-09  3.30000000e+00  4.91000000e-09  3.30000000e+00 
 4.93000000e-09  2.73545395e+00  4.93000000e-09  3.47032761e+00  4.93000000e-09  1.22811433e-01  4.93000000e-09  1.22857173e-01  4.93000000e-09  3.30000000e+00  4.93000000e-09  3.30000000e+00 
 4.95000000e-09  2.73509545e+00  4.95000000e-09  3.46936367e+00  4.95000000e-09  1.20560491e-01  4.95000000e-09  1.20605241e-01  4.95000000e-09  3.30000000e+00  4.95000000e-09  3.30000000e+00 
 4.97000000e-09  2.73474388e+00  4.97000000e-09  3.46841210e+00  4.97000000e-09  1.18350176e-01  4.97000000e-09  1.18393618e-01  4.97000000e-09  3.30000000e+00  4.97000000e-09  3.30000000e+00 
 4.99000000e-09  2.73439896e+00  4.99000000e-09  3.46747244e+00  4.99000000e-09  1.16179181e-01  4.99000000e-09  1.16221706e-01  4.99000000e-09  3.30000000e+00  4.99000000e-09  3.30000000e+00 
 5.01000000e-09  2.73406055e+00  5.01000000e-09  3.46654470e+00  5.01000000e-09  1.14047448e-01  5.01000000e-09  1.14088733e-01  5.01000000e-09  3.30000000e+00  5.01000000e-09  3.30000000e+00 
 5.03000000e-09  2.73372841e+00  5.03000000e-09  3.46562843e+00  5.03000000e-09  1.11953689e-01  5.03000000e-09  1.11994124e-01  5.03000000e-09  3.30000000e+00  5.03000000e-09  3.30000000e+00 
 5.05000000e-09  2.73340241e+00  5.05000000e-09  3.46472364e+00  5.05000000e-09  1.09897867e-01  5.05000000e-09  1.09937126e-01  5.05000000e-09  3.30000000e+00  5.05000000e-09  3.30000000e+00 
 5.07000000e-09  2.73308232e+00  5.07000000e-09  3.46382990e+00  5.07000000e-09  1.07878716e-01  5.07000000e-09  1.07917185e-01  5.07000000e-09  3.30000000e+00  5.07000000e-09  3.30000000e+00 
 5.09000000e-09  2.73276802e+00  5.09000000e-09  3.46294723e+00  5.09000000e-09  1.05896218e-01  5.09000000e-09  1.05933571e-01  5.09000000e-09  3.30000000e+00  5.09000000e-09  3.30000000e+00 
 5.11000000e-09  2.73245930e+00  5.11000000e-09  3.46207520e+00  5.11000000e-09  1.03949127e-01  5.11000000e-09  1.03985747e-01  5.11000000e-09  3.30000000e+00  5.11000000e-09  3.30000000e+00 
 5.13000000e-09  2.73215605e+00  5.13000000e-09  3.46121384e+00  5.13000000e-09  1.02037445e-01  5.13000000e-09  1.02073003e-01  5.13000000e-09  3.30000000e+00  5.13000000e-09  3.30000000e+00 
 5.15000000e-09  2.73185808e+00  5.15000000e-09  3.46036272e+00  5.15000000e-09  1.00159946e-01  5.15000000e-09  1.00194824e-01  5.15000000e-09  3.30000000e+00  5.15000000e-09  3.30000000e+00 
 5.17000000e-09  2.73156529e+00  5.17000000e-09  3.45952190e+00  5.17000000e-09  9.83166503e-02  5.17000000e-09  9.83505183e-02  5.17000000e-09  3.30000000e+00  5.17000000e-09  3.30000000e+00 
 5.19000000e-09  2.73127749e+00  5.19000000e-09  3.45869095e+00  5.19000000e-09  9.65063525e-02  5.19000000e-09  9.65395892e-02  5.19000000e-09  3.30000000e+00  5.19000000e-09  3.30000000e+00 
 5.21000000e-09  2.73099459e+00  5.21000000e-09  3.45786993e+00  5.21000000e-09  9.47290908e-02  5.21000000e-09  9.47613642e-02  5.21000000e-09  3.30000000e+00  5.21000000e-09  3.30000000e+00 
 5.23000000e-09  2.73071642e+00  5.23000000e-09  3.45705843e+00  5.23000000e-09  9.29836783e-02  5.23000000e-09  9.30153660e-02  5.23000000e-09  3.30000000e+00  5.23000000e-09  3.30000000e+00 
 5.25000000e-09  2.73044291e+00  5.25000000e-09  3.45625650e+00  5.25000000e-09  9.12701717e-02  5.25000000e-09  9.13009401e-02  5.25000000e-09  3.30000000e+00  5.25000000e-09  3.30000000e+00 
 5.27000000e-09  2.73017387e+00  5.27000000e-09  3.45546374e+00  5.27000000e-09  8.95874024e-02  5.27000000e-09  8.96176274e-02  5.27000000e-09  3.30000000e+00  5.27000000e-09  3.30000000e+00 
 5.29000000e-09  2.72990925e+00  5.29000000e-09  3.45468023e+00  5.29000000e-09  8.79354447e-02  5.29000000e-09  8.79647914e-02  5.29000000e-09  3.30000000e+00  5.29000000e-09  3.30000000e+00 
 5.31000000e-09  2.72964888e+00  5.31000000e-09  3.45390556e+00  5.31000000e-09  8.63131478e-02  5.31000000e-09  8.63419905e-02  5.31000000e-09  3.30000000e+00  5.31000000e-09  3.30000000e+00 
 5.33000000e-09  2.72939271e+00  5.33000000e-09  3.45313982e+00  5.33000000e-09  8.47206034e-02  5.33000000e-09  8.47486060e-02  5.33000000e-09  3.30000000e+00  5.33000000e-09  3.30000000e+00 
 5.35000000e-09  2.72914058e+00  5.35000000e-09  3.45238261e+00  5.35000000e-09  8.31566779e-02  5.35000000e-09  8.31842134e-02  5.35000000e-09  3.30000000e+00  5.35000000e-09  3.30000000e+00 
 5.37000000e-09  2.72889244e+00  5.37000000e-09  3.45163401e+00  5.37000000e-09  8.16214799e-02  5.37000000e-09  8.16482109e-02  5.37000000e-09  3.30000000e+00  5.37000000e-09  3.30000000e+00 
 5.39000000e-09  2.72864814e+00  5.39000000e-09  3.45089365e+00  5.39000000e-09  8.01138925e-02  5.39000000e-09  8.01401909e-02  5.39000000e-09  3.30000000e+00  5.39000000e-09  3.30000000e+00 
 5.41000000e-09  2.72840764e+00  5.41000000e-09  3.45016161e+00  5.41000000e-09  7.86340409e-02  5.41000000e-09  7.86595681e-02  5.41000000e-09  3.30000000e+00  5.41000000e-09  3.30000000e+00 
 5.43000000e-09  2.72817080e+00  5.43000000e-09  3.44943751e+00  5.43000000e-09  7.71808245e-02  5.43000000e-09  7.72059512e-02  5.43000000e-09  3.30000000e+00  5.43000000e-09  3.30000000e+00 
 5.45000000e-09  2.72793757e+00  5.45000000e-09  3.44872146e+00  5.45000000e-09  7.57543843e-02  5.45000000e-09  7.57787711e-02  5.45000000e-09  3.30000000e+00  5.45000000e-09  3.30000000e+00 
 5.47000000e-09  2.72770783e+00  5.47000000e-09  3.44801307e+00  5.47000000e-09  7.43536357e-02  5.47000000e-09  7.43776522e-02  5.47000000e-09  3.30000000e+00  5.47000000e-09  3.30000000e+00 
 5.49000000e-09  2.72748153e+00  5.49000000e-09  3.44731246e+00  5.49000000e-09  7.29787354e-02  5.49000000e-09  7.30020411e-02  5.49000000e-09  3.30000000e+00  5.49000000e-09  3.30000000e+00 
 5.51000000e-09  2.72725856e+00  5.51000000e-09  3.44661926e+00  5.51000000e-09  7.16286141e-02  5.51000000e-09  7.16515777e-02  5.51000000e-09  3.30000000e+00  5.51000000e-09  3.30000000e+00 
 5.53000000e-09  2.72703888e+00  5.53000000e-09  3.44593357e+00  5.53000000e-09  7.03034435e-02  5.53000000e-09  7.03257237e-02  5.53000000e-09  3.30000000e+00  5.53000000e-09  3.30000000e+00 
 5.55000000e-09  2.72682237e+00  5.55000000e-09  3.44525503e+00  5.55000000e-09  6.90021695e-02  5.55000000e-09  6.90241341e-02  5.55000000e-09  3.30000000e+00  5.55000000e-09  3.30000000e+00 
 5.57000000e-09  2.72660900e+00  5.57000000e-09  3.44458377e+00  5.57000000e-09  6.77249784e-02  5.57000000e-09  6.77462853e-02  5.57000000e-09  3.30000000e+00  5.57000000e-09  3.30000000e+00 
 5.59000000e-09  2.72639866e+00  5.59000000e-09  3.44391941e+00  5.59000000e-09  6.64708307e-02  5.59000000e-09  6.64918469e-02  5.59000000e-09  3.30000000e+00  5.59000000e-09  3.30000000e+00 
 5.61000000e-09  2.72619132e+00  5.61000000e-09  3.44326209e+00  5.61000000e-09  6.52399268e-02  5.61000000e-09  6.52603096e-02  5.61000000e-09  3.30000000e+00  5.61000000e-09  3.30000000e+00 
 5.63000000e-09  2.72598687e+00  5.63000000e-09  3.44261145e+00  5.63000000e-09  6.40312416e-02  5.63000000e-09  6.40513570e-02  5.63000000e-09  3.30000000e+00  5.63000000e-09  3.30000000e+00 
 5.65000000e-09  2.72578530e+00  5.65000000e-09  3.44196761e+00  5.65000000e-09  6.28449894e-02  5.65000000e-09  6.28644939e-02  5.65000000e-09  3.30000000e+00  5.65000000e-09  3.30000000e+00 
 5.67000000e-09  2.72558649e+00  5.67000000e-09  3.44133024e+00  5.67000000e-09  6.16801585e-02  5.67000000e-09  6.16994177e-02  5.67000000e-09  3.30000000e+00  5.67000000e-09  3.30000000e+00 
 5.69000000e-09  2.72539043e+00  5.69000000e-09  3.44069945e+00  5.69000000e-09  6.05369768e-02  5.69000000e-09  6.05556466e-02  5.69000000e-09  3.30000000e+00  5.69000000e-09  3.30000000e+00 
 5.71000000e-09  2.72519701e+00  5.71000000e-09  3.44007491e+00  5.71000000e-09  5.94144462e-02  5.71000000e-09  5.94328912e-02  5.71000000e-09  3.30000000e+00  5.71000000e-09  3.30000000e+00 
 5.73000000e-09  2.72500623e+00  5.73000000e-09  3.43945675e+00  5.73000000e-09  5.83128073e-02  5.73000000e-09  5.83306831e-02  5.73000000e-09  3.30000000e+00  5.73000000e-09  3.30000000e+00 
 5.75000000e-09  2.72481798e+00  5.75000000e-09  3.43884464e+00  5.75000000e-09  5.72310750e-02  5.75000000e-09  5.72487455e-02  5.75000000e-09  3.30000000e+00  5.75000000e-09  3.30000000e+00 
 5.77000000e-09  2.72463226e+00  5.77000000e-09  3.43823870e+00  5.77000000e-09  5.61695026e-02  5.77000000e-09  5.61866229e-02  5.77000000e-09  3.30000000e+00  5.77000000e-09  3.30000000e+00 
 5.79000000e-09  2.72444897e+00  5.79000000e-09  3.43763862e+00  5.79000000e-09  5.51271177e-02  5.79000000e-09  5.51440511e-02  5.79000000e-09  3.30000000e+00  5.79000000e-09  3.30000000e+00 
 5.81000000e-09  2.72426809e+00  5.81000000e-09  3.43704452e+00  5.81000000e-09  5.41041857e-02  5.81000000e-09  5.41205867e-02  5.81000000e-09  3.30000000e+00  5.81000000e-09  3.30000000e+00 
 5.83000000e-09  2.72408954e+00  5.83000000e-09  3.43645609e+00  5.83000000e-09  5.30997464e-02  5.83000000e-09  5.31159778e-02  5.83000000e-09  3.30000000e+00  5.83000000e-09  3.30000000e+00 
 5.85000000e-09  2.72391332e+00  5.85000000e-09  3.43587346e+00  5.85000000e-09  5.21140771e-02  5.85000000e-09  5.21297930e-02  5.85000000e-09  3.30000000e+00  5.85000000e-09  3.30000000e+00 
 5.87000000e-09  2.72373933e+00  5.87000000e-09  3.43529631e+00  5.87000000e-09  5.11462293e-02  5.87000000e-09  5.11617921e-02  5.87000000e-09  3.30000000e+00  5.87000000e-09  3.30000000e+00 
 5.89000000e-09  2.72356757e+00  5.89000000e-09  3.43472479e+00  5.89000000e-09  5.01964921e-02  5.89000000e-09  5.02115553e-02  5.89000000e-09  3.30000000e+00  5.89000000e-09  3.30000000e+00 
 5.91000000e-09  2.72339795e+00  5.91000000e-09  3.43415858e+00  5.91000000e-09  4.92639283e-02  5.91000000e-09  4.92788539e-02  5.91000000e-09  3.30000000e+00  5.91000000e-09  3.30000000e+00 
 5.93000000e-09  2.72323047e+00  5.93000000e-09  3.43359783e+00  5.93000000e-09  4.83488380e-02  5.93000000e-09  4.83632791e-02  5.93000000e-09  3.30000000e+00  5.93000000e-09  3.30000000e+00 
 5.95000000e-09  2.72306505e+00  5.95000000e-09  3.43304222e+00  5.95000000e-09  4.74502953e-02  5.95000000e-09  4.74646133e-02  5.95000000e-09  3.30000000e+00  5.95000000e-09  3.30000000e+00 
 5.97000000e-09  2.72290170e+00  5.97000000e-09  3.43249191e+00  5.97000000e-09  4.65686111e-02  5.97000000e-09  4.65824589e-02  5.97000000e-09  3.30000000e+00  5.97000000e-09  3.30000000e+00 
 5.99000000e-09  2.72274032e+00  5.99000000e-09  3.43194659e+00  5.99000000e-09  4.57028702e-02  5.99000000e-09  4.57166087e-02  5.99000000e-09  3.30000000e+00  5.99000000e-09  3.30000000e+00 
 6.01000000e-09  2.72258092e+00  6.01000000e-09  3.43140641e+00  6.01000000e-09  4.48533938e-02  6.01000000e-09  4.48666757e-02  6.01000000e-09  3.30000000e+00  6.01000000e-09  3.30000000e+00 
 6.03000000e-09  2.72242342e+00  6.03000000e-09  3.43087106e+00  6.03000000e-09  4.40192774e-02  6.03000000e-09  4.40324631e-02  6.03000000e-09  3.30000000e+00  6.03000000e-09  3.30000000e+00 
 6.05000000e-09  2.72226783e+00  6.05000000e-09  3.43034070e+00  6.05000000e-09  4.32008522e-02  6.05000000e-09  4.32135941e-02  6.05000000e-09  3.30000000e+00  6.05000000e-09  3.30000000e+00 
 6.07000000e-09  2.72211407e+00  6.07000000e-09  3.42981503e+00  6.07000000e-09  4.23972238e-02  6.07000000e-09  4.24098819e-02  6.07000000e-09  3.30000000e+00  6.07000000e-09  3.30000000e+00 
 6.09000000e-09  2.72196215e+00  6.09000000e-09  3.42929420e+00  6.09000000e-09  4.16087332e-02  6.09000000e-09  4.16209595e-02  6.09000000e-09  3.30000000e+00  6.09000000e-09  3.30000000e+00 
 6.11000000e-09  2.72181199e+00  6.11000000e-09  3.42877792e+00  6.11000000e-09  4.08344957e-02  6.11000000e-09  4.08466500e-02  6.11000000e-09  3.30000000e+00  6.11000000e-09  3.30000000e+00 
 6.13000000e-09  2.72166360e+00  6.13000000e-09  3.42826635e+00  6.13000000e-09  4.00748618e-02  6.13000000e-09  4.00865959e-02  6.13000000e-09  3.30000000e+00  6.13000000e-09  3.30000000e+00 
 6.15000000e-09  2.72151690e+00  6.15000000e-09  3.42775919e+00  6.15000000e-09  3.93289564e-02  6.15000000e-09  3.93406296e-02  6.15000000e-09  3.30000000e+00  6.15000000e-09  3.30000000e+00 
 6.17000000e-09  2.72137190e+00  6.17000000e-09  3.42725661e+00  6.17000000e-09  3.85971390e-02  6.17000000e-09  3.86084029e-02  6.17000000e-09  3.30000000e+00  6.17000000e-09  3.30000000e+00 
 6.19000000e-09  2.72122854e+00  6.19000000e-09  3.42675830e+00  6.19000000e-09  3.78785438e-02  6.19000000e-09  3.78897574e-02  6.19000000e-09  3.30000000e+00  6.19000000e-09  3.30000000e+00 
 6.21000000e-09  2.72108683e+00  6.21000000e-09  3.42626444e+00  6.21000000e-09  3.71735391e-02  6.21000000e-09  3.71843537e-02  6.21000000e-09  3.30000000e+00  6.21000000e-09  3.30000000e+00 
 6.23000000e-09  2.72094669e+00  6.23000000e-09  3.42577474e+00  6.23000000e-09  3.64812678e-02  6.23000000e-09  3.64920422e-02  6.23000000e-09  3.30000000e+00  6.23000000e-09  3.30000000e+00 
 6.25000000e-09  2.72080813e+00  6.25000000e-09  3.42528936e+00  6.25000000e-09  3.58021070e-02  6.25000000e-09  3.58124923e-02  6.25000000e-09  3.30000000e+00  6.25000000e-09  3.30000000e+00 
 6.27000000e-09  2.72067110e+00  6.27000000e-09  3.42480801e+00  6.27000000e-09  3.51352082e-02  6.27000000e-09  3.51455627e-02  6.27000000e-09  3.30000000e+00  6.27000000e-09  3.30000000e+00 
 6.29000000e-09  2.72053559e+00  6.29000000e-09  3.42433088e+00  6.29000000e-09  3.44809567e-02  6.29000000e-09  3.44909314e-02  6.29000000e-09  3.30000000e+00  6.29000000e-09  3.30000000e+00 
 6.31000000e-09  2.72040155e+00  6.31000000e-09  3.42385765e+00  6.31000000e-09  3.38385122e-02  6.31000000e-09  3.38484652e-02  6.31000000e-09  3.30000000e+00  6.31000000e-09  3.30000000e+00 
 6.33000000e-09  2.72026899e+00  6.33000000e-09  3.42338853e+00  6.33000000e-09  3.32082681e-02  6.33000000e-09  3.32178502e-02  6.33000000e-09  3.30000000e+00  6.33000000e-09  3.30000000e+00 
 6.35000000e-09  2.72013784e+00  6.35000000e-09  3.42292320e+00  6.35000000e-09  3.25893921e-02  6.35000000e-09  3.25989611e-02  6.35000000e-09  3.30000000e+00  6.35000000e-09  3.30000000e+00 
 6.37000000e-09  2.72000812e+00  6.37000000e-09  3.42246186e+00  6.37000000e-09  3.19822854e-02  6.37000000e-09  3.19914919e-02  6.37000000e-09  3.30000000e+00  6.37000000e-09  3.30000000e+00 
 6.39000000e-09  2.71987976e+00  6.39000000e-09  3.42200421e+00  6.39000000e-09  3.13861234e-02  6.39000000e-09  3.13953251e-02  6.39000000e-09  3.30000000e+00  6.39000000e-09  3.30000000e+00 
 6.41000000e-09  2.71975279e+00  6.41000000e-09  3.42155045e+00  6.41000000e-09  3.08013148e-02  6.41000000e-09  3.08101621e-02  6.41000000e-09  3.30000000e+00  6.41000000e-09  3.30000000e+00 
 6.43000000e-09  2.71962713e+00  6.43000000e-09  3.42110027e+00  6.43000000e-09  3.02270426e-02  6.43000000e-09  3.02358928e-02  6.43000000e-09  3.30000000e+00  6.43000000e-09  3.30000000e+00 
 6.45000000e-09  2.71950281e+00  6.45000000e-09  3.42065388e+00  6.45000000e-09  2.96637225e-02  6.45000000e-09  2.96722260e-02  6.45000000e-09  3.30000000e+00  6.45000000e-09  3.30000000e+00 
 6.47000000e-09  2.71937976e+00  6.47000000e-09  3.42021097e+00  6.47000000e-09  2.91105450e-02  6.47000000e-09  2.91190587e-02  6.47000000e-09  3.30000000e+00  6.47000000e-09  3.30000000e+00 
 6.49000000e-09  2.71925801e+00  6.49000000e-09  3.41977174e+00  6.49000000e-09  2.85679326e-02  6.49000000e-09  2.85761069e-02  6.49000000e-09  3.30000000e+00  6.49000000e-09  3.30000000e+00 
 6.51000000e-09  2.71913748e+00  6.51000000e-09  3.41933591e+00  6.51000000e-09  2.80350829e-02  6.51000000e-09  2.80432745e-02  6.51000000e-09  3.30000000e+00  6.51000000e-09  3.30000000e+00 
 6.53000000e-09  2.71901820e+00  6.53000000e-09  3.41890367e+00  6.53000000e-09  2.75124251e-02  6.53000000e-09  2.75202843e-02  6.53000000e-09  3.30000000e+00  6.53000000e-09  3.30000000e+00 
 6.55000000e-09  2.71890012e+00  6.55000000e-09  3.41847472e+00  6.55000000e-09  2.69991636e-02  6.55000000e-09  2.70070468e-02  6.55000000e-09  3.30000000e+00  6.55000000e-09  3.30000000e+00 
 6.57000000e-09  2.71878324e+00  6.57000000e-09  3.41804927e+00  6.57000000e-09  2.64957342e-02  6.57000000e-09  2.65032915e-02  6.57000000e-09  3.30000000e+00  6.57000000e-09  3.30000000e+00 
 6.59000000e-09  2.71866752e+00  6.59000000e-09  3.41762703e+00  6.59000000e-09  2.60013477e-02  6.59000000e-09  2.60089355e-02  6.59000000e-09  3.30000000e+00  6.59000000e-09  3.30000000e+00 
 6.61000000e-09  2.71855297e+00  6.61000000e-09  3.41720820e+00  6.61000000e-09  2.55164462e-02  6.61000000e-09  2.55237145e-02  6.61000000e-09  3.30000000e+00  6.61000000e-09  3.30000000e+00 
 6.63000000e-09  2.71843953e+00  6.63000000e-09  3.41679249e+00  6.63000000e-09  2.50402469e-02  6.63000000e-09  2.50475518e-02  6.63000000e-09  3.30000000e+00  6.63000000e-09  3.30000000e+00 
 6.65000000e-09  2.71832722e+00  6.65000000e-09  3.41638011e+00  6.65000000e-09  2.45731979e-02  6.65000000e-09  2.45801893e-02  6.65000000e-09  3.30000000e+00  6.65000000e-09  3.30000000e+00 
 6.67000000e-09  2.71821600e+00  6.67000000e-09  3.41597076e+00  6.67000000e-09  2.41145226e-02  6.67000000e-09  2.41215564e-02  6.67000000e-09  3.30000000e+00  6.67000000e-09  3.30000000e+00 
 6.69000000e-09  2.71810588e+00  6.69000000e-09  3.41556466e+00  6.69000000e-09  2.36646750e-02  6.69000000e-09  2.36714010e-02  6.69000000e-09  3.30000000e+00  6.69000000e-09  3.30000000e+00 
 6.71000000e-09  2.71799679e+00  6.71000000e-09  3.41516151e+00  6.71000000e-09  2.32228843e-02  6.71000000e-09  2.32296583e-02  6.71000000e-09  3.30000000e+00  6.71000000e-09  3.30000000e+00 
 6.73000000e-09  2.71788878e+00  6.73000000e-09  3.41476153e+00  6.73000000e-09  2.27896101e-02  6.73000000e-09  2.27960818e-02  6.73000000e-09  3.30000000e+00  6.73000000e-09  3.30000000e+00 
 6.75000000e-09  2.71778178e+00  6.75000000e-09  3.41436443e+00  6.75000000e-09  2.23640874e-02  6.75000000e-09  2.23706124e-02  6.75000000e-09  3.30000000e+00  6.75000000e-09  3.30000000e+00 
 6.77000000e-09  2.71767582e+00  6.77000000e-09  3.41397041e+00  6.77000000e-09  2.19467813e-02  6.77000000e-09  2.19530092e-02  6.77000000e-09  3.30000000e+00  6.77000000e-09  3.30000000e+00 
 6.79000000e-09  2.71757083e+00  6.79000000e-09  3.41357920e+00  6.79000000e-09  2.15369322e-02  6.79000000e-09  2.15432184e-02  6.79000000e-09  3.30000000e+00  6.79000000e-09  3.30000000e+00 
 6.81000000e-09  2.71746685e+00  6.81000000e-09  3.41319101e+00  6.81000000e-09  2.11350105e-02  6.81000000e-09  2.11410046e-02  6.81000000e-09  3.30000000e+00  6.81000000e-09  3.30000000e+00 
 6.83000000e-09  2.71736381e+00  6.83000000e-09  3.41280554e+00  6.83000000e-09  2.07402619e-02  6.83000000e-09  2.07463193e-02  6.83000000e-09  3.30000000e+00  6.83000000e-09  3.30000000e+00 
 6.85000000e-09  2.71726176e+00  6.85000000e-09  3.41242302e+00  6.85000000e-09  2.03531620e-02  6.85000000e-09  2.03589320e-02  6.85000000e-09  3.30000000e+00  6.85000000e-09  3.30000000e+00 
 6.87000000e-09  2.71716062e+00  6.87000000e-09  3.41204316e+00  6.87000000e-09  1.99729616e-02  6.87000000e-09  1.99787995e-02  6.87000000e-09  3.30000000e+00  6.87000000e-09  3.30000000e+00 
 6.89000000e-09  2.71706043e+00  6.89000000e-09  3.41166617e+00  6.89000000e-09  1.96001411e-02  6.89000000e-09  1.96056962e-02  6.89000000e-09  3.30000000e+00  6.89000000e-09  3.30000000e+00 
 6.91000000e-09  2.71696113e+00  6.91000000e-09  3.41129178e+00  6.91000000e-09  1.92339563e-02  6.91000000e-09  1.92395836e-02  6.91000000e-09  3.30000000e+00  6.91000000e-09  3.30000000e+00 
 6.93000000e-09  2.71686275e+00  6.93000000e-09  3.41092019e+00  6.93000000e-09  1.88748923e-02  6.93000000e-09  1.88802413e-02  6.93000000e-09  3.30000000e+00  6.93000000e-09  3.30000000e+00 
 6.95000000e-09  2.71676524e+00  6.95000000e-09  3.41055113e+00  6.95000000e-09  1.85222099e-02  6.95000000e-09  1.85276353e-02  6.95000000e-09  3.30000000e+00  6.95000000e-09  3.30000000e+00 
 6.97000000e-09  2.71666862e+00  6.97000000e-09  3.41018482e+00  6.97000000e-09  1.81763985e-02  6.97000000e-09  1.81815497e-02  6.97000000e-09  3.30000000e+00  6.97000000e-09  3.30000000e+00 
 6.99000000e-09  2.71657285e+00  6.99000000e-09  3.40982097e+00  6.99000000e-09  1.78367237e-02  6.99000000e-09  1.78419553e-02  6.99000000e-09  3.30000000e+00  6.99000000e-09  3.30000000e+00 
 7.01000000e-09  2.71647794e+00  7.01000000e-09  3.40945979e+00  7.01000000e-09  1.75036791e-02  7.01000000e-09  1.75086406e-02  7.01000000e-09  3.30000000e+00  7.01000000e-09  3.30000000e+00 
 7.03000000e-09  2.71638384e+00  7.03000000e-09  3.40910103e+00  7.03000000e-09  1.71765349e-02  7.03000000e-09  1.71815807e-02  7.03000000e-09  3.30000000e+00  7.03000000e-09  3.30000000e+00 
 7.05000000e-09  2.71629059e+00  7.05000000e-09  3.40874488e+00  7.05000000e-09  1.68557891e-02  7.05000000e-09  1.68605685e-02  7.05000000e-09  3.30000000e+00  7.05000000e-09  3.30000000e+00 
 7.07000000e-09  2.71619813e+00  7.07000000e-09  3.40839108e+00  7.07000000e-09  1.65407160e-02  7.07000000e-09  1.65455833e-02  7.07000000e-09  3.30000000e+00  7.07000000e-09  3.30000000e+00 
 7.09000000e-09  2.71610650e+00  7.09000000e-09  3.40803984e+00  7.09000000e-09  1.62318176e-02  7.09000000e-09  1.62364222e-02  7.09000000e-09  3.30000000e+00  7.09000000e-09  3.30000000e+00 
 7.11000000e-09  2.71601563e+00  7.11000000e-09  3.40769088e+00  7.11000000e-09  1.59283725e-02  7.11000000e-09  1.59330686e-02  7.11000000e-09  3.30000000e+00  7.11000000e-09  3.30000000e+00 
 7.13000000e-09  2.71592556e+00  7.13000000e-09  3.40734443e+00  7.13000000e-09  1.56308867e-02  7.13000000e-09  1.56353237e-02  7.13000000e-09  3.30000000e+00  7.13000000e-09  3.30000000e+00 
 7.15000000e-09  2.71583623e+00  7.15000000e-09  3.40700021e+00  7.15000000e-09  1.53386428e-02  7.15000000e-09  1.53431745e-02  7.15000000e-09  3.30000000e+00  7.15000000e-09  3.30000000e+00 
 7.17000000e-09  2.71574769e+00  7.17000000e-09  3.40665844e+00  7.17000000e-09  1.50521505e-02  7.17000000e-09  1.50564265e-02  7.17000000e-09  3.30000000e+00  7.17000000e-09  3.30000000e+00 
 7.19000000e-09  2.71565987e+00  7.19000000e-09  3.40631885e+00  7.19000000e-09  1.47706963e-02  7.19000000e-09  1.47750703e-02  7.19000000e-09  3.30000000e+00  7.19000000e-09  3.30000000e+00 
 7.21000000e-09  2.71557281e+00  7.21000000e-09  3.40598166e+00  7.21000000e-09  1.44947937e-02  7.21000000e-09  1.44989150e-02  7.21000000e-09  3.30000000e+00  7.21000000e-09  3.30000000e+00 
 7.23000000e-09  2.71548645e+00  7.23000000e-09  3.40564659e+00  7.23000000e-09  1.42237328e-02  7.23000000e-09  1.42279552e-02  7.23000000e-09  3.30000000e+00  7.23000000e-09  3.30000000e+00 
 7.25000000e-09  2.71540083e+00  7.25000000e-09  3.40531386e+00  7.25000000e-09  1.39580305e-02  7.25000000e-09  1.39620035e-02  7.25000000e-09  3.30000000e+00  7.25000000e-09  3.30000000e+00 
 7.27000000e-09  2.71531589e+00  7.27000000e-09  3.40498322e+00  7.27000000e-09  1.36969808e-02  7.27000000e-09  1.37010579e-02  7.27000000e-09  3.30000000e+00  7.27000000e-09  3.30000000e+00 
 7.29000000e-09  2.71523167e+00  7.29000000e-09  3.40465486e+00  7.29000000e-09  1.34411040e-02  7.29000000e-09  1.34449344e-02  7.29000000e-09  3.30000000e+00  7.29000000e-09  3.30000000e+00 
 7.31000000e-09  2.71514812e+00  7.31000000e-09  3.40432854e+00  7.31000000e-09  1.31896974e-02  7.31000000e-09  1.31936347e-02  7.31000000e-09  3.30000000e+00  7.31000000e-09  3.30000000e+00 
 7.33000000e-09  2.71506527e+00  7.33000000e-09  3.40400446e+00  7.33000000e-09  1.29432845e-02  7.33000000e-09  1.29469781e-02  7.33000000e-09  3.30000000e+00  7.33000000e-09  3.30000000e+00 
 7.35000000e-09  2.71498307e+00  7.35000000e-09  3.40368236e+00  7.35000000e-09  1.27011662e-02  7.35000000e-09  1.27049694e-02  7.35000000e-09  3.30000000e+00  7.35000000e-09  3.30000000e+00 
 7.37000000e-09  2.71490154e+00  7.37000000e-09  3.40336246e+00  7.37000000e-09  1.24638691e-02  7.37000000e-09  1.24674312e-02  7.37000000e-09  3.30000000e+00  7.37000000e-09  3.30000000e+00 
 7.39000000e-09  2.71482065e+00  7.39000000e-09  3.40304449e+00  7.39000000e-09  1.22306973e-02  7.39000000e-09  1.22343716e-02  7.39000000e-09  3.30000000e+00  7.39000000e-09  3.30000000e+00 
 7.41000000e-09  2.71474042e+00  7.41000000e-09  3.40272868e+00  7.41000000e-09  1.20021804e-02  7.41000000e-09  1.20056163e-02  7.41000000e-09  3.30000000e+00  7.41000000e-09  3.30000000e+00 
 7.43000000e-09  2.71466081e+00  7.43000000e-09  3.40241475e+00  7.43000000e-09  1.17776257e-02  7.43000000e-09  1.17811763e-02  7.43000000e-09  3.30000000e+00  7.43000000e-09  3.30000000e+00 
 7.45000000e-09  2.71458184e+00  7.45000000e-09  3.40210294e+00  7.45000000e-09  1.15575658e-02  7.45000000e-09  1.15608804e-02  7.45000000e-09  3.30000000e+00  7.45000000e-09  3.30000000e+00 
 7.47000000e-09  2.71450347e+00  7.47000000e-09  3.40179297e+00  7.47000000e-09  1.13413110e-02  7.47000000e-09  1.13447426e-02  7.47000000e-09  3.30000000e+00  7.47000000e-09  3.30000000e+00 
 7.49000000e-09  2.71442573e+00  7.49000000e-09  3.40148508e+00  7.49000000e-09  1.11293965e-02  7.49000000e-09  1.11325946e-02  7.49000000e-09  3.30000000e+00  7.49000000e-09  3.30000000e+00 
 7.51000000e-09  2.71434857e+00  7.51000000e-09  3.40117898e+00  7.51000000e-09  1.09211357e-02  7.51000000e-09  1.09244531e-02  7.51000000e-09  3.30000000e+00  7.51000000e-09  3.30000000e+00 
 7.53000000e-09  2.71427203e+00  7.53000000e-09  3.40087491e+00  7.53000000e-09  1.07170666e-02  7.53000000e-09  1.07201527e-02  7.53000000e-09  3.30000000e+00  7.53000000e-09  3.30000000e+00 
 7.55000000e-09  2.71419606e+00  7.55000000e-09  3.40057260e+00  7.55000000e-09  1.05165053e-02  7.55000000e-09  1.05197129e-02  7.55000000e-09  3.30000000e+00  7.55000000e-09  3.30000000e+00 
 7.57000000e-09  2.71412068e+00  7.57000000e-09  3.40027228e+00  7.57000000e-09  1.03199924e-02  7.57000000e-09  1.03229710e-02  7.57000000e-09  3.30000000e+00  7.57000000e-09  3.30000000e+00 
 7.59000000e-09  2.71404586e+00  7.59000000e-09  3.39997369e+00  7.59000000e-09  1.01268468e-02  7.59000000e-09  1.01299489e-02  7.59000000e-09  3.30000000e+00  7.59000000e-09  3.30000000e+00 
 7.61000000e-09  2.71397162e+00  7.61000000e-09  3.39967704e+00  7.61000000e-09  9.93761155e-03  7.61000000e-09  9.94048674e-03  7.61000000e-09  3.30000000e+00  7.61000000e-09  3.30000000e+00 
 7.63000000e-09  2.71389792e+00  7.63000000e-09  3.39938207e+00  7.63000000e-09  9.75160820e-03  7.63000000e-09  9.75460894e-03  7.63000000e-09  3.30000000e+00  7.63000000e-09  3.30000000e+00 
 7.65000000e-09  2.71382480e+00  7.65000000e-09  3.39908902e+00  7.65000000e-09  9.56938225e-03  7.65000000e-09  9.57215809e-03  7.65000000e-09  3.30000000e+00  7.65000000e-09  3.30000000e+00 
 7.67000000e-09  2.71375219e+00  7.67000000e-09  3.39879761e+00  7.67000000e-09  9.39025776e-03  7.67000000e-09  9.39316107e-03  7.67000000e-09  3.30000000e+00  7.67000000e-09  3.30000000e+00 
 7.69000000e-09  2.71368015e+00  7.69000000e-09  3.39850808e+00  7.69000000e-09  9.21478256e-03  7.69000000e-09  9.21746291e-03  7.69000000e-09  3.30000000e+00  7.69000000e-09  3.30000000e+00 
 7.71000000e-09  2.71360861e+00  7.71000000e-09  3.39822015e+00  7.71000000e-09  9.04228316e-03  7.71000000e-09  9.04509284e-03  7.71000000e-09  3.30000000e+00  7.71000000e-09  3.30000000e+00 
 7.73000000e-09  2.71353762e+00  7.73000000e-09  3.39793407e+00  7.73000000e-09  8.87330964e-03  7.73000000e-09  8.87589822e-03  7.73000000e-09  3.30000000e+00  7.73000000e-09  3.30000000e+00 
 7.75000000e-09  2.71346713e+00  7.75000000e-09  3.39764955e+00  7.75000000e-09  8.70719088e-03  7.75000000e-09  8.70991054e-03  7.75000000e-09  3.30000000e+00  7.75000000e-09  3.30000000e+00 
 7.77000000e-09  2.71339717e+00  7.77000000e-09  3.39736685e+00  7.77000000e-09  8.54447909e-03  7.77000000e-09  8.54697946e-03  7.77000000e-09  3.30000000e+00  7.77000000e-09  3.30000000e+00 
 7.78500000e-09  2.71334502e+00  7.78500000e-09  3.39715580e+00  7.78500000e-09  8.42418001e-03  7.78500000e-09  8.42682377e-03  7.78500000e-09  3.30000000e+00  7.78500000e-09  3.30000000e+00 
 7.80000000e-09  2.71329317e+00  7.80000000e-09  3.39694581e+00  7.80000000e-09  8.30587440e-03  7.80000000e-09  8.30831086e-03  7.80000000e-09  3.30000000e+00  7.80000000e-09  3.30000000e+00 
 7.80200000e-09  2.70606809e+00  7.80200000e-09  3.38962236e+00  7.80200000e-09  8.24239576e-03  7.80200000e-09  8.24486752e-03  7.80200000e-09  3.30000000e+00  7.80200000e-09  3.23400000e+00 
 7.80600000e-09  2.69131284e+00  7.80600000e-09  3.37443190e+00  7.80600000e-09  8.13107465e-03  7.80600000e-09  8.13348490e-03  7.80600000e-09  3.30000000e+00  7.80600000e-09  3.10200000e+00 
 7.81400000e-09  2.65685175e+00  7.81400000e-09  3.33668185e+00  7.81400000e-09  7.96133745e-03  7.81400000e-09  7.96346418e-03  7.81400000e-09  3.30000000e+00  7.81400000e-09  2.83800000e+00 
 7.83000000e-09  2.53687910e+00  7.83000000e-09  3.19117290e+00  7.83000000e-09  7.61401212e-03  7.83000000e-09  7.61296486e-03  7.83000000e-09  3.30000000e+00  7.83000000e-09  2.31000000e+00 
 7.85000000e-09  2.63760844e+00  7.85000000e-09  3.09043803e+00  7.85000000e-09  7.75235827e-03  7.85000000e-09  7.81789415e-03  7.85000000e-09  3.30000000e+00  7.85000000e-09  1.65000000e+00 
 7.87000000e-09  2.92217440e+00  7.87000000e-09  3.11860523e+00  7.87000000e-09  8.04114402e-03  7.87000000e-09  8.29111499e-03  7.87000000e-09  3.30000000e+00  7.87000000e-09  9.90000000e-01 
 7.88500000e-09  3.08146086e+00  7.88500000e-09  3.15544459e+00  7.88500000e-09  8.08246297e-03  7.88500000e-09  8.37556971e-03  7.88500000e-09  3.30000000e+00  7.88500000e-09  4.95000000e-01 
 7.90000000e-09  3.15673766e+00  7.90000000e-09  3.17753234e+00  7.90000000e-09  8.05512651e-03  7.90000000e-09  8.31401968e-03  7.90000000e-09  3.30000000e+00  7.90000000e-09  0.00000000e+00 
 7.90200000e-09  3.18151233e+00  7.90200000e-09  3.19928781e+00  7.90200000e-09  8.11807983e-03  7.90200000e-09  8.36792976e-03  7.90200000e-09  3.30000000e+00  7.90200000e-09  0.00000000e+00 
 7.90600000e-09  3.22253531e+00  7.90600000e-09  3.23514674e+00  7.90600000e-09  8.20767247e-03  7.90600000e-09  8.43870385e-03  7.90600000e-09  3.30000000e+00  7.90600000e-09  0.00000000e+00 
 7.91400000e-09  3.26854377e+00  7.91400000e-09  3.27472526e+00  7.91400000e-09  8.24871560e-03  7.91400000e-09  8.44033204e-03  7.91400000e-09  3.30000000e+00  7.91400000e-09  0.00000000e+00 
 7.93000000e-09  3.29761078e+00  7.93000000e-09  3.29876255e+00  7.93000000e-09  8.15188473e-03  7.93000000e-09  8.27257677e-03  7.93000000e-09  3.30000000e+00  7.93000000e-09  0.00000000e+00 
 7.95000000e-09  3.30023870e+00  7.95000000e-09  3.30033666e+00  7.95000000e-09  7.99173322e-03  7.95000000e-09  8.05209306e-03  7.95000000e-09  3.30000000e+00  7.95000000e-09  0.00000000e+00 
 7.97000000e-09  3.30001713e+00  7.97000000e-09  3.30002340e+00  7.97000000e-09  7.85064403e-03  7.97000000e-09  7.87943043e-03  7.97000000e-09  3.30000000e+00  7.97000000e-09  0.00000000e+00 
 7.99000000e-09  3.30000461e+00  7.99000000e-09  3.30000551e+00  7.99000000e-09  7.70984827e-03  7.99000000e-09  7.72390497e-03  7.99000000e-09  3.30000000e+00  7.99000000e-09  0.00000000e+00 
 8.01000000e-09  3.30000062e+00  8.01000000e-09  3.30000076e+00  8.01000000e-09  7.56858611e-03  8.01000000e-09  7.57602798e-03  8.01000000e-09  3.30000000e+00  8.01000000e-09  0.00000000e+00 
 8.03000000e-09  3.30000010e+00  8.03000000e-09  3.30000012e+00  8.03000000e-09  7.42833736e-03  8.03000000e-09  7.43283965e-03  8.03000000e-09  3.30000000e+00  8.03000000e-09  0.00000000e+00 
 8.05000000e-09  3.30000002e+00  8.05000000e-09  3.30000003e+00  8.05000000e-09  7.28994827e-03  8.05000000e-09  7.29313980e-03  8.05000000e-09  3.30000000e+00  8.05000000e-09  0.00000000e+00 
 8.07000000e-09  3.29999999e+00  8.07000000e-09  3.30000000e+00  8.07000000e-09  7.15380585e-03  8.07000000e-09  7.15640345e-03  8.07000000e-09  3.30000000e+00  8.07000000e-09  0.00000000e+00 
 8.09000000e-09  3.30000001e+00  8.09000000e-09  3.30000001e+00  8.09000000e-09  7.02005898e-03  8.09000000e-09  7.02237707e-03  8.09000000e-09  3.30000000e+00  8.09000000e-09  0.00000000e+00 
 8.11000000e-09  3.29999999e+00  8.11000000e-09  3.29999999e+00  8.11000000e-09  6.88874753e-03  8.11000000e-09  6.89092442e-03  8.11000000e-09  3.30000000e+00  8.11000000e-09  0.00000000e+00 
 8.13000000e-09  3.30000001e+00  8.13000000e-09  3.30000001e+00  8.13000000e-09  6.75986326e-03  8.13000000e-09  6.76195961e-03  8.13000000e-09  3.30000000e+00  8.13000000e-09  0.00000000e+00 
 8.15000000e-09  3.29999999e+00  8.15000000e-09  3.29999999e+00  8.15000000e-09  6.63337716e-03  8.15000000e-09  6.63542013e-03  8.15000000e-09  3.30000000e+00  8.15000000e-09  0.00000000e+00 
 8.17000000e-09  3.30000001e+00  8.17000000e-09  3.30000001e+00  8.17000000e-09  6.50925162e-03  8.17000000e-09  6.51125320e-03  8.17000000e-09  3.30000000e+00  8.17000000e-09  0.00000000e+00 
 8.19000000e-09  3.29999999e+00  8.19000000e-09  3.29999999e+00  8.19000000e-09  6.38744571e-03  8.19000000e-09  6.38941172e-03  8.19000000e-09  3.30000000e+00  8.19000000e-09  0.00000000e+00 
 8.21000000e-09  3.30000001e+00  8.21000000e-09  3.30000001e+00  8.21000000e-09  6.26791750e-03  8.21000000e-09  6.26985061e-03  8.21000000e-09  3.30000000e+00  8.21000000e-09  0.00000000e+00 
 8.23000000e-09  3.29999999e+00  8.23000000e-09  3.29999999e+00  8.23000000e-09  6.15062506e-03  8.23000000e-09  6.15252700e-03  8.23000000e-09  3.30000000e+00  8.23000000e-09  0.00000000e+00 
 8.25000000e-09  3.30000001e+00  8.25000000e-09  3.30000001e+00  8.25000000e-09  6.03552694e-03  8.25000000e-09  6.03739854e-03  8.25000000e-09  3.30000000e+00  8.25000000e-09  0.00000000e+00 
 8.27000000e-09  3.29999999e+00  8.27000000e-09  3.29999999e+00  8.27000000e-09  5.92258225e-03  8.27000000e-09  5.92442447e-03  8.27000000e-09  3.30000000e+00  8.27000000e-09  0.00000000e+00 
 8.29000000e-09  3.30000001e+00  8.29000000e-09  3.30000001e+00  8.29000000e-09  5.81175088e-03  8.29000000e-09  5.81356417e-03  8.29000000e-09  3.30000000e+00  8.29000000e-09  0.00000000e+00 
 8.31000000e-09  3.29999999e+00  8.31000000e-09  3.29999999e+00  8.31000000e-09  5.70299335e-03  8.31000000e-09  5.70477848e-03  8.31000000e-09  3.30000000e+00  8.31000000e-09  0.00000000e+00 
 8.33000000e-09  3.30000001e+00  8.33000000e-09  3.30000001e+00  8.33000000e-09  5.59627096e-03  8.33000000e-09  5.59802833e-03  8.33000000e-09  3.30000000e+00  8.33000000e-09  0.00000000e+00 
 8.35000000e-09  3.29999999e+00  8.35000000e-09  3.29999999e+00  8.35000000e-09  5.49154571e-03  8.35000000e-09  5.49327602e-03  8.35000000e-09  3.30000000e+00  8.35000000e-09  0.00000000e+00 
 8.37000000e-09  3.30000001e+00  8.37000000e-09  3.30000001e+00  8.37000000e-09  5.38878030e-03  8.37000000e-09  5.39048391e-03  8.37000000e-09  3.30000000e+00  8.37000000e-09  0.00000000e+00 
 8.39000000e-09  3.29999999e+00  8.39000000e-09  3.29999999e+00  8.39000000e-09  5.28793811e-03  8.39000000e-09  5.28961571e-03  8.39000000e-09  3.30000000e+00  8.39000000e-09  0.00000000e+00 
 8.41000000e-09  3.30000001e+00  8.41000000e-09  3.30000001e+00  8.41000000e-09  5.18898324e-03  8.41000000e-09  5.19063516e-03  8.41000000e-09  3.30000000e+00  8.41000000e-09  0.00000000e+00 
 8.43000000e-09  3.29999999e+00  8.43000000e-09  3.29999999e+00  8.43000000e-09  5.09188040e-03  8.43000000e-09  5.09350731e-03  8.43000000e-09  3.30000000e+00  8.43000000e-09  0.00000000e+00 
 8.45000000e-09  3.30000001e+00  8.45000000e-09  3.30000001e+00  8.45000000e-09  4.99659503e-03  8.45000000e-09  4.99819724e-03  8.45000000e-09  3.30000000e+00  8.45000000e-09  0.00000000e+00 
 8.47000000e-09  3.29999999e+00  8.47000000e-09  3.29999999e+00  8.47000000e-09  4.90309315e-03  8.47000000e-09  4.90467130e-03  8.47000000e-09  3.30000000e+00  8.47000000e-09  0.00000000e+00 
 8.49000000e-09  3.30000001e+00  8.49000000e-09  3.30000001e+00  8.49000000e-09  4.81134144e-03  8.49000000e-09  4.81289583e-03  8.49000000e-09  3.30000000e+00  8.49000000e-09  0.00000000e+00 
 8.51000000e-09  3.29999999e+00  8.51000000e-09  3.29999999e+00  8.51000000e-09  4.72130719e-03  8.51000000e-09  4.72283843e-03  8.51000000e-09  3.30000000e+00  8.51000000e-09  0.00000000e+00 
 8.53000000e-09  3.30000001e+00  8.53000000e-09  3.30000001e+00  8.53000000e-09  4.63295832e-03  8.53000000e-09  4.63446670e-03  8.53000000e-09  3.30000000e+00  8.53000000e-09  0.00000000e+00 
 8.55000000e-09  3.29999999e+00  8.55000000e-09  3.29999999e+00  8.55000000e-09  4.54626331e-03  8.55000000e-09  4.54774944e-03  8.55000000e-09  3.30000000e+00  8.55000000e-09  0.00000000e+00 
 8.57000000e-09  3.30000001e+00  8.57000000e-09  3.30000001e+00  8.57000000e-09  4.46119128e-03  8.57000000e-09  4.46265542e-03  8.57000000e-09  3.30000000e+00  8.57000000e-09  0.00000000e+00 
 8.59000000e-09  3.29999999e+00  8.59000000e-09  3.29999999e+00  8.59000000e-09  4.37771186e-03  8.59000000e-09  4.37915460e-03  8.59000000e-09  3.30000000e+00  8.59000000e-09  0.00000000e+00 
 8.61000000e-09  3.30000001e+00  8.61000000e-09  3.30000000e+00  8.61000000e-09  4.29579532e-03  8.61000000e-09  4.29721690e-03  8.61000000e-09  3.30000000e+00  8.61000000e-09  0.00000000e+00 
 8.63000000e-09  3.29999999e+00  8.63000000e-09  3.29999999e+00  8.63000000e-09  4.21541241e-03  8.63000000e-09  4.21681340e-03  8.63000000e-09  3.30000000e+00  8.63000000e-09  0.00000000e+00 
 8.65000000e-09  3.30000001e+00  8.65000000e-09  3.30000000e+00  8.65000000e-09  4.13653449e-03  8.65000000e-09  4.13791513e-03  8.65000000e-09  3.30000000e+00  8.65000000e-09  0.00000000e+00 
 8.67000000e-09  3.29999999e+00  8.67000000e-09  3.29999999e+00  8.67000000e-09  4.05913340e-03  8.67000000e-09  4.06049423e-03  8.67000000e-09  3.30000000e+00  8.67000000e-09  0.00000000e+00 
 8.69000000e-09  3.30000001e+00  8.69000000e-09  3.30000000e+00  8.69000000e-09  3.98318155e-03  8.69000000e-09  3.98452279e-03  8.69000000e-09  3.30000000e+00  8.69000000e-09  0.00000000e+00 
 8.71000000e-09  3.29999999e+00  8.71000000e-09  3.29999999e+00  8.71000000e-09  3.90865182e-03  8.71000000e-09  3.90997402e-03  8.71000000e-09  3.30000000e+00  8.71000000e-09  0.00000000e+00 
 8.73000000e-09  3.30000001e+00  8.73000000e-09  3.30000000e+00  8.73000000e-09  3.83551764e-03  8.73000000e-09  3.83682099e-03  8.73000000e-09  3.30000000e+00  8.73000000e-09  0.00000000e+00 
 8.75000000e-09  3.29999999e+00  8.75000000e-09  3.29999999e+00  8.75000000e-09  3.76375290e-03  8.75000000e-09  3.76503793e-03  8.75000000e-09  3.30000000e+00  8.75000000e-09  0.00000000e+00 
 8.77000000e-09  3.30000001e+00  8.77000000e-09  3.30000000e+00  8.77000000e-09  3.69333200e-03  8.77000000e-09  3.69459889e-03  8.77000000e-09  3.30000000e+00  8.77000000e-09  0.00000000e+00 
 8.79000000e-09  3.29999999e+00  8.79000000e-09  3.29999999e+00  8.79000000e-09  3.62422980e-03  8.79000000e-09  3.62547907e-03  8.79000000e-09  3.30000000e+00  8.79000000e-09  0.00000000e+00 
 8.81000000e-09  3.30000001e+00  8.81000000e-09  3.30000000e+00  8.81000000e-09  3.55642166e-03  8.81000000e-09  3.55765347e-03  8.81000000e-09  3.30000000e+00  8.81000000e-09  0.00000000e+00 
 8.83000000e-09  3.29999999e+00  8.83000000e-09  3.29999999e+00  8.83000000e-09  3.48988334e-03  8.83000000e-09  3.49109820e-03  8.83000000e-09  3.30000000e+00  8.83000000e-09  0.00000000e+00 
 8.85000000e-09  3.30000001e+00  8.85000000e-09  3.30000000e+00  8.85000000e-09  3.42459112e-03  8.85000000e-09  3.42578919e-03  8.85000000e-09  3.30000000e+00  8.85000000e-09  0.00000000e+00 
 8.87000000e-09  3.29999999e+00  8.87000000e-09  3.29999999e+00  8.87000000e-09  3.36052168e-03  8.87000000e-09  3.36170344e-03  8.87000000e-09  3.30000000e+00  8.87000000e-09  0.00000000e+00 
 8.89000000e-09  3.30000001e+00  8.89000000e-09  3.30000000e+00  8.89000000e-09  3.29765215e-03  8.89000000e-09  3.29881776e-03  8.89000000e-09  3.30000000e+00  8.89000000e-09  0.00000000e+00 
 8.91000000e-09  3.29999999e+00  8.91000000e-09  3.29999999e+00  8.91000000e-09  3.23596008e-03  8.91000000e-09  3.23711000e-03  8.91000000e-09  3.30000000e+00  8.91000000e-09  0.00000000e+00 
 8.93000000e-09  3.30000001e+00  8.93000000e-09  3.30000000e+00  8.93000000e-09  3.17542346e-03  8.93000000e-09  3.17655782e-03  8.93000000e-09  3.30000000e+00  8.93000000e-09  0.00000000e+00 
 8.95000000e-09  3.29999999e+00  8.95000000e-09  3.29999999e+00  8.95000000e-09  3.11602064e-03  8.95000000e-09  3.11713991e-03  8.95000000e-09  3.30000000e+00  8.95000000e-09  0.00000000e+00 
 8.97000000e-09  3.30000001e+00  8.97000000e-09  3.30000000e+00  8.97000000e-09  3.05773045e-03  8.97000000e-09  3.05883475e-03  8.97000000e-09  3.30000000e+00  8.97000000e-09  0.00000000e+00 
 8.99000000e-09  3.29999999e+00  8.99000000e-09  3.29999999e+00  8.99000000e-09  3.00053203e-03  8.99000000e-09  3.00162182e-03  8.99000000e-09  3.30000000e+00  8.99000000e-09  0.00000000e+00 
 9.01000000e-09  3.30000001e+00  9.01000000e-09  3.30000000e+00  9.01000000e-09  2.94440499e-03  9.01000000e-09  2.94548037e-03  9.01000000e-09  3.30000000e+00  9.01000000e-09  0.00000000e+00 
 9.03000000e-09  3.29999999e+00  9.03000000e-09  3.29999999e+00  9.03000000e-09  2.88932926e-03  9.03000000e-09  2.89039067e-03  9.03000000e-09  3.30000000e+00  9.03000000e-09  0.00000000e+00 
 9.05000000e-09  3.30000001e+00  9.05000000e-09  3.30000000e+00  9.05000000e-09  2.83528518e-03  9.05000000e-09  2.83633273e-03  9.05000000e-09  3.30000000e+00  9.05000000e-09  0.00000000e+00 
 9.07000000e-09  3.29999999e+00  9.07000000e-09  3.29999999e+00  9.07000000e-09  2.78225343e-03  9.07000000e-09  2.78328754e-03  9.07000000e-09  3.30000000e+00  9.07000000e-09  0.00000000e+00 
 9.09000000e-09  3.30000001e+00  9.09000000e-09  3.30000000e+00  9.09000000e-09  2.73021509e-03  9.09000000e-09  2.73123586e-03  9.09000000e-09  3.30000000e+00  9.09000000e-09  0.00000000e+00 
 9.11000000e-09  3.29999999e+00  9.11000000e-09  3.29999999e+00  9.11000000e-09  2.67915154e-03  9.11000000e-09  2.68015938e-03  9.11000000e-09  3.30000000e+00  9.11000000e-09  0.00000000e+00 
 9.13000000e-09  3.30000001e+00  9.13000000e-09  3.30000000e+00  9.13000000e-09  2.62904457e-03  9.13000000e-09  2.63003956e-03  9.13000000e-09  3.30000000e+00  9.13000000e-09  0.00000000e+00 
 9.15000000e-09  3.29999999e+00  9.15000000e-09  3.29999999e+00  9.15000000e-09  2.57987624e-03  9.15000000e-09  2.58085880e-03  9.15000000e-09  3.30000000e+00  9.15000000e-09  0.00000000e+00 
 9.17000000e-09  3.30000001e+00  9.17000000e-09  3.30000000e+00  9.17000000e-09  2.53162902e-03  9.17000000e-09  2.53259922e-03  9.17000000e-09  3.30000000e+00  9.17000000e-09  0.00000000e+00 
 9.19000000e-09  3.29999999e+00  9.19000000e-09  3.29999999e+00  9.19000000e-09  2.48428564e-03  9.19000000e-09  2.48524387e-03  9.19000000e-09  3.30000000e+00  9.19000000e-09  0.00000000e+00 
 9.21000000e-09  3.30000001e+00  9.21000000e-09  3.30000000e+00  9.21000000e-09  2.43782921e-03  9.21000000e-09  2.43877554e-03  9.21000000e-09  3.30000000e+00  9.21000000e-09  0.00000000e+00 
 9.23000000e-09  3.29999999e+00  9.23000000e-09  3.29999999e+00  9.23000000e-09  2.39224309e-03  9.23000000e-09  2.39317792e-03  9.23000000e-09  3.30000000e+00  9.23000000e-09  0.00000000e+00 
 9.25000000e-09  3.30000001e+00  9.25000000e-09  3.30000000e+00  9.25000000e-09  2.34751103e-03  9.25000000e-09  2.34843440e-03  9.25000000e-09  3.30000000e+00  9.25000000e-09  0.00000000e+00 
 9.27000000e-09  3.29999999e+00  9.27000000e-09  3.29999999e+00  9.27000000e-09  2.30361701e-03  9.27000000e-09  2.30452931e-03  9.27000000e-09  3.30000000e+00  9.27000000e-09  0.00000000e+00 
 9.29000000e-09  3.30000001e+00  9.29000000e-09  3.30000000e+00  9.29000000e-09  2.26054538e-03  9.29000000e-09  2.26144665e-03  9.29000000e-09  3.30000000e+00  9.29000000e-09  0.00000000e+00 
 9.31000000e-09  3.29999999e+00  9.31000000e-09  3.29999999e+00  9.31000000e-09  2.21828070e-03  9.31000000e-09  2.21917131e-03  9.31000000e-09  3.30000000e+00  9.31000000e-09  0.00000000e+00 
 9.33000000e-09  3.30000001e+00  9.33000000e-09  3.30000000e+00  9.33000000e-09  2.17680789e-03  9.33000000e-09  2.17768790e-03  9.33000000e-09  3.30000000e+00  9.33000000e-09  0.00000000e+00 
 9.35000000e-09  3.29999999e+00  9.35000000e-09  3.29999999e+00  9.35000000e-09  2.13611212e-03  9.35000000e-09  2.13698187e-03  9.35000000e-09  3.30000000e+00  9.35000000e-09  0.00000000e+00 
 9.37000000e-09  3.30000001e+00  9.37000000e-09  3.30000000e+00  9.37000000e-09  2.09617885e-03  9.37000000e-09  2.09703838e-03  9.37000000e-09  3.30000000e+00  9.37000000e-09  0.00000000e+00 
 9.39000000e-09  3.29999999e+00  9.39000000e-09  3.29999999e+00  9.39000000e-09  2.05699378e-03  9.39000000e-09  2.05784345e-03  9.39000000e-09  3.30000000e+00  9.39000000e-09  0.00000000e+00 
 9.41000000e-09  3.30000000e+00  9.41000000e-09  3.30000000e+00  9.41000000e-09  2.01854293e-03  9.41000000e-09  2.01938277e-03  9.41000000e-09  3.30000000e+00  9.41000000e-09  0.00000000e+00 
 9.43000000e-09  3.29999999e+00  9.43000000e-09  3.29999999e+00  9.43000000e-09  1.98081253e-03  9.43000000e-09  1.98164288e-03  9.43000000e-09  3.30000000e+00  9.43000000e-09  0.00000000e+00 
 9.45000000e-09  3.30000000e+00  9.45000000e-09  3.30000000e+00  9.45000000e-09  1.94378911e-03  9.45000000e-09  1.94460999e-03  9.45000000e-09  3.30000000e+00  9.45000000e-09  0.00000000e+00 
 9.47000000e-09  3.29999999e+00  9.47000000e-09  3.29999999e+00  9.47000000e-09  1.90745941e-03  9.47000000e-09  1.90827116e-03  9.47000000e-09  3.30000000e+00  9.47000000e-09  0.00000000e+00 
 9.49000000e-09  3.30000000e+00  9.49000000e-09  3.30000000e+00  9.49000000e-09  1.87181047e-03  9.49000000e-09  1.87261310e-03  9.49000000e-09  3.30000000e+00  9.49000000e-09  0.00000000e+00 
 9.51000000e-09  3.29999999e+00  9.51000000e-09  3.29999999e+00  9.51000000e-09  1.83682951e-03  9.51000000e-09  1.83762336e-03  9.51000000e-09  3.30000000e+00  9.51000000e-09  0.00000000e+00 
 9.53000000e-09  3.30000000e+00  9.53000000e-09  3.30000000e+00  9.53000000e-09  1.80250405e-03  9.53000000e-09  1.80328912e-03  9.53000000e-09  3.30000000e+00  9.53000000e-09  0.00000000e+00 
 9.55000000e-09  3.29999999e+00  9.55000000e-09  3.29999999e+00  9.55000000e-09  1.76882178e-03  9.55000000e-09  1.76959841e-03  9.55000000e-09  3.30000000e+00  9.55000000e-09  0.00000000e+00 
 9.57000000e-09  3.30000000e+00  9.57000000e-09  3.30000000e+00  9.57000000e-09  1.73577070e-03  9.57000000e-09  1.73653887e-03  9.57000000e-09  3.30000000e+00  9.57000000e-09  0.00000000e+00 
 9.59000000e-09  3.29999999e+00  9.59000000e-09  3.29999999e+00  9.59000000e-09  1.70333894e-03  9.59000000e-09  1.70409899e-03  9.59000000e-09  3.30000000e+00  9.59000000e-09  0.00000000e+00 
 9.61000000e-09  3.30000000e+00  9.61000000e-09  3.30000000e+00  9.61000000e-09  1.67151495e-03  9.61000000e-09  1.67226686e-03  9.61000000e-09  3.30000000e+00  9.61000000e-09  0.00000000e+00 
 9.63000000e-09  3.29999999e+00  9.63000000e-09  3.29999999e+00  9.63000000e-09  1.64028731e-03  9.63000000e-09  1.64103140e-03  9.63000000e-09  3.30000000e+00  9.63000000e-09  0.00000000e+00 
 9.65000000e-09  3.30000000e+00  9.65000000e-09  3.30000000e+00  9.65000000e-09  1.60964488e-03  9.65000000e-09  1.61038113e-03  9.65000000e-09  3.30000000e+00  9.65000000e-09  0.00000000e+00 
 9.67000000e-09  3.29999999e+00  9.67000000e-09  3.29999999e+00  9.67000000e-09  1.57957667e-03  9.67000000e-09  1.58030540e-03  9.67000000e-09  3.30000000e+00  9.67000000e-09  0.00000000e+00 
 9.69000000e-09  3.30000000e+00  9.69000000e-09  3.30000000e+00  9.69000000e-09  1.55007195e-03  9.69000000e-09  1.55079314e-03  9.69000000e-09  3.30000000e+00  9.69000000e-09  0.00000000e+00 
 9.71000000e-09  3.29999999e+00  9.71000000e-09  3.29999999e+00  9.71000000e-09  1.52112015e-03  9.71000000e-09  1.52183409e-03  9.71000000e-09  3.30000000e+00  9.71000000e-09  0.00000000e+00 
 9.73000000e-09  3.30000000e+00  9.73000000e-09  3.30000000e+00  9.73000000e-09  1.49271093e-03  9.73000000e-09  1.49341761e-03  9.73000000e-09  3.30000000e+00  9.73000000e-09  0.00000000e+00 
 9.75000000e-09  3.29999999e+00  9.75000000e-09  3.29999999e+00  9.75000000e-09  1.46483410e-03  9.75000000e-09  1.46553382e-03  9.75000000e-09  3.30000000e+00  9.75000000e-09  0.00000000e+00 
 9.77000000e-09  3.30000000e+00  9.77000000e-09  3.30000000e+00  9.77000000e-09  1.43747973e-03  9.77000000e-09  1.43817245e-03  9.77000000e-09  3.30000000e+00  9.77000000e-09  0.00000000e+00 
 9.79000000e-09  3.29999999e+00  9.79000000e-09  3.29999999e+00  9.79000000e-09  1.41063798e-03  9.79000000e-09  1.41132401e-03  9.79000000e-09  3.30000000e+00  9.79000000e-09  0.00000000e+00 
 9.81000000e-09  3.30000000e+00  9.81000000e-09  3.30000000e+00  9.81000000e-09  1.38429930e-03  9.81000000e-09  1.38497859e-03  9.81000000e-09  3.30000000e+00  9.81000000e-09  0.00000000e+00 
 9.83000000e-09  3.29999999e+00  9.83000000e-09  3.29999999e+00  9.83000000e-09  1.35845423e-03  9.83000000e-09  1.35912707e-03  9.83000000e-09  3.30000000e+00  9.83000000e-09  0.00000000e+00 
 9.85000000e-09  3.30000000e+00  9.85000000e-09  3.30000000e+00  9.85000000e-09  1.33309355e-03  9.85000000e-09  1.33375991e-03  9.85000000e-09  3.30000000e+00  9.85000000e-09  0.00000000e+00 
 9.87000000e-09  3.29999999e+00  9.87000000e-09  3.29999999e+00  9.87000000e-09  1.30820815e-03  9.87000000e-09  1.30886831e-03  9.87000000e-09  3.30000000e+00  9.87000000e-09  0.00000000e+00 
 9.89000000e-09  3.30000000e+00  9.89000000e-09  3.30000000e+00  9.89000000e-09  1.28378917e-03  9.89000000e-09  1.28444308e-03  9.89000000e-09  3.30000000e+00  9.89000000e-09  0.00000000e+00 
 9.91000000e-09  3.29999999e+00  9.91000000e-09  3.29999999e+00  9.91000000e-09  1.25982783e-03  9.91000000e-09  1.26047578e-03  9.91000000e-09  3.30000000e+00  9.91000000e-09  0.00000000e+00 
 9.93000000e-09  3.30000000e+00  9.93000000e-09  3.30000000e+00  9.93000000e-09  1.23631561e-03  9.93000000e-09  1.23695754e-03  9.93000000e-09  3.30000000e+00  9.93000000e-09  0.00000000e+00 
 9.95000000e-09  3.29999999e+00  9.95000000e-09  3.29999999e+00  9.95000000e-09  1.21324403e-03  9.95000000e-09  1.21388022e-03  9.95000000e-09  3.30000000e+00  9.95000000e-09  0.00000000e+00 
 9.97000000e-09  3.30000000e+00  9.97000000e-09  3.30000000e+00  9.97000000e-09  1.19060490e-03  9.97000000e-09  1.19123530e-03  9.97000000e-09  3.30000000e+00  9.97000000e-09  0.00000000e+00 
 9.99000000e-09  3.29999999e+00  9.99000000e-09  3.29999999e+00  9.99000000e-09  1.16839006e-03  9.99000000e-09  1.16901494e-03  9.99000000e-09  3.30000000e+00  9.99000000e-09  0.00000000e+00 
 1.00100000e-08  3.30000000e+00  1.00100000e-08  3.30000000e+00  1.00100000e-08  1.14659161e-03  1.00100000e-08  1.14721091e-03  1.00100000e-08  3.30000000e+00  1.00100000e-08  0.00000000e+00 
 1.00300000e-08  3.29999999e+00  1.00300000e-08  3.29999999e+00  1.00300000e-08  1.12520171e-03  1.00300000e-08  1.12581569e-03  1.00300000e-08  3.30000000e+00  1.00300000e-08  0.00000000e+00 
 1.00500000e-08  3.30000000e+00  1.00500000e-08  3.30000000e+00  1.00500000e-08  1.10421274e-03  1.00500000e-08  1.10482135e-03  1.00500000e-08  3.30000000e+00  1.00500000e-08  0.00000000e+00 
 1.00700000e-08  3.29999999e+00  1.00700000e-08  3.29999999e+00  1.00700000e-08  1.08361715e-03  1.00700000e-08  1.08422065e-03  1.00700000e-08  3.30000000e+00  1.00700000e-08  0.00000000e+00 
 1.00850000e-08  3.30000000e+00  1.00850000e-08  3.30000000e+00  1.00850000e-08  1.06842440e-03  1.00850000e-08  1.06902400e-03  1.00850000e-08  3.30000000e+00  1.00850000e-08  0.00000000e+00 
 1.01000000e-08  3.29999999e+00  1.01000000e-08  3.29999999e+00  1.01000000e-08  1.05344571e-03  1.01000000e-08  1.05404161e-03  1.01000000e-08  3.30000000e+00  1.01000000e-08  0.00000000e+00 
 1.01020000e-08  3.29999989e+00  1.01020000e-08  3.29999989e+00  1.01020000e-08  9.83485876e-04  1.01020000e-08  9.84222053e-04  1.01020000e-08  3.23400000e+00  1.01020000e-08  0.00000000e+00 
 1.01060000e-08  3.29999967e+00  1.01060000e-08  3.29999967e+00  1.01060000e-08  7.98781473e-04  1.01060000e-08  7.99990726e-04  1.01060000e-08  3.10200000e+00  1.01060000e-08  0.00000000e+00 
 1.01140000e-08  3.29999928e+00  1.01140000e-08  3.29999928e+00  1.01140000e-08  1.80689736e-04  1.01140000e-08  1.83331470e-04  1.01140000e-08  2.83800000e+00  1.01140000e-08  0.00000000e+00 
 1.01300000e-08  3.29999887e+00  1.01300000e-08  3.29999887e+00  1.01300000e-08 -1.93608395e-03  1.01300000e-08 -1.93230019e-03  1.01300000e-08  2.31000000e+00  1.01300000e-08  0.00000000e+00 
 1.01500000e-08  3.30000294e+00  1.01500000e-08  3.30000294e+00  1.01500000e-08  3.36451115e-04  1.01500000e-08  3.50206292e-04  1.01500000e-08  1.65000000e+00  1.01500000e-08  0.00000000e+00 
 1.01700000e-08  3.30000638e+00  1.01700000e-08  3.30000640e+00  1.01700000e-08  1.17843399e-02  1.01700000e-08  1.18377401e-02  1.01700000e-08  9.90000000e-01  1.01700000e-08  0.00000000e+00 
 1.01850000e-08  3.30000672e+00  1.01850000e-08  3.30000675e+00  1.01850000e-08  2.66249587e-02  1.01850000e-08  2.67307701e-02  1.01850000e-08  4.95000000e-01  1.01850000e-08  0.00000000e+00 
 1.02000000e-08  3.30000722e+00  1.02000000e-08  3.30000724e+00  1.02000000e-08  4.72704196e-02  1.02000000e-08  4.74446685e-02  1.02000000e-08  0.00000000e+00  1.02000000e-08  0.00000000e+00 
 1.02020000e-08  3.30000773e+00  1.02020000e-08  3.30000775e+00  1.02020000e-08  5.07760194e-02  1.02020000e-08  5.09610124e-02  1.02020000e-08  0.00000000e+00  1.02020000e-08  0.00000000e+00 
 1.02060000e-08  3.30000758e+00  1.02060000e-08  3.30000760e+00  1.02060000e-08  5.75224916e-02  1.02060000e-08  5.77293652e-02  1.02060000e-08  0.00000000e+00  1.02060000e-08  0.00000000e+00 
 1.02140000e-08  3.30000432e+00  1.02140000e-08  3.30000434e+00  1.02140000e-08  6.99214365e-02  1.02140000e-08  7.01714653e-02  1.02140000e-08  0.00000000e+00  1.02140000e-08  0.00000000e+00 
 1.02300000e-08  3.29999979e+00  1.02300000e-08  3.29999979e+00  1.02300000e-08  9.30075038e-02  1.02300000e-08  9.33316593e-02  1.02300000e-08  0.00000000e+00  1.02300000e-08  0.00000000e+00 
 1.02500000e-08  3.29999952e+00  1.02500000e-08  3.29999951e+00  1.02500000e-08  1.21170968e-01  1.02500000e-08  1.21565470e-01  1.02500000e-08  0.00000000e+00  1.02500000e-08  0.00000000e+00 
 1.02700000e-08  3.30000013e+00  1.02700000e-08  3.30000012e+00  1.02700000e-08  1.49492119e-01  1.02700000e-08  1.49943461e-01  1.02700000e-08  0.00000000e+00  1.02700000e-08  0.00000000e+00 
 1.02900000e-08  3.30000025e+00  1.02900000e-08  3.30000025e+00  1.02900000e-08  1.78030821e-01  1.02900000e-08  1.78536129e-01  1.02900000e-08  0.00000000e+00  1.02900000e-08  0.00000000e+00 
 1.03100000e-08  3.30000030e+00  1.03100000e-08  3.30000030e+00  1.03100000e-08  2.06794035e-01  1.03100000e-08  2.07356117e-01  1.03100000e-08  0.00000000e+00  1.03100000e-08  0.00000000e+00 
 1.03300000e-08  3.30000036e+00  1.03300000e-08  3.30000036e+00  1.03300000e-08  2.35795724e-01  1.03300000e-08  2.36420922e-01  1.03300000e-08  0.00000000e+00  1.03300000e-08  0.00000000e+00 
 1.03500000e-08  3.30000043e+00  1.03500000e-08  3.30000044e+00  1.03500000e-08  2.65054898e-01  1.03500000e-08  2.65752374e-01  1.03500000e-08  0.00000000e+00  1.03500000e-08  0.00000000e+00 
 1.03700000e-08  3.30000053e+00  1.03700000e-08  3.30000054e+00  1.03700000e-08  2.94596668e-01  1.03700000e-08  2.95378454e-01  1.03700000e-08  0.00000000e+00  1.03700000e-08  0.00000000e+00 
 1.03900000e-08  3.30000066e+00  1.03900000e-08  3.30000068e+00  1.03900000e-08  3.24454092e-01  1.03900000e-08  3.25335638e-01  1.03900000e-08  0.00000000e+00  1.03900000e-08  0.00000000e+00 
 1.04100000e-08  3.30000083e+00  1.04100000e-08  3.30000086e+00  1.04100000e-08  3.54670983e-01  1.04100000e-08  3.55672190e-01  1.04100000e-08  0.00000000e+00  1.04100000e-08  0.00000000e+00 
 1.04300000e-08  3.30000106e+00  1.04300000e-08  3.30000110e+00  1.04300000e-08  3.85306281e-01  1.04300000e-08  3.86453176e-01  1.04300000e-08  0.00000000e+00  1.04300000e-08  0.00000000e+00 
 1.04500000e-08  3.30000136e+00  1.04500000e-08  3.30000141e+00  1.04500000e-08  4.16440920e-01  1.04500000e-08  4.17768361e-01  1.04500000e-08  0.00000000e+00  1.04500000e-08  0.00000000e+00 
 1.04700000e-08  3.30000174e+00  1.04700000e-08  3.30000183e+00  1.04700000e-08  4.48189178e-01  1.04700000e-08  4.49745388e-01  1.04700000e-08  0.00000000e+00  1.04700000e-08  0.00000000e+00 
 1.04900000e-08  3.30000222e+00  1.04900000e-08  3.30000236e+00  1.04900000e-08  4.80718318e-01  1.04900000e-08  4.82572967e-01  1.04900000e-08  0.00000000e+00  1.04900000e-08  0.00000000e+00 
 1.05100000e-08  3.30000282e+00  1.05100000e-08  3.30000304e+00  1.05100000e-08  5.14284863e-01  1.05100000e-08  5.16544633e-01  1.05100000e-08  0.00000000e+00  1.05100000e-08  0.00000000e+00 
 1.05300000e-08  3.30000356e+00  1.05300000e-08  3.30000394e+00  1.05300000e-08  5.49306808e-01  1.05300000e-08  5.52148225e-01  1.05300000e-08  0.00000000e+00  1.05300000e-08  0.00000000e+00 
 1.05500000e-08  3.30000458e+00  1.05500000e-08  3.30000528e+00  1.05500000e-08  5.86528652e-01  1.05500000e-08  5.90277323e-01  1.05500000e-08  0.00000000e+00  1.05500000e-08  0.00000000e+00 
 1.05700000e-08  3.30000622e+00  1.05700000e-08  3.30000772e+00  1.05700000e-08  6.27394703e-01  1.05700000e-08  6.32714812e-01  1.05700000e-08  0.00000000e+00  1.05700000e-08  0.00000000e+00 
 1.05900000e-08  3.30000958e+00  1.05900000e-08  3.30001299e+00  1.05900000e-08  6.74953092e-01  1.05900000e-08  6.83202690e-01  1.05900000e-08  0.00000000e+00  1.05900000e-08  0.00000000e+00 
 1.06100000e-08  3.30001642e+00  1.06100000e-08  3.30002220e+00  1.06100000e-08  7.35120937e-01  1.06100000e-08  7.48066005e-01  1.06100000e-08  0.00000000e+00  1.06100000e-08  0.00000000e+00 
 1.06300000e-08  3.30002325e+00  1.06300000e-08  3.30002622e+00  1.06300000e-08  8.14323269e-01  1.06300000e-08  8.32235016e-01  1.06300000e-08  0.00000000e+00  1.06300000e-08  0.00000000e+00 
 1.06500000e-08  3.30001644e+00  1.06500000e-08  3.30001178e+00  1.06500000e-08  9.13139096e-01  1.06500000e-08  9.35247951e-01  1.06500000e-08  0.00000000e+00  1.06500000e-08  0.00000000e+00 
 1.06700000e-08  3.29999498e+00  1.06700000e-08  3.29998255e+00  1.06700000e-08  1.02779101e+00  1.06700000e-08  1.05330542e+00  1.06700000e-08  0.00000000e+00  1.06700000e-08  0.00000000e+00 
 1.06900000e-08  3.29997095e+00  1.06900000e-08  3.29995245e+00  1.06900000e-08  1.15424259e+00  1.06900000e-08  1.18266520e+00  1.06900000e-08  0.00000000e+00  1.06900000e-08  0.00000000e+00 
 1.07100000e-08  3.29995215e+00  1.07100000e-08  3.29993096e+00  1.07100000e-08  1.28965224e+00  1.07100000e-08  1.32061917e+00  1.07100000e-08  0.00000000e+00  1.07100000e-08  0.00000000e+00 
 1.07300000e-08  3.29994237e+00  1.07300000e-08  3.29992210e+00  1.07300000e-08  1.43176167e+00  1.07300000e-08  1.46494112e+00  1.07300000e-08  0.00000000e+00  1.07300000e-08  0.00000000e+00 
 1.07500000e-08  3.29993940e+00  1.07500000e-08  3.29991763e+00  1.07500000e-08  1.57853577e+00  1.07500000e-08  1.61361355e+00  1.07500000e-08  0.00000000e+00  1.07500000e-08  0.00000000e+00 
 1.07700000e-08  3.29994054e+00  1.07700000e-08  3.29992148e+00  1.07700000e-08  1.72811399e+00  1.07700000e-08  1.76478306e+00  1.07700000e-08  0.00000000e+00  1.07700000e-08  0.00000000e+00 
 1.07900000e-08  3.29994634e+00  1.07900000e-08  3.29992916e+00  1.07900000e-08  1.87839874e+00  1.07900000e-08  1.91612006e+00  1.07900000e-08  0.00000000e+00  1.07900000e-08  0.00000000e+00 
 1.08100000e-08  3.29995329e+00  1.08100000e-08  3.29993895e+00  1.08100000e-08  2.02651120e+00  1.08100000e-08  2.06458935e+00  1.08100000e-08  0.00000000e+00  1.08100000e-08  0.00000000e+00 
 1.08300000e-08  3.29996139e+00  1.08300000e-08  3.29995161e+00  1.08300000e-08  2.16956619e+00  1.08300000e-08  2.20737036e+00  1.08300000e-08  0.00000000e+00  1.08300000e-08  0.00000000e+00 
 1.08500000e-08  3.29997083e+00  1.08500000e-08  3.29996596e+00  1.08500000e-08  2.30522496e+00  1.08500000e-08  2.34222069e+00  1.08500000e-08  0.00000000e+00  1.08500000e-08  0.00000000e+00 
 1.08700000e-08  3.29998063e+00  1.08700000e-08  3.29998027e+00  1.08700000e-08  2.43172148e+00  1.08700000e-08  2.46746501e+00  1.08700000e-08  0.00000000e+00  1.08700000e-08  0.00000000e+00 
 1.08900000e-08  3.29998988e+00  1.08900000e-08  3.29999337e+00  1.08900000e-08  2.54783559e+00  1.08900000e-08  2.58197393e+00  1.08900000e-08  0.00000000e+00  1.08900000e-08  0.00000000e+00 
 1.09100000e-08  3.29999796e+00  1.09100000e-08  3.30000475e+00  1.09100000e-08  2.65287080e+00  1.09100000e-08  2.68514266e+00  1.09100000e-08  0.00000000e+00  1.09100000e-08  0.00000000e+00 
 1.09300000e-08  3.30000488e+00  1.09300000e-08  3.30001392e+00  1.09300000e-08  2.74660971e+00  1.09300000e-08  2.77684242e+00  1.09300000e-08  0.00000000e+00  1.09300000e-08  0.00000000e+00 
 1.09500000e-08  3.30001019e+00  1.09500000e-08  3.30002060e+00  1.09500000e-08  2.82924252e+00  1.09500000e-08  2.85734433e+00  1.09500000e-08  0.00000000e+00  1.09500000e-08  0.00000000e+00 
 1.09700000e-08  3.30001406e+00  1.09700000e-08  3.30002523e+00  1.09700000e-08  2.90128226e+00  1.09700000e-08  2.92723120e+00  1.09700000e-08  0.00000000e+00  1.09700000e-08  0.00000000e+00 
 1.09900000e-08  3.30001670e+00  1.09900000e-08  3.30002804e+00  1.09900000e-08  2.96347272e+00  1.09900000e-08  2.98730352e+00  1.09900000e-08  0.00000000e+00  1.09900000e-08  0.00000000e+00 
 1.10100000e-08  3.30001828e+00  1.10100000e-08  3.30002935e+00  1.10100000e-08  3.01670115e+00  1.10100000e-08  3.03849162e+00  1.10100000e-08  0.00000000e+00  1.10100000e-08  0.00000000e+00 
 1.10300000e-08  3.30001901e+00  1.10300000e-08  3.30002949e+00  1.10300000e-08  3.06192252e+00  1.10300000e-08  3.08178086e+00  1.10300000e-08  0.00000000e+00  1.10300000e-08  0.00000000e+00 
 1.10500000e-08  3.30001909e+00  1.10500000e-08  3.30002877e+00  1.10500000e-08  3.10009970e+00  1.10500000e-08  3.11815323e+00  1.10500000e-08  0.00000000e+00  1.10500000e-08  0.00000000e+00 
 1.10700000e-08  3.30001869e+00  1.10700000e-08  3.30002747e+00  1.10700000e-08  3.13215961e+00  1.10700000e-08  3.14854571e+00  1.10700000e-08  0.00000000e+00  1.10700000e-08  0.00000000e+00 
 1.10900000e-08  3.30001796e+00  1.10900000e-08  3.30002581e+00  1.10900000e-08  3.15896470e+00  1.10900000e-08  3.17382375e+00  1.10900000e-08  0.00000000e+00  1.10900000e-08  0.00000000e+00 
 1.11100000e-08  3.30001702e+00  1.11100000e-08  3.30002395e+00  1.11100000e-08  3.18129658e+00  1.11100000e-08  3.19476690e+00  1.11100000e-08  0.00000000e+00  1.11100000e-08  0.00000000e+00 
 1.11300000e-08  3.30001595e+00  1.11300000e-08  3.30002201e+00  1.11300000e-08  3.19984933e+00  1.11300000e-08  3.21206364e+00  1.11300000e-08  0.00000000e+00  1.11300000e-08  0.00000000e+00 
 1.11500000e-08  3.30001482e+00  1.11500000e-08  3.30002008e+00  1.11500000e-08  3.21522925e+00  1.11500000e-08  3.22631259e+00  1.11500000e-08  0.00000000e+00  1.11500000e-08  0.00000000e+00 
 1.11700000e-08  3.30001368e+00  1.11700000e-08  3.30001821e+00  1.11700000e-08  3.22795933e+00  1.11700000e-08  3.23802773e+00  1.11700000e-08  0.00000000e+00  1.11700000e-08  0.00000000e+00 
 1.11900000e-08  3.30001256e+00  1.11900000e-08  3.30001644e+00  1.11900000e-08  3.23848579e+00  1.11900000e-08  3.24764583e+00  1.11900000e-08  0.00000000e+00  1.11900000e-08  0.00000000e+00 
 1.12100000e-08  3.30001147e+00  1.12100000e-08  3.30001478e+00  1.12100000e-08  3.24718629e+00  1.12100000e-08  3.25553493e+00  1.12100000e-08  0.00000000e+00  1.12100000e-08  0.00000000e+00 
 1.12300000e-08  3.30001044e+00  1.12300000e-08  3.30001326e+00  1.12300000e-08  3.25437810e+00  1.12300000e-08  3.26200307e+00  1.12300000e-08  0.00000000e+00  1.12300000e-08  0.00000000e+00 
 1.12500000e-08  3.30000948e+00  1.12500000e-08  3.30001187e+00  1.12500000e-08  3.26032636e+00  1.12500000e-08  3.26730652e+00  1.12500000e-08  0.00000000e+00  1.12500000e-08  0.00000000e+00 
 1.12700000e-08  3.30000858e+00  1.12700000e-08  3.30001061e+00  1.12700000e-08  3.26525150e+00  1.12700000e-08  3.27165746e+00  1.12700000e-08  0.00000000e+00  1.12700000e-08  0.00000000e+00 
 1.12900000e-08  3.30000776e+00  1.12900000e-08  3.30000948e+00  1.12900000e-08  3.26933616e+00  1.12900000e-08  3.27523089e+00  1.12900000e-08  0.00000000e+00  1.12900000e-08  0.00000000e+00 
 1.13100000e-08  3.30000701e+00  1.13100000e-08  3.30000846e+00  1.13100000e-08  3.27273104e+00  1.13100000e-08  3.27817059e+00  1.13100000e-08  0.00000000e+00  1.13100000e-08  0.00000000e+00 
 1.13300000e-08  3.30000632e+00  1.13300000e-08  3.30000755e+00  1.13300000e-08  3.27556033e+00  1.13300000e-08  3.28059437e+00  1.13300000e-08  0.00000000e+00  1.13300000e-08  0.00000000e+00 
 1.13500000e-08  3.30000570e+00  1.13500000e-08  3.30000674e+00  1.13500000e-08  3.27792596e+00  1.13500000e-08  3.28259851e+00  1.13500000e-08  0.00000000e+00  1.13500000e-08  0.00000000e+00 
 1.13700000e-08  3.30000514e+00  1.13700000e-08  3.30000603e+00  1.13700000e-08  3.27991158e+00  1.13700000e-08  3.28426153e+00  1.13700000e-08  0.00000000e+00  1.13700000e-08  0.00000000e+00 
 1.13900000e-08  3.30000464e+00  1.13900000e-08  3.30000539e+00  1.13900000e-08  3.28158563e+00  1.13900000e-08  3.28564732e+00  1.13900000e-08  0.00000000e+00  1.13900000e-08  0.00000000e+00 
 1.14100000e-08  3.30000419e+00  1.14100000e-08  3.30000482e+00  1.14100000e-08  3.28300412e+00  1.14100000e-08  3.28680780e+00  1.14100000e-08  0.00000000e+00  1.14100000e-08  0.00000000e+00 
 1.14300000e-08  3.30000378e+00  1.14300000e-08  3.30000432e+00  1.14300000e-08  3.28421273e+00  1.14300000e-08  3.28778512e+00  1.14300000e-08  0.00000000e+00  1.14300000e-08  0.00000000e+00 
 1.14500000e-08  3.30000342e+00  1.14500000e-08  3.30000388e+00  1.14500000e-08  3.28524884e+00  1.14500000e-08  3.28861340e+00  1.14500000e-08  0.00000000e+00  1.14500000e-08  0.00000000e+00 
 1.14700000e-08  3.30000309e+00  1.14700000e-08  3.30000349e+00  1.14700000e-08  3.28614284e+00  1.14700000e-08  3.28932030e+00  1.14700000e-08  0.00000000e+00  1.14700000e-08  0.00000000e+00 
 1.14900000e-08  3.30000280e+00  1.14900000e-08  3.30000314e+00  1.14900000e-08  3.28691960e+00  1.14900000e-08  3.28992818e+00  1.14900000e-08  0.00000000e+00  1.14900000e-08  0.00000000e+00 
 1.15100000e-08  3.30000254e+00  1.15100000e-08  3.30000284e+00  1.15100000e-08  3.28759933e+00  1.15100000e-08  3.29045510e+00  1.15100000e-08  0.00000000e+00  1.15100000e-08  0.00000000e+00 
 1.15300000e-08  3.30000231e+00  1.15300000e-08  3.30000256e+00  1.15300000e-08  3.28819857e+00  1.15300000e-08  3.29091568e+00  1.15300000e-08  0.00000000e+00  1.15300000e-08  0.00000000e+00 
 1.15500000e-08  3.30000210e+00  1.15500000e-08  3.30000232e+00  1.15500000e-08  3.28873074e+00  1.15500000e-08  3.29132172e+00  1.15500000e-08  0.00000000e+00  1.15500000e-08  0.00000000e+00 
 1.15700000e-08  3.30000191e+00  1.15700000e-08  3.30000211e+00  1.15700000e-08  3.28920687e+00  1.15700000e-08  3.29168275e+00  1.15700000e-08  0.00000000e+00  1.15700000e-08  0.00000000e+00 
 1.15900000e-08  3.30000175e+00  1.15900000e-08  3.30000192e+00  1.15900000e-08  3.28963588e+00  1.15900000e-08  3.29200646e+00  1.15900000e-08  0.00000000e+00  1.15900000e-08  0.00000000e+00 
 1.16100000e-08  3.30000160e+00  1.16100000e-08  3.30000175e+00  1.16100000e-08  3.29002516e+00  1.16100000e-08  3.29229908e+00  1.16100000e-08  0.00000000e+00  1.16100000e-08  0.00000000e+00 
 1.16300000e-08  3.30000146e+00  1.16300000e-08  3.30000159e+00  1.16300000e-08  3.29038067e+00  1.16300000e-08  3.29256564e+00  1.16300000e-08  0.00000000e+00  1.16300000e-08  0.00000000e+00 
 1.16500000e-08  3.30000134e+00  1.16500000e-08  3.30000146e+00  1.16500000e-08  3.29070737e+00  1.16500000e-08  3.29281023e+00  1.16500000e-08  0.00000000e+00  1.16500000e-08  0.00000000e+00 
 1.16700000e-08  3.30000123e+00  1.16700000e-08  3.30000134e+00  1.16700000e-08  3.29100927e+00  1.16700000e-08  3.29303614e+00  1.16700000e-08  0.00000000e+00  1.16700000e-08  0.00000000e+00 
 1.16900000e-08  3.30000114e+00  1.16900000e-08  3.30000123e+00  1.16900000e-08  3.29128974e+00  1.16900000e-08  3.29324606e+00  1.16900000e-08  0.00000000e+00  1.16900000e-08  0.00000000e+00 
 1.17100000e-08  3.30000105e+00  1.17100000e-08  3.30000113e+00  1.17100000e-08  3.29155151e+00  1.17100000e-08  3.29344218e+00  1.17100000e-08  0.00000000e+00  1.17100000e-08  0.00000000e+00 
 1.17300000e-08  3.30000097e+00  1.17300000e-08  3.30000104e+00  1.17300000e-08  3.29179689e+00  1.17300000e-08  3.29362629e+00  1.17300000e-08  0.00000000e+00  1.17300000e-08  0.00000000e+00 
 1.17500000e-08  3.30000090e+00  1.17500000e-08  3.30000096e+00  1.17500000e-08  3.29202775e+00  1.17500000e-08  3.29379985e+00  1.17500000e-08  0.00000000e+00  1.17500000e-08  0.00000000e+00 
 1.17700000e-08  3.30000083e+00  1.17700000e-08  3.30000089e+00  1.17700000e-08  3.29224572e+00  1.17700000e-08  3.29396407e+00  1.17700000e-08  0.00000000e+00  1.17700000e-08  0.00000000e+00 
 1.17900000e-08  3.30000077e+00  1.17900000e-08  3.30000082e+00  1.17900000e-08  3.29245210e+00  1.17900000e-08  3.29411995e+00  1.17900000e-08  0.00000000e+00  1.17900000e-08  0.00000000e+00 
 1.18100000e-08  3.30000072e+00  1.18100000e-08  3.30000077e+00  1.18100000e-08  3.29264804e+00  1.18100000e-08  3.29426832e+00  1.18100000e-08  0.00000000e+00  1.18100000e-08  0.00000000e+00 
 1.18300000e-08  3.30000067e+00  1.18300000e-08  3.30000071e+00  1.18300000e-08  3.29283448e+00  1.18300000e-08  3.29440987e+00  1.18300000e-08  0.00000000e+00  1.18300000e-08  0.00000000e+00 
 1.18500000e-08  3.30000062e+00  1.18500000e-08  3.30000066e+00  1.18500000e-08  3.29301227e+00  1.18500000e-08  3.29454520e+00  1.18500000e-08  0.00000000e+00  1.18500000e-08  0.00000000e+00 
 1.18700000e-08  3.30000058e+00  1.18700000e-08  3.30000062e+00  1.18700000e-08  3.29318208e+00  1.18700000e-08  3.29467481e+00  1.18700000e-08  0.00000000e+00  1.18700000e-08  0.00000000e+00 
 1.18900000e-08  3.30000055e+00  1.18900000e-08  3.30000058e+00  1.18900000e-08  3.29334456e+00  1.18900000e-08  3.29479911e+00  1.18900000e-08  0.00000000e+00  1.18900000e-08  0.00000000e+00 
 1.19100000e-08  3.30000051e+00  1.19100000e-08  3.30000054e+00  1.19100000e-08  3.29350020e+00  1.19100000e-08  3.29491849e+00  1.19100000e-08  0.00000000e+00  1.19100000e-08  0.00000000e+00 
 1.19300000e-08  3.30000048e+00  1.19300000e-08  3.30000051e+00  1.19300000e-08  3.29364951e+00  1.19300000e-08  3.29503326e+00  1.19300000e-08  0.00000000e+00  1.19300000e-08  0.00000000e+00 
 1.19500000e-08  3.30000045e+00  1.19500000e-08  3.30000048e+00  1.19500000e-08  3.29379287e+00  1.19500000e-08  3.29514372e+00  1.19500000e-08  0.00000000e+00  1.19500000e-08  0.00000000e+00 
 1.19700000e-08  3.30000042e+00  1.19700000e-08  3.30000045e+00  1.19700000e-08  3.29393068e+00  1.19700000e-08  3.29525010e+00  1.19700000e-08  0.00000000e+00  1.19700000e-08  0.00000000e+00 
 1.19900000e-08  3.30000040e+00  1.19900000e-08  3.30000042e+00  1.19900000e-08  3.29406324e+00  1.19900000e-08  3.29535265e+00  1.19900000e-08  0.00000000e+00  1.19900000e-08  0.00000000e+00 
 1.20100000e-08  3.30000038e+00  1.20100000e-08  3.30000040e+00  1.20100000e-08  3.29419089e+00  1.20100000e-08  3.29545156e+00  1.20100000e-08  0.00000000e+00  1.20100000e-08  0.00000000e+00 
 1.20300000e-08  3.30000036e+00  1.20300000e-08  3.30000037e+00  1.20300000e-08  3.29431386e+00  1.20300000e-08  3.29554701e+00  1.20300000e-08  0.00000000e+00  1.20300000e-08  0.00000000e+00 
 1.20500000e-08  3.30000034e+00  1.20500000e-08  3.30000035e+00  1.20500000e-08  3.29443244e+00  1.20500000e-08  3.29563919e+00  1.20500000e-08  0.00000000e+00  1.20500000e-08  0.00000000e+00 
 1.20700000e-08  3.30000032e+00  1.20700000e-08  3.30000033e+00  1.20700000e-08  3.29454681e+00  1.20700000e-08  3.29572823e+00  1.20700000e-08  0.00000000e+00  1.20700000e-08  0.00000000e+00 
 1.20900000e-08  3.30000030e+00  1.20900000e-08  3.30000032e+00  1.20900000e-08  3.29465723e+00  1.20900000e-08  3.29581430e+00  1.20900000e-08  0.00000000e+00  1.20900000e-08  0.00000000e+00 
 1.21100000e-08  3.30000029e+00  1.21100000e-08  3.30000030e+00  1.21100000e-08  3.29476385e+00  1.21100000e-08  3.29589753e+00  1.21100000e-08  0.00000000e+00  1.21100000e-08  0.00000000e+00 
 1.21300000e-08  3.30000027e+00  1.21300000e-08  3.30000028e+00  1.21300000e-08  3.29486688e+00  1.21300000e-08  3.29597803e+00  1.21300000e-08  0.00000000e+00  1.21300000e-08  0.00000000e+00 
 1.21500000e-08  3.30000026e+00  1.21500000e-08  3.30000027e+00  1.21500000e-08  3.29496647e+00  1.21500000e-08  3.29605593e+00  1.21500000e-08  0.00000000e+00  1.21500000e-08  0.00000000e+00 
 1.21700000e-08  3.30000025e+00  1.21700000e-08  3.30000026e+00  1.21700000e-08  3.29506280e+00  1.21700000e-08  3.29613135e+00  1.21700000e-08  0.00000000e+00  1.21700000e-08  0.00000000e+00 
 1.21900000e-08  3.30000023e+00  1.21900000e-08  3.30000024e+00  1.21900000e-08  3.29515599e+00  1.21900000e-08  3.29620438e+00  1.21900000e-08  0.00000000e+00  1.21900000e-08  0.00000000e+00 
 1.22100000e-08  3.30000022e+00  1.22100000e-08  3.30000023e+00  1.22100000e-08  3.29524621e+00  1.22100000e-08  3.29627512e+00  1.22100000e-08  0.00000000e+00  1.22100000e-08  0.00000000e+00 
 1.22300000e-08  3.30000021e+00  1.22300000e-08  3.30000022e+00  1.22300000e-08  3.29533355e+00  1.22300000e-08  3.29634368e+00  1.22300000e-08  0.00000000e+00  1.22300000e-08  0.00000000e+00 
 1.22500000e-08  3.30000020e+00  1.22500000e-08  3.30000021e+00  1.22500000e-08  3.29541818e+00  1.22500000e-08  3.29641013e+00  1.22500000e-08  0.00000000e+00  1.22500000e-08  0.00000000e+00 
 1.22700000e-08  3.30000019e+00  1.22700000e-08  3.30000020e+00  1.22700000e-08  3.29550017e+00  1.22700000e-08  3.29647456e+00  1.22700000e-08  0.00000000e+00  1.22700000e-08  0.00000000e+00 
 1.22900000e-08  3.30000019e+00  1.22900000e-08  3.30000019e+00  1.22900000e-08  3.29557967e+00  1.22900000e-08  3.29653706e+00  1.22900000e-08  0.00000000e+00  1.22900000e-08  0.00000000e+00 
 1.23100000e-08  3.30000018e+00  1.23100000e-08  3.30000018e+00  1.23100000e-08  3.29565674e+00  1.23100000e-08  3.29659770e+00  1.23100000e-08  0.00000000e+00  1.23100000e-08  0.00000000e+00 
 1.23300000e-08  3.30000017e+00  1.23300000e-08  3.30000018e+00  1.23300000e-08  3.29573154e+00  1.23300000e-08  3.29665655e+00  1.23300000e-08  0.00000000e+00  1.23300000e-08  0.00000000e+00 
 1.23500000e-08  3.30000016e+00  1.23500000e-08  3.30000017e+00  1.23500000e-08  3.29580410e+00  1.23500000e-08  3.29671369e+00  1.23500000e-08  0.00000000e+00  1.23500000e-08  0.00000000e+00 
 1.23700000e-08  3.30000016e+00  1.23700000e-08  3.30000016e+00  1.23700000e-08  3.29587455e+00  1.23700000e-08  3.29676917e+00  1.23700000e-08  0.00000000e+00  1.23700000e-08  0.00000000e+00 
 1.23900000e-08  3.30000015e+00  1.23900000e-08  3.30000016e+00  1.23900000e-08  3.29594295e+00  1.23900000e-08  3.29682306e+00  1.23900000e-08  0.00000000e+00  1.23900000e-08  0.00000000e+00 
 1.24100000e-08  3.30000014e+00  1.24100000e-08  3.30000015e+00  1.24100000e-08  3.29600941e+00  1.24100000e-08  3.29687543e+00  1.24100000e-08  0.00000000e+00  1.24100000e-08  0.00000000e+00 
 1.24300000e-08  3.30000014e+00  1.24300000e-08  3.30000014e+00  1.24300000e-08  3.29607397e+00  1.24300000e-08  3.29692633e+00  1.24300000e-08  0.00000000e+00  1.24300000e-08  0.00000000e+00 
 1.24500000e-08  3.30000013e+00  1.24500000e-08  3.30000014e+00  1.24500000e-08  3.29613674e+00  1.24500000e-08  3.29697582e+00  1.24500000e-08  0.00000000e+00  1.24500000e-08  0.00000000e+00 
 1.24700000e-08  3.30000013e+00  1.24700000e-08  3.30000013e+00  1.24700000e-08  3.29619775e+00  1.24700000e-08  3.29702394e+00  1.24700000e-08  0.00000000e+00  1.24700000e-08  0.00000000e+00 
 1.24900000e-08  3.30000012e+00  1.24900000e-08  3.30000013e+00  1.24900000e-08  3.29625710e+00  1.24900000e-08  3.29707075e+00  1.24900000e-08  0.00000000e+00  1.24900000e-08  0.00000000e+00 
 1.25100000e-08  3.30000012e+00  1.25100000e-08  3.30000012e+00  1.25100000e-08  3.29631482e+00  1.25100000e-08  3.29711630e+00  1.25100000e-08  0.00000000e+00  1.25100000e-08  0.00000000e+00 
 1.25300000e-08  3.30000011e+00  1.25300000e-08  3.30000012e+00  1.25300000e-08  3.29637101e+00  1.25300000e-08  3.29716063e+00  1.25300000e-08  0.00000000e+00  1.25300000e-08  0.00000000e+00 
 1.25500000e-08  3.30000011e+00  1.25500000e-08  3.30000011e+00  1.25500000e-08  3.29642569e+00  1.25500000e-08  3.29720378e+00  1.25500000e-08  0.00000000e+00  1.25500000e-08  0.00000000e+00 
 1.25700000e-08  3.30000011e+00  1.25700000e-08  3.30000011e+00  1.25700000e-08  3.29647894e+00  1.25700000e-08  3.29724581e+00  1.25700000e-08  0.00000000e+00  1.25700000e-08  0.00000000e+00 
 1.25900000e-08  3.30000010e+00  1.25900000e-08  3.30000011e+00  1.25900000e-08  3.29653079e+00  1.25900000e-08  3.29728674e+00  1.25900000e-08  0.00000000e+00  1.25900000e-08  0.00000000e+00 
 1.26100000e-08  3.30000010e+00  1.26100000e-08  3.30000010e+00  1.26100000e-08  3.29658132e+00  1.26100000e-08  3.29732662e+00  1.26100000e-08  0.00000000e+00  1.26100000e-08  0.00000000e+00 
 1.26300000e-08  3.30000010e+00  1.26300000e-08  3.30000010e+00  1.26300000e-08  3.29663055e+00  1.26300000e-08  3.29736549e+00  1.26300000e-08  0.00000000e+00  1.26300000e-08  0.00000000e+00 
 1.26500000e-08  3.30000009e+00  1.26500000e-08  3.30000009e+00  1.26500000e-08  3.29667854e+00  1.26500000e-08  3.29740337e+00  1.26500000e-08  0.00000000e+00  1.26500000e-08  0.00000000e+00 
 1.26700000e-08  3.30000009e+00  1.26700000e-08  3.30000009e+00  1.26700000e-08  3.29672531e+00  1.26700000e-08  3.29744031e+00  1.26700000e-08  0.00000000e+00  1.26700000e-08  0.00000000e+00 
 1.26900000e-08  3.30000009e+00  1.26900000e-08  3.30000009e+00  1.26900000e-08  3.29677095e+00  1.26900000e-08  3.29747633e+00  1.26900000e-08  0.00000000e+00  1.26900000e-08  0.00000000e+00 
 1.27100000e-08  3.30000008e+00  1.27100000e-08  3.30000009e+00  1.27100000e-08  3.29681544e+00  1.27100000e-08  3.29751147e+00  1.27100000e-08  0.00000000e+00  1.27100000e-08  0.00000000e+00 
 1.27300000e-08  3.30000008e+00  1.27300000e-08  3.30000008e+00  1.27300000e-08  3.29685887e+00  1.27300000e-08  3.29754576e+00  1.27300000e-08  0.00000000e+00  1.27300000e-08  0.00000000e+00 
 1.27500000e-08  3.30000008e+00  1.27500000e-08  3.30000008e+00  1.27500000e-08  3.29690124e+00  1.27500000e-08  3.29757922e+00  1.27500000e-08  0.00000000e+00  1.27500000e-08  0.00000000e+00 
 1.27700000e-08  3.30000007e+00  1.27700000e-08  3.30000008e+00  1.27700000e-08  3.29694262e+00  1.27700000e-08  3.29761188e+00  1.27700000e-08  0.00000000e+00  1.27700000e-08  0.00000000e+00 
 1.27900000e-08  3.30000007e+00  1.27900000e-08  3.30000008e+00  1.27900000e-08  3.29698300e+00  1.27900000e-08  3.29764377e+00  1.27900000e-08  0.00000000e+00  1.27900000e-08  0.00000000e+00 
 1.28100000e-08  3.30000007e+00  1.28100000e-08  3.30000007e+00  1.28100000e-08  3.29702245e+00  1.28100000e-08  3.29767491e+00  1.28100000e-08  0.00000000e+00  1.28100000e-08  0.00000000e+00 
 1.28300000e-08  3.30000007e+00  1.28300000e-08  3.30000007e+00  1.28300000e-08  3.29706097e+00  1.28300000e-08  3.29770533e+00  1.28300000e-08  0.00000000e+00  1.28300000e-08  0.00000000e+00 
 1.28500000e-08  3.30000007e+00  1.28500000e-08  3.30000007e+00  1.28500000e-08  3.29709863e+00  1.28500000e-08  3.29773506e+00  1.28500000e-08  0.00000000e+00  1.28500000e-08  0.00000000e+00 
 1.28700000e-08  3.30000006e+00  1.28700000e-08  3.30000007e+00  1.28700000e-08  3.29713541e+00  1.28700000e-08  3.29776410e+00  1.28700000e-08  0.00000000e+00  1.28700000e-08  0.00000000e+00 
 1.28900000e-08  3.30000006e+00  1.28900000e-08  3.30000006e+00  1.28900000e-08  3.29717138e+00  1.28900000e-08  3.29779249e+00  1.28900000e-08  0.00000000e+00  1.28900000e-08  0.00000000e+00 
 1.29100000e-08  3.30000006e+00  1.29100000e-08  3.30000006e+00  1.29100000e-08  3.29720653e+00  1.29100000e-08  3.29782024e+00  1.29100000e-08  0.00000000e+00  1.29100000e-08  0.00000000e+00 
 1.29300000e-08  3.30000006e+00  1.29300000e-08  3.30000006e+00  1.29300000e-08  3.29724092e+00  1.29300000e-08  3.29784738e+00  1.29300000e-08  0.00000000e+00  1.29300000e-08  0.00000000e+00 
 1.29500000e-08  3.30000006e+00  1.29500000e-08  3.30000006e+00  1.29500000e-08  3.29727453e+00  1.29500000e-08  3.29787392e+00  1.29500000e-08  0.00000000e+00  1.29500000e-08  0.00000000e+00 
 1.29700000e-08  3.30000006e+00  1.29700000e-08  3.30000006e+00  1.29700000e-08  3.29730744e+00  1.29700000e-08  3.29789989e+00  1.29700000e-08  0.00000000e+00  1.29700000e-08  0.00000000e+00 
 1.29900000e-08  3.30000005e+00  1.29900000e-08  3.30000006e+00  1.29900000e-08  3.29733962e+00  1.29900000e-08  3.29792529e+00  1.29900000e-08  0.00000000e+00  1.29900000e-08  0.00000000e+00 
 1.30100000e-08  3.30000005e+00  1.30100000e-08  3.30000005e+00  1.30100000e-08  3.29737113e+00  1.30100000e-08  3.29795015e+00  1.30100000e-08  0.00000000e+00  1.30100000e-08  0.00000000e+00 
 1.30300000e-08  3.30000005e+00  1.30300000e-08  3.30000005e+00  1.30300000e-08  3.29740195e+00  1.30300000e-08  3.29797448e+00  1.30300000e-08  0.00000000e+00  1.30300000e-08  0.00000000e+00 
 1.30500000e-08  3.30000005e+00  1.30500000e-08  3.30000005e+00  1.30500000e-08  3.29743215e+00  1.30500000e-08  3.29799830e+00  1.30500000e-08  0.00000000e+00  1.30500000e-08  0.00000000e+00 
 1.30700000e-08  3.30000005e+00  1.30700000e-08  3.30000005e+00  1.30700000e-08  3.29746170e+00  1.30700000e-08  3.29802162e+00  1.30700000e-08  0.00000000e+00  1.30700000e-08  0.00000000e+00 
 1.30900000e-08  3.30000005e+00  1.30900000e-08  3.30000005e+00  1.30900000e-08  3.29749066e+00  1.30900000e-08  3.29804446e+00  1.30900000e-08  0.00000000e+00  1.30900000e-08  0.00000000e+00 
 1.31100000e-08  3.30000005e+00  1.31100000e-08  3.30000005e+00  1.31100000e-08  3.29751900e+00  1.31100000e-08  3.29806683e+00  1.31100000e-08  0.00000000e+00  1.31100000e-08  0.00000000e+00 
 1.31300000e-08  3.30000004e+00  1.31300000e-08  3.30000005e+00  1.31300000e-08  3.29754680e+00  1.31300000e-08  3.29808874e+00  1.31300000e-08  0.00000000e+00  1.31300000e-08  0.00000000e+00 
 1.31500000e-08  3.30000004e+00  1.31500000e-08  3.30000004e+00  1.31500000e-08  3.29757401e+00  1.31500000e-08  3.29811021e+00  1.31500000e-08  0.00000000e+00  1.31500000e-08  0.00000000e+00 
 1.31700000e-08  3.30000004e+00  1.31700000e-08  3.30000004e+00  1.31700000e-08  3.29760071e+00  1.31700000e-08  3.29813126e+00  1.31700000e-08  0.00000000e+00  1.31700000e-08  0.00000000e+00 
 1.31900000e-08  3.30000004e+00  1.31900000e-08  3.30000004e+00  1.31900000e-08  3.29762685e+00  1.31900000e-08  3.29815188e+00  1.31900000e-08  0.00000000e+00  1.31900000e-08  0.00000000e+00 
 1.32100000e-08  3.30000004e+00  1.32100000e-08  3.30000004e+00  1.32100000e-08  3.29765251e+00  1.32100000e-08  3.29817210e+00  1.32100000e-08  0.00000000e+00  1.32100000e-08  0.00000000e+00 
 1.32300000e-08  3.30000004e+00  1.32300000e-08  3.30000004e+00  1.32300000e-08  3.29767764e+00  1.32300000e-08  3.29819193e+00  1.32300000e-08  0.00000000e+00  1.32300000e-08  0.00000000e+00 
 1.32500000e-08  3.30000004e+00  1.32500000e-08  3.30000004e+00  1.32500000e-08  3.29770231e+00  1.32500000e-08  3.29821137e+00  1.32500000e-08  0.00000000e+00  1.32500000e-08  0.00000000e+00 
 1.32700000e-08  3.30000004e+00  1.32700000e-08  3.30000004e+00  1.32700000e-08  3.29772649e+00  1.32700000e-08  3.29823044e+00  1.32700000e-08  0.00000000e+00  1.32700000e-08  0.00000000e+00 
 1.32900000e-08  3.30000004e+00  1.32900000e-08  3.30000004e+00  1.32900000e-08  3.29775023e+00  1.32900000e-08  3.29824914e+00  1.32900000e-08  0.00000000e+00  1.32900000e-08  0.00000000e+00 
 1.33100000e-08  3.30000004e+00  1.33100000e-08  3.30000004e+00  1.33100000e-08  3.29777351e+00  1.33100000e-08  3.29826749e+00  1.33100000e-08  0.00000000e+00  1.33100000e-08  0.00000000e+00 
 1.33300000e-08  3.30000003e+00  1.33300000e-08  3.30000004e+00  1.33300000e-08  3.29779637e+00  1.33300000e-08  3.29828550e+00  1.33300000e-08  0.00000000e+00  1.33300000e-08  0.00000000e+00 
 1.33500000e-08  3.30000003e+00  1.33500000e-08  3.30000003e+00  1.33500000e-08  3.29781878e+00  1.33500000e-08  3.29830317e+00  1.33500000e-08  0.00000000e+00  1.33500000e-08  0.00000000e+00 
 1.33700000e-08  3.30000003e+00  1.33700000e-08  3.30000003e+00  1.33700000e-08  3.29784081e+00  1.33700000e-08  3.29832051e+00  1.33700000e-08  0.00000000e+00  1.33700000e-08  0.00000000e+00 
 1.33900000e-08  3.30000003e+00  1.33900000e-08  3.30000003e+00  1.33900000e-08  3.29786241e+00  1.33900000e-08  3.29833754e+00  1.33900000e-08  0.00000000e+00  1.33900000e-08  0.00000000e+00 
 1.34100000e-08  3.30000003e+00  1.34100000e-08  3.30000003e+00  1.34100000e-08  3.29788364e+00  1.34100000e-08  3.29835426e+00  1.34100000e-08  0.00000000e+00  1.34100000e-08  0.00000000e+00 
 1.34300000e-08  3.30000003e+00  1.34300000e-08  3.30000003e+00  1.34300000e-08  3.29790447e+00  1.34300000e-08  3.29837067e+00  1.34300000e-08  0.00000000e+00  1.34300000e-08  0.00000000e+00 
 1.34500000e-08  3.30000003e+00  1.34500000e-08  3.30000003e+00  1.34500000e-08  3.29792495e+00  1.34500000e-08  3.29838679e+00  1.34500000e-08  0.00000000e+00  1.34500000e-08  0.00000000e+00 
 1.34700000e-08  3.30000003e+00  1.34700000e-08  3.30000003e+00  1.34700000e-08  3.29794505e+00  1.34700000e-08  3.29840263e+00  1.34700000e-08  0.00000000e+00  1.34700000e-08  0.00000000e+00 
 1.34900000e-08  3.30000003e+00  1.34900000e-08  3.30000003e+00  1.34900000e-08  3.29796482e+00  1.34900000e-08  3.29841818e+00  1.34900000e-08  0.00000000e+00  1.34900000e-08  0.00000000e+00 
 1.35100000e-08  3.30000003e+00  1.35100000e-08  3.30000003e+00  1.35100000e-08  3.29798422e+00  1.35100000e-08  3.29843346e+00  1.35100000e-08  0.00000000e+00  1.35100000e-08  0.00000000e+00 
 1.35300000e-08  3.30000003e+00  1.35300000e-08  3.30000003e+00  1.35300000e-08  3.29800330e+00  1.35300000e-08  3.29844848e+00  1.35300000e-08  0.00000000e+00  1.35300000e-08  0.00000000e+00 
 1.35500000e-08  3.30000003e+00  1.35500000e-08  3.30000003e+00  1.35500000e-08  3.29802204e+00  1.35500000e-08  3.29846324e+00  1.35500000e-08  0.00000000e+00  1.35500000e-08  0.00000000e+00 
 1.35700000e-08  3.30000003e+00  1.35700000e-08  3.30000003e+00  1.35700000e-08  3.29804048e+00  1.35700000e-08  3.29847774e+00  1.35700000e-08  0.00000000e+00  1.35700000e-08  0.00000000e+00 
 1.35900000e-08  3.30000003e+00  1.35900000e-08  3.30000003e+00  1.35900000e-08  3.29805859e+00  1.35900000e-08  3.29849200e+00  1.35900000e-08  0.00000000e+00  1.35900000e-08  0.00000000e+00 
 1.36100000e-08  3.30000002e+00  1.36100000e-08  3.30000003e+00  1.36100000e-08  3.29807641e+00  1.36100000e-08  3.29850602e+00  1.36100000e-08  0.00000000e+00  1.36100000e-08  0.00000000e+00 
 1.36300000e-08  3.30000002e+00  1.36300000e-08  3.30000002e+00  1.36300000e-08  3.29809392e+00  1.36300000e-08  3.29851980e+00  1.36300000e-08  0.00000000e+00  1.36300000e-08  0.00000000e+00 
 1.36500000e-08  3.30000002e+00  1.36500000e-08  3.30000002e+00  1.36500000e-08  3.29811116e+00  1.36500000e-08  3.29853335e+00  1.36500000e-08  0.00000000e+00  1.36500000e-08  0.00000000e+00 
 1.36700000e-08  3.30000002e+00  1.36700000e-08  3.30000002e+00  1.36700000e-08  3.29812809e+00  1.36700000e-08  3.29854668e+00  1.36700000e-08  0.00000000e+00  1.36700000e-08  0.00000000e+00 
 1.36900000e-08  3.30000002e+00  1.36900000e-08  3.30000002e+00  1.36900000e-08  3.29814477e+00  1.36900000e-08  3.29855979e+00  1.36900000e-08  0.00000000e+00  1.36900000e-08  0.00000000e+00 
 1.37100000e-08  3.30000002e+00  1.37100000e-08  3.30000002e+00  1.37100000e-08  3.29816116e+00  1.37100000e-08  3.29857268e+00  1.37100000e-08  0.00000000e+00  1.37100000e-08  0.00000000e+00 
 1.37300000e-08  3.30000002e+00  1.37300000e-08  3.30000002e+00  1.37300000e-08  3.29817730e+00  1.37300000e-08  3.29858537e+00  1.37300000e-08  0.00000000e+00  1.37300000e-08  0.00000000e+00 
 1.37500000e-08  3.30000002e+00  1.37500000e-08  3.30000002e+00  1.37500000e-08  3.29819317e+00  1.37500000e-08  3.29859785e+00  1.37500000e-08  0.00000000e+00  1.37500000e-08  0.00000000e+00 
 1.37700000e-08  3.30000002e+00  1.37700000e-08  3.30000002e+00  1.37700000e-08  3.29820880e+00  1.37700000e-08  3.29861013e+00  1.37700000e-08  0.00000000e+00  1.37700000e-08  0.00000000e+00 
 1.37900000e-08  3.30000002e+00  1.37900000e-08  3.30000002e+00  1.37900000e-08  3.29822417e+00  1.37900000e-08  3.29862222e+00  1.37900000e-08  0.00000000e+00  1.37900000e-08  0.00000000e+00 
 1.38100000e-08  3.30000002e+00  1.38100000e-08  3.30000002e+00  1.38100000e-08  3.29823931e+00  1.38100000e-08  3.29863412e+00  1.38100000e-08  0.00000000e+00  1.38100000e-08  0.00000000e+00 
 1.38300000e-08  3.30000002e+00  1.38300000e-08  3.30000002e+00  1.38300000e-08  3.29825421e+00  1.38300000e-08  3.29864583e+00  1.38300000e-08  0.00000000e+00  1.38300000e-08  0.00000000e+00 
 1.38500000e-08  3.30000002e+00  1.38500000e-08  3.30000002e+00  1.38500000e-08  3.29826889e+00  1.38500000e-08  3.29865736e+00  1.38500000e-08  0.00000000e+00  1.38500000e-08  0.00000000e+00 
 1.38700000e-08  3.30000002e+00  1.38700000e-08  3.30000002e+00  1.38700000e-08  3.29828333e+00  1.38700000e-08  3.29866871e+00  1.38700000e-08  0.00000000e+00  1.38700000e-08  0.00000000e+00 
 1.38900000e-08  3.30000002e+00  1.38900000e-08  3.30000002e+00  1.38900000e-08  3.29829756e+00  1.38900000e-08  3.29867989e+00  1.38900000e-08  0.00000000e+00  1.38900000e-08  0.00000000e+00 
 1.39100000e-08  3.30000002e+00  1.39100000e-08  3.30000002e+00  1.39100000e-08  3.29831156e+00  1.39100000e-08  3.29869090e+00  1.39100000e-08  0.00000000e+00  1.39100000e-08  0.00000000e+00 
 1.39300000e-08  3.30000002e+00  1.39300000e-08  3.30000002e+00  1.39300000e-08  3.29832537e+00  1.39300000e-08  3.29870174e+00  1.39300000e-08  0.00000000e+00  1.39300000e-08  0.00000000e+00 
 1.39500000e-08  3.30000002e+00  1.39500000e-08  3.30000002e+00  1.39500000e-08  3.29833896e+00  1.39500000e-08  3.29871241e+00  1.39500000e-08  0.00000000e+00  1.39500000e-08  0.00000000e+00 
 1.39700000e-08  3.30000002e+00  1.39700000e-08  3.30000002e+00  1.39700000e-08  3.29835236e+00  1.39700000e-08  3.29872293e+00  1.39700000e-08  0.00000000e+00  1.39700000e-08  0.00000000e+00 
 1.39900000e-08  3.30000002e+00  1.39900000e-08  3.30000002e+00  1.39900000e-08  3.29836555e+00  1.39900000e-08  3.29873329e+00  1.39900000e-08  0.00000000e+00  1.39900000e-08  0.00000000e+00 
 1.40100000e-08  3.30000002e+00  1.40100000e-08  3.30000002e+00  1.40100000e-08  3.29837856e+00  1.40100000e-08  3.29874350e+00  1.40100000e-08  0.00000000e+00  1.40100000e-08  0.00000000e+00 
 1.40300000e-08  3.30000002e+00  1.40300000e-08  3.30000002e+00  1.40300000e-08  3.29839137e+00  1.40300000e-08  3.29875356e+00  1.40300000e-08  0.00000000e+00  1.40300000e-08  0.00000000e+00 
 1.40500000e-08  3.30000002e+00  1.40500000e-08  3.30000002e+00  1.40500000e-08  3.29840400e+00  1.40500000e-08  3.29876347e+00  1.40500000e-08  0.00000000e+00  1.40500000e-08  0.00000000e+00 
 1.40700000e-08  3.30000002e+00  1.40700000e-08  3.30000002e+00  1.40700000e-08  3.29841644e+00  1.40700000e-08  3.29877324e+00  1.40700000e-08  0.00000000e+00  1.40700000e-08  0.00000000e+00 
 1.40900000e-08  3.30000001e+00  1.40900000e-08  3.30000002e+00  1.40900000e-08  3.29842872e+00  1.40900000e-08  3.29878287e+00  1.40900000e-08  0.00000000e+00  1.40900000e-08  0.00000000e+00 
 1.41100000e-08  3.30000001e+00  1.41100000e-08  3.30000002e+00  1.41100000e-08  3.29844080e+00  1.41100000e-08  3.29879236e+00  1.41100000e-08  0.00000000e+00  1.41100000e-08  0.00000000e+00 
 1.41300000e-08  3.30000001e+00  1.41300000e-08  3.30000001e+00  1.41300000e-08  3.29845274e+00  1.41300000e-08  3.29880172e+00  1.41300000e-08  0.00000000e+00  1.41300000e-08  0.00000000e+00 
 1.41500000e-08  3.30000001e+00  1.41500000e-08  3.30000001e+00  1.41500000e-08  3.29846448e+00  1.41500000e-08  3.29881094e+00  1.41500000e-08  0.00000000e+00  1.41500000e-08  0.00000000e+00 
 1.41700000e-08  3.30000001e+00  1.41700000e-08  3.30000001e+00  1.41700000e-08  3.29847608e+00  1.41700000e-08  3.29882003e+00  1.41700000e-08  0.00000000e+00  1.41700000e-08  0.00000000e+00 
 1.41900000e-08  3.30000001e+00  1.41900000e-08  3.30000001e+00  1.41900000e-08  3.29848751e+00  1.41900000e-08  3.29882900e+00  1.41900000e-08  0.00000000e+00  1.41900000e-08  0.00000000e+00 
 1.42100000e-08  3.30000001e+00  1.42100000e-08  3.30000001e+00  1.42100000e-08  3.29849879e+00  1.42100000e-08  3.29883784e+00  1.42100000e-08  0.00000000e+00  1.42100000e-08  0.00000000e+00 
 1.42300000e-08  3.30000001e+00  1.42300000e-08  3.30000001e+00  1.42300000e-08  3.29850990e+00  1.42300000e-08  3.29884656e+00  1.42300000e-08  0.00000000e+00  1.42300000e-08  0.00000000e+00 
 1.42500000e-08  3.30000001e+00  1.42500000e-08  3.30000001e+00  1.42500000e-08  3.29852088e+00  1.42500000e-08  3.29885517e+00  1.42500000e-08  0.00000000e+00  1.42500000e-08  0.00000000e+00 
 1.42700000e-08  3.30000001e+00  1.42700000e-08  3.30000001e+00  1.42700000e-08  3.29853169e+00  1.42700000e-08  3.29886365e+00  1.42700000e-08  0.00000000e+00  1.42700000e-08  0.00000000e+00 
 1.42900000e-08  3.30000001e+00  1.42900000e-08  3.30000001e+00  1.42900000e-08  3.29854238e+00  1.42900000e-08  3.29887202e+00  1.42900000e-08  0.00000000e+00  1.42900000e-08  0.00000000e+00 
 1.43100000e-08  3.30000001e+00  1.43100000e-08  3.30000001e+00  1.43100000e-08  3.29855290e+00  1.43100000e-08  3.29888028e+00  1.43100000e-08  0.00000000e+00  1.43100000e-08  0.00000000e+00 
 1.43300000e-08  3.30000001e+00  1.43300000e-08  3.30000001e+00  1.43300000e-08  3.29856331e+00  1.43300000e-08  3.29888842e+00  1.43300000e-08  0.00000000e+00  1.43300000e-08  0.00000000e+00 
 1.43500000e-08  3.30000001e+00  1.43500000e-08  3.30000001e+00  1.43500000e-08  3.29857355e+00  1.43500000e-08  3.29889646e+00  1.43500000e-08  0.00000000e+00  1.43500000e-08  0.00000000e+00 
 1.43700000e-08  3.30000001e+00  1.43700000e-08  3.30000001e+00  1.43700000e-08  3.29858368e+00  1.43700000e-08  3.29890439e+00  1.43700000e-08  0.00000000e+00  1.43700000e-08  0.00000000e+00 
 1.43900000e-08  3.30000001e+00  1.43900000e-08  3.30000001e+00  1.43900000e-08  3.29859366e+00  1.43900000e-08  3.29891222e+00  1.43900000e-08  0.00000000e+00  1.43900000e-08  0.00000000e+00 
 1.44100000e-08  3.30000001e+00  1.44100000e-08  3.30000001e+00  1.44100000e-08  3.29860353e+00  1.44100000e-08  3.29891994e+00  1.44100000e-08  0.00000000e+00  1.44100000e-08  0.00000000e+00 
 1.44300000e-08  3.30000001e+00  1.44300000e-08  3.30000001e+00  1.44300000e-08  3.29861326e+00  1.44300000e-08  3.29892757e+00  1.44300000e-08  0.00000000e+00  1.44300000e-08  0.00000000e+00 
 1.44500000e-08  3.30000001e+00  1.44500000e-08  3.30000001e+00  1.44500000e-08  3.29862287e+00  1.44500000e-08  3.29893509e+00  1.44500000e-08  0.00000000e+00  1.44500000e-08  0.00000000e+00 
 1.44700000e-08  3.30000001e+00  1.44700000e-08  3.30000001e+00  1.44700000e-08  3.29863235e+00  1.44700000e-08  3.29894252e+00  1.44700000e-08  0.00000000e+00  1.44700000e-08  0.00000000e+00 
 1.44900000e-08  3.30000001e+00  1.44900000e-08  3.30000001e+00  1.44900000e-08  3.29864172e+00  1.44900000e-08  3.29894986e+00  1.44900000e-08  0.00000000e+00  1.44900000e-08  0.00000000e+00 
 1.45100000e-08  3.30000001e+00  1.45100000e-08  3.30000001e+00  1.45100000e-08  3.29865096e+00  1.45100000e-08  3.29895710e+00  1.45100000e-08  0.00000000e+00  1.45100000e-08  0.00000000e+00 
 1.45300000e-08  3.30000001e+00  1.45300000e-08  3.30000001e+00  1.45300000e-08  3.29866010e+00  1.45300000e-08  3.29896425e+00  1.45300000e-08  0.00000000e+00  1.45300000e-08  0.00000000e+00 
 1.45500000e-08  3.30000001e+00  1.45500000e-08  3.30000001e+00  1.45500000e-08  3.29866911e+00  1.45500000e-08  3.29897130e+00  1.45500000e-08  0.00000000e+00  1.45500000e-08  0.00000000e+00 
 1.45700000e-08  3.30000001e+00  1.45700000e-08  3.30000001e+00  1.45700000e-08  3.29867802e+00  1.45700000e-08  3.29897828e+00  1.45700000e-08  0.00000000e+00  1.45700000e-08  0.00000000e+00 
 1.45900000e-08  3.30000001e+00  1.45900000e-08  3.30000001e+00  1.45900000e-08  3.29868681e+00  1.45900000e-08  3.29898516e+00  1.45900000e-08  0.00000000e+00  1.45900000e-08  0.00000000e+00 
 1.46100000e-08  3.30000001e+00  1.46100000e-08  3.30000001e+00  1.46100000e-08  3.29869550e+00  1.46100000e-08  3.29899196e+00  1.46100000e-08  0.00000000e+00  1.46100000e-08  0.00000000e+00 
 1.46300000e-08  3.30000001e+00  1.46300000e-08  3.30000001e+00  1.46300000e-08  3.29870407e+00  1.46300000e-08  3.29899867e+00  1.46300000e-08  0.00000000e+00  1.46300000e-08  0.00000000e+00 
 1.46500000e-08  3.30000001e+00  1.46500000e-08  3.30000001e+00  1.46500000e-08  3.29871256e+00  1.46500000e-08  3.29900531e+00  1.46500000e-08  0.00000000e+00  1.46500000e-08  0.00000000e+00 
 1.46700000e-08  3.30000001e+00  1.46700000e-08  3.30000001e+00  1.46700000e-08  3.29872093e+00  1.46700000e-08  3.29901186e+00  1.46700000e-08  0.00000000e+00  1.46700000e-08  0.00000000e+00 
 1.46900000e-08  3.30000001e+00  1.46900000e-08  3.30000001e+00  1.46900000e-08  3.29872921e+00  1.46900000e-08  3.29901833e+00  1.46900000e-08  0.00000000e+00  1.46900000e-08  0.00000000e+00 
 1.47100000e-08  3.30000001e+00  1.47100000e-08  3.30000001e+00  1.47100000e-08  3.29873737e+00  1.47100000e-08  3.29902473e+00  1.47100000e-08  0.00000000e+00  1.47100000e-08  0.00000000e+00 
 1.47300000e-08  3.30000001e+00  1.47300000e-08  3.30000001e+00  1.47300000e-08  3.29874546e+00  1.47300000e-08  3.29903105e+00  1.47300000e-08  0.00000000e+00  1.47300000e-08  0.00000000e+00 
 1.47500000e-08  3.30000001e+00  1.47500000e-08  3.30000001e+00  1.47500000e-08  3.29875343e+00  1.47500000e-08  3.29903729e+00  1.47500000e-08  0.00000000e+00  1.47500000e-08  0.00000000e+00 
 1.47700000e-08  3.30000001e+00  1.47700000e-08  3.30000001e+00  1.47700000e-08  3.29876133e+00  1.47700000e-08  3.29904346e+00  1.47700000e-08  0.00000000e+00  1.47700000e-08  0.00000000e+00 
 1.47900000e-08  3.30000001e+00  1.47900000e-08  3.30000001e+00  1.47900000e-08  3.29876912e+00  1.47900000e-08  3.29904956e+00  1.47900000e-08  0.00000000e+00  1.47900000e-08  0.00000000e+00 
 1.48100000e-08  3.30000001e+00  1.48100000e-08  3.30000001e+00  1.48100000e-08  3.29877683e+00  1.48100000e-08  3.29905558e+00  1.48100000e-08  0.00000000e+00  1.48100000e-08  0.00000000e+00 
 1.48300000e-08  3.30000001e+00  1.48300000e-08  3.30000001e+00  1.48300000e-08  3.29878444e+00  1.48300000e-08  3.29906154e+00  1.48300000e-08  0.00000000e+00  1.48300000e-08  0.00000000e+00 
 1.48500000e-08  3.30000001e+00  1.48500000e-08  3.30000001e+00  1.48500000e-08  3.29879198e+00  1.48500000e-08  3.29906742e+00  1.48500000e-08  0.00000000e+00  1.48500000e-08  0.00000000e+00 
 1.48700000e-08  3.30000001e+00  1.48700000e-08  3.30000001e+00  1.48700000e-08  3.29879941e+00  1.48700000e-08  3.29907324e+00  1.48700000e-08  0.00000000e+00  1.48700000e-08  0.00000000e+00 
 1.48900000e-08  3.30000001e+00  1.48900000e-08  3.30000001e+00  1.48900000e-08  3.29880678e+00  1.48900000e-08  3.29907899e+00  1.48900000e-08  0.00000000e+00  1.48900000e-08  0.00000000e+00 
 1.49100000e-08  3.30000001e+00  1.49100000e-08  3.30000001e+00  1.49100000e-08  3.29881404e+00  1.49100000e-08  3.29908468e+00  1.49100000e-08  0.00000000e+00  1.49100000e-08  0.00000000e+00 
 1.49300000e-08  3.30000001e+00  1.49300000e-08  3.30000001e+00  1.49300000e-08  3.29882124e+00  1.49300000e-08  3.29909030e+00  1.49300000e-08  0.00000000e+00  1.49300000e-08  0.00000000e+00 
 1.49500000e-08  3.30000001e+00  1.49500000e-08  3.30000001e+00  1.49500000e-08  3.29882835e+00  1.49500000e-08  3.29909585e+00  1.49500000e-08  0.00000000e+00  1.49500000e-08  0.00000000e+00 
 1.49700000e-08  3.30000001e+00  1.49700000e-08  3.30000001e+00  1.49700000e-08  3.29883539e+00  1.49700000e-08  3.29910135e+00  1.49700000e-08  0.00000000e+00  1.49700000e-08  0.00000000e+00 
 1.49900000e-08  3.30000001e+00  1.49900000e-08  3.30000001e+00  1.49900000e-08  3.29884233e+00  1.49900000e-08  3.29910678e+00  1.49900000e-08  0.00000000e+00  1.49900000e-08  0.00000000e+00 
 1.50100000e-08  3.30000001e+00  1.50100000e-08  3.30000001e+00  1.50100000e-08  3.29884922e+00  1.50100000e-08  3.29911215e+00  1.50100000e-08  0.00000000e+00  1.50100000e-08  0.00000000e+00 
 1.50300000e-08  3.30000001e+00  1.50300000e-08  3.30000001e+00  1.50300000e-08  3.29885601e+00  1.50300000e-08  3.29911746e+00  1.50300000e-08  0.00000000e+00  1.50300000e-08  0.00000000e+00 
 1.50500000e-08  3.30000001e+00  1.50500000e-08  3.30000001e+00  1.50500000e-08  3.29886274e+00  1.50500000e-08  3.29912272e+00  1.50500000e-08  0.00000000e+00  1.50500000e-08  0.00000000e+00 
 1.50700000e-08  3.30000001e+00  1.50700000e-08  3.30000001e+00  1.50700000e-08  3.29886939e+00  1.50700000e-08  3.29912791e+00  1.50700000e-08  0.00000000e+00  1.50700000e-08  0.00000000e+00 
 1.50900000e-08  3.30000001e+00  1.50900000e-08  3.30000001e+00  1.50900000e-08  3.29887598e+00  1.50900000e-08  3.29913305e+00  1.50900000e-08  0.00000000e+00  1.50900000e-08  0.00000000e+00 
 1.51100000e-08  3.30000001e+00  1.51100000e-08  3.30000001e+00  1.51100000e-08  3.29888248e+00  1.51100000e-08  3.29913813e+00  1.51100000e-08  0.00000000e+00  1.51100000e-08  0.00000000e+00 
 1.51300000e-08  3.30000001e+00  1.51300000e-08  3.30000001e+00  1.51300000e-08  3.29888893e+00  1.51300000e-08  3.29914316e+00  1.51300000e-08  0.00000000e+00  1.51300000e-08  0.00000000e+00 
 1.51500000e-08  3.30000001e+00  1.51500000e-08  3.30000001e+00  1.51500000e-08  3.29889529e+00  1.51500000e-08  3.29914814e+00  1.51500000e-08  0.00000000e+00  1.51500000e-08  0.00000000e+00 
 1.51700000e-08  3.30000001e+00  1.51700000e-08  3.30000001e+00  1.51700000e-08  3.29890160e+00  1.51700000e-08  3.29915306e+00  1.51700000e-08  0.00000000e+00  1.51700000e-08  0.00000000e+00 
 1.51900000e-08  3.30000001e+00  1.51900000e-08  3.30000001e+00  1.51900000e-08  3.29890783e+00  1.51900000e-08  3.29915793e+00  1.51900000e-08  0.00000000e+00  1.51900000e-08  0.00000000e+00 
 1.52100000e-08  3.30000001e+00  1.52100000e-08  3.30000001e+00  1.52100000e-08  3.29891401e+00  1.52100000e-08  3.29916274e+00  1.52100000e-08  0.00000000e+00  1.52100000e-08  0.00000000e+00 
 1.52300000e-08  3.30000001e+00  1.52300000e-08  3.30000001e+00  1.52300000e-08  3.29892011e+00  1.52300000e-08  3.29916751e+00  1.52300000e-08  0.00000000e+00  1.52300000e-08  0.00000000e+00 
 1.52500000e-08  3.30000000e+00  1.52500000e-08  3.30000001e+00  1.52500000e-08  3.29892616e+00  1.52500000e-08  3.29917222e+00  1.52500000e-08  0.00000000e+00  1.52500000e-08  0.00000000e+00 
 1.52700000e-08  3.30000001e+00  1.52700000e-08  3.30000001e+00  1.52700000e-08  3.29893213e+00  1.52700000e-08  3.29917689e+00  1.52700000e-08  0.00000000e+00  1.52700000e-08  0.00000000e+00 
 1.52900000e-08  3.30000000e+00  1.52900000e-08  3.30000000e+00  1.52900000e-08  3.29893805e+00  1.52900000e-08  3.29918151e+00  1.52900000e-08  0.00000000e+00  1.52900000e-08  0.00000000e+00 
 1.53100000e-08  3.30000000e+00  1.53100000e-08  3.30000000e+00  1.53100000e-08  3.29894390e+00  1.53100000e-08  3.29918607e+00  1.53100000e-08  0.00000000e+00  1.53100000e-08  0.00000000e+00 
 1.53300000e-08  3.30000000e+00  1.53300000e-08  3.30000000e+00  1.53300000e-08  3.29894971e+00  1.53300000e-08  3.29919060e+00  1.53300000e-08  0.00000000e+00  1.53300000e-08  0.00000000e+00 
 1.53500000e-08  3.30000000e+00  1.53500000e-08  3.30000000e+00  1.53500000e-08  3.29895544e+00  1.53500000e-08  3.29919507e+00  1.53500000e-08  0.00000000e+00  1.53500000e-08  0.00000000e+00 
 1.53700000e-08  3.30000000e+00  1.53700000e-08  3.30000000e+00  1.53700000e-08  3.29896112e+00  1.53700000e-08  3.29919950e+00  1.53700000e-08  0.00000000e+00  1.53700000e-08  0.00000000e+00 
 1.53900000e-08  3.30000000e+00  1.53900000e-08  3.30000000e+00  1.53900000e-08  3.29896674e+00  1.53900000e-08  3.29920389e+00  1.53900000e-08  0.00000000e+00  1.53900000e-08  0.00000000e+00 
 1.54100000e-08  3.30000000e+00  1.54100000e-08  3.30000000e+00  1.54100000e-08  3.29897231e+00  1.54100000e-08  3.29920823e+00  1.54100000e-08  0.00000000e+00  1.54100000e-08  0.00000000e+00 
 1.54300000e-08  3.30000000e+00  1.54300000e-08  3.30000000e+00  1.54300000e-08  3.29897781e+00  1.54300000e-08  3.29921252e+00  1.54300000e-08  0.00000000e+00  1.54300000e-08  0.00000000e+00 
 1.54500000e-08  3.30000000e+00  1.54500000e-08  3.30000000e+00  1.54500000e-08  3.29898327e+00  1.54500000e-08  3.29921677e+00  1.54500000e-08  0.00000000e+00  1.54500000e-08  0.00000000e+00 
 1.54700000e-08  3.30000000e+00  1.54700000e-08  3.30000000e+00  1.54700000e-08  3.29898867e+00  1.54700000e-08  3.29922098e+00  1.54700000e-08  0.00000000e+00  1.54700000e-08  0.00000000e+00 
 1.54900000e-08  3.30000000e+00  1.54900000e-08  3.30000000e+00  1.54900000e-08  3.29899402e+00  1.54900000e-08  3.29922515e+00  1.54900000e-08  0.00000000e+00  1.54900000e-08  0.00000000e+00 
 1.55100000e-08  3.30000000e+00  1.55100000e-08  3.30000000e+00  1.55100000e-08  3.29899931e+00  1.55100000e-08  3.29922928e+00  1.55100000e-08  0.00000000e+00  1.55100000e-08  0.00000000e+00 
 1.55300000e-08  3.30000000e+00  1.55300000e-08  3.30000000e+00  1.55300000e-08  3.29900456e+00  1.55300000e-08  3.29923337e+00  1.55300000e-08  0.00000000e+00  1.55300000e-08  0.00000000e+00 
 1.55500000e-08  3.30000000e+00  1.55500000e-08  3.30000000e+00  1.55500000e-08  3.29900974e+00  1.55500000e-08  3.29923741e+00  1.55500000e-08  0.00000000e+00  1.55500000e-08  0.00000000e+00 
 1.55700000e-08  3.30000000e+00  1.55700000e-08  3.30000000e+00  1.55700000e-08  3.29901489e+00  1.55700000e-08  3.29924142e+00  1.55700000e-08  0.00000000e+00  1.55700000e-08  0.00000000e+00 
 1.55900000e-08  3.30000000e+00  1.55900000e-08  3.30000000e+00  1.55900000e-08  3.29901997e+00  1.55900000e-08  3.29924539e+00  1.55900000e-08  0.00000000e+00  1.55900000e-08  0.00000000e+00 
 1.56100000e-08  3.30000000e+00  1.56100000e-08  3.30000000e+00  1.56100000e-08  3.29902502e+00  1.56100000e-08  3.29924932e+00  1.56100000e-08  0.00000000e+00  1.56100000e-08  0.00000000e+00 
 1.56300000e-08  3.30000000e+00  1.56300000e-08  3.30000000e+00  1.56300000e-08  3.29903001e+00  1.56300000e-08  3.29925320e+00  1.56300000e-08  0.00000000e+00  1.56300000e-08  0.00000000e+00 
 1.56500000e-08  3.30000000e+00  1.56500000e-08  3.30000000e+00  1.56500000e-08  3.29903496e+00  1.56500000e-08  3.29925706e+00  1.56500000e-08  0.00000000e+00  1.56500000e-08  0.00000000e+00 
 1.56700000e-08  3.30000000e+00  1.56700000e-08  3.30000000e+00  1.56700000e-08  3.29903985e+00  1.56700000e-08  3.29926087e+00  1.56700000e-08  0.00000000e+00  1.56700000e-08  0.00000000e+00 
 1.56900000e-08  3.30000000e+00  1.56900000e-08  3.30000000e+00  1.56900000e-08  3.29904472e+00  1.56900000e-08  3.29926466e+00  1.56900000e-08  0.00000000e+00  1.56900000e-08  0.00000000e+00 
 1.57100000e-08  3.30000000e+00  1.57100000e-08  3.30000000e+00  1.57100000e-08  3.29904951e+00  1.57100000e-08  3.29926840e+00  1.57100000e-08  0.00000000e+00  1.57100000e-08  0.00000000e+00 
 1.57300000e-08  3.30000000e+00  1.57300000e-08  3.30000000e+00  1.57300000e-08  3.29905428e+00  1.57300000e-08  3.29927211e+00  1.57300000e-08  0.00000000e+00  1.57300000e-08  0.00000000e+00 
 1.57500000e-08  3.30000000e+00  1.57500000e-08  3.30000000e+00  1.57500000e-08  3.29905899e+00  1.57500000e-08  3.29927578e+00  1.57500000e-08  0.00000000e+00  1.57500000e-08  0.00000000e+00 
 1.57700000e-08  3.30000000e+00  1.57700000e-08  3.30000000e+00  1.57700000e-08  3.29906368e+00  1.57700000e-08  3.29927942e+00  1.57700000e-08  0.00000000e+00  1.57700000e-08  0.00000000e+00 
 1.57900000e-08  3.30000000e+00  1.57900000e-08  3.30000000e+00  1.57900000e-08  3.29906830e+00  1.57900000e-08  3.29928303e+00  1.57900000e-08  0.00000000e+00  1.57900000e-08  0.00000000e+00 
 1.58100000e-08  3.30000000e+00  1.58100000e-08  3.30000000e+00  1.58100000e-08  3.29907289e+00  1.58100000e-08  3.29928660e+00  1.58100000e-08  0.00000000e+00  1.58100000e-08  0.00000000e+00 
 1.58300000e-08  3.30000000e+00  1.58300000e-08  3.30000000e+00  1.58300000e-08  3.29907743e+00  1.58300000e-08  3.29929014e+00  1.58300000e-08  0.00000000e+00  1.58300000e-08  0.00000000e+00 
 1.58500000e-08  3.30000000e+00  1.58500000e-08  3.30000000e+00  1.58500000e-08  3.29908194e+00  1.58500000e-08  3.29929364e+00  1.58500000e-08  0.00000000e+00  1.58500000e-08  0.00000000e+00 
 1.58700000e-08  3.30000000e+00  1.58700000e-08  3.30000000e+00  1.58700000e-08  3.29908640e+00  1.58700000e-08  3.29929712e+00  1.58700000e-08  0.00000000e+00  1.58700000e-08  0.00000000e+00 
 1.58900000e-08  3.30000000e+00  1.58900000e-08  3.30000000e+00  1.58900000e-08  3.29909083e+00  1.58900000e-08  3.29930056e+00  1.58900000e-08  0.00000000e+00  1.58900000e-08  0.00000000e+00 
 1.59100000e-08  3.30000000e+00  1.59100000e-08  3.30000000e+00  1.59100000e-08  3.29909520e+00  1.59100000e-08  3.29930397e+00  1.59100000e-08  0.00000000e+00  1.59100000e-08  0.00000000e+00 
 1.59300000e-08  3.30000000e+00  1.59300000e-08  3.30000000e+00  1.59300000e-08  3.29909955e+00  1.59300000e-08  3.29930735e+00  1.59300000e-08  0.00000000e+00  1.59300000e-08  0.00000000e+00 
 1.59500000e-08  3.30000000e+00  1.59500000e-08  3.30000000e+00  1.59500000e-08  3.29910385e+00  1.59500000e-08  3.29931070e+00  1.59500000e-08  0.00000000e+00  1.59500000e-08  0.00000000e+00 
 1.59700000e-08  3.30000000e+00  1.59700000e-08  3.30000000e+00  1.59700000e-08  3.29910812e+00  1.59700000e-08  3.29931402e+00  1.59700000e-08  0.00000000e+00  1.59700000e-08  0.00000000e+00 
 1.59900000e-08  3.30000000e+00  1.59900000e-08  3.30000000e+00  1.59900000e-08  3.29911234e+00  1.59900000e-08  3.29931730e+00  1.59900000e-08  0.00000000e+00  1.59900000e-08  0.00000000e+00 
 1.60100000e-08  3.30000000e+00  1.60100000e-08  3.30000000e+00  1.60100000e-08  3.29911654e+00  1.60100000e-08  3.29932057e+00  1.60100000e-08  0.00000000e+00  1.60100000e-08  0.00000000e+00 
 1.60300000e-08  3.30000000e+00  1.60300000e-08  3.30000000e+00  1.60300000e-08  3.29912068e+00  1.60300000e-08  3.29932380e+00  1.60300000e-08  0.00000000e+00  1.60300000e-08  0.00000000e+00 
 1.60500000e-08  3.30000000e+00  1.60500000e-08  3.30000000e+00  1.60500000e-08  3.29912481e+00  1.60500000e-08  3.29932700e+00  1.60500000e-08  0.00000000e+00  1.60500000e-08  0.00000000e+00 
 1.60700000e-08  3.30000000e+00  1.60700000e-08  3.30000000e+00  1.60700000e-08  3.29912888e+00  1.60700000e-08  3.29933017e+00  1.60700000e-08  0.00000000e+00  1.60700000e-08  0.00000000e+00 
 1.60900000e-08  3.30000000e+00  1.60900000e-08  3.30000000e+00  1.60900000e-08  3.29913293e+00  1.60900000e-08  3.29933332e+00  1.60900000e-08  0.00000000e+00  1.60900000e-08  0.00000000e+00 
 1.61100000e-08  3.30000000e+00  1.61100000e-08  3.30000000e+00  1.61100000e-08  3.29913694e+00  1.61100000e-08  3.29933644e+00  1.61100000e-08  0.00000000e+00  1.61100000e-08  0.00000000e+00 
 1.61300000e-08  3.30000000e+00  1.61300000e-08  3.30000000e+00  1.61300000e-08  3.29914092e+00  1.61300000e-08  3.29933953e+00  1.61300000e-08  0.00000000e+00  1.61300000e-08  0.00000000e+00 
 1.61500000e-08  3.30000000e+00  1.61500000e-08  3.30000000e+00  1.61500000e-08  3.29914485e+00  1.61500000e-08  3.29934259e+00  1.61500000e-08  0.00000000e+00  1.61500000e-08  0.00000000e+00 
 1.61700000e-08  3.30000000e+00  1.61700000e-08  3.30000000e+00  1.61700000e-08  3.29914877e+00  1.61700000e-08  3.29934563e+00  1.61700000e-08  0.00000000e+00  1.61700000e-08  0.00000000e+00 
 1.61900000e-08  3.30000000e+00  1.61900000e-08  3.30000000e+00  1.61900000e-08  3.29915263e+00  1.61900000e-08  3.29934864e+00  1.61900000e-08  0.00000000e+00  1.61900000e-08  0.00000000e+00 
 1.62100000e-08  3.30000000e+00  1.62100000e-08  3.30000000e+00  1.62100000e-08  3.29915648e+00  1.62100000e-08  3.29935163e+00  1.62100000e-08  0.00000000e+00  1.62100000e-08  0.00000000e+00 
 1.62300000e-08  3.30000000e+00  1.62300000e-08  3.30000000e+00  1.62300000e-08  3.29916028e+00  1.62300000e-08  3.29935459e+00  1.62300000e-08  0.00000000e+00  1.62300000e-08  0.00000000e+00 
 1.62500000e-08  3.30000000e+00  1.62500000e-08  3.30000000e+00  1.62500000e-08  3.29916407e+00  1.62500000e-08  3.29935752e+00  1.62500000e-08  0.00000000e+00  1.62500000e-08  0.00000000e+00 
 1.62700000e-08  3.30000000e+00  1.62700000e-08  3.30000000e+00  1.62700000e-08  3.29916780e+00  1.62700000e-08  3.29936043e+00  1.62700000e-08  0.00000000e+00  1.62700000e-08  0.00000000e+00 
 1.62900000e-08  3.30000000e+00  1.62900000e-08  3.30000000e+00  1.62900000e-08  3.29917152e+00  1.62900000e-08  3.29936332e+00  1.62900000e-08  0.00000000e+00  1.62900000e-08  0.00000000e+00 
 1.63100000e-08  3.30000000e+00  1.63100000e-08  3.30000000e+00  1.63100000e-08  3.29917520e+00  1.63100000e-08  3.29936618e+00  1.63100000e-08  0.00000000e+00  1.63100000e-08  0.00000000e+00 
 1.63300000e-08  3.30000000e+00  1.63300000e-08  3.30000000e+00  1.63300000e-08  3.29917886e+00  1.63300000e-08  3.29936902e+00  1.63300000e-08  0.00000000e+00  1.63300000e-08  0.00000000e+00 
 1.63500000e-08  3.30000000e+00  1.63500000e-08  3.30000000e+00  1.63500000e-08  3.29918247e+00  1.63500000e-08  3.29937183e+00  1.63500000e-08  0.00000000e+00  1.63500000e-08  0.00000000e+00 
 1.63700000e-08  3.30000000e+00  1.63700000e-08  3.30000000e+00  1.63700000e-08  3.29918607e+00  1.63700000e-08  3.29937462e+00  1.63700000e-08  0.00000000e+00  1.63700000e-08  0.00000000e+00 
 1.63900000e-08  3.30000000e+00  1.63900000e-08  3.30000000e+00  1.63900000e-08  3.29918962e+00  1.63900000e-08  3.29937739e+00  1.63900000e-08  0.00000000e+00  1.63900000e-08  0.00000000e+00 
 1.64100000e-08  3.30000000e+00  1.64100000e-08  3.30000000e+00  1.64100000e-08  3.29919316e+00  1.64100000e-08  3.29938013e+00  1.64100000e-08  0.00000000e+00  1.64100000e-08  0.00000000e+00 
 1.64300000e-08  3.30000000e+00  1.64300000e-08  3.30000000e+00  1.64300000e-08  3.29919666e+00  1.64300000e-08  3.29938285e+00  1.64300000e-08  0.00000000e+00  1.64300000e-08  0.00000000e+00 
 1.64500000e-08  3.30000000e+00  1.64500000e-08  3.30000000e+00  1.64500000e-08  3.29920014e+00  1.64500000e-08  3.29938555e+00  1.64500000e-08  0.00000000e+00  1.64500000e-08  0.00000000e+00 
 1.64700000e-08  3.30000000e+00  1.64700000e-08  3.30000000e+00  1.64700000e-08  3.29920358e+00  1.64700000e-08  3.29938823e+00  1.64700000e-08  0.00000000e+00  1.64700000e-08  0.00000000e+00 
 1.64900000e-08  3.30000000e+00  1.64900000e-08  3.30000000e+00  1.64900000e-08  3.29920700e+00  1.64900000e-08  3.29939089e+00  1.64900000e-08  0.00000000e+00  1.64900000e-08  0.00000000e+00 
 1.65100000e-08  3.30000000e+00  1.65100000e-08  3.30000000e+00  1.65100000e-08  3.29921039e+00  1.65100000e-08  3.29939352e+00  1.65100000e-08  0.00000000e+00  1.65100000e-08  0.00000000e+00 
 1.65300000e-08  3.30000000e+00  1.65300000e-08  3.30000000e+00  1.65300000e-08  3.29921376e+00  1.65300000e-08  3.29939613e+00  1.65300000e-08  0.00000000e+00  1.65300000e-08  0.00000000e+00 
 1.65500000e-08  3.30000000e+00  1.65500000e-08  3.30000000e+00  1.65500000e-08  3.29921709e+00  1.65500000e-08  3.29939872e+00  1.65500000e-08  0.00000000e+00  1.65500000e-08  0.00000000e+00 
 1.65700000e-08  3.30000000e+00  1.65700000e-08  3.30000000e+00  1.65700000e-08  3.29922041e+00  1.65700000e-08  3.29940129e+00  1.65700000e-08  0.00000000e+00  1.65700000e-08  0.00000000e+00 
 1.65900000e-08  3.30000000e+00  1.65900000e-08  3.30000000e+00  1.65900000e-08  3.29922368e+00  1.65900000e-08  3.29940384e+00  1.65900000e-08  0.00000000e+00  1.65900000e-08  0.00000000e+00 
 1.66100000e-08  3.30000000e+00  1.66100000e-08  3.30000000e+00  1.66100000e-08  3.29922695e+00  1.66100000e-08  3.29940637e+00  1.66100000e-08  0.00000000e+00  1.66100000e-08  0.00000000e+00 
 1.66300000e-08  3.30000000e+00  1.66300000e-08  3.30000000e+00  1.66300000e-08  3.29923017e+00  1.66300000e-08  3.29940888e+00  1.66300000e-08  0.00000000e+00  1.66300000e-08  0.00000000e+00 
 1.66500000e-08  3.30000000e+00  1.66500000e-08  3.30000000e+00  1.66500000e-08  3.29923339e+00  1.66500000e-08  3.29941137e+00  1.66500000e-08  0.00000000e+00  1.66500000e-08  0.00000000e+00 
 1.66700000e-08  3.30000000e+00  1.66700000e-08  3.30000000e+00  1.66700000e-08  3.29923656e+00  1.66700000e-08  3.29941384e+00  1.66700000e-08  0.00000000e+00  1.66700000e-08  0.00000000e+00 
 1.66900000e-08  3.30000000e+00  1.66900000e-08  3.30000000e+00  1.66900000e-08  3.29923973e+00  1.66900000e-08  3.29941629e+00  1.66900000e-08  0.00000000e+00  1.66900000e-08  0.00000000e+00 
 1.67100000e-08  3.30000000e+00  1.67100000e-08  3.30000000e+00  1.67100000e-08  3.29924285e+00  1.67100000e-08  3.29941872e+00  1.67100000e-08  0.00000000e+00  1.67100000e-08  0.00000000e+00 
 1.67300000e-08  3.30000000e+00  1.67300000e-08  3.30000000e+00  1.67300000e-08  3.29924597e+00  1.67300000e-08  3.29942114e+00  1.67300000e-08  0.00000000e+00  1.67300000e-08  0.00000000e+00 
 1.67500000e-08  3.30000000e+00  1.67500000e-08  3.30000000e+00  1.67500000e-08  3.29924905e+00  1.67500000e-08  3.29942353e+00  1.67500000e-08  0.00000000e+00  1.67500000e-08  0.00000000e+00 
 1.67700000e-08  3.30000000e+00  1.67700000e-08  3.30000000e+00  1.67700000e-08  3.29925212e+00  1.67700000e-08  3.29942591e+00  1.67700000e-08  0.00000000e+00  1.67700000e-08  0.00000000e+00 
 1.67900000e-08  3.30000000e+00  1.67900000e-08  3.30000000e+00  1.67900000e-08  3.29925515e+00  1.67900000e-08  3.29942826e+00  1.67900000e-08  0.00000000e+00  1.67900000e-08  0.00000000e+00 
 1.68100000e-08  3.30000000e+00  1.68100000e-08  3.30000000e+00  1.68100000e-08  3.29925817e+00  1.68100000e-08  3.29943060e+00  1.68100000e-08  0.00000000e+00  1.68100000e-08  0.00000000e+00 
 1.68300000e-08  3.30000000e+00  1.68300000e-08  3.30000000e+00  1.68300000e-08  3.29926115e+00  1.68300000e-08  3.29943292e+00  1.68300000e-08  0.00000000e+00  1.68300000e-08  0.00000000e+00 
 1.68500000e-08  3.30000000e+00  1.68500000e-08  3.30000000e+00  1.68500000e-08  3.29926413e+00  1.68500000e-08  3.29943523e+00  1.68500000e-08  0.00000000e+00  1.68500000e-08  0.00000000e+00 
 1.68700000e-08  3.30000000e+00  1.68700000e-08  3.30000000e+00  1.68700000e-08  3.29926707e+00  1.68700000e-08  3.29943751e+00  1.68700000e-08  0.00000000e+00  1.68700000e-08  0.00000000e+00 
 1.68900000e-08  3.30000000e+00  1.68900000e-08  3.30000000e+00  1.68900000e-08  3.29927000e+00  1.68900000e-08  3.29943978e+00  1.68900000e-08  0.00000000e+00  1.68900000e-08  0.00000000e+00 
 1.69100000e-08  3.30000000e+00  1.69100000e-08  3.30000000e+00  1.69100000e-08  3.29927290e+00  1.69100000e-08  3.29944203e+00  1.69100000e-08  0.00000000e+00  1.69100000e-08  0.00000000e+00 
 1.69300000e-08  3.30000000e+00  1.69300000e-08  3.30000000e+00  1.69300000e-08  3.29927578e+00  1.69300000e-08  3.29944427e+00  1.69300000e-08  0.00000000e+00  1.69300000e-08  0.00000000e+00 
 1.69500000e-08  3.30000000e+00  1.69500000e-08  3.30000000e+00  1.69500000e-08  3.29927864e+00  1.69500000e-08  3.29944648e+00  1.69500000e-08  0.00000000e+00  1.69500000e-08  0.00000000e+00 
 1.69700000e-08  3.30000000e+00  1.69700000e-08  3.30000000e+00  1.69700000e-08  3.29928148e+00  1.69700000e-08  3.29944868e+00  1.69700000e-08  0.00000000e+00  1.69700000e-08  0.00000000e+00 
 1.69900000e-08  3.30000000e+00  1.69900000e-08  3.30000000e+00  1.69900000e-08  3.29928429e+00  1.69900000e-08  3.29945087e+00  1.69900000e-08  0.00000000e+00  1.69900000e-08  0.00000000e+00 
 1.70100000e-08  3.30000000e+00  1.70100000e-08  3.30000000e+00  1.70100000e-08  3.29928710e+00  1.70100000e-08  3.29945304e+00  1.70100000e-08  0.00000000e+00  1.70100000e-08  0.00000000e+00 
 1.70300000e-08  3.30000000e+00  1.70300000e-08  3.30000000e+00  1.70300000e-08  3.29928986e+00  1.70300000e-08  3.29945519e+00  1.70300000e-08  0.00000000e+00  1.70300000e-08  0.00000000e+00 
 1.70500000e-08  3.30000000e+00  1.70500000e-08  3.30000000e+00  1.70500000e-08  3.29929263e+00  1.70500000e-08  3.29945733e+00  1.70500000e-08  0.00000000e+00  1.70500000e-08  0.00000000e+00 
 1.70700000e-08  3.30000000e+00  1.70700000e-08  3.30000000e+00  1.70700000e-08  3.29929535e+00  1.70700000e-08  3.29945945e+00  1.70700000e-08  0.00000000e+00  1.70700000e-08  0.00000000e+00 
 1.70900000e-08  3.30000000e+00  1.70900000e-08  3.30000000e+00  1.70900000e-08  3.29929808e+00  1.70900000e-08  3.29946155e+00  1.70900000e-08  0.00000000e+00  1.70900000e-08  0.00000000e+00 
 1.71100000e-08  3.30000000e+00  1.71100000e-08  3.30000000e+00  1.71100000e-08  3.29930076e+00  1.71100000e-08  3.29946364e+00  1.71100000e-08  0.00000000e+00  1.71100000e-08  0.00000000e+00 
 1.71300000e-08  3.30000000e+00  1.71300000e-08  3.30000000e+00  1.71300000e-08  3.29930345e+00  1.71300000e-08  3.29946572e+00  1.71300000e-08  0.00000000e+00  1.71300000e-08  0.00000000e+00 
 1.71500000e-08  3.30000000e+00  1.71500000e-08  3.30000000e+00  1.71500000e-08  3.29930610e+00  1.71500000e-08  3.29946777e+00  1.71500000e-08  0.00000000e+00  1.71500000e-08  0.00000000e+00 
 1.71700000e-08  3.30000000e+00  1.71700000e-08  3.30000000e+00  1.71700000e-08  3.29930874e+00  1.71700000e-08  3.29946982e+00  1.71700000e-08  0.00000000e+00  1.71700000e-08  0.00000000e+00 
 1.71900000e-08  3.30000000e+00  1.71900000e-08  3.30000000e+00  1.71900000e-08  3.29931135e+00  1.71900000e-08  3.29947185e+00  1.71900000e-08  0.00000000e+00  1.71900000e-08  0.00000000e+00 
 1.72100000e-08  3.30000000e+00  1.72100000e-08  3.30000000e+00  1.72100000e-08  3.29931396e+00  1.72100000e-08  3.29947386e+00  1.72100000e-08  0.00000000e+00  1.72100000e-08  0.00000000e+00 
 1.72300000e-08  3.30000000e+00  1.72300000e-08  3.30000000e+00  1.72300000e-08  3.29931654e+00  1.72300000e-08  3.29947586e+00  1.72300000e-08  0.00000000e+00  1.72300000e-08  0.00000000e+00 
 1.72500000e-08  3.30000000e+00  1.72500000e-08  3.30000000e+00  1.72500000e-08  3.29931911e+00  1.72500000e-08  3.29947785e+00  1.72500000e-08  0.00000000e+00  1.72500000e-08  0.00000000e+00 
 1.72700000e-08  3.30000000e+00  1.72700000e-08  3.30000000e+00  1.72700000e-08  3.29932165e+00  1.72700000e-08  3.29947982e+00  1.72700000e-08  0.00000000e+00  1.72700000e-08  0.00000000e+00 
 1.72900000e-08  3.30000000e+00  1.72900000e-08  3.30000000e+00  1.72900000e-08  3.29932418e+00  1.72900000e-08  3.29948178e+00  1.72900000e-08  0.00000000e+00  1.72900000e-08  0.00000000e+00 
 1.73100000e-08  3.30000000e+00  1.73100000e-08  3.30000000e+00  1.73100000e-08  3.29932668e+00  1.73100000e-08  3.29948372e+00  1.73100000e-08  0.00000000e+00  1.73100000e-08  0.00000000e+00 
 1.73300000e-08  3.30000000e+00  1.73300000e-08  3.30000000e+00  1.73300000e-08  3.29932918e+00  1.73300000e-08  3.29948566e+00  1.73300000e-08  0.00000000e+00  1.73300000e-08  0.00000000e+00 
 1.73500000e-08  3.30000000e+00  1.73500000e-08  3.30000000e+00  1.73500000e-08  3.29933165e+00  1.73500000e-08  3.29948757e+00  1.73500000e-08  0.00000000e+00  1.73500000e-08  0.00000000e+00 
 1.73700000e-08  3.30000000e+00  1.73700000e-08  3.30000000e+00  1.73700000e-08  3.29933412e+00  1.73700000e-08  3.29948948e+00  1.73700000e-08  0.00000000e+00  1.73700000e-08  0.00000000e+00 
 1.73900000e-08  3.30000000e+00  1.73900000e-08  3.30000000e+00  1.73900000e-08  3.29933655e+00  1.73900000e-08  3.29949137e+00  1.73900000e-08  0.00000000e+00  1.73900000e-08  0.00000000e+00 
 1.74100000e-08  3.30000000e+00  1.74100000e-08  3.30000000e+00  1.74100000e-08  3.29933898e+00  1.74100000e-08  3.29949324e+00  1.74100000e-08  0.00000000e+00  1.74100000e-08  0.00000000e+00 
 1.74300000e-08  3.30000000e+00  1.74300000e-08  3.30000000e+00  1.74300000e-08  3.29934138e+00  1.74300000e-08  3.29949511e+00  1.74300000e-08  0.00000000e+00  1.74300000e-08  0.00000000e+00 
 1.74500000e-08  3.30000000e+00  1.74500000e-08  3.30000000e+00  1.74500000e-08  3.29934378e+00  1.74500000e-08  3.29949696e+00  1.74500000e-08  0.00000000e+00  1.74500000e-08  0.00000000e+00 
 1.74700000e-08  3.30000000e+00  1.74700000e-08  3.30000000e+00  1.74700000e-08  3.29934614e+00  1.74700000e-08  3.29949880e+00  1.74700000e-08  0.00000000e+00  1.74700000e-08  0.00000000e+00 
 1.74900000e-08  3.30000000e+00  1.74900000e-08  3.30000000e+00  1.74900000e-08  3.29934851e+00  1.74900000e-08  3.29950062e+00  1.74900000e-08  0.00000000e+00  1.74900000e-08  0.00000000e+00 
 1.75100000e-08  3.30000000e+00  1.75100000e-08  3.30000000e+00  1.75100000e-08  3.29935084e+00  1.75100000e-08  3.29950244e+00  1.75100000e-08  0.00000000e+00  1.75100000e-08  0.00000000e+00 
 1.75300000e-08  3.30000000e+00  1.75300000e-08  3.30000000e+00  1.75300000e-08  3.29935318e+00  1.75300000e-08  3.29950424e+00  1.75300000e-08  0.00000000e+00  1.75300000e-08  0.00000000e+00 
 1.75500000e-08  3.30000000e+00  1.75500000e-08  3.30000000e+00  1.75500000e-08  3.29935548e+00  1.75500000e-08  3.29950603e+00  1.75500000e-08  0.00000000e+00  1.75500000e-08  0.00000000e+00 
 1.75700000e-08  3.30000000e+00  1.75700000e-08  3.30000000e+00  1.75700000e-08  3.29935778e+00  1.75700000e-08  3.29950780e+00  1.75700000e-08  0.00000000e+00  1.75700000e-08  0.00000000e+00 
 1.75900000e-08  3.30000000e+00  1.75900000e-08  3.30000000e+00  1.75900000e-08  3.29936006e+00  1.75900000e-08  3.29950957e+00  1.75900000e-08  0.00000000e+00  1.75900000e-08  0.00000000e+00 
 1.76100000e-08  3.30000000e+00  1.76100000e-08  3.30000000e+00  1.76100000e-08  3.29936233e+00  1.76100000e-08  3.29951132e+00  1.76100000e-08  0.00000000e+00  1.76100000e-08  0.00000000e+00 
 1.76300000e-08  3.30000000e+00  1.76300000e-08  3.30000000e+00  1.76300000e-08  3.29936457e+00  1.76300000e-08  3.29951306e+00  1.76300000e-08  0.00000000e+00  1.76300000e-08  0.00000000e+00 
 1.76500000e-08  3.30000000e+00  1.76500000e-08  3.30000000e+00  1.76500000e-08  3.29936681e+00  1.76500000e-08  3.29951479e+00  1.76500000e-08  0.00000000e+00  1.76500000e-08  0.00000000e+00 
 1.76700000e-08  3.30000000e+00  1.76700000e-08  3.30000000e+00  1.76700000e-08  3.29936902e+00  1.76700000e-08  3.29951651e+00  1.76700000e-08  0.00000000e+00  1.76700000e-08  0.00000000e+00 
 1.76900000e-08  3.30000000e+00  1.76900000e-08  3.30000000e+00  1.76900000e-08  3.29937124e+00  1.76900000e-08  3.29951821e+00  1.76900000e-08  0.00000000e+00  1.76900000e-08  0.00000000e+00 
 1.77100000e-08  3.30000000e+00  1.77100000e-08  3.30000000e+00  1.77100000e-08  3.29937342e+00  1.77100000e-08  3.29951991e+00  1.77100000e-08  0.00000000e+00  1.77100000e-08  0.00000000e+00 
 1.77300000e-08  3.30000000e+00  1.77300000e-08  3.30000000e+00  1.77300000e-08  3.29937560e+00  1.77300000e-08  3.29952159e+00  1.77300000e-08  0.00000000e+00  1.77300000e-08  0.00000000e+00 
 1.77500000e-08  3.30000000e+00  1.77500000e-08  3.30000000e+00  1.77500000e-08  3.29937775e+00  1.77500000e-08  3.29952326e+00  1.77500000e-08  0.00000000e+00  1.77500000e-08  0.00000000e+00 
 1.77700000e-08  3.30000000e+00  1.77700000e-08  3.30000000e+00  1.77700000e-08  3.29937991e+00  1.77700000e-08  3.29952493e+00  1.77700000e-08  0.00000000e+00  1.77700000e-08  0.00000000e+00 
 1.77900000e-08  3.30000000e+00  1.77900000e-08  3.30000000e+00  1.77900000e-08  3.29938204e+00  1.77900000e-08  3.29952658e+00  1.77900000e-08  0.00000000e+00  1.77900000e-08  0.00000000e+00 
 1.78100000e-08  3.30000000e+00  1.78100000e-08  3.30000000e+00  1.78100000e-08  3.29938416e+00  1.78100000e-08  3.29952822e+00  1.78100000e-08  0.00000000e+00  1.78100000e-08  0.00000000e+00 
 1.78300000e-08  3.30000000e+00  1.78300000e-08  3.30000000e+00  1.78300000e-08  3.29938626e+00  1.78300000e-08  3.29952984e+00  1.78300000e-08  0.00000000e+00  1.78300000e-08  0.00000000e+00 
 1.78500000e-08  3.30000000e+00  1.78500000e-08  3.30000000e+00  1.78500000e-08  3.29938836e+00  1.78500000e-08  3.29953146e+00  1.78500000e-08  0.00000000e+00  1.78500000e-08  0.00000000e+00 
 1.78700000e-08  3.30000000e+00  1.78700000e-08  3.30000000e+00  1.78700000e-08  3.29939043e+00  1.78700000e-08  3.29953307e+00  1.78700000e-08  0.00000000e+00  1.78700000e-08  0.00000000e+00 
 1.78900000e-08  3.30000000e+00  1.78900000e-08  3.30000000e+00  1.78900000e-08  3.29939251e+00  1.78900000e-08  3.29953467e+00  1.78900000e-08  0.00000000e+00  1.78900000e-08  0.00000000e+00 
 1.79100000e-08  3.30000000e+00  1.79100000e-08  3.30000000e+00  1.79100000e-08  3.29939455e+00  1.79100000e-08  3.29953626e+00  1.79100000e-08  0.00000000e+00  1.79100000e-08  0.00000000e+00 
 1.79300000e-08  3.30000000e+00  1.79300000e-08  3.30000000e+00  1.79300000e-08  3.29939660e+00  1.79300000e-08  3.29953783e+00  1.79300000e-08  0.00000000e+00  1.79300000e-08  0.00000000e+00 
 1.79500000e-08  3.30000000e+00  1.79500000e-08  3.30000000e+00  1.79500000e-08  3.29939861e+00  1.79500000e-08  3.29953940e+00  1.79500000e-08  0.00000000e+00  1.79500000e-08  0.00000000e+00 
 1.79700000e-08  3.30000000e+00  1.79700000e-08  3.30000000e+00  1.79700000e-08  3.29940064e+00  1.79700000e-08  3.29954096e+00  1.79700000e-08  0.00000000e+00  1.79700000e-08  0.00000000e+00 
 1.79900000e-08  3.30000000e+00  1.79900000e-08  3.30000000e+00  1.79900000e-08  3.29940263e+00  1.79900000e-08  3.29954250e+00  1.79900000e-08  0.00000000e+00  1.79900000e-08  0.00000000e+00 
 1.80100000e-08  3.30000000e+00  1.80100000e-08  3.30000000e+00  1.80100000e-08  3.29940462e+00  1.80100000e-08  3.29954404e+00  1.80100000e-08  0.00000000e+00  1.80100000e-08  0.00000000e+00 
 1.80300000e-08  3.30000000e+00  1.80300000e-08  3.30000000e+00  1.80300000e-08  3.29940659e+00  1.80300000e-08  3.29954557e+00  1.80300000e-08  0.00000000e+00  1.80300000e-08  0.00000000e+00 
 1.80500000e-08  3.30000000e+00  1.80500000e-08  3.30000000e+00  1.80500000e-08  3.29940856e+00  1.80500000e-08  3.29954709e+00  1.80500000e-08  0.00000000e+00  1.80500000e-08  0.00000000e+00 
 1.80700000e-08  3.30000000e+00  1.80700000e-08  3.30000000e+00  1.80700000e-08  3.29941051e+00  1.80700000e-08  3.29954859e+00  1.80700000e-08  0.00000000e+00  1.80700000e-08  0.00000000e+00 
 1.80900000e-08  3.30000000e+00  1.80900000e-08  3.30000000e+00  1.80900000e-08  3.29941245e+00  1.80900000e-08  3.29955009e+00  1.80900000e-08  0.00000000e+00  1.80900000e-08  0.00000000e+00 
 1.81100000e-08  3.30000000e+00  1.81100000e-08  3.30000000e+00  1.81100000e-08  3.29941437e+00  1.81100000e-08  3.29955158e+00  1.81100000e-08  0.00000000e+00  1.81100000e-08  0.00000000e+00 
 1.81300000e-08  3.30000000e+00  1.81300000e-08  3.30000000e+00  1.81300000e-08  3.29941629e+00  1.81300000e-08  3.29955306e+00  1.81300000e-08  0.00000000e+00  1.81300000e-08  0.00000000e+00 
 1.81500000e-08  3.30000000e+00  1.81500000e-08  3.30000000e+00  1.81500000e-08  3.29941819e+00  1.81500000e-08  3.29955453e+00  1.81500000e-08  0.00000000e+00  1.81500000e-08  0.00000000e+00 
 1.81700000e-08  3.30000000e+00  1.81700000e-08  3.30000000e+00  1.81700000e-08  3.29942009e+00  1.81700000e-08  3.29955599e+00  1.81700000e-08  0.00000000e+00  1.81700000e-08  0.00000000e+00 
 1.81900000e-08  3.30000000e+00  1.81900000e-08  3.30000000e+00  1.81900000e-08  3.29942196e+00  1.81900000e-08  3.29955745e+00  1.81900000e-08  0.00000000e+00  1.81900000e-08  0.00000000e+00 
 1.82100000e-08  3.30000000e+00  1.82100000e-08  3.30000000e+00  1.82100000e-08  3.29942383e+00  1.82100000e-08  3.29955889e+00  1.82100000e-08  0.00000000e+00  1.82100000e-08  0.00000000e+00 
 1.82300000e-08  3.30000000e+00  1.82300000e-08  3.30000000e+00  1.82300000e-08  3.29942568e+00  1.82300000e-08  3.29956032e+00  1.82300000e-08  0.00000000e+00  1.82300000e-08  0.00000000e+00 
 1.82500000e-08  3.30000000e+00  1.82500000e-08  3.30000000e+00  1.82500000e-08  3.29942754e+00  1.82500000e-08  3.29956175e+00  1.82500000e-08  0.00000000e+00  1.82500000e-08  0.00000000e+00 
 1.82700000e-08  3.30000000e+00  1.82700000e-08  3.30000000e+00  1.82700000e-08  3.29942936e+00  1.82700000e-08  3.29956317e+00  1.82700000e-08  0.00000000e+00  1.82700000e-08  0.00000000e+00 
 1.82900000e-08  3.30000000e+00  1.82900000e-08  3.30000000e+00  1.82900000e-08  3.29943119e+00  1.82900000e-08  3.29956458e+00  1.82900000e-08  0.00000000e+00  1.82900000e-08  0.00000000e+00 
 1.83100000e-08  3.30000000e+00  1.83100000e-08  3.30000000e+00  1.83100000e-08  3.29943300e+00  1.83100000e-08  3.29956598e+00  1.83100000e-08  0.00000000e+00  1.83100000e-08  0.00000000e+00 
 1.83300000e-08  3.30000000e+00  1.83300000e-08  3.30000000e+00  1.83300000e-08  3.29943481e+00  1.83300000e-08  3.29956737e+00  1.83300000e-08  0.00000000e+00  1.83300000e-08  0.00000000e+00 
 1.83500000e-08  3.30000000e+00  1.83500000e-08  3.30000000e+00  1.83500000e-08  3.29943659e+00  1.83500000e-08  3.29956875e+00  1.83500000e-08  0.00000000e+00  1.83500000e-08  0.00000000e+00 
 1.83700000e-08  3.30000000e+00  1.83700000e-08  3.30000000e+00  1.83700000e-08  3.29943838e+00  1.83700000e-08  3.29957013e+00  1.83700000e-08  0.00000000e+00  1.83700000e-08  0.00000000e+00 
 1.83900000e-08  3.30000000e+00  1.83900000e-08  3.30000000e+00  1.83900000e-08  3.29944014e+00  1.83900000e-08  3.29957149e+00  1.83900000e-08  0.00000000e+00  1.83900000e-08  0.00000000e+00 
 1.84100000e-08  3.30000000e+00  1.84100000e-08  3.30000000e+00  1.84100000e-08  3.29944190e+00  1.84100000e-08  3.29957285e+00  1.84100000e-08  0.00000000e+00  1.84100000e-08  0.00000000e+00 
 1.84300000e-08  3.30000000e+00  1.84300000e-08  3.30000000e+00  1.84300000e-08  3.29944364e+00  1.84300000e-08  3.29957420e+00  1.84300000e-08  0.00000000e+00  1.84300000e-08  0.00000000e+00 
 1.84500000e-08  3.30000000e+00  1.84500000e-08  3.30000000e+00  1.84500000e-08  3.29944539e+00  1.84500000e-08  3.29957554e+00  1.84500000e-08  0.00000000e+00  1.84500000e-08  0.00000000e+00 
 1.84700000e-08  3.30000000e+00  1.84700000e-08  3.30000000e+00  1.84700000e-08  3.29944711e+00  1.84700000e-08  3.29957688e+00  1.84700000e-08  0.00000000e+00  1.84700000e-08  0.00000000e+00 
 1.84900000e-08  3.30000000e+00  1.84900000e-08  3.30000000e+00  1.84900000e-08  3.29944883e+00  1.84900000e-08  3.29957820e+00  1.84900000e-08  0.00000000e+00  1.84900000e-08  0.00000000e+00 
 1.85100000e-08  3.30000000e+00  1.85100000e-08  3.30000000e+00  1.85100000e-08  3.29945053e+00  1.85100000e-08  3.29957952e+00  1.85100000e-08  0.00000000e+00  1.85100000e-08  0.00000000e+00 
 1.85300000e-08  3.30000000e+00  1.85300000e-08  3.30000000e+00  1.85300000e-08  3.29945224e+00  1.85300000e-08  3.29958083e+00  1.85300000e-08  0.00000000e+00  1.85300000e-08  0.00000000e+00 
 1.85500000e-08  3.30000000e+00  1.85500000e-08  3.30000000e+00  1.85500000e-08  3.29945391e+00  1.85500000e-08  3.29958213e+00  1.85500000e-08  0.00000000e+00  1.85500000e-08  0.00000000e+00 
 1.85700000e-08  3.30000000e+00  1.85700000e-08  3.30000000e+00  1.85700000e-08  3.29945560e+00  1.85700000e-08  3.29958343e+00  1.85700000e-08  0.00000000e+00  1.85700000e-08  0.00000000e+00 
 1.85900000e-08  3.30000000e+00  1.85900000e-08  3.30000000e+00  1.85900000e-08  3.29945726e+00  1.85900000e-08  3.29958472e+00  1.85900000e-08  0.00000000e+00  1.85900000e-08  0.00000000e+00 
 1.86100000e-08  3.30000000e+00  1.86100000e-08  3.30000000e+00  1.86100000e-08  3.29945892e+00  1.86100000e-08  3.29958600e+00  1.86100000e-08  0.00000000e+00  1.86100000e-08  0.00000000e+00 
 1.86300000e-08  3.30000000e+00  1.86300000e-08  3.30000000e+00  1.86300000e-08  3.29946056e+00  1.86300000e-08  3.29958727e+00  1.86300000e-08  0.00000000e+00  1.86300000e-08  0.00000000e+00 
 1.86500000e-08  3.30000000e+00  1.86500000e-08  3.30000000e+00  1.86500000e-08  3.29946221e+00  1.86500000e-08  3.29958853e+00  1.86500000e-08  0.00000000e+00  1.86500000e-08  0.00000000e+00 
 1.86700000e-08  3.30000000e+00  1.86700000e-08  3.30000000e+00  1.86700000e-08  3.29946383e+00  1.86700000e-08  3.29958979e+00  1.86700000e-08  0.00000000e+00  1.86700000e-08  0.00000000e+00 
 1.86900000e-08  3.30000000e+00  1.86900000e-08  3.30000000e+00  1.86900000e-08  3.29946546e+00  1.86900000e-08  3.29959104e+00  1.86900000e-08  0.00000000e+00  1.86900000e-08  0.00000000e+00 
 1.87100000e-08  3.30000000e+00  1.87100000e-08  3.30000000e+00  1.87100000e-08  3.29946706e+00  1.87100000e-08  3.29959228e+00  1.87100000e-08  0.00000000e+00  1.87100000e-08  0.00000000e+00 
 1.87300000e-08  3.30000000e+00  1.87300000e-08  3.30000000e+00  1.87300000e-08  3.29946867e+00  1.87300000e-08  3.29959352e+00  1.87300000e-08  0.00000000e+00  1.87300000e-08  0.00000000e+00 
 1.87500000e-08  3.30000000e+00  1.87500000e-08  3.30000000e+00  1.87500000e-08  3.29947026e+00  1.87500000e-08  3.29959475e+00  1.87500000e-08  0.00000000e+00  1.87500000e-08  0.00000000e+00 
 1.87700000e-08  3.30000000e+00  1.87700000e-08  3.30000000e+00  1.87700000e-08  3.29947185e+00  1.87700000e-08  3.29959597e+00  1.87700000e-08  0.00000000e+00  1.87700000e-08  0.00000000e+00 
 1.87900000e-08  3.30000000e+00  1.87900000e-08  3.30000000e+00  1.87900000e-08  3.29947341e+00  1.87900000e-08  3.29959719e+00  1.87900000e-08  0.00000000e+00  1.87900000e-08  0.00000000e+00 
 1.88100000e-08  3.30000000e+00  1.88100000e-08  3.30000000e+00  1.88100000e-08  3.29947499e+00  1.88100000e-08  3.29959840e+00  1.88100000e-08  0.00000000e+00  1.88100000e-08  0.00000000e+00 
 1.88300000e-08  3.30000000e+00  1.88300000e-08  3.30000000e+00  1.88300000e-08  3.29947654e+00  1.88300000e-08  3.29959960e+00  1.88300000e-08  0.00000000e+00  1.88300000e-08  0.00000000e+00 
 1.88500000e-08  3.30000000e+00  1.88500000e-08  3.30000000e+00  1.88500000e-08  3.29947809e+00  1.88500000e-08  3.29960079e+00  1.88500000e-08  0.00000000e+00  1.88500000e-08  0.00000000e+00 
 1.88700000e-08  3.30000000e+00  1.88700000e-08  3.30000000e+00  1.88700000e-08  3.29947962e+00  1.88700000e-08  3.29960198e+00  1.88700000e-08  0.00000000e+00  1.88700000e-08  0.00000000e+00 
 1.88900000e-08  3.30000000e+00  1.88900000e-08  3.30000000e+00  1.88900000e-08  3.29948116e+00  1.88900000e-08  3.29960316e+00  1.88900000e-08  0.00000000e+00  1.88900000e-08  0.00000000e+00 
 1.89100000e-08  3.30000000e+00  1.89100000e-08  3.30000000e+00  1.89100000e-08  3.29948268e+00  1.89100000e-08  3.29960433e+00  1.89100000e-08  0.00000000e+00  1.89100000e-08  0.00000000e+00 
 1.89300000e-08  3.30000000e+00  1.89300000e-08  3.30000000e+00  1.89300000e-08  3.29948420e+00  1.89300000e-08  3.29960550e+00  1.89300000e-08  0.00000000e+00  1.89300000e-08  0.00000000e+00 
 1.89500000e-08  3.30000000e+00  1.89500000e-08  3.30000000e+00  1.89500000e-08  3.29948569e+00  1.89500000e-08  3.29960666e+00  1.89500000e-08  0.00000000e+00  1.89500000e-08  0.00000000e+00 
 1.89700000e-08  3.30000000e+00  1.89700000e-08  3.30000000e+00  1.89700000e-08  3.29948720e+00  1.89700000e-08  3.29960782e+00  1.89700000e-08  0.00000000e+00  1.89700000e-08  0.00000000e+00 
 1.89900000e-08  3.30000000e+00  1.89900000e-08  3.30000000e+00  1.89900000e-08  3.29948868e+00  1.89900000e-08  3.29960897e+00  1.89900000e-08  0.00000000e+00  1.89900000e-08  0.00000000e+00 
 1.90100000e-08  3.30000000e+00  1.90100000e-08  3.30000000e+00  1.90100000e-08  3.29949017e+00  1.90100000e-08  3.29961011e+00  1.90100000e-08  0.00000000e+00  1.90100000e-08  0.00000000e+00 
 1.90300000e-08  3.30000000e+00  1.90300000e-08  3.30000000e+00  1.90300000e-08  3.29949163e+00  1.90300000e-08  3.29961124e+00  1.90300000e-08  0.00000000e+00  1.90300000e-08  0.00000000e+00 
 1.90500000e-08  3.30000000e+00  1.90500000e-08  3.30000000e+00  1.90500000e-08  3.29949310e+00  1.90500000e-08  3.29961237e+00  1.90500000e-08  0.00000000e+00  1.90500000e-08  0.00000000e+00 
 1.90700000e-08  3.30000000e+00  1.90700000e-08  3.30000000e+00  1.90700000e-08  3.29949455e+00  1.90700000e-08  3.29961350e+00  1.90700000e-08  0.00000000e+00  1.90700000e-08  0.00000000e+00 
 1.90900000e-08  3.30000000e+00  1.90900000e-08  3.30000000e+00  1.90900000e-08  3.29949601e+00  1.90900000e-08  3.29961461e+00  1.90900000e-08  0.00000000e+00  1.90900000e-08  0.00000000e+00 
 1.91100000e-08  3.30000000e+00  1.91100000e-08  3.30000000e+00  1.91100000e-08  3.29949744e+00  1.91100000e-08  3.29961572e+00  1.91100000e-08  0.00000000e+00  1.91100000e-08  0.00000000e+00 
 1.91300000e-08  3.30000000e+00  1.91300000e-08  3.30000000e+00  1.91300000e-08  3.29949888e+00  1.91300000e-08  3.29961683e+00  1.91300000e-08  0.00000000e+00  1.91300000e-08  0.00000000e+00 
 1.91500000e-08  3.30000000e+00  1.91500000e-08  3.30000000e+00  1.91500000e-08  3.29950030e+00  1.91500000e-08  3.29961793e+00  1.91500000e-08  0.00000000e+00  1.91500000e-08  0.00000000e+00 
 1.91700000e-08  3.30000000e+00  1.91700000e-08  3.30000000e+00  1.91700000e-08  3.29950172e+00  1.91700000e-08  3.29961902e+00  1.91700000e-08  0.00000000e+00  1.91700000e-08  0.00000000e+00 
 1.91900000e-08  3.30000000e+00  1.91900000e-08  3.30000000e+00  1.91900000e-08  3.29950312e+00  1.91900000e-08  3.29962011e+00  1.91900000e-08  0.00000000e+00  1.91900000e-08  0.00000000e+00 
 1.92100000e-08  3.30000000e+00  1.92100000e-08  3.30000000e+00  1.92100000e-08  3.29950453e+00  1.92100000e-08  3.29962119e+00  1.92100000e-08  0.00000000e+00  1.92100000e-08  0.00000000e+00 
 1.92300000e-08  3.30000000e+00  1.92300000e-08  3.30000000e+00  1.92300000e-08  3.29950592e+00  1.92300000e-08  3.29962226e+00  1.92300000e-08  0.00000000e+00  1.92300000e-08  0.00000000e+00 
 1.92500000e-08  3.30000000e+00  1.92500000e-08  3.30000000e+00  1.92500000e-08  3.29950732e+00  1.92500000e-08  3.29962333e+00  1.92500000e-08  0.00000000e+00  1.92500000e-08  0.00000000e+00 
 1.92700000e-08  3.30000000e+00  1.92700000e-08  3.30000000e+00  1.92700000e-08  3.29950869e+00  1.92700000e-08  3.29962440e+00  1.92700000e-08  0.00000000e+00  1.92700000e-08  0.00000000e+00 
 1.92900000e-08  3.30000000e+00  1.92900000e-08  3.30000000e+00  1.92900000e-08  3.29951007e+00  1.92900000e-08  3.29962546e+00  1.92900000e-08  0.00000000e+00  1.92900000e-08  0.00000000e+00 
 1.93100000e-08  3.30000000e+00  1.93100000e-08  3.30000000e+00  1.93100000e-08  3.29951142e+00  1.93100000e-08  3.29962651e+00  1.93100000e-08  0.00000000e+00  1.93100000e-08  0.00000000e+00 
 1.93300000e-08  3.30000000e+00  1.93300000e-08  3.30000000e+00  1.93300000e-08  3.29951279e+00  1.93300000e-08  3.29962755e+00  1.93300000e-08  0.00000000e+00  1.93300000e-08  0.00000000e+00 
 1.93500000e-08  3.30000000e+00  1.93500000e-08  3.30000000e+00  1.93500000e-08  3.29951413e+00  1.93500000e-08  3.29962859e+00  1.93500000e-08  0.00000000e+00  1.93500000e-08  0.00000000e+00 
 1.93700000e-08  3.30000000e+00  1.93700000e-08  3.30000000e+00  1.93700000e-08  3.29951548e+00  1.93700000e-08  3.29962963e+00  1.93700000e-08  0.00000000e+00  1.93700000e-08  0.00000000e+00 
 1.93900000e-08  3.30000000e+00  1.93900000e-08  3.30000000e+00  1.93900000e-08  3.29951681e+00  1.93900000e-08  3.29963066e+00  1.93900000e-08  0.00000000e+00  1.93900000e-08  0.00000000e+00 
 1.94100000e-08  3.30000000e+00  1.94100000e-08  3.30000000e+00  1.94100000e-08  3.29951815e+00  1.94100000e-08  3.29963169e+00  1.94100000e-08  0.00000000e+00  1.94100000e-08  0.00000000e+00 
 1.94300000e-08  3.30000000e+00  1.94300000e-08  3.30000000e+00  1.94300000e-08  3.29951946e+00  1.94300000e-08  3.29963270e+00  1.94300000e-08  0.00000000e+00  1.94300000e-08  0.00000000e+00 
 1.94500000e-08  3.30000000e+00  1.94500000e-08  3.30000000e+00  1.94500000e-08  3.29952079e+00  1.94500000e-08  3.29963372e+00  1.94500000e-08  0.00000000e+00  1.94500000e-08  0.00000000e+00 
 1.94700000e-08  3.30000000e+00  1.94700000e-08  3.30000000e+00  1.94700000e-08  3.29952209e+00  1.94700000e-08  3.29963473e+00  1.94700000e-08  0.00000000e+00  1.94700000e-08  0.00000000e+00 
 1.94900000e-08  3.30000000e+00  1.94900000e-08  3.30000000e+00  1.94900000e-08  3.29952340e+00  1.94900000e-08  3.29963573e+00  1.94900000e-08  0.00000000e+00  1.94900000e-08  0.00000000e+00 
 1.95100000e-08  3.30000000e+00  1.95100000e-08  3.30000000e+00  1.95100000e-08  3.29952469e+00  1.95100000e-08  3.29963673e+00  1.95100000e-08  0.00000000e+00  1.95100000e-08  0.00000000e+00 
 1.95300000e-08  3.30000000e+00  1.95300000e-08  3.30000000e+00  1.95300000e-08  3.29952598e+00  1.95300000e-08  3.29963772e+00  1.95300000e-08  0.00000000e+00  1.95300000e-08  0.00000000e+00 
 1.95500000e-08  3.30000000e+00  1.95500000e-08  3.30000000e+00  1.95500000e-08  3.29952726e+00  1.95500000e-08  3.29963871e+00  1.95500000e-08  0.00000000e+00  1.95500000e-08  0.00000000e+00 
 1.95700000e-08  3.30000000e+00  1.95700000e-08  3.30000000e+00  1.95700000e-08  3.29952854e+00  1.95700000e-08  3.29963969e+00  1.95700000e-08  0.00000000e+00  1.95700000e-08  0.00000000e+00 
 1.95900000e-08  3.30000000e+00  1.95900000e-08  3.30000000e+00  1.95900000e-08  3.29952980e+00  1.95900000e-08  3.29964067e+00  1.95900000e-08  0.00000000e+00  1.95900000e-08  0.00000000e+00 
 1.96100000e-08  3.30000000e+00  1.96100000e-08  3.30000000e+00  1.96100000e-08  3.29953107e+00  1.96100000e-08  3.29964164e+00  1.96100000e-08  0.00000000e+00  1.96100000e-08  0.00000000e+00 
 1.96300000e-08  3.30000000e+00  1.96300000e-08  3.30000000e+00  1.96300000e-08  3.29953232e+00  1.96300000e-08  3.29964261e+00  1.96300000e-08  0.00000000e+00  1.96300000e-08  0.00000000e+00 
 1.96500000e-08  3.30000000e+00  1.96500000e-08  3.30000000e+00  1.96500000e-08  3.29953358e+00  1.96500000e-08  3.29964357e+00  1.96500000e-08  0.00000000e+00  1.96500000e-08  0.00000000e+00 
 1.96700000e-08  3.30000000e+00  1.96700000e-08  3.30000000e+00  1.96700000e-08  3.29953481e+00  1.96700000e-08  3.29964453e+00  1.96700000e-08  0.00000000e+00  1.96700000e-08  0.00000000e+00 
 1.96900000e-08  3.30000000e+00  1.96900000e-08  3.30000000e+00  1.96900000e-08  3.29953606e+00  1.96900000e-08  3.29964548e+00  1.96900000e-08  0.00000000e+00  1.96900000e-08  0.00000000e+00 
 1.97100000e-08  3.30000000e+00  1.97100000e-08  3.30000000e+00  1.97100000e-08  3.29953728e+00  1.97100000e-08  3.29964643e+00  1.97100000e-08  0.00000000e+00  1.97100000e-08  0.00000000e+00 
 1.97300000e-08  3.30000000e+00  1.97300000e-08  3.30000000e+00  1.97300000e-08  3.29953851e+00  1.97300000e-08  3.29964737e+00  1.97300000e-08  0.00000000e+00  1.97300000e-08  0.00000000e+00 
 1.97500000e-08  3.30000000e+00  1.97500000e-08  3.30000000e+00  1.97500000e-08  3.29953972e+00  1.97500000e-08  3.29964831e+00  1.97500000e-08  0.00000000e+00  1.97500000e-08  0.00000000e+00 
 1.97700000e-08  3.30000000e+00  1.97700000e-08  3.30000000e+00  1.97700000e-08  3.29954094e+00  1.97700000e-08  3.29964925e+00  1.97700000e-08  0.00000000e+00  1.97700000e-08  0.00000000e+00 
 1.97900000e-08  3.30000000e+00  1.97900000e-08  3.30000000e+00  1.97900000e-08  3.29954214e+00  1.97900000e-08  3.29965017e+00  1.97900000e-08  0.00000000e+00  1.97900000e-08  0.00000000e+00 
 1.98100000e-08  3.30000000e+00  1.98100000e-08  3.30000000e+00  1.98100000e-08  3.29954335e+00  1.98100000e-08  3.29965110e+00  1.98100000e-08  0.00000000e+00  1.98100000e-08  0.00000000e+00 
 1.98300000e-08  3.30000000e+00  1.98300000e-08  3.30000000e+00  1.98300000e-08  3.29954453e+00  1.98300000e-08  3.29965202e+00  1.98300000e-08  0.00000000e+00  1.98300000e-08  0.00000000e+00 
 1.98500000e-08  3.30000000e+00  1.98500000e-08  3.30000000e+00  1.98500000e-08  3.29954573e+00  1.98500000e-08  3.29965293e+00  1.98500000e-08  0.00000000e+00  1.98500000e-08  0.00000000e+00 
 1.98700000e-08  3.30000000e+00  1.98700000e-08  3.30000000e+00  1.98700000e-08  3.29954690e+00  1.98700000e-08  3.29965384e+00  1.98700000e-08  0.00000000e+00  1.98700000e-08  0.00000000e+00 
 1.98900000e-08  3.30000000e+00  1.98900000e-08  3.30000000e+00  1.98900000e-08  3.29954809e+00  1.98900000e-08  3.29965475e+00  1.98900000e-08  0.00000000e+00  1.98900000e-08  0.00000000e+00 
 1.99100000e-08  3.30000000e+00  1.99100000e-08  3.30000000e+00  1.99100000e-08  3.29954925e+00  1.99100000e-08  3.29965565e+00  1.99100000e-08  0.00000000e+00  1.99100000e-08  0.00000000e+00 
 1.99300000e-08  3.30000000e+00  1.99300000e-08  3.30000000e+00  1.99300000e-08  3.29955042e+00  1.99300000e-08  3.29965655e+00  1.99300000e-08  0.00000000e+00  1.99300000e-08  0.00000000e+00 
 1.99500000e-08  3.30000000e+00  1.99500000e-08  3.30000000e+00  1.99500000e-08  3.29955158e+00  1.99500000e-08  3.29965744e+00  1.99500000e-08  0.00000000e+00  1.99500000e-08  0.00000000e+00 
 1.99700000e-08  3.30000000e+00  1.99700000e-08  3.30000000e+00  1.99700000e-08  3.29955274e+00  1.99700000e-08  3.29965833e+00  1.99700000e-08  0.00000000e+00  1.99700000e-08  0.00000000e+00 
 1.99900000e-08  3.30000000e+00  1.99900000e-08  3.30000000e+00  1.99900000e-08  3.29955388e+00  1.99900000e-08  3.29965921e+00  1.99900000e-08  0.00000000e+00  1.99900000e-08  0.00000000e+00 
 2.00100000e-08  3.30000000e+00  2.00100000e-08  3.30000000e+00  2.00100000e-08  3.29955503e+00  2.00100000e-08  3.29966009e+00  2.00100000e-08  0.00000000e+00  2.00100000e-08  0.00000000e+00 
 2.00300000e-08  3.30000000e+00  2.00300000e-08  3.30000000e+00  2.00300000e-08  3.29955616e+00  2.00300000e-08  3.29966097e+00  2.00300000e-08  0.00000000e+00  2.00300000e-08  0.00000000e+00 
 2.00500000e-08  3.30000000e+00  2.00500000e-08  3.30000000e+00  2.00500000e-08  3.29955729e+00  2.00500000e-08  3.29966184e+00  2.00500000e-08  0.00000000e+00  2.00500000e-08  0.00000000e+00 
 2.00700000e-08  3.30000000e+00  2.00700000e-08  3.30000000e+00  2.00700000e-08  3.29955841e+00  2.00700000e-08  3.29966270e+00  2.00700000e-08  0.00000000e+00  2.00700000e-08  0.00000000e+00 
 2.00900000e-08  3.30000000e+00  2.00900000e-08  3.30000000e+00  2.00900000e-08  3.29955954e+00  2.00900000e-08  3.29966357e+00  2.00900000e-08  0.00000000e+00  2.00900000e-08  0.00000000e+00 
 2.01100000e-08  3.30000000e+00  2.01100000e-08  3.30000000e+00  2.01100000e-08  3.29956065e+00  2.01100000e-08  3.29966442e+00  2.01100000e-08  0.00000000e+00  2.01100000e-08  0.00000000e+00 
 2.01300000e-08  3.30000000e+00  2.01300000e-08  3.30000000e+00  2.01300000e-08  3.29956176e+00  2.01300000e-08  3.29966528e+00  2.01300000e-08  0.00000000e+00  2.01300000e-08  0.00000000e+00 
 2.01500000e-08  3.30000000e+00  2.01500000e-08  3.30000000e+00  2.01500000e-08  3.29956286e+00  2.01500000e-08  3.29966613e+00  2.01500000e-08  0.00000000e+00  2.01500000e-08  0.00000000e+00 
 2.01700000e-08  3.30000000e+00  2.01700000e-08  3.30000000e+00  2.01700000e-08  3.29956397e+00  2.01700000e-08  3.29966697e+00  2.01700000e-08  0.00000000e+00  2.01700000e-08  0.00000000e+00 
 2.01900000e-08  3.30000000e+00  2.01900000e-08  3.30000000e+00  2.01900000e-08  3.29956505e+00  2.01900000e-08  3.29966781e+00  2.01900000e-08  0.00000000e+00  2.01900000e-08  0.00000000e+00 
 2.02100000e-08  3.30000000e+00  2.02100000e-08  3.30000000e+00  2.02100000e-08  3.29956615e+00  2.02100000e-08  3.29966865e+00  2.02100000e-08  0.00000000e+00  2.02100000e-08  0.00000000e+00 
 2.02300000e-08  3.30000000e+00  2.02300000e-08  3.30000000e+00  2.02300000e-08  3.29956722e+00  2.02300000e-08  3.29966949e+00  2.02300000e-08  0.00000000e+00  2.02300000e-08  0.00000000e+00 
 2.02500000e-08  3.30000000e+00  2.02500000e-08  3.30000000e+00  2.02500000e-08  3.29956831e+00  2.02500000e-08  3.29967032e+00  2.02500000e-08  0.00000000e+00  2.02500000e-08  0.00000000e+00 
 2.02700000e-08  3.30000000e+00  2.02700000e-08  3.30000000e+00  2.02700000e-08  3.29956937e+00  2.02700000e-08  3.29967114e+00  2.02700000e-08  0.00000000e+00  2.02700000e-08  0.00000000e+00 
 2.02900000e-08  3.30000000e+00  2.02900000e-08  3.30000000e+00  2.02900000e-08  3.29957045e+00  2.02900000e-08  3.29967196e+00  2.02900000e-08  0.00000000e+00  2.02900000e-08  0.00000000e+00 
 2.03100000e-08  3.30000000e+00  2.03100000e-08  3.30000000e+00  2.03100000e-08  3.29957151e+00  2.03100000e-08  3.29967278e+00  2.03100000e-08  0.00000000e+00  2.03100000e-08  0.00000000e+00 
 2.03300000e-08  3.30000000e+00  2.03300000e-08  3.30000000e+00  2.03300000e-08  3.29957257e+00  2.03300000e-08  3.29967359e+00  2.03300000e-08  0.00000000e+00  2.03300000e-08  0.00000000e+00 
 2.03500000e-08  3.30000000e+00  2.03500000e-08  3.30000000e+00  2.03500000e-08  3.29957362e+00  2.03500000e-08  3.29967440e+00  2.03500000e-08  0.00000000e+00  2.03500000e-08  0.00000000e+00 
 2.03700000e-08  3.30000000e+00  2.03700000e-08  3.30000000e+00  2.03700000e-08  3.29957467e+00  2.03700000e-08  3.29967521e+00  2.03700000e-08  0.00000000e+00  2.03700000e-08  0.00000000e+00 
 2.03900000e-08  3.30000000e+00  2.03900000e-08  3.30000000e+00  2.03900000e-08  3.29957571e+00  2.03900000e-08  3.29967601e+00  2.03900000e-08  0.00000000e+00  2.03900000e-08  0.00000000e+00 
 2.04100000e-08  3.30000000e+00  2.04100000e-08  3.30000000e+00  2.04100000e-08  3.29957675e+00  2.04100000e-08  3.29967681e+00  2.04100000e-08  0.00000000e+00  2.04100000e-08  0.00000000e+00 
 2.04300000e-08  3.30000000e+00  2.04300000e-08  3.30000000e+00  2.04300000e-08  3.29957778e+00  2.04300000e-08  3.29967761e+00  2.04300000e-08  0.00000000e+00  2.04300000e-08  0.00000000e+00 
 2.04500000e-08  3.30000000e+00  2.04500000e-08  3.30000000e+00  2.04500000e-08  3.29957881e+00  2.04500000e-08  3.29967840e+00  2.04500000e-08  0.00000000e+00  2.04500000e-08  0.00000000e+00 
 2.04700000e-08  3.30000000e+00  2.04700000e-08  3.30000000e+00  2.04700000e-08  3.29957983e+00  2.04700000e-08  3.29967918e+00  2.04700000e-08  0.00000000e+00  2.04700000e-08  0.00000000e+00 
 2.04900000e-08  3.30000000e+00  2.04900000e-08  3.30000000e+00  2.04900000e-08  3.29958086e+00  2.04900000e-08  3.29967997e+00  2.04900000e-08  0.00000000e+00  2.04900000e-08  0.00000000e+00 
 2.05100000e-08  3.30000000e+00  2.05100000e-08  3.30000000e+00  2.05100000e-08  3.29958186e+00  2.05100000e-08  3.29968075e+00  2.05100000e-08  0.00000000e+00  2.05100000e-08  0.00000000e+00 
 2.05300000e-08  3.30000000e+00  2.05300000e-08  3.30000000e+00  2.05300000e-08  3.29958288e+00  2.05300000e-08  3.29968153e+00  2.05300000e-08  0.00000000e+00  2.05300000e-08  0.00000000e+00 
 2.05500000e-08  3.30000000e+00  2.05500000e-08  3.30000000e+00  2.05500000e-08  3.29958388e+00  2.05500000e-08  3.29968230e+00  2.05500000e-08  0.00000000e+00  2.05500000e-08  0.00000000e+00 
 2.05700000e-08  3.30000000e+00  2.05700000e-08  3.30000000e+00  2.05700000e-08  3.29958489e+00  2.05700000e-08  3.29968307e+00  2.05700000e-08  0.00000000e+00  2.05700000e-08  0.00000000e+00 
 2.05900000e-08  3.30000000e+00  2.05900000e-08  3.30000000e+00  2.05900000e-08  3.29958587e+00  2.05900000e-08  3.29968383e+00  2.05900000e-08  0.00000000e+00  2.05900000e-08  0.00000000e+00 
 2.06100000e-08  3.30000000e+00  2.06100000e-08  3.30000000e+00  2.06100000e-08  3.29958687e+00  2.06100000e-08  3.29968460e+00  2.06100000e-08  0.00000000e+00  2.06100000e-08  0.00000000e+00 
 2.06300000e-08  3.30000000e+00  2.06300000e-08  3.30000000e+00  2.06300000e-08  3.29958785e+00  2.06300000e-08  3.29968535e+00  2.06300000e-08  0.00000000e+00  2.06300000e-08  0.00000000e+00 
 2.06500000e-08  3.30000000e+00  2.06500000e-08  3.30000000e+00  2.06500000e-08  3.29958884e+00  2.06500000e-08  3.29968611e+00  2.06500000e-08  0.00000000e+00  2.06500000e-08  0.00000000e+00 
 2.06700000e-08  3.30000000e+00  2.06700000e-08  3.30000000e+00  2.06700000e-08  3.29958981e+00  2.06700000e-08  3.29968686e+00  2.06700000e-08  0.00000000e+00  2.06700000e-08  0.00000000e+00 
 2.06900000e-08  3.30000000e+00  2.06900000e-08  3.30000000e+00  2.06900000e-08  3.29959079e+00  2.06900000e-08  3.29968761e+00  2.06900000e-08  0.00000000e+00  2.06900000e-08  0.00000000e+00 
 2.07100000e-08  3.30000000e+00  2.07100000e-08  3.30000000e+00  2.07100000e-08  3.29959175e+00  2.07100000e-08  3.29968835e+00  2.07100000e-08  0.00000000e+00  2.07100000e-08  0.00000000e+00 
 2.07300000e-08  3.30000000e+00  2.07300000e-08  3.30000000e+00  2.07300000e-08  3.29959273e+00  2.07300000e-08  3.29968910e+00  2.07300000e-08  0.00000000e+00  2.07300000e-08  0.00000000e+00 
 2.07500000e-08  3.30000000e+00  2.07500000e-08  3.30000000e+00  2.07500000e-08  3.29959368e+00  2.07500000e-08  3.29968983e+00  2.07500000e-08  0.00000000e+00  2.07500000e-08  0.00000000e+00 
 2.07700000e-08  3.30000000e+00  2.07700000e-08  3.30000000e+00  2.07700000e-08  3.29959464e+00  2.07700000e-08  3.29969057e+00  2.07700000e-08  0.00000000e+00  2.07700000e-08  0.00000000e+00 
 2.07900000e-08  3.30000000e+00  2.07900000e-08  3.30000000e+00  2.07900000e-08  3.29959558e+00  2.07900000e-08  3.29969130e+00  2.07900000e-08  0.00000000e+00  2.07900000e-08  0.00000000e+00 
 2.08100000e-08  3.30000000e+00  2.08100000e-08  3.30000000e+00  2.08100000e-08  3.29959654e+00  2.08100000e-08  3.29969203e+00  2.08100000e-08  0.00000000e+00  2.08100000e-08  0.00000000e+00 
 2.08300000e-08  3.30000000e+00  2.08300000e-08  3.30000000e+00  2.08300000e-08  3.29959747e+00  2.08300000e-08  3.29969275e+00  2.08300000e-08  0.00000000e+00  2.08300000e-08  0.00000000e+00 
 2.08500000e-08  3.30000000e+00  2.08500000e-08  3.30000000e+00  2.08500000e-08  3.29959842e+00  2.08500000e-08  3.29969348e+00  2.08500000e-08  0.00000000e+00  2.08500000e-08  0.00000000e+00 
 2.08700000e-08  3.30000000e+00  2.08700000e-08  3.30000000e+00  2.08700000e-08  3.29959935e+00  2.08700000e-08  3.29969419e+00  2.08700000e-08  0.00000000e+00  2.08700000e-08  0.00000000e+00 
 2.08900000e-08  3.30000000e+00  2.08900000e-08  3.30000000e+00  2.08900000e-08  3.29960029e+00  2.08900000e-08  3.29969491e+00  2.08900000e-08  0.00000000e+00  2.08900000e-08  0.00000000e+00 
 2.09100000e-08  3.30000000e+00  2.09100000e-08  3.30000000e+00  2.09100000e-08  3.29960121e+00  2.09100000e-08  3.29969562e+00  2.09100000e-08  0.00000000e+00  2.09100000e-08  0.00000000e+00 
 2.09300000e-08  3.30000000e+00  2.09300000e-08  3.30000000e+00  2.09300000e-08  3.29960214e+00  2.09300000e-08  3.29969633e+00  2.09300000e-08  0.00000000e+00  2.09300000e-08  0.00000000e+00 
 2.09500000e-08  3.30000000e+00  2.09500000e-08  3.30000000e+00  2.09500000e-08  3.29960305e+00  2.09500000e-08  3.29969703e+00  2.09500000e-08  0.00000000e+00  2.09500000e-08  0.00000000e+00 
 2.09700000e-08  3.30000000e+00  2.09700000e-08  3.30000000e+00  2.09700000e-08  3.29960397e+00  2.09700000e-08  3.29969774e+00  2.09700000e-08  0.00000000e+00  2.09700000e-08  0.00000000e+00 
 2.09900000e-08  3.30000000e+00  2.09900000e-08  3.30000000e+00  2.09900000e-08  3.29960487e+00  2.09900000e-08  3.29969844e+00  2.09900000e-08  0.00000000e+00  2.09900000e-08  0.00000000e+00 
 2.10100000e-08  3.30000000e+00  2.10100000e-08  3.30000000e+00  2.10100000e-08  3.29960578e+00  2.10100000e-08  3.29969913e+00  2.10100000e-08  0.00000000e+00  2.10100000e-08  0.00000000e+00 
 2.10300000e-08  3.30000000e+00  2.10300000e-08  3.30000000e+00  2.10300000e-08  3.29960668e+00  2.10300000e-08  3.29969983e+00  2.10300000e-08  0.00000000e+00  2.10300000e-08  0.00000000e+00 
 2.10500000e-08  3.30000000e+00  2.10500000e-08  3.30000000e+00  2.10500000e-08  3.29960759e+00  2.10500000e-08  3.29970052e+00  2.10500000e-08  0.00000000e+00  2.10500000e-08  0.00000000e+00 
 2.10700000e-08  3.30000000e+00  2.10700000e-08  3.30000000e+00  2.10700000e-08  3.29960847e+00  2.10700000e-08  3.29970120e+00  2.10700000e-08  0.00000000e+00  2.10700000e-08  0.00000000e+00 
 2.10900000e-08  3.30000000e+00  2.10900000e-08  3.30000000e+00  2.10900000e-08  3.29960937e+00  2.10900000e-08  3.29970189e+00  2.10900000e-08  0.00000000e+00  2.10900000e-08  0.00000000e+00 
 2.11100000e-08  3.30000000e+00  2.11100000e-08  3.30000000e+00  2.11100000e-08  3.29961025e+00  2.11100000e-08  3.29970257e+00  2.11100000e-08  0.00000000e+00  2.11100000e-08  0.00000000e+00 
 2.11300000e-08  3.30000000e+00  2.11300000e-08  3.30000000e+00  2.11300000e-08  3.29961114e+00  2.11300000e-08  3.29970325e+00  2.11300000e-08  0.00000000e+00  2.11300000e-08  0.00000000e+00 
 2.11500000e-08  3.30000000e+00  2.11500000e-08  3.30000000e+00  2.11500000e-08  3.29961201e+00  2.11500000e-08  3.29970392e+00  2.11500000e-08  0.00000000e+00  2.11500000e-08  0.00000000e+00 
 2.11700000e-08  3.30000000e+00  2.11700000e-08  3.30000000e+00  2.11700000e-08  3.29961289e+00  2.11700000e-08  3.29970460e+00  2.11700000e-08  0.00000000e+00  2.11700000e-08  0.00000000e+00 
 2.11900000e-08  3.30000000e+00  2.11900000e-08  3.30000000e+00  2.11900000e-08  3.29961376e+00  2.11900000e-08  3.29970527e+00  2.11900000e-08  0.00000000e+00  2.11900000e-08  0.00000000e+00 
 2.12100000e-08  3.30000000e+00  2.12100000e-08  3.30000000e+00  2.12100000e-08  3.29961463e+00  2.12100000e-08  3.29970593e+00  2.12100000e-08  0.00000000e+00  2.12100000e-08  0.00000000e+00 
 2.12300000e-08  3.30000000e+00  2.12300000e-08  3.30000000e+00  2.12300000e-08  3.29961549e+00  2.12300000e-08  3.29970660e+00  2.12300000e-08  0.00000000e+00  2.12300000e-08  0.00000000e+00 
 2.12500000e-08  3.30000000e+00  2.12500000e-08  3.30000000e+00  2.12500000e-08  3.29961636e+00  2.12500000e-08  3.29970726e+00  2.12500000e-08  0.00000000e+00  2.12500000e-08  0.00000000e+00 
 2.12700000e-08  3.30000000e+00  2.12700000e-08  3.30000000e+00  2.12700000e-08  3.29961721e+00  2.12700000e-08  3.29970792e+00  2.12700000e-08  0.00000000e+00  2.12700000e-08  0.00000000e+00 
 2.12900000e-08  3.30000000e+00  2.12900000e-08  3.30000000e+00  2.12900000e-08  3.29961807e+00  2.12900000e-08  3.29970857e+00  2.12900000e-08  0.00000000e+00  2.12900000e-08  0.00000000e+00 
 2.13100000e-08  3.30000000e+00  2.13100000e-08  3.30000000e+00  2.13100000e-08  3.29961891e+00  2.13100000e-08  3.29970922e+00  2.13100000e-08  0.00000000e+00  2.13100000e-08  0.00000000e+00 
 2.13300000e-08  3.30000000e+00  2.13300000e-08  3.30000000e+00  2.13300000e-08  3.29961976e+00  2.13300000e-08  3.29970987e+00  2.13300000e-08  0.00000000e+00  2.13300000e-08  0.00000000e+00 
 2.13500000e-08  3.30000000e+00  2.13500000e-08  3.30000000e+00  2.13500000e-08  3.29962060e+00  2.13500000e-08  3.29971052e+00  2.13500000e-08  0.00000000e+00  2.13500000e-08  0.00000000e+00 
 2.13700000e-08  3.30000000e+00  2.13700000e-08  3.30000000e+00  2.13700000e-08  3.29962144e+00  2.13700000e-08  3.29971116e+00  2.13700000e-08  0.00000000e+00  2.13700000e-08  0.00000000e+00 
 2.13900000e-08  3.30000000e+00  2.13900000e-08  3.30000000e+00  2.13900000e-08  3.29962227e+00  2.13900000e-08  3.29971180e+00  2.13900000e-08  0.00000000e+00  2.13900000e-08  0.00000000e+00 
 2.14100000e-08  3.30000000e+00  2.14100000e-08  3.30000000e+00  2.14100000e-08  3.29962311e+00  2.14100000e-08  3.29971244e+00  2.14100000e-08  0.00000000e+00  2.14100000e-08  0.00000000e+00 
 2.14300000e-08  3.30000000e+00  2.14300000e-08  3.30000000e+00  2.14300000e-08  3.29962393e+00  2.14300000e-08  3.29971308e+00  2.14300000e-08  0.00000000e+00  2.14300000e-08  0.00000000e+00 
 2.14500000e-08  3.30000000e+00  2.14500000e-08  3.30000000e+00  2.14500000e-08  3.29962476e+00  2.14500000e-08  3.29971371e+00  2.14500000e-08  0.00000000e+00  2.14500000e-08  0.00000000e+00 
 2.14700000e-08  3.30000000e+00  2.14700000e-08  3.30000000e+00  2.14700000e-08  3.29962557e+00  2.14700000e-08  3.29971434e+00  2.14700000e-08  0.00000000e+00  2.14700000e-08  0.00000000e+00 
 2.14900000e-08  3.30000000e+00  2.14900000e-08  3.30000000e+00  2.14900000e-08  3.29962640e+00  2.14900000e-08  3.29971497e+00  2.14900000e-08  0.00000000e+00  2.14900000e-08  0.00000000e+00 
 2.15100000e-08  3.30000000e+00  2.15100000e-08  3.30000000e+00  2.15100000e-08  3.29962721e+00  2.15100000e-08  3.29971560e+00  2.15100000e-08  0.00000000e+00  2.15100000e-08  0.00000000e+00 
 2.15300000e-08  3.30000000e+00  2.15300000e-08  3.30000000e+00  2.15300000e-08  3.29962803e+00  2.15300000e-08  3.29971622e+00  2.15300000e-08  0.00000000e+00  2.15300000e-08  0.00000000e+00 
 2.15500000e-08  3.30000000e+00  2.15500000e-08  3.30000000e+00  2.15500000e-08  3.29962882e+00  2.15500000e-08  3.29971684e+00  2.15500000e-08  0.00000000e+00  2.15500000e-08  0.00000000e+00 
 2.15700000e-08  3.30000000e+00  2.15700000e-08  3.30000000e+00  2.15700000e-08  3.29962964e+00  2.15700000e-08  3.29971746e+00  2.15700000e-08  0.00000000e+00  2.15700000e-08  0.00000000e+00 
 2.15900000e-08  3.30000000e+00  2.15900000e-08  3.30000000e+00  2.15900000e-08  3.29963043e+00  2.15900000e-08  3.29971807e+00  2.15900000e-08  0.00000000e+00  2.15900000e-08  0.00000000e+00 
 2.16100000e-08  3.30000000e+00  2.16100000e-08  3.30000000e+00  2.16100000e-08  3.29963124e+00  2.16100000e-08  3.29971869e+00  2.16100000e-08  0.00000000e+00  2.16100000e-08  0.00000000e+00 
 2.16300000e-08  3.30000000e+00  2.16300000e-08  3.30000000e+00  2.16300000e-08  3.29963202e+00  2.16300000e-08  3.29971929e+00  2.16300000e-08  0.00000000e+00  2.16300000e-08  0.00000000e+00 
 2.16500000e-08  3.30000000e+00  2.16500000e-08  3.30000000e+00  2.16500000e-08  3.29963282e+00  2.16500000e-08  3.29971990e+00  2.16500000e-08  0.00000000e+00  2.16500000e-08  0.00000000e+00 
 2.16700000e-08  3.30000000e+00  2.16700000e-08  3.30000000e+00  2.16700000e-08  3.29963360e+00  2.16700000e-08  3.29972051e+00  2.16700000e-08  0.00000000e+00  2.16700000e-08  0.00000000e+00 
 2.16900000e-08  3.30000000e+00  2.16900000e-08  3.30000000e+00  2.16900000e-08  3.29963439e+00  2.16900000e-08  3.29972111e+00  2.16900000e-08  0.00000000e+00  2.16900000e-08  0.00000000e+00 
 2.17100000e-08  3.30000000e+00  2.17100000e-08  3.30000000e+00  2.17100000e-08  3.29963517e+00  2.17100000e-08  3.29972171e+00  2.17100000e-08  0.00000000e+00  2.17100000e-08  0.00000000e+00 
 2.17300000e-08  3.30000000e+00  2.17300000e-08  3.30000000e+00  2.17300000e-08  3.29963595e+00  2.17300000e-08  3.29972231e+00  2.17300000e-08  0.00000000e+00  2.17300000e-08  0.00000000e+00 
 2.17500000e-08  3.30000000e+00  2.17500000e-08  3.30000000e+00  2.17500000e-08  3.29963672e+00  2.17500000e-08  3.29972290e+00  2.17500000e-08  0.00000000e+00  2.17500000e-08  0.00000000e+00 
 2.17700000e-08  3.30000000e+00  2.17700000e-08  3.30000000e+00  2.17700000e-08  3.29963750e+00  2.17700000e-08  3.29972349e+00  2.17700000e-08  0.00000000e+00  2.17700000e-08  0.00000000e+00 
 2.17900000e-08  3.30000000e+00  2.17900000e-08  3.30000000e+00  2.17900000e-08  3.29963826e+00  2.17900000e-08  3.29972408e+00  2.17900000e-08  0.00000000e+00  2.17900000e-08  0.00000000e+00 
 2.18100000e-08  3.30000000e+00  2.18100000e-08  3.30000000e+00  2.18100000e-08  3.29963903e+00  2.18100000e-08  3.29972467e+00  2.18100000e-08  0.00000000e+00  2.18100000e-08  0.00000000e+00 
 2.18300000e-08  3.30000000e+00  2.18300000e-08  3.30000000e+00  2.18300000e-08  3.29963979e+00  2.18300000e-08  3.29972526e+00  2.18300000e-08  0.00000000e+00  2.18300000e-08  0.00000000e+00 
 2.18500000e-08  3.30000000e+00  2.18500000e-08  3.30000000e+00  2.18500000e-08  3.29964056e+00  2.18500000e-08  3.29972584e+00  2.18500000e-08  0.00000000e+00  2.18500000e-08  0.00000000e+00 
 2.18700000e-08  3.30000000e+00  2.18700000e-08  3.30000000e+00  2.18700000e-08  3.29964130e+00  2.18700000e-08  3.29972642e+00  2.18700000e-08  0.00000000e+00  2.18700000e-08  0.00000000e+00 
 2.18900000e-08  3.30000000e+00  2.18900000e-08  3.30000000e+00  2.18900000e-08  3.29964206e+00  2.18900000e-08  3.29972700e+00  2.18900000e-08  0.00000000e+00  2.18900000e-08  0.00000000e+00 
 2.19100000e-08  3.30000000e+00  2.19100000e-08  3.30000000e+00  2.19100000e-08  3.29964281e+00  2.19100000e-08  3.29972757e+00  2.19100000e-08  0.00000000e+00  2.19100000e-08  0.00000000e+00 
 2.19300000e-08  3.30000000e+00  2.19300000e-08  3.30000000e+00  2.19300000e-08  3.29964356e+00  2.19300000e-08  3.29972815e+00  2.19300000e-08  0.00000000e+00  2.19300000e-08  0.00000000e+00 
 2.19500000e-08  3.30000000e+00  2.19500000e-08  3.30000000e+00  2.19500000e-08  3.29964430e+00  2.19500000e-08  3.29972872e+00  2.19500000e-08  0.00000000e+00  2.19500000e-08  0.00000000e+00 
 2.19700000e-08  3.30000000e+00  2.19700000e-08  3.30000000e+00  2.19700000e-08  3.29964505e+00  2.19700000e-08  3.29972929e+00  2.19700000e-08  0.00000000e+00  2.19700000e-08  0.00000000e+00 
 2.19850000e-08  3.30000000e+00  2.19850000e-08  3.30000000e+00  2.19850000e-08  3.29964559e+00  2.19850000e-08  3.29972971e+00  2.19850000e-08  0.00000000e+00  2.19850000e-08  0.00000000e+00 
 2.20000000e-08  3.30000000e+00  2.20000000e-08  3.30000000e+00  2.20000000e-08  3.29964615e+00  2.20000000e-08  3.29973014e+00  2.20000000e-08  0.00000000e+00  2.20000000e-08  0.00000000e+00 
 2.20020000e-08  3.30000799e+00  2.20020000e-08  3.30000799e+00  2.20020000e-08  3.30225664e+00  2.20020000e-08  3.30234270e+00  2.20020000e-08  6.60000000e-02  2.20020000e-08  0.00000000e+00 
 2.20060000e-08  3.30001877e+00  2.20060000e-08  3.30001878e+00  2.20060000e-08  3.30738657e+00  2.20060000e-08  3.30747499e+00  2.20060000e-08  1.98000000e-01  2.20060000e-08  0.00000000e+00 
 2.20140000e-08  3.30002102e+00  2.20140000e-08  3.30002104e+00  2.20140000e-08  3.31708806e+00  2.20140000e-08  3.31718143e+00  2.20140000e-08  4.62000000e-01  2.20140000e-08  0.00000000e+00 
 2.20300000e-08  3.30000835e+00  2.20300000e-08  3.30000836e+00  2.20300000e-08  3.33487747e+00  2.20300000e-08  3.33497988e+00  2.20300000e-08  9.90000000e-01  2.20300000e-08  0.00000000e+00 
 2.20500000e-08  3.30000109e+00  2.20500000e-08  3.30000097e+00  2.20500000e-08  3.35641994e+00  2.20500000e-08  3.35644217e+00  2.20500000e-08  1.65000000e+00  2.20500000e-08  0.00000000e+00 
 2.20700000e-08  3.30000510e+00  2.20700000e-08  3.30000470e+00  2.20700000e-08  3.38126583e+00  2.20700000e-08  3.38092914e+00  2.20700000e-08  2.31000000e+00  2.20700000e-08  0.00000000e+00 
 2.20850000e-08  3.30000689e+00  2.20850000e-08  3.30000607e+00  2.20850000e-08  3.40278292e+00  2.20850000e-08  3.40182341e+00  2.20850000e-08  2.80500000e+00  2.20850000e-08  0.00000000e+00 
 2.21000000e-08  3.29999450e+00  2.21000000e-08  3.29999355e+00  2.21000000e-08  3.41938434e+00  2.21000000e-08  3.41749411e+00  2.21000000e-08  3.30000000e+00  2.21000000e-08  0.00000000e+00 
 2.21020000e-08  3.29999398e+00  2.21020000e-08  3.29999302e+00  2.21020000e-08  3.42129658e+00  2.21020000e-08  3.41925935e+00  2.21020000e-08  3.30000000e+00  2.21020000e-08  0.00000000e+00 
 2.21060000e-08  3.29999399e+00  2.21060000e-08  3.29999309e+00  2.21060000e-08  3.42525271e+00  2.21060000e-08  3.42293451e+00  2.21060000e-08  3.30000000e+00  2.21060000e-08  0.00000000e+00 
 2.21140000e-08  3.29999503e+00  2.21140000e-08  3.29999467e+00  2.21140000e-08  3.43309334e+00  2.21140000e-08  3.43033758e+00  2.21140000e-08  3.30000000e+00  2.21140000e-08  0.00000000e+00 
 2.21300000e-08  3.29999351e+00  2.21300000e-08  3.29999471e+00  2.21300000e-08  3.44630413e+00  2.21300000e-08  3.44332608e+00  2.21300000e-08  3.30000000e+00  2.21300000e-08  0.00000000e+00 
 2.21500000e-08  3.29998567e+00  2.21500000e-08  3.29998825e+00  2.21500000e-08  3.45407253e+00  2.21500000e-08  3.45210841e+00  2.21500000e-08  3.30000000e+00  2.21500000e-08  0.00000000e+00 
 2.21700000e-08  3.29998033e+00  2.21700000e-08  3.29998266e+00  2.21700000e-08  3.44925463e+00  2.21700000e-08  3.44954441e+00  2.21700000e-08  3.30000000e+00  2.21700000e-08  0.00000000e+00 
 2.21900000e-08  3.29998038e+00  2.21900000e-08  3.29998189e+00  2.21900000e-08  3.43127802e+00  2.21900000e-08  3.43479064e+00  2.21900000e-08  3.30000000e+00  2.21900000e-08  0.00000000e+00 
 2.22100000e-08  3.29998355e+00  2.22100000e-08  3.29998389e+00  2.22100000e-08  3.40104875e+00  2.22100000e-08  3.40852959e+00  2.22100000e-08  3.30000000e+00  2.22100000e-08  0.00000000e+00 
 2.22300000e-08  3.29998839e+00  2.22300000e-08  3.29998796e+00  2.22300000e-08  3.36015271e+00  2.22300000e-08  3.37216782e+00  2.22300000e-08  3.30000000e+00  2.22300000e-08  0.00000000e+00 
 2.22500000e-08  3.29999288e+00  2.22500000e-08  3.29999225e+00  2.22500000e-08  3.31039400e+00  2.22500000e-08  3.32735404e+00  2.22500000e-08  3.30000000e+00  2.22500000e-08  0.00000000e+00 
 2.22700000e-08  3.29999615e+00  2.22700000e-08  3.29999569e+00  2.22700000e-08  3.25353734e+00  2.22700000e-08  3.27571868e+00  2.22700000e-08  3.30000000e+00  2.22700000e-08  0.00000000e+00 
 2.22900000e-08  3.29999822e+00  2.22900000e-08  3.29999798e+00  2.22900000e-08  3.19116691e+00  2.22900000e-08  3.21874077e+00  2.22900000e-08  3.30000000e+00  2.22900000e-08  0.00000000e+00 
 2.23100000e-08  3.29999948e+00  2.23100000e-08  3.29999937e+00  2.23100000e-08  3.12462214e+00  2.23100000e-08  3.15768698e+00  2.23100000e-08  3.30000000e+00  2.23100000e-08  0.00000000e+00 
 2.23300000e-08  3.30000024e+00  2.23300000e-08  3.30000018e+00  2.23300000e-08  3.05498886e+00  2.23300000e-08  3.09359282e+00  2.23300000e-08  3.30000000e+00  2.23300000e-08  0.00000000e+00 
 2.23500000e-08  3.30000066e+00  2.23500000e-08  3.30000064e+00  2.23500000e-08  2.98312495e+00  2.23500000e-08  3.02727998e+00  2.23500000e-08  3.30000000e+00  2.23500000e-08  0.00000000e+00 
 2.23700000e-08  3.30000086e+00  2.23700000e-08  3.30000085e+00  2.23700000e-08  2.90969714e+00  2.23700000e-08  2.95938908e+00  2.23700000e-08  3.30000000e+00  2.23700000e-08  0.00000000e+00 
 2.23900000e-08  3.30000096e+00  2.23900000e-08  3.30000094e+00  2.23900000e-08  2.83521907e+00  2.23900000e-08  2.89041423e+00  2.23900000e-08  3.30000000e+00  2.23900000e-08  0.00000000e+00 
 2.24100000e-08  3.30000101e+00  2.24100000e-08  3.30000098e+00  2.24100000e-08  2.76008258e+00  2.24100000e-08  2.82073219e+00  2.24100000e-08  3.30000000e+00  2.24100000e-08  0.00000000e+00 
 2.24300000e-08  3.30000103e+00  2.24300000e-08  3.30000098e+00  2.24300000e-08  2.68458642e+00  2.24300000e-08  2.75062932e+00  2.24300000e-08  3.30000000e+00  2.24300000e-08  0.00000000e+00 
 2.24500000e-08  3.30000104e+00  2.24500000e-08  3.30000098e+00  2.24500000e-08  2.60895874e+00  2.24500000e-08  2.68032330e+00  2.24500000e-08  3.30000000e+00  2.24500000e-08  0.00000000e+00 
 2.24700000e-08  3.30000103e+00  2.24700000e-08  3.30000096e+00  2.24700000e-08  2.53337509e+00  2.24700000e-08  2.60998037e+00  2.24700000e-08  3.30000000e+00  2.24700000e-08  0.00000000e+00 
 2.24900000e-08  3.30000101e+00  2.24900000e-08  3.30000094e+00  2.24900000e-08  2.45797191e+00  2.24900000e-08  2.53972840e+00  2.24900000e-08  3.30000000e+00  2.24900000e-08  0.00000000e+00 
 2.25100000e-08  3.30000099e+00  2.25100000e-08  3.30000091e+00  2.25100000e-08  2.38285725e+00  2.25100000e-08  2.46966715e+00  2.25100000e-08  3.30000000e+00  2.25100000e-08  0.00000000e+00 
 2.25300000e-08  3.30000097e+00  2.25300000e-08  3.30000089e+00  2.25300000e-08  2.30811864e+00  2.25300000e-08  2.39987572e+00  2.25300000e-08  3.30000000e+00  2.25300000e-08  0.00000000e+00 
 2.25500000e-08  3.30000095e+00  2.25500000e-08  3.30000086e+00  2.25500000e-08  2.23382958e+00  2.25500000e-08  2.33041863e+00  2.25500000e-08  3.30000000e+00  2.25500000e-08  0.00000000e+00 
 2.25700000e-08  3.30000094e+00  2.25700000e-08  3.30000084e+00  2.25700000e-08  2.16005414e+00  2.25700000e-08  2.26135017e+00  2.25700000e-08  3.30000000e+00  2.25700000e-08  0.00000000e+00 
 2.25900000e-08  3.30000093e+00  2.25900000e-08  3.30000082e+00  2.25900000e-08  2.08685109e+00  2.25900000e-08  2.19271803e+00  2.25900000e-08  3.30000000e+00  2.25900000e-08  0.00000000e+00 
 2.26100000e-08  3.30000092e+00  2.26100000e-08  3.30000081e+00  2.26100000e-08  2.01427681e+00  2.26100000e-08  2.12456599e+00  2.26100000e-08  3.30000000e+00  2.26100000e-08  0.00000000e+00 
 2.26300000e-08  3.30000092e+00  2.26300000e-08  3.30000080e+00  2.26300000e-08  1.94238780e+00  2.26300000e-08  2.05693613e+00  2.26300000e-08  3.30000000e+00  2.26300000e-08  0.00000000e+00 
 2.26500000e-08  3.30000093e+00  2.26500000e-08  3.30000079e+00  2.26500000e-08  1.87124104e+00  2.26500000e-08  1.98987032e+00  2.26500000e-08  3.30000000e+00  2.26500000e-08  0.00000000e+00 
 2.26700000e-08  3.30000093e+00  2.26700000e-08  3.30000079e+00  2.26700000e-08  1.80088813e+00  2.26700000e-08  1.92341103e+00  2.26700000e-08  3.30000000e+00  2.26700000e-08  0.00000000e+00 
 2.26850000e-08  3.30000093e+00  2.26850000e-08  3.30000079e+00  2.26850000e-08  1.74866302e+00  2.26850000e-08  1.87399008e+00  2.26850000e-08  3.30000000e+00  2.26850000e-08  0.00000000e+00 
 2.27000000e-08  3.30000091e+00  2.27000000e-08  3.30000080e+00  2.27000000e-08  1.69690159e+00  2.27000000e-08  1.82495102e+00  2.27000000e-08  3.30000000e+00  2.27000000e-08  0.00000000e+00 
 2.27020000e-08  3.32132911e+00  2.27020000e-08  3.32132902e+00  2.27020000e-08  1.69029395e+00  2.27020000e-08  1.81871125e+00  2.27020000e-08  3.30000000e+00  2.27020000e-08  6.60000000e-02 
 2.27060000e-08  3.35609572e+00  2.27060000e-08  3.35609528e+00  2.27060000e-08  1.67704241e+00  2.27060000e-08  1.80619097e+00  2.27060000e-08  3.30000000e+00  2.27060000e-08  1.98000000e-01 
 2.27140000e-08  3.39509664e+00  2.27140000e-08  3.39509626e+00  2.27140000e-08  1.65036324e+00  2.27140000e-08  1.78095911e+00  2.27140000e-08  3.30000000e+00  2.27140000e-08  4.62000000e-01 
 2.27300000e-08  3.43010831e+00  2.27300000e-08  3.43010846e+00  2.27300000e-08  1.59636696e+00  2.27300000e-08  1.72978459e+00  2.27300000e-08  3.30000000e+00  2.27300000e-08  9.90000000e-01 
 2.27500000e-08  3.46571766e+00  2.27500000e-08  3.46571802e+00  2.27500000e-08  1.52558666e+00  2.27500000e-08  1.66221697e+00  2.27500000e-08  3.30000000e+00  2.27500000e-08  1.65000000e+00 
 2.27700000e-08  3.53467834e+00  2.27700000e-08  3.53467925e+00  2.27700000e-08  1.44948580e+00  2.27700000e-08  1.58933686e+00  2.27700000e-08  3.30000000e+00  2.27700000e-08  2.31000000e+00 
 2.27850000e-08  3.62526118e+00  2.27850000e-08  3.62537023e+00  2.27850000e-08  1.39142572e+00  2.27850000e-08  1.53202855e+00  2.27850000e-08  3.30000000e+00  2.27850000e-08  2.80500000e+00 
 2.28000000e-08  3.74143759e+00  2.28000000e-08  3.74270838e+00  2.28000000e-08  1.32803753e+00  2.28000000e-08  1.45396900e+00  2.28000000e-08  3.30000000e+00  2.28000000e-08  3.30000000e+00 
 2.28020000e-08  3.74163973e+00  2.28020000e-08  3.74292213e+00  2.28020000e-08  1.31843672e+00  2.28020000e-08  1.44330217e+00  2.28020000e-08  3.30000000e+00  2.28020000e-08  3.30000000e+00 
 2.28060000e-08  3.74202010e+00  2.28060000e-08  3.74324043e+00  2.28060000e-08  1.29917058e+00  2.28060000e-08  1.42268787e+00  2.28060000e-08  3.30000000e+00  2.28060000e-08  3.30000000e+00 
 2.28140000e-08  3.74246442e+00  2.28140000e-08  3.74332529e+00  2.28140000e-08  1.26232613e+00  2.28140000e-08  1.38502445e+00  2.28140000e-08  3.30000000e+00  2.28140000e-08  3.30000000e+00 
 2.28300000e-08  3.74207758e+00  2.28300000e-08  3.74179267e+00  2.28300000e-08  1.19680677e+00  2.28300000e-08  1.32029085e+00  2.28300000e-08  3.30000000e+00  2.28300000e-08  3.30000000e+00 
 2.28500000e-08  3.73987418e+00  2.28500000e-08  3.73759449e+00  2.28500000e-08  1.12663291e+00  2.28500000e-08  1.25211269e+00  2.28500000e-08  3.30000000e+00  2.28500000e-08  3.30000000e+00 
 2.28700000e-08  3.73669272e+00  2.28700000e-08  3.73203747e+00  2.28700000e-08  1.06370317e+00  2.28700000e-08  1.19140860e+00  2.28700000e-08  3.30000000e+00  2.28700000e-08  3.30000000e+00 
 2.28900000e-08  3.73330820e+00  2.28900000e-08  3.72624611e+00  2.28900000e-08  1.00430498e+00  2.28900000e-08  1.13433114e+00  2.28900000e-08  3.30000000e+00  2.28900000e-08  3.30000000e+00 
 2.29100000e-08  3.73016709e+00  2.29100000e-08  3.72068276e+00  2.29100000e-08  9.46859654e-01  2.29100000e-08  1.07922336e+00  2.29100000e-08  3.30000000e+00  2.29100000e-08  3.30000000e+00 
 2.29300000e-08  3.72751753e+00  2.29300000e-08  3.71533010e+00  2.29300000e-08  8.90821911e-01  2.29300000e-08  1.02543580e+00  2.29300000e-08  3.30000000e+00  2.29300000e-08  3.30000000e+00 
 2.29500000e-08  3.72558648e+00  2.29500000e-08  3.70970314e+00  2.29500000e-08  8.36279886e-01  2.29500000e-08  9.72759321e-01  2.29500000e-08  3.30000000e+00  2.29500000e-08  3.30000000e+00 
 2.29700000e-08  3.72435280e+00  2.29700000e-08  3.70314646e+00  2.29700000e-08  7.84283136e-01  2.29700000e-08  9.21226817e-01  2.29700000e-08  3.30000000e+00  2.29700000e-08  3.30000000e+00 
 2.29900000e-08  3.72249245e+00  2.29900000e-08  3.69571425e+00  2.29900000e-08  7.37692824e-01  2.29900000e-08  8.71089108e-01  2.29900000e-08  3.30000000e+00  2.29900000e-08  3.30000000e+00 
 2.30100000e-08  3.71737673e+00  2.30100000e-08  3.68842294e+00  2.30100000e-08  6.99848620e-01  2.30100000e-08  8.22653814e-01  2.30100000e-08  3.30000000e+00  2.30100000e-08  3.30000000e+00 
 2.30300000e-08  3.70700160e+00  2.30300000e-08  3.68230110e+00  2.30300000e-08  6.71119708e-01  2.30300000e-08  7.76519245e-01  2.30300000e-08  3.30000000e+00  2.30300000e-08  3.30000000e+00 
 2.30500000e-08  3.69139471e+00  2.30500000e-08  3.67778926e+00  2.30500000e-08  6.49261179e-01  2.30500000e-08  7.34384466e-01  2.30500000e-08  3.30000000e+00  2.30500000e-08  3.30000000e+00 
 2.30700000e-08  3.67224353e+00  2.30700000e-08  3.67483797e+00  2.30700000e-08  6.31972685e-01  2.30700000e-08  6.98542541e-01  2.30700000e-08  3.30000000e+00  2.30700000e-08  3.30000000e+00 
 2.30900000e-08  3.65168150e+00  2.30900000e-08  3.67307674e+00  2.30900000e-08  6.17632261e-01  2.30900000e-08  6.69594557e-01  2.30900000e-08  3.30000000e+00  2.30900000e-08  3.30000000e+00 
 2.31100000e-08  3.63137454e+00  2.31100000e-08  3.67206042e+00  2.31100000e-08  6.05173476e-01  2.31100000e-08  6.46153037e-01  2.31100000e-08  3.30000000e+00  2.31100000e-08  3.30000000e+00 
 2.31300000e-08  3.61225797e+00  2.31300000e-08  3.67145773e+00  2.31300000e-08  5.93909097e-01  2.31300000e-08  6.26513024e-01  2.31300000e-08  3.30000000e+00  2.31300000e-08  3.30000000e+00 
 2.31500000e-08  3.59470513e+00  2.31500000e-08  3.67107409e+00  2.31500000e-08  5.83397766e-01  2.31500000e-08  6.09452126e-01  2.31500000e-08  3.30000000e+00  2.31500000e-08  3.30000000e+00 
 2.31700000e-08  3.57877143e+00  2.31700000e-08  3.67080514e+00  2.31700000e-08  5.73360769e-01  2.31700000e-08  5.94196227e-01  2.31700000e-08  3.30000000e+00  2.31700000e-08  3.30000000e+00 
 2.31900000e-08  3.56436179e+00  2.31900000e-08  3.67059777e+00  2.31900000e-08  5.63626680e-01  2.31900000e-08  5.80269569e-01  2.31900000e-08  3.30000000e+00  2.31900000e-08  3.30000000e+00 
 2.32100000e-08  3.55132529e+00  2.32100000e-08  3.67042480e+00  2.32100000e-08  5.54095832e-01  2.32100000e-08  5.67368864e-01  2.32100000e-08  3.30000000e+00  2.32100000e-08  3.30000000e+00 
 2.32300000e-08  3.53950213e+00  2.32300000e-08  3.67027154e+00  2.32300000e-08  5.44712689e-01  2.32300000e-08  5.55280772e-01  2.32300000e-08  3.30000000e+00  2.32300000e-08  3.30000000e+00 
 2.32500000e-08  3.52874142e+00  2.32500000e-08  3.67012988e+00  2.32500000e-08  5.35450893e-01  2.32500000e-08  5.43855599e-01  2.32500000e-08  3.30000000e+00  2.32500000e-08  3.30000000e+00 
 2.32700000e-08  3.51890824e+00  2.32700000e-08  3.66999544e+00  2.32700000e-08  5.26299787e-01  2.32700000e-08  5.32983447e-01  2.32700000e-08  3.30000000e+00  2.32700000e-08  3.30000000e+00 
 2.32900000e-08  3.50988525e+00  2.32900000e-08  3.66986556e+00  2.32900000e-08  5.17258699e-01  2.32900000e-08  5.22580478e-01  2.32900000e-08  3.30000000e+00  2.32900000e-08  3.30000000e+00 
 2.33100000e-08  3.50157151e+00  2.33100000e-08  3.66973879e+00  2.33100000e-08  5.08330575e-01  2.33100000e-08  5.12581060e-01  2.33100000e-08  3.30000000e+00  2.33100000e-08  3.30000000e+00 
 2.33300000e-08  3.49388077e+00  2.33300000e-08  3.66961415e+00  2.33300000e-08  4.99520999e-01  2.33300000e-08  5.02932670e-01  2.33300000e-08  3.30000000e+00  2.33300000e-08  3.30000000e+00 
 2.33500000e-08  3.48673930e+00  2.33500000e-08  3.66949115e+00  2.33500000e-08  4.90834844e-01  2.33500000e-08  4.93592935e-01  2.33500000e-08  3.30000000e+00  2.33500000e-08  3.30000000e+00 
 2.33700000e-08  3.48008414e+00  2.33700000e-08  3.66936939e+00  2.33700000e-08  4.82277228e-01  2.33700000e-08  4.84527272e-01  2.33700000e-08  3.30000000e+00  2.33700000e-08  3.30000000e+00 
 2.33900000e-08  3.47386127e+00  2.33900000e-08  3.66924874e+00  2.33900000e-08  4.73851336e-01  2.33900000e-08  4.75707532e-01  2.33900000e-08  3.30000000e+00  2.33900000e-08  3.30000000e+00 
 2.34100000e-08  3.46802432e+00  2.34100000e-08  3.66912904e+00  2.34100000e-08  4.65560119e-01  2.34100000e-08  4.67110581e-01  2.34100000e-08  3.30000000e+00  2.34100000e-08  3.30000000e+00 
 2.34300000e-08  3.46253325e+00  2.34300000e-08  3.66901028e+00  2.34300000e-08  4.57404523e-01  2.34300000e-08  4.58717566e-01  2.34300000e-08  3.30000000e+00  2.34300000e-08  3.30000000e+00 
 2.34500000e-08  3.45735339e+00  2.34500000e-08  3.66889239e+00  2.34500000e-08  4.49385434e-01  2.34500000e-08  4.50512904e-01  2.34500000e-08  3.30000000e+00  2.34500000e-08  3.30000000e+00 
 2.34700000e-08  3.45245462e+00  2.34700000e-08  3.66877544e+00  2.34700000e-08  4.41502016e-01  2.34700000e-08  4.42483873e-01  2.34700000e-08  3.30000000e+00  2.34700000e-08  3.30000000e+00 
 2.34900000e-08  3.44781064e+00  2.34900000e-08  3.66865937e+00  2.34900000e-08  4.33753699e-01  2.34900000e-08  4.34619840e-01  2.34900000e-08  3.30000000e+00  2.34900000e-08  3.30000000e+00 
 2.35100000e-08  3.44339841e+00  2.35100000e-08  3.66854427e+00  2.35100000e-08  4.26138509e-01  2.35100000e-08  4.26912067e-01  2.35100000e-08  3.30000000e+00  2.35100000e-08  3.30000000e+00 
 2.35300000e-08  3.43919767e+00  2.35300000e-08  3.66843010e+00  2.35300000e-08  4.18655035e-01  2.35300000e-08  4.19353111e-01  2.35300000e-08  3.30000000e+00  2.35300000e-08  3.30000000e+00 
 2.35500000e-08  3.43519054e+00  2.35500000e-08  3.66831695e+00  2.35500000e-08  4.11300702e-01  2.35500000e-08  4.11936779e-01  2.35500000e-08  3.30000000e+00  2.35500000e-08  3.30000000e+00 
 2.35700000e-08  3.43136118e+00  2.35700000e-08  3.66820478e+00  2.35700000e-08  4.04073713e-01  2.35700000e-08  4.04657646e-01  2.35700000e-08  3.30000000e+00  2.35700000e-08  3.30000000e+00 
 2.35900000e-08  3.42769550e+00  2.35900000e-08  3.66809366e+00  2.35900000e-08  3.96971262e-01  2.35900000e-08  3.97511126e-01  2.35900000e-08  3.30000000e+00  2.35900000e-08  3.30000000e+00 
 2.36100000e-08  3.42418096e+00  2.36100000e-08  3.66798357e+00  2.36100000e-08  3.89991445e-01  2.36100000e-08  3.90493071e-01  2.36100000e-08  3.30000000e+00  2.36100000e-08  3.30000000e+00 
 2.36300000e-08  3.42080630e+00  2.36300000e-08  3.66787456e+00  2.36300000e-08  3.83131443e-01  2.36300000e-08  3.83599908e-01  2.36300000e-08  3.30000000e+00  2.36300000e-08  3.30000000e+00 
 2.36500000e-08  3.41756147e+00  2.36500000e-08  3.66776660e+00  2.36500000e-08  3.76389398e-01  2.36500000e-08  3.76828300e-01  2.36500000e-08  3.30000000e+00  2.36500000e-08  3.30000000e+00 
 2.36700000e-08  3.41443736e+00  2.36700000e-08  3.66765973e+00  2.36700000e-08  3.69762580e-01  2.36700000e-08  3.70175328e-01  2.36700000e-08  3.30000000e+00  2.36700000e-08  3.30000000e+00 
 2.36900000e-08  3.41142579e+00  2.36900000e-08  3.66755393e+00  2.36900000e-08  3.63249251e-01  2.36900000e-08  3.63638183e-01  2.36900000e-08  3.30000000e+00  2.36900000e-08  3.30000000e+00 
 2.37100000e-08  3.40851935e+00  2.37100000e-08  3.66744924e+00  2.37100000e-08  3.56846808e-01  2.37100000e-08  3.57214377e-01  2.37100000e-08  3.30000000e+00  2.37100000e-08  3.30000000e+00 
 2.37300000e-08  3.40571130e+00  2.37300000e-08  3.66734561e+00  2.37300000e-08  3.50553653e-01  2.37300000e-08  3.50901458e-01  2.37300000e-08  3.30000000e+00  2.37300000e-08  3.30000000e+00 
 2.37500000e-08  3.40299551e+00  2.37500000e-08  3.66724310e+00  2.37500000e-08  3.44367320e-01  2.37500000e-08  3.44697240e-01  2.37500000e-08  3.30000000e+00  2.37500000e-08  3.30000000e+00 
 2.37700000e-08  3.40036641e+00  2.37700000e-08  3.66714164e+00  2.37700000e-08  3.38286343e-01  2.37700000e-08  3.38599521e-01  2.37700000e-08  3.30000000e+00  2.37700000e-08  3.30000000e+00 
 2.37900000e-08  3.39781889e+00  2.37900000e-08  3.66704128e+00  2.37900000e-08  3.32308384e-01  2.37900000e-08  3.32606332e-01  2.37900000e-08  3.30000000e+00  2.37900000e-08  3.30000000e+00 
 2.38100000e-08  3.39534827e+00  2.38100000e-08  3.66694198e+00  2.38100000e-08  3.26432099e-01  2.38100000e-08  3.26715658e-01  2.38100000e-08  3.30000000e+00  2.38100000e-08  3.30000000e+00 
 2.38300000e-08  3.39295025e+00  2.38300000e-08  3.66684376e+00  2.38300000e-08  3.20655263e-01  2.38300000e-08  3.20925693e-01  2.38300000e-08  3.30000000e+00  2.38300000e-08  3.30000000e+00 
 2.38500000e-08  3.39062089e+00  2.38500000e-08  3.66674657e+00  2.38500000e-08  3.14976635e-01  2.38500000e-08  3.15234567e-01  2.38500000e-08  3.30000000e+00  2.38500000e-08  3.30000000e+00 
 2.38700000e-08  3.38835655e+00  2.38700000e-08  3.66665045e+00  2.38700000e-08  3.09394090e-01  2.38700000e-08  3.09640601e-01  2.38700000e-08  3.30000000e+00  2.38700000e-08  3.30000000e+00 
 2.38900000e-08  3.38615386e+00  2.38900000e-08  3.66655535e+00  2.38900000e-08  3.03906478e-01  2.38900000e-08  3.04142041e-01  2.38900000e-08  3.30000000e+00  2.38900000e-08  3.30000000e+00 
 2.39100000e-08  3.38400971e+00  2.39100000e-08  3.66646130e+00  2.39100000e-08  2.98511756e-01  2.39100000e-08  2.98737312e-01  2.39100000e-08  3.30000000e+00  2.39100000e-08  3.30000000e+00 
 2.39300000e-08  3.38192123e+00  2.39300000e-08  3.66636824e+00  2.39300000e-08  2.93208854e-01  2.39300000e-08  2.93424755e-01  2.39300000e-08  3.30000000e+00  2.39300000e-08  3.30000000e+00 
 2.39500000e-08  3.37988573e+00  2.39500000e-08  3.66627621e+00  2.39500000e-08  2.87995800e-01  2.39500000e-08  2.88202881e-01  2.39500000e-08  3.30000000e+00  2.39500000e-08  3.30000000e+00 
 2.39700000e-08  3.37790072e+00  2.39700000e-08  3.66618514e+00  2.39700000e-08  2.82871595e-01  2.39700000e-08  2.83070110e-01  2.39700000e-08  3.30000000e+00  2.39700000e-08  3.30000000e+00 
 2.39900000e-08  3.37596390e+00  2.39900000e-08  3.66609508e+00  2.39900000e-08  2.77834329e-01  2.39900000e-08  2.78025029e-01  2.39900000e-08  3.30000000e+00  2.39900000e-08  3.30000000e+00 
 2.40100000e-08  3.37407309e+00  2.40100000e-08  3.66600596e+00  2.40100000e-08  2.72883062e-01  2.40100000e-08  2.73066124e-01  2.40100000e-08  3.30000000e+00  2.40100000e-08  3.30000000e+00 
 2.40300000e-08  3.37222628e+00  2.40300000e-08  3.66591782e+00  2.40300000e-08  2.68015944e-01  2.40300000e-08  2.68192046e-01  2.40300000e-08  3.30000000e+00  2.40300000e-08  3.30000000e+00 
 2.40500000e-08  3.37042159e+00  2.40500000e-08  3.66583059e+00  2.40500000e-08  2.63232084e-01  2.40500000e-08  2.63401344e-01  2.40500000e-08  3.30000000e+00  2.40500000e-08  3.30000000e+00 
 2.40700000e-08  3.36865724e+00  2.40700000e-08  3.66574432e+00  2.40700000e-08  2.58529684e-01  2.40700000e-08  2.58692723e-01  2.40700000e-08  3.30000000e+00  2.40700000e-08  3.30000000e+00 
 2.40900000e-08  3.36693157e+00  2.40900000e-08  3.66565894e+00  2.40900000e-08  2.53907904e-01  2.40900000e-08  2.54064785e-01  2.40900000e-08  3.30000000e+00  2.40900000e-08  3.30000000e+00 
 2.41100000e-08  3.36524303e+00  2.41100000e-08  3.66557448e+00  2.41100000e-08  2.49364988e-01  2.41100000e-08  2.49516287e-01  2.41100000e-08  3.30000000e+00  2.41100000e-08  3.30000000e+00 
 2.41300000e-08  3.36359016e+00  2.41300000e-08  3.66549089e+00  2.41300000e-08  2.44900142e-01  2.41300000e-08  2.45045878e-01  2.41300000e-08  3.30000000e+00  2.41300000e-08  3.30000000e+00 
 2.41500000e-08  3.36197157e+00  2.41500000e-08  3.66540819e+00  2.41500000e-08  2.40511653e-01  2.41500000e-08  2.40652362e-01  2.41500000e-08  3.30000000e+00  2.41500000e-08  3.30000000e+00 
 2.41700000e-08  3.36038597e+00  2.41700000e-08  3.66532634e+00  2.41700000e-08  2.36198767e-01  2.41700000e-08  2.36334431e-01  2.41700000e-08  3.30000000e+00  2.41700000e-08  3.30000000e+00 
 2.41900000e-08  3.35883213e+00  2.41900000e-08  3.66524536e+00  2.41900000e-08  2.31959810e-01  2.41900000e-08  2.32090932e-01  2.41900000e-08  3.30000000e+00  2.41900000e-08  3.30000000e+00 
 2.42100000e-08  3.35730890e+00  2.42100000e-08  3.66516519e+00  2.42100000e-08  2.27794065e-01  2.42100000e-08  2.27920598e-01  2.42100000e-08  3.30000000e+00  2.42100000e-08  3.30000000e+00 
 2.42300000e-08  3.35581518e+00  2.42300000e-08  3.66508587e+00  2.42300000e-08  2.23699896e-01  2.42300000e-08  2.23822314e-01  2.42300000e-08  3.30000000e+00  2.42300000e-08  3.30000000e+00 
 2.42500000e-08  3.35434994e+00  2.42500000e-08  3.66500733e+00  2.42500000e-08  2.19676623e-01  2.42500000e-08  2.19794852e-01  2.42500000e-08  3.30000000e+00  2.42500000e-08  3.30000000e+00 
 2.42700000e-08  3.35291219e+00  2.42700000e-08  3.66492962e+00  2.42700000e-08  2.15722645e-01  2.42700000e-08  2.15837134e-01  2.42700000e-08  3.30000000e+00  2.42700000e-08  3.30000000e+00 
 2.42900000e-08  3.35150102e+00  2.42900000e-08  3.66485267e+00  2.42900000e-08  2.11837313e-01  2.42900000e-08  2.11947967e-01  2.42900000e-08  3.30000000e+00  2.42900000e-08  3.30000000e+00 
 2.43100000e-08  3.35011553e+00  2.43100000e-08  3.66477651e+00  2.43100000e-08  2.08019061e-01  2.43100000e-08  2.08126309e-01  2.43100000e-08  3.30000000e+00  2.43100000e-08  3.30000000e+00 
 2.43300000e-08  3.34875488e+00  2.43300000e-08  3.66470110e+00  2.43300000e-08  2.04267273e-01  2.43300000e-08  2.04371000e-01  2.43300000e-08  3.30000000e+00  2.43300000e-08  3.30000000e+00 
 2.43500000e-08  3.34741829e+00  2.43500000e-08  3.66462645e+00  2.43500000e-08  2.00580414e-01  2.43500000e-08  2.00681031e-01  2.43500000e-08  3.30000000e+00  2.43500000e-08  3.30000000e+00 
 2.43700000e-08  3.34610499e+00  2.43700000e-08  3.66455252e+00  2.43700000e-08  1.96957901e-01  2.43700000e-08  1.97055276e-01  2.43700000e-08  3.30000000e+00  2.43700000e-08  3.30000000e+00 
 2.43900000e-08  3.34481426e+00  2.43900000e-08  3.66447933e+00  2.43900000e-08  1.93398227e-01  2.43900000e-08  1.93492757e-01  2.43900000e-08  3.30000000e+00  2.43900000e-08  3.30000000e+00 
 2.44100000e-08  3.34354541e+00  2.44100000e-08  3.66440684e+00  2.44100000e-08  1.89900839e-01  2.44100000e-08  1.89992378e-01  2.44100000e-08  3.30000000e+00  2.44100000e-08  3.30000000e+00 
 2.44300000e-08  3.34229778e+00  2.44300000e-08  3.66433506e+00  2.44300000e-08  1.86464262e-01  2.44300000e-08  1.86553192e-01  2.44300000e-08  3.30000000e+00  2.44300000e-08  3.30000000e+00 
 2.44500000e-08  3.34107075e+00  2.44500000e-08  3.66426396e+00  2.44500000e-08  1.83087972e-01  2.44500000e-08  1.83174135e-01  2.44500000e-08  3.30000000e+00  2.44500000e-08  3.30000000e+00 
 2.44700000e-08  3.33986372e+00  2.44700000e-08  3.66419355e+00  2.44700000e-08  1.79770520e-01  2.44700000e-08  1.79854287e-01  2.44700000e-08  3.30000000e+00  2.44700000e-08  3.30000000e+00 
 2.44900000e-08  3.33867612e+00  2.44900000e-08  3.66412380e+00  2.44900000e-08  1.76511412e-01  2.44900000e-08  1.76592614e-01  2.44900000e-08  3.30000000e+00  2.44900000e-08  3.30000000e+00 
 2.45100000e-08  3.33750739e+00  2.45100000e-08  3.66405471e+00  2.45100000e-08  1.73309229e-01  2.45100000e-08  1.73388225e-01  2.45100000e-08  3.30000000e+00  2.45100000e-08  3.30000000e+00 
 2.45300000e-08  3.33635702e+00  2.45300000e-08  3.66398626e+00  2.45300000e-08  1.70163500e-01  2.45300000e-08  1.70240113e-01  2.45300000e-08  3.30000000e+00  2.45300000e-08  3.30000000e+00 
 2.45500000e-08  3.33522450e+00  2.45500000e-08  3.66391846e+00  2.45500000e-08  1.67072835e-01  2.45500000e-08  1.67147416e-01  2.45500000e-08  3.30000000e+00  2.45500000e-08  3.30000000e+00 
 2.45700000e-08  3.33410935e+00  2.45700000e-08  3.66385126e+00  2.45700000e-08  1.64036792e-01  2.45700000e-08  1.64109153e-01  2.45700000e-08  3.30000000e+00  2.45700000e-08  3.30000000e+00 
 2.45900000e-08  3.33301111e+00  2.45900000e-08  3.66378470e+00  2.45900000e-08  1.61054004e-01  2.45900000e-08  1.61124491e-01  2.45900000e-08  3.30000000e+00  2.45900000e-08  3.30000000e+00 
 2.46100000e-08  3.33192933e+00  2.46100000e-08  3.66371872e+00  2.46100000e-08  1.58124057e-01  2.46100000e-08  1.58192473e-01  2.46100000e-08  3.30000000e+00  2.46100000e-08  3.30000000e+00 
 2.46300000e-08  3.33086359e+00  2.46300000e-08  3.66365335e+00  2.46300000e-08  1.55245611e-01  2.46300000e-08  1.55312293e-01  2.46300000e-08  3.30000000e+00  2.46300000e-08  3.30000000e+00 
 2.46500000e-08  3.32981348e+00  2.46500000e-08  3.66358855e+00  2.46500000e-08  1.52418274e-01  2.46500000e-08  1.52483023e-01  2.46500000e-08  3.30000000e+00  2.46500000e-08  3.30000000e+00 
 2.46700000e-08  3.32877861e+00  2.46700000e-08  3.66352434e+00  2.46700000e-08  1.49640734e-01  2.46700000e-08  1.49703878e-01  2.46700000e-08  3.30000000e+00  2.46700000e-08  3.30000000e+00 
 2.46900000e-08  3.32775859e+00  2.46900000e-08  3.66346068e+00  2.46900000e-08  1.46912623e-01  2.46900000e-08  1.46973956e-01  2.46900000e-08  3.30000000e+00  2.46900000e-08  3.30000000e+00 
 2.47100000e-08  3.32675306e+00  2.47100000e-08  3.66339758e+00  2.47100000e-08  1.44232653e-01  2.47100000e-08  1.44292500e-01  2.47100000e-08  3.30000000e+00  2.47100000e-08  3.30000000e+00 
 2.47300000e-08  3.32576167e+00  2.47300000e-08  3.66333502e+00  2.47300000e-08  1.41600483e-01  2.47300000e-08  1.41658630e-01  2.47300000e-08  3.30000000e+00  2.47300000e-08  3.30000000e+00 
 2.47500000e-08  3.32478408e+00  2.47500000e-08  3.66327301e+00  2.47500000e-08  1.39014845e-01  2.47500000e-08  1.39071615e-01  2.47500000e-08  3.30000000e+00  2.47500000e-08  3.30000000e+00 
 2.47700000e-08  3.32381997e+00  2.47700000e-08  3.66321151e+00  2.47700000e-08  1.36475424e-01  2.47700000e-08  1.36530598e-01  2.47700000e-08  3.30000000e+00  2.47700000e-08  3.30000000e+00 
 2.47900000e-08  3.32286902e+00  2.47900000e-08  3.66315054e+00  2.47900000e-08  1.33980977e-01  2.47900000e-08  1.34034871e-01  2.47900000e-08  3.30000000e+00  2.47900000e-08  3.30000000e+00 
 2.48100000e-08  3.32193093e+00  2.48100000e-08  3.66309007e+00  2.48100000e-08  1.31531209e-01  2.48100000e-08  1.31583602e-01  2.48100000e-08  3.30000000e+00  2.48100000e-08  3.30000000e+00 
 2.48300000e-08  3.32100540e+00  2.48300000e-08  3.66303011e+00  2.48300000e-08  1.29124901e-01  2.48300000e-08  1.29176105e-01  2.48300000e-08  3.30000000e+00  2.48300000e-08  3.30000000e+00 
 2.48500000e-08  3.32009215e+00  2.48500000e-08  3.66297063e+00  2.48500000e-08  1.26761783e-01  2.48500000e-08  1.26811573e-01  2.48500000e-08  3.30000000e+00  2.48500000e-08  3.30000000e+00 
 2.48700000e-08  3.31919090e+00  2.48700000e-08  3.66291165e+00  2.48700000e-08  1.24440657e-01  2.48700000e-08  1.24489340e-01  2.48700000e-08  3.30000000e+00  2.48700000e-08  3.30000000e+00 
 2.48900000e-08  3.31830140e+00  2.48900000e-08  3.66285313e+00  2.48900000e-08  1.22161274e-01  2.48900000e-08  1.22208623e-01  2.48900000e-08  3.30000000e+00  2.48900000e-08  3.30000000e+00 
 2.49100000e-08  3.31742338e+00  2.49100000e-08  3.66279510e+00  2.49100000e-08  1.19922459e-01  2.49100000e-08  1.19968778e-01  2.49100000e-08  3.30000000e+00  2.49100000e-08  3.30000000e+00 
 2.49300000e-08  3.31655660e+00  2.49300000e-08  3.66273750e+00  2.49300000e-08  1.17723985e-01  2.49300000e-08  1.17769043e-01  2.49300000e-08  3.30000000e+00  2.49300000e-08  3.30000000e+00 
 2.49500000e-08  3.31570081e+00  2.49500000e-08  3.66268038e+00  2.49500000e-08  1.15564698e-01  2.49500000e-08  1.15608797e-01  2.49500000e-08  3.30000000e+00  2.49500000e-08  3.30000000e+00 
 2.49700000e-08  3.31485578e+00  2.49700000e-08  3.66262368e+00  2.49700000e-08  1.13444392e-01  2.49700000e-08  1.13487299e-01  2.49700000e-08  3.30000000e+00  2.49700000e-08  3.30000000e+00 
 2.49900000e-08  3.31402130e+00  2.49900000e-08  3.66256743e+00  2.49900000e-08  1.11361934e-01  2.49900000e-08  1.11403947e-01  2.49900000e-08  3.30000000e+00  2.49900000e-08  3.30000000e+00 
 2.50100000e-08  3.31319713e+00  2.50100000e-08  3.66251160e+00  2.50100000e-08  1.09317140e-01  2.50100000e-08  1.09358023e-01  2.50100000e-08  3.30000000e+00  2.50100000e-08  3.30000000e+00 
 2.50300000e-08  3.31238307e+00  2.50300000e-08  3.66245621e+00  2.50300000e-08  1.07308896e-01  2.50300000e-08  1.07348946e-01  2.50300000e-08  3.30000000e+00  2.50300000e-08  3.30000000e+00 
 2.50500000e-08  3.31157891e+00  2.50500000e-08  3.66240121e+00  2.50500000e-08  1.05337038e-01  2.50500000e-08  1.05376016e-01  2.50500000e-08  3.30000000e+00  2.50500000e-08  3.30000000e+00 
 2.50700000e-08  3.31078446e+00  2.50700000e-08  3.66234664e+00  2.50700000e-08  1.03400473e-01  2.50700000e-08  1.03438674e-01  2.50700000e-08  3.30000000e+00  2.50700000e-08  3.30000000e+00 
 2.50900000e-08  3.30999951e+00  2.50900000e-08  3.66229245e+00  2.50900000e-08  1.01499056e-01  2.50900000e-08  1.01536239e-01  2.50900000e-08  3.30000000e+00  2.50900000e-08  3.30000000e+00 
 2.51100000e-08  3.30922389e+00  2.51100000e-08  3.66223867e+00  2.51100000e-08  9.96317144e-02  2.51100000e-08  9.96681718e-02  2.51100000e-08  3.30000000e+00  2.51100000e-08  3.30000000e+00 
 2.51300000e-08  3.30845740e+00  2.51300000e-08  3.66218527e+00  2.51300000e-08  9.77983213e-02  2.51300000e-08  9.78338109e-02  2.51300000e-08  3.30000000e+00  2.51300000e-08  3.30000000e+00 
 2.51500000e-08  3.30769987e+00  2.51500000e-08  3.66213225e+00  2.51500000e-08  9.59978237e-02  2.51500000e-08  9.60326361e-02  2.51500000e-08  3.30000000e+00  2.51500000e-08  3.30000000e+00 
 2.51700000e-08  3.30695113e+00  2.51700000e-08  3.66207960e+00  2.51700000e-08  9.42301132e-02  2.51700000e-08  9.42640045e-02  2.51700000e-08  3.30000000e+00  2.51700000e-08  3.30000000e+00 
 2.51900000e-08  3.30621100e+00  2.51900000e-08  3.66202733e+00  2.51900000e-08  9.24941555e-02  2.51900000e-08  9.25274145e-02  2.51900000e-08  3.30000000e+00  2.51900000e-08  3.30000000e+00 
 2.52100000e-08  3.30547933e+00  2.52100000e-08  3.66197540e+00  2.52100000e-08  9.07898605e-02  2.52100000e-08  9.08222417e-02  2.52100000e-08  3.30000000e+00  2.52100000e-08  3.30000000e+00 
 2.52300000e-08  3.30475596e+00  2.52300000e-08  3.66192384e+00  2.52300000e-08  8.91162119e-02  2.52300000e-08  8.91480026e-02  2.52300000e-08  3.30000000e+00  2.52300000e-08  3.30000000e+00 
 2.52500000e-08  3.30404073e+00  2.52500000e-08  3.66187262e+00  2.52500000e-08  8.74731372e-02  2.52500000e-08  8.75040905e-02  2.52500000e-08  3.30000000e+00  2.52500000e-08  3.30000000e+00 
 2.52700000e-08  3.30333348e+00  2.52700000e-08  3.66182175e+00  2.52700000e-08  8.58596378e-02  2.52700000e-08  8.58900397e-02  2.52700000e-08  3.30000000e+00  2.52700000e-08  3.30000000e+00 
 2.52900000e-08  3.30263408e+00  2.52900000e-08  3.66177121e+00  2.52900000e-08  8.42756586e-02  2.52900000e-08  8.43052608e-02  2.52900000e-08  3.30000000e+00  2.52900000e-08  3.30000000e+00 
 2.53100000e-08  3.30194238e+00  2.53100000e-08  3.66172101e+00  2.53100000e-08  8.27202181e-02  2.53100000e-08  8.27493054e-02  2.53100000e-08  3.30000000e+00  2.53100000e-08  3.30000000e+00 
 2.53300000e-08  3.30125824e+00  2.53300000e-08  3.66167112e+00  2.53300000e-08  8.11932781e-02  2.53300000e-08  8.12216009e-02  2.53300000e-08  3.30000000e+00  2.53300000e-08  3.30000000e+00 
 2.53500000e-08  3.30058151e+00  2.53500000e-08  3.66162156e+00  2.53500000e-08  7.96938736e-02  2.53500000e-08  7.97217156e-02  2.53500000e-08  3.30000000e+00  2.53500000e-08  3.30000000e+00 
 2.53700000e-08  3.29991221e+00  2.53700000e-08  3.66157232e+00  2.53700000e-08  7.82219830e-02  2.53700000e-08  7.82490934e-02  2.53700000e-08  3.30000000e+00  2.53700000e-08  3.30000000e+00 
 2.53900000e-08  3.29925095e+00  2.53900000e-08  3.66152349e+00  2.53900000e-08  7.67766576e-02  2.53900000e-08  7.68033189e-02  2.53900000e-08  3.30000000e+00  2.53900000e-08  3.30000000e+00 
 2.54100000e-08  3.29859669e+00  2.54100000e-08  3.66147495e+00  2.54100000e-08  7.53578913e-02  2.54100000e-08  7.53838521e-02  2.54100000e-08  3.30000000e+00  2.54100000e-08  3.30000000e+00 
 2.54300000e-08  3.29794929e+00  2.54300000e-08  3.66142671e+00  2.54300000e-08  7.39647515e-02  2.54300000e-08  7.39902931e-02  2.54300000e-08  3.30000000e+00  2.54300000e-08  3.30000000e+00 
 2.54500000e-08  3.29730866e+00  2.54500000e-08  3.66137875e+00  2.54500000e-08  7.25972476e-02  2.54500000e-08  7.26221176e-02  2.54500000e-08  3.30000000e+00  2.54500000e-08  3.30000000e+00 
 2.54700000e-08  3.29667469e+00  2.54700000e-08  3.66133109e+00  2.54700000e-08  7.12544623e-02  2.54700000e-08  7.12789412e-02  2.54700000e-08  3.30000000e+00  2.54700000e-08  3.30000000e+00 
 2.54900000e-08  3.29604727e+00  2.54900000e-08  3.66128369e+00  2.54900000e-08  6.99364202e-02  2.54900000e-08  6.99602545e-02  2.54900000e-08  3.30000000e+00  2.54900000e-08  3.30000000e+00 
 2.55100000e-08  3.29542628e+00  2.55100000e-08  3.66123659e+00  2.55100000e-08  6.86422187e-02  2.55100000e-08  6.86656882e-02  2.55100000e-08  3.30000000e+00  2.55100000e-08  3.30000000e+00 
 2.55300000e-08  3.29481163e+00  2.55300000e-08  3.66118974e+00  2.55300000e-08  6.73718970e-02  2.55300000e-08  6.73947476e-02  2.55300000e-08  3.30000000e+00  2.55300000e-08  3.30000000e+00 
 2.55500000e-08  3.29420322e+00  2.55500000e-08  3.66114318e+00  2.55500000e-08  6.61245673e-02  2.55500000e-08  6.61470777e-02  2.55500000e-08  3.30000000e+00  2.55500000e-08  3.30000000e+00 
 2.55700000e-08  3.29360095e+00  2.55700000e-08  3.66109686e+00  2.55700000e-08  6.49002828e-02  2.55700000e-08  6.49221982e-02  2.55700000e-08  3.30000000e+00  2.55700000e-08  3.30000000e+00 
 2.55900000e-08  3.29300471e+00  2.55900000e-08  3.66105082e+00  2.55900000e-08  6.36981697e-02  2.55900000e-08  6.37197682e-02  2.55900000e-08  3.30000000e+00  2.55900000e-08  3.30000000e+00 
 2.56100000e-08  3.29241442e+00  2.56100000e-08  3.66100502e+00  2.56100000e-08  6.25182952e-02  2.56100000e-08  6.25393213e-02  2.56100000e-08  3.30000000e+00  2.56100000e-08  3.30000000e+00 
 2.56300000e-08  3.29182997e+00  2.56300000e-08  3.66095948e+00  2.56300000e-08  6.13597991e-02  2.56300000e-08  6.13805301e-02  2.56300000e-08  3.30000000e+00  2.56300000e-08  3.30000000e+00 
 2.56500000e-08  3.29125128e+00  2.56500000e-08  3.66091418e+00  2.56500000e-08  6.02227619e-02  2.56500000e-08  6.02429417e-02  2.56500000e-08  3.30000000e+00  2.56500000e-08  3.30000000e+00 
 2.56700000e-08  3.29067826e+00  2.56700000e-08  3.66086913e+00  2.56700000e-08  5.91063368e-02  2.56700000e-08  5.91262421e-02  2.56700000e-08  3.30000000e+00  2.56700000e-08  3.30000000e+00 
 2.56900000e-08  3.29011082e+00  2.56900000e-08  3.66082430e+00  2.56900000e-08  5.80106171e-02  2.56900000e-08  5.80299913e-02  2.56900000e-08  3.30000000e+00  2.56900000e-08  3.30000000e+00 
 2.57100000e-08  3.28954887e+00  2.57100000e-08  3.66077973e+00  2.57100000e-08  5.69347690e-02  2.57100000e-08  5.69538881e-02  2.57100000e-08  3.30000000e+00  2.57100000e-08  3.30000000e+00 
 2.57300000e-08  3.28899233e+00  2.57300000e-08  3.66073537e+00  2.57300000e-08  5.58788985e-02  2.57300000e-08  5.58975053e-02  2.57300000e-08  3.30000000e+00  2.57300000e-08  3.30000000e+00 
 2.57500000e-08  3.28844111e+00  2.57500000e-08  3.66069125e+00  2.57500000e-08  5.48421841e-02  2.57500000e-08  5.48605541e-02  2.57500000e-08  3.30000000e+00  2.57500000e-08  3.30000000e+00 
 2.57700000e-08  3.28789513e+00  2.57700000e-08  3.66064734e+00  2.57700000e-08  5.38247441e-02  2.57700000e-08  5.38426196e-02  2.57700000e-08  3.30000000e+00  2.57700000e-08  3.30000000e+00 
 2.57900000e-08  3.28735432e+00  2.57900000e-08  3.66060367e+00  2.57900000e-08  5.28257691e-02  2.57900000e-08  5.28434250e-02  2.57900000e-08  3.30000000e+00  2.57900000e-08  3.30000000e+00 
 2.58100000e-08  3.28681860e+00  2.58100000e-08  3.66056019e+00  2.58100000e-08  5.18453891e-02  2.58100000e-08  5.18625675e-02  2.58100000e-08  3.30000000e+00  2.58100000e-08  3.30000000e+00 
 2.58300000e-08  3.28628789e+00  2.58300000e-08  3.66051695e+00  2.58300000e-08  5.08828067e-02  2.58300000e-08  5.08997819e-02  2.58300000e-08  3.30000000e+00  2.58300000e-08  3.30000000e+00 
 2.58500000e-08  3.28576211e+00  2.58500000e-08  3.66047389e+00  2.58500000e-08  4.99381634e-02  2.58500000e-08  4.99546768e-02  2.58500000e-08  3.30000000e+00  2.58500000e-08  3.30000000e+00 
 2.58700000e-08  3.28524119e+00  2.58700000e-08  3.66043106e+00  2.58700000e-08  4.90106729e-02  2.58700000e-08  4.90269986e-02  2.58700000e-08  3.30000000e+00  2.58700000e-08  3.30000000e+00 
 2.58900000e-08  3.28472507e+00  2.58900000e-08  3.66038841e+00  2.58900000e-08  4.81004878e-02  2.58900000e-08  4.81163669e-02  2.58900000e-08  3.30000000e+00  2.58900000e-08  3.30000000e+00 
 2.59100000e-08  3.28421366e+00  2.59100000e-08  3.66034598e+00  2.59100000e-08  4.72068332e-02  2.59100000e-08  4.72225391e-02  2.59100000e-08  3.30000000e+00  2.59100000e-08  3.30000000e+00 
 2.59300000e-08  3.28370690e+00  2.59300000e-08  3.66030373e+00  2.59300000e-08  4.63298722e-02  2.59300000e-08  4.63451457e-02  2.59300000e-08  3.30000000e+00  2.59300000e-08  3.30000000e+00 
 2.59500000e-08  3.28320473e+00  2.59500000e-08  3.66026168e+00  2.59500000e-08  4.54688406e-02  2.59500000e-08  4.54839547e-02  2.59500000e-08  3.30000000e+00  2.59500000e-08  3.30000000e+00 
 2.59700000e-08  3.28270707e+00  2.59700000e-08  3.66021981e+00  2.59700000e-08  4.46239119e-02  2.59700000e-08  4.46386071e-02  2.59700000e-08  3.30000000e+00  2.59700000e-08  3.30000000e+00 
 2.59900000e-08  3.28221386e+00  2.59900000e-08  3.66017813e+00  2.59900000e-08  4.37943323e-02  2.59900000e-08  4.38088812e-02  2.59900000e-08  3.30000000e+00  2.59900000e-08  3.30000000e+00 
 2.60100000e-08  3.28172504e+00  2.60100000e-08  3.66013663e+00  2.60100000e-08  4.29802855e-02  2.60100000e-08  4.29944283e-02  2.60100000e-08  3.30000000e+00  2.60100000e-08  3.30000000e+00 
 2.60300000e-08  3.28124055e+00  2.60300000e-08  3.66009532e+00  2.60300000e-08  4.21810275e-02  2.60300000e-08  4.21950365e-02  2.60300000e-08  3.30000000e+00  2.60300000e-08  3.30000000e+00 
 2.60500000e-08  3.28076032e+00  2.60500000e-08  3.66005417e+00  2.60500000e-08  4.13967519e-02  2.60500000e-08  4.14103668e-02  2.60500000e-08  3.30000000e+00  2.60500000e-08  3.30000000e+00 
 2.60700000e-08  3.28028430e+00  2.60700000e-08  3.66001321e+00  2.60700000e-08  4.06267245e-02  2.60700000e-08  4.06402173e-02  2.60700000e-08  3.30000000e+00  2.60700000e-08  3.30000000e+00 
 2.60900000e-08  3.27981241e+00  2.60900000e-08  3.65997241e+00  2.60900000e-08  3.98711481e-02  2.60900000e-08  3.98842584e-02  2.60900000e-08  3.30000000e+00  2.60900000e-08  3.30000000e+00 
 2.61100000e-08  3.27934462e+00  2.61100000e-08  3.65993178e+00  2.61100000e-08  3.91292980e-02  2.61100000e-08  3.91422974e-02  2.61100000e-08  3.30000000e+00  2.61100000e-08  3.30000000e+00 
 2.61300000e-08  3.27888085e+00  2.61300000e-08  3.65989131e+00  2.61300000e-08  3.84013863e-02  2.61300000e-08  3.84140140e-02  2.61300000e-08  3.30000000e+00  2.61300000e-08  3.30000000e+00 
 2.61500000e-08  3.27842106e+00  2.61500000e-08  3.65985101e+00  2.61500000e-08  3.76866972e-02  2.61500000e-08  3.76992246e-02  2.61500000e-08  3.30000000e+00  2.61500000e-08  3.30000000e+00 
 2.61700000e-08  3.27796519e+00  2.61700000e-08  3.65981086e+00  2.61700000e-08  3.69854516e-02  2.61700000e-08  3.69976178e-02  2.61700000e-08  3.30000000e+00  2.61700000e-08  3.30000000e+00 
 2.61900000e-08  3.27751318e+00  2.61900000e-08  3.65977088e+00  2.61900000e-08  3.62969426e-02  2.61900000e-08  3.63090186e-02  2.61900000e-08  3.30000000e+00  2.61900000e-08  3.30000000e+00 
 2.62100000e-08  3.27706498e+00  2.62100000e-08  3.65973105e+00  2.62100000e-08  3.56213997e-02  2.62100000e-08  3.56331243e-02  2.62100000e-08  3.30000000e+00  2.62100000e-08  3.30000000e+00 
 2.62300000e-08  3.27662055e+00  2.62300000e-08  3.65969137e+00  2.62300000e-08  3.49581246e-02  2.62300000e-08  3.49697684e-02  2.62300000e-08  3.30000000e+00  2.62300000e-08  3.30000000e+00 
 2.62500000e-08  3.27617982e+00  2.62500000e-08  3.65965183e+00  2.62500000e-08  3.43073547e-02  2.62500000e-08  3.43186566e-02  2.62500000e-08  3.30000000e+00  2.62500000e-08  3.30000000e+00 
 2.62700000e-08  3.27574276e+00  2.62700000e-08  3.65961246e+00  2.62700000e-08  3.36684002e-02  2.62700000e-08  3.36796304e-02  2.62700000e-08  3.30000000e+00  2.62700000e-08  3.30000000e+00 
 2.62900000e-08  3.27530931e+00  2.62900000e-08  3.65957321e+00  2.62900000e-08  3.30415065e-02  2.62900000e-08  3.30524036e-02  2.62900000e-08  3.30000000e+00  2.62900000e-08  3.30000000e+00 
 2.63100000e-08  3.27487942e+00  2.63100000e-08  3.65953412e+00  2.63100000e-08  3.24259916e-02  2.63100000e-08  3.24368257e-02  2.63100000e-08  3.30000000e+00  2.63100000e-08  3.30000000e+00 
 2.63300000e-08  3.27445304e+00  2.63300000e-08  3.65949515e+00  2.63300000e-08  3.18221087e-02  2.63300000e-08  3.18326183e-02  2.63300000e-08  3.30000000e+00  2.63300000e-08  3.30000000e+00 
 2.63500000e-08  3.27403014e+00  2.63500000e-08  3.65945634e+00  2.63500000e-08  3.12291836e-02  2.63500000e-08  3.12396384e-02  2.63500000e-08  3.30000000e+00  2.63500000e-08  3.30000000e+00 
 2.63700000e-08  3.27361065e+00  2.63700000e-08  3.65941765e+00  2.63700000e-08  3.06474769e-02  2.63700000e-08  3.06576152e-02  2.63700000e-08  3.30000000e+00  2.63700000e-08  3.30000000e+00 
 2.63900000e-08  3.27319455e+00  2.63900000e-08  3.65937910e+00  2.63900000e-08  3.00763218e-02  2.63900000e-08  3.00864132e-02  2.63900000e-08  3.30000000e+00  2.63900000e-08  3.30000000e+00 
 2.64100000e-08  3.27278178e+00  2.64100000e-08  3.65934067e+00  2.64100000e-08  2.95159862e-02  2.64100000e-08  2.95257687e-02  2.64100000e-08  3.30000000e+00  2.64100000e-08  3.30000000e+00 
 2.64300000e-08  3.27237231e+00  2.64300000e-08  3.65930238e+00  2.64300000e-08  2.89658103e-02  2.64300000e-08  2.89755534e-02  2.64300000e-08  3.30000000e+00  2.64300000e-08  3.30000000e+00 
 2.64500000e-08  3.27196608e+00  2.64500000e-08  3.65926421e+00  2.64500000e-08  2.84260691e-02  2.64500000e-08  2.84355106e-02  2.64500000e-08  3.30000000e+00  2.64500000e-08  3.30000000e+00 
 2.64700000e-08  3.27156306e+00  2.64700000e-08  3.65922617e+00  2.64700000e-08  2.78961098e-02  2.64700000e-08  2.79055190e-02  2.64700000e-08  3.30000000e+00  2.64700000e-08  3.30000000e+00 
 2.64900000e-08  3.27116320e+00  2.64900000e-08  3.65918824e+00  2.64900000e-08  2.73762141e-02  2.64900000e-08  2.73853287e-02  2.64900000e-08  3.30000000e+00  2.64900000e-08  3.30000000e+00 
 2.65100000e-08  3.27076648e+00  2.65100000e-08  3.65915044e+00  2.65100000e-08  2.68657358e-02  2.65100000e-08  2.68748250e-02  2.65100000e-08  3.30000000e+00  2.65100000e-08  3.30000000e+00 
 2.65300000e-08  3.27037283e+00  2.65300000e-08  3.65911276e+00  2.65300000e-08  2.63649632e-02  2.65300000e-08  2.63737645e-02  2.65300000e-08  3.30000000e+00  2.65300000e-08  3.30000000e+00 
 2.65500000e-08  3.26998224e+00  2.65500000e-08  3.65907519e+00  2.65500000e-08  2.58732567e-02  2.65500000e-08  2.58820389e-02  2.65500000e-08  3.30000000e+00  2.65500000e-08  3.30000000e+00 
 2.65700000e-08  3.26959465e+00  2.65700000e-08  3.65903774e+00  2.65700000e-08  2.53909107e-02  2.65700000e-08  2.53994113e-02  2.65700000e-08  3.30000000e+00  2.65700000e-08  3.30000000e+00 
 2.65900000e-08  3.26921004e+00  2.65900000e-08  3.65900040e+00  2.65900000e-08  2.49172919e-02  2.65900000e-08  2.49257796e-02  2.65900000e-08  3.30000000e+00  2.65900000e-08  3.30000000e+00 
 2.66100000e-08  3.26882836e+00  2.66100000e-08  3.65896317e+00  2.66100000e-08  2.44527008e-02  2.66100000e-08  2.44609130e-02  2.66100000e-08  3.30000000e+00  2.66100000e-08  3.30000000e+00 
 2.66300000e-08  3.26844958e+00  2.66300000e-08  3.65892605e+00  2.66300000e-08  2.39965102e-02  2.66300000e-08  2.40047154e-02  2.66300000e-08  3.30000000e+00  2.66300000e-08  3.30000000e+00 
 2.66500000e-08  3.26807366e+00  2.66500000e-08  3.65888903e+00  2.66500000e-08  2.35490263e-02  2.66500000e-08  2.35569618e-02  2.66500000e-08  3.30000000e+00  2.66500000e-08  3.30000000e+00 
 2.66700000e-08  3.26770057e+00  2.66700000e-08  3.65885213e+00  2.66700000e-08  2.31096279e-02  2.66700000e-08  2.31175620e-02  2.66700000e-08  3.30000000e+00  2.66700000e-08  3.30000000e+00 
 2.66900000e-08  3.26733026e+00  2.66900000e-08  3.65881532e+00  2.66900000e-08  2.26786268e-02  2.66900000e-08  2.26862968e-02  2.66900000e-08  3.30000000e+00  2.66900000e-08  3.30000000e+00 
 2.67100000e-08  3.26696272e+00  2.67100000e-08  3.65877862e+00  2.67100000e-08  2.22554075e-02  2.67100000e-08  2.22630813e-02  2.67100000e-08  3.30000000e+00  2.67100000e-08  3.30000000e+00 
 2.67300000e-08  3.26659790e+00  2.67300000e-08  3.65874202e+00  2.67300000e-08  2.18402871e-02  2.67300000e-08  2.18477021e-02  2.67300000e-08  3.30000000e+00  2.67300000e-08  3.30000000e+00 
 2.67500000e-08  3.26623578e+00  2.67500000e-08  3.65870552e+00  2.67500000e-08  2.14326557e-02  2.67500000e-08  2.14400797e-02  2.67500000e-08  3.30000000e+00  2.67500000e-08  3.30000000e+00 
 2.67700000e-08  3.26587631e+00  2.67700000e-08  3.65866911e+00  2.67700000e-08  2.10328356e-02  2.67700000e-08  2.10400059e-02  2.67700000e-08  3.30000000e+00  2.67700000e-08  3.30000000e+00 
 2.67900000e-08  3.26551947e+00  2.67900000e-08  3.65863280e+00  2.67900000e-08  2.06402222e-02  2.67900000e-08  2.06474064e-02  2.67900000e-08  3.30000000e+00  2.67900000e-08  3.30000000e+00 
 2.68100000e-08  3.26516522e+00  2.68100000e-08  3.65859658e+00  2.68100000e-08  2.02551430e-02  2.68100000e-08  2.02620782e-02  2.68100000e-08  3.30000000e+00  2.68100000e-08  3.30000000e+00 
 2.68300000e-08  3.26481354e+00  2.68300000e-08  3.65856046e+00  2.68300000e-08  1.98769982e-02  2.68300000e-08  1.98839520e-02  2.68300000e-08  3.30000000e+00  2.68300000e-08  3.30000000e+00 
 2.68500000e-08  3.26446439e+00  2.68500000e-08  3.65852443e+00  2.68500000e-08  1.95061203e-02  2.68500000e-08  1.95128297e-02  2.68500000e-08  3.30000000e+00  2.68500000e-08  3.30000000e+00 
 2.68700000e-08  3.26411775e+00  2.68700000e-08  3.65848849e+00  2.68700000e-08  1.91419145e-02  2.68700000e-08  1.91486470e-02  2.68700000e-08  3.30000000e+00  2.68700000e-08  3.30000000e+00 
 2.68900000e-08  3.26377359e+00  2.68900000e-08  3.65845263e+00  2.68900000e-08  1.87847180e-02  2.68900000e-08  1.87912106e-02  2.68900000e-08  3.30000000e+00  2.68900000e-08  3.30000000e+00 
 2.69100000e-08  3.26343187e+00  2.69100000e-08  3.65841686e+00  2.69100000e-08  1.84339408e-02  2.69100000e-08  1.84404608e-02  2.69100000e-08  3.30000000e+00  2.69100000e-08  3.30000000e+00 
 2.69300000e-08  3.26309256e+00  2.69300000e-08  3.65838118e+00  2.69300000e-08  1.80899246e-02  2.69300000e-08  1.80962088e-02  2.69300000e-08  3.30000000e+00  2.69300000e-08  3.30000000e+00 
 2.69500000e-08  3.26275565e+00  2.69500000e-08  3.65834558e+00  2.69500000e-08  1.77520839e-02  2.69500000e-08  1.77583996e-02  2.69500000e-08  3.30000000e+00  2.69500000e-08  3.30000000e+00 
 2.69700000e-08  3.26242110e+00  2.69700000e-08  3.65831006e+00  2.69700000e-08  1.74207648e-02  2.69700000e-08  1.74268488e-02  2.69700000e-08  3.30000000e+00  2.69700000e-08  3.30000000e+00 
 2.69900000e-08  3.26208888e+00  2.69900000e-08  3.65827463e+00  2.69900000e-08  1.70953864e-02  2.69900000e-08  1.71015057e-02  2.69900000e-08  3.30000000e+00  2.69900000e-08  3.30000000e+00 
 2.70100000e-08  3.26175897e+00  2.70100000e-08  3.65823927e+00  2.70100000e-08  1.67762989e-02  2.70100000e-08  1.67821904e-02  2.70100000e-08  3.30000000e+00  2.70100000e-08  3.30000000e+00 
 2.70300000e-08  3.26143134e+00  2.70300000e-08  3.65820400e+00  2.70300000e-08  1.64629257e-02  2.70300000e-08  1.64688563e-02  2.70300000e-08  3.30000000e+00  2.70300000e-08  3.30000000e+00 
 2.70500000e-08  3.26110597e+00  2.70500000e-08  3.65816879e+00  2.70500000e-08  1.61556210e-02  2.70500000e-08  1.61613275e-02  2.70500000e-08  3.30000000e+00  2.70500000e-08  3.30000000e+00 
 2.70700000e-08  3.26078282e+00  2.70700000e-08  3.65813368e+00  2.70700000e-08  1.58538124e-02  2.70700000e-08  1.58595615e-02  2.70700000e-08  3.30000000e+00  2.70700000e-08  3.30000000e+00 
 2.70900000e-08  3.26046188e+00  2.70900000e-08  3.65809862e+00  2.70900000e-08  1.55578581e-02  2.70900000e-08  1.55633867e-02  2.70900000e-08  3.30000000e+00  2.70900000e-08  3.30000000e+00 
 2.71100000e-08  3.26014312e+00  2.71100000e-08  3.65806366e+00  2.71100000e-08  1.52671895e-02  2.71100000e-08  1.52727642e-02  2.71100000e-08  3.30000000e+00  2.71100000e-08  3.30000000e+00 
 2.71300000e-08  3.25982652e+00  2.71300000e-08  3.65802875e+00  2.71300000e-08  1.49821688e-02  2.71300000e-08  1.49875263e-02  2.71300000e-08  3.30000000e+00  2.71300000e-08  3.30000000e+00 
 2.71500000e-08  3.25951204e+00  2.71500000e-08  3.65799392e+00  2.71500000e-08  1.47022312e-02  2.71500000e-08  1.47076381e-02  2.71500000e-08  3.30000000e+00  2.71500000e-08  3.30000000e+00 
 2.71700000e-08  3.25919968e+00  2.71700000e-08  3.65795916e+00  2.71700000e-08  1.44277424e-02  2.71700000e-08  1.44329354e-02  2.71700000e-08  3.30000000e+00  2.71700000e-08  3.30000000e+00 
 2.71900000e-08  3.25888939e+00  2.71900000e-08  3.65792448e+00  2.71900000e-08  1.41581414e-02  2.71900000e-08  1.41633869e-02  2.71900000e-08  3.30000000e+00  2.71900000e-08  3.30000000e+00 
 2.72100000e-08  3.25858117e+00  2.72100000e-08  3.65788985e+00  2.72100000e-08  1.38937975e-02  2.72100000e-08  1.38988322e-02  2.72100000e-08  3.30000000e+00  2.72100000e-08  3.30000000e+00 
 2.72300000e-08  3.25827499e+00  2.72300000e-08  3.65785530e+00  2.72300000e-08  1.36341532e-02  2.72300000e-08  1.36392435e-02  2.72300000e-08  3.30000000e+00  2.72300000e-08  3.30000000e+00 
 2.72500000e-08  3.25797082e+00  2.72500000e-08  3.65782081e+00  2.72500000e-08  1.33795812e-02  2.72500000e-08  1.33844637e-02  2.72500000e-08  3.30000000e+00  2.72500000e-08  3.30000000e+00 
 2.72700000e-08  3.25766865e+00  2.72700000e-08  3.65778639e+00  2.72700000e-08  1.31295275e-02  2.72700000e-08  1.31344684e-02  2.72700000e-08  3.30000000e+00  2.72700000e-08  3.30000000e+00 
 2.72900000e-08  3.25736844e+00  2.72900000e-08  3.65775202e+00  2.72900000e-08  1.28843679e-02  2.72900000e-08  1.28891040e-02  2.72900000e-08  3.30000000e+00  2.72900000e-08  3.30000000e+00 
 2.73100000e-08  3.25707019e+00  2.73100000e-08  3.65771773e+00  2.73100000e-08  1.26435520e-02  2.73100000e-08  1.26483493e-02  2.73100000e-08  3.30000000e+00  2.73100000e-08  3.30000000e+00 
 2.73300000e-08  3.25677387e+00  2.73300000e-08  3.65768349e+00  2.73300000e-08  1.24074587e-02  2.73300000e-08  1.24120538e-02  2.73300000e-08  3.30000000e+00  2.73300000e-08  3.30000000e+00 
 2.73500000e-08  3.25647946e+00  2.73500000e-08  3.65764932e+00  2.73500000e-08  1.21755407e-02  2.73500000e-08  1.21801996e-02  2.73500000e-08  3.30000000e+00  2.73500000e-08  3.30000000e+00 
 2.73700000e-08  3.25618693e+00  2.73700000e-08  3.65761521e+00  2.73700000e-08  1.19481798e-02  2.73700000e-08  1.19526393e-02  2.73700000e-08  3.30000000e+00  2.73700000e-08  3.30000000e+00 
 2.73900000e-08  3.25589628e+00  2.73900000e-08  3.65758116e+00  2.73900000e-08  1.17248321e-02  2.73900000e-08  1.17293579e-02  2.73900000e-08  3.30000000e+00  2.73900000e-08  3.30000000e+00 
 2.74100000e-08  3.25560747e+00  2.74100000e-08  3.65754716e+00  2.74100000e-08  1.15058823e-02  2.74100000e-08  1.15102111e-02  2.74100000e-08  3.30000000e+00  2.74100000e-08  3.30000000e+00 
 2.74300000e-08  3.25532049e+00  2.74300000e-08  3.65751322e+00  2.74300000e-08  1.12907893e-02  2.74300000e-08  1.12951869e-02  2.74300000e-08  3.30000000e+00  2.74300000e-08  3.30000000e+00 
 2.74500000e-08  3.25503532e+00  2.74500000e-08  3.65747934e+00  2.74500000e-08  1.10799408e-02  2.74500000e-08  1.10841439e-02  2.74500000e-08  3.30000000e+00  2.74500000e-08  3.30000000e+00 
 2.74700000e-08  3.25475194e+00  2.74700000e-08  3.65744551e+00  2.74700000e-08  1.08727984e-02  2.74700000e-08  1.08770727e-02  2.74700000e-08  3.30000000e+00  2.74700000e-08  3.30000000e+00 
 2.74900000e-08  3.25447033e+00  2.74900000e-08  3.65741174e+00  2.74900000e-08  1.06697527e-02  2.74900000e-08  1.06738347e-02  2.74900000e-08  3.30000000e+00  2.74900000e-08  3.30000000e+00 
 2.75100000e-08  3.25419048e+00  2.75100000e-08  3.65737803e+00  2.75100000e-08  1.04702681e-02  2.75100000e-08  1.04744235e-02  2.75100000e-08  3.30000000e+00  2.75100000e-08  3.30000000e+00 
 2.75300000e-08  3.25391236e+00  2.75300000e-08  3.65734436e+00  2.75300000e-08  1.02747376e-02  2.75300000e-08  1.02787031e-02  2.75300000e-08  3.30000000e+00  2.75300000e-08  3.30000000e+00 
 2.75500000e-08  3.25363596e+00  2.75500000e-08  3.65731075e+00  2.75500000e-08  1.00826285e-02  2.75500000e-08  1.00866695e-02  2.75500000e-08  3.30000000e+00  2.75500000e-08  3.30000000e+00 
 2.75700000e-08  3.25336125e+00  2.75700000e-08  3.65727719e+00  2.75700000e-08  9.89433621e-03  2.75700000e-08  9.89818942e-03  2.75700000e-08  3.30000000e+00  2.75700000e-08  3.30000000e+00 
 2.75900000e-08  3.25308823e+00  2.75900000e-08  3.65724368e+00  2.75900000e-08  9.70933067e-03  2.75900000e-08  9.71326147e-03  2.75900000e-08  3.30000000e+00  2.75900000e-08  3.30000000e+00 
 2.76100000e-08  3.25281687e+00  2.76100000e-08  3.65721022e+00  2.76100000e-08  9.52800975e-03  2.76100000e-08  9.53175483e-03  2.76100000e-08  3.30000000e+00  2.76100000e-08  3.30000000e+00 
 2.76300000e-08  3.25254716e+00  2.76300000e-08  3.65717681e+00  2.76300000e-08  9.34984583e-03  2.76300000e-08  9.35367048e-03  2.76300000e-08  3.30000000e+00  2.76300000e-08  3.30000000e+00 
 2.76500000e-08  3.25227908e+00  2.76500000e-08  3.65714344e+00  2.76500000e-08  9.17523913e-03  2.76500000e-08  9.17888004e-03  2.76500000e-08  3.30000000e+00  2.76500000e-08  3.30000000e+00 
 2.76700000e-08  3.25201261e+00  2.76700000e-08  3.65711013e+00  2.76700000e-08  9.00366447e-03  2.76700000e-08  9.00738685e-03  2.76700000e-08  3.30000000e+00  2.76700000e-08  3.30000000e+00 
 2.76900000e-08  3.25174774e+00  2.76900000e-08  3.65707686e+00  2.76900000e-08  8.83552430e-03  2.76900000e-08  8.83906486e-03  2.76900000e-08  3.30000000e+00  2.76900000e-08  3.30000000e+00 
 2.77100000e-08  3.25148446e+00  2.77100000e-08  3.65704365e+00  2.77100000e-08  8.67029579e-03  2.77100000e-08  8.67391964e-03  2.77100000e-08  3.30000000e+00  2.77100000e-08  3.30000000e+00 
 2.77300000e-08  3.25122273e+00  2.77300000e-08  3.65701047e+00  2.77300000e-08  8.50838354e-03  2.77300000e-08  8.51182739e-03  2.77300000e-08  3.30000000e+00  2.77300000e-08  3.30000000e+00 
 2.77500000e-08  3.25096256e+00  2.77500000e-08  3.65697734e+00  2.77500000e-08  8.34926697e-03  2.77500000e-08  8.35279586e-03  2.77500000e-08  3.30000000e+00  2.77500000e-08  3.30000000e+00 
 2.77700000e-08  3.25070392e+00  2.77700000e-08  3.65694425e+00  2.77700000e-08  8.19335277e-03  2.77700000e-08  8.19670343e-03  2.77700000e-08  3.30000000e+00  2.77700000e-08  3.30000000e+00 
 2.77850000e-08  3.25051094e+00  2.77850000e-08  3.65691947e+00  2.77850000e-08  8.07813229e-03  2.77850000e-08  8.08158093e-03  2.77850000e-08  3.30000000e+00  2.77850000e-08  3.30000000e+00 
 2.78000000e-08  3.25031881e+00  2.78000000e-08  3.65689470e+00  2.78000000e-08  7.96476022e-03  2.78000000e-08  7.96804323e-03  2.78000000e-08  3.30000000e+00  2.78000000e-08  3.30000000e+00 
 2.78020000e-08  3.24238013e+00  2.78020000e-08  3.64587501e+00  2.78020000e-08  7.90117092e-03  2.78020000e-08  7.90409369e-03  2.78020000e-08  3.30000000e+00  2.78020000e-08  3.23400000e+00 
 2.78060000e-08  3.22571336e+00  2.78060000e-08  3.61990857e+00  2.78060000e-08  7.78940296e-03  2.78060000e-08  7.79110001e-03  2.78060000e-08  3.30000000e+00  2.78060000e-08  3.10200000e+00 
 2.78140000e-08  3.18727974e+00  2.78140000e-08  3.55443598e+00  2.78140000e-08  7.62045088e-03  2.78140000e-08  7.61792704e-03  2.78140000e-08  3.30000000e+00  2.78140000e-08  2.83800000e+00 
 2.78300000e-08  3.05649313e+00  2.78300000e-08  3.37527086e+00  2.78300000e-08  7.26875138e-03  2.78300000e-08  7.26791152e-03  2.78300000e-08  3.30000000e+00  2.78300000e-08  2.31000000e+00 
 2.78500000e-08  2.98590957e+00  2.78500000e-08  3.18759544e+00  2.78500000e-08  7.13205691e-03  2.78500000e-08  7.38180455e-03  2.78500000e-08  3.30000000e+00  2.78500000e-08  1.65000000e+00 
 2.78700000e-08  3.05849356e+00  2.78700000e-08  3.14110522e+00  2.78700000e-08  7.19839499e-03  2.78700000e-08  7.65217497e-03  2.78700000e-08  3.30000000e+00  2.78700000e-08  9.90000000e-01 
 2.78850000e-08  3.12624981e+00  2.78850000e-08  3.15728197e+00  2.78850000e-08  7.19248948e-03  2.78850000e-08  7.65945472e-03  2.78850000e-08  3.30000000e+00  2.78850000e-08  4.95000000e-01 
 2.79000000e-08  3.16659201e+00  2.79000000e-08  3.17582721e+00  2.79000000e-08  7.18640247e-03  2.79000000e-08  7.56568619e-03  2.79000000e-08  3.30000000e+00  2.79000000e-08  0.00000000e+00 
 2.79020000e-08  3.18975913e+00  2.79020000e-08  3.19769522e+00  2.79020000e-08  7.25483646e-03  2.79020000e-08  7.61809489e-03  2.79020000e-08  3.30000000e+00  2.79020000e-08  0.00000000e+00 
 2.79060000e-08  3.22808666e+00  2.79060000e-08  3.23378971e+00  2.79060000e-08  7.35562751e-03  2.79060000e-08  7.68655864e-03  2.79060000e-08  3.30000000e+00  2.79060000e-08  0.00000000e+00 
 2.79140000e-08  3.27094753e+00  2.79140000e-08  3.27382902e+00  2.79140000e-08  7.41850173e-03  2.79140000e-08  7.68641815e-03  2.79140000e-08  3.30000000e+00  2.79140000e-08  0.00000000e+00 
 2.79300000e-08  3.29786991e+00  2.79300000e-08  3.29846900e+00  2.79300000e-08  7.35744196e-03  2.79300000e-08  7.52042026e-03  2.79300000e-08  3.30000000e+00  2.79300000e-08  0.00000000e+00 
 2.79500000e-08  3.30022687e+00  2.79500000e-08  3.30029497e+00  2.79500000e-08  7.22722116e-03  2.79500000e-08  7.30647468e-03  2.79500000e-08  3.30000000e+00  2.79500000e-08  0.00000000e+00 
 2.79700000e-08  3.30001457e+00  2.79700000e-08  3.30002086e+00  2.79700000e-08  7.10634926e-03  2.79700000e-08  7.14330077e-03  2.79700000e-08  3.30000000e+00  2.79700000e-08  0.00000000e+00 
 2.79900000e-08  3.30000404e+00  2.79900000e-08  3.30000501e+00  2.79900000e-08  6.98187271e-03  2.79900000e-08  6.99935524e-03  2.79900000e-08  3.30000000e+00  2.79900000e-08  0.00000000e+00 
 2.80100000e-08  3.30000053e+00  2.80100000e-08  3.30000069e+00  2.80100000e-08  6.85524629e-03  2.80100000e-08  6.86404091e-03  2.80100000e-08  3.30000000e+00  2.80100000e-08  0.00000000e+00 
 2.80300000e-08  3.30000008e+00  2.80300000e-08  3.30000011e+00  2.80300000e-08  6.72877998e-03  2.80300000e-08  6.73373200e-03  2.80300000e-08  3.30000000e+00  2.80300000e-08  0.00000000e+00 
 2.80500000e-08  3.30000002e+00  2.80500000e-08  3.30000003e+00  2.80500000e-08  6.60366694e-03  2.80500000e-08  6.60691692e-03  2.80500000e-08  3.30000000e+00  2.80500000e-08  0.00000000e+00 
 2.80700000e-08  3.29999999e+00  2.80700000e-08  3.29999999e+00  2.80700000e-08  6.48044474e-03  2.80700000e-08  6.48293265e-03  2.80700000e-08  3.30000000e+00  2.80700000e-08  0.00000000e+00 
 2.80900000e-08  3.30000000e+00  2.80900000e-08  3.30000001e+00  2.80900000e-08  6.35932992e-03  2.80900000e-08  6.36146769e-03  2.80900000e-08  3.30000000e+00  2.80900000e-08  0.00000000e+00 
 2.81100000e-08  3.29999999e+00  2.81100000e-08  3.29999999e+00  2.81100000e-08  6.24039429e-03  2.81100000e-08  6.24236251e-03  2.81100000e-08  3.30000000e+00  2.81100000e-08  0.00000000e+00 
 2.81300000e-08  3.30000000e+00  2.81300000e-08  3.30000001e+00  2.81300000e-08  6.12364590e-03  2.81300000e-08  6.12552384e-03  2.81300000e-08  3.30000000e+00  2.81300000e-08  0.00000000e+00 
 2.81500000e-08  3.29999999e+00  2.81500000e-08  3.29999999e+00  2.81500000e-08  6.00906528e-03  2.81500000e-08  6.01088794e-03  2.81500000e-08  3.30000000e+00  2.81500000e-08  0.00000000e+00 
 2.81700000e-08  3.30000000e+00  2.81700000e-08  3.30000001e+00  2.81700000e-08  5.89662128e-03  2.81700000e-08  5.89840423e-03  2.81700000e-08  3.30000000e+00  2.81700000e-08  0.00000000e+00 
 2.81900000e-08  3.29999999e+00  2.81900000e-08  3.29999999e+00  2.81900000e-08  5.78627810e-03  2.81900000e-08  5.78802849e-03  2.81900000e-08  3.30000000e+00  2.81900000e-08  0.00000000e+00 
 2.82100000e-08  3.30000000e+00  2.82100000e-08  3.30000001e+00  2.82100000e-08  5.67799829e-03  2.82100000e-08  5.67971949e-03  2.82100000e-08  3.30000000e+00  2.82100000e-08  0.00000000e+00 
 2.82300000e-08  3.29999999e+00  2.82300000e-08  3.29999999e+00  2.82300000e-08  5.57174410e-03  2.82300000e-08  5.57343792e-03  2.82300000e-08  3.30000000e+00  2.82300000e-08  0.00000000e+00 
 2.82500000e-08  3.30000000e+00  2.82500000e-08  3.30000001e+00  2.82500000e-08  5.46747804e-03  2.82500000e-08  5.46914550e-03  2.82500000e-08  3.30000000e+00  2.82500000e-08  0.00000000e+00 
 2.82700000e-08  3.29999999e+00  2.82700000e-08  3.29999999e+00  2.82700000e-08  5.36516313e-03  2.82700000e-08  5.36680501e-03  2.82700000e-08  3.30000000e+00  2.82700000e-08  0.00000000e+00 
 2.82900000e-08  3.30000000e+00  2.82900000e-08  3.30000001e+00  2.82900000e-08  5.26476298e-03  2.82900000e-08  5.26637984e-03  2.82900000e-08  3.30000000e+00  2.82900000e-08  0.00000000e+00 
 2.83100000e-08  3.29999999e+00  2.83100000e-08  3.29999999e+00  2.83100000e-08  5.16624186e-03  2.83100000e-08  5.16783426e-03  2.83100000e-08  3.30000000e+00  2.83100000e-08  0.00000000e+00 
 2.83300000e-08  3.30000000e+00  2.83300000e-08  3.30000001e+00  2.83300000e-08  5.06956467e-03  2.83300000e-08  5.07113308e-03  2.83300000e-08  3.30000000e+00  2.83300000e-08  0.00000000e+00 
 2.83500000e-08  3.29999999e+00  2.83500000e-08  3.29999999e+00  2.83500000e-08  4.97469699e-03  2.83500000e-08  4.97624189e-03  2.83500000e-08  3.30000000e+00  2.83500000e-08  0.00000000e+00 
 2.83700000e-08  3.30000000e+00  2.83700000e-08  3.30000001e+00  2.83700000e-08  4.88160498e-03  2.83700000e-08  4.88312682e-03  2.83700000e-08  3.30000000e+00  2.83700000e-08  0.00000000e+00 
 2.83900000e-08  3.29999999e+00  2.83900000e-08  3.29999999e+00  2.83900000e-08  4.79025550e-03  2.83900000e-08  4.79175473e-03  2.83900000e-08  3.30000000e+00  2.83900000e-08  0.00000000e+00 
 2.84100000e-08  3.30000000e+00  2.84100000e-08  3.30000001e+00  2.84100000e-08  4.70061595e-03  2.84100000e-08  4.70209300e-03  2.84100000e-08  3.30000000e+00  2.84100000e-08  0.00000000e+00 
 2.84300000e-08  3.29999999e+00  2.84300000e-08  3.29999999e+00  2.84300000e-08  4.61265441e-03  2.84300000e-08  4.61410972e-03  2.84300000e-08  3.30000000e+00  2.84300000e-08  0.00000000e+00 
 2.84500000e-08  3.30000000e+00  2.84500000e-08  3.30000001e+00  2.84500000e-08  4.52633950e-03  2.84500000e-08  4.52777346e-03  2.84500000e-08  3.30000000e+00  2.84500000e-08  0.00000000e+00 
 2.84700000e-08  3.29999999e+00  2.84700000e-08  3.29999999e+00  2.84700000e-08  4.44164045e-03  2.84700000e-08  4.44305350e-03  2.84700000e-08  3.30000000e+00  2.84700000e-08  0.00000000e+00 
 2.84900000e-08  3.30000000e+00  2.84900000e-08  3.30000001e+00  2.84900000e-08  4.35852705e-03  2.84900000e-08  4.35991958e-03  2.84900000e-08  3.30000000e+00  2.84900000e-08  0.00000000e+00 
 2.85100000e-08  3.29999999e+00  2.85100000e-08  3.29999999e+00  2.85100000e-08  4.27696968e-03  2.85100000e-08  4.27834209e-03  2.85100000e-08  3.30000000e+00  2.85100000e-08  0.00000000e+00 
 2.85300000e-08  3.30000000e+00  2.85300000e-08  3.30000001e+00  2.85300000e-08  4.19693923e-03  2.85300000e-08  4.19829190e-03  2.85300000e-08  3.30000000e+00  2.85300000e-08  0.00000000e+00 
 2.85500000e-08  3.29999999e+00  2.85500000e-08  3.29999999e+00  2.85500000e-08  4.11840718e-03  2.85500000e-08  4.11974049e-03  2.85500000e-08  3.30000000e+00  2.85500000e-08  0.00000000e+00 
 2.85700000e-08  3.30000000e+00  2.85700000e-08  3.30000001e+00  2.85700000e-08  4.04134550e-03  2.85700000e-08  4.04265981e-03  2.85700000e-08  3.30000000e+00  2.85700000e-08  0.00000000e+00 
 2.85900000e-08  3.29999999e+00  2.85900000e-08  3.29999999e+00  2.85900000e-08  3.96572670e-03  2.85900000e-08  3.96702240e-03  2.85900000e-08  3.30000000e+00  2.85900000e-08  0.00000000e+00 
 2.86100000e-08  3.30000000e+00  2.86100000e-08  3.30000001e+00  2.86100000e-08  3.89152380e-03  2.86100000e-08  3.89280122e-03  2.86100000e-08  3.30000000e+00  2.86100000e-08  0.00000000e+00 
 2.86300000e-08  3.29999999e+00  2.86300000e-08  3.29999999e+00  2.86300000e-08  3.81871034e-03  2.86300000e-08  3.81996985e-03  2.86300000e-08  3.30000000e+00  2.86300000e-08  0.00000000e+00 
 2.86500000e-08  3.30000000e+00  2.86500000e-08  3.30000001e+00  2.86500000e-08  3.74726032e-03  2.86500000e-08  3.74850225e-03  2.86500000e-08  3.30000000e+00  2.86500000e-08  0.00000000e+00 
 2.86700000e-08  3.29999999e+00  2.86700000e-08  3.29999999e+00  2.86700000e-08  3.67714826e-03  2.86700000e-08  3.67837296e-03  2.86700000e-08  3.30000000e+00  2.86700000e-08  0.00000000e+00 
 2.86900000e-08  3.30000000e+00  2.86900000e-08  3.30000001e+00  2.86900000e-08  3.60834913e-03  2.86900000e-08  3.60955690e-03  2.86900000e-08  3.30000000e+00  2.86900000e-08  0.00000000e+00 
 2.87100000e-08  3.29999999e+00  2.87100000e-08  3.29999999e+00  2.87100000e-08  3.54083837e-03  2.87100000e-08  3.54202957e-03  2.87100000e-08  3.30000000e+00  2.87100000e-08  0.00000000e+00 
 2.87300000e-08  3.30000000e+00  2.87300000e-08  3.30000001e+00  2.87300000e-08  3.47459189e-03  2.87300000e-08  3.47576681e-03  2.87300000e-08  3.30000000e+00  2.87300000e-08  0.00000000e+00 
 2.87500000e-08  3.29999999e+00  2.87500000e-08  3.29999999e+00  2.87500000e-08  3.40958604e-03  2.87500000e-08  3.41074502e-03  2.87500000e-08  3.30000000e+00  2.87500000e-08  0.00000000e+00 
 2.87700000e-08  3.30000000e+00  2.87700000e-08  3.30000001e+00  2.87700000e-08  3.34579762e-03  2.87700000e-08  3.34694093e-03  2.87700000e-08  3.30000000e+00  2.87700000e-08  0.00000000e+00 
 2.87900000e-08  3.29999999e+00  2.87900000e-08  3.29999999e+00  2.87900000e-08  3.28320385e-03  2.87900000e-08  3.28433182e-03  2.87900000e-08  3.30000000e+00  2.87900000e-08  0.00000000e+00 
 2.88100000e-08  3.30000000e+00  2.88100000e-08  3.30000001e+00  2.88100000e-08  3.22178238e-03  2.88100000e-08  3.22289528e-03  2.88100000e-08  3.30000000e+00  2.88100000e-08  0.00000000e+00 
 2.88300000e-08  3.29999999e+00  2.88300000e-08  3.29999999e+00  2.88300000e-08  3.16151129e-03  2.88300000e-08  3.16260943e-03  2.88300000e-08  3.30000000e+00  2.88300000e-08  0.00000000e+00 
 2.88500000e-08  3.30000000e+00  2.88500000e-08  3.30000001e+00  2.88500000e-08  3.10236905e-03  2.88500000e-08  3.10345269e-03  2.88500000e-08  3.30000000e+00  2.88500000e-08  0.00000000e+00 
 2.88700000e-08  3.29999999e+00  2.88700000e-08  3.29999999e+00  2.88700000e-08  3.04433455e-03  2.88700000e-08  3.04540398e-03  2.88700000e-08  3.30000000e+00  2.88700000e-08  0.00000000e+00 
 2.88900000e-08  3.30000000e+00  2.88900000e-08  3.30000001e+00  2.88900000e-08  2.98738705e-03  2.88900000e-08  2.98844253e-03  2.88900000e-08  3.30000000e+00  2.88900000e-08  0.00000000e+00 
 2.89100000e-08  3.29999999e+00  2.89100000e-08  3.29999999e+00  2.89100000e-08  2.93150622e-03  2.89100000e-08  2.93254803e-03  2.89100000e-08  3.30000000e+00  2.89100000e-08  0.00000000e+00 
 2.89300000e-08  3.30000000e+00  2.89300000e-08  3.30000001e+00  2.89300000e-08  2.87667210e-03  2.89300000e-08  2.87770048e-03  2.89300000e-08  3.30000000e+00  2.89300000e-08  0.00000000e+00 
 2.89500000e-08  3.29999999e+00  2.89500000e-08  3.29999999e+00  2.89500000e-08  2.82286510e-03  2.89500000e-08  2.82388034e-03  2.89500000e-08  3.30000000e+00  2.89500000e-08  0.00000000e+00 
 2.89700000e-08  3.30000000e+00  2.89700000e-08  3.30000001e+00  2.89700000e-08  2.77006601e-03  2.89700000e-08  2.77106833e-03  2.89700000e-08  3.30000000e+00  2.89700000e-08  0.00000000e+00 
 2.89900000e-08  3.29999999e+00  2.89900000e-08  3.29999999e+00  2.89900000e-08  2.71825596e-03  2.89900000e-08  2.71924563e-03  2.89900000e-08  3.30000000e+00  2.89900000e-08  0.00000000e+00 
 2.90100000e-08  3.30000000e+00  2.90100000e-08  3.30000001e+00  2.90100000e-08  2.66741645e-03  2.90100000e-08  2.66839368e-03  2.90100000e-08  3.30000000e+00  2.90100000e-08  0.00000000e+00 
 2.90300000e-08  3.29999999e+00  2.90300000e-08  3.29999999e+00  2.90300000e-08  2.61752930e-03  2.90300000e-08  2.61849436e-03  2.90300000e-08  3.30000000e+00  2.90300000e-08  0.00000000e+00 
 2.90500000e-08  3.30000000e+00  2.90500000e-08  3.30000001e+00  2.90500000e-08  2.56857670e-03  2.90500000e-08  2.56952979e-03  2.90500000e-08  3.30000000e+00  2.90500000e-08  0.00000000e+00 
 2.90700000e-08  3.29999999e+00  2.90700000e-08  3.29999999e+00  2.90700000e-08  2.52054116e-03  2.90700000e-08  2.52148253e-03  2.90700000e-08  3.30000000e+00  2.90700000e-08  0.00000000e+00 
 2.90900000e-08  3.30000000e+00  2.90900000e-08  3.30000001e+00  2.90900000e-08  2.47340550e-03  2.90900000e-08  2.47433536e-03  2.90900000e-08  3.30000000e+00  2.90900000e-08  0.00000000e+00 
 2.91100000e-08  3.29999999e+00  2.91100000e-08  3.29999999e+00  2.91100000e-08  2.42715289e-03  2.91100000e-08  2.42807148e-03  2.91100000e-08  3.30000000e+00  2.91100000e-08  0.00000000e+00 
 2.91300000e-08  3.30000000e+00  2.91300000e-08  3.30000001e+00  2.91300000e-08  2.38176680e-03  2.91300000e-08  2.38267430e-03  2.91300000e-08  3.30000000e+00  2.91300000e-08  0.00000000e+00 
 2.91500000e-08  3.29999999e+00  2.91500000e-08  3.29999999e+00  2.91500000e-08  2.33723100e-03  2.91500000e-08  2.33812766e-03  2.91500000e-08  3.30000000e+00  2.91500000e-08  0.00000000e+00 
 2.91700000e-08  3.30000000e+00  2.91700000e-08  3.30000001e+00  2.91700000e-08  2.29352959e-03  2.91700000e-08  2.29441558e-03  2.91700000e-08  3.30000000e+00  2.91700000e-08  0.00000000e+00 
 2.91900000e-08  3.29999999e+00  2.91900000e-08  3.29999999e+00  2.91900000e-08  2.25064694e-03  2.91900000e-08  2.25152249e-03  2.91900000e-08  3.30000000e+00  2.91900000e-08  0.00000000e+00 
 2.92100000e-08  3.30000000e+00  2.92100000e-08  3.30000001e+00  2.92100000e-08  2.20856772e-03  2.92100000e-08  2.20943301e-03  2.92100000e-08  3.30000000e+00  2.92100000e-08  0.00000000e+00 
 2.92300000e-08  3.29999999e+00  2.92300000e-08  3.29999999e+00  2.92300000e-08  2.16727689e-03  2.92300000e-08  2.16813214e-03  2.92300000e-08  3.30000000e+00  2.92300000e-08  0.00000000e+00 
 2.92500000e-08  3.30000000e+00  2.92500000e-08  3.30000001e+00  2.92500000e-08  2.12675970e-03  2.92500000e-08  2.12760507e-03  2.92500000e-08  3.30000000e+00  2.92500000e-08  0.00000000e+00 
 2.92700000e-08  3.29999999e+00  2.92700000e-08  3.29999999e+00  2.92700000e-08  2.08700165e-03  2.92700000e-08  2.08783735e-03  2.92700000e-08  3.30000000e+00  2.92700000e-08  0.00000000e+00 
 2.92900000e-08  3.30000000e+00  2.92900000e-08  3.30000001e+00  2.92900000e-08  2.04798854e-03  2.92900000e-08  2.04881474e-03  2.92900000e-08  3.30000000e+00  2.92900000e-08  0.00000000e+00 
 2.93100000e-08  3.29999999e+00  2.93100000e-08  3.29999999e+00  2.93100000e-08  2.00970642e-03  2.93100000e-08  2.01052331e-03  2.93100000e-08  3.30000000e+00  2.93100000e-08  0.00000000e+00 
 2.93300000e-08  3.30000000e+00  2.93300000e-08  3.30000001e+00  2.93300000e-08  1.97214160e-03  2.93300000e-08  1.97294934e-03  2.93300000e-08  3.30000000e+00  2.93300000e-08  0.00000000e+00 
 2.93500000e-08  3.29999999e+00  2.93500000e-08  3.29999999e+00  2.93500000e-08  1.93528064e-03  2.93500000e-08  1.93607943e-03  2.93500000e-08  3.30000000e+00  2.93500000e-08  0.00000000e+00 
 2.93700000e-08  3.30000000e+00  2.93700000e-08  3.30000001e+00  2.93700000e-08  1.89911038e-03  2.93700000e-08  1.89990037e-03  2.93700000e-08  3.30000000e+00  2.93700000e-08  0.00000000e+00 
 2.93900000e-08  3.29999999e+00  2.93900000e-08  3.29999999e+00  2.93900000e-08  1.86361788e-03  2.93900000e-08  1.86439924e-03  2.93900000e-08  3.30000000e+00  2.93900000e-08  0.00000000e+00 
 2.94100000e-08  3.30000000e+00  2.94100000e-08  3.30000001e+00  2.94100000e-08  1.82879044e-03  2.94100000e-08  1.82956333e-03  2.94100000e-08  3.30000000e+00  2.94100000e-08  0.00000000e+00 
 2.94300000e-08  3.29999999e+00  2.94300000e-08  3.29999999e+00  2.94300000e-08  1.79461561e-03  2.94300000e-08  1.79538021e-03  2.94300000e-08  3.30000000e+00  2.94300000e-08  0.00000000e+00 
 2.94500000e-08  3.30000000e+00  2.94500000e-08  3.30000001e+00  2.94500000e-08  1.76108117e-03  2.94500000e-08  1.76183761e-03  2.94500000e-08  3.30000000e+00  2.94500000e-08  0.00000000e+00 
 2.94700000e-08  3.29999999e+00  2.94700000e-08  3.29999999e+00  2.94700000e-08  1.72817513e-03  2.94700000e-08  1.72892359e-03  2.94700000e-08  3.30000000e+00  2.94700000e-08  0.00000000e+00 
 2.94900000e-08  3.30000000e+00  2.94900000e-08  3.30000001e+00  2.94900000e-08  1.69588572e-03  2.94900000e-08  1.69662633e-03  2.94900000e-08  3.30000000e+00  2.94900000e-08  0.00000000e+00 
 2.95100000e-08  3.29999999e+00  2.95100000e-08  3.29999999e+00  2.95100000e-08  1.66420139e-03  2.95100000e-08  1.66493432e-03  2.95100000e-08  3.30000000e+00  2.95100000e-08  0.00000000e+00 
 2.95300000e-08  3.30000000e+00  2.95300000e-08  3.30000001e+00  2.95300000e-08  1.63311081e-03  2.95300000e-08  1.63383618e-03  2.95300000e-08  3.30000000e+00  2.95300000e-08  0.00000000e+00 
 2.95500000e-08  3.29999999e+00  2.95500000e-08  3.29999999e+00  2.95500000e-08  1.60260285e-03  2.95500000e-08  1.60332083e-03  2.95500000e-08  3.30000000e+00  2.95500000e-08  0.00000000e+00 
 2.95700000e-08  3.30000000e+00  2.95700000e-08  3.30000001e+00  2.95700000e-08  1.57266662e-03  2.95700000e-08  1.57337733e-03  2.95700000e-08  3.30000000e+00  2.95700000e-08  0.00000000e+00 
 2.95900000e-08  3.29999999e+00  2.95900000e-08  3.29999999e+00  2.95900000e-08  1.54329139e-03  2.95900000e-08  1.54399498e-03  2.95900000e-08  3.30000000e+00  2.95900000e-08  0.00000000e+00 
 2.96100000e-08  3.30000000e+00  2.96100000e-08  3.30000001e+00  2.96100000e-08  1.51446666e-03  2.96100000e-08  1.51516326e-03  2.96100000e-08  3.30000000e+00  2.96100000e-08  0.00000000e+00 
 2.96300000e-08  3.29999999e+00  2.96300000e-08  3.29999999e+00  2.96300000e-08  1.48618213e-03  2.96300000e-08  1.48687187e-03  2.96300000e-08  3.30000000e+00  2.96300000e-08  0.00000000e+00 
 2.96500000e-08  3.30000000e+00  2.96500000e-08  3.30000001e+00  2.96500000e-08  1.45842766e-03  2.96500000e-08  1.45911067e-03  2.96500000e-08  3.30000000e+00  2.96500000e-08  0.00000000e+00 
 2.96700000e-08  3.29999999e+00  2.96700000e-08  3.29999999e+00  2.96700000e-08  1.43119334e-03  2.96700000e-08  1.43186976e-03  2.96700000e-08  3.30000000e+00  2.96700000e-08  0.00000000e+00 
 2.96900000e-08  3.30000000e+00  2.96900000e-08  3.30000001e+00  2.96900000e-08  1.40446942e-03  2.96900000e-08  1.40513935e-03  2.96900000e-08  3.30000000e+00  2.96900000e-08  0.00000000e+00 
 2.97100000e-08  3.29999999e+00  2.97100000e-08  3.29999999e+00  2.97100000e-08  1.37824634e-03  2.97100000e-08  1.37890993e-03  2.97100000e-08  3.30000000e+00  2.97100000e-08  0.00000000e+00 
 2.97300000e-08  3.30000000e+00  2.97300000e-08  3.30000001e+00  2.97300000e-08  1.35251472e-03  2.97300000e-08  1.35317206e-03  2.97300000e-08  3.30000000e+00  2.97300000e-08  0.00000000e+00 
 2.97500000e-08  3.29999999e+00  2.97500000e-08  3.29999999e+00  2.97500000e-08  1.32726534e-03  2.97500000e-08  1.32791658e-03  2.97500000e-08  3.30000000e+00  2.97500000e-08  0.00000000e+00 
 2.97700000e-08  3.30000000e+00  2.97700000e-08  3.30000001e+00  2.97700000e-08  1.30248919e-03  2.97700000e-08  1.30313442e-03  2.97700000e-08  3.30000000e+00  2.97700000e-08  0.00000000e+00 
 2.97900000e-08  3.29999999e+00  2.97900000e-08  3.29999999e+00  2.97900000e-08  1.27817739e-03  2.97900000e-08  1.27881674e-03  2.97900000e-08  3.30000000e+00  2.97900000e-08  0.00000000e+00 
 2.98100000e-08  3.30000000e+00  2.98100000e-08  3.30000001e+00  2.98100000e-08  1.25432123e-03  2.98100000e-08  1.25495480e-03  2.98100000e-08  3.30000000e+00  2.98100000e-08  0.00000000e+00 
 2.98300000e-08  3.29999999e+00  2.98300000e-08  3.29999999e+00  2.98300000e-08  1.23091220e-03  2.98300000e-08  1.23154011e-03  2.98300000e-08  3.30000000e+00  2.98300000e-08  0.00000000e+00 
 2.98500000e-08  3.30000000e+00  2.98500000e-08  3.30000001e+00  2.98500000e-08  1.20794191e-03  2.98500000e-08  1.20856426e-03  2.98500000e-08  3.30000000e+00  2.98500000e-08  0.00000000e+00 
 2.98700000e-08  3.29999999e+00  2.98700000e-08  3.29999999e+00  2.98700000e-08  1.18540214e-03  2.98700000e-08  1.18601904e-03  2.98700000e-08  3.30000000e+00  2.98700000e-08  0.00000000e+00 
 2.98900000e-08  3.30000000e+00  2.98900000e-08  3.30000001e+00  2.98900000e-08  1.16328483e-03  2.98900000e-08  1.16389637e-03  2.98900000e-08  3.30000000e+00  2.98900000e-08  0.00000000e+00 
 2.99100000e-08  3.29999999e+00  2.99100000e-08  3.29999999e+00  2.99100000e-08  1.14158206e-03  2.99100000e-08  1.14218836e-03  2.99100000e-08  3.30000000e+00  2.99100000e-08  0.00000000e+00 
 2.99300000e-08  3.30000000e+00  2.99300000e-08  3.30000001e+00  2.99300000e-08  1.12028606e-03  2.99300000e-08  1.12088720e-03  2.99300000e-08  3.30000000e+00  2.99300000e-08  0.00000000e+00 
 2.99500000e-08  3.29999999e+00  2.99500000e-08  3.29999999e+00  2.99500000e-08  1.09938921e-03  2.99500000e-08  1.09998531e-03  2.99500000e-08  3.30000000e+00  2.99500000e-08  0.00000000e+00 
 2.99700000e-08  3.30000000e+00  2.99700000e-08  3.30000001e+00  2.99700000e-08  1.07888404e-03  2.99700000e-08  1.07947518e-03  2.99700000e-08  3.30000000e+00  2.99700000e-08  0.00000000e+00 
 2.99900000e-08  3.29999999e+00  2.99900000e-08  3.29999999e+00  2.99900000e-08  1.05876321e-03  2.99900000e-08  1.05934949e-03  2.99900000e-08  3.30000000e+00  2.99900000e-08  0.00000000e+00 
 3.00100000e-08  3.30000000e+00  3.00100000e-08  3.30000001e+00  3.00100000e-08  1.03901951e-03  3.00100000e-08  1.03960101e-03  3.00100000e-08  3.30000000e+00  3.00100000e-08  0.00000000e+00 
 3.00300000e-08  3.29999999e+00  3.00300000e-08  3.29999999e+00  3.00300000e-08  1.01964588e-03  3.00300000e-08  1.02022271e-03  3.00300000e-08  3.30000000e+00  3.00300000e-08  0.00000000e+00 
 3.00500000e-08  3.30000000e+00  3.00500000e-08  3.30000001e+00  3.00500000e-08  1.00063539e-03  3.00500000e-08  1.00120761e-03  3.00500000e-08  3.30000000e+00  3.00500000e-08  0.00000000e+00 
 3.00700000e-08  3.29999999e+00  3.00700000e-08  3.29999999e+00  3.00700000e-08  9.81981226e-04  3.00700000e-08  9.82548951e-04  3.00700000e-08  3.30000000e+00  3.00700000e-08  0.00000000e+00 
 3.00850000e-08  3.30000000e+00  3.00850000e-08  3.30000001e+00  3.00850000e-08  9.68220602e-04  3.00850000e-08  9.68784995e-04  3.00850000e-08  3.30000000e+00  3.00850000e-08  0.00000000e+00 
 3.01000000e-08  3.29999999e+00  3.01000000e-08  3.29999999e+00  3.01000000e-08  9.54653882e-04  3.01000000e-08  9.55215007e-04  3.01000000e-08  3.30000000e+00  3.01000000e-08  0.00000000e+00 
 3.01020000e-08  3.29999989e+00  3.01020000e-08  3.29999989e+00  3.01020000e-08  8.84880267e-04  3.01020000e-08  8.85575987e-04  3.01020000e-08  3.23400000e+00  3.01020000e-08  0.00000000e+00 
 3.01060000e-08  3.29999967e+00  3.01060000e-08  3.29999967e+00  3.01060000e-08  7.00546903e-04  3.01060000e-08  7.01696359e-04  3.01060000e-08  3.10200000e+00  3.01060000e-08  0.00000000e+00 
 3.01140000e-08  3.29999928e+00  3.01140000e-08  3.29999928e+00  3.01140000e-08  8.32016768e-05  3.01140000e-08  8.57250127e-05  3.01140000e-08  2.83800000e+00  3.01140000e-08  0.00000000e+00 
 3.01300000e-08  3.29999887e+00  3.01300000e-08  3.29999887e+00  3.01300000e-08 -2.03213725e-03  3.01300000e-08 -2.02851795e-03  3.01300000e-08  2.31000000e+00  3.01300000e-08  0.00000000e+00 
 3.01500000e-08  3.30000294e+00  3.01500000e-08  3.30000294e+00  3.01500000e-08  2.41814790e-04  3.01500000e-08  2.54996448e-04  3.01500000e-08  1.65000000e+00  3.01500000e-08  0.00000000e+00 
 3.01700000e-08  3.30000638e+00  3.01700000e-08  3.30000640e+00  3.01700000e-08  1.16904176e-02  3.01700000e-08  1.17416109e-02  3.01700000e-08  9.90000000e-01  3.01700000e-08  0.00000000e+00 
 3.01850000e-08  3.30000672e+00  3.01850000e-08  3.30000675e+00  3.01850000e-08  2.65311716e-02  3.01850000e-08  2.66326121e-02  3.01850000e-08  4.95000000e-01  3.01850000e-08  0.00000000e+00 
 3.02000000e-08  3.30000722e+00  3.02000000e-08  3.30000724e+00  3.02000000e-08  4.71764213e-02  3.02000000e-08  4.73434676e-02  3.02000000e-08  7.94919686e-14  3.02000000e-08  0.00000000e+00 
 3.02020000e-08  3.30000773e+00  3.02020000e-08  3.30000775e+00  3.02020000e-08  5.06819649e-02  3.02020000e-08  5.08593103e-02  3.02020000e-08  0.00000000e+00  3.02020000e-08  0.00000000e+00 
 3.02060000e-08  3.30000758e+00  3.02060000e-08  3.30000760e+00  3.02060000e-08  5.74283355e-02  3.02060000e-08  5.76266546e-02  3.02060000e-08  0.00000000e+00  3.02060000e-08  0.00000000e+00 
 3.02140000e-08  3.30000432e+00  3.02140000e-08  3.30000434e+00  3.02140000e-08  6.98271693e-02  3.02140000e-08  7.00668533e-02  3.02140000e-08  0.00000000e+00  3.02140000e-08  0.00000000e+00 
 3.02300000e-08  3.29999979e+00  3.02300000e-08  3.29999979e+00  3.02300000e-08  9.29132840e-02  3.02300000e-08  9.32240104e-02  3.02300000e-08  0.00000000e+00  3.02300000e-08  0.00000000e+00 
 3.02500000e-08  3.29999952e+00  3.02500000e-08  3.29999951e+00  3.02500000e-08  1.21076872e-01  3.02500000e-08  1.21455005e-01  3.02500000e-08  0.00000000e+00  3.02500000e-08  0.00000000e+00 
 3.02700000e-08  3.30000012e+00  3.02700000e-08  3.30000012e+00  3.02700000e-08  1.49397935e-01  3.02700000e-08  1.49830524e-01  3.02700000e-08  0.00000000e+00  3.02700000e-08  0.00000000e+00 
 3.02900000e-08  3.30000025e+00  3.02900000e-08  3.30000025e+00  3.02900000e-08  1.77936375e-01  3.02900000e-08  1.78420663e-01  3.02900000e-08  0.00000000e+00  3.02900000e-08  0.00000000e+00 
 3.03100000e-08  3.30000030e+00  3.03100000e-08  3.30000030e+00  3.03100000e-08  2.06699242e-01  3.03100000e-08  2.07237915e-01  3.03100000e-08  0.00000000e+00  3.03100000e-08  0.00000000e+00 
 3.03300000e-08  3.30000036e+00  3.03300000e-08  3.30000036e+00  3.03300000e-08  2.35700537e-01  3.03300000e-08  2.36299667e-01  3.03300000e-08  0.00000000e+00  3.03300000e-08  0.00000000e+00 
 3.03500000e-08  3.30000043e+00  3.03500000e-08  3.30000044e+00  3.03500000e-08  2.64959283e-01  3.03500000e-08  2.65627642e-01  3.03500000e-08  0.00000000e+00  3.03500000e-08  0.00000000e+00 
 3.03700000e-08  3.30000053e+00  3.03700000e-08  3.30000054e+00  3.03700000e-08  2.94500590e-01  3.03700000e-08  2.95249697e-01  3.03700000e-08  0.00000000e+00  3.03700000e-08  0.00000000e+00 
 3.03900000e-08  3.30000066e+00  3.03900000e-08  3.30000067e+00  3.03900000e-08  3.24357504e-01  3.03900000e-08  3.25202145e-01  3.03900000e-08  0.00000000e+00  3.03900000e-08  0.00000000e+00 
 3.04100000e-08  3.30000083e+00  3.04100000e-08  3.30000085e+00  3.04100000e-08  3.54573816e-01  3.04100000e-08  3.55533037e-01  3.04100000e-08  0.00000000e+00  3.04100000e-08  0.00000000e+00 
 3.04300000e-08  3.30000106e+00  3.04300000e-08  3.30000109e+00  3.04300000e-08  3.85208427e-01  3.04300000e-08  3.86307129e-01  3.04300000e-08  0.00000000e+00  3.04300000e-08  0.00000000e+00 
 3.04500000e-08  3.30000135e+00  3.04500000e-08  3.30000141e+00  3.04500000e-08  4.16342206e-01  3.04500000e-08  4.17613733e-01  3.04500000e-08  0.00000000e+00  3.04500000e-08  0.00000000e+00 
 3.04700000e-08  3.30000174e+00  3.04700000e-08  3.30000182e+00  3.04700000e-08  4.48089327e-01  3.04700000e-08  4.49579790e-01  3.04700000e-08  0.00000000e+00  3.04700000e-08  0.00000000e+00 
 3.04900000e-08  3.30000222e+00  3.04900000e-08  3.30000235e+00  3.04900000e-08  4.80616865e-01  3.04900000e-08  4.82392853e-01  3.04900000e-08  0.00000000e+00  3.04900000e-08  0.00000000e+00 
 3.05100000e-08  3.30000282e+00  3.05100000e-08  3.30000303e+00  3.05100000e-08  5.14181008e-01  3.05100000e-08  5.16344421e-01  3.05100000e-08  0.00000000e+00  3.05100000e-08  0.00000000e+00 
 3.05300000e-08  3.30000356e+00  3.05300000e-08  3.30000392e+00  3.05300000e-08  5.49199109e-01  3.05300000e-08  5.51918426e-01  3.05300000e-08  0.00000000e+00  3.05300000e-08  0.00000000e+00 
 3.05500000e-08  3.30000458e+00  3.05500000e-08  3.30000525e+00  3.05500000e-08  5.86414321e-01  3.05500000e-08  5.89999982e-01  3.05500000e-08  0.00000000e+00  3.05500000e-08  0.00000000e+00 
 3.05700000e-08  3.30000623e+00  3.05700000e-08  3.30000766e+00  3.05700000e-08  6.27267902e-01  3.05700000e-08  6.32352650e-01  3.05700000e-08  0.00000000e+00  3.05700000e-08  0.00000000e+00 
 3.05900000e-08  3.30000960e+00  3.05900000e-08  3.30001285e+00  3.05900000e-08  6.74800591e-01  3.05900000e-08  6.82679976e-01  3.05900000e-08  0.00000000e+00  3.05900000e-08  0.00000000e+00 
 3.06100000e-08  3.30001647e+00  3.06100000e-08  3.30002200e+00  3.06100000e-08  7.34915532e-01  3.06100000e-08  7.47287788e-01  3.06100000e-08  0.00000000e+00  3.06100000e-08  0.00000000e+00 
 3.06300000e-08  3.30002332e+00  3.06300000e-08  3.30002622e+00  3.06300000e-08  8.14040971e-01  3.06300000e-08  8.31182271e-01  3.06300000e-08  0.00000000e+00  3.06300000e-08  0.00000000e+00 
 3.06500000e-08  3.30001652e+00  3.06500000e-08  3.30001213e+00  3.06500000e-08  9.12787352e-01  3.06500000e-08  9.33961677e-01  3.06500000e-08  0.00000000e+00  3.06500000e-08  0.00000000e+00 
 3.06700000e-08  3.29999497e+00  3.06700000e-08  3.29998312e+00  3.06700000e-08  1.02739308e+00  3.06700000e-08  1.05183878e+00  3.06700000e-08  0.00000000e+00  3.06700000e-08  0.00000000e+00 
 3.06900000e-08  3.29997080e+00  3.06900000e-08  3.29995309e+00  3.06900000e-08  1.15381627e+00  3.06900000e-08  1.18105450e+00  3.06900000e-08  0.00000000e+00  3.06900000e-08  0.00000000e+00 
 3.07100000e-08  3.29995186e+00  3.07100000e-08  3.29993150e+00  3.07100000e-08  1.28921047e+00  3.07100000e-08  1.31889162e+00  3.07100000e-08  0.00000000e+00  3.07100000e-08  0.00000000e+00 
 3.07300000e-08  3.29994201e+00  3.07300000e-08  3.29992265e+00  3.07300000e-08  1.43131486e+00  3.07300000e-08  1.46312067e+00  3.07300000e-08  0.00000000e+00  3.07300000e-08  0.00000000e+00 
 3.07500000e-08  3.29993897e+00  3.07500000e-08  3.29991805e+00  3.07500000e-08  1.57809278e+00  3.07500000e-08  1.61172136e+00  3.07500000e-08  0.00000000e+00  3.07500000e-08  0.00000000e+00 
 3.07700000e-08  3.29994011e+00  3.07700000e-08  3.29992180e+00  3.07700000e-08  1.72768265e+00  3.07700000e-08  1.76284038e+00  3.07700000e-08  0.00000000e+00  3.07700000e-08  0.00000000e+00 
 3.07900000e-08  3.29994592e+00  3.07900000e-08  3.29992942e+00  3.07900000e-08  1.87798917e+00  3.07900000e-08  1.91416154e+00  3.07900000e-08  0.00000000e+00  3.07900000e-08  0.00000000e+00 
 3.08100000e-08  3.29995292e+00  3.08100000e-08  3.29993913e+00  3.08100000e-08  2.02613476e+00  3.08100000e-08  2.06265491e+00  3.08100000e-08  0.00000000e+00  3.08100000e-08  0.00000000e+00 
 3.08300000e-08  3.29996110e+00  3.08300000e-08  3.29995167e+00  3.08300000e-08  2.16923200e+00  3.08300000e-08  2.20549413e+00  3.08300000e-08  0.00000000e+00  3.08300000e-08  0.00000000e+00 
 3.08500000e-08  3.29997062e+00  3.08500000e-08  3.29996591e+00  3.08500000e-08  2.30493928e+00  3.08500000e-08  2.34043003e+00  3.08500000e-08  0.00000000e+00  3.08500000e-08  0.00000000e+00 
 3.08700000e-08  3.29998052e+00  3.08700000e-08  3.29998014e+00  3.08700000e-08  2.43148783e+00  3.08700000e-08  2.46578086e+00  3.08700000e-08  0.00000000e+00  3.08700000e-08  0.00000000e+00 
 3.08900000e-08  3.29998985e+00  3.08900000e-08  3.29999318e+00  3.08900000e-08  2.54765487e+00  3.08900000e-08  2.58041091e+00  3.08900000e-08  0.00000000e+00  3.08900000e-08  0.00000000e+00 
 3.09100000e-08  3.29999802e+00  3.09100000e-08  3.30000450e+00  3.09100000e-08  2.65274163e+00  3.09100000e-08  2.68370934e+00  3.09100000e-08  0.00000000e+00  3.09100000e-08  0.00000000e+00 
 3.09300000e-08  3.30000500e+00  3.09300000e-08  3.30001365e+00  3.09300000e-08  2.74652880e+00  3.09300000e-08  2.77554189e+00  3.09300000e-08  0.00000000e+00  3.09300000e-08  0.00000000e+00 
 3.09500000e-08  3.30001036e+00  3.09500000e-08  3.30002033e+00  3.09500000e-08  2.82920519e+00  3.09500000e-08  2.85617505e+00  3.09500000e-08  0.00000000e+00  3.09500000e-08  0.00000000e+00 
 3.09700000e-08  3.30001425e+00  3.09700000e-08  3.30002496e+00  3.09700000e-08  2.90128296e+00  3.09700000e-08  2.92618801e+00  3.09700000e-08  0.00000000e+00  3.09700000e-08  0.00000000e+00 
 3.09900000e-08  3.30001690e+00  3.09900000e-08  3.30002779e+00  3.09900000e-08  2.96350551e+00  3.09900000e-08  2.98637866e+00  3.09900000e-08  0.00000000e+00  3.09900000e-08  0.00000000e+00 
 3.10100000e-08  3.30001849e+00  3.10100000e-08  3.30002911e+00  3.10100000e-08  3.01676011e+00  3.10100000e-08  3.03767570e+00  3.10100000e-08  0.00000000e+00  3.10100000e-08  0.00000000e+00 
 3.10300000e-08  3.30001922e+00  3.10300000e-08  3.30002928e+00  3.10300000e-08  3.06200208e+00  3.10300000e-08  3.08106366e+00  3.10300000e-08  0.00000000e+00  3.10300000e-08  0.00000000e+00 
 3.10500000e-08  3.30001929e+00  3.10500000e-08  3.30002858e+00  3.10500000e-08  3.10019477e+00  3.10500000e-08  3.11752435e+00  3.10500000e-08  0.00000000e+00  3.10500000e-08  0.00000000e+00 
 3.10700000e-08  3.30001888e+00  3.10700000e-08  3.30002731e+00  3.10700000e-08  3.13226576e+00  3.10700000e-08  3.14799504e+00  3.10700000e-08  0.00000000e+00  3.10700000e-08  0.00000000e+00 
 3.10900000e-08  3.30001813e+00  3.10900000e-08  3.30002567e+00  3.10900000e-08  3.15907818e+00  3.10900000e-08  3.17334178e+00  3.10900000e-08  0.00000000e+00  3.10900000e-08  0.00000000e+00 
 3.11100000e-08  3.30001717e+00  3.11100000e-08  3.30002383e+00  3.11100000e-08  3.18141426e+00  3.11100000e-08  3.19434486e+00  3.11100000e-08  0.00000000e+00  3.11100000e-08  0.00000000e+00 
 3.11300000e-08  3.30001609e+00  3.11300000e-08  3.30002191e+00  3.11300000e-08  3.19996870e+00  3.11300000e-08  3.21169366e+00  3.11300000e-08  0.00000000e+00  3.11300000e-08  0.00000000e+00 
 3.11500000e-08  3.30001494e+00  3.11500000e-08  3.30001999e+00  3.11500000e-08  3.21534836e+00  3.11500000e-08  3.22598765e+00  3.11500000e-08  0.00000000e+00  3.11500000e-08  0.00000000e+00 
 3.11700000e-08  3.30001379e+00  3.11700000e-08  3.30001813e+00  3.11700000e-08  3.22807667e+00  3.11700000e-08  3.23774165e+00  3.11700000e-08  0.00000000e+00  3.11700000e-08  0.00000000e+00 
 3.11900000e-08  3.30001265e+00  3.11900000e-08  3.30001637e+00  3.11900000e-08  3.23860027e+00  3.11900000e-08  3.24739321e+00  3.11900000e-08  0.00000000e+00  3.11900000e-08  0.00000000e+00 
 3.12100000e-08  3.30001155e+00  3.12100000e-08  3.30001473e+00  3.12100000e-08  3.24729712e+00  3.12100000e-08  3.25531112e+00  3.12100000e-08  0.00000000e+00  3.12100000e-08  0.00000000e+00 
 3.12300000e-08  3.30001051e+00  3.12300000e-08  3.30001322e+00  3.12300000e-08  3.25448478e+00  3.12300000e-08  3.26180404e+00  3.12300000e-08  0.00000000e+00  3.12300000e-08  0.00000000e+00 
 3.12500000e-08  3.30000954e+00  3.12500000e-08  3.30001183e+00  3.12500000e-08  3.26042860e+00  3.12500000e-08  3.26712879e+00  3.12500000e-08  0.00000000e+00  3.12500000e-08  0.00000000e+00 
 3.12700000e-08  3.30000863e+00  3.12700000e-08  3.30001058e+00  3.12700000e-08  3.26534914e+00  3.12700000e-08  3.27149808e+00  3.12700000e-08  0.00000000e+00  3.12700000e-08  0.00000000e+00 
 3.12900000e-08  3.30000780e+00  3.12900000e-08  3.30000945e+00  3.12900000e-08  3.26942919e+00  3.12900000e-08  3.27508731e+00  3.12900000e-08  0.00000000e+00  3.12900000e-08  0.00000000e+00 
 3.13100000e-08  3.30000705e+00  3.13100000e-08  3.30000844e+00  3.13100000e-08  3.27281954e+00  3.13100000e-08  3.27804065e+00  3.13100000e-08  0.00000000e+00  3.13100000e-08  0.00000000e+00 
 3.13300000e-08  3.30000635e+00  3.13300000e-08  3.30000753e+00  3.13300000e-08  3.27564442e+00  3.13300000e-08  3.28047622e+00  3.13300000e-08  0.00000000e+00  3.13300000e-08  0.00000000e+00 
 3.13500000e-08  3.30000573e+00  3.13500000e-08  3.30000673e+00  3.13500000e-08  3.27800583e+00  3.13500000e-08  3.28249058e+00  3.13500000e-08  0.00000000e+00  3.13500000e-08  0.00000000e+00 
 3.13700000e-08  3.30000517e+00  3.13700000e-08  3.30000601e+00  3.13700000e-08  3.27998745e+00  3.13700000e-08  3.28416247e+00  3.13700000e-08  0.00000000e+00  3.13700000e-08  0.00000000e+00 
 3.13900000e-08  3.30000466e+00  3.13900000e-08  3.30000538e+00  3.13900000e-08  3.28165771e+00  3.13900000e-08  3.28555599e+00  3.13900000e-08  0.00000000e+00  3.13900000e-08  0.00000000e+00 
 3.14100000e-08  3.30000420e+00  3.14100000e-08  3.30000482e+00  3.14100000e-08  3.28307264e+00  3.14100000e-08  3.28672323e+00  3.14100000e-08  0.00000000e+00  3.14100000e-08  0.00000000e+00 
 3.14300000e-08  3.30000380e+00  3.14300000e-08  3.30000432e+00  3.14300000e-08  3.28427793e+00  3.14300000e-08  3.28770646e+00  3.14300000e-08  0.00000000e+00  3.14300000e-08  0.00000000e+00 
 3.14500000e-08  3.30000343e+00  3.14500000e-08  3.30000388e+00  3.14500000e-08  3.28531093e+00  3.14500000e-08  3.28853995e+00  3.14500000e-08  0.00000000e+00  3.14500000e-08  0.00000000e+00 
 3.14700000e-08  3.30000310e+00  3.14700000e-08  3.30000349e+00  3.14700000e-08  3.28620204e+00  3.14700000e-08  3.28925144e+00  3.14700000e-08  0.00000000e+00  3.14700000e-08  0.00000000e+00 
 3.14900000e-08  3.30000281e+00  3.14900000e-08  3.30000314e+00  3.14900000e-08  3.28697612e+00  3.14900000e-08  3.28986339e+00  3.14900000e-08  0.00000000e+00  3.14900000e-08  0.00000000e+00 
 3.15100000e-08  3.30000255e+00  3.15100000e-08  3.30000283e+00  3.15100000e-08  3.28765336e+00  3.15100000e-08  3.29039393e+00  3.15100000e-08  0.00000000e+00  3.15100000e-08  0.00000000e+00 
 3.15300000e-08  3.30000232e+00  3.15300000e-08  3.30000256e+00  3.15300000e-08  3.28825028e+00  3.15300000e-08  3.29085775e+00  3.15300000e-08  0.00000000e+00  3.15300000e-08  0.00000000e+00 
 3.15500000e-08  3.30000211e+00  3.15500000e-08  3.30000232e+00  3.15500000e-08  3.28878031e+00  3.15500000e-08  3.29126670e+00  3.15500000e-08  0.00000000e+00  3.15500000e-08  0.00000000e+00 
 3.15700000e-08  3.30000192e+00  3.15700000e-08  3.30000211e+00  3.15700000e-08  3.28925444e+00  3.15700000e-08  3.29163034e+00  3.15700000e-08  0.00000000e+00  3.15700000e-08  0.00000000e+00 
 3.15900000e-08  3.30000175e+00  3.15900000e-08  3.30000191e+00  3.15900000e-08  3.28968160e+00  3.15900000e-08  3.29195642e+00  3.15900000e-08  0.00000000e+00  3.15900000e-08  0.00000000e+00 
 3.16100000e-08  3.30000160e+00  3.16100000e-08  3.30000174e+00  3.16100000e-08  3.29006916e+00  3.16100000e-08  3.29225119e+00  3.16100000e-08  0.00000000e+00  3.16100000e-08  0.00000000e+00 
 3.16300000e-08  3.30000147e+00  3.16300000e-08  3.30000159e+00  3.16300000e-08  3.29042306e+00  3.16300000e-08  3.29251972e+00  3.16300000e-08  0.00000000e+00  3.16300000e-08  0.00000000e+00 
 3.16500000e-08  3.30000135e+00  3.16500000e-08  3.30000146e+00  3.16500000e-08  3.29074826e+00  3.16500000e-08  3.29276610e+00  3.16500000e-08  0.00000000e+00  3.16500000e-08  0.00000000e+00 
 3.16700000e-08  3.30000124e+00  3.16700000e-08  3.30000134e+00  3.16700000e-08  3.29104876e+00  3.16700000e-08  3.29299367e+00  3.16700000e-08  0.00000000e+00  3.16700000e-08  0.00000000e+00 
 3.16900000e-08  3.30000114e+00  3.16900000e-08  3.30000123e+00  3.16900000e-08  3.29132793e+00  3.16900000e-08  3.29320511e+00  3.16900000e-08  0.00000000e+00  3.16900000e-08  0.00000000e+00 
 3.17100000e-08  3.30000105e+00  3.17100000e-08  3.30000113e+00  3.17100000e-08  3.29158847e+00  3.17100000e-08  3.29340265e+00  3.17100000e-08  0.00000000e+00  3.17100000e-08  0.00000000e+00 
 3.17300000e-08  3.30000097e+00  3.17300000e-08  3.30000104e+00  3.17300000e-08  3.29183270e+00  3.17300000e-08  3.29358807e+00  3.17300000e-08  0.00000000e+00  3.17300000e-08  0.00000000e+00 
 3.17500000e-08  3.30000090e+00  3.17500000e-08  3.30000096e+00  3.17500000e-08  3.29206248e+00  3.17500000e-08  3.29376285e+00  3.17500000e-08  0.00000000e+00  3.17500000e-08  0.00000000e+00 
 3.17700000e-08  3.30000083e+00  3.17700000e-08  3.30000089e+00  3.17700000e-08  3.29227943e+00  3.17700000e-08  3.29392822e+00  3.17700000e-08  0.00000000e+00  3.17700000e-08  0.00000000e+00 
 3.17900000e-08  3.30000077e+00  3.17900000e-08  3.30000082e+00  3.17900000e-08  3.29248485e+00  3.17900000e-08  3.29408517e+00  3.17900000e-08  0.00000000e+00  3.17900000e-08  0.00000000e+00 
 3.18100000e-08  3.30000072e+00  3.18100000e-08  3.30000076e+00  3.18100000e-08  3.29267989e+00  3.18100000e-08  3.29423455e+00  3.18100000e-08  0.00000000e+00  3.18100000e-08  0.00000000e+00 
 3.18300000e-08  3.30000067e+00  3.18300000e-08  3.30000071e+00  3.18300000e-08  3.29286547e+00  3.18300000e-08  3.29437706e+00  3.18300000e-08  0.00000000e+00  3.18300000e-08  0.00000000e+00 
 3.18500000e-08  3.30000062e+00  3.18500000e-08  3.30000066e+00  3.18500000e-08  3.29304244e+00  3.18500000e-08  3.29451328e+00  3.18500000e-08  0.00000000e+00  3.18500000e-08  0.00000000e+00 
 3.18700000e-08  3.30000058e+00  3.18700000e-08  3.30000062e+00  3.18700000e-08  3.29321148e+00  3.18700000e-08  3.29464374e+00  3.18700000e-08  0.00000000e+00  3.18700000e-08  0.00000000e+00 
 3.18900000e-08  3.30000055e+00  3.18900000e-08  3.30000058e+00  3.18900000e-08  3.29337322e+00  3.18900000e-08  3.29476885e+00  3.18900000e-08  0.00000000e+00  3.18900000e-08  0.00000000e+00 
 3.19100000e-08  3.30000051e+00  3.19100000e-08  3.30000054e+00  3.19100000e-08  3.29352817e+00  3.19100000e-08  3.29488899e+00  3.19100000e-08  0.00000000e+00  3.19100000e-08  0.00000000e+00 
 3.19300000e-08  3.30000048e+00  3.19300000e-08  3.30000051e+00  3.19300000e-08  3.29367681e+00  3.19300000e-08  3.29500449e+00  3.19300000e-08  0.00000000e+00  3.19300000e-08  0.00000000e+00 
 3.19500000e-08  3.30000045e+00  3.19500000e-08  3.30000048e+00  3.19500000e-08  3.29381954e+00  3.19500000e-08  3.29511564e+00  3.19500000e-08  0.00000000e+00  3.19500000e-08  0.00000000e+00 
 3.19700000e-08  3.30000042e+00  3.19700000e-08  3.30000045e+00  3.19700000e-08  3.29395674e+00  3.19700000e-08  3.29522269e+00  3.19700000e-08  0.00000000e+00  3.19700000e-08  0.00000000e+00 
 3.19900000e-08  3.30000040e+00  3.19900000e-08  3.30000042e+00  3.19900000e-08  3.29408873e+00  3.19900000e-08  3.29532587e+00  3.19900000e-08  0.00000000e+00  3.19900000e-08  0.00000000e+00 
 3.20100000e-08  3.30000038e+00  3.20100000e-08  3.30000040e+00  3.20100000e-08  3.29421582e+00  3.20100000e-08  3.29542538e+00  3.20100000e-08  0.00000000e+00  3.20100000e-08  0.00000000e+00 
 3.20300000e-08  3.30000036e+00  3.20300000e-08  3.30000037e+00  3.20300000e-08  3.29433826e+00  3.20300000e-08  3.29552141e+00  3.20300000e-08  0.00000000e+00  3.20300000e-08  0.00000000e+00 
 3.20500000e-08  3.30000034e+00  3.20500000e-08  3.30000035e+00  3.20500000e-08  3.29445633e+00  3.20500000e-08  3.29561414e+00  3.20500000e-08  0.00000000e+00  3.20500000e-08  0.00000000e+00 
 3.20700000e-08  3.30000032e+00  3.20700000e-08  3.30000033e+00  3.20700000e-08  3.29457021e+00  3.20700000e-08  3.29570373e+00  3.20700000e-08  0.00000000e+00  3.20700000e-08  0.00000000e+00 
 3.20900000e-08  3.30000030e+00  3.20900000e-08  3.30000032e+00  3.20900000e-08  3.29468015e+00  3.20900000e-08  3.29579031e+00  3.20900000e-08  0.00000000e+00  3.20900000e-08  0.00000000e+00 
 3.21100000e-08  3.30000029e+00  3.21100000e-08  3.30000030e+00  3.21100000e-08  3.29478632e+00  3.21100000e-08  3.29587402e+00  3.21100000e-08  0.00000000e+00  3.21100000e-08  0.00000000e+00 
 3.21300000e-08  3.30000027e+00  3.21300000e-08  3.30000028e+00  3.21300000e-08  3.29488892e+00  3.21300000e-08  3.29595500e+00  3.21300000e-08  0.00000000e+00  3.21300000e-08  0.00000000e+00 
 3.21500000e-08  3.30000026e+00  3.21500000e-08  3.30000027e+00  3.21500000e-08  3.29498809e+00  3.21500000e-08  3.29603336e+00  3.21500000e-08  0.00000000e+00  3.21500000e-08  0.00000000e+00 
 3.21700000e-08  3.30000025e+00  3.21700000e-08  3.30000026e+00  3.21700000e-08  3.29508401e+00  3.21700000e-08  3.29610922e+00  3.21700000e-08  0.00000000e+00  3.21700000e-08  0.00000000e+00 
 3.21900000e-08  3.30000023e+00  3.21900000e-08  3.30000024e+00  3.21900000e-08  3.29517681e+00  3.21900000e-08  3.29618267e+00  3.21900000e-08  0.00000000e+00  3.21900000e-08  0.00000000e+00 
 3.22100000e-08  3.30000022e+00  3.22100000e-08  3.30000023e+00  3.22100000e-08  3.29526665e+00  3.22100000e-08  3.29625382e+00  3.22100000e-08  0.00000000e+00  3.22100000e-08  0.00000000e+00 
 3.22300000e-08  3.30000021e+00  3.22300000e-08  3.30000022e+00  3.22300000e-08  3.29535363e+00  3.22300000e-08  3.29632277e+00  3.22300000e-08  0.00000000e+00  3.22300000e-08  0.00000000e+00 
 3.22500000e-08  3.30000020e+00  3.22500000e-08  3.30000021e+00  3.22500000e-08  3.29543790e+00  3.22500000e-08  3.29638961e+00  3.22500000e-08  0.00000000e+00  3.22500000e-08  0.00000000e+00 
 3.22700000e-08  3.30000019e+00  3.22700000e-08  3.30000020e+00  3.22700000e-08  3.29551955e+00  3.22700000e-08  3.29645441e+00  3.22700000e-08  0.00000000e+00  3.22700000e-08  0.00000000e+00 
 3.22900000e-08  3.30000019e+00  3.22900000e-08  3.30000019e+00  3.22900000e-08  3.29559872e+00  3.22900000e-08  3.29651727e+00  3.22900000e-08  0.00000000e+00  3.22900000e-08  0.00000000e+00 
 3.23100000e-08  3.30000018e+00  3.23100000e-08  3.30000018e+00  3.23100000e-08  3.29567548e+00  3.23100000e-08  3.29657825e+00  3.23100000e-08  0.00000000e+00  3.23100000e-08  0.00000000e+00 
 3.23300000e-08  3.30000017e+00  3.23300000e-08  3.30000018e+00  3.23300000e-08  3.29574996e+00  3.23300000e-08  3.29663744e+00  3.23300000e-08  0.00000000e+00  3.23300000e-08  0.00000000e+00 
 3.23500000e-08  3.30000016e+00  3.23500000e-08  3.30000017e+00  3.23500000e-08  3.29582222e+00  3.23500000e-08  3.29669489e+00  3.23500000e-08  0.00000000e+00  3.23500000e-08  0.00000000e+00 
 3.23700000e-08  3.30000016e+00  3.23700000e-08  3.30000016e+00  3.23700000e-08  3.29589238e+00  3.23700000e-08  3.29675069e+00  3.23700000e-08  0.00000000e+00  3.23700000e-08  0.00000000e+00 
 3.23900000e-08  3.30000015e+00  3.23900000e-08  3.30000016e+00  3.23900000e-08  3.29596050e+00  3.23900000e-08  3.29680489e+00  3.23900000e-08  0.00000000e+00  3.23900000e-08  0.00000000e+00 
 3.24100000e-08  3.30000014e+00  3.24100000e-08  3.30000015e+00  3.24100000e-08  3.29602668e+00  3.24100000e-08  3.29685755e+00  3.24100000e-08  0.00000000e+00  3.24100000e-08  0.00000000e+00 
 3.24300000e-08  3.30000014e+00  3.24300000e-08  3.30000014e+00  3.24300000e-08  3.29609098e+00  3.24300000e-08  3.29690874e+00  3.24300000e-08  0.00000000e+00  3.24300000e-08  0.00000000e+00 
 3.24500000e-08  3.30000013e+00  3.24500000e-08  3.30000014e+00  3.24500000e-08  3.29615349e+00  3.24500000e-08  3.29695850e+00  3.24500000e-08  0.00000000e+00  3.24500000e-08  0.00000000e+00 
 3.24700000e-08  3.30000013e+00  3.24700000e-08  3.30000013e+00  3.24700000e-08  3.29621424e+00  3.24700000e-08  3.29700689e+00  3.24700000e-08  0.00000000e+00  3.24700000e-08  0.00000000e+00 
 3.24900000e-08  3.30000012e+00  3.24900000e-08  3.30000013e+00  3.24900000e-08  3.29627335e+00  3.24900000e-08  3.29705397e+00  3.24900000e-08  0.00000000e+00  3.24900000e-08  0.00000000e+00 
 3.25100000e-08  3.30000012e+00  3.25100000e-08  3.30000012e+00  3.25100000e-08  3.29633084e+00  3.25100000e-08  3.29709977e+00  3.25100000e-08  0.00000000e+00  3.25100000e-08  0.00000000e+00 
 3.25300000e-08  3.30000011e+00  3.25300000e-08  3.30000012e+00  3.25300000e-08  3.29638679e+00  3.25300000e-08  3.29714435e+00  3.25300000e-08  0.00000000e+00  3.25300000e-08  0.00000000e+00 
 3.25500000e-08  3.30000011e+00  3.25500000e-08  3.30000011e+00  3.25500000e-08  3.29644125e+00  3.25500000e-08  3.29718775e+00  3.25500000e-08  0.00000000e+00  3.25500000e-08  0.00000000e+00 
 3.25700000e-08  3.30000011e+00  3.25700000e-08  3.30000011e+00  3.25700000e-08  3.29649428e+00  3.25700000e-08  3.29723001e+00  3.25700000e-08  0.00000000e+00  3.25700000e-08  0.00000000e+00 
 3.25900000e-08  3.30000010e+00  3.25900000e-08  3.30000011e+00  3.25900000e-08  3.29654592e+00  3.25900000e-08  3.29727117e+00  3.25900000e-08  0.00000000e+00  3.25900000e-08  0.00000000e+00 
 3.26100000e-08  3.30000010e+00  3.26100000e-08  3.30000010e+00  3.26100000e-08  3.29659624e+00  3.26100000e-08  3.29731127e+00  3.26100000e-08  0.00000000e+00  3.26100000e-08  0.00000000e+00 
 3.26300000e-08  3.30000010e+00  3.26300000e-08  3.30000010e+00  3.26300000e-08  3.29664526e+00  3.26300000e-08  3.29735035e+00  3.26300000e-08  0.00000000e+00  3.26300000e-08  0.00000000e+00 
 3.26500000e-08  3.30000009e+00  3.26500000e-08  3.30000009e+00  3.26500000e-08  3.29669305e+00  3.26500000e-08  3.29738845e+00  3.26500000e-08  0.00000000e+00  3.26500000e-08  0.00000000e+00 
 3.26700000e-08  3.30000009e+00  3.26700000e-08  3.30000009e+00  3.26700000e-08  3.29673964e+00  3.26700000e-08  3.29742559e+00  3.26700000e-08  0.00000000e+00  3.26700000e-08  0.00000000e+00 
 3.26900000e-08  3.30000009e+00  3.26900000e-08  3.30000009e+00  3.26900000e-08  3.29678508e+00  3.26900000e-08  3.29746182e+00  3.26900000e-08  0.00000000e+00  3.26900000e-08  0.00000000e+00 
 3.27100000e-08  3.30000008e+00  3.27100000e-08  3.30000009e+00  3.27100000e-08  3.29682939e+00  3.27100000e-08  3.29749715e+00  3.27100000e-08  0.00000000e+00  3.27100000e-08  0.00000000e+00 
 3.27300000e-08  3.30000008e+00  3.27300000e-08  3.30000008e+00  3.27300000e-08  3.29687264e+00  3.27300000e-08  3.29753163e+00  3.27300000e-08  0.00000000e+00  3.27300000e-08  0.00000000e+00 
 3.27500000e-08  3.30000008e+00  3.27500000e-08  3.30000008e+00  3.27500000e-08  3.29691484e+00  3.27500000e-08  3.29756527e+00  3.27500000e-08  0.00000000e+00  3.27500000e-08  0.00000000e+00 
 3.27700000e-08  3.30000008e+00  3.27700000e-08  3.30000008e+00  3.27700000e-08  3.29695604e+00  3.27700000e-08  3.29759812e+00  3.27700000e-08  0.00000000e+00  3.27700000e-08  0.00000000e+00 
 3.27900000e-08  3.30000007e+00  3.27900000e-08  3.30000008e+00  3.27900000e-08  3.29699625e+00  3.27900000e-08  3.29763018e+00  3.27900000e-08  0.00000000e+00  3.27900000e-08  0.00000000e+00 
 3.28100000e-08  3.30000007e+00  3.28100000e-08  3.30000007e+00  3.28100000e-08  3.29703555e+00  3.28100000e-08  3.29766150e+00  3.28100000e-08  0.00000000e+00  3.28100000e-08  0.00000000e+00 
 3.28300000e-08  3.30000007e+00  3.28300000e-08  3.30000007e+00  3.28300000e-08  3.29707391e+00  3.28300000e-08  3.29769209e+00  3.28300000e-08  0.00000000e+00  3.28300000e-08  0.00000000e+00 
 3.28500000e-08  3.30000007e+00  3.28500000e-08  3.30000007e+00  3.28500000e-08  3.29711141e+00  3.28500000e-08  3.29772198e+00  3.28500000e-08  0.00000000e+00  3.28500000e-08  0.00000000e+00 
 3.28700000e-08  3.30000006e+00  3.28700000e-08  3.30000007e+00  3.28700000e-08  3.29714803e+00  3.28700000e-08  3.29775118e+00  3.28700000e-08  0.00000000e+00  3.28700000e-08  0.00000000e+00 
 3.28900000e-08  3.30000006e+00  3.28900000e-08  3.30000006e+00  3.28900000e-08  3.29718386e+00  3.28900000e-08  3.29777973e+00  3.28900000e-08  0.00000000e+00  3.28900000e-08  0.00000000e+00 
 3.29100000e-08  3.30000006e+00  3.29100000e-08  3.30000006e+00  3.29100000e-08  3.29721886e+00  3.29100000e-08  3.29780764e+00  3.29100000e-08  0.00000000e+00  3.29100000e-08  0.00000000e+00 
 3.29300000e-08  3.30000006e+00  3.29300000e-08  3.30000006e+00  3.29300000e-08  3.29725310e+00  3.29300000e-08  3.29783493e+00  3.29300000e-08  0.00000000e+00  3.29300000e-08  0.00000000e+00 
 3.29500000e-08  3.30000006e+00  3.29500000e-08  3.30000006e+00  3.29500000e-08  3.29728658e+00  3.29500000e-08  3.29786161e+00  3.29500000e-08  0.00000000e+00  3.29500000e-08  0.00000000e+00 
 3.29700000e-08  3.30000006e+00  3.29700000e-08  3.30000006e+00  3.29700000e-08  3.29731935e+00  3.29700000e-08  3.29788772e+00  3.29700000e-08  0.00000000e+00  3.29700000e-08  0.00000000e+00 
 3.29900000e-08  3.30000005e+00  3.29900000e-08  3.30000006e+00  3.29900000e-08  3.29735139e+00  3.29900000e-08  3.29791326e+00  3.29900000e-08  0.00000000e+00  3.29900000e-08  0.00000000e+00 
 3.30100000e-08  3.30000005e+00  3.30100000e-08  3.30000005e+00  3.30100000e-08  3.29738277e+00  3.30100000e-08  3.29793826e+00  3.30100000e-08  0.00000000e+00  3.30100000e-08  0.00000000e+00 
 3.30300000e-08  3.30000005e+00  3.30300000e-08  3.30000005e+00  3.30300000e-08  3.29741347e+00  3.30300000e-08  3.29796273e+00  3.30300000e-08  0.00000000e+00  3.30300000e-08  0.00000000e+00 
 3.30500000e-08  3.30000005e+00  3.30500000e-08  3.30000005e+00  3.30500000e-08  3.29744354e+00  3.30500000e-08  3.29798668e+00  3.30500000e-08  0.00000000e+00  3.30500000e-08  0.00000000e+00 
 3.30700000e-08  3.30000005e+00  3.30700000e-08  3.30000005e+00  3.30700000e-08  3.29747297e+00  3.30700000e-08  3.29801013e+00  3.30700000e-08  0.00000000e+00  3.30700000e-08  0.00000000e+00 
 3.30900000e-08  3.30000005e+00  3.30900000e-08  3.30000005e+00  3.30900000e-08  3.29750180e+00  3.30900000e-08  3.29803310e+00  3.30900000e-08  0.00000000e+00  3.30900000e-08  0.00000000e+00 
 3.31100000e-08  3.30000005e+00  3.31100000e-08  3.30000005e+00  3.31100000e-08  3.29753004e+00  3.31100000e-08  3.29805559e+00  3.31100000e-08  0.00000000e+00  3.31100000e-08  0.00000000e+00 
 3.31300000e-08  3.30000004e+00  3.31300000e-08  3.30000005e+00  3.31300000e-08  3.29755771e+00  3.31300000e-08  3.29807763e+00  3.31300000e-08  0.00000000e+00  3.31300000e-08  0.00000000e+00 
 3.31500000e-08  3.30000004e+00  3.31500000e-08  3.30000004e+00  3.31500000e-08  3.29758482e+00  3.31500000e-08  3.29809922e+00  3.31500000e-08  0.00000000e+00  3.31500000e-08  0.00000000e+00 
 3.31700000e-08  3.30000004e+00  3.31700000e-08  3.30000004e+00  3.31700000e-08  3.29761140e+00  3.31700000e-08  3.29812038e+00  3.31700000e-08  0.00000000e+00  3.31700000e-08  0.00000000e+00 
 3.31900000e-08  3.30000004e+00  3.31900000e-08  3.30000004e+00  3.31900000e-08  3.29763743e+00  3.31900000e-08  3.29814112e+00  3.31900000e-08  0.00000000e+00  3.31900000e-08  0.00000000e+00 
 3.32100000e-08  3.30000004e+00  3.32100000e-08  3.30000004e+00  3.32100000e-08  3.29766298e+00  3.32100000e-08  3.29816145e+00  3.32100000e-08  0.00000000e+00  3.32100000e-08  0.00000000e+00 
 3.32300000e-08  3.30000004e+00  3.32300000e-08  3.30000004e+00  3.32300000e-08  3.29768801e+00  3.32300000e-08  3.29818139e+00  3.32300000e-08  0.00000000e+00  3.32300000e-08  0.00000000e+00 
 3.32500000e-08  3.30000004e+00  3.32500000e-08  3.30000004e+00  3.32500000e-08  3.29771258e+00  3.32500000e-08  3.29820094e+00  3.32500000e-08  0.00000000e+00  3.32500000e-08  0.00000000e+00 
 3.32700000e-08  3.30000004e+00  3.32700000e-08  3.30000004e+00  3.32700000e-08  3.29773666e+00  3.32700000e-08  3.29822011e+00  3.32700000e-08  0.00000000e+00  3.32700000e-08  0.00000000e+00 
 3.32900000e-08  3.30000004e+00  3.32900000e-08  3.30000004e+00  3.32900000e-08  3.29776030e+00  3.32900000e-08  3.29823892e+00  3.32900000e-08  0.00000000e+00  3.32900000e-08  0.00000000e+00 
 3.33100000e-08  3.30000004e+00  3.33100000e-08  3.30000004e+00  3.33100000e-08  3.29778347e+00  3.33100000e-08  3.29825737e+00  3.33100000e-08  0.00000000e+00  3.33100000e-08  0.00000000e+00 
 3.33300000e-08  3.30000003e+00  3.33300000e-08  3.30000004e+00  3.33300000e-08  3.29780624e+00  3.33300000e-08  3.29827548e+00  3.33300000e-08  0.00000000e+00  3.33300000e-08  0.00000000e+00 
 3.33500000e-08  3.30000003e+00  3.33500000e-08  3.30000003e+00  3.33500000e-08  3.29782856e+00  3.33500000e-08  3.29829325e+00  3.33500000e-08  0.00000000e+00  3.33500000e-08  0.00000000e+00 
 3.33700000e-08  3.30000003e+00  3.33700000e-08  3.30000003e+00  3.33700000e-08  3.29785049e+00  3.33700000e-08  3.29831069e+00  3.33700000e-08  0.00000000e+00  3.33700000e-08  0.00000000e+00 
 3.33900000e-08  3.30000003e+00  3.33900000e-08  3.30000003e+00  3.33900000e-08  3.29787200e+00  3.33900000e-08  3.29832781e+00  3.33900000e-08  0.00000000e+00  3.33900000e-08  0.00000000e+00 
 3.34100000e-08  3.30000003e+00  3.34100000e-08  3.30000003e+00  3.34100000e-08  3.29789314e+00  3.34100000e-08  3.29834462e+00  3.34100000e-08  0.00000000e+00  3.34100000e-08  0.00000000e+00 
 3.34300000e-08  3.30000003e+00  3.34300000e-08  3.30000003e+00  3.34300000e-08  3.29791389e+00  3.34300000e-08  3.29836112e+00  3.34300000e-08  0.00000000e+00  3.34300000e-08  0.00000000e+00 
 3.34500000e-08  3.30000003e+00  3.34500000e-08  3.30000003e+00  3.34500000e-08  3.29793428e+00  3.34500000e-08  3.29837734e+00  3.34500000e-08  0.00000000e+00  3.34500000e-08  0.00000000e+00 
 3.34700000e-08  3.30000003e+00  3.34700000e-08  3.30000003e+00  3.34700000e-08  3.29795430e+00  3.34700000e-08  3.29839326e+00  3.34700000e-08  0.00000000e+00  3.34700000e-08  0.00000000e+00 
 3.34900000e-08  3.30000003e+00  3.34900000e-08  3.30000003e+00  3.34900000e-08  3.29797398e+00  3.34900000e-08  3.29840890e+00  3.34900000e-08  0.00000000e+00  3.34900000e-08  0.00000000e+00 
 3.35100000e-08  3.30000003e+00  3.35100000e-08  3.30000003e+00  3.35100000e-08  3.29799330e+00  3.35100000e-08  3.29842427e+00  3.35100000e-08  0.00000000e+00  3.35100000e-08  0.00000000e+00 
 3.35300000e-08  3.30000003e+00  3.35300000e-08  3.30000003e+00  3.35300000e-08  3.29801230e+00  3.35300000e-08  3.29843937e+00  3.35300000e-08  0.00000000e+00  3.35300000e-08  0.00000000e+00 
 3.35500000e-08  3.30000003e+00  3.35500000e-08  3.30000003e+00  3.35500000e-08  3.29803096e+00  3.35500000e-08  3.29845421e+00  3.35500000e-08  0.00000000e+00  3.35500000e-08  0.00000000e+00 
 3.35700000e-08  3.30000003e+00  3.35700000e-08  3.30000003e+00  3.35700000e-08  3.29804932e+00  3.35700000e-08  3.29846879e+00  3.35700000e-08  0.00000000e+00  3.35700000e-08  0.00000000e+00 
 3.35900000e-08  3.30000003e+00  3.35900000e-08  3.30000003e+00  3.35900000e-08  3.29806735e+00  3.35900000e-08  3.29848313e+00  3.35900000e-08  0.00000000e+00  3.35900000e-08  0.00000000e+00 
 3.36100000e-08  3.30000002e+00  3.36100000e-08  3.30000003e+00  3.36100000e-08  3.29808510e+00  3.36100000e-08  3.29849723e+00  3.36100000e-08  0.00000000e+00  3.36100000e-08  0.00000000e+00 
 3.36300000e-08  3.30000002e+00  3.36300000e-08  3.30000002e+00  3.36300000e-08  3.29810253e+00  3.36300000e-08  3.29851108e+00  3.36300000e-08  0.00000000e+00  3.36300000e-08  0.00000000e+00 
 3.36500000e-08  3.30000002e+00  3.36500000e-08  3.30000002e+00  3.36500000e-08  3.29811970e+00  3.36500000e-08  3.29852471e+00  3.36500000e-08  0.00000000e+00  3.36500000e-08  0.00000000e+00 
 3.36700000e-08  3.30000002e+00  3.36700000e-08  3.30000002e+00  3.36700000e-08  3.29813656e+00  3.36700000e-08  3.29853811e+00  3.36700000e-08  0.00000000e+00  3.36700000e-08  0.00000000e+00 
 3.36900000e-08  3.30000002e+00  3.36900000e-08  3.30000002e+00  3.36900000e-08  3.29815316e+00  3.36900000e-08  3.29855130e+00  3.36900000e-08  0.00000000e+00  3.36900000e-08  0.00000000e+00 
 3.37100000e-08  3.30000002e+00  3.37100000e-08  3.30000002e+00  3.37100000e-08  3.29816948e+00  3.37100000e-08  3.29856426e+00  3.37100000e-08  0.00000000e+00  3.37100000e-08  0.00000000e+00 
 3.37300000e-08  3.30000002e+00  3.37300000e-08  3.30000002e+00  3.37300000e-08  3.29818556e+00  3.37300000e-08  3.29857702e+00  3.37300000e-08  0.00000000e+00  3.37300000e-08  0.00000000e+00 
 3.37500000e-08  3.30000002e+00  3.37500000e-08  3.30000002e+00  3.37500000e-08  3.29820136e+00  3.37500000e-08  3.29858957e+00  3.37500000e-08  0.00000000e+00  3.37500000e-08  0.00000000e+00 
 3.37700000e-08  3.30000002e+00  3.37700000e-08  3.30000002e+00  3.37700000e-08  3.29821692e+00  3.37700000e-08  3.29860193e+00  3.37700000e-08  0.00000000e+00  3.37700000e-08  0.00000000e+00 
 3.37900000e-08  3.30000002e+00  3.37900000e-08  3.30000002e+00  3.37900000e-08  3.29823223e+00  3.37900000e-08  3.29861408e+00  3.37900000e-08  0.00000000e+00  3.37900000e-08  0.00000000e+00 
 3.38100000e-08  3.30000002e+00  3.38100000e-08  3.30000002e+00  3.38100000e-08  3.29824731e+00  3.38100000e-08  3.29862605e+00  3.38100000e-08  0.00000000e+00  3.38100000e-08  0.00000000e+00 
 3.38300000e-08  3.30000002e+00  3.38300000e-08  3.30000002e+00  3.38300000e-08  3.29826214e+00  3.38300000e-08  3.29863782e+00  3.38300000e-08  0.00000000e+00  3.38300000e-08  0.00000000e+00 
 3.38500000e-08  3.30000002e+00  3.38500000e-08  3.30000002e+00  3.38500000e-08  3.29827676e+00  3.38500000e-08  3.29864942e+00  3.38500000e-08  0.00000000e+00  3.38500000e-08  0.00000000e+00 
 3.38700000e-08  3.30000002e+00  3.38700000e-08  3.30000002e+00  3.38700000e-08  3.29829113e+00  3.38700000e-08  3.29866083e+00  3.38700000e-08  0.00000000e+00  3.38700000e-08  0.00000000e+00 
 3.38900000e-08  3.30000002e+00  3.38900000e-08  3.30000002e+00  3.38900000e-08  3.29830531e+00  3.38900000e-08  3.29867207e+00  3.38900000e-08  0.00000000e+00  3.38900000e-08  0.00000000e+00 
 3.39100000e-08  3.30000002e+00  3.39100000e-08  3.30000002e+00  3.39100000e-08  3.29831925e+00  3.39100000e-08  3.29868314e+00  3.39100000e-08  0.00000000e+00  3.39100000e-08  0.00000000e+00 
 3.39300000e-08  3.30000002e+00  3.39300000e-08  3.30000002e+00  3.39300000e-08  3.29833300e+00  3.39300000e-08  3.29869404e+00  3.39300000e-08  0.00000000e+00  3.39300000e-08  0.00000000e+00 
 3.39500000e-08  3.30000002e+00  3.39500000e-08  3.30000002e+00  3.39500000e-08  3.29834653e+00  3.39500000e-08  3.29870478e+00  3.39500000e-08  0.00000000e+00  3.39500000e-08  0.00000000e+00 
 3.39700000e-08  3.30000002e+00  3.39700000e-08  3.30000002e+00  3.39700000e-08  3.29835987e+00  3.39700000e-08  3.29871536e+00  3.39700000e-08  0.00000000e+00  3.39700000e-08  0.00000000e+00 
 3.39900000e-08  3.30000002e+00  3.39900000e-08  3.30000002e+00  3.39900000e-08  3.29837300e+00  3.39900000e-08  3.29872578e+00  3.39900000e-08  0.00000000e+00  3.39900000e-08  0.00000000e+00 
 3.40100000e-08  3.30000002e+00  3.40100000e-08  3.30000002e+00  3.40100000e-08  3.29838596e+00  3.40100000e-08  3.29873604e+00  3.40100000e-08  0.00000000e+00  3.40100000e-08  0.00000000e+00 
 3.40300000e-08  3.30000002e+00  3.40300000e-08  3.30000002e+00  3.40300000e-08  3.29839871e+00  3.40300000e-08  3.29874616e+00  3.40300000e-08  0.00000000e+00  3.40300000e-08  0.00000000e+00 
 3.40500000e-08  3.30000002e+00  3.40500000e-08  3.30000002e+00  3.40500000e-08  3.29841129e+00  3.40500000e-08  3.29875613e+00  3.40500000e-08  0.00000000e+00  3.40500000e-08  0.00000000e+00 
 3.40700000e-08  3.30000002e+00  3.40700000e-08  3.30000002e+00  3.40700000e-08  3.29842368e+00  3.40700000e-08  3.29876595e+00  3.40700000e-08  0.00000000e+00  3.40700000e-08  0.00000000e+00 
 3.40900000e-08  3.30000001e+00  3.40900000e-08  3.30000002e+00  3.40900000e-08  3.29843590e+00  3.40900000e-08  3.29877563e+00  3.40900000e-08  0.00000000e+00  3.40900000e-08  0.00000000e+00 
 3.41100000e-08  3.30000001e+00  3.41100000e-08  3.30000002e+00  3.41100000e-08  3.29844793e+00  3.41100000e-08  3.29878518e+00  3.41100000e-08  0.00000000e+00  3.41100000e-08  0.00000000e+00 
 3.41300000e-08  3.30000001e+00  3.41300000e-08  3.30000001e+00  3.41300000e-08  3.29845982e+00  3.41300000e-08  3.29879459e+00  3.41300000e-08  0.00000000e+00  3.41300000e-08  0.00000000e+00 
 3.41500000e-08  3.30000001e+00  3.41500000e-08  3.30000001e+00  3.41500000e-08  3.29847151e+00  3.41500000e-08  3.29880386e+00  3.41500000e-08  0.00000000e+00  3.41500000e-08  0.00000000e+00 
 3.41700000e-08  3.30000001e+00  3.41700000e-08  3.30000001e+00  3.41700000e-08  3.29848306e+00  3.41700000e-08  3.29881301e+00  3.41700000e-08  0.00000000e+00  3.41700000e-08  0.00000000e+00 
 3.41900000e-08  3.30000001e+00  3.41900000e-08  3.30000001e+00  3.41900000e-08  3.29849444e+00  3.41900000e-08  3.29882202e+00  3.41900000e-08  0.00000000e+00  3.41900000e-08  0.00000000e+00 
 3.42100000e-08  3.30000001e+00  3.42100000e-08  3.30000001e+00  3.42100000e-08  3.29850567e+00  3.42100000e-08  3.29883092e+00  3.42100000e-08  0.00000000e+00  3.42100000e-08  0.00000000e+00 
 3.42300000e-08  3.30000001e+00  3.42300000e-08  3.30000001e+00  3.42300000e-08  3.29851674e+00  3.42300000e-08  3.29883969e+00  3.42300000e-08  0.00000000e+00  3.42300000e-08  0.00000000e+00 
 3.42500000e-08  3.30000001e+00  3.42500000e-08  3.30000001e+00  3.42500000e-08  3.29852767e+00  3.42500000e-08  3.29884834e+00  3.42500000e-08  0.00000000e+00  3.42500000e-08  0.00000000e+00 
 3.42700000e-08  3.30000001e+00  3.42700000e-08  3.30000001e+00  3.42700000e-08  3.29853843e+00  3.42700000e-08  3.29885687e+00  3.42700000e-08  0.00000000e+00  3.42700000e-08  0.00000000e+00 
 3.42900000e-08  3.30000001e+00  3.42900000e-08  3.30000001e+00  3.42900000e-08  3.29854907e+00  3.42900000e-08  3.29886529e+00  3.42900000e-08  0.00000000e+00  3.42900000e-08  0.00000000e+00 
 3.43100000e-08  3.30000001e+00  3.43100000e-08  3.30000001e+00  3.43100000e-08  3.29855955e+00  3.43100000e-08  3.29887359e+00  3.43100000e-08  0.00000000e+00  3.43100000e-08  0.00000000e+00 
 3.43300000e-08  3.30000001e+00  3.43300000e-08  3.30000001e+00  3.43300000e-08  3.29856991e+00  3.43300000e-08  3.29888178e+00  3.43300000e-08  0.00000000e+00  3.43300000e-08  0.00000000e+00 
 3.43500000e-08  3.30000001e+00  3.43500000e-08  3.30000001e+00  3.43500000e-08  3.29858011e+00  3.43500000e-08  3.29888986e+00  3.43500000e-08  0.00000000e+00  3.43500000e-08  0.00000000e+00 
 3.43700000e-08  3.30000001e+00  3.43700000e-08  3.30000001e+00  3.43700000e-08  3.29859020e+00  3.43700000e-08  3.29889784e+00  3.43700000e-08  0.00000000e+00  3.43700000e-08  0.00000000e+00 
 3.43900000e-08  3.30000001e+00  3.43900000e-08  3.30000001e+00  3.43900000e-08  3.29860013e+00  3.43900000e-08  3.29890571e+00  3.43900000e-08  0.00000000e+00  3.43900000e-08  0.00000000e+00 
 3.44100000e-08  3.30000001e+00  3.44100000e-08  3.30000001e+00  3.44100000e-08  3.29860996e+00  3.44100000e-08  3.29891348e+00  3.44100000e-08  0.00000000e+00  3.44100000e-08  0.00000000e+00 
 3.44300000e-08  3.30000001e+00  3.44300000e-08  3.30000001e+00  3.44300000e-08  3.29861964e+00  3.44300000e-08  3.29892115e+00  3.44300000e-08  0.00000000e+00  3.44300000e-08  0.00000000e+00 
 3.44500000e-08  3.30000001e+00  3.44500000e-08  3.30000001e+00  3.44500000e-08  3.29862922e+00  3.44500000e-08  3.29892872e+00  3.44500000e-08  0.00000000e+00  3.44500000e-08  0.00000000e+00 
 3.44700000e-08  3.30000001e+00  3.44700000e-08  3.30000001e+00  3.44700000e-08  3.29863865e+00  3.44700000e-08  3.29893619e+00  3.44700000e-08  0.00000000e+00  3.44700000e-08  0.00000000e+00 
 3.44900000e-08  3.30000001e+00  3.44900000e-08  3.30000001e+00  3.44900000e-08  3.29864798e+00  3.44900000e-08  3.29894356e+00  3.44900000e-08  0.00000000e+00  3.44900000e-08  0.00000000e+00 
 3.45100000e-08  3.30000001e+00  3.45100000e-08  3.30000001e+00  3.45100000e-08  3.29865718e+00  3.45100000e-08  3.29895085e+00  3.45100000e-08  0.00000000e+00  3.45100000e-08  0.00000000e+00 
 3.45300000e-08  3.30000001e+00  3.45300000e-08  3.30000001e+00  3.45300000e-08  3.29866628e+00  3.45300000e-08  3.29895804e+00  3.45300000e-08  0.00000000e+00  3.45300000e-08  0.00000000e+00 
 3.45500000e-08  3.30000001e+00  3.45500000e-08  3.30000001e+00  3.45500000e-08  3.29867525e+00  3.45500000e-08  3.29896513e+00  3.45500000e-08  0.00000000e+00  3.45500000e-08  0.00000000e+00 
 3.45700000e-08  3.30000001e+00  3.45700000e-08  3.30000001e+00  3.45700000e-08  3.29868412e+00  3.45700000e-08  3.29897215e+00  3.45700000e-08  0.00000000e+00  3.45700000e-08  0.00000000e+00 
 3.45900000e-08  3.30000001e+00  3.45900000e-08  3.30000001e+00  3.45900000e-08  3.29869287e+00  3.45900000e-08  3.29897907e+00  3.45900000e-08  0.00000000e+00  3.45900000e-08  0.00000000e+00 
 3.46100000e-08  3.30000001e+00  3.46100000e-08  3.30000001e+00  3.46100000e-08  3.29870153e+00  3.46100000e-08  3.29898591e+00  3.46100000e-08  0.00000000e+00  3.46100000e-08  0.00000000e+00 
 3.46300000e-08  3.30000001e+00  3.46300000e-08  3.30000001e+00  3.46300000e-08  3.29871007e+00  3.46300000e-08  3.29899266e+00  3.46300000e-08  0.00000000e+00  3.46300000e-08  0.00000000e+00 
 3.46500000e-08  3.30000001e+00  3.46500000e-08  3.30000001e+00  3.46500000e-08  3.29871851e+00  3.46500000e-08  3.29899933e+00  3.46500000e-08  0.00000000e+00  3.46500000e-08  0.00000000e+00 
 3.46700000e-08  3.30000001e+00  3.46700000e-08  3.30000001e+00  3.46700000e-08  3.29872684e+00  3.46700000e-08  3.29900592e+00  3.46700000e-08  0.00000000e+00  3.46700000e-08  0.00000000e+00 
 3.46900000e-08  3.30000001e+00  3.46900000e-08  3.30000001e+00  3.46900000e-08  3.29873509e+00  3.46900000e-08  3.29901243e+00  3.46900000e-08  0.00000000e+00  3.46900000e-08  0.00000000e+00 
 3.47100000e-08  3.30000001e+00  3.47100000e-08  3.30000001e+00  3.47100000e-08  3.29874322e+00  3.47100000e-08  3.29901886e+00  3.47100000e-08  0.00000000e+00  3.47100000e-08  0.00000000e+00 
 3.47300000e-08  3.30000001e+00  3.47300000e-08  3.30000001e+00  3.47300000e-08  3.29875127e+00  3.47300000e-08  3.29902522e+00  3.47300000e-08  0.00000000e+00  3.47300000e-08  0.00000000e+00 
 3.47500000e-08  3.30000001e+00  3.47500000e-08  3.30000001e+00  3.47500000e-08  3.29875921e+00  3.47500000e-08  3.29903150e+00  3.47500000e-08  0.00000000e+00  3.47500000e-08  0.00000000e+00 
 3.47700000e-08  3.30000001e+00  3.47700000e-08  3.30000001e+00  3.47700000e-08  3.29876707e+00  3.47700000e-08  3.29903770e+00  3.47700000e-08  0.00000000e+00  3.47700000e-08  0.00000000e+00 
 3.47900000e-08  3.30000001e+00  3.47900000e-08  3.30000001e+00  3.47900000e-08  3.29877483e+00  3.47900000e-08  3.29904383e+00  3.47900000e-08  0.00000000e+00  3.47900000e-08  0.00000000e+00 
 3.48100000e-08  3.30000001e+00  3.48100000e-08  3.30000001e+00  3.48100000e-08  3.29878251e+00  3.48100000e-08  3.29904989e+00  3.48100000e-08  0.00000000e+00  3.48100000e-08  0.00000000e+00 
 3.48300000e-08  3.30000001e+00  3.48300000e-08  3.30000001e+00  3.48300000e-08  3.29879008e+00  3.48300000e-08  3.29905588e+00  3.48300000e-08  0.00000000e+00  3.48300000e-08  0.00000000e+00 
 3.48500000e-08  3.30000001e+00  3.48500000e-08  3.30000001e+00  3.48500000e-08  3.29879758e+00  3.48500000e-08  3.29906180e+00  3.48500000e-08  0.00000000e+00  3.48500000e-08  0.00000000e+00 
 3.48700000e-08  3.30000001e+00  3.48700000e-08  3.30000001e+00  3.48700000e-08  3.29880499e+00  3.48700000e-08  3.29906765e+00  3.48700000e-08  0.00000000e+00  3.48700000e-08  0.00000000e+00 
 3.48900000e-08  3.30000001e+00  3.48900000e-08  3.30000001e+00  3.48900000e-08  3.29881232e+00  3.48900000e-08  3.29907344e+00  3.48900000e-08  0.00000000e+00  3.48900000e-08  0.00000000e+00 
 3.49100000e-08  3.30000001e+00  3.49100000e-08  3.30000001e+00  3.49100000e-08  3.29881955e+00  3.49100000e-08  3.29907915e+00  3.49100000e-08  0.00000000e+00  3.49100000e-08  0.00000000e+00 
 3.49300000e-08  3.30000001e+00  3.49300000e-08  3.30000001e+00  3.49300000e-08  3.29882672e+00  3.49300000e-08  3.29908481e+00  3.49300000e-08  0.00000000e+00  3.49300000e-08  0.00000000e+00 
 3.49500000e-08  3.30000001e+00  3.49500000e-08  3.30000001e+00  3.49500000e-08  3.29883379e+00  3.49500000e-08  3.29909039e+00  3.49500000e-08  0.00000000e+00  3.49500000e-08  0.00000000e+00 
 3.49700000e-08  3.30000001e+00  3.49700000e-08  3.30000001e+00  3.49700000e-08  3.29884080e+00  3.49700000e-08  3.29909592e+00  3.49700000e-08  0.00000000e+00  3.49700000e-08  0.00000000e+00 
 3.49900000e-08  3.30000001e+00  3.49900000e-08  3.30000001e+00  3.49900000e-08  3.29884772e+00  3.49900000e-08  3.29910138e+00  3.49900000e-08  0.00000000e+00  3.49900000e-08  0.00000000e+00 
 3.50100000e-08  3.30000001e+00  3.50100000e-08  3.30000001e+00  3.50100000e-08  3.29885457e+00  3.50100000e-08  3.29910679e+00  3.50100000e-08  0.00000000e+00  3.50100000e-08  0.00000000e+00 
 3.50300000e-08  3.30000001e+00  3.50300000e-08  3.30000001e+00  3.50300000e-08  3.29886133e+00  3.50300000e-08  3.29911213e+00  3.50300000e-08  0.00000000e+00  3.50300000e-08  0.00000000e+00 
 3.50500000e-08  3.30000001e+00  3.50500000e-08  3.30000001e+00  3.50500000e-08  3.29886804e+00  3.50500000e-08  3.29911741e+00  3.50500000e-08  0.00000000e+00  3.50500000e-08  0.00000000e+00 
 3.50700000e-08  3.30000001e+00  3.50700000e-08  3.30000001e+00  3.50700000e-08  3.29887465e+00  3.50700000e-08  3.29912264e+00  3.50700000e-08  0.00000000e+00  3.50700000e-08  0.00000000e+00 
 3.50900000e-08  3.30000001e+00  3.50900000e-08  3.30000001e+00  3.50900000e-08  3.29888122e+00  3.50900000e-08  3.29912781e+00  3.50900000e-08  0.00000000e+00  3.50900000e-08  0.00000000e+00 
 3.51100000e-08  3.30000001e+00  3.51100000e-08  3.30000001e+00  3.51100000e-08  3.29888769e+00  3.51100000e-08  3.29913292e+00  3.51100000e-08  0.00000000e+00  3.51100000e-08  0.00000000e+00 
 3.51300000e-08  3.30000001e+00  3.51300000e-08  3.30000001e+00  3.51300000e-08  3.29889411e+00  3.51300000e-08  3.29913798e+00  3.51300000e-08  0.00000000e+00  3.51300000e-08  0.00000000e+00 
 3.51500000e-08  3.30000001e+00  3.51500000e-08  3.30000001e+00  3.51500000e-08  3.29890044e+00  3.51500000e-08  3.29914298e+00  3.51500000e-08  0.00000000e+00  3.51500000e-08  0.00000000e+00 
 3.51700000e-08  3.30000001e+00  3.51700000e-08  3.30000001e+00  3.51700000e-08  3.29890673e+00  3.51700000e-08  3.29914793e+00  3.51700000e-08  0.00000000e+00  3.51700000e-08  0.00000000e+00 
 3.51900000e-08  3.30000001e+00  3.51900000e-08  3.30000001e+00  3.51900000e-08  3.29891293e+00  3.51900000e-08  3.29915282e+00  3.51900000e-08  0.00000000e+00  3.51900000e-08  0.00000000e+00 
 3.52100000e-08  3.30000001e+00  3.52100000e-08  3.30000001e+00  3.52100000e-08  3.29891908e+00  3.52100000e-08  3.29915767e+00  3.52100000e-08  0.00000000e+00  3.52100000e-08  0.00000000e+00 
 3.52300000e-08  3.30000001e+00  3.52300000e-08  3.30000001e+00  3.52300000e-08  3.29892515e+00  3.52300000e-08  3.29916246e+00  3.52300000e-08  0.00000000e+00  3.52300000e-08  0.00000000e+00 
 3.52500000e-08  3.30000000e+00  3.52500000e-08  3.30000001e+00  3.52500000e-08  3.29893117e+00  3.52500000e-08  3.29916720e+00  3.52500000e-08  0.00000000e+00  3.52500000e-08  0.00000000e+00 
 3.52700000e-08  3.30000001e+00  3.52700000e-08  3.30000001e+00  3.52700000e-08  3.29893712e+00  3.52700000e-08  3.29917189e+00  3.52700000e-08  0.00000000e+00  3.52700000e-08  0.00000000e+00 
 3.52900000e-08  3.30000000e+00  3.52900000e-08  3.30000000e+00  3.52900000e-08  3.29894302e+00  3.52900000e-08  3.29917654e+00  3.52900000e-08  0.00000000e+00  3.52900000e-08  0.00000000e+00 
 3.53100000e-08  3.30000000e+00  3.53100000e-08  3.30000000e+00  3.53100000e-08  3.29894884e+00  3.53100000e-08  3.29918113e+00  3.53100000e-08  0.00000000e+00  3.53100000e-08  0.00000000e+00 
 3.53300000e-08  3.30000000e+00  3.53300000e-08  3.30000000e+00  3.53300000e-08  3.29895462e+00  3.53300000e-08  3.29918568e+00  3.53300000e-08  0.00000000e+00  3.53300000e-08  0.00000000e+00 
 3.53500000e-08  3.30000000e+00  3.53500000e-08  3.30000000e+00  3.53500000e-08  3.29896032e+00  3.53500000e-08  3.29919018e+00  3.53500000e-08  0.00000000e+00  3.53500000e-08  0.00000000e+00 
 3.53700000e-08  3.30000000e+00  3.53700000e-08  3.30000000e+00  3.53700000e-08  3.29896599e+00  3.53700000e-08  3.29919464e+00  3.53700000e-08  0.00000000e+00  3.53700000e-08  0.00000000e+00 
 3.53900000e-08  3.30000000e+00  3.53900000e-08  3.30000000e+00  3.53900000e-08  3.29897157e+00  3.53900000e-08  3.29919905e+00  3.53900000e-08  0.00000000e+00  3.53900000e-08  0.00000000e+00 
 3.54100000e-08  3.30000000e+00  3.54100000e-08  3.30000000e+00  3.54100000e-08  3.29897712e+00  3.54100000e-08  3.29920341e+00  3.54100000e-08  0.00000000e+00  3.54100000e-08  0.00000000e+00 
 3.54300000e-08  3.30000000e+00  3.54300000e-08  3.30000000e+00  3.54300000e-08  3.29898260e+00  3.54300000e-08  3.29920773e+00  3.54300000e-08  0.00000000e+00  3.54300000e-08  0.00000000e+00 
 3.54500000e-08  3.30000000e+00  3.54500000e-08  3.30000000e+00  3.54500000e-08  3.29898804e+00  3.54500000e-08  3.29921201e+00  3.54500000e-08  0.00000000e+00  3.54500000e-08  0.00000000e+00 
 3.54700000e-08  3.30000000e+00  3.54700000e-08  3.30000000e+00  3.54700000e-08  3.29899341e+00  3.54700000e-08  3.29921624e+00  3.54700000e-08  0.00000000e+00  3.54700000e-08  0.00000000e+00 
 3.54900000e-08  3.30000000e+00  3.54900000e-08  3.30000000e+00  3.54900000e-08  3.29899874e+00  3.54900000e-08  3.29922044e+00  3.54900000e-08  0.00000000e+00  3.54900000e-08  0.00000000e+00 
 3.55100000e-08  3.30000000e+00  3.55100000e-08  3.30000000e+00  3.55100000e-08  3.29900400e+00  3.55100000e-08  3.29922459e+00  3.55100000e-08  0.00000000e+00  3.55100000e-08  0.00000000e+00 
 3.55300000e-08  3.30000000e+00  3.55300000e-08  3.30000000e+00  3.55300000e-08  3.29900923e+00  3.55300000e-08  3.29922870e+00  3.55300000e-08  0.00000000e+00  3.55300000e-08  0.00000000e+00 
 3.55500000e-08  3.30000000e+00  3.55500000e-08  3.30000000e+00  3.55500000e-08  3.29901439e+00  3.55500000e-08  3.29923277e+00  3.55500000e-08  0.00000000e+00  3.55500000e-08  0.00000000e+00 
 3.55700000e-08  3.30000000e+00  3.55700000e-08  3.30000000e+00  3.55700000e-08  3.29901951e+00  3.55700000e-08  3.29923680e+00  3.55700000e-08  0.00000000e+00  3.55700000e-08  0.00000000e+00 
 3.55900000e-08  3.30000000e+00  3.55900000e-08  3.30000000e+00  3.55900000e-08  3.29902457e+00  3.55900000e-08  3.29924079e+00  3.55900000e-08  0.00000000e+00  3.55900000e-08  0.00000000e+00 
 3.56100000e-08  3.30000000e+00  3.56100000e-08  3.30000000e+00  3.56100000e-08  3.29902960e+00  3.56100000e-08  3.29924474e+00  3.56100000e-08  0.00000000e+00  3.56100000e-08  0.00000000e+00 
 3.56300000e-08  3.30000000e+00  3.56300000e-08  3.30000000e+00  3.56300000e-08  3.29903456e+00  3.56300000e-08  3.29924865e+00  3.56300000e-08  0.00000000e+00  3.56300000e-08  0.00000000e+00 
 3.56500000e-08  3.30000000e+00  3.56500000e-08  3.30000000e+00  3.56500000e-08  3.29903950e+00  3.56500000e-08  3.29925253e+00  3.56500000e-08  0.00000000e+00  3.56500000e-08  0.00000000e+00 
 3.56700000e-08  3.30000000e+00  3.56700000e-08  3.30000000e+00  3.56700000e-08  3.29904437e+00  3.56700000e-08  3.29925636e+00  3.56700000e-08  0.00000000e+00  3.56700000e-08  0.00000000e+00 
 3.56900000e-08  3.30000000e+00  3.56900000e-08  3.30000000e+00  3.56900000e-08  3.29904921e+00  3.56900000e-08  3.29926017e+00  3.56900000e-08  0.00000000e+00  3.56900000e-08  0.00000000e+00 
 3.57100000e-08  3.30000000e+00  3.57100000e-08  3.30000000e+00  3.57100000e-08  3.29905398e+00  3.57100000e-08  3.29926393e+00  3.57100000e-08  0.00000000e+00  3.57100000e-08  0.00000000e+00 
 3.57300000e-08  3.30000000e+00  3.57300000e-08  3.30000000e+00  3.57300000e-08  3.29905873e+00  3.57300000e-08  3.29926766e+00  3.57300000e-08  0.00000000e+00  3.57300000e-08  0.00000000e+00 
 3.57500000e-08  3.30000000e+00  3.57500000e-08  3.30000000e+00  3.57500000e-08  3.29906342e+00  3.57500000e-08  3.29927136e+00  3.57500000e-08  0.00000000e+00  3.57500000e-08  0.00000000e+00 
 3.57700000e-08  3.30000000e+00  3.57700000e-08  3.30000000e+00  3.57700000e-08  3.29906808e+00  3.57700000e-08  3.29927502e+00  3.57700000e-08  0.00000000e+00  3.57700000e-08  0.00000000e+00 
 3.57900000e-08  3.30000000e+00  3.57900000e-08  3.30000000e+00  3.57900000e-08  3.29907268e+00  3.57900000e-08  3.29927864e+00  3.57900000e-08  0.00000000e+00  3.57900000e-08  0.00000000e+00 
 3.58100000e-08  3.30000000e+00  3.58100000e-08  3.30000000e+00  3.58100000e-08  3.29907726e+00  3.58100000e-08  3.29928224e+00  3.58100000e-08  0.00000000e+00  3.58100000e-08  0.00000000e+00 
 3.58300000e-08  3.30000000e+00  3.58300000e-08  3.30000000e+00  3.58300000e-08  3.29908177e+00  3.58300000e-08  3.29928580e+00  3.58300000e-08  0.00000000e+00  3.58300000e-08  0.00000000e+00 
 3.58500000e-08  3.30000000e+00  3.58500000e-08  3.30000000e+00  3.58500000e-08  3.29908627e+00  3.58500000e-08  3.29928932e+00  3.58500000e-08  0.00000000e+00  3.58500000e-08  0.00000000e+00 
 3.58700000e-08  3.30000000e+00  3.58700000e-08  3.30000000e+00  3.58700000e-08  3.29909070e+00  3.58700000e-08  3.29929282e+00  3.58700000e-08  0.00000000e+00  3.58700000e-08  0.00000000e+00 
 3.58900000e-08  3.30000000e+00  3.58900000e-08  3.30000000e+00  3.58900000e-08  3.29909511e+00  3.58900000e-08  3.29929628e+00  3.58900000e-08  0.00000000e+00  3.58900000e-08  0.00000000e+00 
 3.59100000e-08  3.30000000e+00  3.59100000e-08  3.30000000e+00  3.59100000e-08  3.29909947e+00  3.59100000e-08  3.29929971e+00  3.59100000e-08  0.00000000e+00  3.59100000e-08  0.00000000e+00 
 3.59300000e-08  3.30000000e+00  3.59300000e-08  3.30000000e+00  3.59300000e-08  3.29910380e+00  3.59300000e-08  3.29930311e+00  3.59300000e-08  0.00000000e+00  3.59300000e-08  0.00000000e+00 
 3.59500000e-08  3.30000000e+00  3.59500000e-08  3.30000000e+00  3.59500000e-08  3.29910807e+00  3.59500000e-08  3.29930648e+00  3.59500000e-08  0.00000000e+00  3.59500000e-08  0.00000000e+00 
 3.59700000e-08  3.30000000e+00  3.59700000e-08  3.30000000e+00  3.59700000e-08  3.29911233e+00  3.59700000e-08  3.29930982e+00  3.59700000e-08  0.00000000e+00  3.59700000e-08  0.00000000e+00 
 3.59900000e-08  3.30000000e+00  3.59900000e-08  3.30000000e+00  3.59900000e-08  3.29911653e+00  3.59900000e-08  3.29931312e+00  3.59900000e-08  0.00000000e+00  3.59900000e-08  0.00000000e+00 
 3.60100000e-08  3.30000000e+00  3.60100000e-08  3.30000000e+00  3.60100000e-08  3.29912071e+00  3.60100000e-08  3.29931640e+00  3.60100000e-08  0.00000000e+00  3.60100000e-08  0.00000000e+00 
 3.60300000e-08  3.30000000e+00  3.60300000e-08  3.30000000e+00  3.60300000e-08  3.29912483e+00  3.60300000e-08  3.29931965e+00  3.60300000e-08  0.00000000e+00  3.60300000e-08  0.00000000e+00 
 3.60500000e-08  3.30000000e+00  3.60500000e-08  3.30000000e+00  3.60500000e-08  3.29912894e+00  3.60500000e-08  3.29932287e+00  3.60500000e-08  0.00000000e+00  3.60500000e-08  0.00000000e+00 
 3.60700000e-08  3.30000000e+00  3.60700000e-08  3.30000000e+00  3.60700000e-08  3.29913299e+00  3.60700000e-08  3.29932606e+00  3.60700000e-08  0.00000000e+00  3.60700000e-08  0.00000000e+00 
 3.60900000e-08  3.30000000e+00  3.60900000e-08  3.30000000e+00  3.60900000e-08  3.29913703e+00  3.60900000e-08  3.29932923e+00  3.60900000e-08  0.00000000e+00  3.60900000e-08  0.00000000e+00 
 3.61100000e-08  3.30000000e+00  3.61100000e-08  3.30000000e+00  3.61100000e-08  3.29914101e+00  3.61100000e-08  3.29933237e+00  3.61100000e-08  0.00000000e+00  3.61100000e-08  0.00000000e+00 
 3.61300000e-08  3.30000000e+00  3.61300000e-08  3.30000000e+00  3.61300000e-08  3.29914498e+00  3.61300000e-08  3.29933548e+00  3.61300000e-08  0.00000000e+00  3.61300000e-08  0.00000000e+00 
 3.61500000e-08  3.30000000e+00  3.61500000e-08  3.30000000e+00  3.61500000e-08  3.29914889e+00  3.61500000e-08  3.29933856e+00  3.61500000e-08  0.00000000e+00  3.61500000e-08  0.00000000e+00 
 3.61700000e-08  3.30000000e+00  3.61700000e-08  3.30000000e+00  3.61700000e-08  3.29915279e+00  3.61700000e-08  3.29934161e+00  3.61700000e-08  0.00000000e+00  3.61700000e-08  0.00000000e+00 
 3.61900000e-08  3.30000000e+00  3.61900000e-08  3.30000000e+00  3.61900000e-08  3.29915664e+00  3.61900000e-08  3.29934464e+00  3.61900000e-08  0.00000000e+00  3.61900000e-08  0.00000000e+00 
 3.62100000e-08  3.30000000e+00  3.62100000e-08  3.30000000e+00  3.62100000e-08  3.29916047e+00  3.62100000e-08  3.29934765e+00  3.62100000e-08  0.00000000e+00  3.62100000e-08  0.00000000e+00 
 3.62300000e-08  3.30000000e+00  3.62300000e-08  3.30000000e+00  3.62300000e-08  3.29916425e+00  3.62300000e-08  3.29935062e+00  3.62300000e-08  0.00000000e+00  3.62300000e-08  0.00000000e+00 
 3.62500000e-08  3.30000000e+00  3.62500000e-08  3.30000000e+00  3.62500000e-08  3.29916802e+00  3.62500000e-08  3.29935358e+00  3.62500000e-08  0.00000000e+00  3.62500000e-08  0.00000000e+00 
 3.62700000e-08  3.30000000e+00  3.62700000e-08  3.30000000e+00  3.62700000e-08  3.29917174e+00  3.62700000e-08  3.29935650e+00  3.62700000e-08  0.00000000e+00  3.62700000e-08  0.00000000e+00 
 3.62900000e-08  3.30000000e+00  3.62900000e-08  3.30000000e+00  3.62900000e-08  3.29917545e+00  3.62900000e-08  3.29935941e+00  3.62900000e-08  0.00000000e+00  3.62900000e-08  0.00000000e+00 
 3.63100000e-08  3.30000000e+00  3.63100000e-08  3.30000000e+00  3.63100000e-08  3.29917910e+00  3.63100000e-08  3.29936228e+00  3.63100000e-08  0.00000000e+00  3.63100000e-08  0.00000000e+00 
 3.63300000e-08  3.30000000e+00  3.63300000e-08  3.30000000e+00  3.63300000e-08  3.29918274e+00  3.63300000e-08  3.29936514e+00  3.63300000e-08  0.00000000e+00  3.63300000e-08  0.00000000e+00 
 3.63500000e-08  3.30000000e+00  3.63500000e-08  3.30000000e+00  3.63500000e-08  3.29918634e+00  3.63500000e-08  3.29936797e+00  3.63500000e-08  0.00000000e+00  3.63500000e-08  0.00000000e+00 
 3.63700000e-08  3.30000000e+00  3.63700000e-08  3.30000000e+00  3.63700000e-08  3.29918992e+00  3.63700000e-08  3.29937077e+00  3.63700000e-08  0.00000000e+00  3.63700000e-08  0.00000000e+00 
 3.63900000e-08  3.30000000e+00  3.63900000e-08  3.30000000e+00  3.63900000e-08  3.29919346e+00  3.63900000e-08  3.29937356e+00  3.63900000e-08  0.00000000e+00  3.63900000e-08  0.00000000e+00 
 3.64100000e-08  3.30000000e+00  3.64100000e-08  3.30000000e+00  3.64100000e-08  3.29919699e+00  3.64100000e-08  3.29937632e+00  3.64100000e-08  0.00000000e+00  3.64100000e-08  0.00000000e+00 
 3.64300000e-08  3.30000000e+00  3.64300000e-08  3.30000000e+00  3.64300000e-08  3.29920046e+00  3.64300000e-08  3.29937905e+00  3.64300000e-08  0.00000000e+00  3.64300000e-08  0.00000000e+00 
 3.64500000e-08  3.30000000e+00  3.64500000e-08  3.30000000e+00  3.64500000e-08  3.29920393e+00  3.64500000e-08  3.29938177e+00  3.64500000e-08  0.00000000e+00  3.64500000e-08  0.00000000e+00 
 3.64700000e-08  3.30000000e+00  3.64700000e-08  3.30000000e+00  3.64700000e-08  3.29920736e+00  3.64700000e-08  3.29938446e+00  3.64700000e-08  0.00000000e+00  3.64700000e-08  0.00000000e+00 
 3.64900000e-08  3.30000000e+00  3.64900000e-08  3.30000000e+00  3.64900000e-08  3.29921077e+00  3.64900000e-08  3.29938713e+00  3.64900000e-08  0.00000000e+00  3.64900000e-08  0.00000000e+00 
 3.65100000e-08  3.30000000e+00  3.65100000e-08  3.30000000e+00  3.65100000e-08  3.29921413e+00  3.65100000e-08  3.29938978e+00  3.65100000e-08  0.00000000e+00  3.65100000e-08  0.00000000e+00 
 3.65300000e-08  3.30000000e+00  3.65300000e-08  3.30000000e+00  3.65300000e-08  3.29921749e+00  3.65300000e-08  3.29939241e+00  3.65300000e-08  0.00000000e+00  3.65300000e-08  0.00000000e+00 
 3.65500000e-08  3.30000000e+00  3.65500000e-08  3.30000000e+00  3.65500000e-08  3.29922081e+00  3.65500000e-08  3.29939502e+00  3.65500000e-08  0.00000000e+00  3.65500000e-08  0.00000000e+00 
 3.65700000e-08  3.30000000e+00  3.65700000e-08  3.30000000e+00  3.65700000e-08  3.29922411e+00  3.65700000e-08  3.29939760e+00  3.65700000e-08  0.00000000e+00  3.65700000e-08  0.00000000e+00 
 3.65900000e-08  3.30000000e+00  3.65900000e-08  3.30000000e+00  3.65900000e-08  3.29922737e+00  3.65900000e-08  3.29940017e+00  3.65900000e-08  0.00000000e+00  3.65900000e-08  0.00000000e+00 
 3.66100000e-08  3.30000000e+00  3.66100000e-08  3.30000000e+00  3.66100000e-08  3.29923062e+00  3.66100000e-08  3.29940271e+00  3.66100000e-08  0.00000000e+00  3.66100000e-08  0.00000000e+00 
 3.66300000e-08  3.30000000e+00  3.66300000e-08  3.30000000e+00  3.66300000e-08  3.29923383e+00  3.66300000e-08  3.29940523e+00  3.66300000e-08  0.00000000e+00  3.66300000e-08  0.00000000e+00 
 3.66500000e-08  3.30000000e+00  3.66500000e-08  3.30000000e+00  3.66500000e-08  3.29923703e+00  3.66500000e-08  3.29940774e+00  3.66500000e-08  0.00000000e+00  3.66500000e-08  0.00000000e+00 
 3.66700000e-08  3.30000000e+00  3.66700000e-08  3.30000000e+00  3.66700000e-08  3.29924019e+00  3.66700000e-08  3.29941022e+00  3.66700000e-08  0.00000000e+00  3.66700000e-08  0.00000000e+00 
 3.66900000e-08  3.30000000e+00  3.66900000e-08  3.30000000e+00  3.66900000e-08  3.29924334e+00  3.66900000e-08  3.29941269e+00  3.66900000e-08  0.00000000e+00  3.66900000e-08  0.00000000e+00 
 3.67100000e-08  3.30000000e+00  3.67100000e-08  3.30000000e+00  3.67100000e-08  3.29924646e+00  3.67100000e-08  3.29941513e+00  3.67100000e-08  0.00000000e+00  3.67100000e-08  0.00000000e+00 
 3.67300000e-08  3.30000000e+00  3.67300000e-08  3.30000000e+00  3.67300000e-08  3.29924956e+00  3.67300000e-08  3.29941756e+00  3.67300000e-08  0.00000000e+00  3.67300000e-08  0.00000000e+00 
 3.67500000e-08  3.30000000e+00  3.67500000e-08  3.30000000e+00  3.67500000e-08  3.29925262e+00  3.67500000e-08  3.29941997e+00  3.67500000e-08  0.00000000e+00  3.67500000e-08  0.00000000e+00 
 3.67700000e-08  3.30000000e+00  3.67700000e-08  3.30000000e+00  3.67700000e-08  3.29925568e+00  3.67700000e-08  3.29942236e+00  3.67700000e-08  0.00000000e+00  3.67700000e-08  0.00000000e+00 
 3.67900000e-08  3.30000000e+00  3.67900000e-08  3.30000000e+00  3.67900000e-08  3.29925869e+00  3.67900000e-08  3.29942473e+00  3.67900000e-08  0.00000000e+00  3.67900000e-08  0.00000000e+00 
 3.68100000e-08  3.30000000e+00  3.68100000e-08  3.30000000e+00  3.68100000e-08  3.29926170e+00  3.68100000e-08  3.29942708e+00  3.68100000e-08  0.00000000e+00  3.68100000e-08  0.00000000e+00 
 3.68300000e-08  3.30000000e+00  3.68300000e-08  3.30000000e+00  3.68300000e-08  3.29926467e+00  3.68300000e-08  3.29942942e+00  3.68300000e-08  0.00000000e+00  3.68300000e-08  0.00000000e+00 
 3.68500000e-08  3.30000000e+00  3.68500000e-08  3.30000000e+00  3.68500000e-08  3.29926763e+00  3.68500000e-08  3.29943173e+00  3.68500000e-08  0.00000000e+00  3.68500000e-08  0.00000000e+00 
 3.68700000e-08  3.30000000e+00  3.68700000e-08  3.30000000e+00  3.68700000e-08  3.29927056e+00  3.68700000e-08  3.29943403e+00  3.68700000e-08  0.00000000e+00  3.68700000e-08  0.00000000e+00 
 3.68900000e-08  3.30000000e+00  3.68900000e-08  3.30000000e+00  3.68900000e-08  3.29927348e+00  3.68900000e-08  3.29943632e+00  3.68900000e-08  0.00000000e+00  3.68900000e-08  0.00000000e+00 
 3.69100000e-08  3.30000000e+00  3.69100000e-08  3.30000000e+00  3.69100000e-08  3.29927636e+00  3.69100000e-08  3.29943858e+00  3.69100000e-08  0.00000000e+00  3.69100000e-08  0.00000000e+00 
 3.69300000e-08  3.30000000e+00  3.69300000e-08  3.30000000e+00  3.69300000e-08  3.29927924e+00  3.69300000e-08  3.29944083e+00  3.69300000e-08  0.00000000e+00  3.69300000e-08  0.00000000e+00 
 3.69500000e-08  3.30000000e+00  3.69500000e-08  3.30000000e+00  3.69500000e-08  3.29928207e+00  3.69500000e-08  3.29944306e+00  3.69500000e-08  0.00000000e+00  3.69500000e-08  0.00000000e+00 
 3.69700000e-08  3.30000000e+00  3.69700000e-08  3.30000000e+00  3.69700000e-08  3.29928491e+00  3.69700000e-08  3.29944527e+00  3.69700000e-08  0.00000000e+00  3.69700000e-08  0.00000000e+00 
 3.69900000e-08  3.30000000e+00  3.69900000e-08  3.30000000e+00  3.69900000e-08  3.29928770e+00  3.69900000e-08  3.29944747e+00  3.69900000e-08  0.00000000e+00  3.69900000e-08  0.00000000e+00 
 3.70100000e-08  3.30000000e+00  3.70100000e-08  3.30000000e+00  3.70100000e-08  3.29929050e+00  3.70100000e-08  3.29944965e+00  3.70100000e-08  0.00000000e+00  3.70100000e-08  0.00000000e+00 
 3.70300000e-08  3.30000000e+00  3.70300000e-08  3.30000000e+00  3.70300000e-08  3.29929325e+00  3.70300000e-08  3.29945181e+00  3.70300000e-08  0.00000000e+00  3.70300000e-08  0.00000000e+00 
 3.70500000e-08  3.30000000e+00  3.70500000e-08  3.30000000e+00  3.70500000e-08  3.29929600e+00  3.70500000e-08  3.29945396e+00  3.70500000e-08  0.00000000e+00  3.70500000e-08  0.00000000e+00 
 3.70700000e-08  3.30000000e+00  3.70700000e-08  3.30000000e+00  3.70700000e-08  3.29929872e+00  3.70700000e-08  3.29945609e+00  3.70700000e-08  0.00000000e+00  3.70700000e-08  0.00000000e+00 
 3.70900000e-08  3.30000000e+00  3.70900000e-08  3.30000000e+00  3.70900000e-08  3.29930143e+00  3.70900000e-08  3.29945821e+00  3.70900000e-08  0.00000000e+00  3.70900000e-08  0.00000000e+00 
 3.71100000e-08  3.30000000e+00  3.71100000e-08  3.30000000e+00  3.71100000e-08  3.29930410e+00  3.71100000e-08  3.29946031e+00  3.71100000e-08  0.00000000e+00  3.71100000e-08  0.00000000e+00 
 3.71300000e-08  3.30000000e+00  3.71300000e-08  3.30000000e+00  3.71300000e-08  3.29930677e+00  3.71300000e-08  3.29946240e+00  3.71300000e-08  0.00000000e+00  3.71300000e-08  0.00000000e+00 
 3.71500000e-08  3.30000000e+00  3.71500000e-08  3.30000000e+00  3.71500000e-08  3.29930941e+00  3.71500000e-08  3.29946447e+00  3.71500000e-08  0.00000000e+00  3.71500000e-08  0.00000000e+00 
 3.71700000e-08  3.30000000e+00  3.71700000e-08  3.30000000e+00  3.71700000e-08  3.29931205e+00  3.71700000e-08  3.29946653e+00  3.71700000e-08  0.00000000e+00  3.71700000e-08  0.00000000e+00 
 3.71900000e-08  3.30000000e+00  3.71900000e-08  3.30000000e+00  3.71900000e-08  3.29931464e+00  3.71900000e-08  3.29946857e+00  3.71900000e-08  0.00000000e+00  3.71900000e-08  0.00000000e+00 
 3.72100000e-08  3.30000000e+00  3.72100000e-08  3.30000000e+00  3.72100000e-08  3.29931724e+00  3.72100000e-08  3.29947060e+00  3.72100000e-08  0.00000000e+00  3.72100000e-08  0.00000000e+00 
 3.72300000e-08  3.30000000e+00  3.72300000e-08  3.30000000e+00  3.72300000e-08  3.29931980e+00  3.72300000e-08  3.29947261e+00  3.72300000e-08  0.00000000e+00  3.72300000e-08  0.00000000e+00 
 3.72500000e-08  3.30000000e+00  3.72500000e-08  3.30000000e+00  3.72500000e-08  3.29932236e+00  3.72500000e-08  3.29947461e+00  3.72500000e-08  0.00000000e+00  3.72500000e-08  0.00000000e+00 
 3.72700000e-08  3.30000000e+00  3.72700000e-08  3.30000000e+00  3.72700000e-08  3.29932489e+00  3.72700000e-08  3.29947659e+00  3.72700000e-08  0.00000000e+00  3.72700000e-08  0.00000000e+00 
 3.72900000e-08  3.30000000e+00  3.72900000e-08  3.30000000e+00  3.72900000e-08  3.29932741e+00  3.72900000e-08  3.29947856e+00  3.72900000e-08  0.00000000e+00  3.72900000e-08  0.00000000e+00 
 3.73100000e-08  3.30000000e+00  3.73100000e-08  3.30000000e+00  3.73100000e-08  3.29932990e+00  3.73100000e-08  3.29948052e+00  3.73100000e-08  0.00000000e+00  3.73100000e-08  0.00000000e+00 
 3.73300000e-08  3.30000000e+00  3.73300000e-08  3.30000000e+00  3.73300000e-08  3.29933239e+00  3.73300000e-08  3.29948246e+00  3.73300000e-08  0.00000000e+00  3.73300000e-08  0.00000000e+00 
 3.73500000e-08  3.30000000e+00  3.73500000e-08  3.30000000e+00  3.73500000e-08  3.29933485e+00  3.73500000e-08  3.29948439e+00  3.73500000e-08  0.00000000e+00  3.73500000e-08  0.00000000e+00 
 3.73700000e-08  3.30000000e+00  3.73700000e-08  3.30000000e+00  3.73700000e-08  3.29933730e+00  3.73700000e-08  3.29948630e+00  3.73700000e-08  0.00000000e+00  3.73700000e-08  0.00000000e+00 
 3.73900000e-08  3.30000000e+00  3.73900000e-08  3.30000000e+00  3.73900000e-08  3.29933972e+00  3.73900000e-08  3.29948820e+00  3.73900000e-08  0.00000000e+00  3.73900000e-08  0.00000000e+00 
 3.74100000e-08  3.30000000e+00  3.74100000e-08  3.30000000e+00  3.74100000e-08  3.29934214e+00  3.74100000e-08  3.29949009e+00  3.74100000e-08  0.00000000e+00  3.74100000e-08  0.00000000e+00 
 3.74300000e-08  3.30000000e+00  3.74300000e-08  3.30000000e+00  3.74300000e-08  3.29934453e+00  3.74300000e-08  3.29949197e+00  3.74300000e-08  0.00000000e+00  3.74300000e-08  0.00000000e+00 
 3.74500000e-08  3.30000000e+00  3.74500000e-08  3.30000000e+00  3.74500000e-08  3.29934692e+00  3.74500000e-08  3.29949383e+00  3.74500000e-08  0.00000000e+00  3.74500000e-08  0.00000000e+00 
 3.74700000e-08  3.30000000e+00  3.74700000e-08  3.30000000e+00  3.74700000e-08  3.29934928e+00  3.74700000e-08  3.29949568e+00  3.74700000e-08  0.00000000e+00  3.74700000e-08  0.00000000e+00 
 3.74900000e-08  3.30000000e+00  3.74900000e-08  3.30000000e+00  3.74900000e-08  3.29935163e+00  3.74900000e-08  3.29949752e+00  3.74900000e-08  0.00000000e+00  3.74900000e-08  0.00000000e+00 
 3.75100000e-08  3.30000000e+00  3.75100000e-08  3.30000000e+00  3.75100000e-08  3.29935395e+00  3.75100000e-08  3.29949934e+00  3.75100000e-08  0.00000000e+00  3.75100000e-08  0.00000000e+00 
 3.75300000e-08  3.30000000e+00  3.75300000e-08  3.30000000e+00  3.75300000e-08  3.29935628e+00  3.75300000e-08  3.29950115e+00  3.75300000e-08  0.00000000e+00  3.75300000e-08  0.00000000e+00 
 3.75500000e-08  3.30000000e+00  3.75500000e-08  3.30000000e+00  3.75500000e-08  3.29935857e+00  3.75500000e-08  3.29950295e+00  3.75500000e-08  0.00000000e+00  3.75500000e-08  0.00000000e+00 
 3.75700000e-08  3.30000000e+00  3.75700000e-08  3.30000000e+00  3.75700000e-08  3.29936086e+00  3.75700000e-08  3.29950474e+00  3.75700000e-08  0.00000000e+00  3.75700000e-08  0.00000000e+00 
 3.75900000e-08  3.30000000e+00  3.75900000e-08  3.30000000e+00  3.75900000e-08  3.29936312e+00  3.75900000e-08  3.29950651e+00  3.75900000e-08  0.00000000e+00  3.75900000e-08  0.00000000e+00 
 3.76100000e-08  3.30000000e+00  3.76100000e-08  3.30000000e+00  3.76100000e-08  3.29936539e+00  3.76100000e-08  3.29950828e+00  3.76100000e-08  0.00000000e+00  3.76100000e-08  0.00000000e+00 
 3.76300000e-08  3.30000000e+00  3.76300000e-08  3.30000000e+00  3.76300000e-08  3.29936762e+00  3.76300000e-08  3.29951003e+00  3.76300000e-08  0.00000000e+00  3.76300000e-08  0.00000000e+00 
 3.76500000e-08  3.30000000e+00  3.76500000e-08  3.30000000e+00  3.76500000e-08  3.29936985e+00  3.76500000e-08  3.29951177e+00  3.76500000e-08  0.00000000e+00  3.76500000e-08  0.00000000e+00 
 3.76700000e-08  3.30000000e+00  3.76700000e-08  3.30000000e+00  3.76700000e-08  3.29937205e+00  3.76700000e-08  3.29951349e+00  3.76700000e-08  0.00000000e+00  3.76700000e-08  0.00000000e+00 
 3.76900000e-08  3.30000000e+00  3.76900000e-08  3.30000000e+00  3.76900000e-08  3.29937425e+00  3.76900000e-08  3.29951521e+00  3.76900000e-08  0.00000000e+00  3.76900000e-08  0.00000000e+00 
 3.77100000e-08  3.30000000e+00  3.77100000e-08  3.30000000e+00  3.77100000e-08  3.29937642e+00  3.77100000e-08  3.29951691e+00  3.77100000e-08  0.00000000e+00  3.77100000e-08  0.00000000e+00 
 3.77300000e-08  3.30000000e+00  3.77300000e-08  3.30000000e+00  3.77300000e-08  3.29937860e+00  3.77300000e-08  3.29951861e+00  3.77300000e-08  0.00000000e+00  3.77300000e-08  0.00000000e+00 
 3.77500000e-08  3.30000000e+00  3.77500000e-08  3.30000000e+00  3.77500000e-08  3.29938074e+00  3.77500000e-08  3.29952029e+00  3.77500000e-08  0.00000000e+00  3.77500000e-08  0.00000000e+00 
 3.77700000e-08  3.30000000e+00  3.77700000e-08  3.30000000e+00  3.77700000e-08  3.29938289e+00  3.77700000e-08  3.29952196e+00  3.77700000e-08  0.00000000e+00  3.77700000e-08  0.00000000e+00 
 3.77900000e-08  3.30000000e+00  3.77900000e-08  3.30000000e+00  3.77900000e-08  3.29938500e+00  3.77900000e-08  3.29952362e+00  3.77900000e-08  0.00000000e+00  3.77900000e-08  0.00000000e+00 
 3.78100000e-08  3.30000000e+00  3.78100000e-08  3.30000000e+00  3.78100000e-08  3.29938712e+00  3.78100000e-08  3.29952527e+00  3.78100000e-08  0.00000000e+00  3.78100000e-08  0.00000000e+00 
 3.78300000e-08  3.30000000e+00  3.78300000e-08  3.30000000e+00  3.78300000e-08  3.29938921e+00  3.78300000e-08  3.29952691e+00  3.78300000e-08  0.00000000e+00  3.78300000e-08  0.00000000e+00 
 3.78500000e-08  3.30000000e+00  3.78500000e-08  3.30000000e+00  3.78500000e-08  3.29939130e+00  3.78500000e-08  3.29952854e+00  3.78500000e-08  0.00000000e+00  3.78500000e-08  0.00000000e+00 
 3.78700000e-08  3.30000000e+00  3.78700000e-08  3.30000000e+00  3.78700000e-08  3.29939336e+00  3.78700000e-08  3.29953016e+00  3.78700000e-08  0.00000000e+00  3.78700000e-08  0.00000000e+00 
 3.78900000e-08  3.30000000e+00  3.78900000e-08  3.30000000e+00  3.78900000e-08  3.29939542e+00  3.78900000e-08  3.29953176e+00  3.78900000e-08  0.00000000e+00  3.78900000e-08  0.00000000e+00 
 3.79100000e-08  3.30000000e+00  3.79100000e-08  3.30000000e+00  3.79100000e-08  3.29939746e+00  3.79100000e-08  3.29953336e+00  3.79100000e-08  0.00000000e+00  3.79100000e-08  0.00000000e+00 
 3.79300000e-08  3.30000000e+00  3.79300000e-08  3.30000000e+00  3.79300000e-08  3.29939950e+00  3.79300000e-08  3.29953495e+00  3.79300000e-08  0.00000000e+00  3.79300000e-08  0.00000000e+00 
 3.79500000e-08  3.30000000e+00  3.79500000e-08  3.30000000e+00  3.79500000e-08  3.29940150e+00  3.79500000e-08  3.29953652e+00  3.79500000e-08  0.00000000e+00  3.79500000e-08  0.00000000e+00 
 3.79700000e-08  3.30000000e+00  3.79700000e-08  3.30000000e+00  3.79700000e-08  3.29940352e+00  3.79700000e-08  3.29953809e+00  3.79700000e-08  0.00000000e+00  3.79700000e-08  0.00000000e+00 
 3.79900000e-08  3.30000000e+00  3.79900000e-08  3.30000000e+00  3.79900000e-08  3.29940550e+00  3.79900000e-08  3.29953964e+00  3.79900000e-08  0.00000000e+00  3.79900000e-08  0.00000000e+00 
 3.80100000e-08  3.30000000e+00  3.80100000e-08  3.30000000e+00  3.80100000e-08  3.29940749e+00  3.80100000e-08  3.29954119e+00  3.80100000e-08  0.00000000e+00  3.80100000e-08  0.00000000e+00 
 3.80300000e-08  3.30000000e+00  3.80300000e-08  3.30000000e+00  3.80300000e-08  3.29940945e+00  3.80300000e-08  3.29954273e+00  3.80300000e-08  0.00000000e+00  3.80300000e-08  0.00000000e+00 
 3.80500000e-08  3.30000000e+00  3.80500000e-08  3.30000000e+00  3.80500000e-08  3.29941141e+00  3.80500000e-08  3.29954426e+00  3.80500000e-08  0.00000000e+00  3.80500000e-08  0.00000000e+00 
 3.80700000e-08  3.30000000e+00  3.80700000e-08  3.30000000e+00  3.80700000e-08  3.29941334e+00  3.80700000e-08  3.29954577e+00  3.80700000e-08  0.00000000e+00  3.80700000e-08  0.00000000e+00 
 3.80900000e-08  3.30000000e+00  3.80900000e-08  3.30000000e+00  3.80900000e-08  3.29941528e+00  3.80900000e-08  3.29954728e+00  3.80900000e-08  0.00000000e+00  3.80900000e-08  0.00000000e+00 
 3.81100000e-08  3.30000000e+00  3.81100000e-08  3.30000000e+00  3.81100000e-08  3.29941719e+00  3.81100000e-08  3.29954878e+00  3.81100000e-08  0.00000000e+00  3.81100000e-08  0.00000000e+00 
 3.81300000e-08  3.30000000e+00  3.81300000e-08  3.30000000e+00  3.81300000e-08  3.29941910e+00  3.81300000e-08  3.29955027e+00  3.81300000e-08  0.00000000e+00  3.81300000e-08  0.00000000e+00 
 3.81500000e-08  3.30000000e+00  3.81500000e-08  3.30000000e+00  3.81500000e-08  3.29942099e+00  3.81500000e-08  3.29955175e+00  3.81500000e-08  0.00000000e+00  3.81500000e-08  0.00000000e+00 
 3.81700000e-08  3.30000000e+00  3.81700000e-08  3.30000000e+00  3.81700000e-08  3.29942288e+00  3.81700000e-08  3.29955322e+00  3.81700000e-08  0.00000000e+00  3.81700000e-08  0.00000000e+00 
 3.81900000e-08  3.30000000e+00  3.81900000e-08  3.30000000e+00  3.81900000e-08  3.29942474e+00  3.81900000e-08  3.29955468e+00  3.81900000e-08  0.00000000e+00  3.81900000e-08  0.00000000e+00 
 3.82100000e-08  3.30000000e+00  3.82100000e-08  3.30000000e+00  3.82100000e-08  3.29942661e+00  3.82100000e-08  3.29955613e+00  3.82100000e-08  0.00000000e+00  3.82100000e-08  0.00000000e+00 
 3.82300000e-08  3.30000000e+00  3.82300000e-08  3.30000000e+00  3.82300000e-08  3.29942845e+00  3.82300000e-08  3.29955757e+00  3.82300000e-08  0.00000000e+00  3.82300000e-08  0.00000000e+00 
 3.82500000e-08  3.30000000e+00  3.82500000e-08  3.30000000e+00  3.82500000e-08  3.29943029e+00  3.82500000e-08  3.29955901e+00  3.82500000e-08  0.00000000e+00  3.82500000e-08  0.00000000e+00 
 3.82700000e-08  3.30000000e+00  3.82700000e-08  3.30000000e+00  3.82700000e-08  3.29943211e+00  3.82700000e-08  3.29956043e+00  3.82700000e-08  0.00000000e+00  3.82700000e-08  0.00000000e+00 
 3.82900000e-08  3.30000000e+00  3.82900000e-08  3.30000000e+00  3.82900000e-08  3.29943393e+00  3.82900000e-08  3.29956185e+00  3.82900000e-08  0.00000000e+00  3.82900000e-08  0.00000000e+00 
 3.83100000e-08  3.30000000e+00  3.83100000e-08  3.30000000e+00  3.83100000e-08  3.29943573e+00  3.83100000e-08  3.29956326e+00  3.83100000e-08  0.00000000e+00  3.83100000e-08  0.00000000e+00 
 3.83300000e-08  3.30000000e+00  3.83300000e-08  3.30000000e+00  3.83300000e-08  3.29943753e+00  3.83300000e-08  3.29956466e+00  3.83300000e-08  0.00000000e+00  3.83300000e-08  0.00000000e+00 
 3.83500000e-08  3.30000000e+00  3.83500000e-08  3.30000000e+00  3.83500000e-08  3.29943930e+00  3.83500000e-08  3.29956605e+00  3.83500000e-08  0.00000000e+00  3.83500000e-08  0.00000000e+00 
 3.83700000e-08  3.30000000e+00  3.83700000e-08  3.30000000e+00  3.83700000e-08  3.29944108e+00  3.83700000e-08  3.29956743e+00  3.83700000e-08  0.00000000e+00  3.83700000e-08  0.00000000e+00 
 3.83900000e-08  3.30000000e+00  3.83900000e-08  3.30000000e+00  3.83900000e-08  3.29944284e+00  3.83900000e-08  3.29956881e+00  3.83900000e-08  0.00000000e+00  3.83900000e-08  0.00000000e+00 
 3.84100000e-08  3.30000000e+00  3.84100000e-08  3.30000000e+00  3.84100000e-08  3.29944459e+00  3.84100000e-08  3.29957017e+00  3.84100000e-08  0.00000000e+00  3.84100000e-08  0.00000000e+00 
 3.84300000e-08  3.30000000e+00  3.84300000e-08  3.30000000e+00  3.84300000e-08  3.29944633e+00  3.84300000e-08  3.29957153e+00  3.84300000e-08  0.00000000e+00  3.84300000e-08  0.00000000e+00 
 3.84500000e-08  3.30000000e+00  3.84500000e-08  3.30000000e+00  3.84500000e-08  3.29944806e+00  3.84500000e-08  3.29957288e+00  3.84500000e-08  0.00000000e+00  3.84500000e-08  0.00000000e+00 
 3.84700000e-08  3.30000000e+00  3.84700000e-08  3.30000000e+00  3.84700000e-08  3.29944977e+00  3.84700000e-08  3.29957422e+00  3.84700000e-08  0.00000000e+00  3.84700000e-08  0.00000000e+00 
 3.84900000e-08  3.30000000e+00  3.84900000e-08  3.30000000e+00  3.84900000e-08  3.29945149e+00  3.84900000e-08  3.29957556e+00  3.84900000e-08  0.00000000e+00  3.84900000e-08  0.00000000e+00 
 3.85100000e-08  3.30000000e+00  3.85100000e-08  3.30000000e+00  3.85100000e-08  3.29945318e+00  3.85100000e-08  3.29957688e+00  3.85100000e-08  0.00000000e+00  3.85100000e-08  0.00000000e+00 
 3.85300000e-08  3.30000000e+00  3.85300000e-08  3.30000000e+00  3.85300000e-08  3.29945488e+00  3.85300000e-08  3.29957820e+00  3.85300000e-08  0.00000000e+00  3.85300000e-08  0.00000000e+00 
 3.85500000e-08  3.30000000e+00  3.85500000e-08  3.30000000e+00  3.85500000e-08  3.29945655e+00  3.85500000e-08  3.29957951e+00  3.85500000e-08  0.00000000e+00  3.85500000e-08  0.00000000e+00 
 3.85700000e-08  3.30000000e+00  3.85700000e-08  3.30000000e+00  3.85700000e-08  3.29945823e+00  3.85700000e-08  3.29958082e+00  3.85700000e-08  0.00000000e+00  3.85700000e-08  0.00000000e+00 
 3.85900000e-08  3.30000000e+00  3.85900000e-08  3.30000000e+00  3.85900000e-08  3.29945988e+00  3.85900000e-08  3.29958211e+00  3.85900000e-08  0.00000000e+00  3.85900000e-08  0.00000000e+00 
 3.86100000e-08  3.30000000e+00  3.86100000e-08  3.30000000e+00  3.86100000e-08  3.29946154e+00  3.86100000e-08  3.29958340e+00  3.86100000e-08  0.00000000e+00  3.86100000e-08  0.00000000e+00 
 3.86300000e-08  3.30000000e+00  3.86300000e-08  3.30000000e+00  3.86300000e-08  3.29946317e+00  3.86300000e-08  3.29958468e+00  3.86300000e-08  0.00000000e+00  3.86300000e-08  0.00000000e+00 
 3.86500000e-08  3.30000000e+00  3.86500000e-08  3.30000000e+00  3.86500000e-08  3.29946481e+00  3.86500000e-08  3.29958595e+00  3.86500000e-08  0.00000000e+00  3.86500000e-08  0.00000000e+00 
 3.86700000e-08  3.30000000e+00  3.86700000e-08  3.30000000e+00  3.86700000e-08  3.29946642e+00  3.86700000e-08  3.29958721e+00  3.86700000e-08  0.00000000e+00  3.86700000e-08  0.00000000e+00 
 3.86900000e-08  3.30000000e+00  3.86900000e-08  3.30000000e+00  3.86900000e-08  3.29946804e+00  3.86900000e-08  3.29958847e+00  3.86900000e-08  0.00000000e+00  3.86900000e-08  0.00000000e+00 
 3.87100000e-08  3.30000000e+00  3.87100000e-08  3.30000000e+00  3.87100000e-08  3.29946964e+00  3.87100000e-08  3.29958972e+00  3.87100000e-08  0.00000000e+00  3.87100000e-08  0.00000000e+00 
 3.87300000e-08  3.30000000e+00  3.87300000e-08  3.30000000e+00  3.87300000e-08  3.29947124e+00  3.87300000e-08  3.29959097e+00  3.87300000e-08  0.00000000e+00  3.87300000e-08  0.00000000e+00 
 3.87500000e-08  3.30000000e+00  3.87500000e-08  3.30000000e+00  3.87500000e-08  3.29947282e+00  3.87500000e-08  3.29959220e+00  3.87500000e-08  0.00000000e+00  3.87500000e-08  0.00000000e+00 
 3.87700000e-08  3.30000000e+00  3.87700000e-08  3.30000000e+00  3.87700000e-08  3.29947440e+00  3.87700000e-08  3.29959343e+00  3.87700000e-08  0.00000000e+00  3.87700000e-08  0.00000000e+00 
 3.87900000e-08  3.30000000e+00  3.87900000e-08  3.30000000e+00  3.87900000e-08  3.29947596e+00  3.87900000e-08  3.29959466e+00  3.87900000e-08  0.00000000e+00  3.87900000e-08  0.00000000e+00 
 3.88100000e-08  3.30000000e+00  3.88100000e-08  3.30000000e+00  3.88100000e-08  3.29947753e+00  3.88100000e-08  3.29959587e+00  3.88100000e-08  0.00000000e+00  3.88100000e-08  0.00000000e+00 
 3.88300000e-08  3.30000000e+00  3.88300000e-08  3.30000000e+00  3.88300000e-08  3.29947907e+00  3.88300000e-08  3.29959708e+00  3.88300000e-08  0.00000000e+00  3.88300000e-08  0.00000000e+00 
 3.88500000e-08  3.30000000e+00  3.88500000e-08  3.30000000e+00  3.88500000e-08  3.29948062e+00  3.88500000e-08  3.29959828e+00  3.88500000e-08  0.00000000e+00  3.88500000e-08  0.00000000e+00 
 3.88700000e-08  3.30000000e+00  3.88700000e-08  3.30000000e+00  3.88700000e-08  3.29948214e+00  3.88700000e-08  3.29959948e+00  3.88700000e-08  0.00000000e+00  3.88700000e-08  0.00000000e+00 
 3.88900000e-08  3.30000000e+00  3.88900000e-08  3.30000000e+00  3.88900000e-08  3.29948367e+00  3.88900000e-08  3.29960066e+00  3.88900000e-08  0.00000000e+00  3.88900000e-08  0.00000000e+00 
 3.89100000e-08  3.30000000e+00  3.89100000e-08  3.30000000e+00  3.89100000e-08  3.29948518e+00  3.89100000e-08  3.29960184e+00  3.89100000e-08  0.00000000e+00  3.89100000e-08  0.00000000e+00 
 3.89300000e-08  3.30000000e+00  3.89300000e-08  3.30000000e+00  3.89300000e-08  3.29948669e+00  3.89300000e-08  3.29960302e+00  3.89300000e-08  0.00000000e+00  3.89300000e-08  0.00000000e+00 
 3.89500000e-08  3.30000000e+00  3.89500000e-08  3.30000000e+00  3.89500000e-08  3.29948818e+00  3.89500000e-08  3.29960419e+00  3.89500000e-08  0.00000000e+00  3.89500000e-08  0.00000000e+00 
 3.89700000e-08  3.30000000e+00  3.89700000e-08  3.30000000e+00  3.89700000e-08  3.29948968e+00  3.89700000e-08  3.29960535e+00  3.89700000e-08  0.00000000e+00  3.89700000e-08  0.00000000e+00 
 3.89900000e-08  3.30000000e+00  3.89900000e-08  3.30000000e+00  3.89900000e-08  3.29949115e+00  3.89900000e-08  3.29960650e+00  3.89900000e-08  0.00000000e+00  3.89900000e-08  0.00000000e+00 
 3.90100000e-08  3.30000000e+00  3.90100000e-08  3.30000000e+00  3.90100000e-08  3.29949264e+00  3.90100000e-08  3.29960765e+00  3.90100000e-08  0.00000000e+00  3.90100000e-08  0.00000000e+00 
 3.90300000e-08  3.30000000e+00  3.90300000e-08  3.30000000e+00  3.90300000e-08  3.29949409e+00  3.90300000e-08  3.29960880e+00  3.90300000e-08  0.00000000e+00  3.90300000e-08  0.00000000e+00 
 3.90500000e-08  3.30000000e+00  3.90500000e-08  3.30000000e+00  3.90500000e-08  3.29949556e+00  3.90500000e-08  3.29960993e+00  3.90500000e-08  0.00000000e+00  3.90500000e-08  0.00000000e+00 
 3.90700000e-08  3.30000000e+00  3.90700000e-08  3.30000000e+00  3.90700000e-08  3.29949700e+00  3.90700000e-08  3.29961106e+00  3.90700000e-08  0.00000000e+00  3.90700000e-08  0.00000000e+00 
 3.90900000e-08  3.30000000e+00  3.90900000e-08  3.30000000e+00  3.90900000e-08  3.29949845e+00  3.90900000e-08  3.29961219e+00  3.90900000e-08  0.00000000e+00  3.90900000e-08  0.00000000e+00 
 3.91100000e-08  3.30000000e+00  3.91100000e-08  3.30000000e+00  3.91100000e-08  3.29949988e+00  3.91100000e-08  3.29961330e+00  3.91100000e-08  0.00000000e+00  3.91100000e-08  0.00000000e+00 
 3.91300000e-08  3.30000000e+00  3.91300000e-08  3.30000000e+00  3.91300000e-08  3.29950131e+00  3.91300000e-08  3.29961442e+00  3.91300000e-08  0.00000000e+00  3.91300000e-08  0.00000000e+00 
 3.91500000e-08  3.30000000e+00  3.91500000e-08  3.30000000e+00  3.91500000e-08  3.29950272e+00  3.91500000e-08  3.29961552e+00  3.91500000e-08  0.00000000e+00  3.91500000e-08  0.00000000e+00 
 3.91700000e-08  3.30000000e+00  3.91700000e-08  3.30000000e+00  3.91700000e-08  3.29950414e+00  3.91700000e-08  3.29961662e+00  3.91700000e-08  0.00000000e+00  3.91700000e-08  0.00000000e+00 
 3.91900000e-08  3.30000000e+00  3.91900000e-08  3.30000000e+00  3.91900000e-08  3.29950553e+00  3.91900000e-08  3.29961771e+00  3.91900000e-08  0.00000000e+00  3.91900000e-08  0.00000000e+00 
 3.92100000e-08  3.30000000e+00  3.92100000e-08  3.30000000e+00  3.92100000e-08  3.29950694e+00  3.92100000e-08  3.29961880e+00  3.92100000e-08  0.00000000e+00  3.92100000e-08  0.00000000e+00 
 3.92300000e-08  3.30000000e+00  3.92300000e-08  3.30000000e+00  3.92300000e-08  3.29950832e+00  3.92300000e-08  3.29961988e+00  3.92300000e-08  0.00000000e+00  3.92300000e-08  0.00000000e+00 
 3.92500000e-08  3.30000000e+00  3.92500000e-08  3.30000000e+00  3.92500000e-08  3.29950970e+00  3.92500000e-08  3.29962096e+00  3.92500000e-08  0.00000000e+00  3.92500000e-08  0.00000000e+00 
 3.92700000e-08  3.30000000e+00  3.92700000e-08  3.30000000e+00  3.92700000e-08  3.29951107e+00  3.92700000e-08  3.29962203e+00  3.92700000e-08  0.00000000e+00  3.92700000e-08  0.00000000e+00 
 3.92900000e-08  3.30000000e+00  3.92900000e-08  3.30000000e+00  3.92900000e-08  3.29951244e+00  3.92900000e-08  3.29962309e+00  3.92900000e-08  0.00000000e+00  3.92900000e-08  0.00000000e+00 
 3.93100000e-08  3.30000000e+00  3.93100000e-08  3.30000000e+00  3.93100000e-08  3.29951379e+00  3.93100000e-08  3.29962415e+00  3.93100000e-08  0.00000000e+00  3.93100000e-08  0.00000000e+00 
 3.93300000e-08  3.30000000e+00  3.93300000e-08  3.30000000e+00  3.93300000e-08  3.29951515e+00  3.93300000e-08  3.29962521e+00  3.93300000e-08  0.00000000e+00  3.93300000e-08  0.00000000e+00 
 3.93500000e-08  3.30000000e+00  3.93500000e-08  3.30000000e+00  3.93500000e-08  3.29951649e+00  3.93500000e-08  3.29962625e+00  3.93500000e-08  0.00000000e+00  3.93500000e-08  0.00000000e+00 
 3.93700000e-08  3.30000000e+00  3.93700000e-08  3.30000000e+00  3.93700000e-08  3.29951784e+00  3.93700000e-08  3.29962729e+00  3.93700000e-08  0.00000000e+00  3.93700000e-08  0.00000000e+00 
 3.93900000e-08  3.30000000e+00  3.93900000e-08  3.30000000e+00  3.93900000e-08  3.29951916e+00  3.93900000e-08  3.29962833e+00  3.93900000e-08  0.00000000e+00  3.93900000e-08  0.00000000e+00 
 3.94100000e-08  3.30000000e+00  3.94100000e-08  3.30000000e+00  3.94100000e-08  3.29952049e+00  3.94100000e-08  3.29962936e+00  3.94100000e-08  0.00000000e+00  3.94100000e-08  0.00000000e+00 
 3.94300000e-08  3.30000000e+00  3.94300000e-08  3.30000000e+00  3.94300000e-08  3.29952180e+00  3.94300000e-08  3.29963039e+00  3.94300000e-08  0.00000000e+00  3.94300000e-08  0.00000000e+00 
 3.94500000e-08  3.30000000e+00  3.94500000e-08  3.30000000e+00  3.94500000e-08  3.29952311e+00  3.94500000e-08  3.29963141e+00  3.94500000e-08  0.00000000e+00  3.94500000e-08  0.00000000e+00 
 3.94700000e-08  3.30000000e+00  3.94700000e-08  3.30000000e+00  3.94700000e-08  3.29952441e+00  3.94700000e-08  3.29963242e+00  3.94700000e-08  0.00000000e+00  3.94700000e-08  0.00000000e+00 
 3.94900000e-08  3.30000000e+00  3.94900000e-08  3.30000000e+00  3.94900000e-08  3.29952571e+00  3.94900000e-08  3.29963343e+00  3.94900000e-08  0.00000000e+00  3.94900000e-08  0.00000000e+00 
 3.95100000e-08  3.30000000e+00  3.95100000e-08  3.30000000e+00  3.95100000e-08  3.29952699e+00  3.95100000e-08  3.29963443e+00  3.95100000e-08  0.00000000e+00  3.95100000e-08  0.00000000e+00 
 3.95300000e-08  3.30000000e+00  3.95300000e-08  3.30000000e+00  3.95300000e-08  3.29952829e+00  3.95300000e-08  3.29963543e+00  3.95300000e-08  0.00000000e+00  3.95300000e-08  0.00000000e+00 
 3.95500000e-08  3.30000000e+00  3.95500000e-08  3.30000000e+00  3.95500000e-08  3.29952955e+00  3.95500000e-08  3.29963643e+00  3.95500000e-08  0.00000000e+00  3.95500000e-08  0.00000000e+00 
 3.95700000e-08  3.30000000e+00  3.95700000e-08  3.30000000e+00  3.95700000e-08  3.29953083e+00  3.95700000e-08  3.29963742e+00  3.95700000e-08  0.00000000e+00  3.95700000e-08  0.00000000e+00 
 3.95900000e-08  3.30000000e+00  3.95900000e-08  3.30000000e+00  3.95900000e-08  3.29953209e+00  3.95900000e-08  3.29963840e+00  3.95900000e-08  0.00000000e+00  3.95900000e-08  0.00000000e+00 
 3.96100000e-08  3.30000000e+00  3.96100000e-08  3.30000000e+00  3.96100000e-08  3.29953335e+00  3.96100000e-08  3.29963938e+00  3.96100000e-08  0.00000000e+00  3.96100000e-08  0.00000000e+00 
 3.96300000e-08  3.30000000e+00  3.96300000e-08  3.30000000e+00  3.96300000e-08  3.29953459e+00  3.96300000e-08  3.29964035e+00  3.96300000e-08  0.00000000e+00  3.96300000e-08  0.00000000e+00 
 3.96500000e-08  3.30000000e+00  3.96500000e-08  3.30000000e+00  3.96500000e-08  3.29953584e+00  3.96500000e-08  3.29964132e+00  3.96500000e-08  0.00000000e+00  3.96500000e-08  0.00000000e+00 
 3.96700000e-08  3.30000000e+00  3.96700000e-08  3.30000000e+00  3.96700000e-08  3.29953707e+00  3.96700000e-08  3.29964228e+00  3.96700000e-08  0.00000000e+00  3.96700000e-08  0.00000000e+00 
 3.96900000e-08  3.30000000e+00  3.96900000e-08  3.30000000e+00  3.96900000e-08  3.29953831e+00  3.96900000e-08  3.29964324e+00  3.96900000e-08  0.00000000e+00  3.96900000e-08  0.00000000e+00 
 3.97100000e-08  3.30000000e+00  3.97100000e-08  3.30000000e+00  3.97100000e-08  3.29953953e+00  3.97100000e-08  3.29964419e+00  3.97100000e-08  0.00000000e+00  3.97100000e-08  0.00000000e+00 
 3.97300000e-08  3.30000000e+00  3.97300000e-08  3.30000000e+00  3.97300000e-08  3.29954076e+00  3.97300000e-08  3.29964514e+00  3.97300000e-08  0.00000000e+00  3.97300000e-08  0.00000000e+00 
 3.97500000e-08  3.30000000e+00  3.97500000e-08  3.30000000e+00  3.97500000e-08  3.29954196e+00  3.97500000e-08  3.29964609e+00  3.97500000e-08  0.00000000e+00  3.97500000e-08  0.00000000e+00 
 3.97700000e-08  3.30000000e+00  3.97700000e-08  3.30000000e+00  3.97700000e-08  3.29954317e+00  3.97700000e-08  3.29964703e+00  3.97700000e-08  0.00000000e+00  3.97700000e-08  0.00000000e+00 
 3.97900000e-08  3.30000000e+00  3.97900000e-08  3.30000000e+00  3.97900000e-08  3.29954437e+00  3.97900000e-08  3.29964796e+00  3.97900000e-08  0.00000000e+00  3.97900000e-08  0.00000000e+00 
 3.98100000e-08  3.30000000e+00  3.98100000e-08  3.30000000e+00  3.98100000e-08  3.29954557e+00  3.98100000e-08  3.29964889e+00  3.98100000e-08  0.00000000e+00  3.98100000e-08  0.00000000e+00 
 3.98300000e-08  3.30000000e+00  3.98300000e-08  3.30000000e+00  3.98300000e-08  3.29954675e+00  3.98300000e-08  3.29964982e+00  3.98300000e-08  0.00000000e+00  3.98300000e-08  0.00000000e+00 
 3.98500000e-08  3.30000000e+00  3.98500000e-08  3.30000000e+00  3.98500000e-08  3.29954794e+00  3.98500000e-08  3.29965074e+00  3.98500000e-08  0.00000000e+00  3.98500000e-08  0.00000000e+00 
 3.98700000e-08  3.30000000e+00  3.98700000e-08  3.30000000e+00  3.98700000e-08  3.29954911e+00  3.98700000e-08  3.29965165e+00  3.98700000e-08  0.00000000e+00  3.98700000e-08  0.00000000e+00 
 3.98900000e-08  3.30000000e+00  3.98900000e-08  3.30000000e+00  3.98900000e-08  3.29955029e+00  3.98900000e-08  3.29965257e+00  3.98900000e-08  0.00000000e+00  3.98900000e-08  0.00000000e+00 
 3.99100000e-08  3.30000000e+00  3.99100000e-08  3.30000000e+00  3.99100000e-08  3.29955144e+00  3.99100000e-08  3.29965347e+00  3.99100000e-08  0.00000000e+00  3.99100000e-08  0.00000000e+00 
 3.99300000e-08  3.30000000e+00  3.99300000e-08  3.30000000e+00  3.99300000e-08  3.29955261e+00  3.99300000e-08  3.29965437e+00  3.99300000e-08  0.00000000e+00  3.99300000e-08  0.00000000e+00 
 3.99500000e-08  3.30000000e+00  3.99500000e-08  3.30000000e+00  3.99500000e-08  3.29955376e+00  3.99500000e-08  3.29965527e+00  3.99500000e-08  0.00000000e+00  3.99500000e-08  0.00000000e+00 
 3.99700000e-08  3.30000000e+00  3.99700000e-08  3.30000000e+00  3.99700000e-08  3.29955491e+00  3.99700000e-08  3.29965617e+00  3.99700000e-08  0.00000000e+00  3.99700000e-08  0.00000000e+00 
 3.99900000e-08  3.30000000e+00  3.99900000e-08  3.30000000e+00  3.99900000e-08  3.29955605e+00  3.99900000e-08  3.29965705e+00  3.99900000e-08  0.00000000e+00  3.99900000e-08  0.00000000e+00 
 4.00100000e-08  3.30000000e+00  4.00100000e-08  3.30000000e+00  4.00100000e-08  3.29955719e+00  4.00100000e-08  3.29965794e+00  4.00100000e-08  0.00000000e+00  4.00100000e-08  0.00000000e+00 
 4.00300000e-08  3.30000000e+00  4.00300000e-08  3.30000000e+00  4.00300000e-08  3.29955832e+00  4.00300000e-08  3.29965882e+00  4.00300000e-08  0.00000000e+00  4.00300000e-08  0.00000000e+00 
 4.00500000e-08  3.30000000e+00  4.00500000e-08  3.30000000e+00  4.00500000e-08  3.29955945e+00  4.00500000e-08  3.29965970e+00  4.00500000e-08  0.00000000e+00  4.00500000e-08  0.00000000e+00 
 4.00700000e-08  3.30000000e+00  4.00700000e-08  3.30000000e+00  4.00700000e-08  3.29956056e+00  4.00700000e-08  3.29966057e+00  4.00700000e-08  0.00000000e+00  4.00700000e-08  0.00000000e+00 
 4.00900000e-08  3.30000000e+00  4.00900000e-08  3.30000000e+00  4.00900000e-08  3.29956169e+00  4.00900000e-08  3.29966143e+00  4.00900000e-08  0.00000000e+00  4.00900000e-08  0.00000000e+00 
 4.01100000e-08  3.30000000e+00  4.01100000e-08  3.30000000e+00  4.01100000e-08  3.29956279e+00  4.01100000e-08  3.29966230e+00  4.01100000e-08  0.00000000e+00  4.01100000e-08  0.00000000e+00 
 4.01300000e-08  3.30000000e+00  4.01300000e-08  3.30000000e+00  4.01300000e-08  3.29956390e+00  4.01300000e-08  3.29966316e+00  4.01300000e-08  0.00000000e+00  4.01300000e-08  0.00000000e+00 
 4.01500000e-08  3.30000000e+00  4.01500000e-08  3.30000000e+00  4.01500000e-08  3.29956499e+00  4.01500000e-08  3.29966401e+00  4.01500000e-08  0.00000000e+00  4.01500000e-08  0.00000000e+00 
 4.01700000e-08  3.30000000e+00  4.01700000e-08  3.30000000e+00  4.01700000e-08  3.29956609e+00  4.01700000e-08  3.29966486e+00  4.01700000e-08  0.00000000e+00  4.01700000e-08  0.00000000e+00 
 4.01900000e-08  3.30000000e+00  4.01900000e-08  3.30000000e+00  4.01900000e-08  3.29956717e+00  4.01900000e-08  3.29966571e+00  4.01900000e-08  0.00000000e+00  4.01900000e-08  0.00000000e+00 
 4.02100000e-08  3.30000000e+00  4.02100000e-08  3.30000000e+00  4.02100000e-08  3.29956826e+00  4.02100000e-08  3.29966655e+00  4.02100000e-08  0.00000000e+00  4.02100000e-08  0.00000000e+00 
 4.02300000e-08  3.30000000e+00  4.02300000e-08  3.30000000e+00  4.02300000e-08  3.29956933e+00  4.02300000e-08  3.29966739e+00  4.02300000e-08  0.00000000e+00  4.02300000e-08  0.00000000e+00 
 4.02500000e-08  3.30000000e+00  4.02500000e-08  3.30000000e+00  4.02500000e-08  3.29957041e+00  4.02500000e-08  3.29966823e+00  4.02500000e-08  0.00000000e+00  4.02500000e-08  0.00000000e+00 
 4.02700000e-08  3.30000000e+00  4.02700000e-08  3.30000000e+00  4.02700000e-08  3.29957147e+00  4.02700000e-08  3.29966905e+00  4.02700000e-08  0.00000000e+00  4.02700000e-08  0.00000000e+00 
 4.02900000e-08  3.30000000e+00  4.02900000e-08  3.30000000e+00  4.02900000e-08  3.29957254e+00  4.02900000e-08  3.29966988e+00  4.02900000e-08  0.00000000e+00  4.02900000e-08  0.00000000e+00 
 4.03100000e-08  3.30000000e+00  4.03100000e-08  3.30000000e+00  4.03100000e-08  3.29957359e+00  4.03100000e-08  3.29967070e+00  4.03100000e-08  0.00000000e+00  4.03100000e-08  0.00000000e+00 
 4.03300000e-08  3.30000000e+00  4.03300000e-08  3.30000000e+00  4.03300000e-08  3.29957466e+00  4.03300000e-08  3.29967152e+00  4.03300000e-08  0.00000000e+00  4.03300000e-08  0.00000000e+00 
 4.03500000e-08  3.30000000e+00  4.03500000e-08  3.30000000e+00  4.03500000e-08  3.29957569e+00  4.03500000e-08  3.29967234e+00  4.03500000e-08  0.00000000e+00  4.03500000e-08  0.00000000e+00 
 4.03700000e-08  3.30000000e+00  4.03700000e-08  3.30000000e+00  4.03700000e-08  3.29957675e+00  4.03700000e-08  3.29967315e+00  4.03700000e-08  0.00000000e+00  4.03700000e-08  0.00000000e+00 
 4.03900000e-08  3.30000000e+00  4.03900000e-08  3.30000000e+00  4.03900000e-08  3.29957778e+00  4.03900000e-08  3.29967396e+00  4.03900000e-08  0.00000000e+00  4.03900000e-08  0.00000000e+00 
 4.04100000e-08  3.30000000e+00  4.04100000e-08  3.30000000e+00  4.04100000e-08  3.29957882e+00  4.04100000e-08  3.29967476e+00  4.04100000e-08  0.00000000e+00  4.04100000e-08  0.00000000e+00 
 4.04300000e-08  3.30000000e+00  4.04300000e-08  3.30000000e+00  4.04300000e-08  3.29957984e+00  4.04300000e-08  3.29967556e+00  4.04300000e-08  0.00000000e+00  4.04300000e-08  0.00000000e+00 
 4.04500000e-08  3.30000000e+00  4.04500000e-08  3.30000000e+00  4.04500000e-08  3.29958087e+00  4.04500000e-08  3.29967636e+00  4.04500000e-08  0.00000000e+00  4.04500000e-08  0.00000000e+00 
 4.04700000e-08  3.30000000e+00  4.04700000e-08  3.30000000e+00  4.04700000e-08  3.29958188e+00  4.04700000e-08  3.29967715e+00  4.04700000e-08  0.00000000e+00  4.04700000e-08  0.00000000e+00 
 4.04900000e-08  3.30000000e+00  4.04900000e-08  3.30000000e+00  4.04900000e-08  3.29958290e+00  4.04900000e-08  3.29967794e+00  4.04900000e-08  0.00000000e+00  4.04900000e-08  0.00000000e+00 
 4.05100000e-08  3.30000000e+00  4.05100000e-08  3.30000000e+00  4.05100000e-08  3.29958390e+00  4.05100000e-08  3.29967872e+00  4.05100000e-08  0.00000000e+00  4.05100000e-08  0.00000000e+00 
 4.05300000e-08  3.30000000e+00  4.05300000e-08  3.30000000e+00  4.05300000e-08  3.29958492e+00  4.05300000e-08  3.29967950e+00  4.05300000e-08  0.00000000e+00  4.05300000e-08  0.00000000e+00 
 4.05500000e-08  3.30000000e+00  4.05500000e-08  3.30000000e+00  4.05500000e-08  3.29958591e+00  4.05500000e-08  3.29968028e+00  4.05500000e-08  0.00000000e+00  4.05500000e-08  0.00000000e+00 
 4.05700000e-08  3.30000000e+00  4.05700000e-08  3.30000000e+00  4.05700000e-08  3.29958691e+00  4.05700000e-08  3.29968105e+00  4.05700000e-08  0.00000000e+00  4.05700000e-08  0.00000000e+00 
 4.05900000e-08  3.30000000e+00  4.05900000e-08  3.30000000e+00  4.05900000e-08  3.29958789e+00  4.05900000e-08  3.29968182e+00  4.05900000e-08  0.00000000e+00  4.05900000e-08  0.00000000e+00 
 4.06100000e-08  3.30000000e+00  4.06100000e-08  3.30000000e+00  4.06100000e-08  3.29958889e+00  4.06100000e-08  3.29968259e+00  4.06100000e-08  0.00000000e+00  4.06100000e-08  0.00000000e+00 
 4.06300000e-08  3.30000000e+00  4.06300000e-08  3.30000000e+00  4.06300000e-08  3.29958986e+00  4.06300000e-08  3.29968335e+00  4.06300000e-08  0.00000000e+00  4.06300000e-08  0.00000000e+00 
 4.06500000e-08  3.30000000e+00  4.06500000e-08  3.30000000e+00  4.06500000e-08  3.29959085e+00  4.06500000e-08  3.29968411e+00  4.06500000e-08  0.00000000e+00  4.06500000e-08  0.00000000e+00 
 4.06700000e-08  3.30000000e+00  4.06700000e-08  3.30000000e+00  4.06700000e-08  3.29959181e+00  4.06700000e-08  3.29968487e+00  4.06700000e-08  0.00000000e+00  4.06700000e-08  0.00000000e+00 
 4.06900000e-08  3.30000000e+00  4.06900000e-08  3.30000000e+00  4.06900000e-08  3.29959279e+00  4.06900000e-08  3.29968562e+00  4.06900000e-08  0.00000000e+00  4.06900000e-08  0.00000000e+00 
 4.07100000e-08  3.30000000e+00  4.07100000e-08  3.30000000e+00  4.07100000e-08  3.29959375e+00  4.07100000e-08  3.29968637e+00  4.07100000e-08  0.00000000e+00  4.07100000e-08  0.00000000e+00 
 4.07300000e-08  3.30000000e+00  4.07300000e-08  3.30000000e+00  4.07300000e-08  3.29959471e+00  4.07300000e-08  3.29968712e+00  4.07300000e-08  0.00000000e+00  4.07300000e-08  0.00000000e+00 
 4.07500000e-08  3.30000000e+00  4.07500000e-08  3.30000000e+00  4.07500000e-08  3.29959566e+00  4.07500000e-08  3.29968786e+00  4.07500000e-08  0.00000000e+00  4.07500000e-08  0.00000000e+00 
 4.07700000e-08  3.30000000e+00  4.07700000e-08  3.30000000e+00  4.07700000e-08  3.29959662e+00  4.07700000e-08  3.29968860e+00  4.07700000e-08  0.00000000e+00  4.07700000e-08  0.00000000e+00 
 4.07900000e-08  3.30000000e+00  4.07900000e-08  3.30000000e+00  4.07900000e-08  3.29959756e+00  4.07900000e-08  3.29968934e+00  4.07900000e-08  0.00000000e+00  4.07900000e-08  0.00000000e+00 
 4.08100000e-08  3.30000000e+00  4.08100000e-08  3.30000000e+00  4.08100000e-08  3.29959851e+00  4.08100000e-08  3.29969007e+00  4.08100000e-08  0.00000000e+00  4.08100000e-08  0.00000000e+00 
 4.08300000e-08  3.30000000e+00  4.08300000e-08  3.30000000e+00  4.08300000e-08  3.29959944e+00  4.08300000e-08  3.29969080e+00  4.08300000e-08  0.00000000e+00  4.08300000e-08  0.00000000e+00 
 4.08500000e-08  3.30000000e+00  4.08500000e-08  3.30000000e+00  4.08500000e-08  3.29960038e+00  4.08500000e-08  3.29969153e+00  4.08500000e-08  0.00000000e+00  4.08500000e-08  0.00000000e+00 
 4.08700000e-08  3.30000000e+00  4.08700000e-08  3.30000000e+00  4.08700000e-08  3.29960131e+00  4.08700000e-08  3.29969225e+00  4.08700000e-08  0.00000000e+00  4.08700000e-08  0.00000000e+00 
 4.08900000e-08  3.30000000e+00  4.08900000e-08  3.30000000e+00  4.08900000e-08  3.29960224e+00  4.08900000e-08  3.29969297e+00  4.08900000e-08  0.00000000e+00  4.08900000e-08  0.00000000e+00 
 4.09100000e-08  3.30000000e+00  4.09100000e-08  3.30000000e+00  4.09100000e-08  3.29960316e+00  4.09100000e-08  3.29969368e+00  4.09100000e-08  0.00000000e+00  4.09100000e-08  0.00000000e+00 
 4.09300000e-08  3.30000000e+00  4.09300000e-08  3.30000000e+00  4.09300000e-08  3.29960408e+00  4.09300000e-08  3.29969440e+00  4.09300000e-08  0.00000000e+00  4.09300000e-08  0.00000000e+00 
 4.09500000e-08  3.30000000e+00  4.09500000e-08  3.30000000e+00  4.09500000e-08  3.29960499e+00  4.09500000e-08  3.29969511e+00  4.09500000e-08  0.00000000e+00  4.09500000e-08  0.00000000e+00 
 4.09700000e-08  3.30000000e+00  4.09700000e-08  3.30000000e+00  4.09700000e-08  3.29960591e+00  4.09700000e-08  3.29969581e+00  4.09700000e-08  0.00000000e+00  4.09700000e-08  0.00000000e+00 
 4.09900000e-08  3.30000000e+00  4.09900000e-08  3.30000000e+00  4.09900000e-08  3.29960680e+00  4.09900000e-08  3.29969652e+00  4.09900000e-08  0.00000000e+00  4.09900000e-08  0.00000000e+00 
 4.10100000e-08  3.30000000e+00  4.10100000e-08  3.30000000e+00  4.10100000e-08  3.29960771e+00  4.10100000e-08  3.29969722e+00  4.10100000e-08  0.00000000e+00  4.10100000e-08  0.00000000e+00 
 4.10300000e-08  3.30000000e+00  4.10300000e-08  3.30000000e+00  4.10300000e-08  3.29960860e+00  4.10300000e-08  3.29969792e+00  4.10300000e-08  0.00000000e+00  4.10300000e-08  0.00000000e+00 
 4.10500000e-08  3.30000000e+00  4.10500000e-08  3.30000000e+00  4.10500000e-08  3.29960950e+00  4.10500000e-08  3.29969861e+00  4.10500000e-08  0.00000000e+00  4.10500000e-08  0.00000000e+00 
 4.10700000e-08  3.30000000e+00  4.10700000e-08  3.30000000e+00  4.10700000e-08  3.29961039e+00  4.10700000e-08  3.29969930e+00  4.10700000e-08  0.00000000e+00  4.10700000e-08  0.00000000e+00 
 4.10900000e-08  3.30000000e+00  4.10900000e-08  3.30000000e+00  4.10900000e-08  3.29961128e+00  4.10900000e-08  3.29969999e+00  4.10900000e-08  0.00000000e+00  4.10900000e-08  0.00000000e+00 
 4.11100000e-08  3.30000000e+00  4.11100000e-08  3.30000000e+00  4.11100000e-08  3.29961216e+00  4.11100000e-08  3.29970068e+00  4.11100000e-08  0.00000000e+00  4.11100000e-08  0.00000000e+00 
 4.11300000e-08  3.30000000e+00  4.11300000e-08  3.30000000e+00  4.11300000e-08  3.29961304e+00  4.11300000e-08  3.29970136e+00  4.11300000e-08  0.00000000e+00  4.11300000e-08  0.00000000e+00 
 4.11500000e-08  3.30000000e+00  4.11500000e-08  3.30000000e+00  4.11500000e-08  3.29961391e+00  4.11500000e-08  3.29970204e+00  4.11500000e-08  0.00000000e+00  4.11500000e-08  0.00000000e+00 
 4.11700000e-08  3.30000000e+00  4.11700000e-08  3.30000000e+00  4.11700000e-08  3.29961479e+00  4.11700000e-08  3.29970272e+00  4.11700000e-08  0.00000000e+00  4.11700000e-08  0.00000000e+00 
 4.11900000e-08  3.30000000e+00  4.11900000e-08  3.30000000e+00  4.11900000e-08  3.29961565e+00  4.11900000e-08  3.29970339e+00  4.11900000e-08  0.00000000e+00  4.11900000e-08  0.00000000e+00 
 4.12100000e-08  3.30000000e+00  4.12100000e-08  3.30000000e+00  4.12100000e-08  3.29961652e+00  4.12100000e-08  3.29970406e+00  4.12100000e-08  0.00000000e+00  4.12100000e-08  0.00000000e+00 
 4.12300000e-08  3.30000000e+00  4.12300000e-08  3.30000000e+00  4.12300000e-08  3.29961737e+00  4.12300000e-08  3.29970473e+00  4.12300000e-08  0.00000000e+00  4.12300000e-08  0.00000000e+00 
 4.12500000e-08  3.30000000e+00  4.12500000e-08  3.30000000e+00  4.12500000e-08  3.29961824e+00  4.12500000e-08  3.29970539e+00  4.12500000e-08  0.00000000e+00  4.12500000e-08  0.00000000e+00 
 4.12700000e-08  3.30000000e+00  4.12700000e-08  3.30000000e+00  4.12700000e-08  3.29961908e+00  4.12700000e-08  3.29970605e+00  4.12700000e-08  0.00000000e+00  4.12700000e-08  0.00000000e+00 
 4.12900000e-08  3.30000000e+00  4.12900000e-08  3.30000000e+00  4.12900000e-08  3.29961994e+00  4.12900000e-08  3.29970671e+00  4.12900000e-08  0.00000000e+00  4.12900000e-08  0.00000000e+00 
 4.13100000e-08  3.30000000e+00  4.13100000e-08  3.30000000e+00  4.13100000e-08  3.29962077e+00  4.13100000e-08  3.29970737e+00  4.13100000e-08  0.00000000e+00  4.13100000e-08  0.00000000e+00 
 4.13300000e-08  3.30000000e+00  4.13300000e-08  3.30000000e+00  4.13300000e-08  3.29962162e+00  4.13300000e-08  3.29970802e+00  4.13300000e-08  0.00000000e+00  4.13300000e-08  0.00000000e+00 
 4.13500000e-08  3.30000000e+00  4.13500000e-08  3.30000000e+00  4.13500000e-08  3.29962245e+00  4.13500000e-08  3.29970867e+00  4.13500000e-08  0.00000000e+00  4.13500000e-08  0.00000000e+00 
 4.13700000e-08  3.30000000e+00  4.13700000e-08  3.30000000e+00  4.13700000e-08  3.29962330e+00  4.13700000e-08  3.29970932e+00  4.13700000e-08  0.00000000e+00  4.13700000e-08  0.00000000e+00 
 4.13900000e-08  3.30000000e+00  4.13900000e-08  3.30000000e+00  4.13900000e-08  3.29962412e+00  4.13900000e-08  3.29970997e+00  4.13900000e-08  0.00000000e+00  4.13900000e-08  0.00000000e+00 
 4.14100000e-08  3.30000000e+00  4.14100000e-08  3.30000000e+00  4.14100000e-08  3.29962496e+00  4.14100000e-08  3.29971061e+00  4.14100000e-08  0.00000000e+00  4.14100000e-08  0.00000000e+00 
 4.14300000e-08  3.30000000e+00  4.14300000e-08  3.30000000e+00  4.14300000e-08  3.29962577e+00  4.14300000e-08  3.29971125e+00  4.14300000e-08  0.00000000e+00  4.14300000e-08  0.00000000e+00 
 4.14500000e-08  3.30000000e+00  4.14500000e-08  3.30000000e+00  4.14500000e-08  3.29962660e+00  4.14500000e-08  3.29971189e+00  4.14500000e-08  0.00000000e+00  4.14500000e-08  0.00000000e+00 
 4.14700000e-08  3.30000000e+00  4.14700000e-08  3.30000000e+00  4.14700000e-08  3.29962741e+00  4.14700000e-08  3.29971252e+00  4.14700000e-08  0.00000000e+00  4.14700000e-08  0.00000000e+00 
 4.14900000e-08  3.30000000e+00  4.14900000e-08  3.30000000e+00  4.14900000e-08  3.29962823e+00  4.14900000e-08  3.29971315e+00  4.14900000e-08  0.00000000e+00  4.14900000e-08  0.00000000e+00 
 4.15100000e-08  3.30000000e+00  4.15100000e-08  3.30000000e+00  4.15100000e-08  3.29962903e+00  4.15100000e-08  3.29971378e+00  4.15100000e-08  0.00000000e+00  4.15100000e-08  0.00000000e+00 
 4.15300000e-08  3.30000000e+00  4.15300000e-08  3.30000000e+00  4.15300000e-08  3.29962985e+00  4.15300000e-08  3.29971441e+00  4.15300000e-08  0.00000000e+00  4.15300000e-08  0.00000000e+00 
 4.15500000e-08  3.30000000e+00  4.15500000e-08  3.30000000e+00  4.15500000e-08  3.29963064e+00  4.15500000e-08  3.29971503e+00  4.15500000e-08  0.00000000e+00  4.15500000e-08  0.00000000e+00 
 4.15700000e-08  3.30000000e+00  4.15700000e-08  3.30000000e+00  4.15700000e-08  3.29963145e+00  4.15700000e-08  3.29971565e+00  4.15700000e-08  0.00000000e+00  4.15700000e-08  0.00000000e+00 
 4.15900000e-08  3.30000000e+00  4.15900000e-08  3.30000000e+00  4.15900000e-08  3.29963224e+00  4.15900000e-08  3.29971627e+00  4.15900000e-08  0.00000000e+00  4.15900000e-08  0.00000000e+00 
 4.16100000e-08  3.30000000e+00  4.16100000e-08  3.30000000e+00  4.16100000e-08  3.29963304e+00  4.16100000e-08  3.29971689e+00  4.16100000e-08  0.00000000e+00  4.16100000e-08  0.00000000e+00 
 4.16300000e-08  3.30000000e+00  4.16300000e-08  3.30000000e+00  4.16300000e-08  3.29963383e+00  4.16300000e-08  3.29971750e+00  4.16300000e-08  0.00000000e+00  4.16300000e-08  0.00000000e+00 
 4.16500000e-08  3.30000000e+00  4.16500000e-08  3.30000000e+00  4.16500000e-08  3.29963462e+00  4.16500000e-08  3.29971811e+00  4.16500000e-08  0.00000000e+00  4.16500000e-08  0.00000000e+00 
 4.16700000e-08  3.30000000e+00  4.16700000e-08  3.30000000e+00  4.16700000e-08  3.29963540e+00  4.16700000e-08  3.29971872e+00  4.16700000e-08  0.00000000e+00  4.16700000e-08  0.00000000e+00 
 4.16900000e-08  3.30000000e+00  4.16900000e-08  3.30000000e+00  4.16900000e-08  3.29963619e+00  4.16900000e-08  3.29971933e+00  4.16900000e-08  0.00000000e+00  4.16900000e-08  0.00000000e+00 
 4.17100000e-08  3.30000000e+00  4.17100000e-08  3.30000000e+00  4.17100000e-08  3.29963696e+00  4.17100000e-08  3.29971993e+00  4.17100000e-08  0.00000000e+00  4.17100000e-08  0.00000000e+00 
 4.17300000e-08  3.30000000e+00  4.17300000e-08  3.30000000e+00  4.17300000e-08  3.29963774e+00  4.17300000e-08  3.29972053e+00  4.17300000e-08  0.00000000e+00  4.17300000e-08  0.00000000e+00 
 4.17500000e-08  3.30000000e+00  4.17500000e-08  3.30000000e+00  4.17500000e-08  3.29963850e+00  4.17500000e-08  3.29972113e+00  4.17500000e-08  0.00000000e+00  4.17500000e-08  0.00000000e+00 
 4.17700000e-08  3.30000000e+00  4.17700000e-08  3.30000000e+00  4.17700000e-08  3.29963928e+00  4.17700000e-08  3.29972173e+00  4.17700000e-08  0.00000000e+00  4.17700000e-08  0.00000000e+00 
 4.17900000e-08  3.30000000e+00  4.17900000e-08  3.30000000e+00  4.17900000e-08  3.29964003e+00  4.17900000e-08  3.29972232e+00  4.17900000e-08  0.00000000e+00  4.17900000e-08  0.00000000e+00 
 4.18100000e-08  3.30000000e+00  4.18100000e-08  3.30000000e+00  4.18100000e-08  3.29964080e+00  4.18100000e-08  3.29972291e+00  4.18100000e-08  0.00000000e+00  4.18100000e-08  0.00000000e+00 
 4.18300000e-08  3.30000000e+00  4.18300000e-08  3.30000000e+00  4.18300000e-08  3.29964156e+00  4.18300000e-08  3.29972350e+00  4.18300000e-08  0.00000000e+00  4.18300000e-08  0.00000000e+00 
 4.18500000e-08  3.30000000e+00  4.18500000e-08  3.30000000e+00  4.18500000e-08  3.29964232e+00  4.18500000e-08  3.29972409e+00  4.18500000e-08  0.00000000e+00  4.18500000e-08  0.00000000e+00 
 4.18700000e-08  3.30000000e+00  4.18700000e-08  3.30000000e+00  4.18700000e-08  3.29964306e+00  4.18700000e-08  3.29972467e+00  4.18700000e-08  0.00000000e+00  4.18700000e-08  0.00000000e+00 
 4.18900000e-08  3.30000000e+00  4.18900000e-08  3.30000000e+00  4.18900000e-08  3.29964382e+00  4.18900000e-08  3.29972525e+00  4.18900000e-08  0.00000000e+00  4.18900000e-08  0.00000000e+00 
 4.19100000e-08  3.30000000e+00  4.19100000e-08  3.30000000e+00  4.19100000e-08  3.29964456e+00  4.19100000e-08  3.29972583e+00  4.19100000e-08  0.00000000e+00  4.19100000e-08  0.00000000e+00 
 4.19300000e-08  3.30000000e+00  4.19300000e-08  3.30000000e+00  4.19300000e-08  3.29964531e+00  4.19300000e-08  3.29972641e+00  4.19300000e-08  0.00000000e+00  4.19300000e-08  0.00000000e+00 
 4.19500000e-08  3.30000000e+00  4.19500000e-08  3.30000000e+00  4.19500000e-08  3.29964605e+00  4.19500000e-08  3.29972698e+00  4.19500000e-08  0.00000000e+00  4.19500000e-08  0.00000000e+00 
 4.19700000e-08  3.30000000e+00  4.19700000e-08  3.30000000e+00  4.19700000e-08  3.29964679e+00  4.19700000e-08  3.29972756e+00  4.19700000e-08  0.00000000e+00  4.19700000e-08  0.00000000e+00 
 4.19850000e-08  3.30000000e+00  4.19850000e-08  3.30000000e+00  4.19850000e-08  3.29964733e+00  4.19850000e-08  3.29972798e+00  4.19850000e-08  0.00000000e+00  4.19850000e-08  0.00000000e+00 
 4.20000000e-08  3.30000000e+00  4.20000000e-08  3.30000000e+00  4.20000000e-08  3.29964789e+00  4.20000000e-08  3.29972841e+00  4.20000000e-08  2.18375682e-13  4.20000000e-08  0.00000000e+00 
 4.20020000e-08  3.30000799e+00  4.20020000e-08  3.30000799e+00  4.20020000e-08  3.30225842e+00  4.20020000e-08  3.30234092e+00  4.20020000e-08  6.60000000e-02  4.20020000e-08  0.00000000e+00 
 4.20060000e-08  3.30001877e+00  4.20060000e-08  3.30001878e+00  4.20060000e-08  3.30738839e+00  4.20060000e-08  3.30747316e+00  4.20060000e-08  1.98000000e-01  4.20060000e-08  0.00000000e+00 
 4.20140000e-08  3.30002102e+00  4.20140000e-08  3.30002104e+00  4.20140000e-08  3.31708995e+00  4.20140000e-08  3.31717947e+00  4.20140000e-08  4.62000000e-01  4.20140000e-08  0.00000000e+00 
 4.20300000e-08  3.30000835e+00  4.20300000e-08  3.30000836e+00  4.20300000e-08  3.33487952e+00  4.20300000e-08  3.33497770e+00  4.20300000e-08  9.90000000e-01  4.20300000e-08  0.00000000e+00 
 4.20500000e-08  3.30000109e+00  4.20500000e-08  3.30000098e+00  4.20500000e-08  3.35642042e+00  4.20500000e-08  3.35644175e+00  4.20500000e-08  1.65000000e+00  4.20500000e-08  0.00000000e+00 
 4.20700000e-08  3.30000509e+00  4.20700000e-08  3.30000471e+00  4.20700000e-08  3.38125961e+00  4.20700000e-08  3.38093693e+00  4.20700000e-08  2.31000000e+00  4.20700000e-08  0.00000000e+00 
 4.20850000e-08  3.30000687e+00  4.20850000e-08  3.30000609e+00  4.20850000e-08  3.40276553e+00  4.20850000e-08  3.40184589e+00  4.20850000e-08  2.80500000e+00  4.20850000e-08  0.00000000e+00 
 4.21000000e-08  3.29999448e+00  4.21000000e-08  3.29999357e+00  4.21000000e-08  3.41935082e+00  4.21000000e-08  3.41753920e+00  4.21000000e-08  3.30000000e+00  4.21000000e-08  0.00000000e+00 
 4.21020000e-08  3.29999396e+00  4.21020000e-08  3.29999305e+00  4.21020000e-08  3.42126053e+00  4.21020000e-08  3.41930804e+00  4.21020000e-08  3.30000000e+00  4.21020000e-08  0.00000000e+00 
 4.21060000e-08  3.29999397e+00  4.21060000e-08  3.29999312e+00  4.21060000e-08  3.42521184e+00  4.21060000e-08  3.42299013e+00  4.21060000e-08  3.30000000e+00  4.21060000e-08  0.00000000e+00 
 4.21140000e-08  3.29999502e+00  4.21140000e-08  3.29999468e+00  4.21140000e-08  3.43304513e+00  4.21140000e-08  3.43040423e+00  4.21140000e-08  3.30000000e+00  4.21140000e-08  0.00000000e+00 
 4.21300000e-08  3.29999353e+00  4.21300000e-08  3.29999469e+00  4.21300000e-08  3.44625308e+00  4.21300000e-08  3.44339963e+00  4.21300000e-08  3.30000000e+00  4.21300000e-08  0.00000000e+00 
 4.21500000e-08  3.29998571e+00  4.21500000e-08  3.29998819e+00  4.21500000e-08  3.45404109e+00  4.21500000e-08  3.45215998e+00  4.21500000e-08  3.30000000e+00  4.21500000e-08  0.00000000e+00 
 4.21700000e-08  3.29998037e+00  4.21700000e-08  3.29998260e+00  4.21700000e-08  3.44926477e+00  4.21700000e-08  3.44954420e+00  4.21700000e-08  3.30000000e+00  4.21700000e-08  0.00000000e+00 
 4.21900000e-08  3.29998041e+00  4.21900000e-08  3.29998186e+00  4.21900000e-08  3.43134684e+00  4.21900000e-08  3.43471519e+00  4.21900000e-08  3.30000000e+00  4.21900000e-08  0.00000000e+00 
 4.22100000e-08  3.29998356e+00  4.22100000e-08  3.29998388e+00  4.22100000e-08  3.40118950e+00  4.22100000e-08  3.40836095e+00  4.22100000e-08  3.30000000e+00  4.22100000e-08  0.00000000e+00 
 4.22300000e-08  3.29998838e+00  4.22300000e-08  3.29998797e+00  4.22300000e-08  3.36037557e+00  4.22300000e-08  3.37189245e+00  4.22300000e-08  3.30000000e+00  4.22300000e-08  0.00000000e+00 
 4.22500000e-08  3.29999287e+00  4.22500000e-08  3.29999226e+00  4.22500000e-08  3.31070645e+00  4.22500000e-08  3.32696217e+00  4.22500000e-08  3.30000000e+00  4.22500000e-08  0.00000000e+00 
 4.22700000e-08  3.29999614e+00  4.22700000e-08  3.29999570e+00  4.22700000e-08  3.25394450e+00  4.22700000e-08  3.27520379e+00  4.22700000e-08  3.30000000e+00  4.22700000e-08  0.00000000e+00 
 4.22900000e-08  3.29999822e+00  4.22900000e-08  3.29999799e+00  4.22900000e-08  3.19167206e+00  4.22900000e-08  3.21809888e+00  4.22900000e-08  3.30000000e+00  4.22900000e-08  0.00000000e+00 
 4.23100000e-08  3.29999948e+00  4.23100000e-08  3.29999937e+00  4.23100000e-08  3.12522731e+00  4.23100000e-08  3.15691593e+00  4.23100000e-08  3.30000000e+00  4.23100000e-08  0.00000000e+00 
 4.23300000e-08  3.30000024e+00  4.23300000e-08  3.30000018e+00  4.23300000e-08  3.05569516e+00  4.23300000e-08  3.09269164e+00  4.23300000e-08  3.30000000e+00  4.23300000e-08  0.00000000e+00 
 4.23500000e-08  3.30000066e+00  4.23500000e-08  3.30000064e+00  4.23500000e-08  2.98393282e+00  4.23500000e-08  3.02624855e+00  4.23500000e-08  3.30000000e+00  4.23500000e-08  0.00000000e+00 
 4.23700000e-08  3.30000086e+00  4.23700000e-08  3.30000085e+00  4.23700000e-08  2.91060652e+00  4.23700000e-08  2.95822787e+00  4.23700000e-08  3.30000000e+00  4.23700000e-08  0.00000000e+00 
 4.23900000e-08  3.30000096e+00  4.23900000e-08  3.30000094e+00  4.23900000e-08  2.83622949e+00  4.23900000e-08  2.88912415e+00  4.23900000e-08  3.30000000e+00  4.23900000e-08  0.00000000e+00 
 4.24100000e-08  3.30000101e+00  4.24100000e-08  3.30000098e+00  4.24100000e-08  2.76119327e+00  4.24100000e-08  2.81931445e+00  4.24100000e-08  3.30000000e+00  4.24100000e-08  0.00000000e+00 
 4.24300000e-08  3.30000103e+00  4.24300000e-08  3.30000098e+00  4.24300000e-08  2.68579633e+00  4.24300000e-08  2.74908538e+00  4.24300000e-08  3.30000000e+00  4.24300000e-08  0.00000000e+00 
 4.24500000e-08  3.30000104e+00  4.24500000e-08  3.30000098e+00  4.24500000e-08  2.61026659e+00  4.24500000e-08  2.67865483e+00  4.24500000e-08  3.30000000e+00  4.24500000e-08  0.00000000e+00 
 4.24700000e-08  3.30000103e+00  4.24700000e-08  3.30000096e+00  4.24700000e-08  2.53477940e+00  4.24700000e-08  2.60818921e+00  4.24700000e-08  3.30000000e+00  4.24700000e-08  0.00000000e+00 
 4.24900000e-08  3.30000101e+00  4.24900000e-08  3.30000094e+00  4.24900000e-08  2.45947100e+00  4.24900000e-08  2.53781657e+00  4.24900000e-08  3.30000000e+00  4.24900000e-08  0.00000000e+00 
 4.25100000e-08  3.30000099e+00  4.25100000e-08  3.30000091e+00  4.25100000e-08  2.38444926e+00  4.25100000e-08  2.46763682e+00  4.25100000e-08  3.30000000e+00  4.25100000e-08  0.00000000e+00 
 4.25300000e-08  3.30000097e+00  4.25300000e-08  3.30000089e+00  4.25300000e-08  2.30980153e+00  4.25300000e-08  2.39772923e+00  4.25300000e-08  3.30000000e+00  4.25300000e-08  0.00000000e+00 
 4.25500000e-08  3.30000095e+00  4.25500000e-08  3.30000087e+00  4.25500000e-08  2.23560111e+00  4.25500000e-08  2.32815849e+00  4.25500000e-08  3.30000000e+00  4.25500000e-08  0.00000000e+00 
 4.25700000e-08  3.30000094e+00  4.25700000e-08  3.30000084e+00  4.25700000e-08  2.16191186e+00  4.25700000e-08  2.25897907e+00  4.25700000e-08  3.30000000e+00  4.25700000e-08  0.00000000e+00 
 4.25900000e-08  3.30000092e+00  4.25900000e-08  3.30000083e+00  4.25900000e-08  2.08879233e+00  4.25900000e-08  2.19023890e+00  4.25900000e-08  3.30000000e+00  4.25900000e-08  0.00000000e+00 
 4.26100000e-08  3.30000092e+00  4.26100000e-08  3.30000081e+00  4.26100000e-08  2.01629860e+00  4.26100000e-08  2.12198197e+00  4.26100000e-08  3.30000000e+00  4.26100000e-08  0.00000000e+00 
 4.26300000e-08  3.30000092e+00  4.26300000e-08  3.30000080e+00  4.26300000e-08  1.94448690e+00  4.26300000e-08  2.05425070e+00  4.26300000e-08  3.30000000e+00  4.26300000e-08  0.00000000e+00 
 4.26500000e-08  3.30000092e+00  4.26500000e-08  3.30000080e+00  4.26500000e-08  1.87341393e+00  4.26500000e-08  1.98708724e+00  4.26500000e-08  3.30000000e+00  4.26500000e-08  0.00000000e+00 
 4.26700000e-08  3.30000093e+00  4.26700000e-08  3.30000080e+00  4.26700000e-08  1.80313146e+00  4.26700000e-08  1.92053445e+00  4.26700000e-08  3.30000000e+00  4.26700000e-08  0.00000000e+00 
 4.26850000e-08  3.30000092e+00  4.26850000e-08  3.30000080e+00  4.26850000e-08  1.75095738e+00  4.26850000e-08  1.87104626e+00  4.26850000e-08  3.30000000e+00  4.26850000e-08  0.00000000e+00 
 4.27000000e-08  3.30000091e+00  4.27000000e-08  3.30000080e+00  4.27000000e-08  1.69924604e+00  4.27000000e-08  1.82194242e+00  4.27000000e-08  3.30000000e+00  4.27000000e-08  2.18375682e-13 
 4.27020000e-08  3.32132911e+00  4.27020000e-08  3.32132903e+00  4.27020000e-08  1.69264522e+00  4.27020000e-08  1.81569395e+00  4.27020000e-08  3.30000000e+00  4.27020000e-08  6.60000000e-02 
 4.27060000e-08  3.35609571e+00  4.27060000e-08  3.35609529e+00  4.27060000e-08  1.67940728e+00  4.27060000e-08  1.80315640e+00  4.27060000e-08  3.30000000e+00  4.27060000e-08  1.98000000e-01 
 4.27140000e-08  3.39509664e+00  4.27140000e-08  3.39509627e+00  4.27140000e-08  1.65275521e+00  4.27140000e-08  1.77789054e+00  4.27140000e-08  3.30000000e+00  4.27140000e-08  4.62000000e-01 
 4.27300000e-08  3.43010832e+00  4.27300000e-08  3.43010846e+00  4.27300000e-08  1.59881254e+00  4.27300000e-08  1.72665084e+00  4.27300000e-08  3.30000000e+00  4.27300000e-08  9.90000000e-01 
 4.27500000e-08  3.46571767e+00  4.27500000e-08  3.46571801e+00  4.27500000e-08  1.52809428e+00  4.27500000e-08  1.65901069e+00  4.27500000e-08  3.30000000e+00  4.27500000e-08  1.65000000e+00 
 4.27700000e-08  3.53467835e+00  4.27700000e-08  3.53467923e+00  4.27700000e-08  1.45205383e+00  4.27700000e-08  1.58605774e+00  4.27700000e-08  3.30000000e+00  4.27700000e-08  2.31000000e+00 
 4.27850000e-08  3.62526170e+00  4.27850000e-08  3.62536516e+00  4.27850000e-08  1.39402652e+00  4.27850000e-08  1.52877253e+00  4.27850000e-08  3.30000000e+00  4.27850000e-08  2.80500000e+00 
 4.28000000e-08  3.74146118e+00  4.28000000e-08  3.74268232e+00  4.28000000e-08  1.33039034e+00  4.28000000e-08  1.45103214e+00  4.28000000e-08  3.30000000e+00  4.28000000e-08  3.30000000e+00 
 4.28020000e-08  3.74166533e+00  4.28020000e-08  3.74289714e+00  4.28020000e-08  1.32075995e+00  4.28020000e-08  1.44038376e+00  4.28020000e-08  3.30000000e+00  4.28020000e-08  3.30000000e+00 
 4.28060000e-08  3.74204747e+00  4.28060000e-08  3.74321897e+00  4.28060000e-08  1.30145255e+00  4.28060000e-08  1.41979155e+00  4.28060000e-08  3.30000000e+00  4.28060000e-08  3.30000000e+00 
 4.28140000e-08  3.74248894e+00  4.28140000e-08  3.74331510e+00  4.28140000e-08  1.26457307e+00  4.28140000e-08  1.38213551e+00  4.28140000e-08  3.30000000e+00  4.28140000e-08  3.30000000e+00 
 4.28300000e-08  3.74208599e+00  4.28300000e-08  3.74181404e+00  4.28300000e-08  1.19905066e+00  4.28300000e-08  1.31737106e+00  4.28300000e-08  3.30000000e+00  4.28300000e-08  3.30000000e+00 
 4.28500000e-08  3.73985293e+00  4.28500000e-08  3.73767037e+00  4.28500000e-08  1.12890622e+00  4.28500000e-08  1.24913990e+00  4.28500000e-08  3.30000000e+00  4.28500000e-08  3.30000000e+00 
 4.28700000e-08  3.73663439e+00  4.28700000e-08  3.73217497e+00  4.28700000e-08  1.06601597e+00  4.28700000e-08  1.18838124e+00  4.28700000e-08  3.30000000e+00  4.28700000e-08  3.30000000e+00 
 4.28900000e-08  3.73321050e+00  4.28900000e-08  3.72644566e+00  4.28900000e-08  1.00666074e+00  4.28900000e-08  1.13124810e+00  4.28900000e-08  3.30000000e+00  4.28900000e-08  3.30000000e+00 
 4.29100000e-08  3.73002939e+00  4.29100000e-08  3.72095061e+00  4.29100000e-08  9.49258809e-01  4.29100000e-08  1.07608407e+00  4.29100000e-08  3.30000000e+00  4.29100000e-08  3.30000000e+00 
 4.29300000e-08  3.72733073e+00  4.29300000e-08  3.71569674e+00  4.29300000e-08  8.93259217e-01  4.29300000e-08  1.02223938e+00  4.29300000e-08  3.30000000e+00  4.29300000e-08  3.30000000e+00 
 4.29500000e-08  3.72532321e+00  4.29500000e-08  3.71026371e+00  4.29500000e-08  8.38731286e-01  4.29500000e-08  9.69504309e-01  4.29500000e-08  3.30000000e+00  4.29500000e-08  3.30000000e+00 
 4.29700000e-08  3.72403471e+00  4.29700000e-08  3.70404144e+00  4.29700000e-08  7.86661072e-01  4.29700000e-08  9.17910420e-01  4.29700000e-08  3.30000000e+00  4.29700000e-08  3.30000000e+00 
 4.29900000e-08  3.72242512e+00  4.29900000e-08  3.69699051e+00  4.29900000e-08  7.39812498e-01  4.29900000e-08  8.67715880e-01  4.29900000e-08  3.30000000e+00  4.29900000e-08  3.30000000e+00 
 4.30100000e-08  3.71820161e+00  4.30100000e-08  3.68999196e+00  4.30100000e-08  7.01569319e-01  4.30100000e-08  8.19271958e-01  4.30100000e-08  3.30000000e+00  4.30100000e-08  3.30000000e+00 
 4.30300000e-08  3.70938809e+00  4.30300000e-08  3.68404265e+00  4.30300000e-08  6.72485441e-01  4.30300000e-08  7.73281925e-01  4.30300000e-08  3.30000000e+00  4.30300000e-08  3.30000000e+00 
 4.30500000e-08  3.69576895e+00  4.30500000e-08  3.67962498e+00  4.30500000e-08  6.50382061e-01  4.30500000e-08  7.31555280e-01  4.30500000e-08  3.30000000e+00  4.30500000e-08  3.30000000e+00 
 4.30700000e-08  3.67874443e+00  4.30700000e-08  3.67672407e+00  4.30700000e-08  6.32922946e-01  4.30700000e-08  6.96315647e-01  4.30700000e-08  3.30000000e+00  4.30700000e-08  3.30000000e+00 
 4.30900000e-08  3.66022864e+00  4.30900000e-08  3.67498355e+00  4.30900000e-08  6.18447922e-01  4.30900000e-08  6.67936831e-01  4.30900000e-08  3.30000000e+00  4.30900000e-08  3.30000000e+00 
 4.31100000e-08  3.64175258e+00  4.31100000e-08  3.67397006e+00  4.31100000e-08  6.05872818e-01  4.31100000e-08  6.44922685e-01  4.31100000e-08  3.30000000e+00  4.31100000e-08  3.30000000e+00 
 4.31300000e-08  3.62419806e+00  4.31300000e-08  3.67336247e+00  4.31300000e-08  5.94504182e-01  4.31300000e-08  6.25585814e-01  4.31300000e-08  3.30000000e+00  4.31300000e-08  3.30000000e+00 
 4.31500000e-08  3.60794262e+00  4.31500000e-08  3.67297182e+00  4.31500000e-08  5.83899099e-01  4.31500000e-08  6.08743103e-01  4.31500000e-08  3.30000000e+00  4.31500000e-08  3.30000000e+00 
 4.31700000e-08  3.59307356e+00  4.31700000e-08  3.67269612e+00  4.31700000e-08  5.73778781e-01  4.31700000e-08  5.93649104e-01  4.31700000e-08  3.30000000e+00  4.31700000e-08  3.30000000e+00 
 4.31900000e-08  3.57953551e+00  4.31900000e-08  3.67248299e+00  4.31900000e-08  5.63971981e-01  4.31900000e-08  5.79845295e-01  4.31900000e-08  3.30000000e+00  4.31900000e-08  3.30000000e+00 
 4.32100000e-08  3.56721503e+00  4.32100000e-08  3.67230533e+00  4.32100000e-08  5.54378899e-01  4.32100000e-08  5.67038907e-01  4.32100000e-08  3.30000000e+00  4.32100000e-08  3.30000000e+00 
 4.32300000e-08  3.55598375e+00  4.32300000e-08  3.67214836e+00  4.32300000e-08  5.44943449e-01  4.32300000e-08  5.55024033e-01  4.32300000e-08  3.30000000e+00  4.32300000e-08  3.30000000e+00 
 4.32500000e-08  3.54571609e+00  4.32500000e-08  3.67200383e+00  4.32500000e-08  5.35638386e-01  4.32500000e-08  5.43656030e-01  4.32500000e-08  3.30000000e+00  4.32500000e-08  3.30000000e+00 
 4.32700000e-08  3.53629710e+00  4.32700000e-08  3.67186718e+00  4.32700000e-08  5.26452010e-01  4.32700000e-08  5.32828600e-01  4.32700000e-08  3.30000000e+00  4.32700000e-08  3.30000000e+00 
 4.32900000e-08  3.52762496e+00  4.32900000e-08  3.67173563e+00  4.32900000e-08  5.17382521e-01  4.32900000e-08  5.22460612e-01  4.32900000e-08  3.30000000e+00  4.32900000e-08  3.30000000e+00 
 4.33100000e-08  3.51961088e+00  4.33100000e-08  3.67160763e+00  4.33100000e-08  5.08431784e-01  4.33100000e-08  5.12488496e-01  4.33100000e-08  3.30000000e+00  4.33100000e-08  3.30000000e+00 
 4.33300000e-08  3.51217806e+00  4.33300000e-08  3.67148209e+00  4.33300000e-08  4.99604361e-01  4.33300000e-08  5.02861370e-01  4.33300000e-08  3.30000000e+00  4.33300000e-08  3.30000000e+00 
 4.33500000e-08  3.50526028e+00  4.33500000e-08  3.67135845e+00  4.33500000e-08  4.90904237e-01  4.33500000e-08  4.93538146e-01  4.33500000e-08  3.30000000e+00  4.33500000e-08  3.30000000e+00 
 4.33700000e-08  3.49880043e+00  4.33700000e-08  3.67123627e+00  4.33700000e-08  4.82335742e-01  4.33700000e-08  4.84485283e-01  4.33700000e-08  3.30000000e+00  4.33700000e-08  3.30000000e+00 
 4.33900000e-08  3.49274925e+00  4.33900000e-08  3.67111536e+00  4.33900000e-08  4.73901422e-01  4.33900000e-08  4.75675444e-01  4.33900000e-08  3.30000000e+00  4.33900000e-08  3.30000000e+00 
 4.34100000e-08  3.48706412e+00  4.34100000e-08  3.67099553e+00  4.34100000e-08  4.65603679e-01  4.34100000e-08  4.67086157e-01  4.34100000e-08  3.30000000e+00  4.34100000e-08  3.30000000e+00 
 4.34300000e-08  3.48170805e+00  4.34300000e-08  3.67087674e+00  4.34300000e-08  4.57443036e-01  4.34300000e-08  4.58699074e-01  4.34300000e-08  3.30000000e+00  4.34300000e-08  3.30000000e+00 
 4.34500000e-08  3.47664890e+00  4.34500000e-08  3.67075891e+00  4.34500000e-08  4.49420023e-01  4.34500000e-08  4.50499024e-01  4.34500000e-08  3.30000000e+00  4.34500000e-08  3.30000000e+00 
 4.34700000e-08  3.47185857e+00  4.34700000e-08  3.67064207e+00  4.34700000e-08  4.41533543e-01  4.34700000e-08  4.42473588e-01  4.34700000e-08  3.30000000e+00  4.34700000e-08  3.30000000e+00 
 4.34900000e-08  3.46731247e+00  4.34900000e-08  3.67052617e+00  4.34900000e-08  4.33782807e-01  4.34900000e-08  4.34612382e-01  4.34900000e-08  3.30000000e+00  4.34900000e-08  3.30000000e+00 
 4.35100000e-08  3.46298895e+00  4.35100000e-08  3.67041126e+00  4.35100000e-08  4.26165689e-01  4.35100000e-08  4.26906844e-01  4.35100000e-08  3.30000000e+00  4.35100000e-08  3.30000000e+00 
 4.35300000e-08  3.45886896e+00  4.35300000e-08  3.67029733e+00  4.35300000e-08  4.18680647e-01  4.35300000e-08  4.19349680e-01  4.35300000e-08  3.30000000e+00  4.35300000e-08  3.30000000e+00 
 4.35500000e-08  3.45493558e+00  4.35500000e-08  3.67018442e+00  4.35500000e-08  4.11325025e-01  4.35500000e-08  4.11934790e-01  4.35500000e-08  3.30000000e+00  4.35500000e-08  3.30000000e+00 
 4.35700000e-08  3.45117384e+00  4.35700000e-08  3.67007251e+00  4.35700000e-08  4.04096946e-01  4.35700000e-08  4.04656842e-01  4.35700000e-08  3.30000000e+00  4.35700000e-08  3.30000000e+00 
 4.35900000e-08  3.44757035e+00  4.35900000e-08  3.66996165e+00  4.35900000e-08  3.96993567e-01  4.35900000e-08  3.97511297e-01  4.35900000e-08  3.30000000e+00  4.35900000e-08  3.30000000e+00 
 4.36100000e-08  3.44411317e+00  4.36100000e-08  3.66985183e+00  4.36100000e-08  3.90012934e-01  4.36100000e-08  3.90494061e-01  4.36100000e-08  3.30000000e+00  4.36100000e-08  3.30000000e+00 
 4.36300000e-08  3.44079161e+00  4.36300000e-08  3.66974308e+00  4.36300000e-08  3.83152211e-01  4.36300000e-08  3.83601587e-01  4.36300000e-08  3.30000000e+00  4.36300000e-08  3.30000000e+00 
 4.36500000e-08  3.43759602e+00  4.36500000e-08  3.66963539e+00  4.36500000e-08  3.76409512e-01  4.36500000e-08  3.76830570e-01  4.36500000e-08  3.30000000e+00  4.36500000e-08  3.30000000e+00 
 4.36700000e-08  3.43451772e+00  4.36700000e-08  3.66952879e+00  4.36700000e-08  3.69782101e-01  4.36700000e-08  3.70178101e-01  4.36700000e-08  3.30000000e+00  4.36700000e-08  3.30000000e+00 
 4.36900000e-08  3.43154887e+00  4.36900000e-08  3.66942325e+00  4.36900000e-08  3.63268219e-01  4.36900000e-08  3.63641394e-01  4.36900000e-08  3.30000000e+00  4.36900000e-08  3.30000000e+00 
 4.37100000e-08  3.42868234e+00  4.37100000e-08  3.66931880e+00  4.37100000e-08  3.56865266e-01  4.37100000e-08  3.57217965e-01  4.37100000e-08  3.30000000e+00  4.37100000e-08  3.30000000e+00 
 4.37300000e-08  3.42591168e+00  4.37300000e-08  3.66921542e+00  4.37300000e-08  3.50571627e-01  4.37300000e-08  3.50905379e-01  4.37300000e-08  3.30000000e+00  4.37300000e-08  3.30000000e+00 
 4.37500000e-08  3.42323098e+00  4.37500000e-08  3.66911314e+00  4.37500000e-08  3.44384841e-01  4.37500000e-08  3.44701446e-01  4.37500000e-08  3.30000000e+00  4.37500000e-08  3.30000000e+00 
 4.37700000e-08  3.42063488e+00  4.37700000e-08  3.66901191e+00  4.37700000e-08  3.38303429e-01  4.37700000e-08  3.38603981e-01  4.37700000e-08  3.30000000e+00  4.37700000e-08  3.30000000e+00 
 4.37900000e-08  3.41811844e+00  4.37900000e-08  3.66891177e+00  4.37900000e-08  3.32325062e-01  4.37900000e-08  3.32611009e-01  4.37900000e-08  3.30000000e+00  4.37900000e-08  3.30000000e+00 
 4.38100000e-08  3.41567715e+00  4.38100000e-08  3.66881268e+00  4.38100000e-08  3.26448381e-01  4.38100000e-08  3.26720530e-01  4.38100000e-08  3.30000000e+00  4.38100000e-08  3.30000000e+00 
 4.38300000e-08  3.41330687e+00  4.38300000e-08  3.66871466e+00  4.38300000e-08  3.20671171e-01  4.38300000e-08  3.20930728e-01  4.38300000e-08  3.30000000e+00  4.38300000e-08  3.30000000e+00 
 4.38500000e-08  3.41100377e+00  4.38500000e-08  3.66861766e+00  4.38500000e-08  3.14992179e-01  4.38500000e-08  3.15239749e-01  4.38500000e-08  3.30000000e+00  4.38500000e-08  3.30000000e+00 
 4.38700000e-08  3.40876432e+00  4.38700000e-08  3.66852173e+00  4.38700000e-08  3.09409288e-01  4.38700000e-08  3.09645905e-01  4.38700000e-08  3.30000000e+00  4.38700000e-08  3.30000000e+00 
 4.38900000e-08  3.40658528e+00  4.38900000e-08  3.66842681e+00  4.38900000e-08  3.03921337e-01  4.38900000e-08  3.04147453e-01  4.38900000e-08  3.30000000e+00  4.38900000e-08  3.30000000e+00 
 4.39100000e-08  3.40446361e+00  4.39100000e-08  3.66833292e+00  4.39100000e-08  2.98526294e-01  4.39100000e-08  2.98742812e-01  4.39100000e-08  3.30000000e+00  4.39100000e-08  3.30000000e+00 
 4.39300000e-08  3.40239653e+00  4.39300000e-08  3.66824002e+00  4.39300000e-08  2.93223075e-01  4.39300000e-08  2.93430331e-01  4.39300000e-08  3.30000000e+00  4.39300000e-08  3.30000000e+00 
 4.39500000e-08  3.40038144e+00  4.39500000e-08  3.66814814e+00  4.39500000e-08  2.88009722e-01  4.39500000e-08  2.88208517e-01  4.39500000e-08  3.30000000e+00  4.39500000e-08  3.30000000e+00 
 4.39700000e-08  3.39841592e+00  4.39700000e-08  3.66805722e+00  4.39700000e-08  2.82885219e-01  4.39700000e-08  2.83075798e-01  4.39700000e-08  3.30000000e+00  4.39700000e-08  3.30000000e+00 
 4.39900000e-08  3.39649770e+00  4.39900000e-08  3.66796730e+00  4.39900000e-08  2.77847672e-01  4.39900000e-08  2.78030753e-01  4.39900000e-08  3.30000000e+00  4.39900000e-08  3.30000000e+00 
 4.40100000e-08  3.39462470e+00  4.40100000e-08  3.66787832e+00  4.40100000e-08  2.72896126e-01  4.40100000e-08  2.73071879e-01  4.40100000e-08  3.30000000e+00  4.40100000e-08  3.30000000e+00 
 4.40300000e-08  3.39279495e+00  4.40300000e-08  3.66779030e+00  4.40300000e-08  2.68028741e-01  4.40300000e-08  2.68197819e-01  4.40300000e-08  3.30000000e+00  4.40300000e-08  3.30000000e+00 
 4.40500000e-08  3.39100660e+00  4.40500000e-08  3.66770320e+00  4.40500000e-08  2.63244618e-01  4.40500000e-08  2.63407131e-01  4.40500000e-08  3.30000000e+00  4.40500000e-08  3.30000000e+00 
 4.40700000e-08  3.38925793e+00  4.40700000e-08  3.66761704e+00  4.40700000e-08  2.58541966e-01  4.40700000e-08  2.58698512e-01  4.40700000e-08  3.30000000e+00  4.40700000e-08  3.30000000e+00 
 4.40900000e-08  3.38754733e+00  4.40900000e-08  3.66753177e+00  4.40900000e-08  2.53919936e-01  4.40900000e-08  2.54070573e-01  4.40900000e-08  3.30000000e+00  4.40900000e-08  3.30000000e+00 
 4.41100000e-08  3.38587327e+00  4.41100000e-08  3.66744742e+00  4.41100000e-08  2.49376782e-01  4.41100000e-08  2.49522064e-01  4.41100000e-08  3.30000000e+00  4.41100000e-08  3.30000000e+00 
 4.41300000e-08  3.38423433e+00  4.41300000e-08  3.66736394e+00  4.41300000e-08  2.44911699e-01  4.41300000e-08  2.45051643e-01  4.41300000e-08  3.30000000e+00  4.41300000e-08  3.30000000e+00 
 4.41500000e-08  3.38262916e+00  4.41500000e-08  3.66728134e+00  4.41500000e-08  2.40522984e-01  4.41500000e-08  2.40658105e-01  4.41500000e-08  3.30000000e+00  4.41500000e-08  3.30000000e+00 
 4.41700000e-08  3.38105649e+00  4.41700000e-08  3.66719959e+00  4.41700000e-08  2.36209871e-01  4.41700000e-08  2.36340152e-01  4.41700000e-08  3.30000000e+00  4.41700000e-08  3.30000000e+00 
 4.41900000e-08  3.37951512e+00  4.41900000e-08  3.66711870e+00  4.41900000e-08  2.31970699e-01  4.41900000e-08  2.32096622e-01  4.41900000e-08  3.30000000e+00  4.41900000e-08  3.30000000e+00 
 4.42100000e-08  3.37800392e+00  4.42100000e-08  3.66703862e+00  4.42100000e-08  2.27804739e-01  4.42100000e-08  2.27926258e-01  4.42100000e-08  3.30000000e+00  4.42100000e-08  3.30000000e+00 
 4.42300000e-08  3.37652183e+00  4.42300000e-08  3.66695939e+00  4.42300000e-08  2.23710365e-01  4.42300000e-08  2.23827937e-01  4.42300000e-08  3.30000000e+00  4.42300000e-08  3.30000000e+00 
 4.42500000e-08  3.37506782e+00  4.42500000e-08  3.66688095e+00  4.42500000e-08  2.19686887e-01  4.42500000e-08  2.19800438e-01  4.42500000e-08  3.30000000e+00  4.42500000e-08  3.30000000e+00 
 4.42700000e-08  3.37364094e+00  4.42700000e-08  3.66680332e+00  4.42700000e-08  2.15732712e-01  4.42700000e-08  2.15842676e-01  4.42700000e-08  3.30000000e+00  4.42700000e-08  3.30000000e+00 
 4.42900000e-08  3.37224028e+00  4.42900000e-08  3.66672646e+00  4.42900000e-08  2.11847184e-01  4.42900000e-08  2.11953468e-01  4.42900000e-08  3.30000000e+00  4.42900000e-08  3.30000000e+00 
 4.43100000e-08  3.37086498e+00  4.43100000e-08  3.66665039e+00  4.43100000e-08  2.08028745e-01  4.43100000e-08  2.08131760e-01  4.43100000e-08  3.30000000e+00  4.43100000e-08  3.30000000e+00 
 4.43300000e-08  3.36951420e+00  4.43300000e-08  3.66657506e+00  4.43300000e-08  2.04276769e-01  4.43300000e-08  2.04376405e-01  4.43300000e-08  3.30000000e+00  4.43300000e-08  3.30000000e+00 
 4.43500000e-08  3.36818717e+00  4.43500000e-08  3.66650049e+00  4.43500000e-08  2.00589731e-01  4.43500000e-08  2.00686384e-01  4.43500000e-08  3.30000000e+00  4.43500000e-08  3.30000000e+00 
 4.43700000e-08  3.36688315e+00  4.43700000e-08  3.66642665e+00  4.43700000e-08  1.96967037e-01  4.43700000e-08  1.97060579e-01  4.43700000e-08  3.30000000e+00  4.43700000e-08  3.30000000e+00 
 4.43900000e-08  3.36560143e+00  4.43900000e-08  3.66635355e+00  4.43900000e-08  1.93407192e-01  4.43900000e-08  1.93498004e-01  4.43900000e-08  3.30000000e+00  4.43900000e-08  3.30000000e+00 
 4.44100000e-08  3.36434133e+00  4.44100000e-08  3.66628115e+00  4.44100000e-08  1.89909632e-01  4.44100000e-08  1.89997573e-01  4.44100000e-08  3.30000000e+00  4.44100000e-08  3.30000000e+00 
 4.44300000e-08  3.36310220e+00  4.44300000e-08  3.66620946e+00  4.44300000e-08  1.86472891e-01  4.44300000e-08  1.86558329e-01  4.44300000e-08  3.30000000e+00  4.44300000e-08  3.30000000e+00 
 4.44500000e-08  3.36188344e+00  4.44500000e-08  3.66613845e+00  4.44500000e-08  1.83096434e-01  4.44500000e-08  1.83179216e-01  4.44500000e-08  3.30000000e+00  4.44500000e-08  3.30000000e+00 
 4.44700000e-08  3.36068444e+00  4.44700000e-08  3.66606814e+00  4.44700000e-08  1.79778826e-01  4.44700000e-08  1.79859309e-01  4.44700000e-08  3.30000000e+00  4.44700000e-08  3.30000000e+00 
 4.44900000e-08  3.35950466e+00  4.44900000e-08  3.66599848e+00  4.44900000e-08  1.76519559e-01  4.44900000e-08  1.76597579e-01  4.44900000e-08  3.30000000e+00  4.44900000e-08  3.30000000e+00 
 4.45100000e-08  3.35834355e+00  4.45100000e-08  3.66592949e+00  4.45100000e-08  1.73317224e-01  4.45100000e-08  1.73393129e-01  4.45100000e-08  3.30000000e+00  4.45100000e-08  3.30000000e+00 
 4.45300000e-08  3.35720059e+00  4.45300000e-08  3.66586114e+00  4.45300000e-08  1.70171343e-01  4.45300000e-08  1.70244960e-01  4.45300000e-08  3.30000000e+00  4.45300000e-08  3.30000000e+00 
 4.45500000e-08  3.35607530e+00  4.45500000e-08  3.66579344e+00  4.45500000e-08  1.67080533e-01  4.45500000e-08  1.67152200e-01  4.45500000e-08  3.30000000e+00  4.45500000e-08  3.30000000e+00 
 4.45700000e-08  3.35496719e+00  4.45700000e-08  3.66572635e+00  4.45700000e-08  1.64044343e-01  4.45700000e-08  1.64113880e-01  4.45700000e-08  3.30000000e+00  4.45700000e-08  3.30000000e+00 
 4.45900000e-08  3.35387582e+00  4.45900000e-08  3.66565989e+00  4.45900000e-08  1.61061417e-01  4.45900000e-08  1.61129154e-01  4.45900000e-08  3.30000000e+00  4.45900000e-08  3.30000000e+00 
 4.46100000e-08  3.35280074e+00  4.46100000e-08  3.66559403e+00  4.46100000e-08  1.58131328e-01  4.46100000e-08  1.58197078e-01  4.46100000e-08  3.30000000e+00  4.46100000e-08  3.30000000e+00 
 4.46300000e-08  3.35174154e+00  4.46300000e-08  3.66552878e+00  4.46300000e-08  1.55252748e-01  4.46300000e-08  1.55316835e-01  4.46300000e-08  3.30000000e+00  4.46300000e-08  3.30000000e+00 
 4.46500000e-08  3.35069781e+00  4.46500000e-08  3.66546410e+00  4.46500000e-08  1.52425276e-01  4.46500000e-08  1.52487505e-01  4.46500000e-08  3.30000000e+00  4.46500000e-08  3.30000000e+00 
 4.46700000e-08  3.34966917e+00  4.46700000e-08  3.66540001e+00  4.46700000e-08  1.49647607e-01  4.46700000e-08  1.49708297e-01  4.46700000e-08  3.30000000e+00  4.46700000e-08  3.30000000e+00 
 4.46900000e-08  3.34865525e+00  4.46900000e-08  3.66533648e+00  4.46900000e-08  1.46919365e-01  4.46900000e-08  1.46978317e-01  4.46900000e-08  3.30000000e+00  4.46900000e-08  3.30000000e+00 
 4.47100000e-08  3.34765567e+00  4.47100000e-08  3.66527352e+00  4.47100000e-08  1.44239272e-01  4.47100000e-08  1.44296798e-01  4.47100000e-08  3.30000000e+00  4.47100000e-08  3.30000000e+00 
 4.47300000e-08  3.34667011e+00  4.47300000e-08  3.66521109e+00  4.47300000e-08  1.41606975e-01  4.47300000e-08  1.41662870e-01  4.47300000e-08  3.30000000e+00  4.47300000e-08  3.30000000e+00 
 4.47500000e-08  3.34569822e+00  4.47500000e-08  3.66514923e+00  4.47500000e-08  1.39021220e-01  4.47500000e-08  1.39075792e-01  4.47500000e-08  3.30000000e+00  4.47500000e-08  3.30000000e+00 
 4.47700000e-08  3.34473968e+00  4.47700000e-08  3.66508788e+00  4.47700000e-08  1.36481677e-01  4.47700000e-08  1.36534717e-01  4.47700000e-08  3.30000000e+00  4.47700000e-08  3.30000000e+00 
 4.47900000e-08  3.34379418e+00  4.47900000e-08  3.66502707e+00  4.47900000e-08  1.33987116e-01  4.47900000e-08  1.34038928e-01  4.47900000e-08  3.30000000e+00  4.47900000e-08  3.30000000e+00 
 4.48100000e-08  3.34286143e+00  4.48100000e-08  3.66496676e+00  4.48100000e-08  1.31537231e-01  4.48100000e-08  1.31587602e-01  4.48100000e-08  3.30000000e+00  4.48100000e-08  3.30000000e+00 
 4.48300000e-08  3.34194113e+00  4.48300000e-08  3.66490696e+00  4.48300000e-08  1.29130814e-01  4.48300000e-08  1.29180044e-01  4.48300000e-08  3.30000000e+00  4.48300000e-08  3.30000000e+00 
 4.48500000e-08  3.34103300e+00  4.48500000e-08  3.66484766e+00  4.48500000e-08  1.26767583e-01  4.48500000e-08  1.26815455e-01  4.48500000e-08  3.30000000e+00  4.48500000e-08  3.30000000e+00 
 4.48700000e-08  3.34013678e+00  4.48700000e-08  3.66478886e+00  4.48700000e-08  1.24446352e-01  4.48700000e-08  1.24493162e-01  4.48700000e-08  3.30000000e+00  4.48700000e-08  3.30000000e+00 
 4.48900000e-08  3.33925220e+00  4.48900000e-08  3.66473052e+00  4.48900000e-08  1.22166860e-01  4.48900000e-08  1.22212390e-01  4.48900000e-08  3.30000000e+00  4.48900000e-08  3.30000000e+00 
 4.49100000e-08  3.33837901e+00  4.49100000e-08  3.66467268e+00  4.49100000e-08  1.19927945e-01  4.49100000e-08  1.19972486e-01  4.49100000e-08  3.30000000e+00  4.49100000e-08  3.30000000e+00 
 4.49300000e-08  3.33751696e+00  4.49300000e-08  3.66461529e+00  4.49300000e-08  1.17729366e-01  4.49300000e-08  1.17772696e-01  4.49300000e-08  3.30000000e+00  4.49300000e-08  3.30000000e+00 
 4.49500000e-08  3.33666582e+00  4.49500000e-08  3.66455836e+00  4.49500000e-08  1.15569981e-01  4.49500000e-08  1.15612392e-01  4.49500000e-08  3.30000000e+00  4.49500000e-08  3.30000000e+00 
 4.49700000e-08  3.33582536e+00  4.49700000e-08  3.66450188e+00  4.49700000e-08  1.13449574e-01  4.49700000e-08  1.13490839e-01  4.49700000e-08  3.30000000e+00  4.49700000e-08  3.30000000e+00 
 4.49850000e-08  3.33520190e+00  4.49850000e-08  3.66445982e+00  4.49850000e-08  1.11884115e-01  4.49850000e-08  1.11924766e-01  4.49850000e-08  3.30000000e+00  4.49850000e-08  3.30000000e+00 
 4.50000000e-08  3.33458422e+00  4.50000000e-08  3.66441800e+00  4.50000000e-08  1.10340029e-01  4.50000000e-08  1.10379825e-01  4.50000000e-08  3.30000000e+00  4.50000000e-08  3.30000000e+00 
