 0.00000000e+00  3.30000000e+00  0.00000000e+00  3.30000000e+00  0.00000000e+00  3.29999988e+00  0.00000000e+00  3.29999989e+00  0.00000000e+00  0.00000000e+00  0.00000000e+00  0.00000000e+00 
 2.00000000e-13  3.30000000e+00  2.00000000e-13  3.30000000e+00  2.00000000e-13  3.29999988e+00  2.00000000e-13  3.29999989e+00  2.00000000e-13  0.00000000e+00  2.00000000e-13  0.00000000e+00 
 4.00000000e-13  3.30000000e+00  4.00000000e-13  3.30000000e+00  4.00000000e-13  3.29999988e+00  4.00000000e-13  3.29999989e+00  4.00000000e-13  0.00000000e+00  4.00000000e-13  0.00000000e+00 
 8.00000000e-13  3.30000000e+00  8.00000000e-13  3.30000000e+00  8.00000000e-13  3.29999988e+00  8.00000000e-13  3.29999989e+00  8.00000000e-13  0.00000000e+00  8.00000000e-13  0.00000000e+00 
 1.60000000e-12  3.30000000e+00  1.60000000e-12  3.30000000e+00  1.60000000e-12  3.29999988e+00  1.60000000e-12  3.29999990e+00  1.60000000e-12  0.00000000e+00  1.60000000e-12  0.00000000e+00 
 3.20000000e-12  3.30000000e+00  3.20000000e-12  3.30000000e+00  3.20000000e-12  3.29999988e+00  3.20000000e-12  3.29999990e+00  3.20000000e-12  0.00000000e+00  3.20000000e-12  0.00000000e+00 
 6.40000000e-12  3.30000000e+00  6.40000000e-12  3.30000000e+00  6.40000000e-12  3.29999988e+00  6.40000000e-12  3.29999991e+00  6.40000000e-12  0.00000000e+00  6.40000000e-12  0.00000000e+00 
 1.28000000e-11  3.30000000e+00  1.28000000e-11  3.30000000e+00  1.28000000e-11  3.29999988e+00  1.28000000e-11  3.29999992e+00  1.28000000e-11  0.00000000e+00  1.28000000e-11  0.00000000e+00 
 2.56000000e-11  3.30000000e+00  2.56000000e-11  3.30000000e+00  2.56000000e-11  3.29999988e+00  2.56000000e-11  3.29999995e+00  2.56000000e-11  0.00000000e+00  2.56000000e-11  0.00000000e+00 
 4.56000000e-11  3.30000000e+00  4.56000000e-11  3.30000000e+00  4.56000000e-11  3.29999988e+00  4.56000000e-11  3.29999999e+00  4.56000000e-11  0.00000000e+00  4.56000000e-11  0.00000000e+00 
 6.56000000e-11  3.30000000e+00  6.56000000e-11  3.30000000e+00  6.56000000e-11  3.29999988e+00  6.56000000e-11  3.30000002e+00  6.56000000e-11  0.00000000e+00  6.56000000e-11  0.00000000e+00 
 8.56000000e-11  3.30000000e+00  8.56000000e-11  3.30000000e+00  8.56000000e-11  3.29999988e+00  8.56000000e-11  3.30000005e+00  8.56000000e-11  0.00000000e+00  8.56000000e-11  0.00000000e+00 
 1.05600000e-10  3.30000000e+00  1.05600000e-10  3.30000000e+00  1.05600000e-10  3.29999988e+00  1.05600000e-10  3.30000007e+00  1.05600000e-10  0.00000000e+00  1.05600000e-10  0.00000000e+00 
 1.25600000e-10  3.30000000e+00  1.25600000e-10  3.30000000e+00  1.25600000e-10  3.29999988e+00  1.25600000e-10  3.30000009e+00  1.25600000e-10  0.00000000e+00  1.25600000e-10  0.00000000e+00 
 1.45600000e-10  3.30000000e+00  1.45600000e-10  3.30000000e+00  1.45600000e-10  3.29999988e+00  1.45600000e-10  3.30000010e+00  1.45600000e-10  0.00000000e+00  1.45600000e-10  0.00000000e+00 
 1.65600000e-10  3.30000000e+00  1.65600000e-10  3.30000000e+00  1.65600000e-10  3.29999988e+00  1.65600000e-10  3.30000011e+00  1.65600000e-10  0.00000000e+00  1.65600000e-10  0.00000000e+00 
 1.85600000e-10  3.30000000e+00  1.85600000e-10  3.30000000e+00  1.85600000e-10  3.29999988e+00  1.85600000e-10  3.30000012e+00  1.85600000e-10  0.00000000e+00  1.85600000e-10  0.00000000e+00 
 2.05600000e-10  3.30000000e+00  2.05600000e-10  3.30000000e+00  2.05600000e-10  3.29999988e+00  2.05600000e-10  3.30000013e+00  2.05600000e-10  0.00000000e+00  2.05600000e-10  0.00000000e+00 
 2.25600000e-10  3.30000000e+00  2.25600000e-10  3.30000000e+00  2.25600000e-10  3.29999988e+00  2.25600000e-10  3.30000013e+00  2.25600000e-10  0.00000000e+00  2.25600000e-10  0.00000000e+00 
 2.45600000e-10  3.30000000e+00  2.45600000e-10  3.30000000e+00  2.45600000e-10  3.29999988e+00  2.45600000e-10  3.30000014e+00  2.45600000e-10  0.00000000e+00  2.45600000e-10  0.00000000e+00 
 2.65600000e-10  3.30000000e+00  2.65600000e-10  3.30000000e+00  2.65600000e-10  3.29999988e+00  2.65600000e-10  3.30000014e+00  2.65600000e-10  0.00000000e+00  2.65600000e-10  0.00000000e+00 
 2.85600000e-10  3.30000000e+00  2.85600000e-10  3.30000000e+00  2.85600000e-10  3.29999988e+00  2.85600000e-10  3.30000014e+00  2.85600000e-10  0.00000000e+00  2.85600000e-10  0.00000000e+00 
 3.05600000e-10  3.30000000e+00  3.05600000e-10  3.30000000e+00  3.05600000e-10  3.29999988e+00  3.05600000e-10  3.30000014e+00  3.05600000e-10  0.00000000e+00  3.05600000e-10  0.00000000e+00 
 3.25600000e-10  3.30000000e+00  3.25600000e-10  3.30000000e+00  3.25600000e-10  3.29999988e+00  3.25600000e-10  3.30000015e+00  3.25600000e-10  0.00000000e+00  3.25600000e-10  0.00000000e+00 
 3.45600000e-10  3.30000000e+00  3.45600000e-10  3.30000000e+00  3.45600000e-10  3.29999988e+00  3.45600000e-10  3.30000015e+00  3.45600000e-10  0.00000000e+00  3.45600000e-10  0.00000000e+00 
 3.65600000e-10  3.30000000e+00  3.65600000e-10  3.30000000e+00  3.65600000e-10  3.29999988e+00  3.65600000e-10  3.30000015e+00  3.65600000e-10  0.00000000e+00  3.65600000e-10  0.00000000e+00 
 3.85600000e-10  3.30000000e+00  3.85600000e-10  3.30000000e+00  3.85600000e-10  3.29999988e+00  3.85600000e-10  3.30000015e+00  3.85600000e-10  0.00000000e+00  3.85600000e-10  0.00000000e+00 
 4.05600000e-10  3.30000000e+00  4.05600000e-10  3.30000000e+00  4.05600000e-10  3.29999988e+00  4.05600000e-10  3.30000015e+00  4.05600000e-10  0.00000000e+00  4.05600000e-10  0.00000000e+00 
 4.25600000e-10  3.30000000e+00  4.25600000e-10  3.30000000e+00  4.25600000e-10  3.29999988e+00  4.25600000e-10  3.30000015e+00  4.25600000e-10  0.00000000e+00  4.25600000e-10  0.00000000e+00 
 4.45600000e-10  3.30000000e+00  4.45600000e-10  3.30000000e+00  4.45600000e-10  3.29999988e+00  4.45600000e-10  3.30000015e+00  4.45600000e-10  0.00000000e+00  4.45600000e-10  0.00000000e+00 
 4.65600000e-10  3.30000000e+00  4.65600000e-10  3.30000000e+00  4.65600000e-10  3.29999988e+00  4.65600000e-10  3.30000015e+00  4.65600000e-10  0.00000000e+00  4.65600000e-10  0.00000000e+00 
 4.85600000e-10  3.30000000e+00  4.85600000e-10  3.30000000e+00  4.85600000e-10  3.29999988e+00  4.85600000e-10  3.30000015e+00  4.85600000e-10  0.00000000e+00  4.85600000e-10  0.00000000e+00 
 5.05600000e-10  3.30000000e+00  5.05600000e-10  3.30000000e+00  5.05600000e-10  3.29999988e+00  5.05600000e-10  3.30000015e+00  5.05600000e-10  0.00000000e+00  5.05600000e-10  0.00000000e+00 
 5.25600000e-10  3.30000000e+00  5.25600000e-10  3.30000000e+00  5.25600000e-10  3.29999988e+00  5.25600000e-10  3.30000015e+00  5.25600000e-10  0.00000000e+00  5.25600000e-10  0.00000000e+00 
 5.45600000e-10  3.30000000e+00  5.45600000e-10  3.30000000e+00  5.45600000e-10  3.29999988e+00  5.45600000e-10  3.30000015e+00  5.45600000e-10  0.00000000e+00  5.45600000e-10  0.00000000e+00 
 5.65600000e-10  3.30000000e+00  5.65600000e-10  3.30000000e+00  5.65600000e-10  3.29999988e+00  5.65600000e-10  3.30000015e+00  5.65600000e-10  0.00000000e+00  5.65600000e-10  0.00000000e+00 
 5.85600000e-10  3.30000000e+00  5.85600000e-10  3.30000000e+00  5.85600000e-10  3.29999988e+00  5.85600000e-10  3.30000015e+00  5.85600000e-10  0.00000000e+00  5.85600000e-10  0.00000000e+00 
 6.05600000e-10  3.30000000e+00  6.05600000e-10  3.30000000e+00  6.05600000e-10  3.29999988e+00  6.05600000e-10  3.30000015e+00  6.05600000e-10  0.00000000e+00  6.05600000e-10  0.00000000e+00 
 6.25600000e-10  3.30000000e+00  6.25600000e-10  3.30000000e+00  6.25600000e-10  3.29999988e+00  6.25600000e-10  3.30000015e+00  6.25600000e-10  0.00000000e+00  6.25600000e-10  0.00000000e+00 
 6.45600000e-10  3.30000000e+00  6.45600000e-10  3.30000000e+00  6.45600000e-10  3.29999988e+00  6.45600000e-10  3.30000015e+00  6.45600000e-10  0.00000000e+00  6.45600000e-10  0.00000000e+00 
 6.65600000e-10  3.30000000e+00  6.65600000e-10  3.30000000e+00  6.65600000e-10  3.29999988e+00  6.65600000e-10  3.30000015e+00  6.65600000e-10  0.00000000e+00  6.65600000e-10  0.00000000e+00 
 6.85600000e-10  3.30000000e+00  6.85600000e-10  3.30000000e+00  6.85600000e-10  3.29999988e+00  6.85600000e-10  3.30000015e+00  6.85600000e-10  0.00000000e+00  6.85600000e-10  0.00000000e+00 
 7.05600000e-10  3.30000000e+00  7.05600000e-10  3.30000000e+00  7.05600000e-10  3.29999988e+00  7.05600000e-10  3.30000015e+00  7.05600000e-10  0.00000000e+00  7.05600000e-10  0.00000000e+00 
 7.25600000e-10  3.30000000e+00  7.25600000e-10  3.30000000e+00  7.25600000e-10  3.29999988e+00  7.25600000e-10  3.30000015e+00  7.25600000e-10  0.00000000e+00  7.25600000e-10  0.00000000e+00 
 7.45600000e-10  3.30000000e+00  7.45600000e-10  3.30000000e+00  7.45600000e-10  3.29999988e+00  7.45600000e-10  3.30000015e+00  7.45600000e-10  0.00000000e+00  7.45600000e-10  0.00000000e+00 
 7.65600000e-10  3.30000000e+00  7.65600000e-10  3.30000000e+00  7.65600000e-10  3.29999988e+00  7.65600000e-10  3.30000015e+00  7.65600000e-10  0.00000000e+00  7.65600000e-10  0.00000000e+00 
 7.85600000e-10  3.30000000e+00  7.85600000e-10  3.30000000e+00  7.85600000e-10  3.29999988e+00  7.85600000e-10  3.30000015e+00  7.85600000e-10  0.00000000e+00  7.85600000e-10  0.00000000e+00 
 8.05600000e-10  3.30000000e+00  8.05600000e-10  3.30000000e+00  8.05600000e-10  3.29999988e+00  8.05600000e-10  3.30000015e+00  8.05600000e-10  0.00000000e+00  8.05600000e-10  0.00000000e+00 
 8.25600000e-10  3.30000000e+00  8.25600000e-10  3.30000000e+00  8.25600000e-10  3.29999988e+00  8.25600000e-10  3.30000015e+00  8.25600000e-10  0.00000000e+00  8.25600000e-10  0.00000000e+00 
 8.45600000e-10  3.30000000e+00  8.45600000e-10  3.30000000e+00  8.45600000e-10  3.29999988e+00  8.45600000e-10  3.30000015e+00  8.45600000e-10  0.00000000e+00  8.45600000e-10  0.00000000e+00 
 8.65600000e-10  3.30000000e+00  8.65600000e-10  3.30000000e+00  8.65600000e-10  3.29999988e+00  8.65600000e-10  3.30000015e+00  8.65600000e-10  0.00000000e+00  8.65600000e-10  0.00000000e+00 
 8.85600000e-10  3.30000000e+00  8.85600000e-10  3.30000000e+00  8.85600000e-10  3.29999988e+00  8.85600000e-10  3.30000015e+00  8.85600000e-10  0.00000000e+00  8.85600000e-10  0.00000000e+00 
 9.05600000e-10  3.30000000e+00  9.05600000e-10  3.30000000e+00  9.05600000e-10  3.29999988e+00  9.05600000e-10  3.30000015e+00  9.05600000e-10  0.00000000e+00  9.05600000e-10  0.00000000e+00 
 9.25600000e-10  3.30000000e+00  9.25600000e-10  3.30000000e+00  9.25600000e-10  3.29999988e+00  9.25600000e-10  3.30000015e+00  9.25600000e-10  0.00000000e+00  9.25600000e-10  0.00000000e+00 
 9.45600000e-10  3.30000000e+00  9.45600000e-10  3.30000000e+00  9.45600000e-10  3.29999988e+00  9.45600000e-10  3.30000015e+00  9.45600000e-10  0.00000000e+00  9.45600000e-10  0.00000000e+00 
 9.65600000e-10  3.30000000e+00  9.65600000e-10  3.30000000e+00  9.65600000e-10  3.29999988e+00  9.65600000e-10  3.30000015e+00  9.65600000e-10  0.00000000e+00  9.65600000e-10  0.00000000e+00 
 9.85600000e-10  3.30000000e+00  9.85600000e-10  3.30000000e+00  9.85600000e-10  3.29999988e+00  9.85600000e-10  3.30000015e+00  9.85600000e-10  0.00000000e+00  9.85600000e-10  0.00000000e+00 
 1.00560000e-09  3.30000000e+00  1.00560000e-09  3.30000000e+00  1.00560000e-09  3.29999988e+00  1.00560000e-09  3.30000015e+00  1.00560000e-09  0.00000000e+00  1.00560000e-09  0.00000000e+00 
 1.02560000e-09  3.30000000e+00  1.02560000e-09  3.30000000e+00  1.02560000e-09  3.29999988e+00  1.02560000e-09  3.30000015e+00  1.02560000e-09  0.00000000e+00  1.02560000e-09  0.00000000e+00 
 1.04560000e-09  3.30000000e+00  1.04560000e-09  3.30000000e+00  1.04560000e-09  3.29999988e+00  1.04560000e-09  3.30000015e+00  1.04560000e-09  0.00000000e+00  1.04560000e-09  0.00000000e+00 
 1.06560000e-09  3.30000000e+00  1.06560000e-09  3.30000000e+00  1.06560000e-09  3.29999988e+00  1.06560000e-09  3.30000015e+00  1.06560000e-09  0.00000000e+00  1.06560000e-09  0.00000000e+00 
 1.08560000e-09  3.30000000e+00  1.08560000e-09  3.30000000e+00  1.08560000e-09  3.29999988e+00  1.08560000e-09  3.30000015e+00  1.08560000e-09  0.00000000e+00  1.08560000e-09  0.00000000e+00 
 1.10560000e-09  3.30000000e+00  1.10560000e-09  3.30000000e+00  1.10560000e-09  3.29999988e+00  1.10560000e-09  3.30000015e+00  1.10560000e-09  0.00000000e+00  1.10560000e-09  0.00000000e+00 
 1.12560000e-09  3.30000000e+00  1.12560000e-09  3.30000000e+00  1.12560000e-09  3.29999988e+00  1.12560000e-09  3.30000015e+00  1.12560000e-09  0.00000000e+00  1.12560000e-09  0.00000000e+00 
 1.14560000e-09  3.30000000e+00  1.14560000e-09  3.30000000e+00  1.14560000e-09  3.29999988e+00  1.14560000e-09  3.30000015e+00  1.14560000e-09  0.00000000e+00  1.14560000e-09  0.00000000e+00 
 1.16560000e-09  3.30000000e+00  1.16560000e-09  3.30000000e+00  1.16560000e-09  3.29999988e+00  1.16560000e-09  3.30000015e+00  1.16560000e-09  0.00000000e+00  1.16560000e-09  0.00000000e+00 
 1.18560000e-09  3.30000000e+00  1.18560000e-09  3.30000000e+00  1.18560000e-09  3.29999988e+00  1.18560000e-09  3.30000015e+00  1.18560000e-09  0.00000000e+00  1.18560000e-09  0.00000000e+00 
 1.20560000e-09  3.30000000e+00  1.20560000e-09  3.30000000e+00  1.20560000e-09  3.29999988e+00  1.20560000e-09  3.30000015e+00  1.20560000e-09  0.00000000e+00  1.20560000e-09  0.00000000e+00 
 1.22560000e-09  3.30000000e+00  1.22560000e-09  3.30000000e+00  1.22560000e-09  3.29999988e+00  1.22560000e-09  3.30000015e+00  1.22560000e-09  0.00000000e+00  1.22560000e-09  0.00000000e+00 
 1.24560000e-09  3.30000000e+00  1.24560000e-09  3.30000000e+00  1.24560000e-09  3.29999988e+00  1.24560000e-09  3.30000015e+00  1.24560000e-09  0.00000000e+00  1.24560000e-09  0.00000000e+00 
 1.26560000e-09  3.30000000e+00  1.26560000e-09  3.30000000e+00  1.26560000e-09  3.29999988e+00  1.26560000e-09  3.30000015e+00  1.26560000e-09  0.00000000e+00  1.26560000e-09  0.00000000e+00 
 1.28560000e-09  3.30000000e+00  1.28560000e-09  3.30000000e+00  1.28560000e-09  3.29999988e+00  1.28560000e-09  3.30000015e+00  1.28560000e-09  0.00000000e+00  1.28560000e-09  0.00000000e+00 
 1.30560000e-09  3.30000000e+00  1.30560000e-09  3.30000000e+00  1.30560000e-09  3.29999988e+00  1.30560000e-09  3.30000015e+00  1.30560000e-09  0.00000000e+00  1.30560000e-09  0.00000000e+00 
 1.32560000e-09  3.30000000e+00  1.32560000e-09  3.30000000e+00  1.32560000e-09  3.29999988e+00  1.32560000e-09  3.30000015e+00  1.32560000e-09  0.00000000e+00  1.32560000e-09  0.00000000e+00 
 1.34560000e-09  3.30000000e+00  1.34560000e-09  3.30000000e+00  1.34560000e-09  3.29999988e+00  1.34560000e-09  3.30000015e+00  1.34560000e-09  0.00000000e+00  1.34560000e-09  0.00000000e+00 
 1.36560000e-09  3.30000000e+00  1.36560000e-09  3.30000000e+00  1.36560000e-09  3.29999988e+00  1.36560000e-09  3.30000015e+00  1.36560000e-09  0.00000000e+00  1.36560000e-09  0.00000000e+00 
 1.38560000e-09  3.30000000e+00  1.38560000e-09  3.30000000e+00  1.38560000e-09  3.29999988e+00  1.38560000e-09  3.30000015e+00  1.38560000e-09  0.00000000e+00  1.38560000e-09  0.00000000e+00 
 1.40560000e-09  3.30000000e+00  1.40560000e-09  3.30000000e+00  1.40560000e-09  3.29999988e+00  1.40560000e-09  3.30000015e+00  1.40560000e-09  0.00000000e+00  1.40560000e-09  0.00000000e+00 
 1.42560000e-09  3.30000000e+00  1.42560000e-09  3.30000000e+00  1.42560000e-09  3.29999988e+00  1.42560000e-09  3.30000015e+00  1.42560000e-09  0.00000000e+00  1.42560000e-09  0.00000000e+00 
 1.44560000e-09  3.30000000e+00  1.44560000e-09  3.30000000e+00  1.44560000e-09  3.29999988e+00  1.44560000e-09  3.30000015e+00  1.44560000e-09  0.00000000e+00  1.44560000e-09  0.00000000e+00 
 1.46560000e-09  3.30000000e+00  1.46560000e-09  3.30000000e+00  1.46560000e-09  3.29999988e+00  1.46560000e-09  3.30000015e+00  1.46560000e-09  0.00000000e+00  1.46560000e-09  0.00000000e+00 
 1.48560000e-09  3.30000000e+00  1.48560000e-09  3.30000000e+00  1.48560000e-09  3.29999988e+00  1.48560000e-09  3.30000015e+00  1.48560000e-09  0.00000000e+00  1.48560000e-09  0.00000000e+00 
 1.50560000e-09  3.30000000e+00  1.50560000e-09  3.30000000e+00  1.50560000e-09  3.29999988e+00  1.50560000e-09  3.30000015e+00  1.50560000e-09  0.00000000e+00  1.50560000e-09  0.00000000e+00 
 1.52560000e-09  3.30000000e+00  1.52560000e-09  3.30000000e+00  1.52560000e-09  3.29999988e+00  1.52560000e-09  3.30000015e+00  1.52560000e-09  0.00000000e+00  1.52560000e-09  0.00000000e+00 
 1.54560000e-09  3.30000000e+00  1.54560000e-09  3.30000000e+00  1.54560000e-09  3.29999988e+00  1.54560000e-09  3.30000015e+00  1.54560000e-09  0.00000000e+00  1.54560000e-09  0.00000000e+00 
 1.56560000e-09  3.30000000e+00  1.56560000e-09  3.30000000e+00  1.56560000e-09  3.29999988e+00  1.56560000e-09  3.30000015e+00  1.56560000e-09  0.00000000e+00  1.56560000e-09  0.00000000e+00 
 1.58560000e-09  3.30000000e+00  1.58560000e-09  3.30000000e+00  1.58560000e-09  3.29999988e+00  1.58560000e-09  3.30000015e+00  1.58560000e-09  0.00000000e+00  1.58560000e-09  0.00000000e+00 
 1.60560000e-09  3.30000000e+00  1.60560000e-09  3.30000000e+00  1.60560000e-09  3.29999988e+00  1.60560000e-09  3.30000015e+00  1.60560000e-09  0.00000000e+00  1.60560000e-09  0.00000000e+00 
 1.62560000e-09  3.30000000e+00  1.62560000e-09  3.30000000e+00  1.62560000e-09  3.29999988e+00  1.62560000e-09  3.30000015e+00  1.62560000e-09  0.00000000e+00  1.62560000e-09  0.00000000e+00 
 1.64560000e-09  3.30000000e+00  1.64560000e-09  3.30000000e+00  1.64560000e-09  3.29999988e+00  1.64560000e-09  3.30000015e+00  1.64560000e-09  0.00000000e+00  1.64560000e-09  0.00000000e+00 
 1.66560000e-09  3.30000000e+00  1.66560000e-09  3.30000000e+00  1.66560000e-09  3.29999988e+00  1.66560000e-09  3.30000015e+00  1.66560000e-09  0.00000000e+00  1.66560000e-09  0.00000000e+00 
 1.68560000e-09  3.30000000e+00  1.68560000e-09  3.30000000e+00  1.68560000e-09  3.29999988e+00  1.68560000e-09  3.30000015e+00  1.68560000e-09  0.00000000e+00  1.68560000e-09  0.00000000e+00 
 1.70560000e-09  3.30000000e+00  1.70560000e-09  3.30000000e+00  1.70560000e-09  3.29999988e+00  1.70560000e-09  3.30000015e+00  1.70560000e-09  0.00000000e+00  1.70560000e-09  0.00000000e+00 
 1.72560000e-09  3.30000000e+00  1.72560000e-09  3.30000000e+00  1.72560000e-09  3.29999988e+00  1.72560000e-09  3.30000015e+00  1.72560000e-09  0.00000000e+00  1.72560000e-09  0.00000000e+00 
 1.74560000e-09  3.30000000e+00  1.74560000e-09  3.30000000e+00  1.74560000e-09  3.29999988e+00  1.74560000e-09  3.30000015e+00  1.74560000e-09  0.00000000e+00  1.74560000e-09  0.00000000e+00 
 1.76560000e-09  3.30000000e+00  1.76560000e-09  3.30000000e+00  1.76560000e-09  3.29999988e+00  1.76560000e-09  3.30000015e+00  1.76560000e-09  0.00000000e+00  1.76560000e-09  0.00000000e+00 
 1.78560000e-09  3.30000000e+00  1.78560000e-09  3.30000000e+00  1.78560000e-09  3.29999988e+00  1.78560000e-09  3.30000015e+00  1.78560000e-09  0.00000000e+00  1.78560000e-09  0.00000000e+00 
 1.80560000e-09  3.30000000e+00  1.80560000e-09  3.30000000e+00  1.80560000e-09  3.29999988e+00  1.80560000e-09  3.30000015e+00  1.80560000e-09  0.00000000e+00  1.80560000e-09  0.00000000e+00 
 1.82560000e-09  3.30000000e+00  1.82560000e-09  3.30000000e+00  1.82560000e-09  3.29999988e+00  1.82560000e-09  3.30000015e+00  1.82560000e-09  0.00000000e+00  1.82560000e-09  0.00000000e+00 
 1.84560000e-09  3.30000000e+00  1.84560000e-09  3.30000000e+00  1.84560000e-09  3.29999988e+00  1.84560000e-09  3.30000015e+00  1.84560000e-09  0.00000000e+00  1.84560000e-09  0.00000000e+00 
 1.86560000e-09  3.30000000e+00  1.86560000e-09  3.30000000e+00  1.86560000e-09  3.29999988e+00  1.86560000e-09  3.30000015e+00  1.86560000e-09  0.00000000e+00  1.86560000e-09  0.00000000e+00 
 1.88560000e-09  3.30000000e+00  1.88560000e-09  3.30000000e+00  1.88560000e-09  3.29999988e+00  1.88560000e-09  3.30000015e+00  1.88560000e-09  0.00000000e+00  1.88560000e-09  0.00000000e+00 
 1.90560000e-09  3.30000000e+00  1.90560000e-09  3.30000000e+00  1.90560000e-09  3.29999988e+00  1.90560000e-09  3.30000015e+00  1.90560000e-09  0.00000000e+00  1.90560000e-09  0.00000000e+00 
 1.92560000e-09  3.30000000e+00  1.92560000e-09  3.30000000e+00  1.92560000e-09  3.29999988e+00  1.92560000e-09  3.30000015e+00  1.92560000e-09  0.00000000e+00  1.92560000e-09  0.00000000e+00 
 1.94560000e-09  3.30000000e+00  1.94560000e-09  3.30000000e+00  1.94560000e-09  3.29999988e+00  1.94560000e-09  3.30000015e+00  1.94560000e-09  0.00000000e+00  1.94560000e-09  0.00000000e+00 
 1.96560000e-09  3.30000000e+00  1.96560000e-09  3.30000000e+00  1.96560000e-09  3.29999988e+00  1.96560000e-09  3.30000015e+00  1.96560000e-09  0.00000000e+00  1.96560000e-09  0.00000000e+00 
 1.98280000e-09  3.30000000e+00  1.98280000e-09  3.30000000e+00  1.98280000e-09  3.29999988e+00  1.98280000e-09  3.30000015e+00  1.98280000e-09  0.00000000e+00  1.98280000e-09  0.00000000e+00 
 2.00000000e-09  3.30000000e+00  2.00000000e-09  3.30000000e+00  2.00000000e-09  3.29999988e+00  2.00000000e-09  3.30000015e+00  2.00000000e-09  0.00000000e+00  2.00000000e-09  0.00000000e+00 
 2.00200000e-09  3.30000713e+00  2.00200000e-09  3.30000713e+00  2.00200000e-09  3.30263575e+00  2.00200000e-09  3.30263627e+00  2.00200000e-09  6.60000000e-02  2.00200000e-09  0.00000000e+00 
 2.00600000e-09  3.30001662e+00  2.00600000e-09  3.30001662e+00  2.00600000e-09  3.30780902e+00  2.00600000e-09  3.30781003e+00  2.00600000e-09  1.98000000e-01  2.00600000e-09  0.00000000e+00 
 2.01400000e-09  3.30001846e+00  2.01400000e-09  3.30001846e+00  2.01400000e-09  3.31759756e+00  2.01400000e-09  3.31759942e+00  2.01400000e-09  4.62000000e-01  2.01400000e-09  0.00000000e+00 
 2.03000000e-09  3.30000705e+00  2.03000000e-09  3.30000705e+00  2.03000000e-09  3.33554711e+00  2.03000000e-09  3.33555071e+00  2.03000000e-09  9.90000000e-01  2.03000000e-09  0.00000000e+00 
 2.05000000e-09  3.29999980e+00  2.05000000e-09  3.29999980e+00  2.05000000e-09  3.35653508e+00  2.05000000e-09  3.35654032e+00  2.05000000e-09  1.65000000e+00  2.05000000e-09  0.00000000e+00 
 2.07000000e-09  3.30000115e+00  2.07000000e-09  3.30000115e+00  2.07000000e-09  3.37843007e+00  2.07000000e-09  3.37843568e+00  2.07000000e-09  2.31000000e+00  2.07000000e-09  0.00000000e+00 
 2.08500000e-09  3.29999951e+00  2.08500000e-09  3.29999951e+00  2.08500000e-09  3.39421025e+00  2.08500000e-09  3.39421489e+00  2.08500000e-09  2.80500000e+00  2.08500000e-09  0.00000000e+00 
 2.10000000e-09  3.29998755e+00  2.10000000e-09  3.29998754e+00  2.10000000e-09  3.40042565e+00  2.10000000e-09  3.40042612e+00  2.10000000e-09  3.30000000e+00  2.10000000e-09  0.00000000e+00 
 2.10200000e-09  3.29998665e+00  2.10200000e-09  3.29998665e+00  2.10200000e-09  3.40043377e+00  2.10200000e-09  3.40043274e+00  2.10200000e-09  3.30000000e+00  2.10200000e-09  0.00000000e+00 
 2.10600000e-09  3.29998598e+00  2.10600000e-09  3.29998597e+00  2.10600000e-09  3.40045485e+00  2.10600000e-09  3.40045029e+00  2.10600000e-09  3.30000000e+00  2.10600000e-09  0.00000000e+00 
 2.11400000e-09  3.29998837e+00  2.11400000e-09  3.29998835e+00  2.11400000e-09  3.40052018e+00  2.11400000e-09  3.40050598e+00  2.11400000e-09  3.30000000e+00  2.11400000e-09  0.00000000e+00 
 2.13000000e-09  3.29999512e+00  2.13000000e-09  3.29999509e+00  2.13000000e-09  3.40078272e+00  2.13000000e-09  3.40073317e+00  2.13000000e-09  3.30000000e+00  2.13000000e-09  0.00000000e+00 
 2.15000000e-09  3.29999956e+00  2.15000000e-09  3.29999950e+00  2.15000000e-09  3.40156904e+00  2.15000000e-09  3.40141780e+00  2.15000000e-09  3.30000000e+00  2.15000000e-09  0.00000000e+00 
 2.17000000e-09  3.30000102e+00  2.17000000e-09  3.30000088e+00  2.17000000e-09  3.40339950e+00  2.17000000e-09  3.40301555e+00  2.17000000e-09  3.30000000e+00  2.17000000e-09  0.00000000e+00 
 2.19000000e-09  3.30000206e+00  2.19000000e-09  3.30000182e+00  2.19000000e-09  3.40711933e+00  2.19000000e-09  3.40628169e+00  2.19000000e-09  3.30000000e+00  2.19000000e-09  0.00000000e+00 
 2.21000000e-09  3.30000277e+00  2.21000000e-09  3.30000251e+00  2.21000000e-09  3.41330910e+00  2.21000000e-09  3.41179220e+00  2.21000000e-09  3.30000000e+00  2.21000000e-09  0.00000000e+00 
 2.23000000e-09  3.30000224e+00  2.23000000e-09  3.30000216e+00  2.23000000e-09  3.42138022e+00  2.23000000e-09  3.41915010e+00  2.23000000e-09  3.30000000e+00  2.23000000e-09  0.00000000e+00 
 2.25000000e-09  3.30000030e+00  2.25000000e-09  3.30000056e+00  2.25000000e-09  3.42951980e+00  2.25000000e-09  3.42685455e+00  2.25000000e-09  3.30000000e+00  2.25000000e-09  0.00000000e+00 
 2.27000000e-09  3.29999797e+00  2.27000000e-09  3.29999851e+00  2.27000000e-09  3.43558904e+00  2.27000000e-09  3.43301484e+00  2.27000000e-09  3.30000000e+00  2.27000000e-09  0.00000000e+00 
 2.29000000e-09  3.29999595e+00  2.29000000e-09  3.29999665e+00  2.29000000e-09  3.43789415e+00  2.29000000e-09  3.43604263e+00  2.29000000e-09  3.30000000e+00  2.29000000e-09  0.00000000e+00 
 2.31000000e-09  3.29999471e+00  2.31000000e-09  3.29999539e+00  2.31000000e-09  3.43541859e+00  2.31000000e-09  3.43491593e+00  2.31000000e-09  3.30000000e+00  2.31000000e-09  0.00000000e+00 
 2.33000000e-09  3.29999422e+00  2.33000000e-09  3.29999491e+00  2.33000000e-09  3.42774445e+00  2.33000000e-09  3.42915496e+00  2.33000000e-09  3.30000000e+00  2.33000000e-09  0.00000000e+00 
 2.35000000e-09  3.29999405e+00  2.35000000e-09  3.29999463e+00  2.35000000e-09  3.41488953e+00  2.35000000e-09  3.41869567e+00  2.35000000e-09  3.30000000e+00  2.35000000e-09  0.00000000e+00 
 2.37000000e-09  3.29999437e+00  2.37000000e-09  3.29999483e+00  2.37000000e-09  3.39715351e+00  2.37000000e-09  3.40375551e+00  2.37000000e-09  3.30000000e+00  2.37000000e-09  0.00000000e+00 
 2.39000000e-09  3.29999493e+00  2.39000000e-09  3.29999529e+00  2.39000000e-09  3.37499549e+00  2.39000000e-09  3.38471842e+00  2.39000000e-09  3.30000000e+00  2.39000000e-09  0.00000000e+00 
 2.41000000e-09  3.29999562e+00  2.41000000e-09  3.29999587e+00  2.41000000e-09  3.34894323e+00  2.41000000e-09  3.36204804e+00  2.41000000e-09  3.30000000e+00  2.41000000e-09  0.00000000e+00 
 2.43000000e-09  3.29999636e+00  2.43000000e-09  3.29999652e+00  2.43000000e-09  3.31953672e+00  2.43000000e-09  3.33623102e+00  2.43000000e-09  3.30000000e+00  2.43000000e-09  0.00000000e+00 
 2.45000000e-09  3.29999709e+00  2.45000000e-09  3.29999716e+00  2.45000000e-09  3.28729348e+00  2.45000000e-09  3.30773997e+00  2.45000000e-09  3.30000000e+00  2.45000000e-09  0.00000000e+00 
 2.47000000e-09  3.29999778e+00  2.47000000e-09  3.29999778e+00  2.47000000e-09  3.25268418e+00  2.47000000e-09  3.27701002e+00  2.47000000e-09  3.30000000e+00  2.47000000e-09  0.00000000e+00 
 2.49000000e-09  3.29999841e+00  2.49000000e-09  3.29999835e+00  2.49000000e-09  3.21612552e+00  2.49000000e-09  3.24442683e+00  2.49000000e-09  3.30000000e+00  2.49000000e-09  0.00000000e+00 
 2.51000000e-09  3.29999895e+00  2.51000000e-09  3.29999885e+00  2.51000000e-09  3.17797763e+00  2.51000000e-09  3.21032669e+00  2.51000000e-09  3.30000000e+00  2.51000000e-09  0.00000000e+00 
 2.53000000e-09  3.29999940e+00  2.53000000e-09  3.29999927e+00  2.53000000e-09  3.13854681e+00  2.53000000e-09  3.17499601e+00  2.53000000e-09  3.30000000e+00  2.53000000e-09  0.00000000e+00 
 2.55000000e-09  3.29999974e+00  2.55000000e-09  3.29999961e+00  2.55000000e-09  3.09809098e+00  2.55000000e-09  3.13867615e+00  2.55000000e-09  3.30000000e+00  2.55000000e-09  0.00000000e+00 
 2.57000000e-09  3.29999999e+00  2.57000000e-09  3.29999987e+00  2.57000000e-09  3.05682540e+00  2.57000000e-09  3.10156868e+00  2.57000000e-09  3.30000000e+00  2.57000000e-09  0.00000000e+00 
 2.59000000e-09  3.30000016e+00  2.59000000e-09  3.30000006e+00  2.59000000e-09  3.01492866e+00  2.59000000e-09  3.06384088e+00  2.59000000e-09  3.30000000e+00  2.59000000e-09  0.00000000e+00 
 2.61000000e-09  3.30000028e+00  2.61000000e-09  3.30000019e+00  2.61000000e-09  2.97254794e+00  2.61000000e-09  3.02563072e+00  2.61000000e-09  3.30000000e+00  2.61000000e-09  0.00000000e+00 
 2.63000000e-09  3.30000035e+00  2.63000000e-09  3.30000027e+00  2.63000000e-09  2.92980414e+00  2.63000000e-09  2.98705158e+00  2.63000000e-09  3.30000000e+00  2.63000000e-09  0.00000000e+00 
 2.65000000e-09  3.30000039e+00  2.65000000e-09  3.30000033e+00  2.65000000e-09  2.88679614e+00  2.65000000e-09  2.94819623e+00  2.65000000e-09  3.30000000e+00  2.65000000e-09  0.00000000e+00 
 2.67000000e-09  3.30000041e+00  2.67000000e-09  3.30000036e+00  2.67000000e-09  2.84360477e+00  2.67000000e-09  2.90914048e+00  2.67000000e-09  3.30000000e+00  2.67000000e-09  0.00000000e+00 
 2.69000000e-09  3.30000042e+00  2.69000000e-09  3.30000037e+00  2.69000000e-09  2.80029591e+00  2.69000000e-09  2.86994609e+00  2.69000000e-09  3.30000000e+00  2.69000000e-09  0.00000000e+00 
 2.71000000e-09  3.30000042e+00  2.71000000e-09  3.30000038e+00  2.71000000e-09  2.75692339e+00  2.71000000e-09  2.83066343e+00  2.71000000e-09  3.30000000e+00  2.71000000e-09  0.00000000e+00 
 2.73000000e-09  3.30000042e+00  2.73000000e-09  3.30000038e+00  2.73000000e-09  2.71353112e+00  2.73000000e-09  2.79133353e+00  2.73000000e-09  3.30000000e+00  2.73000000e-09  0.00000000e+00 
 2.75000000e-09  3.30000041e+00  2.75000000e-09  3.30000037e+00  2.75000000e-09  2.67015514e+00  2.75000000e-09  2.75198992e+00  2.75000000e-09  3.30000000e+00  2.75000000e-09  0.00000000e+00 
 2.77000000e-09  3.30000040e+00  2.77000000e-09  3.30000037e+00  2.77000000e-09  2.62682499e+00  2.77000000e-09  2.71266000e+00  2.77000000e-09  3.30000000e+00  2.77000000e-09  0.00000000e+00 
 2.79000000e-09  3.30000039e+00  2.79000000e-09  3.30000036e+00  2.79000000e-09  2.58356511e+00  2.79000000e-09  2.67336633e+00  2.79000000e-09  3.30000000e+00  2.79000000e-09  0.00000000e+00 
 2.81000000e-09  3.30000038e+00  2.81000000e-09  3.30000035e+00  2.81000000e-09  2.54039575e+00  2.81000000e-09  2.63412747e+00  2.81000000e-09  3.30000000e+00  2.81000000e-09  0.00000000e+00 
 2.83000000e-09  3.30000037e+00  2.83000000e-09  3.30000034e+00  2.83000000e-09  2.49733391e+00  2.83000000e-09  2.59495889e+00  2.83000000e-09  3.30000000e+00  2.83000000e-09  0.00000000e+00 
 2.85000000e-09  3.30000036e+00  2.85000000e-09  3.30000033e+00  2.85000000e-09  2.45439385e+00  2.85000000e-09  2.55587348e+00  2.85000000e-09  3.30000000e+00  2.85000000e-09  0.00000000e+00 
 2.87000000e-09  3.30000035e+00  2.87000000e-09  3.30000032e+00  2.87000000e-09  2.41158779e+00  2.87000000e-09  2.51688219e+00  2.87000000e-09  3.30000000e+00  2.87000000e-09  0.00000000e+00 
 2.89000000e-09  3.30000034e+00  2.89000000e-09  3.30000031e+00  2.89000000e-09  2.36892622e+00  2.89000000e-09  2.47799432e+00  2.89000000e-09  3.30000000e+00  2.89000000e-09  0.00000000e+00 
 2.91000000e-09  3.30000033e+00  2.91000000e-09  3.30000030e+00  2.91000000e-09  2.32641841e+00  2.91000000e-09  2.43921795e+00  2.91000000e-09  3.30000000e+00  2.91000000e-09  0.00000000e+00 
 2.93000000e-09  3.30000032e+00  2.93000000e-09  3.30000029e+00  2.93000000e-09  2.28407261e+00  2.93000000e-09  2.40056012e+00  2.93000000e-09  3.30000000e+00  2.93000000e-09  0.00000000e+00 
 2.95000000e-09  3.30000032e+00  2.95000000e-09  3.30000028e+00  2.95000000e-09  2.24189656e+00  2.95000000e-09  2.36202713e+00  2.95000000e-09  3.30000000e+00  2.95000000e-09  0.00000000e+00 
 2.97000000e-09  3.30000031e+00  2.97000000e-09  3.30000027e+00  2.97000000e-09  2.19989772e+00  2.97000000e-09  2.32362459e+00  2.97000000e-09  3.30000000e+00  2.97000000e-09  0.00000000e+00 
 2.98500000e-09  3.30000031e+00  2.98500000e-09  3.30000027e+00  2.98500000e-09  2.16851941e+00  2.98500000e-09  2.29491141e+00  2.98500000e-09  3.30000000e+00  2.98500000e-09  0.00000000e+00 
 3.00000000e-09  3.30000030e+00  3.00000000e-09  3.30000026e+00  3.00000000e-09  2.13724839e+00  3.00000000e-09  2.26627659e+00  3.00000000e-09  3.30000000e+00  3.00000000e-09  0.00000000e+00 
 3.00200000e-09  3.32132986e+00  3.00200000e-09  3.32132970e+00  3.00200000e-09  2.13337666e+00  3.00200000e-09  2.26276308e+00  3.00200000e-09  3.30000000e+00  3.00200000e-09  6.60000000e-02 
 3.00600000e-09  3.35609405e+00  3.00600000e-09  3.35609337e+00  3.00600000e-09  2.12557120e+00  3.00600000e-09  2.25567055e+00  3.00600000e-09  3.30000000e+00  3.00600000e-09  1.98000000e-01 
 3.01400000e-09  3.39509494e+00  3.01400000e-09  3.39509436e+00  3.01400000e-09  2.10969227e+00  3.01400000e-09  2.24120493e+00  3.01400000e-09  3.30000000e+00  3.01400000e-09  4.62000000e-01 
 3.03000000e-09  3.43010968e+00  3.03000000e-09  3.43010984e+00  3.03000000e-09  2.07686791e+00  3.03000000e-09  2.21112217e+00  3.03000000e-09  3.30000000e+00  3.03000000e-09  9.90000000e-01 
 3.05000000e-09  3.46572165e+00  3.05000000e-09  3.46572202e+00  3.05000000e-09  2.03126550e+00  3.05000000e-09  2.16863863e+00  3.05000000e-09  3.30000000e+00  3.05000000e-09  1.65000000e+00 
 3.07000000e-09  3.53468637e+00  3.07000000e-09  3.53468755e+00  3.07000000e-09  1.97908265e+00  3.07000000e-09  2.11952717e+00  3.07000000e-09  3.30000000e+00  3.07000000e-09  2.31000000e+00 
 3.08500000e-09  3.62554929e+00  3.08500000e-09  3.62617202e+00  3.08500000e-09  1.93487443e+00  3.08500000e-09  2.06338447e+00  3.08500000e-09  3.30000000e+00  3.08500000e-09  2.80500000e+00 
 3.10000000e-09  3.74335188e+00  3.10000000e-09  3.74409823e+00  3.10000000e-09  1.86435688e+00  3.10000000e-09  1.98112011e+00  3.10000000e-09  3.30000000e+00  3.10000000e-09  3.30000000e+00 
 3.10200000e-09  3.74359997e+00  3.10200000e-09  3.74420218e+00  3.10200000e-09  1.85411398e+00  3.10200000e-09  1.97062208e+00  3.10200000e-09  3.30000000e+00  3.10200000e-09  3.30000000e+00 
 3.10600000e-09  3.74396295e+00  3.10600000e-09  3.74425054e+00  3.10600000e-09  1.83429129e+00  3.10600000e-09  1.95052545e+00  3.10600000e-09  3.30000000e+00  3.10600000e-09  3.30000000e+00 
 3.11400000e-09  3.74394690e+00  3.11400000e-09  3.74349127e+00  3.11400000e-09  1.79890993e+00  3.11400000e-09  1.91507576e+00  3.11400000e-09  3.30000000e+00  3.11400000e-09  3.30000000e+00 
 3.13000000e-09  3.74142691e+00  3.13000000e-09  3.73893635e+00  3.13000000e-09  1.74217361e+00  3.13000000e-09  1.85875170e+00  3.13000000e-09  3.30000000e+00  3.13000000e-09  3.30000000e+00 
 3.15000000e-09  3.73448631e+00  3.15000000e-09  3.72846385e+00  3.15000000e-09  1.68820782e+00  3.15000000e-09  1.80550534e+00  3.15000000e-09  3.30000000e+00  3.15000000e-09  3.30000000e+00 
 3.17000000e-09  3.72532976e+00  3.17000000e-09  3.71472501e+00  3.17000000e-09  1.64351049e+00  3.17000000e-09  1.76167876e+00  3.17000000e-09  3.30000000e+00  3.17000000e-09  3.30000000e+00 
 3.19000000e-09  3.71480982e+00  3.19000000e-09  3.68629010e+00  3.19000000e-09  1.60269820e+00  3.19000000e-09  1.72191078e+00  3.19000000e-09  3.30000000e+00  3.19000000e-09  3.30000000e+00 
 3.21000000e-09  3.65688524e+00  3.21000000e-09  3.63938893e+00  3.21000000e-09  1.56361603e+00  3.21000000e-09  1.68453606e+00  3.21000000e-09  3.30000000e+00  3.21000000e-09  3.30000000e+00 
 3.23000000e-09  3.48685352e+00  3.23000000e-09  3.59219216e+00  3.23000000e-09  1.52542749e+00  3.23000000e-09  1.64907392e+00  3.23000000e-09  3.30000000e+00  3.23000000e-09  3.30000000e+00 
 3.25000000e-09  3.21770782e+00  3.25000000e-09  3.54487554e+00  3.25000000e-09  1.48775969e+00  3.25000000e-09  1.61501754e+00  3.25000000e-09  3.30000000e+00  3.25000000e-09  3.30000000e+00 
 3.27000000e-09  2.89010899e+00  3.27000000e-09  3.49767688e+00  3.27000000e-09  1.45048443e+00  3.27000000e-09  1.58185262e+00  3.27000000e-09  3.30000000e+00  3.27000000e-09  3.30000000e+00 
 3.29000000e-09  2.53822946e+00  3.29000000e-09  3.44842990e+00  3.29000000e-09  1.41357267e+00  3.29000000e-09  1.54921929e+00  3.29000000e-09  3.30000000e+00  3.29000000e-09  3.30000000e+00 
 3.31000000e-09  2.20641151e+00  3.31000000e-09  3.39429929e+00  3.31000000e-09  1.37699916e+00  3.31000000e-09  1.51676434e+00  3.31000000e-09  3.30000000e+00  3.31000000e-09  3.30000000e+00 
 3.33000000e-09  1.94712190e+00  3.33000000e-09  3.33458190e+00  3.33000000e-09  1.34073566e+00  3.33000000e-09  1.48409561e+00  3.33000000e-09  3.30000000e+00  3.33000000e-09  3.30000000e+00 
 3.35000000e-09  1.75441757e+00  3.35000000e-09  3.28060006e+00  3.35000000e-09  1.30476005e+00  3.35000000e-09  1.45113140e+00  3.35000000e-09  3.30000000e+00  3.35000000e-09  3.30000000e+00 
 3.37000000e-09  1.59441949e+00  3.37000000e-09  3.23501623e+00  3.37000000e-09  1.26908200e+00  3.37000000e-09  1.41815443e+00  3.37000000e-09  3.30000000e+00  3.37000000e-09  3.30000000e+00 
 3.39000000e-09  1.45007196e+00  3.39000000e-09  3.19696145e+00  3.39000000e-09  1.23373327e+00  3.39000000e-09  1.38535638e+00  3.39000000e-09  3.30000000e+00  3.39000000e-09  3.30000000e+00 
 3.41000000e-09  1.31698117e+00  3.41000000e-09  3.16605428e+00  3.41000000e-09  1.19874489e+00  3.41000000e-09  1.35281261e+00  3.41000000e-09  3.30000000e+00  3.41000000e-09  3.30000000e+00 
 3.43000000e-09  1.19381578e+00  3.43000000e-09  3.14188642e+00  3.43000000e-09  1.16413076e+00  3.43000000e-09  1.32056033e+00  3.43000000e-09  3.30000000e+00  3.43000000e-09  3.30000000e+00 
 3.45000000e-09  1.07970946e+00  3.45000000e-09  3.12391434e+00  3.45000000e-09  1.12989122e+00  3.45000000e-09  1.28861780e+00  3.45000000e-09  3.30000000e+00  3.45000000e-09  3.30000000e+00 
 3.47000000e-09  9.74114595e-01  3.47000000e-09  3.11151668e+00  3.47000000e-09  1.09601963e+00  3.47000000e-09  1.25699048e+00  3.47000000e-09  3.30000000e+00  3.47000000e-09  3.30000000e+00 
 3.49000000e-09  8.76557445e-01  3.49000000e-09  3.10401910e+00  3.49000000e-09  1.06250712e+00  3.49000000e-09  1.22567808e+00  3.49000000e-09  3.30000000e+00  3.49000000e-09  3.30000000e+00 
 3.51000000e-09  7.86631617e-01  3.51000000e-09  3.10073988e+00  3.51000000e-09  1.02934464e+00  3.51000000e-09  1.19467812e+00  3.51000000e-09  3.30000000e+00  3.51000000e-09  3.30000000e+00 
 3.53000000e-09  7.03960150e-01  3.53000000e-09  3.10101187e+00  3.53000000e-09  9.96524812e-01  3.53000000e-09  1.16398697e+00  3.53000000e-09  3.30000000e+00  3.53000000e-09  3.30000000e+00 
 3.55000000e-09  6.28198694e-01  3.55000000e-09  3.10420947e+00  3.55000000e-09  9.64043673e-01  3.55000000e-09  1.13360127e+00  3.55000000e-09  3.30000000e+00  3.55000000e-09  3.30000000e+00 
 3.57000000e-09  5.59011876e-01  3.57000000e-09  3.10975473e+00  3.57000000e-09  9.31904413e-01  3.57000000e-09  1.10351835e+00  3.57000000e-09  3.30000000e+00  3.57000000e-09  3.30000000e+00 
 3.59000000e-09  4.96087245e-01  3.59000000e-09  3.11713316e+00  3.59000000e-09  9.00124035e-01  3.59000000e-09  1.07373714e+00  3.59000000e-09  3.30000000e+00  3.59000000e-09  3.30000000e+00 
 3.61000000e-09  4.39119048e-01  3.61000000e-09  3.12588925e+00  3.61000000e-09  8.68748648e-01  3.61000000e-09  1.04425940e+00  3.61000000e-09  3.30000000e+00  3.61000000e-09  3.30000000e+00 
 3.63000000e-09  3.87810636e-01  3.63000000e-09  3.13563124e+00  3.63000000e-09  8.37888030e-01  3.63000000e-09  1.01509260e+00  3.63000000e-09  3.30000000e+00  3.63000000e-09  3.30000000e+00 
 3.65000000e-09  3.41869468e-01  3.65000000e-09  3.14602489e+00  3.65000000e-09  8.07797363e-01  3.65000000e-09  9.86254618e-01  3.65000000e-09  3.30000000e+00  3.65000000e-09  3.30000000e+00 
 3.67000000e-09  3.01003033e-01  3.67000000e-09  3.15679001e+00  3.67000000e-09  7.79031710e-01  3.67000000e-09  9.57784974e-01  3.67000000e-09  3.30000000e+00  3.67000000e-09  3.30000000e+00 
 3.69000000e-09  2.64910151e-01  3.69000000e-09  3.16769244e+00  3.69000000e-09  7.52535929e-01  3.69000000e-09  9.29735799e-01  3.69000000e-09  3.30000000e+00  3.69000000e-09  3.30000000e+00 
 3.71000000e-09  2.33283122e-01  3.71000000e-09  3.17854059e+00  3.71000000e-09  7.29316332e-01  3.71000000e-09  9.02122855e-01  3.71000000e-09  3.30000000e+00  3.71000000e-09  3.30000000e+00 
 3.73000000e-09  2.05787148e-01  3.73000000e-09  3.18917247e+00  3.73000000e-09  7.09838200e-01  3.73000000e-09  8.74884868e-01  3.73000000e-09  3.30000000e+00  3.73000000e-09  3.30000000e+00 
 3.75000000e-09  1.82076187e-01  3.75000000e-09  3.19945796e+00  3.75000000e-09  6.93836037e-01  3.75000000e-09  8.47918020e-01  3.75000000e-09  3.30000000e+00  3.75000000e-09  3.30000000e+00 
 3.77000000e-09  1.61785478e-01  3.77000000e-09  3.20928972e+00  3.77000000e-09  6.80655659e-01  3.77000000e-09  8.21157642e-01  3.77000000e-09  3.30000000e+00  3.77000000e-09  3.30000000e+00 
 3.79000000e-09  1.44574524e-01  3.79000000e-09  3.21859691e+00  3.79000000e-09  6.69632481e-01  3.79000000e-09  7.94681239e-01  3.79000000e-09  3.30000000e+00  3.79000000e-09  3.30000000e+00 
 3.81000000e-09  1.30164076e-01  3.81000000e-09  3.22734746e+00  3.81000000e-09  6.60244561e-01  3.81000000e-09  7.68849977e-01  3.81000000e-09  3.30000000e+00  3.81000000e-09  3.30000000e+00 
 3.83000000e-09  1.18355187e-01  3.83000000e-09  3.23554612e+00  3.83000000e-09  6.52107324e-01  3.83000000e-09  7.44377416e-01  3.83000000e-09  3.30000000e+00  3.83000000e-09  3.30000000e+00 
 3.85000000e-09  1.08963405e-01  3.85000000e-09  3.24320181e+00  3.85000000e-09  6.44935701e-01  3.85000000e-09  7.22105133e-01  3.85000000e-09  3.30000000e+00  3.85000000e-09  3.30000000e+00 
 3.87000000e-09  1.01724113e-01  3.87000000e-09  3.25029787e+00  3.87000000e-09  6.38493414e-01  3.87000000e-09  7.02559071e-01  3.87000000e-09  3.30000000e+00  3.87000000e-09  3.30000000e+00 
 3.89000000e-09  9.62448556e-02  3.89000000e-09  3.25678599e+00  3.89000000e-09  6.32572903e-01  3.89000000e-09  6.85722323e-01  3.89000000e-09  3.30000000e+00  3.89000000e-09  3.30000000e+00 
 3.91000000e-09  9.20997021e-02  3.91000000e-09  3.26262514e+00  3.91000000e-09  6.27012205e-01  3.91000000e-09  6.71207273e-01  3.91000000e-09  3.30000000e+00  3.91000000e-09  3.30000000e+00 
 3.93000000e-09  8.89107094e-02  3.93000000e-09  3.26780073e+00  3.93000000e-09  6.21686815e-01  3.93000000e-09  6.58531235e-01  3.93000000e-09  3.30000000e+00  3.93000000e-09  3.30000000e+00 
 3.95000000e-09  8.63952429e-02  3.95000000e-09  3.27233367e+00  3.95000000e-09  6.16504790e-01  3.95000000e-09  6.47267874e-01  3.95000000e-09  3.30000000e+00  3.95000000e-09  3.30000000e+00 
 3.97000000e-09  8.43519906e-02  3.97000000e-09  3.27626666e+00  3.97000000e-09  6.11400496e-01  3.97000000e-09  6.37101994e-01  3.97000000e-09  3.30000000e+00  3.97000000e-09  3.30000000e+00 
 3.99000000e-09  8.26503166e-02  3.99000000e-09  3.27965811e+00  3.99000000e-09  6.06329825e-01  3.99000000e-09  6.27800757e-01  3.99000000e-09  3.30000000e+00  3.99000000e-09  3.30000000e+00 
 4.01000000e-09  8.11954896e-02  4.01000000e-09  3.28256708e+00  4.01000000e-09  6.01264944e-01  4.01000000e-09  6.19187887e-01  4.01000000e-09  3.30000000e+00  4.01000000e-09  3.30000000e+00 
 4.03000000e-09  7.99279390e-02  4.03000000e-09  3.28505501e+00  4.03000000e-09  5.96190580e-01  4.03000000e-09  6.11137212e-01  4.03000000e-09  3.30000000e+00  4.03000000e-09  3.30000000e+00 
 4.05000000e-09  7.88018809e-02  4.05000000e-09  3.28717633e+00  4.05000000e-09  5.91100119e-01  4.05000000e-09  6.03551126e-01  4.05000000e-09  3.30000000e+00  4.05000000e-09  3.30000000e+00 
 4.07000000e-09  7.77895602e-02  4.07000000e-09  3.28898331e+00  4.07000000e-09  5.85993164e-01  4.07000000e-09  5.96356339e-01  4.07000000e-09  3.30000000e+00  4.07000000e-09  3.30000000e+00 
 4.09000000e-09  7.68664250e-02  4.09000000e-09  3.29051948e+00  4.09000000e-09  5.80873004e-01  4.09000000e-09  5.89494237e-01  4.09000000e-09  3.30000000e+00  4.09000000e-09  3.30000000e+00 
 4.11000000e-09  7.60188726e-02  4.11000000e-09  3.29182578e+00  4.11000000e-09  5.75745439e-01  4.11000000e-09  5.82917644e-01  4.11000000e-09  3.30000000e+00  4.11000000e-09  3.30000000e+00 
 4.13000000e-09  7.52318575e-02  4.13000000e-09  3.29293485e+00  4.13000000e-09  5.70617168e-01  4.13000000e-09  5.76588111e-01  4.13000000e-09  3.30000000e+00  4.13000000e-09  3.30000000e+00 
 4.15000000e-09  7.44986406e-02  4.15000000e-09  3.29387766e+00  4.15000000e-09  5.65495451e-01  4.15000000e-09  5.70473713e-01  4.15000000e-09  3.30000000e+00  4.15000000e-09  3.30000000e+00 
 4.17000000e-09  7.38089949e-02  4.17000000e-09  3.29467792e+00  4.17000000e-09  5.60387125e-01  4.17000000e-09  5.64547869e-01  4.17000000e-09  3.30000000e+00  4.17000000e-09  3.30000000e+00 
 4.19000000e-09  7.31597233e-02  4.19000000e-09  3.29535869e+00  4.19000000e-09  5.55298740e-01  4.19000000e-09  5.58788103e-01  4.19000000e-09  3.30000000e+00  4.19000000e-09  3.30000000e+00 
 4.21000000e-09  7.25432213e-02  4.21000000e-09  3.29593680e+00  4.21000000e-09  5.50235916e-01  4.21000000e-09  5.53175526e-01  4.21000000e-09  3.30000000e+00  4.21000000e-09  3.30000000e+00 
 4.23000000e-09  7.19582794e-02  4.23000000e-09  3.29642936e+00  4.23000000e-09  5.45203729e-01  4.23000000e-09  5.47694021e-01  4.23000000e-09  3.30000000e+00  4.23000000e-09  3.30000000e+00 
 4.25000000e-09  7.13988239e-02  4.25000000e-09  3.29684807e+00  4.25000000e-09  5.40206225e-01  4.25000000e-09  5.42330026e-01  4.25000000e-09  3.30000000e+00  4.25000000e-09  3.30000000e+00 
 4.27000000e-09  7.08648389e-02  4.27000000e-09  3.29720568e+00  4.27000000e-09  5.35246926e-01  4.27000000e-09  5.37071916e-01  4.27000000e-09  3.30000000e+00  4.27000000e-09  3.30000000e+00 
 4.29000000e-09  7.03511988e-02  4.29000000e-09  3.29751014e+00  4.29000000e-09  5.30328414e-01  4.29000000e-09  5.31909941e-01  4.29000000e-09  3.30000000e+00  4.29000000e-09  3.30000000e+00 
 4.31000000e-09  6.98586450e-02  4.31000000e-09  3.29777102e+00  4.31000000e-09  5.25452877e-01  4.31000000e-09  5.26835708e-01  4.31000000e-09  3.30000000e+00  4.31000000e-09  3.30000000e+00 
 4.33000000e-09  6.93826682e-02  4.33000000e-09  3.29799357e+00  4.33000000e-09  5.20621714e-01  4.33000000e-09  5.21842216e-01  4.33000000e-09  3.30000000e+00  4.33000000e-09  3.30000000e+00 
 4.35000000e-09  6.89245113e-02  4.35000000e-09  3.29818507e+00  4.35000000e-09  5.15836089e-01  4.35000000e-09  5.16923402e-01  4.35000000e-09  3.30000000e+00  4.35000000e-09  3.30000000e+00 
 4.37000000e-09  6.84800824e-02  4.37000000e-09  3.29834884e+00  4.37000000e-09  5.11096531e-01  4.37000000e-09  5.12074235e-01  4.37000000e-09  3.30000000e+00  4.37000000e-09  3.30000000e+00 
 4.39000000e-09  6.80509692e-02  4.39000000e-09  3.29849050e+00  4.39000000e-09  5.06403481e-01  4.39000000e-09  5.07290313e-01  4.39000000e-09  3.30000000e+00  4.39000000e-09  3.30000000e+00 
 4.41000000e-09  6.76333721e-02  4.41000000e-09  3.29861198e+00  4.41000000e-09  5.01756876e-01  4.41000000e-09  5.02568004e-01  4.41000000e-09  3.30000000e+00  4.41000000e-09  3.30000000e+00 
 4.43000000e-09  6.72291236e-02  4.43000000e-09  3.29871774e+00  4.43000000e-09  4.97156686e-01  4.43000000e-09  4.97904076e-01  4.43000000e-09  3.30000000e+00  4.43000000e-09  3.30000000e+00 
 4.45000000e-09  6.68346357e-02  4.45000000e-09  3.29880873e+00  4.45000000e-09  4.92602476e-01  4.45000000e-09  4.93295876e-01  4.45000000e-09  3.30000000e+00  4.45000000e-09  3.30000000e+00 
 4.47000000e-09  6.64519198e-02  4.47000000e-09  3.29888855e+00  4.47000000e-09  4.88093932e-01  4.47000000e-09  4.88740988e-01  4.47000000e-09  3.30000000e+00  4.47000000e-09  3.30000000e+00 
 4.49000000e-09  6.60775456e-02  4.49000000e-09  3.29895745e+00  4.49000000e-09  4.83630408e-01  4.49000000e-09  4.84237441e-01  4.49000000e-09  3.30000000e+00  4.49000000e-09  3.30000000e+00 
 4.51000000e-09  6.57136592e-02  4.51000000e-09  3.29901844e+00  4.51000000e-09  4.79211440e-01  4.51000000e-09  4.79783382e-01  4.51000000e-09  3.30000000e+00  4.51000000e-09  3.30000000e+00 
 4.53000000e-09  6.53569506e-02  4.53000000e-09  3.29907126e+00  4.53000000e-09  4.74836279e-01  4.53000000e-09  4.75377310e-01  4.53000000e-09  3.30000000e+00  4.53000000e-09  3.30000000e+00 
 4.55000000e-09  6.50096696e-02  4.55000000e-09  3.29911852e+00  4.55000000e-09  4.70504398e-01  4.55000000e-09  4.71017762e-01  4.55000000e-09  3.30000000e+00  4.55000000e-09  3.30000000e+00 
 4.57000000e-09  6.46686010e-02  4.57000000e-09  3.29915958e+00  4.57000000e-09  4.66215014e-01  4.57000000e-09  4.66703564e-01  4.57000000e-09  3.30000000e+00  4.57000000e-09  3.30000000e+00 
 4.59000000e-09  6.43360759e-02  4.59000000e-09  3.29919675e+00  4.59000000e-09  4.61967590e-01  4.59000000e-09  4.62433525e-01  4.59000000e-09  3.30000000e+00  4.59000000e-09  3.30000000e+00 
 4.61000000e-09  6.40089546e-02  4.61000000e-09  3.29922915e+00  4.61000000e-09  4.57761349e-01  4.61000000e-09  4.58206698e-01  4.61000000e-09  3.30000000e+00  4.61000000e-09  3.30000000e+00 
 4.63000000e-09  6.36896336e-02  4.63000000e-09  3.29925886e+00  4.63000000e-09  4.53595775e-01  4.63000000e-09  4.54022084e-01  4.63000000e-09  3.30000000e+00  4.63000000e-09  3.30000000e+00 
 4.65000000e-09  6.33750345e-02  4.65000000e-09  3.29928482e+00  4.65000000e-09  4.49470119e-01  4.65000000e-09  4.49878900e-01  4.65000000e-09  3.30000000e+00  4.65000000e-09  3.30000000e+00 
 4.67000000e-09  6.30676068e-02  4.67000000e-09  3.29930897e+00  4.67000000e-09  4.45383900e-01  4.67000000e-09  4.45776284e-01  4.67000000e-09  3.30000000e+00  4.67000000e-09  3.30000000e+00 
 4.69000000e-09  6.27643228e-02  4.69000000e-09  3.29933012e+00  4.69000000e-09  4.41336405e-01  4.69000000e-09  4.41713572e-01  4.69000000e-09  3.30000000e+00  4.69000000e-09  3.30000000e+00 
 4.71000000e-09  6.24676750e-02  4.71000000e-09  3.29935008e+00  4.71000000e-09  4.37327195e-01  4.71000000e-09  4.37690005e-01  4.71000000e-09  3.30000000e+00  4.71000000e-09  3.30000000e+00 
 4.73000000e-09  6.21746779e-02  4.73000000e-09  3.29936758e+00  4.73000000e-09  4.33355597e-01  4.73000000e-09  4.33705007e-01  4.73000000e-09  3.30000000e+00  4.73000000e-09  3.30000000e+00 
 4.75000000e-09  6.18878597e-02  4.75000000e-09  3.29938436e+00  4.75000000e-09  4.29421211e-01  4.75000000e-09  4.29757899e-01  4.75000000e-09  3.30000000e+00  4.75000000e-09  3.30000000e+00 
 4.77000000e-09  6.16042702e-02  4.77000000e-09  3.29939907e+00  4.77000000e-09  4.25523405e-01  4.77000000e-09  4.25848173e-01  4.77000000e-09  3.30000000e+00  4.77000000e-09  3.30000000e+00 
 4.79000000e-09  6.13264671e-02  4.79000000e-09  3.29941341e+00  4.79000000e-09  4.21661815e-01  4.79000000e-09  4.21975209e-01  4.79000000e-09  3.30000000e+00  4.79000000e-09  3.30000000e+00 
 4.81000000e-09  6.10515298e-02  4.81000000e-09  3.29942598e+00  4.81000000e-09  4.17835846e-01  4.81000000e-09  4.18138556e-01  4.81000000e-09  3.30000000e+00  4.81000000e-09  3.30000000e+00 
 4.83000000e-09  6.07820406e-02  4.83000000e-09  3.29943842e+00  4.83000000e-09  4.14045168e-01  4.83000000e-09  4.14337644e-01  4.83000000e-09  3.30000000e+00  4.83000000e-09  3.30000000e+00 
 4.85000000e-09  6.05151040e-02  4.85000000e-09  3.29944930e+00  4.85000000e-09  4.10289219e-01  4.85000000e-09  4.10572064e-01  4.85000000e-09  3.30000000e+00  4.85000000e-09  3.30000000e+00 
 4.87000000e-09  6.02533227e-02  4.87000000e-09  3.29946025e+00  4.87000000e-09  4.06567699e-01  4.87000000e-09  4.06841287e-01  4.87000000e-09  3.30000000e+00  4.87000000e-09  3.30000000e+00 
 4.89000000e-09  5.99938227e-02  4.89000000e-09  3.29946981e+00  4.89000000e-09  4.02880074e-01  4.89000000e-09  4.03144942e-01  4.89000000e-09  3.30000000e+00  4.89000000e-09  3.30000000e+00 
 4.91000000e-09  5.97392235e-02  4.91000000e-09  3.29947957e+00  4.91000000e-09  3.99226072e-01  4.91000000e-09  3.99482530e-01  4.91000000e-09  3.30000000e+00  4.91000000e-09  3.30000000e+00 
 4.93000000e-09  5.94866693e-02  4.93000000e-09  3.29948806e+00  4.93000000e-09  3.95605182e-01  4.93000000e-09  3.95853714e-01  4.93000000e-09  3.30000000e+00  4.93000000e-09  3.30000000e+00 
 4.95000000e-09  5.92387938e-02  4.95000000e-09  3.29949687e+00  4.95000000e-09  3.92017157e-01  4.95000000e-09  3.92258024e-01  4.95000000e-09  3.30000000e+00  4.95000000e-09  3.30000000e+00 
 4.97000000e-09  5.89927568e-02  4.97000000e-09  3.29950451e+00  4.97000000e-09  3.88461509e-01  4.97000000e-09  3.88695147e-01  4.97000000e-09  3.30000000e+00  4.97000000e-09  3.30000000e+00 
 4.99000000e-09  5.87512036e-02  4.99000000e-09  3.29951254e+00  4.99000000e-09  3.84938008e-01  4.99000000e-09  3.85164637e-01  4.99000000e-09  3.30000000e+00  4.99000000e-09  3.30000000e+00 
 5.01000000e-09  5.85113077e-02  5.01000000e-09  3.29951947e+00  5.01000000e-09  3.81446188e-01  5.01000000e-09  3.81666205e-01  5.01000000e-09  3.30000000e+00  5.01000000e-09  3.30000000e+00 
 5.03000000e-09  5.82757240e-02  5.03000000e-09  3.29952686e+00  5.03000000e-09  3.77985837e-01  5.03000000e-09  3.78199425e-01  5.03000000e-09  3.30000000e+00  5.03000000e-09  3.30000000e+00 
 5.05000000e-09  5.80416376e-02  5.05000000e-09  3.29953321e+00  5.05000000e-09  3.74556503e-01  5.05000000e-09  3.74764029e-01  5.05000000e-09  3.30000000e+00  5.05000000e-09  3.30000000e+00 
 5.07000000e-09  5.78117115e-02  5.07000000e-09  3.29954007e+00  5.07000000e-09  3.71157993e-01  5.07000000e-09  3.71359609e-01  5.07000000e-09  3.30000000e+00  5.07000000e-09  3.30000000e+00 
 5.09000000e-09  5.75831408e-02  5.09000000e-09  3.29954593e+00  5.09000000e-09  3.67789869e-01  5.09000000e-09  3.67985911e-01  5.09000000e-09  3.30000000e+00  5.09000000e-09  3.30000000e+00 
 5.11000000e-09  5.73585953e-02  5.11000000e-09  3.29955234e+00  5.11000000e-09  3.64451952e-01  5.11000000e-09  3.64642546e-01  5.11000000e-09  3.30000000e+00  5.11000000e-09  3.30000000e+00 
 5.13000000e-09  5.71352789e-02  5.13000000e-09  3.29955778e+00  5.13000000e-09  3.61143816e-01  5.13000000e-09  3.61329275e-01  5.13000000e-09  3.30000000e+00  5.13000000e-09  3.30000000e+00 
 5.15000000e-09  5.69158667e-02  5.15000000e-09  3.29956381e+00  5.15000000e-09  3.57865294e-01  5.15000000e-09  3.58045721e-01  5.15000000e-09  3.30000000e+00  5.15000000e-09  3.30000000e+00 
 5.17000000e-09  5.66975706e-02  5.17000000e-09  3.29956890e+00  5.17000000e-09  3.54615975e-01  5.17000000e-09  3.54791660e-01  5.17000000e-09  3.30000000e+00  5.17000000e-09  3.30000000e+00 
 5.19000000e-09  5.64830701e-02  5.19000000e-09  3.29957460e+00  5.19000000e-09  3.51395700e-01  5.19000000e-09  3.51566726e-01  5.19000000e-09  3.30000000e+00  5.19000000e-09  3.30000000e+00 
 5.21000000e-09  5.62695840e-02  5.21000000e-09  3.29957938e+00  5.21000000e-09  3.48204069e-01  5.21000000e-09  3.48370708e-01  5.21000000e-09  3.30000000e+00  5.21000000e-09  3.30000000e+00 
 5.23000000e-09  5.60597953e-02  5.23000000e-09  3.29958480e+00  5.23000000e-09  3.45040935e-01  5.23000000e-09  3.45203252e-01  5.23000000e-09  3.30000000e+00  5.23000000e-09  3.30000000e+00 
 5.25000000e-09  5.58509291e-02  5.25000000e-09  3.29958931e+00  5.25000000e-09  3.41905905e-01  5.25000000e-09  3.42064155e-01  5.25000000e-09  3.30000000e+00  5.25000000e-09  3.30000000e+00 
 5.27000000e-09  5.56456714e-02  5.27000000e-09  3.29959448e+00  5.27000000e-09  3.38798842e-01  5.27000000e-09  3.38953074e-01  5.27000000e-09  3.30000000e+00  5.27000000e-09  3.30000000e+00 
 5.29000000e-09  5.54412525e-02  5.29000000e-09  3.29959876e+00  5.29000000e-09  3.35719361e-01  5.29000000e-09  3.35869817e-01  5.29000000e-09  3.30000000e+00  5.29000000e-09  3.30000000e+00 
 5.31000000e-09  5.52403609e-02  5.31000000e-09  3.29960371e+00  5.31000000e-09  3.32667333e-01  5.31000000e-09  3.32814049e-01  5.31000000e-09  3.30000000e+00  5.31000000e-09  3.30000000e+00 
 5.33000000e-09  5.50402318e-02  5.33000000e-09  3.29960778e+00  5.33000000e-09  3.29642382e-01  5.33000000e-09  3.29785586e-01  5.33000000e-09  3.30000000e+00  5.33000000e-09  3.30000000e+00 
 5.35000000e-09  5.48435557e-02  5.35000000e-09  3.29961253e+00  5.35000000e-09  3.26644387e-01  5.35000000e-09  3.26784100e-01  5.35000000e-09  3.30000000e+00  5.35000000e-09  3.30000000e+00 
 5.37000000e-09  5.46475722e-02  5.37000000e-09  3.29961643e+00  5.37000000e-09  3.23672977e-01  5.37000000e-09  3.23809418e-01  5.37000000e-09  3.30000000e+00  5.37000000e-09  3.30000000e+00 
 5.39000000e-09  5.44549730e-02  5.39000000e-09  3.29962100e+00  5.39000000e-09  3.20728038e-01  5.39000000e-09  3.20861219e-01  5.39000000e-09  3.30000000e+00  5.39000000e-09  3.30000000e+00 
 5.41000000e-09  5.42630021e-02  5.41000000e-09  3.29962472e+00  5.41000000e-09  3.17809207e-01  5.41000000e-09  3.17939334e-01  5.41000000e-09  3.30000000e+00  5.41000000e-09  3.30000000e+00 
 5.43000000e-09  5.40743522e-02  5.43000000e-09  3.29962914e+00  5.43000000e-09  3.14916376e-01  5.43000000e-09  3.15043451e-01  5.43000000e-09  3.30000000e+00  5.43000000e-09  3.30000000e+00 
 5.45000000e-09  5.38862709e-02  5.45000000e-09  3.29963271e+00  5.45000000e-09  3.12049187e-01  5.45000000e-09  3.12173409e-01  5.45000000e-09  3.30000000e+00  5.45000000e-09  3.30000000e+00 
 5.47000000e-09  5.37014518e-02  5.47000000e-09  3.29963699e+00  5.47000000e-09  3.09207538e-01  5.47000000e-09  3.09328901e-01  5.47000000e-09  3.30000000e+00  5.47000000e-09  3.30000000e+00 
 5.49000000e-09  5.35171459e-02  5.49000000e-09  3.29964042e+00  5.49000000e-09  3.06391079e-01  5.49000000e-09  3.06509771e-01  5.49000000e-09  3.30000000e+00  5.49000000e-09  3.30000000e+00 
 5.51000000e-09  5.33360473e-02  5.51000000e-09  3.29964457e+00  5.51000000e-09  3.03599711e-01  5.51000000e-09  3.03715718e-01  5.51000000e-09  3.30000000e+00  5.51000000e-09  3.30000000e+00 
 5.53000000e-09  5.31554104e-02  5.53000000e-09  3.29964788e+00  5.53000000e-09  3.00833088e-01  5.53000000e-09  3.00946594e-01  5.53000000e-09  3.30000000e+00  5.53000000e-09  3.30000000e+00 
 5.55000000e-09  5.29779293e-02  5.55000000e-09  3.29965190e+00  5.55000000e-09  2.98091119e-01  5.55000000e-09  2.98202101e-01  5.55000000e-09  3.30000000e+00  5.55000000e-09  3.30000000e+00 
 5.57000000e-09  5.28008616e-02  5.57000000e-09  3.29965509e+00  5.57000000e-09  2.95373463e-01  5.57000000e-09  2.95482098e-01  5.57000000e-09  3.30000000e+00  5.57000000e-09  3.30000000e+00 
 5.59000000e-09  5.26269013e-02  5.59000000e-09  3.29965900e+00  5.59000000e-09  2.92680032e-01  5.59000000e-09  2.92786291e-01  5.59000000e-09  3.30000000e+00  5.59000000e-09  3.30000000e+00 
 5.61000000e-09  5.24533090e-02  5.61000000e-09  3.29966209e+00  5.61000000e-09  2.90010489e-01  5.61000000e-09  2.90114544e-01  5.61000000e-09  3.30000000e+00  5.61000000e-09  3.30000000e+00 
 5.63000000e-09  5.22827787e-02  5.63000000e-09  3.29966590e+00  5.63000000e-09  2.87364753e-01  5.63000000e-09  2.87466569e-01  5.63000000e-09  3.30000000e+00  5.63000000e-09  3.30000000e+00 
 5.65000000e-09  5.21125735e-02  5.65000000e-09  3.29966889e+00  5.65000000e-09  2.84742490e-01  5.65000000e-09  2.84842233e-01  5.65000000e-09  3.30000000e+00  5.65000000e-09  3.30000000e+00 
 5.67000000e-09  5.19453871e-02  5.67000000e-09  3.29967260e+00  5.67000000e-09  2.82143623e-01  5.67000000e-09  2.82241253e-01  5.67000000e-09  3.30000000e+00  5.67000000e-09  3.30000000e+00 
 5.69000000e-09  5.17784853e-02  5.69000000e-09  3.29967550e+00  5.69000000e-09  2.79567823e-01  5.69000000e-09  2.79663501e-01  5.69000000e-09  3.30000000e+00  5.69000000e-09  3.30000000e+00 
 5.71000000e-09  5.16145615e-02  5.71000000e-09  3.29967912e+00  5.71000000e-09  2.77015016e-01  5.71000000e-09  2.77108699e-01  5.71000000e-09  3.30000000e+00  5.71000000e-09  3.30000000e+00 
 5.73000000e-09  5.14508839e-02  5.73000000e-09  3.29968193e+00  5.73000000e-09  2.74484879e-01  5.73000000e-09  2.74576722e-01  5.73000000e-09  3.30000000e+00  5.73000000e-09  3.30000000e+00 
 5.75000000e-09  5.12901453e-02  5.75000000e-09  3.29968546e+00  5.75000000e-09  2.71977340e-01  5.75000000e-09  2.72067296e-01  5.75000000e-09  3.30000000e+00  5.75000000e-09  3.30000000e+00 
 5.77000000e-09  5.11296163e-02  5.77000000e-09  3.29968819e+00  5.77000000e-09  2.69492079e-01  5.77000000e-09  2.69580299e-01  5.77000000e-09  3.30000000e+00  5.77000000e-09  3.30000000e+00 
 5.79000000e-09  5.09719891e-02  5.79000000e-09  3.29969165e+00  5.79000000e-09  2.67029030e-01  5.79000000e-09  2.67115463e-01  5.79000000e-09  3.30000000e+00  5.79000000e-09  3.30000000e+00 
 5.81000000e-09  5.08145367e-02  5.81000000e-09  3.29969430e+00  5.81000000e-09  2.64587876e-01  5.81000000e-09  2.64672670e-01  5.81000000e-09  3.30000000e+00  5.81000000e-09  3.30000000e+00 
 5.83000000e-09  5.06599506e-02  5.83000000e-09  3.29969768e+00  5.83000000e-09  2.62168554e-01  5.83000000e-09  2.62251654e-01  5.83000000e-09  3.30000000e+00  5.83000000e-09  3.30000000e+00 
 5.85000000e-09  5.05055059e-02  5.85000000e-09  3.29970025e+00  5.85000000e-09  2.59770750e-01  5.85000000e-09  2.59852301e-01  5.85000000e-09  3.30000000e+00  5.85000000e-09  3.30000000e+00 
 5.87000000e-09  5.03538933e-02  5.87000000e-09  3.29970356e+00  5.87000000e-09  2.57394405e-01  5.87000000e-09  2.57474349e-01  5.87000000e-09  3.30000000e+00  5.87000000e-09  3.30000000e+00 
 5.89000000e-09  5.02023902e-02  5.89000000e-09  3.29970607e+00  5.89000000e-09  2.55039210e-01  5.89000000e-09  2.55117688e-01  5.89000000e-09  3.30000000e+00  5.89000000e-09  3.30000000e+00 
 5.91000000e-09  5.00536864e-02  5.91000000e-09  3.29970931e+00  5.91000000e-09  2.52705107e-01  5.91000000e-09  2.52782059e-01  5.91000000e-09  3.30000000e+00  5.91000000e-09  3.30000000e+00 
 5.93000000e-09  4.99050614e-02  5.93000000e-09  3.29971175e+00  5.93000000e-09  2.50391790e-01  5.93000000e-09  2.50467354e-01  5.93000000e-09  3.30000000e+00  5.93000000e-09  3.30000000e+00 
 5.95000000e-09  4.97592042e-02  5.95000000e-09  3.29971492e+00  5.95000000e-09  2.48099207e-01  5.95000000e-09  2.48173319e-01  5.95000000e-09  3.30000000e+00  5.95000000e-09  3.30000000e+00 
 5.97000000e-09  4.96133962e-02  5.97000000e-09  3.29971730e+00  5.97000000e-09  2.45827052e-01  5.97000000e-09  2.45899849e-01  5.97000000e-09  3.30000000e+00  5.97000000e-09  3.30000000e+00 
 5.99000000e-09  4.94703254e-02  5.99000000e-09  3.29972041e+00  5.99000000e-09  2.43575278e-01  5.99000000e-09  2.43646694e-01  5.99000000e-09  3.30000000e+00  5.99000000e-09  3.30000000e+00 
 6.01000000e-09  4.93272755e-02  6.01000000e-09  3.29972273e+00  6.01000000e-09  2.41343582e-01  6.01000000e-09  2.41413750e-01  6.01000000e-09  3.30000000e+00  6.01000000e-09  3.30000000e+00 
 6.03000000e-09  4.91869334e-02  6.03000000e-09  3.29972578e+00  6.03000000e-09  2.39131918e-01  6.03000000e-09  2.39200771e-01  6.03000000e-09  3.30000000e+00  6.03000000e-09  3.30000000e+00 
 6.05000000e-09  4.90465845e-02  6.05000000e-09  3.29972804e+00  6.05000000e-09  2.36939989e-01  6.05000000e-09  2.37007658e-01  6.05000000e-09  3.30000000e+00  6.05000000e-09  3.30000000e+00 
 6.07000000e-09  4.89089149e-02  6.07000000e-09  3.29973104e+00  6.07000000e-09  2.34767750e-01  6.07000000e-09  2.34834165e-01  6.07000000e-09  3.30000000e+00  6.07000000e-09  3.30000000e+00 
 6.09000000e-09  4.87712121e-02  6.09000000e-09  3.29973324e+00  6.09000000e-09  2.32614907e-01  6.09000000e-09  2.32680198e-01  6.09000000e-09  3.30000000e+00  6.09000000e-09  3.30000000e+00 
 6.11000000e-09  4.86361608e-02  6.11000000e-09  3.29973618e+00  6.11000000e-09  2.30481419e-01  6.11000000e-09  2.30545513e-01  6.11000000e-09  3.30000000e+00  6.11000000e-09  3.30000000e+00 
 6.13000000e-09  4.85010505e-02  6.13000000e-09  3.29973832e+00  6.13000000e-09  2.28366994e-01  6.13000000e-09  2.28430019e-01  6.13000000e-09  3.30000000e+00  6.13000000e-09  3.30000000e+00 
 6.15000000e-09  4.83685650e-02  6.15000000e-09  3.29974121e+00  6.15000000e-09  2.26271593e-01  6.15000000e-09  2.26333475e-01  6.15000000e-09  3.30000000e+00  6.15000000e-09  3.30000000e+00 
 6.17000000e-09  4.82359954e-02  6.17000000e-09  3.29974330e+00  6.17000000e-09  2.24194927e-01  6.17000000e-09  2.24255793e-01  6.17000000e-09  3.30000000e+00  6.17000000e-09  3.30000000e+00 
 6.19000000e-09  4.81060246e-02  6.19000000e-09  3.29974614e+00  6.19000000e-09  2.22136961e-01  6.19000000e-09  2.22196735e-01  6.19000000e-09  3.30000000e+00  6.19000000e-09  3.30000000e+00 
 6.21000000e-09  4.79759454e-02  6.21000000e-09  3.29974818e+00  6.21000000e-09  2.20097409e-01  6.21000000e-09  2.20156216e-01  6.21000000e-09  3.30000000e+00  6.21000000e-09  3.30000000e+00 
 6.23000000e-09  4.78484396e-02  6.23000000e-09  3.29975096e+00  6.23000000e-09  2.18076236e-01  6.23000000e-09  2.18133999e-01  6.23000000e-09  3.30000000e+00  6.23000000e-09  3.30000000e+00 
 6.25000000e-09  4.77208019e-02  6.25000000e-09  3.29975296e+00  6.25000000e-09  2.16073160e-01  6.25000000e-09  2.16130002e-01  6.25000000e-09  3.30000000e+00  6.25000000e-09  3.30000000e+00 
 6.27000000e-09  4.75957128e-02  6.27000000e-09  3.29975569e+00  6.27000000e-09  2.14088150e-01  6.27000000e-09  2.14143992e-01  6.27000000e-09  3.30000000e+00  6.27000000e-09  3.30000000e+00 
 6.29000000e-09  4.74704690e-02  6.29000000e-09  3.29975764e+00  6.29000000e-09  2.12120926e-01  6.29000000e-09  2.12175889e-01  6.29000000e-09  3.30000000e+00  6.29000000e-09  3.30000000e+00 
 6.31000000e-09  4.73477495e-02  6.31000000e-09  3.29976033e+00  6.31000000e-09  2.10171458e-01  6.31000000e-09  2.10225464e-01  6.31000000e-09  3.30000000e+00  6.31000000e-09  3.30000000e+00 
 6.33000000e-09  4.72248531e-02  6.33000000e-09  3.29976223e+00  6.33000000e-09  2.08239469e-01  6.33000000e-09  2.08292638e-01  6.33000000e-09  3.30000000e+00  6.33000000e-09  3.30000000e+00 
 6.35000000e-09  4.71044574e-02  6.35000000e-09  3.29976487e+00  6.35000000e-09  2.06324932e-01  6.35000000e-09  2.06377183e-01  6.35000000e-09  3.30000000e+00  6.35000000e-09  3.30000000e+00 
 6.37000000e-09  4.69838631e-02  6.37000000e-09  3.29976672e+00  6.37000000e-09  2.04427572e-01  6.37000000e-09  2.04479025e-01  6.37000000e-09  3.30000000e+00  6.37000000e-09  3.30000000e+00 
 6.39000000e-09  4.68657466e-02  6.39000000e-09  3.29976932e+00  6.39000000e-09  2.02547367e-01  6.39000000e-09  2.02597939e-01  6.39000000e-09  3.30000000e+00  6.39000000e-09  3.30000000e+00 
 6.41000000e-09  4.67474101e-02  6.41000000e-09  3.29977113e+00  6.41000000e-09  2.00684041e-01  6.41000000e-09  2.00733852e-01  6.41000000e-09  3.30000000e+00  6.41000000e-09  3.30000000e+00 
 6.43000000e-09  4.66315291e-02  6.43000000e-09  3.29977369e+00  6.43000000e-09  1.98837575e-01  6.43000000e-09  1.98886540e-01  6.43000000e-09  3.30000000e+00  6.43000000e-09  3.30000000e+00 
 6.45000000e-09  4.65154074e-02  6.45000000e-09  3.29977546e+00  6.45000000e-09  1.97007697e-01  6.45000000e-09  1.97055935e-01  6.45000000e-09  3.30000000e+00  6.45000000e-09  3.30000000e+00 
 6.47000000e-09  4.64017192e-02  6.47000000e-09  3.29977797e+00  6.47000000e-09  1.95194390e-01  6.47000000e-09  1.95241816e-01  6.47000000e-09  3.30000000e+00  6.47000000e-09  3.30000000e+00 
 6.49000000e-09  4.62877701e-02  6.49000000e-09  3.29977969e+00  6.49000000e-09  1.93397383e-01  6.49000000e-09  1.93444114e-01  6.49000000e-09  3.30000000e+00  6.49000000e-09  3.30000000e+00 
 6.51000000e-09  4.61762329e-02  6.51000000e-09  3.29978217e+00  6.51000000e-09  1.91616662e-01  6.51000000e-09  1.91662612e-01  6.51000000e-09  3.30000000e+00  6.51000000e-09  3.30000000e+00 
 6.53000000e-09  4.60644152e-02  6.53000000e-09  3.29978385e+00  6.53000000e-09  1.89851959e-01  6.53000000e-09  1.89897245e-01  6.53000000e-09  3.30000000e+00  6.53000000e-09  3.30000000e+00 
 6.55000000e-09  4.59549884e-02  6.55000000e-09  3.29978628e+00  6.55000000e-09  1.88103261e-01  6.55000000e-09  1.88147797e-01  6.55000000e-09  3.30000000e+00  6.55000000e-09  3.30000000e+00 
 6.57000000e-09  4.58452618e-02  6.57000000e-09  3.29978793e+00  6.57000000e-09  1.86370304e-01  6.57000000e-09  1.86414204e-01  6.57000000e-09  3.30000000e+00  6.57000000e-09  3.30000000e+00 
 6.59000000e-09  4.57379054e-02  6.59000000e-09  3.29979032e+00  6.59000000e-09  1.84653076e-01  6.59000000e-09  1.84696254e-01  6.59000000e-09  3.30000000e+00  6.59000000e-09  3.30000000e+00 
 6.61000000e-09  4.56302304e-02  6.61000000e-09  3.29979193e+00  6.61000000e-09  1.82951315e-01  6.61000000e-09  1.82993886e-01  6.61000000e-09  3.30000000e+00  6.61000000e-09  3.30000000e+00 
 6.63000000e-09  4.55249054e-02  6.63000000e-09  3.29979428e+00  6.63000000e-09  1.81265012e-01  6.63000000e-09  1.81306887e-01  6.63000000e-09  3.30000000e+00  6.63000000e-09  3.30000000e+00 
 6.65000000e-09  4.54192433e-02  6.65000000e-09  3.29979585e+00  6.65000000e-09  1.79593907e-01  6.65000000e-09  1.79635201e-01  6.65000000e-09  3.30000000e+00  6.65000000e-09  3.30000000e+00 
 6.67000000e-09  4.53159116e-02  6.67000000e-09  3.29979817e+00  6.67000000e-09  1.77937993e-01  6.67000000e-09  1.77978617e-01  6.67000000e-09  3.30000000e+00  6.67000000e-09  3.30000000e+00 
 6.69000000e-09  4.52122246e-02  6.69000000e-09  3.29979969e+00  6.69000000e-09  1.76297013e-01  6.69000000e-09  1.76337079e-01  6.69000000e-09  3.30000000e+00  6.69000000e-09  3.30000000e+00 
 6.71000000e-09  4.51108485e-02  6.71000000e-09  3.29980198e+00  6.71000000e-09  1.74670960e-01  6.71000000e-09  1.74710381e-01  6.71000000e-09  3.30000000e+00  6.71000000e-09  3.30000000e+00 
 6.73000000e-09  4.50090996e-02  6.73000000e-09  3.29980347e+00  6.73000000e-09  1.73059581e-01  6.73000000e-09  1.73098468e-01  6.73000000e-09  3.30000000e+00  6.73000000e-09  3.30000000e+00 
 6.75000000e-09  4.49096426e-02  6.75000000e-09  3.29980571e+00  6.75000000e-09  1.71462871e-01  6.75000000e-09  1.71501135e-01  6.75000000e-09  3.30000000e+00  6.75000000e-09  3.30000000e+00 
 6.77000000e-09  4.48097955e-02  6.77000000e-09  3.29980717e+00  6.77000000e-09  1.69880578e-01  6.77000000e-09  1.69918331e-01  6.77000000e-09  3.30000000e+00  6.77000000e-09  3.30000000e+00 
 6.79000000e-09  4.47122216e-02  6.79000000e-09  3.29980938e+00  6.79000000e-09  1.68312700e-01  6.79000000e-09  1.68349853e-01  6.79000000e-09  3.30000000e+00  6.79000000e-09  3.30000000e+00 
 6.81000000e-09  4.46142405e-02  6.81000000e-09  3.29981080e+00  6.81000000e-09  1.66758988e-01  6.81000000e-09  1.66795650e-01  6.81000000e-09  3.30000000e+00  6.81000000e-09  3.30000000e+00 
 6.83000000e-09  4.45185144e-02  6.83000000e-09  3.29981298e+00  6.83000000e-09  1.65219440e-01  6.83000000e-09  1.65255522e-01  6.83000000e-09  3.30000000e+00  6.83000000e-09  3.30000000e+00 
 6.85000000e-09  4.44223646e-02  6.85000000e-09  3.29981437e+00  6.85000000e-09  1.63693810e-01  6.85000000e-09  1.63729421e-01  6.85000000e-09  3.30000000e+00  6.85000000e-09  3.30000000e+00 
 6.87000000e-09  4.43284518e-02  6.87000000e-09  3.29981651e+00  6.87000000e-09  1.62182098e-01  6.87000000e-09  1.62217150e-01  6.87000000e-09  3.30000000e+00  6.87000000e-09  3.30000000e+00 
 6.89000000e-09  4.42340990e-02  6.89000000e-09  3.29981787e+00  6.89000000e-09  1.60684059e-01  6.89000000e-09  1.60718660e-01  6.89000000e-09  3.30000000e+00  6.89000000e-09  3.30000000e+00 
 6.91000000e-09  4.41419655e-02  6.91000000e-09  3.29981997e+00  6.91000000e-09  1.59199698e-01  6.91000000e-09  1.59233757e-01  6.91000000e-09  3.30000000e+00  6.91000000e-09  3.30000000e+00 
 6.93000000e-09  4.40493761e-02  6.93000000e-09  3.29982130e+00  6.93000000e-09  1.57728769e-01  6.93000000e-09  1.57762396e-01  6.93000000e-09  3.30000000e+00  6.93000000e-09  3.30000000e+00 
 6.95000000e-09  4.39589888e-02  6.95000000e-09  3.29982337e+00  6.95000000e-09  1.56271280e-01  6.95000000e-09  1.56304382e-01  6.95000000e-09  3.30000000e+00  6.95000000e-09  3.30000000e+00 
 6.97000000e-09  4.38681299e-02  6.97000000e-09  3.29982466e+00  6.97000000e-09  1.54826986e-01  6.97000000e-09  1.54859674e-01  6.97000000e-09  3.30000000e+00  6.97000000e-09  3.30000000e+00 
 6.99000000e-09  4.37794560e-02  6.99000000e-09  3.29982671e+00  6.99000000e-09  1.53395898e-01  6.99000000e-09  1.53428079e-01  6.99000000e-09  3.30000000e+00  6.99000000e-09  3.30000000e+00 
 7.01000000e-09  4.36902953e-02  7.01000000e-09  3.29982797e+00  7.01000000e-09  1.51977774e-01  7.01000000e-09  1.52009557e-01  7.01000000e-09  3.30000000e+00  7.01000000e-09  3.30000000e+00 
 7.03000000e-09  4.36033029e-02  7.03000000e-09  3.29982998e+00  7.03000000e-09  1.50572625e-01  7.03000000e-09  1.50603917e-01  7.03000000e-09  3.30000000e+00  7.03000000e-09  3.30000000e+00 
 7.05000000e-09  4.35158086e-02  7.05000000e-09  3.29983121e+00  7.05000000e-09  1.49180211e-01  7.05000000e-09  1.49211120e-01  7.05000000e-09  3.30000000e+00  7.05000000e-09  3.30000000e+00 
 7.07000000e-09  4.34304663e-02  7.07000000e-09  3.29983319e+00  7.07000000e-09  1.47800545e-01  7.07000000e-09  1.47830980e-01  7.07000000e-09  3.30000000e+00  7.07000000e-09  3.30000000e+00 
 7.09000000e-09  4.33446074e-02  7.09000000e-09  3.29983439e+00  7.09000000e-09  1.46433390e-01  7.09000000e-09  1.46463457e-01  7.09000000e-09  3.30000000e+00  7.09000000e-09  3.30000000e+00 
 7.11000000e-09  4.32608843e-02  7.11000000e-09  3.29983634e+00  7.11000000e-09  1.45078760e-01  7.11000000e-09  1.45108367e-01  7.11000000e-09  3.30000000e+00  7.11000000e-09  3.30000000e+00 
 7.13000000e-09  4.31766303e-02  7.13000000e-09  3.29983751e+00  7.13000000e-09  1.43736420e-01  7.13000000e-09  1.43765674e-01  7.13000000e-09  3.30000000e+00  7.13000000e-09  3.30000000e+00 
 7.15000000e-09  4.30944962e-02  7.15000000e-09  3.29983943e+00  7.15000000e-09  1.42406386e-01  7.15000000e-09  1.42435194e-01  7.15000000e-09  3.30000000e+00  7.15000000e-09  3.30000000e+00 
 7.17000000e-09  4.30118170e-02  7.17000000e-09  3.29984057e+00  7.17000000e-09  1.41088424e-01  7.17000000e-09  1.41116893e-01  7.17000000e-09  3.30000000e+00  7.17000000e-09  3.30000000e+00 
 7.19000000e-09  4.29312422e-02  7.19000000e-09  3.29984246e+00  7.19000000e-09  1.39782553e-01  7.19000000e-09  1.39810589e-01  7.19000000e-09  3.30000000e+00  7.19000000e-09  3.30000000e+00 
 7.21000000e-09  4.28501084e-02  7.21000000e-09  3.29984357e+00  7.21000000e-09  1.38488540e-01  7.21000000e-09  1.38516250e-01  7.21000000e-09  3.30000000e+00  7.21000000e-09  3.30000000e+00 
 7.23000000e-09  4.27710638e-02  7.23000000e-09  3.29984544e+00  7.23000000e-09  1.37206405e-01  7.23000000e-09  1.37233695e-01  7.23000000e-09  3.30000000e+00  7.23000000e-09  3.30000000e+00 
 7.25000000e-09  4.26914466e-02  7.25000000e-09  3.29984652e+00  7.25000000e-09  1.35935918e-01  7.25000000e-09  1.35962895e-01  7.25000000e-09  3.30000000e+00  7.25000000e-09  3.30000000e+00 
 7.27000000e-09  4.26139036e-02  7.27000000e-09  3.29984836e+00  7.27000000e-09  1.34677100e-01  7.27000000e-09  1.34703671e-01  7.27000000e-09  3.30000000e+00  7.27000000e-09  3.30000000e+00 
 7.29000000e-09  4.25357746e-02  7.29000000e-09  3.29984941e+00  7.29000000e-09  1.33429724e-01  7.29000000e-09  1.33455994e-01  7.29000000e-09  3.30000000e+00  7.29000000e-09  3.30000000e+00 
 7.31000000e-09  4.24597050e-02  7.31000000e-09  3.29985123e+00  7.31000000e-09  1.32193813e-01  7.31000000e-09  1.32219687e-01  7.31000000e-09  3.30000000e+00  7.31000000e-09  3.30000000e+00 
 7.33000000e-09  4.23830365e-02  7.33000000e-09  3.29985225e+00  7.33000000e-09  1.30969139e-01  7.33000000e-09  1.30994723e-01  7.33000000e-09  3.30000000e+00  7.33000000e-09  3.30000000e+00 
 7.35000000e-09  4.23084128e-02  7.35000000e-09  3.29985404e+00  7.35000000e-09  1.29755728e-01  7.35000000e-09  1.29780928e-01  7.35000000e-09  3.30000000e+00  7.35000000e-09  3.30000000e+00 
 7.37000000e-09  4.22331774e-02  7.37000000e-09  3.29985504e+00  7.37000000e-09  1.28553355e-01  7.37000000e-09  1.28578277e-01  7.37000000e-09  3.30000000e+00  7.37000000e-09  3.30000000e+00 
 7.39000000e-09  4.21599726e-02  7.39000000e-09  3.29985680e+00  7.39000000e-09  1.27362046e-01  7.39000000e-09  1.27386595e-01  7.39000000e-09  3.30000000e+00  7.39000000e-09  3.30000000e+00 
 7.41000000e-09  4.20861435e-02  7.41000000e-09  3.29985777e+00  7.41000000e-09  1.26181578e-01  7.41000000e-09  1.26205859e-01  7.41000000e-09  3.30000000e+00  7.41000000e-09  3.30000000e+00 
 7.43000000e-09  4.20143309e-02  7.43000000e-09  3.29985950e+00  7.43000000e-09  1.25011980e-01  7.43000000e-09  1.25035898e-01  7.43000000e-09  3.30000000e+00  7.43000000e-09  3.30000000e+00 
 7.45000000e-09  4.19418817e-02  7.45000000e-09  3.29986045e+00  7.45000000e-09  1.23853029e-01  7.45000000e-09  1.23876690e-01  7.45000000e-09  3.30000000e+00  7.45000000e-09  3.30000000e+00 
 7.47000000e-09  4.18714354e-02  7.47000000e-09  3.29986216e+00  7.47000000e-09  1.22704756e-01  7.47000000e-09  1.22728064e-01  7.47000000e-09  3.30000000e+00  7.47000000e-09  3.30000000e+00 
 7.49000000e-09  4.18003403e-02  7.49000000e-09  3.29986308e+00  7.49000000e-09  1.21566940e-01  7.49000000e-09  1.21590000e-01  7.49000000e-09  3.30000000e+00  7.49000000e-09  3.30000000e+00 
 7.51000000e-09  4.17312346e-02  7.51000000e-09  3.29986477e+00  7.51000000e-09  1.20439613e-01  7.51000000e-09  1.20462330e-01  7.51000000e-09  3.30000000e+00  7.51000000e-09  3.30000000e+00 
 7.53000000e-09  4.16614683e-02  7.53000000e-09  3.29986567e+00  7.53000000e-09  1.19322557e-01  7.53000000e-09  1.19345036e-01  7.53000000e-09  3.30000000e+00  7.53000000e-09  3.30000000e+00 
 7.55000000e-09  4.15936780e-02  7.55000000e-09  3.29986732e+00  7.55000000e-09  1.18215804e-01  7.55000000e-09  1.18237949e-01  7.55000000e-09  3.30000000e+00  7.55000000e-09  3.30000000e+00 
 7.57000000e-09  4.15252155e-02  7.57000000e-09  3.29986820e+00  7.57000000e-09  1.17119138e-01  7.57000000e-09  1.17141053e-01  7.57000000e-09  3.30000000e+00  7.57000000e-09  3.30000000e+00 
 7.59000000e-09  4.14587160e-02  7.59000000e-09  3.29986983e+00  7.59000000e-09  1.16032593e-01  7.59000000e-09  1.16054183e-01  7.59000000e-09  3.30000000e+00  7.59000000e-09  3.30000000e+00 
 7.61000000e-09  4.13915330e-02  7.61000000e-09  3.29987068e+00  7.61000000e-09  1.14955954e-01  7.61000000e-09  1.14977323e-01  7.61000000e-09  3.30000000e+00  7.61000000e-09  3.30000000e+00 
 7.63000000e-09  4.13263000e-02  7.63000000e-09  3.29987230e+00  7.63000000e-09  1.13889256e-01  7.63000000e-09  1.13910309e-01  7.63000000e-09  3.30000000e+00  7.63000000e-09  3.30000000e+00 
 7.65000000e-09  4.12603723e-02  7.65000000e-09  3.29987312e+00  7.65000000e-09  1.12832287e-01  7.65000000e-09  1.12853128e-01  7.65000000e-09  3.30000000e+00  7.65000000e-09  3.30000000e+00 
 7.67000000e-09  4.11963821e-02  7.67000000e-09  3.29987471e+00  7.67000000e-09  1.11785084e-01  7.67000000e-09  1.11805616e-01  7.67000000e-09  3.30000000e+00  7.67000000e-09  3.30000000e+00 
 7.69000000e-09  4.11316863e-02  7.69000000e-09  3.29987552e+00  7.69000000e-09  1.10747434e-01  7.69000000e-09  1.10767761e-01  7.69000000e-09  3.30000000e+00  7.69000000e-09  3.30000000e+00 
 7.71000000e-09  4.10689155e-02  7.71000000e-09  3.29987708e+00  7.71000000e-09  1.09719376e-01  7.71000000e-09  1.09739403e-01  7.71000000e-09  3.30000000e+00  7.71000000e-09  3.30000000e+00 
 7.73000000e-09  4.10054284e-02  7.73000000e-09  3.29987786e+00  7.73000000e-09  1.08700700e-01  7.73000000e-09  1.08720531e-01  7.73000000e-09  3.30000000e+00  7.73000000e-09  3.30000000e+00 
 7.75000000e-09  4.09438541e-02  7.75000000e-09  3.29987941e+00  7.75000000e-09  1.07691446e-01  7.75000000e-09  1.07710984e-01  7.75000000e-09  3.30000000e+00  7.75000000e-09  3.30000000e+00 
 7.77000000e-09  4.08815530e-02  7.77000000e-09  3.29988017e+00  7.77000000e-09  1.06691405e-01  7.77000000e-09  1.06710754e-01  7.77000000e-09  3.30000000e+00  7.77000000e-09  3.30000000e+00 
 7.79000000e-09  4.08211527e-02  7.79000000e-09  3.29988169e+00  7.79000000e-09  1.05700619e-01  7.79000000e-09  1.05719682e-01  7.79000000e-09  3.30000000e+00  7.79000000e-09  3.30000000e+00 
 7.81000000e-09  4.07600152e-02  7.81000000e-09  3.29988243e+00  7.81000000e-09  1.04718879e-01  7.81000000e-09  1.04737760e-01  7.81000000e-09  3.30000000e+00  7.81000000e-09  3.30000000e+00 
 7.83000000e-09  4.07007668e-02  7.83000000e-09  3.29988393e+00  7.83000000e-09  1.03746230e-01  7.83000000e-09  1.03764832e-01  7.83000000e-09  3.30000000e+00  7.83000000e-09  3.30000000e+00 
 7.85000000e-09  4.06407712e-02  7.85000000e-09  3.29988465e+00  7.85000000e-09  1.02782465e-01  7.85000000e-09  1.02800891e-01  7.85000000e-09  3.30000000e+00  7.85000000e-09  3.30000000e+00 
 7.87000000e-09  4.05826531e-02  7.87000000e-09  3.29988612e+00  7.87000000e-09  1.01827627e-01  7.87000000e-09  1.01845782e-01  7.87000000e-09  3.30000000e+00  7.87000000e-09  3.30000000e+00 
 7.89000000e-09  4.05237778e-02  7.89000000e-09  3.29988682e+00  7.89000000e-09  1.00881513e-01  7.89000000e-09  1.00899500e-01  7.89000000e-09  3.30000000e+00  7.89000000e-09  3.30000000e+00 
 7.91000000e-09  4.04667686e-02  7.91000000e-09  3.29988828e+00  7.91000000e-09  9.99441689e-02  7.91000000e-09  9.99618897e-02  7.91000000e-09  3.30000000e+00  7.91000000e-09  3.30000000e+00 
 7.93000000e-09  4.04089925e-02  7.93000000e-09  3.29988896e+00  7.93000000e-09  9.90153904e-02  7.93000000e-09  9.90329488e-02  7.93000000e-09  3.30000000e+00  7.93000000e-09  3.30000000e+00 
 7.95000000e-09  4.03530713e-02  7.95000000e-09  3.29989039e+00  7.95000000e-09  9.80952246e-02  7.95000000e-09  9.81125239e-02  7.95000000e-09  3.30000000e+00  7.95000000e-09  3.30000000e+00 
 7.97000000e-09  4.02963738e-02  7.97000000e-09  3.29989105e+00  7.97000000e-09  9.71834700e-02  7.97000000e-09  9.72006131e-02  7.97000000e-09  3.30000000e+00  7.97000000e-09  3.30000000e+00 
 7.99000000e-09  4.02415202e-02  7.99000000e-09  3.29989247e+00  7.99000000e-09  9.62801746e-02  7.99000000e-09  9.62970646e-02  7.99000000e-09  3.30000000e+00  7.99000000e-09  3.30000000e+00 
 8.01000000e-09  4.01858809e-02  8.01000000e-09  3.29989311e+00  8.01000000e-09  9.53851380e-02  8.01000000e-09  9.54018777e-02  8.01000000e-09  3.30000000e+00  8.01000000e-09  3.30000000e+00 
 8.03000000e-09  4.01320748e-02  8.03000000e-09  3.29989450e+00  8.03000000e-09  9.44984097e-02  8.03000000e-09  9.45149022e-02  8.03000000e-09  3.30000000e+00  8.03000000e-09  3.30000000e+00 
 8.05000000e-09  4.00774737e-02  8.05000000e-09  3.29989512e+00  8.05000000e-09  9.36197906e-02  8.05000000e-09  9.36361385e-02  8.05000000e-09  3.30000000e+00  8.05000000e-09  3.30000000e+00 
 8.07000000e-09  4.00246952e-02  8.07000000e-09  3.29989650e+00  8.07000000e-09  9.27493314e-02  8.07000000e-09  9.27654376e-02  8.07000000e-09  3.30000000e+00  8.07000000e-09  3.30000000e+00 
 8.08500000e-09  3.99842976e-02  8.08500000e-09  3.29989685e+00  8.08500000e-09  9.21017044e-02  8.08500000e-09  9.21177185e-02  8.08500000e-09  3.30000000e+00  8.08500000e-09  3.30000000e+00 
 8.10000000e-09  3.99454930e-02  8.10000000e-09  3.29989797e+00  8.10000000e-09  9.14586226e-02  8.10000000e-09  9.14744464e-02  8.10000000e-09  3.30000000e+00  8.10000000e-09  3.30000000e+00 
 8.10200000e-09  3.41088938e-02  8.10200000e-09  3.29327683e+00  8.10200000e-09  9.13211784e-02  8.10200000e-09  9.13331408e-02  8.10200000e-09  3.30000000e+00  8.10200000e-09  3.23400000e+00 
 8.10600000e-09  2.31858370e-02  8.10600000e-09  3.28010473e+00  8.10600000e-09  9.10626604e-02  8.10600000e-09  9.10639731e-02  8.10600000e-09  3.30000000e+00  8.10600000e-09  3.10200000e+00 
 8.11400000e-09  3.04116280e-04  8.11400000e-09  3.25152068e+00  8.11400000e-09  9.05985597e-02  8.11400000e-09  9.05703356e-02  8.11400000e-09  3.30000000e+00  8.11400000e-09  2.83800000e+00 
 8.13000000e-09 -7.05048088e-02  8.13000000e-09  3.14569970e+00  8.13000000e-09  8.96912955e-02  8.13000000e-09  8.95770406e-02  8.13000000e-09  3.30000000e+00  8.13000000e-09  2.31000000e+00 
 8.15000000e-09  9.51343728e-02  8.15000000e-09  3.11246285e+00  8.15000000e-09  8.96241917e-02  8.15000000e-09  8.95575031e-02  8.15000000e-09  3.30000000e+00  8.15000000e-09  1.65000000e+00 
 8.17000000e-09  7.97566464e-01  8.17000000e-09  3.22898491e+00  8.17000000e-09  9.10137109e-02  8.17000000e-09  9.12716196e-02  8.17000000e-09  3.30000000e+00  8.17000000e-09  9.90000000e-01 
 8.18500000e-09  1.73042564e+00  8.18500000e-09  3.33430984e+00  8.18500000e-09  9.26426493e-02  8.18500000e-09  9.29896894e-02  8.18500000e-09  3.30000000e+00  8.18500000e-09  4.95000000e-01 
 8.20000000e-09  2.60234045e+00  8.20000000e-09  3.34507328e+00  8.20000000e-09  9.37650945e-02  8.20000000e-09  9.39834996e-02  8.20000000e-09  3.30000000e+00  8.20000000e-09  0.00000000e+00 
 8.20200000e-09  2.70701498e+00  8.20200000e-09  3.35379970e+00  8.20200000e-09  9.38514641e-02  8.20200000e-09  9.40506166e-02  8.20200000e-09  3.30000000e+00  8.20200000e-09  0.00000000e+00 
 8.20600000e-09  2.88803904e+00  8.20600000e-09  3.35804552e+00  8.20600000e-09  9.39325201e-02  8.20600000e-09  9.41157391e-02  8.20600000e-09  3.30000000e+00  8.20600000e-09  0.00000000e+00 
 8.21400000e-09  3.11291502e+00  8.21400000e-09  3.34417664e+00  8.21400000e-09  9.37523244e-02  8.21400000e-09  9.39372714e-02  8.21400000e-09  3.30000000e+00  8.21400000e-09  0.00000000e+00 
 8.23000000e-09  3.27606898e+00  8.23000000e-09  3.31650533e+00  8.23000000e-09  9.29059980e-02  8.23000000e-09  9.30843885e-02  8.23000000e-09  3.30000000e+00  8.23000000e-09  0.00000000e+00 
 8.24938830e-09  3.29997328e+00  8.24938830e-09  3.30251128e+00  8.24938830e-09  9.18521068e-02  8.24938830e-09  9.19846520e-02  8.24938830e-09  3.30000000e+00  8.24938830e-09  0.00000000e+00 
 8.26938830e-09  3.30018233e+00  8.26938830e-09  3.30025944e+00  8.26938830e-09  9.09465243e-02  8.26938830e-09  9.10269769e-02  8.26938830e-09  3.30000000e+00  8.26938830e-09  0.00000000e+00 
 8.28938830e-09  3.30002970e+00  8.28938830e-09  3.30003993e+00  8.28938830e-09  9.01025948e-02  8.28938830e-09  9.01502230e-02  8.28938830e-09  3.30000000e+00  8.28938830e-09  0.00000000e+00 
 8.30938830e-09  3.30000550e+00  8.30938830e-09  3.30000517e+00  8.30938830e-09  8.92696771e-02  8.30938830e-09  8.93002199e-02  8.30938830e-09  3.30000000e+00  8.30938830e-09  0.00000000e+00 
 8.32938830e-09  3.30000024e+00  8.32938830e-09  3.30000212e+00  8.32938830e-09  8.84419952e-02  8.32938830e-09  8.84640912e-02  8.32938830e-09  3.30000000e+00  8.32938830e-09  0.00000000e+00 
 8.34938830e-09  3.30000068e+00  8.34938830e-09  3.29999905e+00  8.34938830e-09  8.76201192e-02  8.34938830e-09  8.76381045e-02  8.34938830e-09  3.30000000e+00  8.34938830e-09  0.00000000e+00 
 8.36938830e-09  3.29999946e+00  8.36938830e-09  3.30000115e+00  8.36938830e-09  8.68048818e-02  8.36938830e-09  8.68208077e-02  8.36938830e-09  3.30000000e+00  8.36938830e-09  0.00000000e+00 
 8.38938830e-09  3.30000055e+00  8.38938830e-09  3.29999882e+00  8.38938830e-09  8.59966870e-02  8.38938830e-09  8.60115703e-02  8.38938830e-09  3.30000000e+00  8.38938830e-09  0.00000000e+00 
 8.40938830e-09  3.29999944e+00  8.40938830e-09  3.30000110e+00  8.40938830e-09  8.51957488e-02  8.40938830e-09  8.52100351e-02  8.40938830e-09  3.30000000e+00  8.40938830e-09  0.00000000e+00 
 8.42938830e-09  3.30000055e+00  8.42938830e-09  3.29999881e+00  8.42938830e-09  8.44020915e-02  8.42938830e-09  8.44160312e-02  8.42938830e-09  3.30000000e+00  8.42938830e-09  0.00000000e+00 
 8.44938830e-09  3.29999944e+00  8.44938830e-09  3.30000110e+00  8.44938830e-09  8.36157360e-02  8.44938830e-09  8.36294103e-02  8.44938830e-09  3.30000000e+00  8.44938830e-09  0.00000000e+00 
 8.46938830e-09  3.30000055e+00  8.46938830e-09  3.29999881e+00  8.46938830e-09  8.28366131e-02  8.46938830e-09  8.28500999e-02  8.46938830e-09  3.30000000e+00  8.46938830e-09  0.00000000e+00 
 8.48938830e-09  3.29999944e+00  8.48938830e-09  3.30000110e+00  8.48938830e-09  8.20646996e-02  8.48938830e-09  8.20779986e-02  8.48938830e-09  3.30000000e+00  8.48938830e-09  0.00000000e+00 
 8.50938830e-09  3.30000055e+00  8.50938830e-09  3.29999881e+00  8.50938830e-09  8.12999063e-02  8.50938830e-09  8.13130565e-02  8.50938830e-09  3.30000000e+00  8.50938830e-09  0.00000000e+00 
 8.52938830e-09  3.29999944e+00  8.52938830e-09  3.30000110e+00  8.52938830e-09  8.05422010e-02  8.52938830e-09  8.05551839e-02  8.52938830e-09  3.30000000e+00  8.52938830e-09  0.00000000e+00 
 8.54938830e-09  3.30000054e+00  8.54938830e-09  3.29999881e+00  8.54938830e-09  7.97914908e-02  8.54938830e-09  7.98043367e-02  8.54938830e-09  3.30000000e+00  8.54938830e-09  0.00000000e+00 
 8.56938830e-09  3.29999944e+00  8.56938830e-09  3.30000110e+00  8.56938830e-09  7.90477423e-02  8.56938830e-09  7.90604285e-02  8.56938830e-09  3.30000000e+00  8.56938830e-09  0.00000000e+00 
 8.58938830e-09  3.30000054e+00  8.58938830e-09  3.29999882e+00  8.58938830e-09  7.83108627e-02  8.58938830e-09  7.83234176e-02  8.58938830e-09  3.30000000e+00  8.58938830e-09  0.00000000e+00 
 8.60938830e-09  3.29999944e+00  8.60938830e-09  3.30000110e+00  8.60938830e-09  7.75808192e-02  8.60938830e-09  7.75932192e-02  8.60938830e-09  3.30000000e+00  8.60938830e-09  0.00000000e+00 
 8.62938830e-09  3.30000054e+00  8.62938830e-09  3.29999882e+00  8.62938830e-09  7.68575198e-02  8.62938830e-09  7.68697929e-02  8.62938830e-09  3.30000000e+00  8.62938830e-09  0.00000000e+00 
 8.64938830e-09  3.29999944e+00  8.64938830e-09  3.30000110e+00  8.64938830e-09  7.61409329e-02  8.64938830e-09  7.61530550e-02  8.64938830e-09  3.30000000e+00  8.64938830e-09  0.00000000e+00 
 8.66938830e-09  3.30000054e+00  8.66938830e-09  3.29999882e+00  8.66938830e-09  7.54309675e-02  8.66938830e-09  7.54429664e-02  8.66938830e-09  3.30000000e+00  8.66938830e-09  0.00000000e+00 
 8.68938830e-09  3.29999944e+00  8.68938830e-09  3.30000110e+00  8.68938830e-09  7.47275929e-02  8.68938830e-09  7.47394446e-02  8.68938830e-09  3.30000000e+00  8.68938830e-09  0.00000000e+00 
 8.70938830e-09  3.30000054e+00  8.70938830e-09  3.29999882e+00  8.70938830e-09  7.40307192e-02  8.70938830e-09  7.40424513e-02  8.70938830e-09  3.30000000e+00  8.70938830e-09  0.00000000e+00 
 8.72938830e-09  3.29999944e+00  8.72938830e-09  3.30000110e+00  8.72938830e-09  7.33403168e-02  8.72938830e-09  7.33519053e-02  8.72938830e-09  3.30000000e+00  8.72938830e-09  0.00000000e+00 
 8.74938830e-09  3.30000054e+00  8.74938830e-09  3.29999882e+00  8.74938830e-09  7.26562969e-02  8.74938830e-09  7.26677693e-02  8.74938830e-09  3.30000000e+00  8.74938830e-09  0.00000000e+00 
 8.76938830e-09  3.29999944e+00  8.76938830e-09  3.30000110e+00  8.76938830e-09  7.19786308e-02  8.76938830e-09  7.19899631e-02  8.76938830e-09  3.30000000e+00  8.76938830e-09  0.00000000e+00 
 8.78938830e-09  3.30000054e+00  8.78938830e-09  3.29999882e+00  8.78938830e-09  7.13072309e-02  8.78938830e-09  7.13184505e-02  8.78938830e-09  3.30000000e+00  8.78938830e-09  0.00000000e+00 
 8.80938830e-09  3.29999944e+00  8.80938830e-09  3.30000110e+00  8.80938830e-09  7.06420695e-02  8.80938830e-09  7.06531523e-02  8.80938830e-09  3.30000000e+00  8.80938830e-09  0.00000000e+00 
 8.82938830e-09  3.30000054e+00  8.82938830e-09  3.29999882e+00  8.82938830e-09  6.99830600e-02  8.82938830e-09  6.99940333e-02  8.82938830e-09  3.30000000e+00  8.82938830e-09  0.00000000e+00 
 8.84938830e-09  3.29999944e+00  8.84938830e-09  3.30000110e+00  8.84938830e-09  6.93301756e-02  8.84938830e-09  6.93410154e-02  8.84938830e-09  3.30000000e+00  8.84938830e-09  0.00000000e+00 
 8.86938830e-09  3.30000054e+00  8.86938830e-09  3.29999882e+00  8.86938830e-09  6.86833309e-02  8.86938830e-09  6.86940644e-02  8.86938830e-09  3.30000000e+00  8.86938830e-09  0.00000000e+00 
 8.88938830e-09  3.29999944e+00  8.88938830e-09  3.30000110e+00  8.88938830e-09  6.80425000e-02  8.88938830e-09  6.80531030e-02  8.88938830e-09  3.30000000e+00  8.88938830e-09  0.00000000e+00 
 8.90938830e-09  3.30000054e+00  8.90938830e-09  3.29999882e+00  8.90938830e-09  6.74075983e-02  8.90938830e-09  6.74180982e-02  8.90938830e-09  3.30000000e+00  8.90938830e-09  0.00000000e+00 
 8.92938830e-09  3.29999944e+00  8.92938830e-09  3.30000110e+00  8.92938830e-09  6.67786012e-02  8.92938830e-09  6.67889737e-02  8.92938830e-09  3.30000000e+00  8.92938830e-09  0.00000000e+00 
 8.94938830e-09  3.30000054e+00  8.94938830e-09  3.29999882e+00  8.94938830e-09  6.61554251e-02  8.94938830e-09  6.61656973e-02  8.94938830e-09  3.30000000e+00  8.94938830e-09  0.00000000e+00 
 8.96938830e-09  3.29999944e+00  8.96938830e-09  3.30000110e+00  8.96938830e-09  6.55380460e-02  8.96938830e-09  6.55481938e-02  8.96938830e-09  3.30000000e+00  8.96938830e-09  0.00000000e+00 
 8.98938830e-09  3.30000054e+00  8.98938830e-09  3.29999882e+00  8.98938830e-09  6.49263814e-02  8.98938830e-09  6.49364320e-02  8.98938830e-09  3.30000000e+00  8.98938830e-09  0.00000000e+00 
 9.00938830e-09  3.29999944e+00  9.00938830e-09  3.30000110e+00  9.00938830e-09  6.43204085e-02  9.00938830e-09  6.43303374e-02  9.00938830e-09  3.30000000e+00  9.00938830e-09  0.00000000e+00 
 9.02938830e-09  3.30000054e+00  9.02938830e-09  3.29999882e+00  9.02938830e-09  6.37200455e-02  9.02938830e-09  6.37298799e-02  9.02938830e-09  3.30000000e+00  9.02938830e-09  0.00000000e+00 
 9.04938830e-09  3.29999944e+00  9.04938830e-09  3.30000110e+00  9.04938830e-09  6.31252705e-02  9.04938830e-09  6.31349861e-02  9.04938830e-09  3.30000000e+00  9.04938830e-09  0.00000000e+00 
 9.06938830e-09  3.30000054e+00  9.06938830e-09  3.29999882e+00  9.06938830e-09  6.25360028e-02  9.06938830e-09  6.25456266e-02  9.06938830e-09  3.30000000e+00  9.06938830e-09  0.00000000e+00 
 9.08938830e-09  3.29999944e+00  9.08938830e-09  3.30000109e+00  9.08938830e-09  6.19522213e-02  9.08938830e-09  6.19617289e-02  9.08938830e-09  3.30000000e+00  9.08938830e-09  0.00000000e+00 
 9.10938830e-09  3.30000054e+00  9.10938830e-09  3.29999882e+00  9.10938830e-09  6.13738462e-02  9.10938830e-09  6.13832647e-02  9.10938830e-09  3.30000000e+00  9.10938830e-09  0.00000000e+00 
 9.12938830e-09  3.29999944e+00  9.12938830e-09  3.30000109e+00  9.12938830e-09  6.08008573e-02  9.12938830e-09  6.08101622e-02  9.12938830e-09  3.30000000e+00  9.12938830e-09  0.00000000e+00 
 9.14938830e-09  3.30000054e+00  9.14938830e-09  3.29999882e+00  9.14938830e-09  6.02331759e-02  9.14938830e-09  6.02423941e-02  9.14938830e-09  3.30000000e+00  9.14938830e-09  0.00000000e+00 
 9.16938830e-09  3.29999944e+00  9.16938830e-09  3.30000109e+00  9.16938830e-09  5.96707823e-02  9.16938830e-09  5.96798896e-02  9.16938830e-09  3.30000000e+00  9.16938830e-09  0.00000000e+00 
 9.18938830e-09  3.30000054e+00  9.18938830e-09  3.29999882e+00  9.18938830e-09  5.91135989e-02  9.18938830e-09  5.91226220e-02  9.18938830e-09  3.30000000e+00  9.18938830e-09  0.00000000e+00 
 9.20938830e-09  3.29999944e+00  9.20938830e-09  3.30000109e+00  9.20938830e-09  5.85616071e-02  9.20938830e-09  5.85705216e-02  9.20938830e-09  3.30000000e+00  9.20938830e-09  0.00000000e+00 
 9.22938830e-09  3.30000054e+00  9.22938830e-09  3.29999882e+00  9.22938830e-09  5.80147297e-02  9.22938830e-09  5.80235625e-02  9.22938830e-09  3.30000000e+00  9.22938830e-09  0.00000000e+00 
 9.24938830e-09  3.29999944e+00  9.24938830e-09  3.30000109e+00  9.24938830e-09  5.74729492e-02  9.24938830e-09  5.74816758e-02  9.24938830e-09  3.30000000e+00  9.24938830e-09  0.00000000e+00 
 9.26938830e-09  3.30000054e+00  9.26938830e-09  3.29999882e+00  9.26938830e-09  5.69361894e-02  9.26938830e-09  5.69448366e-02  9.26938830e-09  3.30000000e+00  9.26938830e-09  0.00000000e+00 
 9.28938830e-09  3.29999944e+00  9.28938830e-09  3.30000109e+00  9.28938830e-09  5.64044333e-02  9.28938830e-09  5.64129766e-02  9.28938830e-09  3.30000000e+00  9.28938830e-09  0.00000000e+00 
 9.30938830e-09  3.30000054e+00  9.30938830e-09  3.29999882e+00  9.30938830e-09  5.58776058e-02  9.30938830e-09  5.58860719e-02  9.30938830e-09  3.30000000e+00  9.30938830e-09  0.00000000e+00 
 9.32938830e-09  3.29999944e+00  9.32938830e-09  3.30000109e+00  9.32938830e-09  5.53556907e-02  9.32938830e-09  5.53640551e-02  9.32938830e-09  3.30000000e+00  9.32938830e-09  0.00000000e+00 
 9.34938830e-09  3.30000054e+00  9.34938830e-09  3.29999882e+00  9.34938830e-09  5.48386135e-02  9.34938830e-09  5.48469030e-02  9.34938830e-09  3.30000000e+00  9.34938830e-09  0.00000000e+00 
 9.36938830e-09  3.29999944e+00  9.36938830e-09  3.30000109e+00  9.36938830e-09  5.43263590e-02  9.36938830e-09  5.43345490e-02  9.36938830e-09  3.30000000e+00  9.36938830e-09  0.00000000e+00 
 9.38938830e-09  3.30000054e+00  9.38938830e-09  3.29999882e+00  9.38938830e-09  5.38188536e-02  9.38938830e-09  5.38269708e-02  9.38938830e-09  3.30000000e+00  9.38938830e-09  0.00000000e+00 
 9.40938830e-09  3.29999944e+00  9.40938830e-09  3.30000109e+00  9.40938830e-09  5.33160827e-02  9.40938830e-09  5.33241026e-02  9.40938830e-09  3.30000000e+00  9.40938830e-09  0.00000000e+00 
 9.42938830e-09  3.30000054e+00  9.42938830e-09  3.29999882e+00  9.42938830e-09  5.28179736e-02  9.42938830e-09  5.28259227e-02  9.42938830e-09  3.30000000e+00  9.42938830e-09  0.00000000e+00 
 9.44938830e-09  3.29999944e+00  9.44938830e-09  3.30000109e+00  9.44938830e-09  5.23245125e-02  9.44938830e-09  5.23323663e-02  9.44938830e-09  3.30000000e+00  9.44938830e-09  0.00000000e+00 
 9.46938830e-09  3.30000054e+00  9.46938830e-09  3.29999882e+00  9.46938830e-09  5.18356274e-02  9.46938830e-09  5.18434125e-02  9.46938830e-09  3.30000000e+00  9.46938830e-09  0.00000000e+00 
 9.48938830e-09  3.29999944e+00  9.48938830e-09  3.30000109e+00  9.48938830e-09  5.13513053e-02  9.48938830e-09  5.13589970e-02  9.48938830e-09  3.30000000e+00  9.48938830e-09  0.00000000e+00 
 9.50938830e-09  3.30000054e+00  9.50938830e-09  3.29999882e+00  9.50938830e-09  5.08714750e-02  9.50938830e-09  5.08791000e-02  9.50938830e-09  3.30000000e+00  9.50938830e-09  0.00000000e+00 
 9.52938830e-09  3.29999944e+00  9.52938830e-09  3.30000109e+00  9.52938830e-09  5.03961243e-02  9.52938830e-09  5.04036578e-02  9.52938830e-09  3.30000000e+00  9.52938830e-09  0.00000000e+00 
 9.54938830e-09  3.30000054e+00  9.54938830e-09  3.29999882e+00  9.54938830e-09  4.99251826e-02  9.54938830e-09  4.99326514e-02  9.54938830e-09  3.30000000e+00  9.54938830e-09  0.00000000e+00 
 9.56938830e-09  3.29999944e+00  9.56938830e-09  3.30000109e+00  9.56938830e-09  4.94586385e-02  9.56938830e-09  4.94660178e-02  9.56938830e-09  3.30000000e+00  9.56938830e-09  0.00000000e+00 
 9.58938830e-09  3.30000053e+00  9.58938830e-09  3.29999882e+00  9.58938830e-09  4.89964224e-02  9.58938830e-09  4.90037386e-02  9.58938830e-09  3.30000000e+00  9.58938830e-09  0.00000000e+00 
 9.60938830e-09  3.29999944e+00  9.60938830e-09  3.30000109e+00  9.60938830e-09  4.85385233e-02  9.60938830e-09  4.85457518e-02  9.60938830e-09  3.30000000e+00  9.60938830e-09  0.00000000e+00 
 9.62938830e-09  3.30000053e+00  9.62938830e-09  3.29999882e+00  9.62938830e-09  4.80848724e-02  9.62938830e-09  4.80920397e-02  9.62938830e-09  3.30000000e+00  9.62938830e-09  0.00000000e+00 
 9.64938830e-09  3.29999944e+00  9.64938830e-09  3.30000109e+00  9.64938830e-09  4.76354595e-02  9.64938830e-09  4.76425409e-02  9.64938830e-09  3.30000000e+00  9.64938830e-09  0.00000000e+00 
 9.66938830e-09  3.30000053e+00  9.66938830e-09  3.29999882e+00  9.66938830e-09  4.71902164e-02  9.66938830e-09  4.71972384e-02  9.66938830e-09  3.30000000e+00  9.66938830e-09  0.00000000e+00 
 9.68938830e-09  3.29999944e+00  9.68938830e-09  3.30000109e+00  9.68938830e-09  4.67491338e-02  9.68938830e-09  4.67560716e-02  9.68938830e-09  3.30000000e+00  9.68938830e-09  0.00000000e+00 
 9.70938830e-09  3.30000053e+00  9.70938830e-09  3.29999882e+00  9.70938830e-09  4.63121442e-02  9.70938830e-09  4.63190242e-02  9.70938830e-09  3.30000000e+00  9.70938830e-09  0.00000000e+00 
 9.72938830e-09  3.29999944e+00  9.72938830e-09  3.30000109e+00  9.72938830e-09  4.58792387e-02  9.72938830e-09  4.58860362e-02  9.72938830e-09  3.30000000e+00  9.72938830e-09  0.00000000e+00 
 9.74938830e-09  3.30000053e+00  9.74938830e-09  3.29999882e+00  9.74938830e-09  4.54503507e-02  9.74938830e-09  4.54570921e-02  9.74938830e-09  3.30000000e+00  9.74938830e-09  0.00000000e+00 
 9.76938830e-09  3.29999944e+00  9.76938830e-09  3.30000109e+00  9.76938830e-09  4.50254720e-02  9.76938830e-09  4.50321326e-02  9.76938830e-09  3.30000000e+00  9.76938830e-09  0.00000000e+00 
 9.78938830e-09  3.30000053e+00  9.78938830e-09  3.29999882e+00  9.78938830e-09  4.46045367e-02  9.78938830e-09  4.46111427e-02  9.78938830e-09  3.30000000e+00  9.78938830e-09  0.00000000e+00 
 9.80938830e-09  3.29999944e+00  9.80938830e-09  3.30000109e+00  9.80938830e-09  4.41875372e-02  9.80938830e-09  4.41940640e-02  9.80938830e-09  3.30000000e+00  9.80938830e-09  0.00000000e+00 
 9.82938830e-09  3.30000053e+00  9.82938830e-09  3.29999882e+00  9.82938830e-09  4.37744082e-02  9.82938830e-09  4.37808821e-02  9.82938830e-09  3.30000000e+00  9.82938830e-09  0.00000000e+00 
 9.84938830e-09  3.29999944e+00  9.84938830e-09  3.30000109e+00  9.84938830e-09  4.33651429e-02  9.84938830e-09  4.33715391e-02  9.84938830e-09  3.30000000e+00  9.84938830e-09  0.00000000e+00 
 9.86938830e-09  3.30000053e+00  9.86938830e-09  3.29999882e+00  9.86938830e-09  4.29596767e-02  9.86938830e-09  4.29660214e-02  9.86938830e-09  3.30000000e+00  9.86938830e-09  0.00000000e+00 
 9.88938830e-09  3.29999944e+00  9.88938830e-09  3.30000109e+00  9.88938830e-09  4.25580033e-02  9.88938830e-09  4.25642718e-02  9.88938830e-09  3.30000000e+00  9.88938830e-09  0.00000000e+00 
 9.90938830e-09  3.30000053e+00  9.90938830e-09  3.29999882e+00  9.90938830e-09  4.21600587e-02  9.90938830e-09  4.21662773e-02  9.90938830e-09  3.30000000e+00  9.90938830e-09  0.00000000e+00 
 9.92938830e-09  3.29999944e+00  9.92938830e-09  3.30000109e+00  9.92938830e-09  4.17658374e-02  9.92938830e-09  4.17719812e-02  9.92938830e-09  3.30000000e+00  9.92938830e-09  0.00000000e+00 
 9.94938830e-09  3.30000053e+00  9.94938830e-09  3.29999882e+00  9.94938830e-09  4.13752760e-02  9.94938830e-09  4.13813713e-02  9.94938830e-09  3.30000000e+00  9.94938830e-09  0.00000000e+00 
 9.96938830e-09  3.29999944e+00  9.96938830e-09  3.30000109e+00  9.96938830e-09  4.09883695e-02  9.96938830e-09  4.09943916e-02  9.96938830e-09  3.30000000e+00  9.96938830e-09  0.00000000e+00 
 9.98938830e-09  3.30000053e+00  9.98938830e-09  3.29999882e+00  9.98938830e-09  4.06050553e-02  9.98938830e-09  4.06110303e-02  9.98938830e-09  3.30000000e+00  9.98938830e-09  0.00000000e+00 
 1.00093883e-08  3.29999944e+00  1.00093883e-08  3.30000109e+00  1.00093883e-08  4.02253290e-02  1.00093883e-08  4.02312320e-02  1.00093883e-08  3.30000000e+00  1.00093883e-08  0.00000000e+00 
 1.00293883e-08  3.30000053e+00  1.00293883e-08  3.29999882e+00  1.00293883e-08  3.98491285e-02  1.00293883e-08  3.98549857e-02  1.00293883e-08  3.30000000e+00  1.00293883e-08  0.00000000e+00 
 1.00493883e-08  3.29999944e+00  1.00493883e-08  3.30000109e+00  1.00493883e-08  3.94764499e-02  1.00493883e-08  3.94822366e-02  1.00493883e-08  3.30000000e+00  1.00493883e-08  0.00000000e+00 
 1.00693883e-08  3.30000053e+00  1.00693883e-08  3.29999882e+00  1.00693883e-08  3.91072320e-02  1.00693883e-08  3.91129743e-02  1.00693883e-08  3.30000000e+00  1.00693883e-08  0.00000000e+00 
 1.00846941e-08  3.29999944e+00  1.00846941e-08  3.30000108e+00  1.00846941e-08  3.88270130e-02  1.00846941e-08  3.88326993e-02  1.00846941e-08  3.30000000e+00  1.00846941e-08  0.00000000e+00 
 1.01000000e-08  3.30000053e+00  1.01000000e-08  3.29999881e+00  1.01000000e-08  3.85487818e-02  1.01000000e-08  3.85544378e-02  1.01000000e-08  3.30000000e+00  1.01000000e-08  0.00000000e+00 
 1.01020000e-08  3.29999997e+00  1.01020000e-08  3.29999993e+00  1.01020000e-08  3.85079932e-02  1.01020000e-08  3.85141041e-02  1.01020000e-08  3.23400000e+00  1.01020000e-08  0.00000000e+00 
 1.01060000e-08  3.29999978e+00  1.01060000e-08  3.29999975e+00  1.01060000e-08  3.83041414e-02  1.01060000e-08  3.83117785e-02  1.01060000e-08  3.10200000e+00  1.01060000e-08  0.00000000e+00 
 1.01140000e-08  3.29999899e+00  1.01140000e-08  3.29999898e+00  1.01140000e-08  3.73207528e-02  1.01140000e-08  3.73332523e-02  1.01140000e-08  2.83800000e+00  1.01140000e-08  0.00000000e+00 
 1.01300000e-08  3.29999820e+00  1.01300000e-08  3.29999820e+00  1.01300000e-08  3.39302185e-02  1.01300000e-08  3.39505753e-02  1.01300000e-08  2.31000000e+00  1.01300000e-08  0.00000000e+00 
 1.01500000e-08  3.30000250e+00  1.01500000e-08  3.30000251e+00  1.01500000e-08  3.44546197e-02  1.01500000e-08  3.44904365e-02  1.01500000e-08  1.65000000e+00  1.01500000e-08  0.00000000e+00 
 1.01700000e-08  3.30000646e+00  1.01700000e-08  3.30000648e+00  1.01700000e-08  4.43824237e-02  1.01700000e-08  4.44623313e-02  1.01700000e-08  9.90000000e-01  1.01700000e-08  0.00000000e+00 
 1.01850000e-08  3.30000695e+00  1.01850000e-08  3.30000697e+00  1.01850000e-08  5.82790884e-02  1.01850000e-08  5.84132836e-02  1.01850000e-08  4.95000000e-01  1.01850000e-08  0.00000000e+00 
 1.02000000e-08  3.30000788e+00  1.02000000e-08  3.30000790e+00  1.02000000e-08  7.86182953e-02  1.02000000e-08  7.88207907e-02  1.02000000e-08  0.00000000e+00  1.02000000e-08  0.00000000e+00 
 1.02020000e-08  3.30000846e+00  1.02020000e-08  3.30000848e+00  1.02020000e-08  8.21593199e-02  1.02020000e-08  8.23726463e-02  1.02020000e-08  0.00000000e+00  1.02020000e-08  0.00000000e+00 
 1.02060000e-08  3.30000838e+00  1.02060000e-08  3.30000840e+00  1.02060000e-08  8.89790368e-02  1.02060000e-08  8.92145763e-02  1.02060000e-08  0.00000000e+00  1.02060000e-08  0.00000000e+00 
 1.02140000e-08  3.30000499e+00  1.02140000e-08  3.30000501e+00  1.02140000e-08  1.01523139e-01  1.02140000e-08  1.01803256e-01  1.02140000e-08  0.00000000e+00  1.02140000e-08  0.00000000e+00 
 1.02300000e-08  3.30000002e+00  1.02300000e-08  3.30000002e+00  1.02300000e-08  1.24854165e-01  1.02300000e-08  1.25213037e-01  1.02300000e-08  0.00000000e+00  1.02300000e-08  0.00000000e+00 
 1.02500000e-08  3.29999956e+00  1.02500000e-08  3.29999955e+00  1.02500000e-08  1.53266556e-01  1.02500000e-08  1.53703060e-01  1.02500000e-08  0.00000000e+00  1.02500000e-08  0.00000000e+00 
 1.02700000e-08  3.30000017e+00  1.02700000e-08  3.30000016e+00  1.02700000e-08  1.81826597e-01  1.02700000e-08  1.82327931e-01  1.02700000e-08  0.00000000e+00  1.02700000e-08  0.00000000e+00 
 1.02900000e-08  3.30000033e+00  1.02900000e-08  3.30000033e+00  1.02900000e-08  2.10617061e-01  1.02900000e-08  2.11181162e-01  1.02900000e-08  0.00000000e+00  1.02900000e-08  0.00000000e+00 
 1.03100000e-08  3.30000041e+00  1.03100000e-08  3.30000041e+00  1.03100000e-08  2.39649356e-01  1.03100000e-08  2.40280326e-01  1.03100000e-08  0.00000000e+00  1.03100000e-08  0.00000000e+00 
 1.03300000e-08  3.30000050e+00  1.03300000e-08  3.30000051e+00  1.03300000e-08  2.68942418e-01  1.03300000e-08  2.69648481e-01  1.03300000e-08  0.00000000e+00  1.03300000e-08  0.00000000e+00 
 1.03500000e-08  3.30000062e+00  1.03500000e-08  3.30000063e+00  1.03500000e-08  2.98521848e-01  1.03500000e-08  2.99314779e-01  1.03500000e-08  0.00000000e+00  1.03500000e-08  0.00000000e+00 
 1.03700000e-08  3.30000077e+00  1.03700000e-08  3.30000079e+00  1.03700000e-08  3.28421607e-01  1.03700000e-08  3.29317014e-01  1.03700000e-08  0.00000000e+00  1.03700000e-08  0.00000000e+00 
 1.03900000e-08  3.30000098e+00  1.03900000e-08  3.30000101e+00  1.03900000e-08  3.58686921e-01  1.03900000e-08  3.59705188e-01  1.03900000e-08  0.00000000e+00  1.03900000e-08  0.00000000e+00 
 1.04100000e-08  3.30000124e+00  1.04100000e-08  3.30000129e+00  1.04100000e-08  3.89378825e-01  1.04100000e-08  3.90546810e-01  1.04100000e-08  0.00000000e+00  1.04100000e-08  0.00000000e+00 
 1.04300000e-08  3.30000158e+00  1.04300000e-08  3.30000164e+00  1.04300000e-08  4.20581496e-01  1.04300000e-08  4.21935368e-01  1.04300000e-08  0.00000000e+00  1.04300000e-08  0.00000000e+00 
 1.04500000e-08  3.30000199e+00  1.04500000e-08  3.30000209e+00  1.04500000e-08  4.52414386e-01  1.04500000e-08  4.54004451e-01  1.04500000e-08  0.00000000e+00  1.04500000e-08  0.00000000e+00 
 1.04700000e-08  3.30000247e+00  1.04700000e-08  3.30000262e+00  1.04700000e-08  4.85053470e-01  1.04700000e-08  4.86952889e-01  1.04700000e-08  0.00000000e+00  1.04700000e-08  0.00000000e+00 
 1.04900000e-08  3.30000302e+00  1.04900000e-08  3.30000326e+00  1.04900000e-08  5.18770765e-01  1.04900000e-08  5.21092541e-01  1.04900000e-08  0.00000000e+00  1.04900000e-08  0.00000000e+00 
 1.05100000e-08  3.30000365e+00  1.05100000e-08  3.30000407e+00  1.05100000e-08  5.54013852e-01  1.05100000e-08  5.56947092e-01  1.05100000e-08  0.00000000e+00  1.05100000e-08  0.00000000e+00 
 1.05300000e-08  3.30000450e+00  1.05300000e-08  3.30000530e+00  1.05300000e-08  5.91589870e-01  1.05300000e-08  5.95488386e-01  1.05300000e-08  0.00000000e+00  1.05300000e-08  0.00000000e+00 
 1.05500000e-08  3.30000599e+00  1.05500000e-08  3.30000770e+00  1.05500000e-08  6.33084585e-01  1.05500000e-08  6.38677218e-01  1.05500000e-08  0.00000000e+00  1.05500000e-08  0.00000000e+00 
 1.05700000e-08  3.30000932e+00  1.05700000e-08  3.30001312e+00  1.05700000e-08  6.81856965e-01  1.05700000e-08  6.90599885e-01  1.05700000e-08  0.00000000e+00  1.05700000e-08  0.00000000e+00 
 1.05900000e-08  3.30001616e+00  1.05900000e-08  3.30002181e+00  1.05900000e-08  7.44174224e-01  1.05900000e-08  7.57742998e-01  1.05900000e-08  0.00000000e+00  1.05900000e-08  0.00000000e+00 
 1.06100000e-08  3.30002141e+00  1.06100000e-08  3.30002273e+00  1.06100000e-08  8.25996621e-01  1.06100000e-08  8.44431065e-01  1.06100000e-08  0.00000000e+00  1.06100000e-08  0.00000000e+00 
 1.06300000e-08  3.30001178e+00  1.06300000e-08  3.30000506e+00  1.06300000e-08  9.27130453e-01  1.06300000e-08  9.49648309e-01  1.06300000e-08  0.00000000e+00  1.06300000e-08  0.00000000e+00 
 1.06500000e-08  3.29998976e+00  1.06500000e-08  3.29997569e+00  1.06500000e-08  1.04356412e+00  1.06500000e-08  1.06942285e+00  1.06500000e-08  0.00000000e+00  1.06500000e-08  0.00000000e+00 
 1.06700000e-08  3.29996678e+00  1.06700000e-08  3.29994744e+00  1.06700000e-08  1.17141416e+00  1.06700000e-08  1.20014531e+00  1.06700000e-08  0.00000000e+00  1.06700000e-08  0.00000000e+00 
 1.06900000e-08  3.29994986e+00  1.06900000e-08  3.29992953e+00  1.06900000e-08  1.30792123e+00  1.06900000e-08  1.33916814e+00  1.06900000e-08  0.00000000e+00  1.06900000e-08  0.00000000e+00 
 1.07100000e-08  3.29994253e+00  1.07100000e-08  3.29992130e+00  1.07100000e-08  1.45085858e+00  1.07100000e-08  1.48428524e+00  1.07100000e-08  0.00000000e+00  1.07100000e-08  0.00000000e+00 
 1.07300000e-08  3.29993976e+00  1.07300000e-08  3.29991889e+00  1.07300000e-08  1.59820115e+00  1.07300000e-08  1.63349719e+00  1.07300000e-08  0.00000000e+00  1.07300000e-08  0.00000000e+00 
 1.07500000e-08  3.29994230e+00  1.07500000e-08  3.29992384e+00  1.07500000e-08  1.74809550e+00  1.07500000e-08  1.78493544e+00  1.07500000e-08  0.00000000e+00  1.07500000e-08  0.00000000e+00 
 1.07700000e-08  3.29994851e+00  1.07700000e-08  3.29993184e+00  1.07700000e-08  1.89834090e+00  1.07700000e-08  1.93614721e+00  1.07700000e-08  0.00000000e+00  1.07700000e-08  0.00000000e+00 
 1.07900000e-08  3.29995551e+00  1.07900000e-08  3.29994191e+00  1.07900000e-08  2.04599428e+00  1.07900000e-08  2.08407087e+00  1.07900000e-08  0.00000000e+00  1.07900000e-08  0.00000000e+00 
 1.08100000e-08  3.29996369e+00  1.08100000e-08  3.29995473e+00  1.08100000e-08  2.18822909e+00  1.08100000e-08  2.22595706e+00  1.08100000e-08  0.00000000e+00  1.08100000e-08  0.00000000e+00 
 1.08300000e-08  3.29997307e+00  1.08300000e-08  3.29996897e+00  1.08300000e-08  2.32278555e+00  1.08300000e-08  2.35964188e+00  1.08300000e-08  0.00000000e+00  1.08300000e-08  0.00000000e+00 
 1.08500000e-08  3.29998270e+00  1.08500000e-08  3.29998301e+00  1.08500000e-08  2.44797262e+00  1.08500000e-08  2.48352483e+00  1.08500000e-08  0.00000000e+00  1.08500000e-08  0.00000000e+00 
 1.08700000e-08  3.29999162e+00  1.08700000e-08  3.29999565e+00  1.08700000e-08  2.56264484e+00  1.08700000e-08  2.59655180e+00  1.08700000e-08  0.00000000e+00  1.08700000e-08  0.00000000e+00 
 1.08900000e-08  3.29999935e+00  1.08900000e-08  3.30000665e+00  1.08900000e-08  2.66617587e+00  1.08900000e-08  2.69818828e+00  1.08900000e-08  0.00000000e+00  1.08900000e-08  0.00000000e+00 
 1.09100000e-08  3.30000606e+00  1.09100000e-08  3.30001535e+00  1.09100000e-08  2.75840828e+00  1.09100000e-08  2.78836460e+00  1.09100000e-08  0.00000000e+00  1.09100000e-08  0.00000000e+00 
 1.09300000e-08  3.30001107e+00  1.09300000e-08  3.30002165e+00  1.09300000e-08  2.83958249e+00  1.09300000e-08  2.86740091e+00  1.09300000e-08  0.00000000e+00  1.09300000e-08  0.00000000e+00 
 1.09500000e-08  3.30001469e+00  1.09500000e-08  3.30002594e+00  1.09500000e-08  2.91024923e+00  1.09500000e-08  2.93591609e+00  1.09500000e-08  0.00000000e+00  1.09500000e-08  0.00000000e+00 
 1.09700000e-08  3.30001712e+00  1.09700000e-08  3.30002847e+00  1.09700000e-08  2.97117755e+00  1.09700000e-08  2.99473410e+00  1.09700000e-08  0.00000000e+00  1.09700000e-08  0.00000000e+00 
 1.09900000e-08  3.30001854e+00  1.09900000e-08  3.30002956e+00  1.09900000e-08  3.02326869e+00  1.09900000e-08  3.04479754e+00  1.09900000e-08  0.00000000e+00  1.09900000e-08  0.00000000e+00 
 1.10100000e-08  3.30001914e+00  1.10100000e-08  3.30002954e+00  1.10100000e-08  3.06748244e+00  1.10100000e-08  3.08709495e+00  1.10100000e-08  0.00000000e+00  1.10100000e-08  0.00000000e+00 
 1.10300000e-08  3.30001913e+00  1.10300000e-08  3.30002870e+00  1.10300000e-08  3.10477940e+00  1.10300000e-08  3.12260475e+00  1.10300000e-08  0.00000000e+00  1.10300000e-08  0.00000000e+00 
 1.10500000e-08  3.30001866e+00  1.10500000e-08  3.30002732e+00  1.10500000e-08  3.13607948e+00  1.10500000e-08  3.15225585e+00  1.10500000e-08  0.00000000e+00  1.10500000e-08  0.00000000e+00 
 1.10700000e-08  3.30001788e+00  1.10700000e-08  3.30002561e+00  1.10700000e-08  3.16223513e+00  1.10700000e-08  3.17690289e+00  1.10700000e-08  0.00000000e+00  1.10700000e-08  0.00000000e+00 
 1.10900000e-08  3.30001691e+00  1.10900000e-08  3.30002372e+00  1.10900000e-08  3.18401649e+00  1.10900000e-08  3.19731341e+00  1.10900000e-08  0.00000000e+00  1.10900000e-08  0.00000000e+00 
 1.11100000e-08  3.30001582e+00  1.11100000e-08  3.30002177e+00  1.11100000e-08  3.20210574e+00  1.11100000e-08  3.21416364e+00  1.11100000e-08  0.00000000e+00  1.11100000e-08  0.00000000e+00 
 1.11300000e-08  3.30001469e+00  1.11300000e-08  3.30001984e+00  1.11300000e-08  3.21709768e+00  1.11300000e-08  3.22804048e+00  1.11300000e-08  0.00000000e+00  1.11300000e-08  0.00000000e+00 
 1.11500000e-08  3.30001354e+00  1.11500000e-08  3.30001798e+00  1.11500000e-08  3.22950450e+00  1.11500000e-08  3.23944700e+00  1.11500000e-08  0.00000000e+00  1.11500000e-08  0.00000000e+00 
 1.11700000e-08  3.30001242e+00  1.11700000e-08  3.30001622e+00  1.11700000e-08  3.23976270e+00  1.11700000e-08  3.24881020e+00  1.11700000e-08  0.00000000e+00  1.11700000e-08  0.00000000e+00 
 1.11900000e-08  3.30001134e+00  1.11900000e-08  3.30001458e+00  1.11900000e-08  3.24824126e+00  1.11900000e-08  3.25648950e+00  1.11900000e-08  0.00000000e+00  1.11900000e-08  0.00000000e+00 
 1.12100000e-08  3.30001031e+00  1.12100000e-08  3.30001307e+00  1.12100000e-08  3.25524998e+00  1.12100000e-08  3.26278547e+00  1.12100000e-08  0.00000000e+00  1.12100000e-08  0.00000000e+00 
 1.12300000e-08  3.30000936e+00  1.12300000e-08  3.30001170e+00  1.12300000e-08  3.26104749e+00  1.12300000e-08  3.26794796e+00  1.12300000e-08  0.00000000e+00  1.12300000e-08  0.00000000e+00 
 1.12500000e-08  3.30000847e+00  1.12500000e-08  3.30001045e+00  1.12500000e-08  3.26584873e+00  1.12500000e-08  3.27218375e+00  1.12500000e-08  0.00000000e+00  1.12500000e-08  0.00000000e+00 
 1.12700000e-08  3.30000766e+00  1.12700000e-08  3.30000934e+00  1.12700000e-08  3.26983166e+00  1.12700000e-08  3.27566326e+00  1.12700000e-08  0.00000000e+00  1.12700000e-08  0.00000000e+00 
 1.12900000e-08  3.30000691e+00  1.12900000e-08  3.30000833e+00  1.12900000e-08  3.27314314e+00  1.12900000e-08  3.27852647e+00  1.12900000e-08  0.00000000e+00  1.12900000e-08  0.00000000e+00 
 1.13100000e-08  3.30000624e+00  1.13100000e-08  3.30000744e+00  1.13100000e-08  3.27590405e+00  1.13100000e-08  3.28088800e+00  1.13100000e-08  0.00000000e+00  1.13100000e-08  0.00000000e+00 
 1.13300000e-08  3.30000563e+00  1.13300000e-08  3.30000664e+00  1.13300000e-08  3.27821366e+00  1.13300000e-08  3.28284155e+00  1.13300000e-08  0.00000000e+00  1.13300000e-08  0.00000000e+00 
 1.13500000e-08  3.30000507e+00  1.13500000e-08  3.30000594e+00  1.13500000e-08  3.28015337e+00  1.13500000e-08  3.28446345e+00  1.13500000e-08  0.00000000e+00  1.13500000e-08  0.00000000e+00 
 1.13700000e-08  3.30000458e+00  1.13700000e-08  3.30000531e+00  1.13700000e-08  3.28178979e+00  1.13700000e-08  3.28581584e+00  1.13700000e-08  0.00000000e+00  1.13700000e-08  0.00000000e+00 
 1.13900000e-08  3.30000413e+00  1.13900000e-08  3.30000475e+00  1.13900000e-08  3.28317740e+00  1.13900000e-08  3.28694917e+00  1.13900000e-08  0.00000000e+00  1.13900000e-08  0.00000000e+00 
 1.14100000e-08  3.30000373e+00  1.14100000e-08  3.30000426e+00  1.14100000e-08  3.28436068e+00  1.14100000e-08  3.28790442e+00  1.14100000e-08  0.00000000e+00  1.14100000e-08  0.00000000e+00 
 1.14300000e-08  3.30000337e+00  1.14300000e-08  3.30000383e+00  1.14300000e-08  3.28537593e+00  1.14300000e-08  3.28871475e+00  1.14300000e-08  0.00000000e+00  1.14300000e-08  0.00000000e+00 
 1.14500000e-08  3.30000305e+00  1.14500000e-08  3.30000344e+00  1.14500000e-08  3.28625276e+00  1.14500000e-08  3.28940702e+00  1.14500000e-08  0.00000000e+00  1.14500000e-08  0.00000000e+00 
 1.14700000e-08  3.30000277e+00  1.14700000e-08  3.30000310e+00  1.14700000e-08  3.28701534e+00  1.14700000e-08  3.29000295e+00  1.14700000e-08  0.00000000e+00  1.14700000e-08  0.00000000e+00 
 1.14900000e-08  3.30000251e+00  1.14900000e-08  3.30000280e+00  1.14900000e-08  3.28768333e+00  1.14900000e-08  3.29052012e+00  1.14900000e-08  0.00000000e+00  1.14900000e-08  0.00000000e+00 
 1.15100000e-08  3.30000228e+00  1.15100000e-08  3.30000253e+00  1.15100000e-08  3.28827281e+00  1.15100000e-08  3.29097268e+00  1.15100000e-08  0.00000000e+00  1.15100000e-08  0.00000000e+00 
 1.15300000e-08  3.30000207e+00  1.15300000e-08  3.30000229e+00  1.15300000e-08  3.28879686e+00  1.15300000e-08  3.29137214e+00  1.15300000e-08  0.00000000e+00  1.15300000e-08  0.00000000e+00 
 1.15500000e-08  3.30000189e+00  1.15500000e-08  3.30000208e+00  1.15500000e-08  3.28926618e+00  1.15500000e-08  3.29172771e+00  1.15500000e-08  0.00000000e+00  1.15500000e-08  0.00000000e+00 
 1.15700000e-08  3.30000173e+00  1.15700000e-08  3.30000189e+00  1.15700000e-08  3.28968947e+00  1.15700000e-08  3.29204691e+00  1.15700000e-08  0.00000000e+00  1.15700000e-08  0.00000000e+00 
 1.15900000e-08  3.30000158e+00  1.15900000e-08  3.30000172e+00  1.15900000e-08  3.29007390e+00  1.15900000e-08  3.29233575e+00  1.15900000e-08  0.00000000e+00  1.15900000e-08  0.00000000e+00 
 1.16100000e-08  3.30000145e+00  1.16100000e-08  3.30000157e+00  1.16100000e-08  3.29042530e+00  1.16100000e-08  3.29259915e+00  1.16100000e-08  0.00000000e+00  1.16100000e-08  0.00000000e+00 
 1.16300000e-08  3.30000133e+00  1.16300000e-08  3.30000144e+00  1.16300000e-08  3.29074847e+00  1.16300000e-08  3.29284105e+00  1.16300000e-08  0.00000000e+00  1.16300000e-08  0.00000000e+00 
 1.16500000e-08  3.30000122e+00  1.16500000e-08  3.30000132e+00  1.16500000e-08  3.29104734e+00  1.16500000e-08  3.29306469e+00  1.16500000e-08  0.00000000e+00  1.16500000e-08  0.00000000e+00 
 1.16700000e-08  3.30000112e+00  1.16700000e-08  3.30000121e+00  1.16700000e-08  3.29132518e+00  1.16700000e-08  3.29327264e+00  1.16700000e-08  0.00000000e+00  1.16700000e-08  0.00000000e+00 
 1.16900000e-08  3.30000104e+00  1.16900000e-08  3.30000112e+00  1.16900000e-08  3.29158465e+00  1.16900000e-08  3.29346708e+00  1.16900000e-08  0.00000000e+00  1.16900000e-08  0.00000000e+00 
 1.17100000e-08  3.30000096e+00  1.17100000e-08  3.30000103e+00  1.17100000e-08  3.29182800e+00  1.17100000e-08  3.29364970e+00  1.17100000e-08  0.00000000e+00  1.17100000e-08  0.00000000e+00 
 1.17300000e-08  3.30000089e+00  1.17300000e-08  3.30000095e+00  1.17300000e-08  3.29205708e+00  1.17300000e-08  3.29382196e+00  1.17300000e-08  0.00000000e+00  1.17300000e-08  0.00000000e+00 
 1.17500000e-08  3.30000082e+00  1.17500000e-08  3.30000088e+00  1.17500000e-08  3.29227344e+00  1.17500000e-08  3.29398502e+00  1.17500000e-08  0.00000000e+00  1.17500000e-08  0.00000000e+00 
 1.17700000e-08  3.30000076e+00  1.17700000e-08  3.30000082e+00  1.17700000e-08  3.29247838e+00  1.17700000e-08  3.29413987e+00  1.17700000e-08  0.00000000e+00  1.17700000e-08  0.00000000e+00 
 1.17900000e-08  3.30000071e+00  1.17900000e-08  3.30000076e+00  1.17900000e-08  3.29267302e+00  1.17900000e-08  3.29428730e+00  1.17900000e-08  0.00000000e+00  1.17900000e-08  0.00000000e+00 
 1.18100000e-08  3.30000066e+00  1.18100000e-08  3.30000070e+00  1.18100000e-08  3.29285828e+00  1.18100000e-08  3.29442801e+00  1.18100000e-08  0.00000000e+00  1.18100000e-08  0.00000000e+00 
 1.18300000e-08  3.30000062e+00  1.18300000e-08  3.30000066e+00  1.18300000e-08  3.29303498e+00  1.18300000e-08  3.29456255e+00  1.18300000e-08  0.00000000e+00  1.18300000e-08  0.00000000e+00 
 1.18500000e-08  3.30000058e+00  1.18500000e-08  3.30000061e+00  1.18500000e-08  3.29320379e+00  1.18500000e-08  3.29469144e+00  1.18500000e-08  0.00000000e+00  1.18500000e-08  0.00000000e+00 
 1.18700000e-08  3.30000054e+00  1.18700000e-08  3.30000057e+00  1.18700000e-08  3.29336534e+00  1.18700000e-08  3.29481507e+00  1.18700000e-08  0.00000000e+00  1.18700000e-08  0.00000000e+00 
 1.18900000e-08  3.30000051e+00  1.18900000e-08  3.30000054e+00  1.18900000e-08  3.29352013e+00  1.18900000e-08  3.29493383e+00  1.18900000e-08  0.00000000e+00  1.18900000e-08  0.00000000e+00 
 1.19100000e-08  3.30000048e+00  1.19100000e-08  3.30000050e+00  1.19100000e-08  3.29366863e+00  1.19100000e-08  3.29504802e+00  1.19100000e-08  0.00000000e+00  1.19100000e-08  0.00000000e+00 
 1.19300000e-08  3.30000045e+00  1.19300000e-08  3.30000047e+00  1.19300000e-08  3.29381125e+00  1.19300000e-08  3.29515793e+00  1.19300000e-08  0.00000000e+00  1.19300000e-08  0.00000000e+00 
 1.19500000e-08  3.30000042e+00  1.19500000e-08  3.30000044e+00  1.19500000e-08  3.29394835e+00  1.19500000e-08  3.29526380e+00  1.19500000e-08  0.00000000e+00  1.19500000e-08  0.00000000e+00 
 1.19700000e-08  3.30000040e+00  1.19700000e-08  3.30000042e+00  1.19700000e-08  3.29408026e+00  1.19700000e-08  3.29536586e+00  1.19700000e-08  0.00000000e+00  1.19700000e-08  0.00000000e+00 
 1.19900000e-08  3.30000037e+00  1.19900000e-08  3.30000039e+00  1.19900000e-08  3.29420728e+00  1.19900000e-08  3.29546430e+00  1.19900000e-08  0.00000000e+00  1.19900000e-08  0.00000000e+00 
 1.20100000e-08  3.30000035e+00  1.20100000e-08  3.30000037e+00  1.20100000e-08  3.29432966e+00  1.20100000e-08  3.29555932e+00  1.20100000e-08  0.00000000e+00  1.20100000e-08  0.00000000e+00 
 1.20300000e-08  3.30000033e+00  1.20300000e-08  3.30000035e+00  1.20300000e-08  3.29444767e+00  1.20300000e-08  3.29565107e+00  1.20300000e-08  0.00000000e+00  1.20300000e-08  0.00000000e+00 
 1.20500000e-08  3.30000032e+00  1.20500000e-08  3.30000033e+00  1.20500000e-08  3.29456152e+00  1.20500000e-08  3.29573973e+00  1.20500000e-08  0.00000000e+00  1.20500000e-08  0.00000000e+00 
 1.20700000e-08  3.30000030e+00  1.20700000e-08  3.30000031e+00  1.20700000e-08  3.29467142e+00  1.20700000e-08  3.29582541e+00  1.20700000e-08  0.00000000e+00  1.20700000e-08  0.00000000e+00 
 1.20900000e-08  3.30000028e+00  1.20900000e-08  3.30000030e+00  1.20900000e-08  3.29477757e+00  1.20900000e-08  3.29590828e+00  1.20900000e-08  0.00000000e+00  1.20900000e-08  0.00000000e+00 
 1.21100000e-08  3.30000027e+00  1.21100000e-08  3.30000028e+00  1.21100000e-08  3.29488014e+00  1.21100000e-08  3.29598843e+00  1.21100000e-08  0.00000000e+00  1.21100000e-08  0.00000000e+00 
 1.21300000e-08  3.30000026e+00  1.21300000e-08  3.30000027e+00  1.21300000e-08  3.29497929e+00  1.21300000e-08  3.29606601e+00  1.21300000e-08  0.00000000e+00  1.21300000e-08  0.00000000e+00 
 1.21500000e-08  3.30000024e+00  1.21500000e-08  3.30000026e+00  1.21500000e-08  3.29507520e+00  1.21500000e-08  3.29614110e+00  1.21500000e-08  0.00000000e+00  1.21500000e-08  0.00000000e+00 
 1.21700000e-08  3.30000023e+00  1.21700000e-08  3.30000024e+00  1.21700000e-08  3.29516799e+00  1.21700000e-08  3.29621383e+00  1.21700000e-08  0.00000000e+00  1.21700000e-08  0.00000000e+00 
 1.21900000e-08  3.30000022e+00  1.21900000e-08  3.30000023e+00  1.21900000e-08  3.29525782e+00  1.21900000e-08  3.29628427e+00  1.21900000e-08  0.00000000e+00  1.21900000e-08  0.00000000e+00 
 1.22100000e-08  3.30000021e+00  1.22100000e-08  3.30000022e+00  1.22100000e-08  3.29534481e+00  1.22100000e-08  3.29635255e+00  1.22100000e-08  0.00000000e+00  1.22100000e-08  0.00000000e+00 
 1.22300000e-08  3.30000020e+00  1.22300000e-08  3.30000021e+00  1.22300000e-08  3.29542908e+00  1.22300000e-08  3.29641873e+00  1.22300000e-08  0.00000000e+00  1.22300000e-08  0.00000000e+00 
 1.22500000e-08  3.30000019e+00  1.22500000e-08  3.30000020e+00  1.22500000e-08  3.29551074e+00  1.22500000e-08  3.29648291e+00  1.22500000e-08  0.00000000e+00  1.22500000e-08  0.00000000e+00 
 1.22700000e-08  3.30000018e+00  1.22700000e-08  3.30000019e+00  1.22700000e-08  3.29558991e+00  1.22700000e-08  3.29654515e+00  1.22700000e-08  0.00000000e+00  1.22700000e-08  0.00000000e+00 
 1.22900000e-08  3.30000018e+00  1.22900000e-08  3.30000018e+00  1.22900000e-08  3.29566669e+00  1.22900000e-08  3.29660556e+00  1.22900000e-08  0.00000000e+00  1.22900000e-08  0.00000000e+00 
 1.23100000e-08  3.30000017e+00  1.23100000e-08  3.30000018e+00  1.23100000e-08  3.29574118e+00  1.23100000e-08  3.29666418e+00  1.23100000e-08  0.00000000e+00  1.23100000e-08  0.00000000e+00 
 1.23300000e-08  3.30000016e+00  1.23300000e-08  3.30000017e+00  1.23300000e-08  3.29581346e+00  1.23300000e-08  3.29672109e+00  1.23300000e-08  0.00000000e+00  1.23300000e-08  0.00000000e+00 
 1.23500000e-08  3.30000015e+00  1.23500000e-08  3.30000016e+00  1.23500000e-08  3.29588364e+00  1.23500000e-08  3.29677636e+00  1.23500000e-08  0.00000000e+00  1.23500000e-08  0.00000000e+00 
 1.23700000e-08  3.30000015e+00  1.23700000e-08  3.30000015e+00  1.23700000e-08  3.29595179e+00  1.23700000e-08  3.29683006e+00  1.23700000e-08  0.00000000e+00  1.23700000e-08  0.00000000e+00 
 1.23900000e-08  3.30000014e+00  1.23900000e-08  3.30000015e+00  1.23900000e-08  3.29601799e+00  1.23900000e-08  3.29688222e+00  1.23900000e-08  0.00000000e+00  1.23900000e-08  0.00000000e+00 
 1.24100000e-08  3.30000014e+00  1.24100000e-08  3.30000014e+00  1.24100000e-08  3.29608231e+00  1.24100000e-08  3.29693294e+00  1.24100000e-08  0.00000000e+00  1.24100000e-08  0.00000000e+00 
 1.24300000e-08  3.30000013e+00  1.24300000e-08  3.30000014e+00  1.24300000e-08  3.29614484e+00  1.24300000e-08  3.29698224e+00  1.24300000e-08  0.00000000e+00  1.24300000e-08  0.00000000e+00 
 1.24500000e-08  3.30000013e+00  1.24500000e-08  3.30000013e+00  1.24500000e-08  3.29620563e+00  1.24500000e-08  3.29703019e+00  1.24500000e-08  0.00000000e+00  1.24500000e-08  0.00000000e+00 
 1.24700000e-08  3.30000012e+00  1.24700000e-08  3.30000013e+00  1.24700000e-08  3.29626476e+00  1.24700000e-08  3.29707683e+00  1.24700000e-08  0.00000000e+00  1.24700000e-08  0.00000000e+00 
 1.24900000e-08  3.30000012e+00  1.24900000e-08  3.30000012e+00  1.24900000e-08  3.29632229e+00  1.24900000e-08  3.29712222e+00  1.24900000e-08  0.00000000e+00  1.24900000e-08  0.00000000e+00 
 1.25100000e-08  3.30000011e+00  1.25100000e-08  3.30000012e+00  1.25100000e-08  3.29637827e+00  1.25100000e-08  3.29716638e+00  1.25100000e-08  0.00000000e+00  1.25100000e-08  0.00000000e+00 
 1.25300000e-08  3.30000011e+00  1.25300000e-08  3.30000011e+00  1.25300000e-08  3.29643276e+00  1.25300000e-08  3.29720940e+00  1.25300000e-08  0.00000000e+00  1.25300000e-08  0.00000000e+00 
 1.25500000e-08  3.30000010e+00  1.25500000e-08  3.30000011e+00  1.25500000e-08  3.29648583e+00  1.25500000e-08  3.29725127e+00  1.25500000e-08  0.00000000e+00  1.25500000e-08  0.00000000e+00 
 1.25700000e-08  3.30000010e+00  1.25700000e-08  3.30000011e+00  1.25700000e-08  3.29653750e+00  1.25700000e-08  3.29729207e+00  1.25700000e-08  0.00000000e+00  1.25700000e-08  0.00000000e+00 
 1.25900000e-08  3.30000010e+00  1.25900000e-08  3.30000010e+00  1.25900000e-08  3.29658786e+00  1.25900000e-08  3.29733181e+00  1.25900000e-08  0.00000000e+00  1.25900000e-08  0.00000000e+00 
 1.26100000e-08  3.30000009e+00  1.26100000e-08  3.30000010e+00  1.26100000e-08  3.29663692e+00  1.26100000e-08  3.29737055e+00  1.26100000e-08  0.00000000e+00  1.26100000e-08  0.00000000e+00 
 1.26300000e-08  3.30000009e+00  1.26300000e-08  3.30000009e+00  1.26300000e-08  3.29668474e+00  1.26300000e-08  3.29740830e+00  1.26300000e-08  0.00000000e+00  1.26300000e-08  0.00000000e+00 
 1.26500000e-08  3.30000009e+00  1.26500000e-08  3.30000009e+00  1.26500000e-08  3.29673137e+00  1.26500000e-08  3.29744512e+00  1.26500000e-08  0.00000000e+00  1.26500000e-08  0.00000000e+00 
 1.26700000e-08  3.30000009e+00  1.26700000e-08  3.30000009e+00  1.26700000e-08  3.29677685e+00  1.26700000e-08  3.29748102e+00  1.26700000e-08  0.00000000e+00  1.26700000e-08  0.00000000e+00 
 1.26900000e-08  3.30000008e+00  1.26900000e-08  3.30000009e+00  1.26900000e-08  3.29682121e+00  1.26900000e-08  3.29751605e+00  1.26900000e-08  0.00000000e+00  1.26900000e-08  0.00000000e+00 
 1.27100000e-08  3.30000008e+00  1.27100000e-08  3.30000008e+00  1.27100000e-08  3.29686449e+00  1.27100000e-08  3.29755022e+00  1.27100000e-08  0.00000000e+00  1.27100000e-08  0.00000000e+00 
 1.27300000e-08  3.30000008e+00  1.27300000e-08  3.30000008e+00  1.27300000e-08  3.29690673e+00  1.27300000e-08  3.29758358e+00  1.27300000e-08  0.00000000e+00  1.27300000e-08  0.00000000e+00 
 1.27500000e-08  3.30000007e+00  1.27500000e-08  3.30000008e+00  1.27500000e-08  3.29694797e+00  1.27500000e-08  3.29761613e+00  1.27500000e-08  0.00000000e+00  1.27500000e-08  0.00000000e+00 
 1.27700000e-08  3.30000007e+00  1.27700000e-08  3.30000007e+00  1.27700000e-08  3.29698823e+00  1.27700000e-08  3.29764793e+00  1.27700000e-08  0.00000000e+00  1.27700000e-08  0.00000000e+00 
 1.27900000e-08  3.30000007e+00  1.27900000e-08  3.30000007e+00  1.27900000e-08  3.29702756e+00  1.27900000e-08  3.29767897e+00  1.27900000e-08  0.00000000e+00  1.27900000e-08  0.00000000e+00 
 1.28100000e-08  3.30000007e+00  1.28100000e-08  3.30000007e+00  1.28100000e-08  3.29706597e+00  1.28100000e-08  3.29770930e+00  1.28100000e-08  0.00000000e+00  1.28100000e-08  0.00000000e+00 
 1.28300000e-08  3.30000007e+00  1.28300000e-08  3.30000007e+00  1.28300000e-08  3.29710350e+00  1.28300000e-08  3.29773893e+00  1.28300000e-08  0.00000000e+00  1.28300000e-08  0.00000000e+00 
 1.28500000e-08  3.30000006e+00  1.28500000e-08  3.30000007e+00  1.28500000e-08  3.29714018e+00  1.28500000e-08  3.29776789e+00  1.28500000e-08  0.00000000e+00  1.28500000e-08  0.00000000e+00 
 1.28700000e-08  3.30000006e+00  1.28700000e-08  3.30000006e+00  1.28700000e-08  3.29717603e+00  1.28700000e-08  3.29779619e+00  1.28700000e-08  0.00000000e+00  1.28700000e-08  0.00000000e+00 
 1.28900000e-08  3.30000006e+00  1.28900000e-08  3.30000006e+00  1.28900000e-08  3.29721109e+00  1.28900000e-08  3.29782386e+00  1.28900000e-08  0.00000000e+00  1.28900000e-08  0.00000000e+00 
 1.29100000e-08  3.30000006e+00  1.29100000e-08  3.30000006e+00  1.29100000e-08  3.29724537e+00  1.29100000e-08  3.29785092e+00  1.29100000e-08  0.00000000e+00  1.29100000e-08  0.00000000e+00 
 1.29300000e-08  3.30000006e+00  1.29300000e-08  3.30000006e+00  1.29300000e-08  3.29727889e+00  1.29300000e-08  3.29787739e+00  1.29300000e-08  0.00000000e+00  1.29300000e-08  0.00000000e+00 
 1.29500000e-08  3.30000006e+00  1.29500000e-08  3.30000006e+00  1.29500000e-08  3.29731170e+00  1.29500000e-08  3.29790327e+00  1.29500000e-08  0.00000000e+00  1.29500000e-08  0.00000000e+00 
 1.29700000e-08  3.30000005e+00  1.29700000e-08  3.30000006e+00  1.29700000e-08  3.29734379e+00  1.29700000e-08  3.29792861e+00  1.29700000e-08  0.00000000e+00  1.29700000e-08  0.00000000e+00 
 1.29900000e-08  3.30000005e+00  1.29900000e-08  3.30000005e+00  1.29900000e-08  3.29737521e+00  1.29900000e-08  3.29795339e+00  1.29900000e-08  0.00000000e+00  1.29900000e-08  0.00000000e+00 
 1.30100000e-08  3.30000005e+00  1.30100000e-08  3.30000005e+00  1.30100000e-08  3.29740595e+00  1.30100000e-08  3.29797766e+00  1.30100000e-08  0.00000000e+00  1.30100000e-08  0.00000000e+00 
 1.30300000e-08  3.30000005e+00  1.30300000e-08  3.30000005e+00  1.30300000e-08  3.29743606e+00  1.30300000e-08  3.29800140e+00  1.30300000e-08  0.00000000e+00  1.30300000e-08  0.00000000e+00 
 1.30500000e-08  3.30000005e+00  1.30500000e-08  3.30000005e+00  1.30500000e-08  3.29746553e+00  1.30500000e-08  3.29802467e+00  1.30500000e-08  0.00000000e+00  1.30500000e-08  0.00000000e+00 
 1.30700000e-08  3.30000005e+00  1.30700000e-08  3.30000005e+00  1.30700000e-08  3.29749441e+00  1.30700000e-08  3.29804744e+00  1.30700000e-08  0.00000000e+00  1.30700000e-08  0.00000000e+00 
 1.30900000e-08  3.30000005e+00  1.30900000e-08  3.30000005e+00  1.30900000e-08  3.29752269e+00  1.30900000e-08  3.29806975e+00  1.30900000e-08  0.00000000e+00  1.30900000e-08  0.00000000e+00 
 1.31100000e-08  3.30000004e+00  1.31100000e-08  3.30000005e+00  1.31100000e-08  3.29755040e+00  1.31100000e-08  3.29809160e+00  1.31100000e-08  0.00000000e+00  1.31100000e-08  0.00000000e+00 
 1.31300000e-08  3.30000004e+00  1.31300000e-08  3.30000004e+00  1.31300000e-08  3.29757755e+00  1.31300000e-08  3.29811302e+00  1.31300000e-08  0.00000000e+00  1.31300000e-08  0.00000000e+00 
 1.31500000e-08  3.30000004e+00  1.31500000e-08  3.30000004e+00  1.31500000e-08  3.29760417e+00  1.31500000e-08  3.29813401e+00  1.31500000e-08  0.00000000e+00  1.31500000e-08  0.00000000e+00 
 1.31700000e-08  3.30000004e+00  1.31700000e-08  3.30000004e+00  1.31700000e-08  3.29763025e+00  1.31700000e-08  3.29815458e+00  1.31700000e-08  0.00000000e+00  1.31700000e-08  0.00000000e+00 
 1.31900000e-08  3.30000004e+00  1.31900000e-08  3.30000004e+00  1.31900000e-08  3.29765583e+00  1.31900000e-08  3.29817475e+00  1.31900000e-08  0.00000000e+00  1.31900000e-08  0.00000000e+00 
 1.32100000e-08  3.30000004e+00  1.32100000e-08  3.30000004e+00  1.32100000e-08  3.29768091e+00  1.32100000e-08  3.29819452e+00  1.32100000e-08  0.00000000e+00  1.32100000e-08  0.00000000e+00 
 1.32300000e-08  3.30000004e+00  1.32300000e-08  3.30000004e+00  1.32300000e-08  3.29770551e+00  1.32300000e-08  3.29821391e+00  1.32300000e-08  0.00000000e+00  1.32300000e-08  0.00000000e+00 
 1.32500000e-08  3.30000004e+00  1.32500000e-08  3.30000004e+00  1.32500000e-08  3.29772964e+00  1.32500000e-08  3.29823293e+00  1.32500000e-08  0.00000000e+00  1.32500000e-08  0.00000000e+00 
 1.32700000e-08  3.30000004e+00  1.32700000e-08  3.30000004e+00  1.32700000e-08  3.29775331e+00  1.32700000e-08  3.29825159e+00  1.32700000e-08  0.00000000e+00  1.32700000e-08  0.00000000e+00 
 1.32900000e-08  3.30000004e+00  1.32900000e-08  3.30000004e+00  1.32900000e-08  3.29777653e+00  1.32900000e-08  3.29826990e+00  1.32900000e-08  0.00000000e+00  1.32900000e-08  0.00000000e+00 
 1.33100000e-08  3.30000003e+00  1.33100000e-08  3.30000004e+00  1.33100000e-08  3.29779933e+00  1.33100000e-08  3.29828785e+00  1.33100000e-08  0.00000000e+00  1.33100000e-08  0.00000000e+00 
 1.33300000e-08  3.30000003e+00  1.33300000e-08  3.30000003e+00  1.33300000e-08  3.29782170e+00  1.33300000e-08  3.29830548e+00  1.33300000e-08  0.00000000e+00  1.33300000e-08  0.00000000e+00 
 1.33500000e-08  3.30000003e+00  1.33500000e-08  3.30000003e+00  1.33500000e-08  3.29784366e+00  1.33500000e-08  3.29832278e+00  1.33500000e-08  0.00000000e+00  1.33500000e-08  0.00000000e+00 
 1.33700000e-08  3.30000003e+00  1.33700000e-08  3.30000003e+00  1.33700000e-08  3.29786522e+00  1.33700000e-08  3.29833977e+00  1.33700000e-08  0.00000000e+00  1.33700000e-08  0.00000000e+00 
 1.33900000e-08  3.30000003e+00  1.33900000e-08  3.30000003e+00  1.33900000e-08  3.29788639e+00  1.33900000e-08  3.29835644e+00  1.33900000e-08  0.00000000e+00  1.33900000e-08  0.00000000e+00 
 1.34100000e-08  3.30000003e+00  1.34100000e-08  3.30000003e+00  1.34100000e-08  3.29790718e+00  1.34100000e-08  3.29837282e+00  1.34100000e-08  0.00000000e+00  1.34100000e-08  0.00000000e+00 
 1.34300000e-08  3.30000003e+00  1.34300000e-08  3.30000003e+00  1.34300000e-08  3.29792761e+00  1.34300000e-08  3.29838890e+00  1.34300000e-08  0.00000000e+00  1.34300000e-08  0.00000000e+00 
 1.34500000e-08  3.30000003e+00  1.34500000e-08  3.30000003e+00  1.34500000e-08  3.29794767e+00  1.34500000e-08  3.29840470e+00  1.34500000e-08  0.00000000e+00  1.34500000e-08  0.00000000e+00 
 1.34700000e-08  3.30000003e+00  1.34700000e-08  3.30000003e+00  1.34700000e-08  3.29796738e+00  1.34700000e-08  3.29842022e+00  1.34700000e-08  0.00000000e+00  1.34700000e-08  0.00000000e+00 
 1.34900000e-08  3.30000003e+00  1.34900000e-08  3.30000003e+00  1.34900000e-08  3.29798674e+00  1.34900000e-08  3.29843547e+00  1.34900000e-08  0.00000000e+00  1.34900000e-08  0.00000000e+00 
 1.35100000e-08  3.30000003e+00  1.35100000e-08  3.30000003e+00  1.35100000e-08  3.29800578e+00  1.35100000e-08  3.29845044e+00  1.35100000e-08  0.00000000e+00  1.35100000e-08  0.00000000e+00 
 1.35300000e-08  3.30000003e+00  1.35300000e-08  3.30000003e+00  1.35300000e-08  3.29802448e+00  1.35300000e-08  3.29846517e+00  1.35300000e-08  0.00000000e+00  1.35300000e-08  0.00000000e+00 
 1.35500000e-08  3.30000003e+00  1.35500000e-08  3.30000003e+00  1.35500000e-08  3.29804287e+00  1.35500000e-08  3.29847964e+00  1.35500000e-08  0.00000000e+00  1.35500000e-08  0.00000000e+00 
 1.35700000e-08  3.30000003e+00  1.35700000e-08  3.30000003e+00  1.35700000e-08  3.29806095e+00  1.35700000e-08  3.29849387e+00  1.35700000e-08  0.00000000e+00  1.35700000e-08  0.00000000e+00 
 1.35900000e-08  3.30000002e+00  1.35900000e-08  3.30000003e+00  1.35900000e-08  3.29807872e+00  1.35900000e-08  3.29850785e+00  1.35900000e-08  0.00000000e+00  1.35900000e-08  0.00000000e+00 
 1.36100000e-08  3.30000002e+00  1.36100000e-08  3.30000002e+00  1.36100000e-08  3.29809620e+00  1.36100000e-08  3.29852161e+00  1.36100000e-08  0.00000000e+00  1.36100000e-08  0.00000000e+00 
 1.36300000e-08  3.30000002e+00  1.36300000e-08  3.30000002e+00  1.36300000e-08  3.29811339e+00  1.36300000e-08  3.29853512e+00  1.36300000e-08  0.00000000e+00  1.36300000e-08  0.00000000e+00 
 1.36500000e-08  3.30000002e+00  1.36500000e-08  3.30000002e+00  1.36500000e-08  3.29813030e+00  1.36500000e-08  3.29854843e+00  1.36500000e-08  0.00000000e+00  1.36500000e-08  0.00000000e+00 
 1.36700000e-08  3.30000002e+00  1.36700000e-08  3.30000002e+00  1.36700000e-08  3.29814693e+00  1.36700000e-08  3.29856150e+00  1.36700000e-08  0.00000000e+00  1.36700000e-08  0.00000000e+00 
 1.36900000e-08  3.30000002e+00  1.36900000e-08  3.30000002e+00  1.36900000e-08  3.29816329e+00  1.36900000e-08  3.29857438e+00  1.36900000e-08  0.00000000e+00  1.36900000e-08  0.00000000e+00 
 1.37100000e-08  3.30000002e+00  1.37100000e-08  3.30000002e+00  1.37100000e-08  3.29817939e+00  1.37100000e-08  3.29858703e+00  1.37100000e-08  0.00000000e+00  1.37100000e-08  0.00000000e+00 
 1.37300000e-08  3.30000002e+00  1.37300000e-08  3.30000002e+00  1.37300000e-08  3.29819523e+00  1.37300000e-08  3.29859949e+00  1.37300000e-08  0.00000000e+00  1.37300000e-08  0.00000000e+00 
 1.37500000e-08  3.30000002e+00  1.37500000e-08  3.30000002e+00  1.37500000e-08  3.29821083e+00  1.37500000e-08  3.29861174e+00  1.37500000e-08  0.00000000e+00  1.37500000e-08  0.00000000e+00 
 1.37700000e-08  3.30000002e+00  1.37700000e-08  3.30000002e+00  1.37700000e-08  3.29822617e+00  1.37700000e-08  3.29862381e+00  1.37700000e-08  0.00000000e+00  1.37700000e-08  0.00000000e+00 
 1.37900000e-08  3.30000002e+00  1.37900000e-08  3.30000002e+00  1.37900000e-08  3.29824128e+00  1.37900000e-08  3.29863568e+00  1.37900000e-08  0.00000000e+00  1.37900000e-08  0.00000000e+00 
 1.38100000e-08  3.30000002e+00  1.38100000e-08  3.30000002e+00  1.38100000e-08  3.29825615e+00  1.38100000e-08  3.29864737e+00  1.38100000e-08  0.00000000e+00  1.38100000e-08  0.00000000e+00 
 1.38300000e-08  3.30000002e+00  1.38300000e-08  3.30000002e+00  1.38300000e-08  3.29827079e+00  1.38300000e-08  3.29865887e+00  1.38300000e-08  0.00000000e+00  1.38300000e-08  0.00000000e+00 
 1.38500000e-08  3.30000002e+00  1.38500000e-08  3.30000002e+00  1.38500000e-08  3.29828521e+00  1.38500000e-08  3.29867020e+00  1.38500000e-08  0.00000000e+00  1.38500000e-08  0.00000000e+00 
 1.38700000e-08  3.30000002e+00  1.38700000e-08  3.30000002e+00  1.38700000e-08  3.29829941e+00  1.38700000e-08  3.29868135e+00  1.38700000e-08  0.00000000e+00  1.38700000e-08  0.00000000e+00 
 1.38900000e-08  3.30000002e+00  1.38900000e-08  3.30000002e+00  1.38900000e-08  3.29831339e+00  1.38900000e-08  3.29869234e+00  1.38900000e-08  0.00000000e+00  1.38900000e-08  0.00000000e+00 
 1.39100000e-08  3.30000002e+00  1.39100000e-08  3.30000002e+00  1.39100000e-08  3.29832717e+00  1.39100000e-08  3.29870316e+00  1.39100000e-08  0.00000000e+00  1.39100000e-08  0.00000000e+00 
 1.39300000e-08  3.30000002e+00  1.39300000e-08  3.30000002e+00  1.39300000e-08  3.29834073e+00  1.39300000e-08  3.29871382e+00  1.39300000e-08  0.00000000e+00  1.39300000e-08  0.00000000e+00 
 1.39500000e-08  3.30000002e+00  1.39500000e-08  3.30000002e+00  1.39500000e-08  3.29835410e+00  1.39500000e-08  3.29872431e+00  1.39500000e-08  0.00000000e+00  1.39500000e-08  0.00000000e+00 
 1.39700000e-08  3.30000002e+00  1.39700000e-08  3.30000002e+00  1.39700000e-08  3.29836727e+00  1.39700000e-08  3.29873466e+00  1.39700000e-08  0.00000000e+00  1.39700000e-08  0.00000000e+00 
 1.39900000e-08  3.30000002e+00  1.39900000e-08  3.30000002e+00  1.39900000e-08  3.29838025e+00  1.39900000e-08  3.29874484e+00  1.39900000e-08  0.00000000e+00  1.39900000e-08  0.00000000e+00 
 1.40100000e-08  3.30000002e+00  1.40100000e-08  3.30000002e+00  1.40100000e-08  3.29839303e+00  1.40100000e-08  3.29875488e+00  1.40100000e-08  0.00000000e+00  1.40100000e-08  0.00000000e+00 
 1.40300000e-08  3.30000002e+00  1.40300000e-08  3.30000002e+00  1.40300000e-08  3.29840564e+00  1.40300000e-08  3.29876477e+00  1.40300000e-08  0.00000000e+00  1.40300000e-08  0.00000000e+00 
 1.40500000e-08  3.30000002e+00  1.40500000e-08  3.30000002e+00  1.40500000e-08  3.29841806e+00  1.40500000e-08  3.29877453e+00  1.40500000e-08  0.00000000e+00  1.40500000e-08  0.00000000e+00 
 1.40700000e-08  3.30000001e+00  1.40700000e-08  3.30000002e+00  1.40700000e-08  3.29843031e+00  1.40700000e-08  3.29878413e+00  1.40700000e-08  0.00000000e+00  1.40700000e-08  0.00000000e+00 
 1.40900000e-08  3.30000001e+00  1.40900000e-08  3.30000001e+00  1.40900000e-08  3.29844238e+00  1.40900000e-08  3.29879361e+00  1.40900000e-08  0.00000000e+00  1.40900000e-08  0.00000000e+00 
 1.41100000e-08  3.30000001e+00  1.41100000e-08  3.30000001e+00  1.41100000e-08  3.29845428e+00  1.41100000e-08  3.29880294e+00  1.41100000e-08  0.00000000e+00  1.41100000e-08  0.00000000e+00 
 1.41300000e-08  3.30000001e+00  1.41300000e-08  3.30000001e+00  1.41300000e-08  3.29846601e+00  1.41300000e-08  3.29881215e+00  1.41300000e-08  0.00000000e+00  1.41300000e-08  0.00000000e+00 
 1.41500000e-08  3.30000001e+00  1.41500000e-08  3.30000001e+00  1.41500000e-08  3.29847759e+00  1.41500000e-08  3.29882123e+00  1.41500000e-08  0.00000000e+00  1.41500000e-08  0.00000000e+00 
 1.41700000e-08  3.30000001e+00  1.41700000e-08  3.30000001e+00  1.41700000e-08  3.29848900e+00  1.41700000e-08  3.29883018e+00  1.41700000e-08  0.00000000e+00  1.41700000e-08  0.00000000e+00 
 1.41900000e-08  3.30000001e+00  1.41900000e-08  3.30000001e+00  1.41900000e-08  3.29850025e+00  1.41900000e-08  3.29883900e+00  1.41900000e-08  0.00000000e+00  1.41900000e-08  0.00000000e+00 
 1.42100000e-08  3.30000001e+00  1.42100000e-08  3.30000001e+00  1.42100000e-08  3.29851135e+00  1.42100000e-08  3.29884771e+00  1.42100000e-08  0.00000000e+00  1.42100000e-08  0.00000000e+00 
 1.42300000e-08  3.30000001e+00  1.42300000e-08  3.30000001e+00  1.42300000e-08  3.29852231e+00  1.42300000e-08  3.29885629e+00  1.42300000e-08  0.00000000e+00  1.42300000e-08  0.00000000e+00 
 1.42500000e-08  3.30000001e+00  1.42500000e-08  3.30000001e+00  1.42500000e-08  3.29853310e+00  1.42500000e-08  3.29886477e+00  1.42500000e-08  0.00000000e+00  1.42500000e-08  0.00000000e+00 
 1.42700000e-08  3.30000001e+00  1.42700000e-08  3.30000001e+00  1.42700000e-08  3.29854376e+00  1.42700000e-08  3.29887312e+00  1.42700000e-08  0.00000000e+00  1.42700000e-08  0.00000000e+00 
 1.42900000e-08  3.30000001e+00  1.42900000e-08  3.30000001e+00  1.42900000e-08  3.29855428e+00  1.42900000e-08  3.29888136e+00  1.42900000e-08  0.00000000e+00  1.42900000e-08  0.00000000e+00 
 1.43100000e-08  3.30000001e+00  1.43100000e-08  3.30000001e+00  1.43100000e-08  3.29856465e+00  1.43100000e-08  3.29888949e+00  1.43100000e-08  0.00000000e+00  1.43100000e-08  0.00000000e+00 
 1.43300000e-08  3.30000001e+00  1.43300000e-08  3.30000001e+00  1.43300000e-08  3.29857489e+00  1.43300000e-08  3.29889752e+00  1.43300000e-08  0.00000000e+00  1.43300000e-08  0.00000000e+00 
 1.43500000e-08  3.30000001e+00  1.43500000e-08  3.30000001e+00  1.43500000e-08  3.29858500e+00  1.43500000e-08  3.29890543e+00  1.43500000e-08  0.00000000e+00  1.43500000e-08  0.00000000e+00 
 1.43700000e-08  3.30000001e+00  1.43700000e-08  3.30000001e+00  1.43700000e-08  3.29859497e+00  1.43700000e-08  3.29891325e+00  1.43700000e-08  0.00000000e+00  1.43700000e-08  0.00000000e+00 
 1.43900000e-08  3.30000001e+00  1.43900000e-08  3.30000001e+00  1.43900000e-08  3.29860481e+00  1.43900000e-08  3.29892096e+00  1.43900000e-08  0.00000000e+00  1.43900000e-08  0.00000000e+00 
 1.44100000e-08  3.30000001e+00  1.44100000e-08  3.30000001e+00  1.44100000e-08  3.29861452e+00  1.44100000e-08  3.29892857e+00  1.44100000e-08  0.00000000e+00  1.44100000e-08  0.00000000e+00 
 1.44300000e-08  3.30000001e+00  1.44300000e-08  3.30000001e+00  1.44300000e-08  3.29862412e+00  1.44300000e-08  3.29893608e+00  1.44300000e-08  0.00000000e+00  1.44300000e-08  0.00000000e+00 
 1.44500000e-08  3.30000001e+00  1.44500000e-08  3.30000001e+00  1.44500000e-08  3.29863358e+00  1.44500000e-08  3.29894350e+00  1.44500000e-08  0.00000000e+00  1.44500000e-08  0.00000000e+00 
 1.44700000e-08  3.30000001e+00  1.44700000e-08  3.30000001e+00  1.44700000e-08  3.29864294e+00  1.44700000e-08  3.29895082e+00  1.44700000e-08  0.00000000e+00  1.44700000e-08  0.00000000e+00 
 1.44900000e-08  3.30000001e+00  1.44900000e-08  3.30000001e+00  1.44900000e-08  3.29865216e+00  1.44900000e-08  3.29895805e+00  1.44900000e-08  0.00000000e+00  1.44900000e-08  0.00000000e+00 
 1.45100000e-08  3.30000001e+00  1.45100000e-08  3.30000001e+00  1.45100000e-08  3.29866128e+00  1.45100000e-08  3.29896518e+00  1.45100000e-08  0.00000000e+00  1.45100000e-08  0.00000000e+00 
 1.45300000e-08  3.30000001e+00  1.45300000e-08  3.30000001e+00  1.45300000e-08  3.29867028e+00  1.45300000e-08  3.29897224e+00  1.45300000e-08  0.00000000e+00  1.45300000e-08  0.00000000e+00 
 1.45500000e-08  3.30000001e+00  1.45500000e-08  3.30000001e+00  1.45500000e-08  3.29867917e+00  1.45500000e-08  3.29897919e+00  1.45500000e-08  0.00000000e+00  1.45500000e-08  0.00000000e+00 
 1.45700000e-08  3.30000001e+00  1.45700000e-08  3.30000001e+00  1.45700000e-08  3.29868795e+00  1.45700000e-08  3.29898607e+00  1.45700000e-08  0.00000000e+00  1.45700000e-08  0.00000000e+00 
 1.45900000e-08  3.30000001e+00  1.45900000e-08  3.30000001e+00  1.45900000e-08  3.29869663e+00  1.45900000e-08  3.29899285e+00  1.45900000e-08  0.00000000e+00  1.45900000e-08  0.00000000e+00 
 1.46100000e-08  3.30000001e+00  1.46100000e-08  3.30000001e+00  1.46100000e-08  3.29870519e+00  1.46100000e-08  3.29899956e+00  1.46100000e-08  0.00000000e+00  1.46100000e-08  0.00000000e+00 
 1.46300000e-08  3.30000001e+00  1.46300000e-08  3.30000001e+00  1.46300000e-08  3.29871366e+00  1.46300000e-08  3.29900618e+00  1.46300000e-08  0.00000000e+00  1.46300000e-08  0.00000000e+00 
 1.46500000e-08  3.30000001e+00  1.46500000e-08  3.30000001e+00  1.46500000e-08  3.29872202e+00  1.46500000e-08  3.29901273e+00  1.46500000e-08  0.00000000e+00  1.46500000e-08  0.00000000e+00 
 1.46700000e-08  3.30000001e+00  1.46700000e-08  3.30000001e+00  1.46700000e-08  3.29873028e+00  1.46700000e-08  3.29901918e+00  1.46700000e-08  0.00000000e+00  1.46700000e-08  0.00000000e+00 
 1.46900000e-08  3.30000001e+00  1.46900000e-08  3.30000001e+00  1.46900000e-08  3.29873844e+00  1.46900000e-08  3.29902557e+00  1.46900000e-08  0.00000000e+00  1.46900000e-08  0.00000000e+00 
 1.47100000e-08  3.30000001e+00  1.47100000e-08  3.30000001e+00  1.47100000e-08  3.29874651e+00  1.47100000e-08  3.29903188e+00  1.47100000e-08  0.00000000e+00  1.47100000e-08  0.00000000e+00 
 1.47300000e-08  3.30000001e+00  1.47300000e-08  3.30000001e+00  1.47300000e-08  3.29875448e+00  1.47300000e-08  3.29903812e+00  1.47300000e-08  0.00000000e+00  1.47300000e-08  0.00000000e+00 
 1.47500000e-08  3.30000001e+00  1.47500000e-08  3.30000001e+00  1.47500000e-08  3.29876235e+00  1.47500000e-08  3.29904427e+00  1.47500000e-08  0.00000000e+00  1.47500000e-08  0.00000000e+00 
 1.47700000e-08  3.30000001e+00  1.47700000e-08  3.30000001e+00  1.47700000e-08  3.29877014e+00  1.47700000e-08  3.29905036e+00  1.47700000e-08  0.00000000e+00  1.47700000e-08  0.00000000e+00 
 1.47900000e-08  3.30000001e+00  1.47900000e-08  3.30000001e+00  1.47900000e-08  3.29877783e+00  1.47900000e-08  3.29905637e+00  1.47900000e-08  0.00000000e+00  1.47900000e-08  0.00000000e+00 
 1.48100000e-08  3.30000001e+00  1.48100000e-08  3.30000001e+00  1.48100000e-08  3.29878543e+00  1.48100000e-08  3.29906232e+00  1.48100000e-08  0.00000000e+00  1.48100000e-08  0.00000000e+00 
 1.48300000e-08  3.30000001e+00  1.48300000e-08  3.30000001e+00  1.48300000e-08  3.29879295e+00  1.48300000e-08  3.29906820e+00  1.48300000e-08  0.00000000e+00  1.48300000e-08  0.00000000e+00 
 1.48500000e-08  3.30000001e+00  1.48500000e-08  3.30000001e+00  1.48500000e-08  3.29880038e+00  1.48500000e-08  3.29907401e+00  1.48500000e-08  0.00000000e+00  1.48500000e-08  0.00000000e+00 
 1.48700000e-08  3.30000001e+00  1.48700000e-08  3.30000001e+00  1.48700000e-08  3.29880773e+00  1.48700000e-08  3.29907975e+00  1.48700000e-08  0.00000000e+00  1.48700000e-08  0.00000000e+00 
 1.48900000e-08  3.30000001e+00  1.48900000e-08  3.30000001e+00  1.48900000e-08  3.29881499e+00  1.48900000e-08  3.29908543e+00  1.48900000e-08  0.00000000e+00  1.48900000e-08  0.00000000e+00 
 1.49100000e-08  3.30000001e+00  1.49100000e-08  3.30000001e+00  1.49100000e-08  3.29882218e+00  1.49100000e-08  3.29909104e+00  1.49100000e-08  0.00000000e+00  1.49100000e-08  0.00000000e+00 
 1.49300000e-08  3.30000001e+00  1.49300000e-08  3.30000001e+00  1.49300000e-08  3.29882927e+00  1.49300000e-08  3.29909659e+00  1.49300000e-08  0.00000000e+00  1.49300000e-08  0.00000000e+00 
 1.49500000e-08  3.30000001e+00  1.49500000e-08  3.30000001e+00  1.49500000e-08  3.29883630e+00  1.49500000e-08  3.29910207e+00  1.49500000e-08  0.00000000e+00  1.49500000e-08  0.00000000e+00 
 1.49700000e-08  3.30000001e+00  1.49700000e-08  3.30000001e+00  1.49700000e-08  3.29884324e+00  1.49700000e-08  3.29910750e+00  1.49700000e-08  0.00000000e+00  1.49700000e-08  0.00000000e+00 
 1.49900000e-08  3.30000001e+00  1.49900000e-08  3.30000001e+00  1.49900000e-08  3.29885011e+00  1.49900000e-08  3.29911286e+00  1.49900000e-08  0.00000000e+00  1.49900000e-08  0.00000000e+00 
 1.50100000e-08  3.30000001e+00  1.50100000e-08  3.30000001e+00  1.50100000e-08  3.29885690e+00  1.50100000e-08  3.29911817e+00  1.50100000e-08  0.00000000e+00  1.50100000e-08  0.00000000e+00 
 1.50300000e-08  3.30000001e+00  1.50300000e-08  3.30000001e+00  1.50300000e-08  3.29886362e+00  1.50300000e-08  3.29912341e+00  1.50300000e-08  0.00000000e+00  1.50300000e-08  0.00000000e+00 
 1.50500000e-08  3.30000001e+00  1.50500000e-08  3.30000001e+00  1.50500000e-08  3.29887026e+00  1.50500000e-08  3.29912860e+00  1.50500000e-08  0.00000000e+00  1.50500000e-08  0.00000000e+00 
 1.50700000e-08  3.30000001e+00  1.50700000e-08  3.30000001e+00  1.50700000e-08  3.29887683e+00  1.50700000e-08  3.29913373e+00  1.50700000e-08  0.00000000e+00  1.50700000e-08  0.00000000e+00 
 1.50900000e-08  3.30000001e+00  1.50900000e-08  3.30000001e+00  1.50900000e-08  3.29888333e+00  1.50900000e-08  3.29913881e+00  1.50900000e-08  0.00000000e+00  1.50900000e-08  0.00000000e+00 
 1.51100000e-08  3.30000001e+00  1.51100000e-08  3.30000001e+00  1.51100000e-08  3.29888976e+00  1.51100000e-08  3.29914382e+00  1.51100000e-08  0.00000000e+00  1.51100000e-08  0.00000000e+00 
 1.51300000e-08  3.30000001e+00  1.51300000e-08  3.30000001e+00  1.51300000e-08  3.29889612e+00  1.51300000e-08  3.29914880e+00  1.51300000e-08  0.00000000e+00  1.51300000e-08  0.00000000e+00 
 1.51500000e-08  3.30000001e+00  1.51500000e-08  3.30000001e+00  1.51500000e-08  3.29890242e+00  1.51500000e-08  3.29915371e+00  1.51500000e-08  0.00000000e+00  1.51500000e-08  0.00000000e+00 
 1.51700000e-08  3.30000001e+00  1.51700000e-08  3.30000001e+00  1.51700000e-08  3.29890864e+00  1.51700000e-08  3.29915857e+00  1.51700000e-08  0.00000000e+00  1.51700000e-08  0.00000000e+00 
 1.51900000e-08  3.30000001e+00  1.51900000e-08  3.30000001e+00  1.51900000e-08  3.29891481e+00  1.51900000e-08  3.29916338e+00  1.51900000e-08  0.00000000e+00  1.51900000e-08  0.00000000e+00 
 1.52100000e-08  3.30000001e+00  1.52100000e-08  3.30000001e+00  1.52100000e-08  3.29892090e+00  1.52100000e-08  3.29916814e+00  1.52100000e-08  0.00000000e+00  1.52100000e-08  0.00000000e+00 
 1.52300000e-08  3.30000000e+00  1.52300000e-08  3.30000001e+00  1.52300000e-08  3.29892694e+00  1.52300000e-08  3.29917284e+00  1.52300000e-08  0.00000000e+00  1.52300000e-08  0.00000000e+00 
 1.52500000e-08  3.30000001e+00  1.52500000e-08  3.30000001e+00  1.52500000e-08  3.29893291e+00  1.52500000e-08  3.29917751e+00  1.52500000e-08  0.00000000e+00  1.52500000e-08  0.00000000e+00 
 1.52700000e-08  3.30000000e+00  1.52700000e-08  3.30000001e+00  1.52700000e-08  3.29893882e+00  1.52700000e-08  3.29918211e+00  1.52700000e-08  0.00000000e+00  1.52700000e-08  0.00000000e+00 
 1.52900000e-08  3.30000000e+00  1.52900000e-08  3.30000000e+00  1.52900000e-08  3.29894467e+00  1.52900000e-08  3.29918668e+00  1.52900000e-08  0.00000000e+00  1.52900000e-08  0.00000000e+00 
 1.53100000e-08  3.30000000e+00  1.53100000e-08  3.30000000e+00  1.53100000e-08  3.29895046e+00  1.53100000e-08  3.29919119e+00  1.53100000e-08  0.00000000e+00  1.53100000e-08  0.00000000e+00 
 1.53300000e-08  3.30000000e+00  1.53300000e-08  3.30000000e+00  1.53300000e-08  3.29895618e+00  1.53300000e-08  3.29919567e+00  1.53300000e-08  0.00000000e+00  1.53300000e-08  0.00000000e+00 
 1.53500000e-08  3.30000000e+00  1.53500000e-08  3.30000000e+00  1.53500000e-08  3.29896186e+00  1.53500000e-08  3.29920008e+00  1.53500000e-08  0.00000000e+00  1.53500000e-08  0.00000000e+00 
 1.53700000e-08  3.30000000e+00  1.53700000e-08  3.30000000e+00  1.53700000e-08  3.29896747e+00  1.53700000e-08  3.29920447e+00  1.53700000e-08  0.00000000e+00  1.53700000e-08  0.00000000e+00 
 1.53900000e-08  3.30000000e+00  1.53900000e-08  3.30000000e+00  1.53900000e-08  3.29897303e+00  1.53900000e-08  3.29920880e+00  1.53900000e-08  0.00000000e+00  1.53900000e-08  0.00000000e+00 
 1.54100000e-08  3.30000000e+00  1.54100000e-08  3.30000000e+00  1.54100000e-08  3.29897853e+00  1.54100000e-08  3.29921309e+00  1.54100000e-08  0.00000000e+00  1.54100000e-08  0.00000000e+00 
 1.54300000e-08  3.30000000e+00  1.54300000e-08  3.30000000e+00  1.54300000e-08  3.29898398e+00  1.54300000e-08  3.29921733e+00  1.54300000e-08  0.00000000e+00  1.54300000e-08  0.00000000e+00 
 1.54500000e-08  3.30000000e+00  1.54500000e-08  3.30000000e+00  1.54500000e-08  3.29898937e+00  1.54500000e-08  3.29922154e+00  1.54500000e-08  0.00000000e+00  1.54500000e-08  0.00000000e+00 
 1.54700000e-08  3.30000000e+00  1.54700000e-08  3.30000000e+00  1.54700000e-08  3.29899471e+00  1.54700000e-08  3.29922570e+00  1.54700000e-08  0.00000000e+00  1.54700000e-08  0.00000000e+00 
 1.54900000e-08  3.30000000e+00  1.54900000e-08  3.30000000e+00  1.54900000e-08  3.29900000e+00  1.54900000e-08  3.29922983e+00  1.54900000e-08  0.00000000e+00  1.54900000e-08  0.00000000e+00 
 1.55100000e-08  3.30000000e+00  1.55100000e-08  3.30000000e+00  1.55100000e-08  3.29900524e+00  1.55100000e-08  3.29923390e+00  1.55100000e-08  0.00000000e+00  1.55100000e-08  0.00000000e+00 
 1.55300000e-08  3.30000000e+00  1.55300000e-08  3.30000000e+00  1.55300000e-08  3.29901042e+00  1.55300000e-08  3.29923795e+00  1.55300000e-08  0.00000000e+00  1.55300000e-08  0.00000000e+00 
 1.55500000e-08  3.30000000e+00  1.55500000e-08  3.30000000e+00  1.55500000e-08  3.29901556e+00  1.55500000e-08  3.29924195e+00  1.55500000e-08  0.00000000e+00  1.55500000e-08  0.00000000e+00 
 1.55700000e-08  3.30000000e+00  1.55700000e-08  3.30000000e+00  1.55700000e-08  3.29902064e+00  1.55700000e-08  3.29924591e+00  1.55700000e-08  0.00000000e+00  1.55700000e-08  0.00000000e+00 
 1.55900000e-08  3.30000000e+00  1.55900000e-08  3.30000000e+00  1.55900000e-08  3.29902568e+00  1.55900000e-08  3.29924983e+00  1.55900000e-08  0.00000000e+00  1.55900000e-08  0.00000000e+00 
 1.56100000e-08  3.30000000e+00  1.56100000e-08  3.30000000e+00  1.56100000e-08  3.29903066e+00  1.56100000e-08  3.29925372e+00  1.56100000e-08  0.00000000e+00  1.56100000e-08  0.00000000e+00 
 1.56300000e-08  3.30000000e+00  1.56300000e-08  3.30000000e+00  1.56300000e-08  3.29903560e+00  1.56300000e-08  3.29925757e+00  1.56300000e-08  0.00000000e+00  1.56300000e-08  0.00000000e+00 
 1.56500000e-08  3.30000000e+00  1.56500000e-08  3.30000000e+00  1.56500000e-08  3.29904049e+00  1.56500000e-08  3.29926138e+00  1.56500000e-08  0.00000000e+00  1.56500000e-08  0.00000000e+00 
 1.56700000e-08  3.30000000e+00  1.56700000e-08  3.30000000e+00  1.56700000e-08  3.29904534e+00  1.56700000e-08  3.29926515e+00  1.56700000e-08  0.00000000e+00  1.56700000e-08  0.00000000e+00 
 1.56900000e-08  3.30000000e+00  1.56900000e-08  3.30000000e+00  1.56900000e-08  3.29905014e+00  1.56900000e-08  3.29926890e+00  1.56900000e-08  0.00000000e+00  1.56900000e-08  0.00000000e+00 
 1.57100000e-08  3.30000000e+00  1.57100000e-08  3.30000000e+00  1.57100000e-08  3.29905490e+00  1.57100000e-08  3.29927260e+00  1.57100000e-08  0.00000000e+00  1.57100000e-08  0.00000000e+00 
 1.57300000e-08  3.30000000e+00  1.57300000e-08  3.30000000e+00  1.57300000e-08  3.29905961e+00  1.57300000e-08  3.29927627e+00  1.57300000e-08  0.00000000e+00  1.57300000e-08  0.00000000e+00 
 1.57500000e-08  3.30000000e+00  1.57500000e-08  3.30000000e+00  1.57500000e-08  3.29906428e+00  1.57500000e-08  3.29927990e+00  1.57500000e-08  0.00000000e+00  1.57500000e-08  0.00000000e+00 
 1.57700000e-08  3.30000000e+00  1.57700000e-08  3.30000000e+00  1.57700000e-08  3.29906890e+00  1.57700000e-08  3.29928351e+00  1.57700000e-08  0.00000000e+00  1.57700000e-08  0.00000000e+00 
 1.57900000e-08  3.30000000e+00  1.57900000e-08  3.30000000e+00  1.57900000e-08  3.29907349e+00  1.57900000e-08  3.29928707e+00  1.57900000e-08  0.00000000e+00  1.57900000e-08  0.00000000e+00 
 1.58100000e-08  3.30000000e+00  1.58100000e-08  3.30000000e+00  1.58100000e-08  3.29907802e+00  1.58100000e-08  3.29929061e+00  1.58100000e-08  0.00000000e+00  1.58100000e-08  0.00000000e+00 
 1.58300000e-08  3.30000000e+00  1.58300000e-08  3.30000000e+00  1.58300000e-08  3.29908252e+00  1.58300000e-08  3.29929410e+00  1.58300000e-08  0.00000000e+00  1.58300000e-08  0.00000000e+00 
 1.58500000e-08  3.30000000e+00  1.58500000e-08  3.30000000e+00  1.58500000e-08  3.29908698e+00  1.58500000e-08  3.29929758e+00  1.58500000e-08  0.00000000e+00  1.58500000e-08  0.00000000e+00 
 1.58700000e-08  3.30000000e+00  1.58700000e-08  3.30000000e+00  1.58700000e-08  3.29909140e+00  1.58700000e-08  3.29930101e+00  1.58700000e-08  0.00000000e+00  1.58700000e-08  0.00000000e+00 
 1.58900000e-08  3.30000000e+00  1.58900000e-08  3.30000000e+00  1.58900000e-08  3.29909577e+00  1.58900000e-08  3.29930442e+00  1.58900000e-08  0.00000000e+00  1.58900000e-08  0.00000000e+00 
 1.59100000e-08  3.30000000e+00  1.59100000e-08  3.30000000e+00  1.59100000e-08  3.29910011e+00  1.59100000e-08  3.29930779e+00  1.59100000e-08  0.00000000e+00  1.59100000e-08  0.00000000e+00 
 1.59300000e-08  3.30000000e+00  1.59300000e-08  3.30000000e+00  1.59300000e-08  3.29910441e+00  1.59300000e-08  3.29931114e+00  1.59300000e-08  0.00000000e+00  1.59300000e-08  0.00000000e+00 
 1.59500000e-08  3.30000000e+00  1.59500000e-08  3.30000000e+00  1.59500000e-08  3.29910867e+00  1.59500000e-08  3.29931445e+00  1.59500000e-08  0.00000000e+00  1.59500000e-08  0.00000000e+00 
 1.59700000e-08  3.30000000e+00  1.59700000e-08  3.30000000e+00  1.59700000e-08  3.29911289e+00  1.59700000e-08  3.29931774e+00  1.59700000e-08  0.00000000e+00  1.59700000e-08  0.00000000e+00 
 1.59900000e-08  3.30000000e+00  1.59900000e-08  3.30000000e+00  1.59900000e-08  3.29911708e+00  1.59900000e-08  3.29932099e+00  1.59900000e-08  0.00000000e+00  1.59900000e-08  0.00000000e+00 
 1.60100000e-08  3.30000000e+00  1.60100000e-08  3.30000000e+00  1.60100000e-08  3.29912123e+00  1.60100000e-08  3.29932423e+00  1.60100000e-08  0.00000000e+00  1.60100000e-08  0.00000000e+00 
 1.60300000e-08  3.30000000e+00  1.60300000e-08  3.30000000e+00  1.60300000e-08  3.29912534e+00  1.60300000e-08  3.29932742e+00  1.60300000e-08  0.00000000e+00  1.60300000e-08  0.00000000e+00 
 1.60500000e-08  3.30000000e+00  1.60500000e-08  3.30000000e+00  1.60500000e-08  3.29912941e+00  1.60500000e-08  3.29933060e+00  1.60500000e-08  0.00000000e+00  1.60500000e-08  0.00000000e+00 
 1.60700000e-08  3.30000000e+00  1.60700000e-08  3.30000000e+00  1.60700000e-08  3.29913346e+00  1.60700000e-08  3.29933373e+00  1.60700000e-08  0.00000000e+00  1.60700000e-08  0.00000000e+00 
 1.60900000e-08  3.30000000e+00  1.60900000e-08  3.30000000e+00  1.60900000e-08  3.29913746e+00  1.60900000e-08  3.29933685e+00  1.60900000e-08  0.00000000e+00  1.60900000e-08  0.00000000e+00 
 1.61100000e-08  3.30000000e+00  1.61100000e-08  3.30000000e+00  1.61100000e-08  3.29914143e+00  1.61100000e-08  3.29933994e+00  1.61100000e-08  0.00000000e+00  1.61100000e-08  0.00000000e+00 
 1.61300000e-08  3.30000000e+00  1.61300000e-08  3.30000000e+00  1.61300000e-08  3.29914537e+00  1.61300000e-08  3.29934300e+00  1.61300000e-08  0.00000000e+00  1.61300000e-08  0.00000000e+00 
 1.61500000e-08  3.30000000e+00  1.61500000e-08  3.30000000e+00  1.61500000e-08  3.29914927e+00  1.61500000e-08  3.29934603e+00  1.61500000e-08  0.00000000e+00  1.61500000e-08  0.00000000e+00 
 1.61700000e-08  3.30000000e+00  1.61700000e-08  3.30000000e+00  1.61700000e-08  3.29915314e+00  1.61700000e-08  3.29934904e+00  1.61700000e-08  0.00000000e+00  1.61700000e-08  0.00000000e+00 
 1.61900000e-08  3.30000000e+00  1.61900000e-08  3.30000000e+00  1.61900000e-08  3.29915698e+00  1.61900000e-08  3.29935202e+00  1.61900000e-08  0.00000000e+00  1.61900000e-08  0.00000000e+00 
 1.62100000e-08  3.30000000e+00  1.62100000e-08  3.30000000e+00  1.62100000e-08  3.29916078e+00  1.62100000e-08  3.29935498e+00  1.62100000e-08  0.00000000e+00  1.62100000e-08  0.00000000e+00 
 1.62300000e-08  3.30000000e+00  1.62300000e-08  3.30000000e+00  1.62300000e-08  3.29916455e+00  1.62300000e-08  3.29935791e+00  1.62300000e-08  0.00000000e+00  1.62300000e-08  0.00000000e+00 
 1.62500000e-08  3.30000000e+00  1.62500000e-08  3.30000000e+00  1.62500000e-08  3.29916829e+00  1.62500000e-08  3.29936082e+00  1.62500000e-08  0.00000000e+00  1.62500000e-08  0.00000000e+00 
 1.62700000e-08  3.30000000e+00  1.62700000e-08  3.30000000e+00  1.62700000e-08  3.29917200e+00  1.62700000e-08  3.29936370e+00  1.62700000e-08  0.00000000e+00  1.62700000e-08  0.00000000e+00 
 1.62900000e-08  3.30000000e+00  1.62900000e-08  3.30000000e+00  1.62900000e-08  3.29917568e+00  1.62900000e-08  3.29936656e+00  1.62900000e-08  0.00000000e+00  1.62900000e-08  0.00000000e+00 
 1.63100000e-08  3.30000000e+00  1.63100000e-08  3.30000000e+00  1.63100000e-08  3.29917933e+00  1.63100000e-08  3.29936939e+00  1.63100000e-08  0.00000000e+00  1.63100000e-08  0.00000000e+00 
 1.63300000e-08  3.30000000e+00  1.63300000e-08  3.30000000e+00  1.63300000e-08  3.29918294e+00  1.63300000e-08  3.29937221e+00  1.63300000e-08  0.00000000e+00  1.63300000e-08  0.00000000e+00 
 1.63500000e-08  3.30000000e+00  1.63500000e-08  3.30000000e+00  1.63500000e-08  3.29918653e+00  1.63500000e-08  3.29937499e+00  1.63500000e-08  0.00000000e+00  1.63500000e-08  0.00000000e+00 
 1.63700000e-08  3.30000000e+00  1.63700000e-08  3.30000000e+00  1.63700000e-08  3.29919009e+00  1.63700000e-08  3.29937776e+00  1.63700000e-08  0.00000000e+00  1.63700000e-08  0.00000000e+00 
 1.63900000e-08  3.30000000e+00  1.63900000e-08  3.30000000e+00  1.63900000e-08  3.29919362e+00  1.63900000e-08  3.29938049e+00  1.63900000e-08  0.00000000e+00  1.63900000e-08  0.00000000e+00 
 1.64100000e-08  3.30000000e+00  1.64100000e-08  3.30000000e+00  1.64100000e-08  3.29919711e+00  1.64100000e-08  3.29938322e+00  1.64100000e-08  0.00000000e+00  1.64100000e-08  0.00000000e+00 
 1.64300000e-08  3.30000000e+00  1.64300000e-08  3.30000000e+00  1.64300000e-08  3.29920059e+00  1.64300000e-08  3.29938591e+00  1.64300000e-08  0.00000000e+00  1.64300000e-08  0.00000000e+00 
 1.64500000e-08  3.30000000e+00  1.64500000e-08  3.30000000e+00  1.64500000e-08  3.29920403e+00  1.64500000e-08  3.29938859e+00  1.64500000e-08  0.00000000e+00  1.64500000e-08  0.00000000e+00 
 1.64700000e-08  3.30000000e+00  1.64700000e-08  3.30000000e+00  1.64700000e-08  3.29920745e+00  1.64700000e-08  3.29939124e+00  1.64700000e-08  0.00000000e+00  1.64700000e-08  0.00000000e+00 
 1.64900000e-08  3.30000000e+00  1.64900000e-08  3.30000000e+00  1.64900000e-08  3.29921083e+00  1.64900000e-08  3.29939387e+00  1.64900000e-08  0.00000000e+00  1.64900000e-08  0.00000000e+00 
 1.65100000e-08  3.30000000e+00  1.65100000e-08  3.30000000e+00  1.65100000e-08  3.29921419e+00  1.65100000e-08  3.29939648e+00  1.65100000e-08  0.00000000e+00  1.65100000e-08  0.00000000e+00 
 1.65300000e-08  3.30000000e+00  1.65300000e-08  3.30000000e+00  1.65300000e-08  3.29921752e+00  1.65300000e-08  3.29939907e+00  1.65300000e-08  0.00000000e+00  1.65300000e-08  0.00000000e+00 
 1.65500000e-08  3.30000000e+00  1.65500000e-08  3.30000000e+00  1.65500000e-08  3.29922083e+00  1.65500000e-08  3.29940163e+00  1.65500000e-08  0.00000000e+00  1.65500000e-08  0.00000000e+00 
 1.65700000e-08  3.30000000e+00  1.65700000e-08  3.30000000e+00  1.65700000e-08  3.29922411e+00  1.65700000e-08  3.29940418e+00  1.65700000e-08  0.00000000e+00  1.65700000e-08  0.00000000e+00 
 1.65900000e-08  3.30000000e+00  1.65900000e-08  3.30000000e+00  1.65900000e-08  3.29922737e+00  1.65900000e-08  3.29940671e+00  1.65900000e-08  0.00000000e+00  1.65900000e-08  0.00000000e+00 
 1.66100000e-08  3.30000000e+00  1.66100000e-08  3.30000000e+00  1.66100000e-08  3.29923060e+00  1.66100000e-08  3.29940922e+00  1.66100000e-08  0.00000000e+00  1.66100000e-08  0.00000000e+00 
 1.66300000e-08  3.30000000e+00  1.66300000e-08  3.30000000e+00  1.66300000e-08  3.29923380e+00  1.66300000e-08  3.29941170e+00  1.66300000e-08  0.00000000e+00  1.66300000e-08  0.00000000e+00 
 1.66500000e-08  3.30000000e+00  1.66500000e-08  3.30000000e+00  1.66500000e-08  3.29923698e+00  1.66500000e-08  3.29941417e+00  1.66500000e-08  0.00000000e+00  1.66500000e-08  0.00000000e+00 
 1.66700000e-08  3.30000000e+00  1.66700000e-08  3.30000000e+00  1.66700000e-08  3.29924014e+00  1.66700000e-08  3.29941662e+00  1.66700000e-08  0.00000000e+00  1.66700000e-08  0.00000000e+00 
 1.66900000e-08  3.30000000e+00  1.66900000e-08  3.30000000e+00  1.66900000e-08  3.29924326e+00  1.66900000e-08  3.29941905e+00  1.66900000e-08  0.00000000e+00  1.66900000e-08  0.00000000e+00 
 1.67100000e-08  3.30000000e+00  1.67100000e-08  3.30000000e+00  1.67100000e-08  3.29924637e+00  1.67100000e-08  3.29942146e+00  1.67100000e-08  0.00000000e+00  1.67100000e-08  0.00000000e+00 
 1.67300000e-08  3.30000000e+00  1.67300000e-08  3.30000000e+00  1.67300000e-08  3.29924945e+00  1.67300000e-08  3.29942385e+00  1.67300000e-08  0.00000000e+00  1.67300000e-08  0.00000000e+00 
 1.67500000e-08  3.30000000e+00  1.67500000e-08  3.30000000e+00  1.67500000e-08  3.29925251e+00  1.67500000e-08  3.29942622e+00  1.67500000e-08  0.00000000e+00  1.67500000e-08  0.00000000e+00 
 1.67700000e-08  3.30000000e+00  1.67700000e-08  3.30000000e+00  1.67700000e-08  3.29925554e+00  1.67700000e-08  3.29942858e+00  1.67700000e-08  0.00000000e+00  1.67700000e-08  0.00000000e+00 
 1.67900000e-08  3.30000000e+00  1.67900000e-08  3.30000000e+00  1.67900000e-08  3.29925856e+00  1.67900000e-08  3.29943091e+00  1.67900000e-08  0.00000000e+00  1.67900000e-08  0.00000000e+00 
 1.68100000e-08  3.30000000e+00  1.68100000e-08  3.30000000e+00  1.68100000e-08  3.29926154e+00  1.68100000e-08  3.29943323e+00  1.68100000e-08  0.00000000e+00  1.68100000e-08  0.00000000e+00 
 1.68300000e-08  3.30000000e+00  1.68300000e-08  3.30000000e+00  1.68300000e-08  3.29926451e+00  1.68300000e-08  3.29943553e+00  1.68300000e-08  0.00000000e+00  1.68300000e-08  0.00000000e+00 
 1.68500000e-08  3.30000000e+00  1.68500000e-08  3.30000000e+00  1.68500000e-08  3.29926745e+00  1.68500000e-08  3.29943782e+00  1.68500000e-08  0.00000000e+00  1.68500000e-08  0.00000000e+00 
 1.68700000e-08  3.30000000e+00  1.68700000e-08  3.30000000e+00  1.68700000e-08  3.29927038e+00  1.68700000e-08  3.29944008e+00  1.68700000e-08  0.00000000e+00  1.68700000e-08  0.00000000e+00 
 1.68900000e-08  3.30000000e+00  1.68900000e-08  3.30000000e+00  1.68900000e-08  3.29927328e+00  1.68900000e-08  3.29944233e+00  1.68900000e-08  0.00000000e+00  1.68900000e-08  0.00000000e+00 
 1.69100000e-08  3.30000000e+00  1.69100000e-08  3.30000000e+00  1.69100000e-08  3.29927616e+00  1.69100000e-08  3.29944456e+00  1.69100000e-08  0.00000000e+00  1.69100000e-08  0.00000000e+00 
 1.69300000e-08  3.30000000e+00  1.69300000e-08  3.30000000e+00  1.69300000e-08  3.29927901e+00  1.69300000e-08  3.29944678e+00  1.69300000e-08  0.00000000e+00  1.69300000e-08  0.00000000e+00 
 1.69500000e-08  3.30000000e+00  1.69500000e-08  3.30000000e+00  1.69500000e-08  3.29928185e+00  1.69500000e-08  3.29944897e+00  1.69500000e-08  0.00000000e+00  1.69500000e-08  0.00000000e+00 
 1.69700000e-08  3.30000000e+00  1.69700000e-08  3.30000000e+00  1.69700000e-08  3.29928466e+00  1.69700000e-08  3.29945116e+00  1.69700000e-08  0.00000000e+00  1.69700000e-08  0.00000000e+00 
 1.69900000e-08  3.30000000e+00  1.69900000e-08  3.30000000e+00  1.69900000e-08  3.29928746e+00  1.69900000e-08  3.29945332e+00  1.69900000e-08  0.00000000e+00  1.69900000e-08  0.00000000e+00 
 1.70100000e-08  3.30000000e+00  1.70100000e-08  3.30000000e+00  1.70100000e-08  3.29929023e+00  1.70100000e-08  3.29945548e+00  1.70100000e-08  0.00000000e+00  1.70100000e-08  0.00000000e+00 
 1.70300000e-08  3.30000000e+00  1.70300000e-08  3.30000000e+00  1.70300000e-08  3.29929298e+00  1.70300000e-08  3.29945761e+00  1.70300000e-08  0.00000000e+00  1.70300000e-08  0.00000000e+00 
 1.70500000e-08  3.30000000e+00  1.70500000e-08  3.30000000e+00  1.70500000e-08  3.29929571e+00  1.70500000e-08  3.29945973e+00  1.70500000e-08  0.00000000e+00  1.70500000e-08  0.00000000e+00 
 1.70700000e-08  3.30000000e+00  1.70700000e-08  3.30000000e+00  1.70700000e-08  3.29929843e+00  1.70700000e-08  3.29946183e+00  1.70700000e-08  0.00000000e+00  1.70700000e-08  0.00000000e+00 
 1.70900000e-08  3.30000000e+00  1.70900000e-08  3.30000000e+00  1.70900000e-08  3.29930112e+00  1.70900000e-08  3.29946392e+00  1.70900000e-08  0.00000000e+00  1.70900000e-08  0.00000000e+00 
 1.71100000e-08  3.30000000e+00  1.71100000e-08  3.30000000e+00  1.71100000e-08  3.29930379e+00  1.71100000e-08  3.29946599e+00  1.71100000e-08  0.00000000e+00  1.71100000e-08  0.00000000e+00 
 1.71300000e-08  3.30000000e+00  1.71300000e-08  3.30000000e+00  1.71300000e-08  3.29930645e+00  1.71300000e-08  3.29946805e+00  1.71300000e-08  0.00000000e+00  1.71300000e-08  0.00000000e+00 
 1.71500000e-08  3.30000000e+00  1.71500000e-08  3.30000000e+00  1.71500000e-08  3.29930908e+00  1.71500000e-08  3.29947009e+00  1.71500000e-08  0.00000000e+00  1.71500000e-08  0.00000000e+00 
 1.71700000e-08  3.30000000e+00  1.71700000e-08  3.30000000e+00  1.71700000e-08  3.29931170e+00  1.71700000e-08  3.29947212e+00  1.71700000e-08  0.00000000e+00  1.71700000e-08  0.00000000e+00 
 1.71900000e-08  3.30000000e+00  1.71900000e-08  3.30000000e+00  1.71900000e-08  3.29931430e+00  1.71900000e-08  3.29947413e+00  1.71900000e-08  0.00000000e+00  1.71900000e-08  0.00000000e+00 
 1.72100000e-08  3.30000000e+00  1.72100000e-08  3.30000000e+00  1.72100000e-08  3.29931687e+00  1.72100000e-08  3.29947613e+00  1.72100000e-08  0.00000000e+00  1.72100000e-08  0.00000000e+00 
 1.72300000e-08  3.30000000e+00  1.72300000e-08  3.30000000e+00  1.72300000e-08  3.29931944e+00  1.72300000e-08  3.29947811e+00  1.72300000e-08  0.00000000e+00  1.72300000e-08  0.00000000e+00 
 1.72500000e-08  3.30000000e+00  1.72500000e-08  3.30000000e+00  1.72500000e-08  3.29932198e+00  1.72500000e-08  3.29948009e+00  1.72500000e-08  0.00000000e+00  1.72500000e-08  0.00000000e+00 
 1.72700000e-08  3.30000000e+00  1.72700000e-08  3.30000000e+00  1.72700000e-08  3.29932451e+00  1.72700000e-08  3.29948204e+00  1.72700000e-08  0.00000000e+00  1.72700000e-08  0.00000000e+00 
 1.72900000e-08  3.30000000e+00  1.72900000e-08  3.30000000e+00  1.72900000e-08  3.29932701e+00  1.72900000e-08  3.29948399e+00  1.72900000e-08  0.00000000e+00  1.72900000e-08  0.00000000e+00 
 1.73100000e-08  3.30000000e+00  1.73100000e-08  3.30000000e+00  1.73100000e-08  3.29932950e+00  1.73100000e-08  3.29948591e+00  1.73100000e-08  0.00000000e+00  1.73100000e-08  0.00000000e+00 
 1.73300000e-08  3.30000000e+00  1.73300000e-08  3.30000000e+00  1.73300000e-08  3.29933197e+00  1.73300000e-08  3.29948783e+00  1.73300000e-08  0.00000000e+00  1.73300000e-08  0.00000000e+00 
 1.73500000e-08  3.30000000e+00  1.73500000e-08  3.30000000e+00  1.73500000e-08  3.29933443e+00  1.73500000e-08  3.29948973e+00  1.73500000e-08  0.00000000e+00  1.73500000e-08  0.00000000e+00 
 1.73700000e-08  3.30000000e+00  1.73700000e-08  3.30000000e+00  1.73700000e-08  3.29933687e+00  1.73700000e-08  3.29949162e+00  1.73700000e-08  0.00000000e+00  1.73700000e-08  0.00000000e+00 
 1.73900000e-08  3.30000000e+00  1.73900000e-08  3.30000000e+00  1.73900000e-08  3.29933929e+00  1.73900000e-08  3.29949349e+00  1.73900000e-08  0.00000000e+00  1.73900000e-08  0.00000000e+00 
 1.74100000e-08  3.30000000e+00  1.74100000e-08  3.30000000e+00  1.74100000e-08  3.29934169e+00  1.74100000e-08  3.29949536e+00  1.74100000e-08  0.00000000e+00  1.74100000e-08  0.00000000e+00 
 1.74300000e-08  3.30000000e+00  1.74300000e-08  3.30000000e+00  1.74300000e-08  3.29934409e+00  1.74300000e-08  3.29949720e+00  1.74300000e-08  0.00000000e+00  1.74300000e-08  0.00000000e+00 
 1.74500000e-08  3.30000000e+00  1.74500000e-08  3.30000000e+00  1.74500000e-08  3.29934646e+00  1.74500000e-08  3.29949904e+00  1.74500000e-08  0.00000000e+00  1.74500000e-08  0.00000000e+00 
 1.74700000e-08  3.30000000e+00  1.74700000e-08  3.30000000e+00  1.74700000e-08  3.29934881e+00  1.74700000e-08  3.29950086e+00  1.74700000e-08  0.00000000e+00  1.74700000e-08  0.00000000e+00 
 1.74900000e-08  3.30000000e+00  1.74900000e-08  3.30000000e+00  1.74900000e-08  3.29935115e+00  1.74900000e-08  3.29950268e+00  1.74900000e-08  0.00000000e+00  1.74900000e-08  0.00000000e+00 
 1.75100000e-08  3.30000000e+00  1.75100000e-08  3.30000000e+00  1.75100000e-08  3.29935348e+00  1.75100000e-08  3.29950447e+00  1.75100000e-08  0.00000000e+00  1.75100000e-08  0.00000000e+00 
 1.75300000e-08  3.30000000e+00  1.75300000e-08  3.30000000e+00  1.75300000e-08  3.29935578e+00  1.75300000e-08  3.29950627e+00  1.75300000e-08  0.00000000e+00  1.75300000e-08  0.00000000e+00 
 1.75500000e-08  3.30000000e+00  1.75500000e-08  3.30000000e+00  1.75500000e-08  3.29935808e+00  1.75500000e-08  3.29950804e+00  1.75500000e-08  0.00000000e+00  1.75500000e-08  0.00000000e+00 
 1.75700000e-08  3.30000000e+00  1.75700000e-08  3.30000000e+00  1.75700000e-08  3.29936035e+00  1.75700000e-08  3.29950980e+00  1.75700000e-08  0.00000000e+00  1.75700000e-08  0.00000000e+00 
 1.75900000e-08  3.30000000e+00  1.75900000e-08  3.30000000e+00  1.75900000e-08  3.29936262e+00  1.75900000e-08  3.29951155e+00  1.75900000e-08  0.00000000e+00  1.75900000e-08  0.00000000e+00 
 1.76100000e-08  3.30000000e+00  1.76100000e-08  3.30000000e+00  1.76100000e-08  3.29936486e+00  1.76100000e-08  3.29951329e+00  1.76100000e-08  0.00000000e+00  1.76100000e-08  0.00000000e+00 
 1.76300000e-08  3.30000000e+00  1.76300000e-08  3.30000000e+00  1.76300000e-08  3.29936710e+00  1.76300000e-08  3.29951502e+00  1.76300000e-08  0.00000000e+00  1.76300000e-08  0.00000000e+00 
 1.76500000e-08  3.30000000e+00  1.76500000e-08  3.30000000e+00  1.76500000e-08  3.29936931e+00  1.76500000e-08  3.29951674e+00  1.76500000e-08  0.00000000e+00  1.76500000e-08  0.00000000e+00 
 1.76700000e-08  3.30000000e+00  1.76700000e-08  3.30000000e+00  1.76700000e-08  3.29937152e+00  1.76700000e-08  3.29951844e+00  1.76700000e-08  0.00000000e+00  1.76700000e-08  0.00000000e+00 
 1.76900000e-08  3.30000000e+00  1.76900000e-08  3.30000000e+00  1.76900000e-08  3.29937370e+00  1.76900000e-08  3.29952014e+00  1.76900000e-08  0.00000000e+00  1.76900000e-08  0.00000000e+00 
 1.77100000e-08  3.30000000e+00  1.77100000e-08  3.30000000e+00  1.77100000e-08  3.29937588e+00  1.77100000e-08  3.29952181e+00  1.77100000e-08  0.00000000e+00  1.77100000e-08  0.00000000e+00 
 1.77300000e-08  3.30000000e+00  1.77300000e-08  3.30000000e+00  1.77300000e-08  3.29937804e+00  1.77300000e-08  3.29952349e+00  1.77300000e-08  0.00000000e+00  1.77300000e-08  0.00000000e+00 
 1.77500000e-08  3.30000000e+00  1.77500000e-08  3.30000000e+00  1.77500000e-08  3.29938019e+00  1.77500000e-08  3.29952514e+00  1.77500000e-08  0.00000000e+00  1.77500000e-08  0.00000000e+00 
 1.77700000e-08  3.30000000e+00  1.77700000e-08  3.30000000e+00  1.77700000e-08  3.29938231e+00  1.77700000e-08  3.29952680e+00  1.77700000e-08  0.00000000e+00  1.77700000e-08  0.00000000e+00 
 1.77900000e-08  3.30000000e+00  1.77900000e-08  3.30000000e+00  1.77900000e-08  3.29938444e+00  1.77900000e-08  3.29952843e+00  1.77900000e-08  0.00000000e+00  1.77900000e-08  0.00000000e+00 
 1.78100000e-08  3.30000000e+00  1.78100000e-08  3.30000000e+00  1.78100000e-08  3.29938654e+00  1.78100000e-08  3.29953006e+00  1.78100000e-08  0.00000000e+00  1.78100000e-08  0.00000000e+00 
 1.78300000e-08  3.30000000e+00  1.78300000e-08  3.30000000e+00  1.78300000e-08  3.29938863e+00  1.78300000e-08  3.29953168e+00  1.78300000e-08  0.00000000e+00  1.78300000e-08  0.00000000e+00 
 1.78500000e-08  3.30000000e+00  1.78500000e-08  3.30000000e+00  1.78500000e-08  3.29939070e+00  1.78500000e-08  3.29953329e+00  1.78500000e-08  0.00000000e+00  1.78500000e-08  0.00000000e+00 
 1.78700000e-08  3.30000000e+00  1.78700000e-08  3.30000000e+00  1.78700000e-08  3.29939277e+00  1.78700000e-08  3.29953488e+00  1.78700000e-08  0.00000000e+00  1.78700000e-08  0.00000000e+00 
 1.78900000e-08  3.30000000e+00  1.78900000e-08  3.30000000e+00  1.78900000e-08  3.29939482e+00  1.78900000e-08  3.29953647e+00  1.78900000e-08  0.00000000e+00  1.78900000e-08  0.00000000e+00 
 1.79100000e-08  3.30000000e+00  1.79100000e-08  3.30000000e+00  1.79100000e-08  3.29939686e+00  1.79100000e-08  3.29953804e+00  1.79100000e-08  0.00000000e+00  1.79100000e-08  0.00000000e+00 
 1.79300000e-08  3.30000000e+00  1.79300000e-08  3.30000000e+00  1.79300000e-08  3.29939888e+00  1.79300000e-08  3.29953961e+00  1.79300000e-08  0.00000000e+00  1.79300000e-08  0.00000000e+00 
 1.79500000e-08  3.30000000e+00  1.79500000e-08  3.30000000e+00  1.79500000e-08  3.29940089e+00  1.79500000e-08  3.29954116e+00  1.79500000e-08  0.00000000e+00  1.79500000e-08  0.00000000e+00 
 1.79700000e-08  3.30000000e+00  1.79700000e-08  3.30000000e+00  1.79700000e-08  3.29940289e+00  1.79700000e-08  3.29954271e+00  1.79700000e-08  0.00000000e+00  1.79700000e-08  0.00000000e+00 
 1.79900000e-08  3.30000000e+00  1.79900000e-08  3.30000000e+00  1.79900000e-08  3.29940488e+00  1.79900000e-08  3.29954424e+00  1.79900000e-08  0.00000000e+00  1.79900000e-08  0.00000000e+00 
 1.80100000e-08  3.30000000e+00  1.80100000e-08  3.30000000e+00  1.80100000e-08  3.29940685e+00  1.80100000e-08  3.29954577e+00  1.80100000e-08  0.00000000e+00  1.80100000e-08  0.00000000e+00 
 1.80300000e-08  3.30000000e+00  1.80300000e-08  3.30000000e+00  1.80300000e-08  3.29940881e+00  1.80300000e-08  3.29954729e+00  1.80300000e-08  0.00000000e+00  1.80300000e-08  0.00000000e+00 
 1.80500000e-08  3.30000000e+00  1.80500000e-08  3.30000000e+00  1.80500000e-08  3.29941076e+00  1.80500000e-08  3.29954880e+00  1.80500000e-08  0.00000000e+00  1.80500000e-08  0.00000000e+00 
 1.80700000e-08  3.30000000e+00  1.80700000e-08  3.30000000e+00  1.80700000e-08  3.29941270e+00  1.80700000e-08  3.29955029e+00  1.80700000e-08  0.00000000e+00  1.80700000e-08  0.00000000e+00 
 1.80900000e-08  3.30000000e+00  1.80900000e-08  3.30000000e+00  1.80900000e-08  3.29941462e+00  1.80900000e-08  3.29955178e+00  1.80900000e-08  0.00000000e+00  1.80900000e-08  0.00000000e+00 
 1.81100000e-08  3.30000000e+00  1.81100000e-08  3.30000000e+00  1.81100000e-08  3.29941654e+00  1.81100000e-08  3.29955326e+00  1.81100000e-08  0.00000000e+00  1.81100000e-08  0.00000000e+00 
 1.81300000e-08  3.30000000e+00  1.81300000e-08  3.30000000e+00  1.81300000e-08  3.29941844e+00  1.81300000e-08  3.29955473e+00  1.81300000e-08  0.00000000e+00  1.81300000e-08  0.00000000e+00 
 1.81500000e-08  3.30000000e+00  1.81500000e-08  3.30000000e+00  1.81500000e-08  3.29942033e+00  1.81500000e-08  3.29955619e+00  1.81500000e-08  0.00000000e+00  1.81500000e-08  0.00000000e+00 
 1.81700000e-08  3.30000000e+00  1.81700000e-08  3.30000000e+00  1.81700000e-08  3.29942220e+00  1.81700000e-08  3.29955764e+00  1.81700000e-08  0.00000000e+00  1.81700000e-08  0.00000000e+00 
 1.81900000e-08  3.30000000e+00  1.81900000e-08  3.30000000e+00  1.81900000e-08  3.29942407e+00  1.81900000e-08  3.29955908e+00  1.81900000e-08  0.00000000e+00  1.81900000e-08  0.00000000e+00 
 1.82100000e-08  3.30000000e+00  1.82100000e-08  3.30000000e+00  1.82100000e-08  3.29942593e+00  1.82100000e-08  3.29956052e+00  1.82100000e-08  0.00000000e+00  1.82100000e-08  0.00000000e+00 
 1.82300000e-08  3.30000000e+00  1.82300000e-08  3.30000000e+00  1.82300000e-08  3.29942777e+00  1.82300000e-08  3.29956194e+00  1.82300000e-08  0.00000000e+00  1.82300000e-08  0.00000000e+00 
 1.82500000e-08  3.30000000e+00  1.82500000e-08  3.30000000e+00  1.82500000e-08  3.29942960e+00  1.82500000e-08  3.29956336e+00  1.82500000e-08  0.00000000e+00  1.82500000e-08  0.00000000e+00 
 1.82700000e-08  3.30000000e+00  1.82700000e-08  3.30000000e+00  1.82700000e-08  3.29943143e+00  1.82700000e-08  3.29956476e+00  1.82700000e-08  0.00000000e+00  1.82700000e-08  0.00000000e+00 
 1.82900000e-08  3.30000000e+00  1.82900000e-08  3.30000000e+00  1.82900000e-08  3.29943323e+00  1.82900000e-08  3.29956617e+00  1.82900000e-08  0.00000000e+00  1.82900000e-08  0.00000000e+00 
 1.83100000e-08  3.30000000e+00  1.83100000e-08  3.30000000e+00  1.83100000e-08  3.29943504e+00  1.83100000e-08  3.29956755e+00  1.83100000e-08  0.00000000e+00  1.83100000e-08  0.00000000e+00 
 1.83300000e-08  3.30000000e+00  1.83300000e-08  3.30000000e+00  1.83300000e-08  3.29943682e+00  1.83300000e-08  3.29956894e+00  1.83300000e-08  0.00000000e+00  1.83300000e-08  0.00000000e+00 
 1.83500000e-08  3.30000000e+00  1.83500000e-08  3.30000000e+00  1.83500000e-08  3.29943860e+00  1.83500000e-08  3.29957031e+00  1.83500000e-08  0.00000000e+00  1.83500000e-08  0.00000000e+00 
 1.83700000e-08  3.30000000e+00  1.83700000e-08  3.30000000e+00  1.83700000e-08  3.29944037e+00  1.83700000e-08  3.29957168e+00  1.83700000e-08  0.00000000e+00  1.83700000e-08  0.00000000e+00 
 1.83900000e-08  3.30000000e+00  1.83900000e-08  3.30000000e+00  1.83900000e-08  3.29944213e+00  1.83900000e-08  3.29957303e+00  1.83900000e-08  0.00000000e+00  1.83900000e-08  0.00000000e+00 
 1.84100000e-08  3.30000000e+00  1.84100000e-08  3.30000000e+00  1.84100000e-08  3.29944387e+00  1.84100000e-08  3.29957438e+00  1.84100000e-08  0.00000000e+00  1.84100000e-08  0.00000000e+00 
 1.84300000e-08  3.30000000e+00  1.84300000e-08  3.30000000e+00  1.84300000e-08  3.29944561e+00  1.84300000e-08  3.29957572e+00  1.84300000e-08  0.00000000e+00  1.84300000e-08  0.00000000e+00 
 1.84500000e-08  3.30000000e+00  1.84500000e-08  3.30000000e+00  1.84500000e-08  3.29944733e+00  1.84500000e-08  3.29957706e+00  1.84500000e-08  0.00000000e+00  1.84500000e-08  0.00000000e+00 
 1.84700000e-08  3.30000000e+00  1.84700000e-08  3.30000000e+00  1.84700000e-08  3.29944905e+00  1.84700000e-08  3.29957838e+00  1.84700000e-08  0.00000000e+00  1.84700000e-08  0.00000000e+00 
 1.84900000e-08  3.30000000e+00  1.84900000e-08  3.30000000e+00  1.84900000e-08  3.29945075e+00  1.84900000e-08  3.29957970e+00  1.84900000e-08  0.00000000e+00  1.84900000e-08  0.00000000e+00 
 1.85100000e-08  3.30000000e+00  1.85100000e-08  3.30000000e+00  1.85100000e-08  3.29945245e+00  1.85100000e-08  3.29958100e+00  1.85100000e-08  0.00000000e+00  1.85100000e-08  0.00000000e+00 
 1.85300000e-08  3.30000000e+00  1.85300000e-08  3.30000000e+00  1.85300000e-08  3.29945414e+00  1.85300000e-08  3.29958231e+00  1.85300000e-08  0.00000000e+00  1.85300000e-08  0.00000000e+00 
 1.85500000e-08  3.30000000e+00  1.85500000e-08  3.30000000e+00  1.85500000e-08  3.29945581e+00  1.85500000e-08  3.29958360e+00  1.85500000e-08  0.00000000e+00  1.85500000e-08  0.00000000e+00 
 1.85700000e-08  3.30000000e+00  1.85700000e-08  3.30000000e+00  1.85700000e-08  3.29945748e+00  1.85700000e-08  3.29958489e+00  1.85700000e-08  0.00000000e+00  1.85700000e-08  0.00000000e+00 
 1.85900000e-08  3.30000000e+00  1.85900000e-08  3.30000000e+00  1.85900000e-08  3.29945914e+00  1.85900000e-08  3.29958616e+00  1.85900000e-08  0.00000000e+00  1.85900000e-08  0.00000000e+00 
 1.86100000e-08  3.30000000e+00  1.86100000e-08  3.30000000e+00  1.86100000e-08  3.29946078e+00  1.86100000e-08  3.29958744e+00  1.86100000e-08  0.00000000e+00  1.86100000e-08  0.00000000e+00 
 1.86300000e-08  3.30000000e+00  1.86300000e-08  3.30000000e+00  1.86300000e-08  3.29946242e+00  1.86300000e-08  3.29958870e+00  1.86300000e-08  0.00000000e+00  1.86300000e-08  0.00000000e+00 
 1.86500000e-08  3.30000000e+00  1.86500000e-08  3.30000000e+00  1.86500000e-08  3.29946405e+00  1.86500000e-08  3.29958996e+00  1.86500000e-08  0.00000000e+00  1.86500000e-08  0.00000000e+00 
 1.86700000e-08  3.30000000e+00  1.86700000e-08  3.30000000e+00  1.86700000e-08  3.29946567e+00  1.86700000e-08  3.29959121e+00  1.86700000e-08  0.00000000e+00  1.86700000e-08  0.00000000e+00 
 1.86900000e-08  3.30000000e+00  1.86900000e-08  3.30000000e+00  1.86900000e-08  3.29946727e+00  1.86900000e-08  3.29959245e+00  1.86900000e-08  0.00000000e+00  1.86900000e-08  0.00000000e+00 
 1.87100000e-08  3.30000000e+00  1.87100000e-08  3.30000000e+00  1.87100000e-08  3.29946888e+00  1.87100000e-08  3.29959368e+00  1.87100000e-08  0.00000000e+00  1.87100000e-08  0.00000000e+00 
 1.87300000e-08  3.30000000e+00  1.87300000e-08  3.30000000e+00  1.87300000e-08  3.29947047e+00  1.87300000e-08  3.29959492e+00  1.87300000e-08  0.00000000e+00  1.87300000e-08  0.00000000e+00 
 1.87500000e-08  3.30000000e+00  1.87500000e-08  3.30000000e+00  1.87500000e-08  3.29947205e+00  1.87500000e-08  3.29959613e+00  1.87500000e-08  0.00000000e+00  1.87500000e-08  0.00000000e+00 
 1.87700000e-08  3.30000000e+00  1.87700000e-08  3.30000000e+00  1.87700000e-08  3.29947362e+00  1.87700000e-08  3.29959735e+00  1.87700000e-08  0.00000000e+00  1.87700000e-08  0.00000000e+00 
 1.87900000e-08  3.30000000e+00  1.87900000e-08  3.30000000e+00  1.87900000e-08  3.29947519e+00  1.87900000e-08  3.29959855e+00  1.87900000e-08  0.00000000e+00  1.87900000e-08  0.00000000e+00 
 1.88100000e-08  3.30000000e+00  1.88100000e-08  3.30000000e+00  1.88100000e-08  3.29947674e+00  1.88100000e-08  3.29959976e+00  1.88100000e-08  0.00000000e+00  1.88100000e-08  0.00000000e+00 
 1.88300000e-08  3.30000000e+00  1.88300000e-08  3.30000000e+00  1.88300000e-08  3.29947829e+00  1.88300000e-08  3.29960095e+00  1.88300000e-08  0.00000000e+00  1.88300000e-08  0.00000000e+00 
 1.88500000e-08  3.30000000e+00  1.88500000e-08  3.30000000e+00  1.88500000e-08  3.29947982e+00  1.88500000e-08  3.29960214e+00  1.88500000e-08  0.00000000e+00  1.88500000e-08  0.00000000e+00 
 1.88700000e-08  3.30000000e+00  1.88700000e-08  3.30000000e+00  1.88700000e-08  3.29948136e+00  1.88700000e-08  3.29960332e+00  1.88700000e-08  0.00000000e+00  1.88700000e-08  0.00000000e+00 
 1.88900000e-08  3.30000000e+00  1.88900000e-08  3.30000000e+00  1.88900000e-08  3.29948287e+00  1.88900000e-08  3.29960449e+00  1.88900000e-08  0.00000000e+00  1.88900000e-08  0.00000000e+00 
 1.89100000e-08  3.30000000e+00  1.89100000e-08  3.30000000e+00  1.89100000e-08  3.29948439e+00  1.89100000e-08  3.29960566e+00  1.89100000e-08  0.00000000e+00  1.89100000e-08  0.00000000e+00 
 1.89300000e-08  3.30000000e+00  1.89300000e-08  3.30000000e+00  1.89300000e-08  3.29948589e+00  1.89300000e-08  3.29960682e+00  1.89300000e-08  0.00000000e+00  1.89300000e-08  0.00000000e+00 
 1.89500000e-08  3.30000000e+00  1.89500000e-08  3.30000000e+00  1.89500000e-08  3.29948739e+00  1.89500000e-08  3.29960797e+00  1.89500000e-08  0.00000000e+00  1.89500000e-08  0.00000000e+00 
 1.89700000e-08  3.30000000e+00  1.89700000e-08  3.30000000e+00  1.89700000e-08  3.29948887e+00  1.89700000e-08  3.29960912e+00  1.89700000e-08  0.00000000e+00  1.89700000e-08  0.00000000e+00 
 1.89900000e-08  3.30000000e+00  1.89900000e-08  3.30000000e+00  1.89900000e-08  3.29949036e+00  1.89900000e-08  3.29961026e+00  1.89900000e-08  0.00000000e+00  1.89900000e-08  0.00000000e+00 
 1.90100000e-08  3.30000000e+00  1.90100000e-08  3.30000000e+00  1.90100000e-08  3.29949183e+00  1.90100000e-08  3.29961140e+00  1.90100000e-08  0.00000000e+00  1.90100000e-08  0.00000000e+00 
 1.90300000e-08  3.30000000e+00  1.90300000e-08  3.30000000e+00  1.90300000e-08  3.29949329e+00  1.90300000e-08  3.29961252e+00  1.90300000e-08  0.00000000e+00  1.90300000e-08  0.00000000e+00 
 1.90500000e-08  3.30000000e+00  1.90500000e-08  3.30000000e+00  1.90500000e-08  3.29949474e+00  1.90500000e-08  3.29961365e+00  1.90500000e-08  0.00000000e+00  1.90500000e-08  0.00000000e+00 
 1.90700000e-08  3.30000000e+00  1.90700000e-08  3.30000000e+00  1.90700000e-08  3.29949619e+00  1.90700000e-08  3.29961476e+00  1.90700000e-08  0.00000000e+00  1.90700000e-08  0.00000000e+00 
 1.90900000e-08  3.30000000e+00  1.90900000e-08  3.30000000e+00  1.90900000e-08  3.29949763e+00  1.90900000e-08  3.29961588e+00  1.90900000e-08  0.00000000e+00  1.90900000e-08  0.00000000e+00 
 1.91100000e-08  3.30000000e+00  1.91100000e-08  3.30000000e+00  1.91100000e-08  3.29949906e+00  1.91100000e-08  3.29961697e+00  1.91100000e-08  0.00000000e+00  1.91100000e-08  0.00000000e+00 
 1.91300000e-08  3.30000000e+00  1.91300000e-08  3.30000000e+00  1.91300000e-08  3.29950049e+00  1.91300000e-08  3.29961808e+00  1.91300000e-08  0.00000000e+00  1.91300000e-08  0.00000000e+00 
 1.91500000e-08  3.30000000e+00  1.91500000e-08  3.30000000e+00  1.91500000e-08  3.29950190e+00  1.91500000e-08  3.29961916e+00  1.91500000e-08  0.00000000e+00  1.91500000e-08  0.00000000e+00 
 1.91700000e-08  3.30000000e+00  1.91700000e-08  3.30000000e+00  1.91700000e-08  3.29950331e+00  1.91700000e-08  3.29962026e+00  1.91700000e-08  0.00000000e+00  1.91700000e-08  0.00000000e+00 
 1.91900000e-08  3.30000000e+00  1.91900000e-08  3.30000000e+00  1.91900000e-08  3.29950471e+00  1.91900000e-08  3.29962133e+00  1.91900000e-08  0.00000000e+00  1.91900000e-08  0.00000000e+00 
 1.92100000e-08  3.30000000e+00  1.92100000e-08  3.30000000e+00  1.92100000e-08  3.29950610e+00  1.92100000e-08  3.29962241e+00  1.92100000e-08  0.00000000e+00  1.92100000e-08  0.00000000e+00 
 1.92300000e-08  3.30000000e+00  1.92300000e-08  3.30000000e+00  1.92300000e-08  3.29950749e+00  1.92300000e-08  3.29962347e+00  1.92300000e-08  0.00000000e+00  1.92300000e-08  0.00000000e+00 
 1.92500000e-08  3.30000000e+00  1.92500000e-08  3.30000000e+00  1.92500000e-08  3.29950887e+00  1.92500000e-08  3.29962454e+00  1.92500000e-08  0.00000000e+00  1.92500000e-08  0.00000000e+00 
 1.92700000e-08  3.30000000e+00  1.92700000e-08  3.30000000e+00  1.92700000e-08  3.29951024e+00  1.92700000e-08  3.29962559e+00  1.92700000e-08  0.00000000e+00  1.92700000e-08  0.00000000e+00 
 1.92900000e-08  3.30000000e+00  1.92900000e-08  3.30000000e+00  1.92900000e-08  3.29951160e+00  1.92900000e-08  3.29962665e+00  1.92900000e-08  0.00000000e+00  1.92900000e-08  0.00000000e+00 
 1.93100000e-08  3.30000000e+00  1.93100000e-08  3.30000000e+00  1.93100000e-08  3.29951296e+00  1.93100000e-08  3.29962769e+00  1.93100000e-08  0.00000000e+00  1.93100000e-08  0.00000000e+00 
 1.93300000e-08  3.30000000e+00  1.93300000e-08  3.30000000e+00  1.93300000e-08  3.29951431e+00  1.93300000e-08  3.29962874e+00  1.93300000e-08  0.00000000e+00  1.93300000e-08  0.00000000e+00 
 1.93500000e-08  3.30000000e+00  1.93500000e-08  3.30000000e+00  1.93500000e-08  3.29951566e+00  1.93500000e-08  3.29962977e+00  1.93500000e-08  0.00000000e+00  1.93500000e-08  0.00000000e+00 
 1.93700000e-08  3.30000000e+00  1.93700000e-08  3.30000000e+00  1.93700000e-08  3.29951699e+00  1.93700000e-08  3.29963080e+00  1.93700000e-08  0.00000000e+00  1.93700000e-08  0.00000000e+00 
 1.93900000e-08  3.30000000e+00  1.93900000e-08  3.30000000e+00  1.93900000e-08  3.29951832e+00  1.93900000e-08  3.29963182e+00  1.93900000e-08  0.00000000e+00  1.93900000e-08  0.00000000e+00 
 1.94100000e-08  3.30000000e+00  1.94100000e-08  3.30000000e+00  1.94100000e-08  3.29951964e+00  1.94100000e-08  3.29963284e+00  1.94100000e-08  0.00000000e+00  1.94100000e-08  0.00000000e+00 
 1.94300000e-08  3.30000000e+00  1.94300000e-08  3.30000000e+00  1.94300000e-08  3.29952096e+00  1.94300000e-08  3.29963385e+00  1.94300000e-08  0.00000000e+00  1.94300000e-08  0.00000000e+00 
 1.94500000e-08  3.30000000e+00  1.94500000e-08  3.30000000e+00  1.94500000e-08  3.29952226e+00  1.94500000e-08  3.29963486e+00  1.94500000e-08  0.00000000e+00  1.94500000e-08  0.00000000e+00 
 1.94700000e-08  3.30000000e+00  1.94700000e-08  3.30000000e+00  1.94700000e-08  3.29952357e+00  1.94700000e-08  3.29963586e+00  1.94700000e-08  0.00000000e+00  1.94700000e-08  0.00000000e+00 
 1.94900000e-08  3.30000000e+00  1.94900000e-08  3.30000000e+00  1.94900000e-08  3.29952486e+00  1.94900000e-08  3.29963686e+00  1.94900000e-08  0.00000000e+00  1.94900000e-08  0.00000000e+00 
 1.95100000e-08  3.30000000e+00  1.95100000e-08  3.30000000e+00  1.95100000e-08  3.29952615e+00  1.95100000e-08  3.29963785e+00  1.95100000e-08  0.00000000e+00  1.95100000e-08  0.00000000e+00 
 1.95300000e-08  3.30000000e+00  1.95300000e-08  3.30000000e+00  1.95300000e-08  3.29952743e+00  1.95300000e-08  3.29963884e+00  1.95300000e-08  0.00000000e+00  1.95300000e-08  0.00000000e+00 
 1.95500000e-08  3.30000000e+00  1.95500000e-08  3.30000000e+00  1.95500000e-08  3.29952870e+00  1.95500000e-08  3.29963982e+00  1.95500000e-08  0.00000000e+00  1.95500000e-08  0.00000000e+00 
 1.95700000e-08  3.30000000e+00  1.95700000e-08  3.30000000e+00  1.95700000e-08  3.29952997e+00  1.95700000e-08  3.29964080e+00  1.95700000e-08  0.00000000e+00  1.95700000e-08  0.00000000e+00 
 1.95900000e-08  3.30000000e+00  1.95900000e-08  3.30000000e+00  1.95900000e-08  3.29953123e+00  1.95900000e-08  3.29964177e+00  1.95900000e-08  0.00000000e+00  1.95900000e-08  0.00000000e+00 
 1.96100000e-08  3.30000000e+00  1.96100000e-08  3.30000000e+00  1.96100000e-08  3.29953248e+00  1.96100000e-08  3.29964274e+00  1.96100000e-08  0.00000000e+00  1.96100000e-08  0.00000000e+00 
 1.96300000e-08  3.30000000e+00  1.96300000e-08  3.30000000e+00  1.96300000e-08  3.29953374e+00  1.96300000e-08  3.29964370e+00  1.96300000e-08  0.00000000e+00  1.96300000e-08  0.00000000e+00 
 1.96500000e-08  3.30000000e+00  1.96500000e-08  3.30000000e+00  1.96500000e-08  3.29953498e+00  1.96500000e-08  3.29964466e+00  1.96500000e-08  0.00000000e+00  1.96500000e-08  0.00000000e+00 
 1.96700000e-08  3.30000000e+00  1.96700000e-08  3.30000000e+00  1.96700000e-08  3.29953621e+00  1.96700000e-08  3.29964561e+00  1.96700000e-08  0.00000000e+00  1.96700000e-08  0.00000000e+00 
 1.96900000e-08  3.30000000e+00  1.96900000e-08  3.30000000e+00  1.96900000e-08  3.29953744e+00  1.96900000e-08  3.29964656e+00  1.96900000e-08  0.00000000e+00  1.96900000e-08  0.00000000e+00 
 1.97100000e-08  3.30000000e+00  1.97100000e-08  3.30000000e+00  1.97100000e-08  3.29953867e+00  1.97100000e-08  3.29964750e+00  1.97100000e-08  0.00000000e+00  1.97100000e-08  0.00000000e+00 
 1.97300000e-08  3.30000000e+00  1.97300000e-08  3.30000000e+00  1.97300000e-08  3.29953988e+00  1.97300000e-08  3.29964844e+00  1.97300000e-08  0.00000000e+00  1.97300000e-08  0.00000000e+00 
 1.97500000e-08  3.30000000e+00  1.97500000e-08  3.30000000e+00  1.97500000e-08  3.29954110e+00  1.97500000e-08  3.29964937e+00  1.97500000e-08  0.00000000e+00  1.97500000e-08  0.00000000e+00 
 1.97700000e-08  3.30000000e+00  1.97700000e-08  3.30000000e+00  1.97700000e-08  3.29954230e+00  1.97700000e-08  3.29965030e+00  1.97700000e-08  0.00000000e+00  1.97700000e-08  0.00000000e+00 
 1.97900000e-08  3.30000000e+00  1.97900000e-08  3.30000000e+00  1.97900000e-08  3.29954350e+00  1.97900000e-08  3.29965122e+00  1.97900000e-08  0.00000000e+00  1.97900000e-08  0.00000000e+00 
 1.98100000e-08  3.30000000e+00  1.98100000e-08  3.30000000e+00  1.98100000e-08  3.29954469e+00  1.98100000e-08  3.29965214e+00  1.98100000e-08  0.00000000e+00  1.98100000e-08  0.00000000e+00 
 1.98300000e-08  3.30000000e+00  1.98300000e-08  3.30000000e+00  1.98300000e-08  3.29954588e+00  1.98300000e-08  3.29965305e+00  1.98300000e-08  0.00000000e+00  1.98300000e-08  0.00000000e+00 
 1.98500000e-08  3.30000000e+00  1.98500000e-08  3.30000000e+00  1.98500000e-08  3.29954706e+00  1.98500000e-08  3.29965397e+00  1.98500000e-08  0.00000000e+00  1.98500000e-08  0.00000000e+00 
 1.98700000e-08  3.30000000e+00  1.98700000e-08  3.30000000e+00  1.98700000e-08  3.29954824e+00  1.98700000e-08  3.29965487e+00  1.98700000e-08  0.00000000e+00  1.98700000e-08  0.00000000e+00 
 1.98900000e-08  3.30000000e+00  1.98900000e-08  3.30000000e+00  1.98900000e-08  3.29954941e+00  1.98900000e-08  3.29965577e+00  1.98900000e-08  0.00000000e+00  1.98900000e-08  0.00000000e+00 
 1.99100000e-08  3.30000000e+00  1.99100000e-08  3.30000000e+00  1.99100000e-08  3.29955057e+00  1.99100000e-08  3.29965667e+00  1.99100000e-08  0.00000000e+00  1.99100000e-08  0.00000000e+00 
 1.99300000e-08  3.30000000e+00  1.99300000e-08  3.30000000e+00  1.99300000e-08  3.29955173e+00  1.99300000e-08  3.29965756e+00  1.99300000e-08  0.00000000e+00  1.99300000e-08  0.00000000e+00 
 1.99500000e-08  3.30000000e+00  1.99500000e-08  3.30000000e+00  1.99500000e-08  3.29955288e+00  1.99500000e-08  3.29965845e+00  1.99500000e-08  0.00000000e+00  1.99500000e-08  0.00000000e+00 
 1.99700000e-08  3.30000000e+00  1.99700000e-08  3.30000000e+00  1.99700000e-08  3.29955403e+00  1.99700000e-08  3.29965933e+00  1.99700000e-08  0.00000000e+00  1.99700000e-08  0.00000000e+00 
 1.99900000e-08  3.30000000e+00  1.99900000e-08  3.30000000e+00  1.99900000e-08  3.29955517e+00  1.99900000e-08  3.29966021e+00  1.99900000e-08  0.00000000e+00  1.99900000e-08  0.00000000e+00 
 2.00100000e-08  3.30000000e+00  2.00100000e-08  3.30000000e+00  2.00100000e-08  3.29955630e+00  2.00100000e-08  3.29966109e+00  2.00100000e-08  0.00000000e+00  2.00100000e-08  0.00000000e+00 
 2.00300000e-08  3.30000000e+00  2.00300000e-08  3.30000000e+00  2.00300000e-08  3.29955744e+00  2.00300000e-08  3.29966195e+00  2.00300000e-08  0.00000000e+00  2.00300000e-08  0.00000000e+00 
 2.00500000e-08  3.30000000e+00  2.00500000e-08  3.30000000e+00  2.00500000e-08  3.29955856e+00  2.00500000e-08  3.29966282e+00  2.00500000e-08  0.00000000e+00  2.00500000e-08  0.00000000e+00 
 2.00700000e-08  3.30000000e+00  2.00700000e-08  3.30000000e+00  2.00700000e-08  3.29955968e+00  2.00700000e-08  3.29966368e+00  2.00700000e-08  0.00000000e+00  2.00700000e-08  0.00000000e+00 
 2.00900000e-08  3.30000000e+00  2.00900000e-08  3.30000000e+00  2.00900000e-08  3.29956079e+00  2.00900000e-08  3.29966454e+00  2.00900000e-08  0.00000000e+00  2.00900000e-08  0.00000000e+00 
 2.01100000e-08  3.30000000e+00  2.01100000e-08  3.30000000e+00  2.01100000e-08  3.29956191e+00  2.01100000e-08  3.29966539e+00  2.01100000e-08  0.00000000e+00  2.01100000e-08  0.00000000e+00 
 2.01300000e-08  3.30000000e+00  2.01300000e-08  3.30000000e+00  2.01300000e-08  3.29956301e+00  2.01300000e-08  3.29966624e+00  2.01300000e-08  0.00000000e+00  2.01300000e-08  0.00000000e+00 
 2.01500000e-08  3.30000000e+00  2.01500000e-08  3.30000000e+00  2.01500000e-08  3.29956411e+00  2.01500000e-08  3.29966708e+00  2.01500000e-08  0.00000000e+00  2.01500000e-08  0.00000000e+00 
 2.01700000e-08  3.30000000e+00  2.01700000e-08  3.30000000e+00  2.01700000e-08  3.29956520e+00  2.01700000e-08  3.29966793e+00  2.01700000e-08  0.00000000e+00  2.01700000e-08  0.00000000e+00 
 2.01900000e-08  3.30000000e+00  2.01900000e-08  3.30000000e+00  2.01900000e-08  3.29956629e+00  2.01900000e-08  3.29966876e+00  2.01900000e-08  0.00000000e+00  2.01900000e-08  0.00000000e+00 
 2.02100000e-08  3.30000000e+00  2.02100000e-08  3.30000000e+00  2.02100000e-08  3.29956737e+00  2.02100000e-08  3.29966960e+00  2.02100000e-08  0.00000000e+00  2.02100000e-08  0.00000000e+00 
 2.02300000e-08  3.30000000e+00  2.02300000e-08  3.30000000e+00  2.02300000e-08  3.29956845e+00  2.02300000e-08  3.29967042e+00  2.02300000e-08  0.00000000e+00  2.02300000e-08  0.00000000e+00 
 2.02500000e-08  3.30000000e+00  2.02500000e-08  3.30000000e+00  2.02500000e-08  3.29956952e+00  2.02500000e-08  3.29967125e+00  2.02500000e-08  0.00000000e+00  2.02500000e-08  0.00000000e+00 
 2.02700000e-08  3.30000000e+00  2.02700000e-08  3.30000000e+00  2.02700000e-08  3.29957059e+00  2.02700000e-08  3.29967207e+00  2.02700000e-08  0.00000000e+00  2.02700000e-08  0.00000000e+00 
 2.02900000e-08  3.30000000e+00  2.02900000e-08  3.30000000e+00  2.02900000e-08  3.29957165e+00  2.02900000e-08  3.29967289e+00  2.02900000e-08  0.00000000e+00  2.02900000e-08  0.00000000e+00 
 2.03100000e-08  3.30000000e+00  2.03100000e-08  3.30000000e+00  2.03100000e-08  3.29957271e+00  2.03100000e-08  3.29967370e+00  2.03100000e-08  0.00000000e+00  2.03100000e-08  0.00000000e+00 
 2.03300000e-08  3.30000000e+00  2.03300000e-08  3.30000000e+00  2.03300000e-08  3.29957375e+00  2.03300000e-08  3.29967451e+00  2.03300000e-08  0.00000000e+00  2.03300000e-08  0.00000000e+00 
 2.03500000e-08  3.30000000e+00  2.03500000e-08  3.30000000e+00  2.03500000e-08  3.29957480e+00  2.03500000e-08  3.29967532e+00  2.03500000e-08  0.00000000e+00  2.03500000e-08  0.00000000e+00 
 2.03700000e-08  3.30000000e+00  2.03700000e-08  3.30000000e+00  2.03700000e-08  3.29957584e+00  2.03700000e-08  3.29967612e+00  2.03700000e-08  0.00000000e+00  2.03700000e-08  0.00000000e+00 
 2.03900000e-08  3.30000000e+00  2.03900000e-08  3.30000000e+00  2.03900000e-08  3.29957688e+00  2.03900000e-08  3.29967692e+00  2.03900000e-08  0.00000000e+00  2.03900000e-08  0.00000000e+00 
 2.04100000e-08  3.30000000e+00  2.04100000e-08  3.30000000e+00  2.04100000e-08  3.29957791e+00  2.04100000e-08  3.29967771e+00  2.04100000e-08  0.00000000e+00  2.04100000e-08  0.00000000e+00 
 2.04300000e-08  3.30000000e+00  2.04300000e-08  3.30000000e+00  2.04300000e-08  3.29957894e+00  2.04300000e-08  3.29967850e+00  2.04300000e-08  0.00000000e+00  2.04300000e-08  0.00000000e+00 
 2.04500000e-08  3.30000000e+00  2.04500000e-08  3.30000000e+00  2.04500000e-08  3.29957996e+00  2.04500000e-08  3.29967929e+00  2.04500000e-08  0.00000000e+00  2.04500000e-08  0.00000000e+00 
 2.04700000e-08  3.30000000e+00  2.04700000e-08  3.30000000e+00  2.04700000e-08  3.29958099e+00  2.04700000e-08  3.29968007e+00  2.04700000e-08  0.00000000e+00  2.04700000e-08  0.00000000e+00 
 2.04900000e-08  3.30000000e+00  2.04900000e-08  3.30000000e+00  2.04900000e-08  3.29958200e+00  2.04900000e-08  3.29968086e+00  2.04900000e-08  0.00000000e+00  2.04900000e-08  0.00000000e+00 
 2.05100000e-08  3.30000000e+00  2.05100000e-08  3.30000000e+00  2.05100000e-08  3.29958301e+00  2.05100000e-08  3.29968163e+00  2.05100000e-08  0.00000000e+00  2.05100000e-08  0.00000000e+00 
 2.05300000e-08  3.30000000e+00  2.05300000e-08  3.30000000e+00  2.05300000e-08  3.29958401e+00  2.05300000e-08  3.29968240e+00  2.05300000e-08  0.00000000e+00  2.05300000e-08  0.00000000e+00 
 2.05500000e-08  3.30000000e+00  2.05500000e-08  3.30000000e+00  2.05500000e-08  3.29958501e+00  2.05500000e-08  3.29968317e+00  2.05500000e-08  0.00000000e+00  2.05500000e-08  0.00000000e+00 
 2.05700000e-08  3.30000000e+00  2.05700000e-08  3.30000000e+00  2.05700000e-08  3.29958600e+00  2.05700000e-08  3.29968394e+00  2.05700000e-08  0.00000000e+00  2.05700000e-08  0.00000000e+00 
 2.05900000e-08  3.30000000e+00  2.05900000e-08  3.30000000e+00  2.05900000e-08  3.29958700e+00  2.05900000e-08  3.29968469e+00  2.05900000e-08  0.00000000e+00  2.05900000e-08  0.00000000e+00 
 2.06100000e-08  3.30000000e+00  2.06100000e-08  3.30000000e+00  2.06100000e-08  3.29958798e+00  2.06100000e-08  3.29968546e+00  2.06100000e-08  0.00000000e+00  2.06100000e-08  0.00000000e+00 
 2.06300000e-08  3.30000000e+00  2.06300000e-08  3.30000000e+00  2.06300000e-08  3.29958897e+00  2.06300000e-08  3.29968621e+00  2.06300000e-08  0.00000000e+00  2.06300000e-08  0.00000000e+00 
 2.06500000e-08  3.30000000e+00  2.06500000e-08  3.30000000e+00  2.06500000e-08  3.29958994e+00  2.06500000e-08  3.29968696e+00  2.06500000e-08  0.00000000e+00  2.06500000e-08  0.00000000e+00 
 2.06700000e-08  3.30000000e+00  2.06700000e-08  3.30000000e+00  2.06700000e-08  3.29959092e+00  2.06700000e-08  3.29968771e+00  2.06700000e-08  0.00000000e+00  2.06700000e-08  0.00000000e+00 
 2.06900000e-08  3.30000000e+00  2.06900000e-08  3.30000000e+00  2.06900000e-08  3.29959188e+00  2.06900000e-08  3.29968846e+00  2.06900000e-08  0.00000000e+00  2.06900000e-08  0.00000000e+00 
 2.07100000e-08  3.30000000e+00  2.07100000e-08  3.30000000e+00  2.07100000e-08  3.29959285e+00  2.07100000e-08  3.29968919e+00  2.07100000e-08  0.00000000e+00  2.07100000e-08  0.00000000e+00 
 2.07300000e-08  3.30000000e+00  2.07300000e-08  3.30000000e+00  2.07300000e-08  3.29959380e+00  2.07300000e-08  3.29968994e+00  2.07300000e-08  0.00000000e+00  2.07300000e-08  0.00000000e+00 
 2.07500000e-08  3.30000000e+00  2.07500000e-08  3.30000000e+00  2.07500000e-08  3.29959476e+00  2.07500000e-08  3.29969066e+00  2.07500000e-08  0.00000000e+00  2.07500000e-08  0.00000000e+00 
 2.07700000e-08  3.30000000e+00  2.07700000e-08  3.30000000e+00  2.07700000e-08  3.29959571e+00  2.07700000e-08  3.29969140e+00  2.07700000e-08  0.00000000e+00  2.07700000e-08  0.00000000e+00 
 2.07900000e-08  3.30000000e+00  2.07900000e-08  3.30000000e+00  2.07900000e-08  3.29959666e+00  2.07900000e-08  3.29969212e+00  2.07900000e-08  0.00000000e+00  2.07900000e-08  0.00000000e+00 
 2.08100000e-08  3.30000000e+00  2.08100000e-08  3.30000000e+00  2.08100000e-08  3.29959760e+00  2.08100000e-08  3.29969285e+00  2.08100000e-08  0.00000000e+00  2.08100000e-08  0.00000000e+00 
 2.08300000e-08  3.30000000e+00  2.08300000e-08  3.30000000e+00  2.08300000e-08  3.29959854e+00  2.08300000e-08  3.29969357e+00  2.08300000e-08  0.00000000e+00  2.08300000e-08  0.00000000e+00 
 2.08500000e-08  3.30000000e+00  2.08500000e-08  3.30000000e+00  2.08500000e-08  3.29959947e+00  2.08500000e-08  3.29969429e+00  2.08500000e-08  0.00000000e+00  2.08500000e-08  0.00000000e+00 
 2.08700000e-08  3.30000000e+00  2.08700000e-08  3.30000000e+00  2.08700000e-08  3.29960040e+00  2.08700000e-08  3.29969500e+00  2.08700000e-08  0.00000000e+00  2.08700000e-08  0.00000000e+00 
 2.08900000e-08  3.30000000e+00  2.08900000e-08  3.30000000e+00  2.08900000e-08  3.29960133e+00  2.08900000e-08  3.29969572e+00  2.08900000e-08  0.00000000e+00  2.08900000e-08  0.00000000e+00 
 2.09100000e-08  3.30000000e+00  2.09100000e-08  3.30000000e+00  2.09100000e-08  3.29960225e+00  2.09100000e-08  3.29969642e+00  2.09100000e-08  0.00000000e+00  2.09100000e-08  0.00000000e+00 
 2.09300000e-08  3.30000000e+00  2.09300000e-08  3.30000000e+00  2.09300000e-08  3.29960317e+00  2.09300000e-08  3.29969713e+00  2.09300000e-08  0.00000000e+00  2.09300000e-08  0.00000000e+00 
 2.09500000e-08  3.30000000e+00  2.09500000e-08  3.30000000e+00  2.09500000e-08  3.29960408e+00  2.09500000e-08  3.29969783e+00  2.09500000e-08  0.00000000e+00  2.09500000e-08  0.00000000e+00 
 2.09700000e-08  3.30000000e+00  2.09700000e-08  3.30000000e+00  2.09700000e-08  3.29960499e+00  2.09700000e-08  3.29969853e+00  2.09700000e-08  0.00000000e+00  2.09700000e-08  0.00000000e+00 
 2.09900000e-08  3.30000000e+00  2.09900000e-08  3.30000000e+00  2.09900000e-08  3.29960590e+00  2.09900000e-08  3.29969923e+00  2.09900000e-08  0.00000000e+00  2.09900000e-08  0.00000000e+00 
 2.10100000e-08  3.30000000e+00  2.10100000e-08  3.30000000e+00  2.10100000e-08  3.29960680e+00  2.10100000e-08  3.29969992e+00  2.10100000e-08  0.00000000e+00  2.10100000e-08  0.00000000e+00 
 2.10300000e-08  3.30000000e+00  2.10300000e-08  3.30000000e+00  2.10300000e-08  3.29960770e+00  2.10300000e-08  3.29970061e+00  2.10300000e-08  0.00000000e+00  2.10300000e-08  0.00000000e+00 
 2.10500000e-08  3.30000000e+00  2.10500000e-08  3.30000000e+00  2.10500000e-08  3.29960859e+00  2.10500000e-08  3.29970130e+00  2.10500000e-08  0.00000000e+00  2.10500000e-08  0.00000000e+00 
 2.10700000e-08  3.30000000e+00  2.10700000e-08  3.30000000e+00  2.10700000e-08  3.29960948e+00  2.10700000e-08  3.29970198e+00  2.10700000e-08  0.00000000e+00  2.10700000e-08  0.00000000e+00 
 2.10900000e-08  3.30000000e+00  2.10900000e-08  3.30000000e+00  2.10900000e-08  3.29961037e+00  2.10900000e-08  3.29970266e+00  2.10900000e-08  0.00000000e+00  2.10900000e-08  0.00000000e+00 
 2.11100000e-08  3.30000000e+00  2.11100000e-08  3.30000000e+00  2.11100000e-08  3.29961125e+00  2.11100000e-08  3.29970334e+00  2.11100000e-08  0.00000000e+00  2.11100000e-08  0.00000000e+00 
 2.11300000e-08  3.30000000e+00  2.11300000e-08  3.30000000e+00  2.11300000e-08  3.29961213e+00  2.11300000e-08  3.29970402e+00  2.11300000e-08  0.00000000e+00  2.11300000e-08  0.00000000e+00 
 2.11500000e-08  3.30000000e+00  2.11500000e-08  3.30000000e+00  2.11500000e-08  3.29961300e+00  2.11500000e-08  3.29970469e+00  2.11500000e-08  0.00000000e+00  2.11500000e-08  0.00000000e+00 
 2.11700000e-08  3.30000000e+00  2.11700000e-08  3.30000000e+00  2.11700000e-08  3.29961387e+00  2.11700000e-08  3.29970536e+00  2.11700000e-08  0.00000000e+00  2.11700000e-08  0.00000000e+00 
 2.11900000e-08  3.30000000e+00  2.11900000e-08  3.30000000e+00  2.11900000e-08  3.29961474e+00  2.11900000e-08  3.29970602e+00  2.11900000e-08  0.00000000e+00  2.11900000e-08  0.00000000e+00 
 2.12100000e-08  3.30000000e+00  2.12100000e-08  3.30000000e+00  2.12100000e-08  3.29961560e+00  2.12100000e-08  3.29970669e+00  2.12100000e-08  0.00000000e+00  2.12100000e-08  0.00000000e+00 
 2.12300000e-08  3.30000000e+00  2.12300000e-08  3.30000000e+00  2.12300000e-08  3.29961647e+00  2.12300000e-08  3.29970734e+00  2.12300000e-08  0.00000000e+00  2.12300000e-08  0.00000000e+00 
 2.12500000e-08  3.30000000e+00  2.12500000e-08  3.30000000e+00  2.12500000e-08  3.29961732e+00  2.12500000e-08  3.29970801e+00  2.12500000e-08  0.00000000e+00  2.12500000e-08  0.00000000e+00 
 2.12700000e-08  3.30000000e+00  2.12700000e-08  3.30000000e+00  2.12700000e-08  3.29961817e+00  2.12700000e-08  3.29970866e+00  2.12700000e-08  0.00000000e+00  2.12700000e-08  0.00000000e+00 
 2.12900000e-08  3.30000000e+00  2.12900000e-08  3.30000000e+00  2.12900000e-08  3.29961902e+00  2.12900000e-08  3.29970931e+00  2.12900000e-08  0.00000000e+00  2.12900000e-08  0.00000000e+00 
 2.13100000e-08  3.30000000e+00  2.13100000e-08  3.30000000e+00  2.13100000e-08  3.29961987e+00  2.13100000e-08  3.29970996e+00  2.13100000e-08  0.00000000e+00  2.13100000e-08  0.00000000e+00 
 2.13300000e-08  3.30000000e+00  2.13300000e-08  3.30000000e+00  2.13300000e-08  3.29962071e+00  2.13300000e-08  3.29971061e+00  2.13300000e-08  0.00000000e+00  2.13300000e-08  0.00000000e+00 
 2.13500000e-08  3.30000000e+00  2.13500000e-08  3.30000000e+00  2.13500000e-08  3.29962155e+00  2.13500000e-08  3.29971125e+00  2.13500000e-08  0.00000000e+00  2.13500000e-08  0.00000000e+00 
 2.13700000e-08  3.30000000e+00  2.13700000e-08  3.30000000e+00  2.13700000e-08  3.29962238e+00  2.13700000e-08  3.29971189e+00  2.13700000e-08  0.00000000e+00  2.13700000e-08  0.00000000e+00 
 2.13900000e-08  3.30000000e+00  2.13900000e-08  3.30000000e+00  2.13900000e-08  3.29962321e+00  2.13900000e-08  3.29971253e+00  2.13900000e-08  0.00000000e+00  2.13900000e-08  0.00000000e+00 
 2.14100000e-08  3.30000000e+00  2.14100000e-08  3.30000000e+00  2.14100000e-08  3.29962404e+00  2.14100000e-08  3.29971317e+00  2.14100000e-08  0.00000000e+00  2.14100000e-08  0.00000000e+00 
 2.14300000e-08  3.30000000e+00  2.14300000e-08  3.30000000e+00  2.14300000e-08  3.29962487e+00  2.14300000e-08  3.29971380e+00  2.14300000e-08  0.00000000e+00  2.14300000e-08  0.00000000e+00 
 2.14500000e-08  3.30000000e+00  2.14500000e-08  3.30000000e+00  2.14500000e-08  3.29962568e+00  2.14500000e-08  3.29971443e+00  2.14500000e-08  0.00000000e+00  2.14500000e-08  0.00000000e+00 
 2.14700000e-08  3.30000000e+00  2.14700000e-08  3.30000000e+00  2.14700000e-08  3.29962650e+00  2.14700000e-08  3.29971505e+00  2.14700000e-08  0.00000000e+00  2.14700000e-08  0.00000000e+00 
 2.14900000e-08  3.30000000e+00  2.14900000e-08  3.30000000e+00  2.14900000e-08  3.29962731e+00  2.14900000e-08  3.29971568e+00  2.14900000e-08  0.00000000e+00  2.14900000e-08  0.00000000e+00 
 2.15100000e-08  3.30000000e+00  2.15100000e-08  3.30000000e+00  2.15100000e-08  3.29962813e+00  2.15100000e-08  3.29971630e+00  2.15100000e-08  0.00000000e+00  2.15100000e-08  0.00000000e+00 
 2.15300000e-08  3.30000000e+00  2.15300000e-08  3.30000000e+00  2.15300000e-08  3.29962893e+00  2.15300000e-08  3.29971693e+00  2.15300000e-08  0.00000000e+00  2.15300000e-08  0.00000000e+00 
 2.15500000e-08  3.30000000e+00  2.15500000e-08  3.30000000e+00  2.15500000e-08  3.29962974e+00  2.15500000e-08  3.29971754e+00  2.15500000e-08  0.00000000e+00  2.15500000e-08  0.00000000e+00 
 2.15700000e-08  3.30000000e+00  2.15700000e-08  3.30000000e+00  2.15700000e-08  3.29963054e+00  2.15700000e-08  3.29971816e+00  2.15700000e-08  0.00000000e+00  2.15700000e-08  0.00000000e+00 
 2.15900000e-08  3.30000000e+00  2.15900000e-08  3.30000000e+00  2.15900000e-08  3.29963134e+00  2.15900000e-08  3.29971876e+00  2.15900000e-08  0.00000000e+00  2.15900000e-08  0.00000000e+00 
 2.16100000e-08  3.30000000e+00  2.16100000e-08  3.30000000e+00  2.16100000e-08  3.29963213e+00  2.16100000e-08  3.29971938e+00  2.16100000e-08  0.00000000e+00  2.16100000e-08  0.00000000e+00 
 2.16300000e-08  3.30000000e+00  2.16300000e-08  3.30000000e+00  2.16300000e-08  3.29963292e+00  2.16300000e-08  3.29971998e+00  2.16300000e-08  0.00000000e+00  2.16300000e-08  0.00000000e+00 
 2.16500000e-08  3.30000000e+00  2.16500000e-08  3.30000000e+00  2.16500000e-08  3.29963370e+00  2.16500000e-08  3.29972059e+00  2.16500000e-08  0.00000000e+00  2.16500000e-08  0.00000000e+00 
 2.16700000e-08  3.30000000e+00  2.16700000e-08  3.30000000e+00  2.16700000e-08  3.29963449e+00  2.16700000e-08  3.29972119e+00  2.16700000e-08  0.00000000e+00  2.16700000e-08  0.00000000e+00 
 2.16900000e-08  3.30000000e+00  2.16900000e-08  3.30000000e+00  2.16900000e-08  3.29963527e+00  2.16900000e-08  3.29972179e+00  2.16900000e-08  0.00000000e+00  2.16900000e-08  0.00000000e+00 
 2.17100000e-08  3.30000000e+00  2.17100000e-08  3.30000000e+00  2.17100000e-08  3.29963605e+00  2.17100000e-08  3.29972238e+00  2.17100000e-08  0.00000000e+00  2.17100000e-08  0.00000000e+00 
 2.17300000e-08  3.30000000e+00  2.17300000e-08  3.30000000e+00  2.17300000e-08  3.29963682e+00  2.17300000e-08  3.29972298e+00  2.17300000e-08  0.00000000e+00  2.17300000e-08  0.00000000e+00 
 2.17500000e-08  3.30000000e+00  2.17500000e-08  3.30000000e+00  2.17500000e-08  3.29963760e+00  2.17500000e-08  3.29972357e+00  2.17500000e-08  0.00000000e+00  2.17500000e-08  0.00000000e+00 
 2.17700000e-08  3.30000000e+00  2.17700000e-08  3.30000000e+00  2.17700000e-08  3.29963836e+00  2.17700000e-08  3.29972417e+00  2.17700000e-08  0.00000000e+00  2.17700000e-08  0.00000000e+00 
 2.17900000e-08  3.30000000e+00  2.17900000e-08  3.30000000e+00  2.17900000e-08  3.29963913e+00  2.17900000e-08  3.29972475e+00  2.17900000e-08  0.00000000e+00  2.17900000e-08  0.00000000e+00 
 2.18100000e-08  3.30000000e+00  2.18100000e-08  3.30000000e+00  2.18100000e-08  3.29963989e+00  2.18100000e-08  3.29972534e+00  2.18100000e-08  0.00000000e+00  2.18100000e-08  0.00000000e+00 
 2.18300000e-08  3.30000000e+00  2.18300000e-08  3.30000000e+00  2.18300000e-08  3.29964065e+00  2.18300000e-08  3.29972592e+00  2.18300000e-08  0.00000000e+00  2.18300000e-08  0.00000000e+00 
 2.18500000e-08  3.30000000e+00  2.18500000e-08  3.30000000e+00  2.18500000e-08  3.29964140e+00  2.18500000e-08  3.29972650e+00  2.18500000e-08  0.00000000e+00  2.18500000e-08  0.00000000e+00 
 2.18700000e-08  3.30000000e+00  2.18700000e-08  3.30000000e+00  2.18700000e-08  3.29964216e+00  2.18700000e-08  3.29972707e+00  2.18700000e-08  0.00000000e+00  2.18700000e-08  0.00000000e+00 
 2.18900000e-08  3.30000000e+00  2.18900000e-08  3.30000000e+00  2.18900000e-08  3.29964291e+00  2.18900000e-08  3.29972765e+00  2.18900000e-08  0.00000000e+00  2.18900000e-08  0.00000000e+00 
 2.19100000e-08  3.30000000e+00  2.19100000e-08  3.30000000e+00  2.19100000e-08  3.29964366e+00  2.19100000e-08  3.29972822e+00  2.19100000e-08  0.00000000e+00  2.19100000e-08  0.00000000e+00 
 2.19300000e-08  3.30000000e+00  2.19300000e-08  3.30000000e+00  2.19300000e-08  3.29964440e+00  2.19300000e-08  3.29972880e+00  2.19300000e-08  0.00000000e+00  2.19300000e-08  0.00000000e+00 
 2.19500000e-08  3.30000000e+00  2.19500000e-08  3.30000000e+00  2.19500000e-08  3.29964514e+00  2.19500000e-08  3.29972936e+00  2.19500000e-08  0.00000000e+00  2.19500000e-08  0.00000000e+00 
 2.19700000e-08  3.30000000e+00  2.19700000e-08  3.30000000e+00  2.19700000e-08  3.29964588e+00  2.19700000e-08  3.29972993e+00  2.19700000e-08  0.00000000e+00  2.19700000e-08  0.00000000e+00 
 2.19850000e-08  3.30000000e+00  2.19850000e-08  3.30000000e+00  2.19850000e-08  3.29964643e+00  2.19850000e-08  3.29973035e+00  2.19850000e-08  0.00000000e+00  2.19850000e-08  0.00000000e+00 
 2.20000000e-08  3.30000000e+00  2.20000000e-08  3.30000000e+00  2.20000000e-08  3.29964698e+00  2.20000000e-08  3.29973078e+00  2.20000000e-08  0.00000000e+00  2.20000000e-08  0.00000000e+00 
 2.20020000e-08  3.30000799e+00  2.20020000e-08  3.30000799e+00  2.20020000e-08  3.30225751e+00  2.20020000e-08  3.30234337e+00  2.20020000e-08  6.60000000e-02  2.20020000e-08  0.00000000e+00 
 2.20060000e-08  3.30001877e+00  2.20060000e-08  3.30001878e+00  2.20060000e-08  3.30738749e+00  2.20060000e-08  3.30747572e+00  2.20060000e-08  1.98000000e-01  2.20060000e-08  0.00000000e+00 
 2.20140000e-08  3.30002102e+00  2.20140000e-08  3.30002103e+00  2.20140000e-08  3.31708853e+00  2.20140000e-08  3.31718178e+00  2.20140000e-08  4.62000000e-01  2.20140000e-08  0.00000000e+00 
 2.20300000e-08  3.30000807e+00  2.20300000e-08  3.30000811e+00  2.20300000e-08  3.33468788e+00  2.20300000e-08  3.33481337e+00  2.20300000e-08  9.90000000e-01  2.20300000e-08  0.00000000e+00 
 2.20500000e-08  3.30000027e+00  2.20500000e-08  3.30000026e+00  2.20500000e-08  3.35539420e+00  2.20500000e-08  3.35553984e+00  2.20500000e-08  1.65000000e+00  2.20500000e-08  0.00000000e+00 
 2.20700000e-08  3.30000258e+00  2.20700000e-08  3.30000248e+00  2.20700000e-08  3.37758177e+00  2.20700000e-08  3.37767287e+00  2.20700000e-08  2.31000000e+00  2.20700000e-08  0.00000000e+00 
 2.20850000e-08  3.30000059e+00  2.20850000e-08  3.30000048e+00  2.20850000e-08  3.39395141e+00  2.20850000e-08  3.39395542e+00  2.20850000e-08  2.80500000e+00  2.20850000e-08  0.00000000e+00 
 2.21000000e-08  3.29998554e+00  2.21000000e-08  3.29998538e+00  2.21000000e-08  3.40140807e+00  2.21000000e-08  3.40126091e+00  2.21000000e-08  3.30000000e+00  2.21000000e-08  0.00000000e+00 
 2.21020000e-08  3.29998503e+00  2.21020000e-08  3.29998478e+00  2.21020000e-08  3.40183671e+00  2.21020000e-08  3.40164023e+00  2.21020000e-08  3.30000000e+00  2.21020000e-08  0.00000000e+00 
 2.21060000e-08  3.29998524e+00  2.21060000e-08  3.29998485e+00  2.21060000e-08  3.40277666e+00  2.21060000e-08  3.40247332e+00  2.21060000e-08  3.30000000e+00  2.21060000e-08  0.00000000e+00 
 2.21140000e-08  3.29998916e+00  2.21140000e-08  3.29998866e+00  2.21140000e-08  3.40496722e+00  2.21140000e-08  3.40442388e+00  2.21140000e-08  3.30000000e+00  2.21140000e-08  0.00000000e+00 
 2.21300000e-08  3.29999753e+00  2.21300000e-08  3.29999711e+00  2.21300000e-08  3.41047734e+00  2.21300000e-08  3.40938880e+00  2.21300000e-08  3.30000000e+00  2.21300000e-08  0.00000000e+00 
 2.21500000e-08  3.30000129e+00  2.21500000e-08  3.30000125e+00  2.21500000e-08  3.41863919e+00  2.21500000e-08  3.41692023e+00  2.21500000e-08  3.30000000e+00  2.21500000e-08  0.00000000e+00 
 2.21700000e-08  3.29999932e+00  2.21700000e-08  3.29999980e+00  2.21700000e-08  3.42638642e+00  2.21700000e-08  3.42436149e+00  2.21700000e-08  3.30000000e+00  2.21700000e-08  0.00000000e+00 
 2.21900000e-08  3.29999633e+00  2.21900000e-08  3.29999723e+00  2.21900000e-08  3.43167328e+00  2.21900000e-08  3.42986604e+00  2.21900000e-08  3.30000000e+00  2.21900000e-08  0.00000000e+00 
 2.22100000e-08  3.29999393e+00  2.22100000e-08  3.29999497e+00  2.22100000e-08  3.43298603e+00  2.22100000e-08  3.43198808e+00  2.22100000e-08  3.30000000e+00  2.22100000e-08  0.00000000e+00 
 2.22300000e-08  3.29999288e+00  2.22300000e-08  3.29999385e+00  2.22300000e-08  3.42946888e+00  2.22300000e-08  3.42985253e+00  2.22300000e-08  3.30000000e+00  2.22300000e-08  0.00000000e+00 
 2.22500000e-08  3.29999252e+00  2.22500000e-08  3.29999329e+00  2.22500000e-08  3.42081009e+00  2.22500000e-08  3.42308952e+00  2.22500000e-08  3.30000000e+00  2.22500000e-08  0.00000000e+00 
 2.22700000e-08  3.29999311e+00  2.22700000e-08  3.29999356e+00  2.22700000e-08  3.40708317e+00  2.22700000e-08  3.41170361e+00  2.22700000e-08  3.30000000e+00  2.22700000e-08  0.00000000e+00 
 2.22900000e-08  3.29999419e+00  2.22900000e-08  3.29999435e+00  2.22900000e-08  3.38860465e+00  2.22900000e-08  3.39594368e+00  2.22900000e-08  3.30000000e+00  2.22900000e-08  0.00000000e+00 
 2.23100000e-08  3.29999543e+00  2.23100000e-08  3.29999539e+00  2.23100000e-08  3.36582732e+00  2.23100000e-08  3.37619958e+00  2.23100000e-08  3.30000000e+00  2.23100000e-08  0.00000000e+00 
 2.23300000e-08  3.29999662e+00  2.23300000e-08  3.29999647e+00  2.23300000e-08  3.33926447e+00  2.23300000e-08  3.35292690e+00  2.23300000e-08  3.30000000e+00  2.23300000e-08  0.00000000e+00 
 2.23500000e-08  3.29999763e+00  2.23500000e-08  3.29999746e+00  2.23500000e-08  3.30943912e+00  2.23500000e-08  3.32659662e+00  2.23500000e-08  3.30000000e+00  2.23500000e-08  0.00000000e+00 
 2.23700000e-08  3.29999842e+00  2.23700000e-08  3.29999828e+00  2.23700000e-08  3.27685224e+00  2.23700000e-08  3.29766318e+00  2.23700000e-08  3.30000000e+00  2.23700000e-08  0.00000000e+00 
 2.23900000e-08  3.29999902e+00  2.23900000e-08  3.29999892e+00  2.23900000e-08  3.24196229e+00  2.23900000e-08  3.26654715e+00  2.23900000e-08  3.30000000e+00  2.23900000e-08  0.00000000e+00 
 2.24100000e-08  3.29999946e+00  2.24100000e-08  3.29999939e+00  2.24100000e-08  3.20517783e+00  2.24100000e-08  3.23362379e+00  2.24100000e-08  3.30000000e+00  2.24100000e-08  0.00000000e+00 
 2.24300000e-08  3.29999978e+00  2.24300000e-08  3.29999973e+00  2.24300000e-08  3.16685261e+00  2.24300000e-08  3.19922221e+00  2.24300000e-08  3.30000000e+00  2.24300000e-08  0.00000000e+00 
 2.24500000e-08  3.30000002e+00  2.24500000e-08  3.29999998e+00  2.24500000e-08  3.12728741e+00  2.24500000e-08  3.16362345e+00  2.24500000e-08  3.30000000e+00  2.24500000e-08  0.00000000e+00 
 2.24700000e-08  3.30000019e+00  2.24700000e-08  3.30000016e+00  2.24700000e-08  3.08673519e+00  2.24700000e-08  3.12706481e+00  2.24700000e-08  3.30000000e+00  2.24700000e-08  0.00000000e+00 
 2.24900000e-08  3.30000030e+00  2.24900000e-08  3.30000027e+00  2.24900000e-08  3.04540679e+00  2.24900000e-08  3.08974463e+00  2.24900000e-08  3.30000000e+00  2.24900000e-08  0.00000000e+00 
 2.25100000e-08  3.30000036e+00  2.25100000e-08  3.30000035e+00  2.25100000e-08  3.00347651e+00  2.25100000e-08  3.05182728e+00  2.25100000e-08  3.30000000e+00  2.25100000e-08  0.00000000e+00 
 2.25300000e-08  3.30000040e+00  2.25300000e-08  3.30000039e+00  2.25300000e-08  2.96108745e+00  2.25300000e-08  3.01344798e+00  2.25300000e-08  3.30000000e+00  2.25300000e-08  0.00000000e+00 
 2.25500000e-08  3.30000042e+00  2.25500000e-08  3.30000041e+00  2.25500000e-08  2.91835675e+00  2.25500000e-08  2.97471756e+00  2.25500000e-08  3.30000000e+00  2.25500000e-08  0.00000000e+00 
 2.25700000e-08  3.30000043e+00  2.25700000e-08  3.30000042e+00  2.25700000e-08  2.87537988e+00  2.25700000e-08  2.93572642e+00  2.25700000e-08  3.30000000e+00  2.25700000e-08  0.00000000e+00 
 2.25900000e-08  3.30000044e+00  2.25900000e-08  3.30000041e+00  2.25900000e-08  2.83223468e+00  2.25900000e-08  2.89654823e+00  2.25900000e-08  3.30000000e+00  2.25900000e-08  0.00000000e+00 
 2.26100000e-08  3.30000043e+00  2.26100000e-08  3.30000041e+00  2.26100000e-08  2.78898446e+00  2.26100000e-08  2.85724283e+00  2.26100000e-08  3.30000000e+00  2.26100000e-08  0.00000000e+00 
 2.26300000e-08  3.30000043e+00  2.26300000e-08  3.30000040e+00  2.26300000e-08  2.74568094e+00  2.26300000e-08  2.81785896e+00  2.26300000e-08  3.30000000e+00  2.26300000e-08  0.00000000e+00 
 2.26500000e-08  3.30000042e+00  2.26500000e-08  3.30000039e+00  2.26500000e-08  2.70236626e+00  2.26500000e-08  2.77843621e+00  2.26500000e-08  3.30000000e+00  2.26500000e-08  0.00000000e+00 
 2.26700000e-08  3.30000041e+00  2.26700000e-08  3.30000038e+00  2.26700000e-08  2.65907507e+00  2.26700000e-08  2.73900694e+00  2.26700000e-08  3.30000000e+00  2.26700000e-08  0.00000000e+00 
 2.26900000e-08  3.30000040e+00  2.26900000e-08  3.30000037e+00  2.26900000e-08  2.61583581e+00  2.26900000e-08  2.69959759e+00  2.26900000e-08  3.30000000e+00  2.26900000e-08  0.00000000e+00 
 2.27100000e-08  3.30000039e+00  2.27100000e-08  3.30000036e+00  2.27100000e-08  2.57267214e+00  2.27100000e-08  2.66022994e+00  2.27100000e-08  3.30000000e+00  2.27100000e-08  0.00000000e+00 
 2.27300000e-08  3.30000038e+00  2.27300000e-08  3.30000035e+00  2.27300000e-08  2.52960374e+00  2.27300000e-08  2.62092193e+00  2.27300000e-08  3.30000000e+00  2.27300000e-08  0.00000000e+00 
 2.27500000e-08  3.30000037e+00  2.27500000e-08  3.30000033e+00  2.27500000e-08  2.48664733e+00  2.27500000e-08  2.58168857e+00  2.27500000e-08  3.30000000e+00  2.27500000e-08  0.00000000e+00 
 2.27700000e-08  3.30000036e+00  2.27700000e-08  3.30000032e+00  2.27700000e-08  2.44381707e+00  2.27700000e-08  2.54254243e+00  2.27700000e-08  3.30000000e+00  2.27700000e-08  0.00000000e+00 
 2.27900000e-08  3.30000035e+00  2.27900000e-08  3.30000031e+00  2.27900000e-08  2.40112537e+00  2.27900000e-08  2.50349425e+00  2.27900000e-08  3.30000000e+00  2.27900000e-08  0.00000000e+00 
 2.28100000e-08  3.30000034e+00  2.28100000e-08  3.30000030e+00  2.28100000e-08  2.35858307e+00  2.28100000e-08  2.46455323e+00  2.28100000e-08  3.30000000e+00  2.28100000e-08  0.00000000e+00 
 2.28300000e-08  3.30000033e+00  2.28300000e-08  3.30000030e+00  2.28300000e-08  2.31620001e+00  2.28300000e-08  2.42572748e+00  2.28300000e-08  3.30000000e+00  2.28300000e-08  0.00000000e+00 
 2.28500000e-08  3.30000033e+00  2.28500000e-08  3.30000029e+00  2.28500000e-08  2.27398515e+00  2.28500000e-08  2.38702416e+00  2.28500000e-08  3.30000000e+00  2.28500000e-08  0.00000000e+00 
 2.28700000e-08  3.30000032e+00  2.28700000e-08  3.30000028e+00  2.28700000e-08  2.23194697e+00  2.28700000e-08  2.34844986e+00  2.28700000e-08  3.30000000e+00  2.28700000e-08  0.00000000e+00 
 2.28900000e-08  3.30000031e+00  2.28900000e-08  3.30000027e+00  2.28900000e-08  2.19009353e+00  2.28900000e-08  2.31001060e+00  2.28900000e-08  3.30000000e+00  2.28900000e-08  0.00000000e+00 
 2.29100000e-08  3.30000031e+00  2.29100000e-08  3.30000027e+00  2.29100000e-08  2.14843280e+00  2.29100000e-08  2.27171215e+00  2.29100000e-08  3.30000000e+00  2.29100000e-08  0.00000000e+00 
 2.29300000e-08  3.30000031e+00  2.29300000e-08  3.30000026e+00  2.29300000e-08  2.10697263e+00  2.29300000e-08  2.23356003e+00  2.29300000e-08  3.30000000e+00  2.29300000e-08  0.00000000e+00 
 2.29500000e-08  3.30000030e+00  2.29500000e-08  3.30000026e+00  2.29500000e-08  2.06572109e+00  2.29500000e-08  2.19555972e+00  2.29500000e-08  3.30000000e+00  2.29500000e-08  0.00000000e+00 
 2.29700000e-08  3.30000030e+00  2.29700000e-08  3.30000025e+00  2.29700000e-08  2.02468638e+00  2.29700000e-08  2.15771665e+00  2.29700000e-08  3.30000000e+00  2.29700000e-08  0.00000000e+00 
 2.29850000e-08  3.30000030e+00  2.29850000e-08  3.30000025e+00  2.29850000e-08  1.99405780e+00  2.29850000e-08  2.12944087e+00  2.29850000e-08  3.30000000e+00  2.29850000e-08  0.00000000e+00 
 2.30000000e-08  3.30000030e+00  2.30000000e-08  3.30000025e+00  2.30000000e-08  1.96355972e+00  2.30000000e-08  2.10125903e+00  2.30000000e-08  3.30000000e+00  2.30000000e-08  0.00000000e+00 
 2.30020000e-08  3.32133049e+00  2.30020000e-08  3.32133034e+00  2.30020000e-08  1.95978272e+00  2.30020000e-08  2.09779716e+00  2.30020000e-08  3.30000000e+00  2.30020000e-08  6.60000000e-02 
 2.30060000e-08  3.35609509e+00  2.30060000e-08  3.35609448e+00  2.30060000e-08  1.95217055e+00  2.30060000e-08  2.09081121e+00  2.30060000e-08  3.30000000e+00  2.30060000e-08  1.98000000e-01 
 2.30140000e-08  3.39509567e+00  2.30140000e-08  3.39509514e+00  2.30140000e-08  1.93669477e+00  2.30140000e-08  2.07657249e+00  2.30140000e-08  3.30000000e+00  2.30140000e-08  4.62000000e-01 
 2.30300000e-08  3.43010972e+00  2.30300000e-08  3.43010985e+00  2.30300000e-08  1.90475899e+00  2.30300000e-08  2.04702982e+00  2.30300000e-08  3.30000000e+00  2.30300000e-08  9.90000000e-01 
 2.30500000e-08  3.46572216e+00  2.30500000e-08  3.46572248e+00  2.30500000e-08  1.86052825e+00  2.30500000e-08  2.00553284e+00  2.30500000e-08  3.30000000e+00  2.30500000e-08  1.65000000e+00 
 2.30700000e-08  3.53468931e+00  2.30700000e-08  3.53469324e+00  2.30700000e-08  1.81032468e+00  2.30700000e-08  1.95786300e+00  2.30700000e-08  3.30000000e+00  2.30700000e-08  2.31000000e+00 
 2.30850000e-08  3.62567864e+00  2.30850000e-08  3.62643495e+00  2.30850000e-08  1.76705778e+00  2.30850000e-08  1.89910922e+00  2.30850000e-08  3.30000000e+00  2.30850000e-08  2.80500000e+00 
 2.31000000e-08  3.74316180e+00  2.31000000e-08  3.74379294e+00  2.31000000e-08  1.70305710e+00  2.31000000e-08  1.82571734e+00  2.31000000e-08  3.30000000e+00  2.31000000e-08  3.30000000e+00 
 2.31020000e-08  3.74335822e+00  2.31020000e-08  3.74384219e+00  2.31020000e-08  1.69401646e+00  2.31020000e-08  1.81640942e+00  2.31020000e-08  3.30000000e+00  2.31020000e-08  3.30000000e+00 
 2.31060000e-08  3.74363693e+00  2.31060000e-08  3.74380069e+00  2.31060000e-08  1.67650991e+00  2.31060000e-08  1.79858261e+00  2.31060000e-08  3.30000000e+00  2.31060000e-08  3.30000000e+00 
 2.31140000e-08  3.74356372e+00  2.31140000e-08  3.74297192e+00  2.31140000e-08  1.64511232e+00  2.31140000e-08  1.76702998e+00  2.31140000e-08  3.30000000e+00  2.31140000e-08  3.30000000e+00 
 2.31300000e-08  3.74133851e+00  2.31300000e-08  3.73871637e+00  2.31300000e-08  1.59401852e+00  2.31300000e-08  1.71626582e+00  2.31300000e-08  3.30000000e+00  2.31300000e-08  3.30000000e+00 
 2.31500000e-08  3.73552350e+00  2.31500000e-08  3.72946721e+00  2.31500000e-08  1.54422100e+00  2.31500000e-08  1.66718803e+00  2.31500000e-08  3.30000000e+00  2.31500000e-08  3.30000000e+00 
 2.31700000e-08  3.72788557e+00  2.31700000e-08  3.71783567e+00  2.31700000e-08  1.50210940e+00  2.31700000e-08  1.62599007e+00  2.31700000e-08  3.30000000e+00  2.31700000e-08  3.30000000e+00 
 2.31900000e-08  3.72111367e+00  2.31900000e-08  3.69934598e+00  2.31900000e-08  1.46324283e+00  2.31900000e-08  1.58814282e+00  2.31900000e-08  3.30000000e+00  2.31900000e-08  3.30000000e+00 
 2.32100000e-08  3.69618167e+00  2.32100000e-08  3.66246169e+00  2.32100000e-08  1.42584453e+00  2.32100000e-08  1.55216682e+00  2.32100000e-08  3.30000000e+00  2.32100000e-08  3.30000000e+00 
 2.32300000e-08  3.60061432e+00  2.32300000e-08  3.62269600e+00  2.32300000e-08  1.38923176e+00  2.32300000e-08  1.51770625e+00  2.32300000e-08  3.30000000e+00  2.32300000e-08  3.30000000e+00 
 2.32500000e-08  3.41297114e+00  2.32500000e-08  3.58453808e+00  2.32500000e-08  1.35310345e+00  2.32500000e-08  1.48451137e+00  2.32500000e-08  3.30000000e+00  2.32500000e-08  3.30000000e+00 
 2.32700000e-08  3.16294173e+00  2.32700000e-08  3.54768501e+00  2.32700000e-08  1.31734946e+00  2.32700000e-08  1.45219464e+00  2.32700000e-08  3.30000000e+00  2.32700000e-08  3.30000000e+00 
 2.32900000e-08  2.87885938e+00  2.32900000e-08  3.51084446e+00  2.32900000e-08  1.28194604e+00  2.32900000e-08  1.42044795e+00  2.32900000e-08  3.30000000e+00  2.32900000e-08  3.30000000e+00 
 2.33100000e-08  2.58398123e+00  2.33100000e-08  3.47201781e+00  2.33100000e-08  1.24688502e+00  2.33100000e-08  1.38906201e+00  2.33100000e-08  3.30000000e+00  2.33100000e-08  3.30000000e+00 
 2.33300000e-08  2.30823109e+00  2.33300000e-08  3.42909688e+00  2.33300000e-08  1.21215075e+00  2.33300000e-08  1.35783231e+00  2.33300000e-08  3.30000000e+00  2.33300000e-08  3.30000000e+00 
 2.33500000e-08  2.08890459e+00  2.33500000e-08  3.38086972e+00  2.33500000e-08  1.17773760e+00  2.33500000e-08  1.32652190e+00  2.33500000e-08  3.30000000e+00  2.33500000e-08  3.30000000e+00 
 2.33700000e-08  1.92629223e+00  2.33700000e-08  3.33510024e+00  2.33700000e-08  1.14363793e+00  2.33700000e-08  1.29506614e+00  2.33700000e-08  3.30000000e+00  2.33700000e-08  3.30000000e+00 
 2.33900000e-08  1.79570917e+00  2.33900000e-08  3.29533344e+00  2.33900000e-08  1.10984976e+00  2.33900000e-08  1.26364690e+00  2.33900000e-08  3.30000000e+00  2.33900000e-08  3.30000000e+00 
 2.34100000e-08  1.68104367e+00  2.34100000e-08  3.26152986e+00  2.34100000e-08  1.07637313e+00  2.34100000e-08  1.23241386e+00  2.34100000e-08  3.30000000e+00  2.34100000e-08  3.30000000e+00 
 2.34300000e-08  1.57699904e+00  2.34300000e-08  3.23317858e+00  2.34300000e-08  1.04320686e+00  2.34300000e-08  1.20142126e+00  2.34300000e-08  3.30000000e+00  2.34300000e-08  3.30000000e+00 
 2.34500000e-08  1.48191633e+00  2.34500000e-08  3.21004512e+00  2.34500000e-08  1.01034986e+00  2.34500000e-08  1.17068707e+00  2.34500000e-08  3.30000000e+00  2.34500000e-08  3.30000000e+00 
 2.34700000e-08  1.39493546e+00  2.34700000e-08  3.19181572e+00  2.34700000e-08  9.77802913e-01  2.34700000e-08  1.14022179e+00  2.34700000e-08  3.30000000e+00  2.34700000e-08  3.30000000e+00 
 2.34900000e-08  1.31554407e+00  2.34900000e-08  3.17809808e+00  2.34900000e-08  9.45571270e-01  2.34900000e-08  1.11003301e+00  2.34900000e-08  3.30000000e+00  2.34900000e-08  3.30000000e+00 
 2.35100000e-08  1.24328858e+00  2.35100000e-08  3.16844416e+00  2.35100000e-08  9.13669562e-01  2.35100000e-08  1.08012878e+00  2.35100000e-08  3.30000000e+00  2.35100000e-08  3.30000000e+00 
 2.35300000e-08  1.17776384e+00  2.35300000e-08  3.16237872e+00  2.35300000e-08  8.82132785e-01  2.35300000e-08  1.05051756e+00  2.35300000e-08  3.30000000e+00  2.35300000e-08  3.30000000e+00 
 2.35500000e-08  1.11859563e+00  2.35500000e-08  3.15942578e+00  2.35500000e-08  8.51040466e-01  2.35500000e-08  1.02120980e+00  2.35500000e-08  3.30000000e+00  2.35500000e-08  3.30000000e+00 
 2.35700000e-08  1.06543119e+00  2.35700000e-08  3.15912154e+00  2.35700000e-08  8.20573985e-01  2.35700000e-08  9.92221049e-01  2.35700000e-08  3.30000000e+00  2.35700000e-08  3.30000000e+00 
 2.35900000e-08  1.01793561e+00  2.35900000e-08  3.16103013e+00  2.35900000e-08  7.91141759e-01  2.35900000e-08  9.63580855e-01  2.35900000e-08  3.30000000e+00  2.35900000e-08  3.30000000e+00 
 2.36100000e-08  9.75788566e-01  2.36100000e-08  3.16474810e+00  2.36100000e-08  7.63531396e-01  2.36100000e-08  9.35337297e-01  2.36100000e-08  3.30000000e+00  2.36100000e-08  3.30000000e+00 
 2.36300000e-08  9.38688355e-01  2.36300000e-08  3.16991456e+00  2.36300000e-08  7.38802311e-01  2.36300000e-08  9.07525455e-01  2.36300000e-08  3.30000000e+00  2.36300000e-08  3.30000000e+00 
 2.36500000e-08  9.06346139e-01  2.36500000e-08  3.17620761e+00  2.36500000e-08  7.17719236e-01  2.36500000e-08  8.80112296e-01  2.36500000e-08  3.30000000e+00  2.36500000e-08  3.30000000e+00 
 2.36700000e-08  8.78469560e-01  2.36700000e-08  3.18334059e+00  2.36700000e-08  7.00304737e-01  2.36700000e-08  8.53003810e-01  2.36700000e-08  3.30000000e+00  2.36700000e-08  3.30000000e+00 
 2.36900000e-08  8.54734220e-01  2.36900000e-08  3.19104959e+00  2.36900000e-08  6.86012946e-01  2.36900000e-08  8.26122575e-01  2.36900000e-08  3.30000000e+00  2.36900000e-08  3.30000000e+00 
 2.37100000e-08  8.34785114e-01  2.37100000e-08  3.19910047e+00  2.37100000e-08  6.74151163e-01  2.37100000e-08  7.99514284e-01  2.37100000e-08  3.30000000e+00  2.37100000e-08  3.30000000e+00 
 2.37300000e-08  8.18276262e-01  2.37300000e-08  3.20729806e+00  2.37300000e-08  6.64130323e-01  2.37300000e-08  7.73484785e-01  2.37300000e-08  3.30000000e+00  2.37300000e-08  3.30000000e+00 
 2.37500000e-08  8.04899657e-01  2.37500000e-08  3.21549153e+00  2.37500000e-08  6.55508021e-01  2.37500000e-08  7.48702295e-01  2.37500000e-08  3.30000000e+00  2.37500000e-08  3.30000000e+00 
 2.37700000e-08  7.94361106e-01  2.37700000e-08  3.22355561e+00  2.37700000e-08  6.47958870e-01  2.37700000e-08  7.26011331e-01  2.37700000e-08  3.30000000e+00  2.37700000e-08  3.30000000e+00 
 2.37900000e-08  7.86309672e-01  2.37900000e-08  3.23136587e+00  2.37900000e-08  6.41226031e-01  2.37900000e-08  7.06021507e-01  2.37900000e-08  3.30000000e+00  2.37900000e-08  3.30000000e+00 
 2.38100000e-08  7.80292145e-01  2.38100000e-08  3.23878690e+00  2.38100000e-08  6.35084099e-01  2.38100000e-08  6.88798706e-01  2.38100000e-08  3.30000000e+00  2.38100000e-08  3.30000000e+00 
 2.38300000e-08  7.75816448e-01  2.38300000e-08  3.24570165e+00  2.38300000e-08  6.29351192e-01  2.38300000e-08  6.73976964e-01  2.38300000e-08  3.30000000e+00  2.38300000e-08  3.30000000e+00 
 2.38500000e-08  7.72447045e-01  2.38500000e-08  3.25203373e+00  2.38500000e-08  6.23890764e-01  2.38500000e-08  6.61068795e-01  2.38500000e-08  3.30000000e+00  2.38500000e-08  3.30000000e+00 
 2.38700000e-08  7.69851861e-01  2.38700000e-08  3.25775502e+00  2.38700000e-08  6.18601669e-01  2.38700000e-08  6.49629928e-01  2.38700000e-08  3.30000000e+00  2.38700000e-08  3.30000000e+00 
 2.38900000e-08  7.67796193e-01  2.38900000e-08  3.26287203e+00  2.38900000e-08  6.13411375e-01  2.38900000e-08  6.39325823e-01  2.38900000e-08  3.30000000e+00  2.38900000e-08  3.30000000e+00 
 2.39100000e-08  7.66123581e-01  2.39100000e-08  3.26741697e+00  2.39100000e-08  6.08270464e-01  2.39100000e-08  6.29915527e-01  2.39100000e-08  3.30000000e+00  2.39100000e-08  3.30000000e+00 
 2.39300000e-08  7.64726351e-01  2.39300000e-08  3.27143152e+00  2.39300000e-08  6.03147130e-01  2.39300000e-08  6.21215636e-01  2.39300000e-08  3.30000000e+00  2.39300000e-08  3.30000000e+00 
 2.39500000e-08  7.63531367e-01  2.39500000e-08  3.27496477e+00  2.39500000e-08  5.98023154e-01  2.39500000e-08  6.13091845e-01  2.39500000e-08  3.30000000e+00  2.39500000e-08  3.30000000e+00 
 2.39700000e-08  7.62487677e-01  2.39700000e-08  3.27806456e+00  2.39700000e-08  5.92889741e-01  2.39700000e-08  6.05443739e-01  2.39700000e-08  3.30000000e+00  2.39700000e-08  3.30000000e+00 
 2.39900000e-08  7.61560470e-01  2.39900000e-08  3.28077921e+00  2.39900000e-08  5.87744889e-01  2.39900000e-08  5.98194339e-01  2.39900000e-08  3.30000000e+00  2.39900000e-08  3.30000000e+00 
 2.40100000e-08  7.60723980e-01  2.40100000e-08  3.28315179e+00  2.40100000e-08  5.82590709e-01  2.40100000e-08  5.91283386e-01  2.40100000e-08  3.30000000e+00  2.40100000e-08  3.30000000e+00 
 2.40300000e-08  7.59960426e-01  2.40300000e-08  3.28522386e+00  2.40300000e-08  5.77432088e-01  2.40300000e-08  5.84662570e-01  2.40300000e-08  3.30000000e+00  2.40300000e-08  3.30000000e+00 
 2.40500000e-08  7.59255656e-01  2.40500000e-08  3.28703086e+00  2.40500000e-08  5.72275077e-01  2.40500000e-08  5.78292632e-01  2.40500000e-08  3.30000000e+00  2.40500000e-08  3.30000000e+00 
 2.40700000e-08  7.58599987e-01  2.40700000e-08  3.28860661e+00  2.40700000e-08  5.67126423e-01  2.40700000e-08  5.72141060e-01  2.40700000e-08  3.30000000e+00  2.40700000e-08  3.30000000e+00 
 2.40900000e-08  7.57985013e-01  2.40900000e-08  3.28997906e+00  2.40900000e-08  5.61992613e-01  2.40900000e-08  5.66180814e-01  2.40900000e-08  3.30000000e+00  2.40900000e-08  3.30000000e+00 
 2.41100000e-08  7.57405201e-01  2.41100000e-08  3.29117503e+00  2.41100000e-08  5.56879907e-01  2.41100000e-08  5.60389065e-01  2.41100000e-08  3.30000000e+00  2.41100000e-08  3.30000000e+00 
 2.41300000e-08  7.56855191e-01  2.41300000e-08  3.29221604e+00  2.41300000e-08  5.51793742e-01  2.41300000e-08  5.54746621e-01  2.41300000e-08  3.30000000e+00  2.41300000e-08  3.30000000e+00 
 2.41500000e-08  7.56331718e-01  2.41500000e-08  3.29312308e+00  2.41500000e-08  5.46739028e-01  2.41500000e-08  5.49237124e-01  2.41500000e-08  3.30000000e+00  2.41500000e-08  3.30000000e+00 
 2.41700000e-08  7.55831134e-01  2.41700000e-08  3.29391245e+00  2.41700000e-08  5.41719719e-01  2.41700000e-08  5.43846787e-01  2.41700000e-08  3.30000000e+00  2.41700000e-08  3.30000000e+00 
 2.41900000e-08  7.55351480e-01  2.41900000e-08  3.29460049e+00  2.41900000e-08  5.36739240e-01  2.41900000e-08  5.38563806e-01  2.41900000e-08  3.30000000e+00  2.41900000e-08  3.30000000e+00 
 2.42100000e-08  7.54890116e-01  2.42100000e-08  3.29519938e+00  2.42100000e-08  5.31800129e-01  2.42100000e-08  5.33378255e-01  2.42100000e-08  3.30000000e+00  2.42100000e-08  3.30000000e+00 
 2.42300000e-08  7.54445867e-01  2.42300000e-08  3.29572182e+00  2.42300000e-08  5.26904513e-01  2.42300000e-08  5.28281605e-01  2.42300000e-08  3.30000000e+00  2.42300000e-08  3.30000000e+00 
 2.42500000e-08  7.54016710e-01  2.42500000e-08  3.29617679e+00  2.42500000e-08  5.22053773e-01  2.42500000e-08  5.23266717e-01  2.42500000e-08  3.30000000e+00  2.42500000e-08  3.30000000e+00 
 2.42700000e-08  7.53601954e-01  2.42700000e-08  3.29657419e+00  2.42700000e-08  5.17249028e-01  2.42700000e-08  5.18327421e-01  2.42700000e-08  3.30000000e+00  2.42700000e-08  3.30000000e+00 
 2.42900000e-08  7.53199966e-01  2.42900000e-08  3.29692052e+00  2.42900000e-08  5.12490801e-01  2.42900000e-08  5.13458580e-01  2.42900000e-08  3.30000000e+00  2.42900000e-08  3.30000000e+00 
 2.43100000e-08  7.52810366e-01  2.43100000e-08  3.29722355e+00  2.43100000e-08  5.07779498e-01  2.43100000e-08  5.08655711e-01  2.43100000e-08  3.30000000e+00  2.43100000e-08  3.30000000e+00 
 2.43300000e-08  7.52431776e-01  2.43300000e-08  3.29748792e+00  2.43300000e-08  5.03115052e-01  2.43300000e-08  5.03915099e-01  2.43300000e-08  3.30000000e+00  2.43300000e-08  3.30000000e+00 
 2.43500000e-08  7.52064023e-01  2.43500000e-08  3.29771976e+00  2.43500000e-08  4.98497402e-01  2.43500000e-08  4.99233452e-01  2.43500000e-08  3.30000000e+00  2.43500000e-08  3.30000000e+00 
 2.43700000e-08  7.51705898e-01  2.43700000e-08  3.29792228e+00  2.43700000e-08  4.93926113e-01  2.43700000e-08  4.94608053e-01  2.43700000e-08  3.30000000e+00  2.43700000e-08  3.30000000e+00 
 2.43900000e-08  7.51357372e-01  2.43900000e-08  3.29810037e+00  2.43900000e-08  4.89400840e-01  2.43900000e-08  4.90036445e-01  2.43900000e-08  3.30000000e+00  2.43900000e-08  3.30000000e+00 
 2.44100000e-08  7.51017357e-01  2.44100000e-08  3.29825617e+00  2.44100000e-08  4.84920937e-01  2.44100000e-08  4.85516603e-01  2.44100000e-08  3.30000000e+00  2.44100000e-08  3.30000000e+00 
 2.44300000e-08  7.50685925e-01  2.44300000e-08  3.29839365e+00  2.44300000e-08  4.80485911e-01  2.44300000e-08  4.81046646e-01  2.44300000e-08  3.30000000e+00  2.44300000e-08  3.30000000e+00 
 2.44500000e-08  7.50362076e-01  2.44500000e-08  3.29851413e+00  2.44500000e-08  4.76095014e-01  2.44500000e-08  4.76625033e-01  2.44500000e-08  3.30000000e+00  2.44500000e-08  3.30000000e+00 
 2.44700000e-08  7.50045959e-01  2.44700000e-08  3.29862087e+00  2.44700000e-08  4.71747690e-01  2.44700000e-08  4.72250283e-01  2.44700000e-08  3.30000000e+00  2.44700000e-08  3.30000000e+00 
 2.44900000e-08  7.49736641e-01  2.44900000e-08  3.29871460e+00  2.44900000e-08  4.67443158e-01  2.44900000e-08  4.67921186e-01  2.44900000e-08  3.30000000e+00  2.44900000e-08  3.30000000e+00 
 2.45100000e-08  7.49434329e-01  2.45100000e-08  3.29879805e+00  2.45100000e-08  4.63180854e-01  2.45100000e-08  4.63636541e-01  2.45100000e-08  3.30000000e+00  2.45100000e-08  3.30000000e+00 
 2.45300000e-08  7.49138145e-01  2.45300000e-08  3.29887148e+00  2.45300000e-08  4.58960004e-01  2.45300000e-08  4.59395373e-01  2.45300000e-08  3.30000000e+00  2.45300000e-08  3.30000000e+00 
 2.45500000e-08  7.48848343e-01  2.45500000e-08  3.29893722e+00  2.45500000e-08  4.54780065e-01  2.45500000e-08  4.55196676e-01  2.45500000e-08  3.30000000e+00  2.45500000e-08  3.30000000e+00 
 2.45700000e-08  7.48564089e-01  2.45700000e-08  3.29899520e+00  2.45700000e-08  4.50640293e-01  2.45700000e-08  4.51039642e-01  2.45700000e-08  3.30000000e+00  2.45700000e-08  3.30000000e+00 
 2.45900000e-08  7.48285674e-01  2.45900000e-08  3.29904745e+00  2.45900000e-08  4.46540181e-01  2.45900000e-08  4.46923408e-01  2.45900000e-08  3.30000000e+00  2.45900000e-08  3.30000000e+00 
 2.46100000e-08  7.48012303e-01  2.46100000e-08  3.29909363e+00  2.46100000e-08  4.42479024e-01  2.46100000e-08  4.42847289e-01  2.46100000e-08  3.30000000e+00  2.46100000e-08  3.30000000e+00 
 2.46300000e-08  7.47744300e-01  2.46300000e-08  3.29913556e+00  2.46300000e-08  4.38456355e-01  2.46300000e-08  4.38810525e-01  2.46300000e-08  3.30000000e+00  2.46300000e-08  3.30000000e+00 
 2.46500000e-08  7.47480898e-01  2.46500000e-08  3.29917271e+00  2.46500000e-08  4.34471512e-01  2.46500000e-08  4.34812522e-01  2.46500000e-08  3.30000000e+00  2.46500000e-08  3.30000000e+00 
 2.46700000e-08  7.47222451e-01  2.46700000e-08  3.29920672e+00  2.46700000e-08  4.30524069e-01  2.46700000e-08  4.30852600e-01  2.46700000e-08  3.30000000e+00  2.46700000e-08  3.30000000e+00 
 2.46900000e-08  7.46968220e-01  2.46900000e-08  3.29923692e+00  2.46900000e-08  4.26613404e-01  2.46900000e-08  4.26930238e-01  2.46900000e-08  3.30000000e+00  2.46900000e-08  3.30000000e+00 
 2.47100000e-08  7.46718579e-01  2.47100000e-08  3.29926482e+00  2.47100000e-08  4.22739130e-01  2.47100000e-08  4.23044817e-01  2.47100000e-08  3.30000000e+00  2.47100000e-08  3.30000000e+00 
 2.47300000e-08  7.46472815e-01  2.47300000e-08  3.29928965e+00  2.47300000e-08  4.18900663e-01  2.47300000e-08  4.19195871e-01  2.47300000e-08  3.30000000e+00  2.47300000e-08  3.30000000e+00 
 2.47500000e-08  7.46231322e-01  2.47500000e-08  3.29931282e+00  2.47500000e-08  4.15097649e-01  2.47500000e-08  4.15382833e-01  2.47500000e-08  3.30000000e+00  2.47500000e-08  3.30000000e+00 
 2.47700000e-08  7.45993406e-01  2.47700000e-08  3.29933348e+00  2.47700000e-08  4.11329539e-01  2.47700000e-08  4.11605280e-01  2.47700000e-08  3.30000000e+00  2.47700000e-08  3.30000000e+00 
 2.47900000e-08  7.45759479e-01  2.47900000e-08  3.29935297e+00  2.47900000e-08  4.07596010e-01  2.47900000e-08  4.07862688e-01  2.47900000e-08  3.30000000e+00  2.47900000e-08  3.30000000e+00 
 2.48100000e-08  7.45528865e-01  2.48100000e-08  3.29937036e+00  2.48100000e-08  4.03896540e-01  2.48100000e-08  4.04154671e-01  2.48100000e-08  3.30000000e+00  2.48100000e-08  3.30000000e+00 
 2.48300000e-08  7.45301991e-01  2.48300000e-08  3.29938697e+00  2.48300000e-08  4.00230837e-01  2.48300000e-08  4.00480738e-01  2.48300000e-08  3.30000000e+00  2.48300000e-08  3.30000000e+00 
 2.48500000e-08  7.45078196e-01  2.48500000e-08  3.29940180e+00  2.48500000e-08  3.96598403e-01  2.48500000e-08  3.96840536e-01  2.48500000e-08  3.30000000e+00  2.48500000e-08  3.30000000e+00 
 2.48700000e-08  7.44857920e-01  2.48700000e-08  3.29941612e+00  2.48700000e-08  3.92998969e-01  2.48700000e-08  3.93233603e-01  2.48700000e-08  3.30000000e+00  2.48700000e-08  3.30000000e+00 
 2.48900000e-08  7.44640514e-01  2.48900000e-08  3.29942892e+00  2.48900000e-08  3.89432060e-01  2.48900000e-08  3.89659612e-01  2.48900000e-08  3.30000000e+00  2.48900000e-08  3.30000000e+00 
 2.49100000e-08  7.44426431e-01  2.49100000e-08  3.29944144e+00  2.49100000e-08  3.85897428e-01  2.49100000e-08  3.86118125e-01  2.49100000e-08  3.30000000e+00  2.49100000e-08  3.30000000e+00 
 2.49300000e-08  7.44215034e-01  2.49300000e-08  3.29945262e+00  2.49300000e-08  3.82394619e-01  2.49300000e-08  3.82608839e-01  2.49300000e-08  3.30000000e+00  2.49300000e-08  3.30000000e+00 
 2.49500000e-08  7.44006784e-01  2.49500000e-08  3.29946368e+00  2.49500000e-08  3.78923402e-01  2.49500000e-08  3.79131336e-01  2.49500000e-08  3.30000000e+00  2.49500000e-08  3.30000000e+00 
 2.49700000e-08  7.43801054e-01  2.49700000e-08  3.29947356e+00  2.49700000e-08  3.75483339e-01  2.49700000e-08  3.75685335e-01  2.49700000e-08  3.30000000e+00  2.49700000e-08  3.30000000e+00 
 2.49900000e-08  7.43598315e-01  2.49900000e-08  3.29948346e+00  2.49900000e-08  3.72074217e-01  2.49900000e-08  3.72270436e-01  2.49900000e-08  3.30000000e+00  2.49900000e-08  3.30000000e+00 
 2.50100000e-08  7.43397948e-01  2.50100000e-08  3.29949228e+00  2.50100000e-08  3.68695613e-01  2.50100000e-08  3.68886373e-01  2.50100000e-08  3.30000000e+00  2.50100000e-08  3.30000000e+00 
 2.50300000e-08  7.43200431e-01  2.50300000e-08  3.29950122e+00  2.50300000e-08  3.65347327e-01  2.50300000e-08  3.65532764e-01  2.50300000e-08  3.30000000e+00  2.50300000e-08  3.30000000e+00 
 2.50500000e-08  7.43005153e-01  2.50500000e-08  3.29950918e+00  2.50500000e-08  3.62028951e-01  2.50500000e-08  3.62209359e-01  2.50500000e-08  3.30000000e+00  2.50500000e-08  3.30000000e+00 
 2.50700000e-08  7.42812598e-01  2.50700000e-08  3.29951733e+00  2.50700000e-08  3.58740297e-01  2.50700000e-08  3.58915789e-01  2.50700000e-08  3.30000000e+00  2.50700000e-08  3.30000000e+00 
 2.50900000e-08  7.42622162e-01  2.50900000e-08  3.29952458e+00  2.50900000e-08  3.55480968e-01  2.50900000e-08  3.55651817e-01  2.50900000e-08  3.30000000e+00  2.50900000e-08  3.30000000e+00 
 2.51100000e-08  7.42434334e-01  2.51100000e-08  3.29953209e+00  2.51100000e-08  3.52250789e-01  2.51100000e-08  3.52417088e-01  2.51100000e-08  3.30000000e+00  2.51100000e-08  3.30000000e+00 
 2.51300000e-08  7.42248516e-01  2.51300000e-08  3.29953874e+00  2.51300000e-08  3.49049372e-01  2.51300000e-08  3.49211376e-01  2.51300000e-08  3.30000000e+00  2.51300000e-08  3.30000000e+00 
 2.51500000e-08  7.42065202e-01  2.51500000e-08  3.29954570e+00  2.51500000e-08  3.45876553e-01  2.51500000e-08  3.46034337e-01  2.51500000e-08  3.30000000e+00  2.51500000e-08  3.30000000e+00 
 2.51700000e-08  7.41883800e-01  2.51700000e-08  3.29955184e+00  2.51700000e-08  3.42731955e-01  2.51700000e-08  3.42885757e-01  2.51700000e-08  3.30000000e+00  2.51700000e-08  3.30000000e+00 
 2.51900000e-08  7.41704807e-01  2.51900000e-08  3.29955834e+00  2.51900000e-08  3.39615420e-01  2.51900000e-08  3.39765301e-01  2.51900000e-08  3.30000000e+00  2.51900000e-08  3.30000000e+00 
 2.52100000e-08  7.41527635e-01  2.52100000e-08  3.29956407e+00  2.52100000e-08  3.36526581e-01  2.52100000e-08  3.36672765e-01  2.52100000e-08  3.30000000e+00  2.52100000e-08  3.30000000e+00 
 2.52300000e-08  7.41352786e-01  2.52300000e-08  3.29957017e+00  2.52300000e-08  3.33465290e-01  2.52300000e-08  3.33607823e-01  2.52300000e-08  3.30000000e+00  2.52300000e-08  3.30000000e+00 
 2.52500000e-08  7.41179675e-01  2.52500000e-08  3.29957553e+00  2.52500000e-08  3.30431185e-01  2.52500000e-08  3.30570280e-01  2.52500000e-08  3.30000000e+00  2.52500000e-08  3.30000000e+00 
 2.52700000e-08  7.41008807e-01  2.52700000e-08  3.29958129e+00  2.52700000e-08  3.27424128e-01  2.52700000e-08  3.27559818e-01  2.52700000e-08  3.30000000e+00  2.52700000e-08  3.30000000e+00 
 2.52900000e-08  7.40839603e-01  2.52900000e-08  3.29958633e+00  2.52900000e-08  3.24443763e-01  2.52900000e-08  3.24576251e-01  2.52900000e-08  3.30000000e+00  2.52900000e-08  3.30000000e+00 
 2.53100000e-08  7.40672568e-01  2.53100000e-08  3.29959180e+00  2.53100000e-08  3.21489959e-01  2.53100000e-08  3.21619266e-01  2.53100000e-08  3.30000000e+00  2.53100000e-08  3.30000000e+00 
 2.53300000e-08  7.40507126e-01  2.53300000e-08  3.29959656e+00  2.53300000e-08  3.18562367e-01  2.53300000e-08  3.18688686e-01  2.53300000e-08  3.30000000e+00  2.53300000e-08  3.30000000e+00 
 2.53500000e-08  7.40343785e-01  2.53500000e-08  3.29960177e+00  2.53500000e-08  3.15660862e-01  2.53500000e-08  3.15784205e-01  2.53500000e-08  3.30000000e+00  2.53500000e-08  3.30000000e+00 
 2.53700000e-08  7.40181974e-01  2.53700000e-08  3.29960629e+00  2.53700000e-08  3.12785102e-01  2.53700000e-08  3.12905652e-01  2.53700000e-08  3.30000000e+00  2.53700000e-08  3.30000000e+00 
 2.53900000e-08  7.40022201e-01  2.53900000e-08  3.29961127e+00  2.53900000e-08  3.09934966e-01  2.53900000e-08  3.10052729e-01  2.53900000e-08  3.30000000e+00  2.53900000e-08  3.30000000e+00 
 2.54100000e-08  7.39863897e-01  2.54100000e-08  3.29961557e+00  2.54100000e-08  3.07110119e-01  2.54100000e-08  3.07225269e-01  2.54100000e-08  3.30000000e+00  2.54100000e-08  3.30000000e+00 
 2.54300000e-08  7.39707573e-01  2.54300000e-08  3.29962034e+00  2.54300000e-08  3.04310447e-01  2.54300000e-08  3.04422980e-01  2.54300000e-08  3.30000000e+00  2.54300000e-08  3.30000000e+00 
 2.54500000e-08  7.39552662e-01  2.54500000e-08  3.29962445e+00  2.54500000e-08  3.01535618e-01  2.54500000e-08  3.01645703e-01  2.54500000e-08  3.30000000e+00  2.54500000e-08  3.30000000e+00 
 2.54700000e-08  7.39399677e-01  2.54700000e-08  3.29962904e+00  2.54700000e-08  2.98785523e-01  2.54700000e-08  2.98893150e-01  2.54700000e-08  3.30000000e+00  2.54700000e-08  3.30000000e+00 
 2.54900000e-08  7.39248052e-01  2.54900000e-08  3.29963297e+00  2.54900000e-08  2.96059836e-01  2.54900000e-08  2.96165166e-01  2.54900000e-08  3.30000000e+00  2.54900000e-08  3.30000000e+00 
 2.55100000e-08  7.39098302e-01  2.55100000e-08  3.29963739e+00  2.55100000e-08  2.93358453e-01  2.55100000e-08  2.93461470e-01  2.55100000e-08  3.30000000e+00  2.55100000e-08  3.30000000e+00 
 2.55300000e-08  7.38949863e-01  2.55300000e-08  3.29964116e+00  2.55300000e-08  2.90681053e-01  2.55300000e-08  2.90781911e-01  2.55300000e-08  3.30000000e+00  2.55300000e-08  3.30000000e+00 
 2.55500000e-08  7.38803251e-01  2.55500000e-08  3.29964543e+00  2.55500000e-08  2.88027535e-01  2.55500000e-08  2.88126215e-01  2.55500000e-08  3.30000000e+00  2.55500000e-08  3.30000000e+00 
 2.55700000e-08  7.38657905e-01  2.55700000e-08  3.29964906e+00  2.55700000e-08  2.85397583e-01  2.55700000e-08  2.85494233e-01  2.55700000e-08  3.30000000e+00  2.55700000e-08  3.30000000e+00 
 2.55900000e-08  7.38514340e-01  2.55900000e-08  3.29965318e+00  2.55900000e-08  2.82791101e-01  2.55900000e-08  2.82885696e-01  2.55900000e-08  3.30000000e+00  2.55900000e-08  3.30000000e+00 
 2.56100000e-08  7.38371997e-01  2.56100000e-08  3.29965668e+00  2.56100000e-08  2.80207777e-01  2.56100000e-08  2.80300462e-01  2.56100000e-08  3.30000000e+00  2.56100000e-08  3.30000000e+00 
 2.56300000e-08  7.38231393e-01  2.56300000e-08  3.29966067e+00  2.56300000e-08  2.77647520e-01  2.56300000e-08  2.77738263e-01  2.56300000e-08  3.30000000e+00  2.56300000e-08  3.30000000e+00 
 2.56500000e-08  7.38091971e-01  2.56500000e-08  3.29966404e+00  2.56500000e-08  2.75110020e-01  2.56500000e-08  2.75198962e-01  2.56500000e-08  3.30000000e+00  2.56500000e-08  3.30000000e+00 
 2.56700000e-08  7.37954246e-01  2.56700000e-08  3.29966792e+00  2.56700000e-08  2.72595189e-01  2.56700000e-08  2.72682297e-01  2.56700000e-08  3.30000000e+00  2.56700000e-08  3.30000000e+00 
 2.56900000e-08  7.37817664e-01  2.56900000e-08  3.29967117e+00  2.56900000e-08  2.70102725e-01  2.56900000e-08  2.70188133e-01  2.56900000e-08  3.30000000e+00  2.56900000e-08  3.30000000e+00 
 2.57100000e-08  7.37682742e-01  2.57100000e-08  3.29967494e+00  2.57100000e-08  2.67632541e-01  2.57100000e-08  2.67716213e-01  2.57100000e-08  3.30000000e+00  2.57100000e-08  3.30000000e+00 
 2.57300000e-08  7.37548926e-01  2.57300000e-08  3.29967809e+00  2.57300000e-08  2.65184338e-01  2.57300000e-08  2.65266405e-01  2.57300000e-08  3.30000000e+00  2.57300000e-08  3.30000000e+00 
 2.57500000e-08  7.37416733e-01  2.57500000e-08  3.29968175e+00  2.57500000e-08  2.62758034e-01  2.57500000e-08  2.62838456e-01  2.57500000e-08  3.30000000e+00  2.57500000e-08  3.30000000e+00 
 2.57700000e-08  7.37285611e-01  2.57700000e-08  3.29968479e+00  2.57700000e-08  2.60353334e-01  2.57700000e-08  2.60432239e-01  2.57700000e-08  3.30000000e+00  2.57700000e-08  3.30000000e+00 
 2.57900000e-08  7.37156078e-01  2.57900000e-08  3.29968836e+00  2.57900000e-08  2.57970158e-01  2.57900000e-08  2.58047502e-01  2.57900000e-08  3.30000000e+00  2.57900000e-08  3.30000000e+00 
 2.58100000e-08  7.37027582e-01  2.58100000e-08  3.29969131e+00  2.58100000e-08  2.55608214e-01  2.58100000e-08  2.55684124e-01  2.58100000e-08  3.30000000e+00  2.58100000e-08  3.30000000e+00 
 2.58300000e-08  7.36900641e-01  2.58300000e-08  3.29969479e+00  2.58300000e-08  2.53267428e-01  2.58300000e-08  2.53341855e-01  2.58300000e-08  3.30000000e+00  2.58300000e-08  3.30000000e+00 
 2.58500000e-08  7.36774706e-01  2.58500000e-08  3.29969765e+00  2.58500000e-08  2.50947509e-01  2.58500000e-08  2.51020578e-01  2.58500000e-08  3.30000000e+00  2.58500000e-08  3.30000000e+00 
 2.58700000e-08  7.36650294e-01  2.58700000e-08  3.29970103e+00  2.58700000e-08  2.48648386e-01  2.58700000e-08  2.48720046e-01  2.58700000e-08  3.30000000e+00  2.58700000e-08  3.30000000e+00 
 2.58900000e-08  7.36526858e-01  2.58900000e-08  3.29970381e+00  2.58900000e-08  2.46369772e-01  2.58900000e-08  2.46440145e-01  2.58900000e-08  3.30000000e+00  2.58900000e-08  3.30000000e+00 
 2.59100000e-08  7.36404914e-01  2.59100000e-08  3.29970712e+00  2.59100000e-08  2.44111600e-01  2.59100000e-08  2.44180632e-01  2.59100000e-08  3.30000000e+00  2.59100000e-08  3.30000000e+00 
 2.59300000e-08  7.36283916e-01  2.59300000e-08  3.29970981e+00  2.59300000e-08  2.41873585e-01  2.59300000e-08  2.41941397e-01  2.59300000e-08  3.30000000e+00  2.59300000e-08  3.30000000e+00 
 2.59500000e-08  7.36164382e-01  2.59500000e-08  3.29971304e+00  2.59500000e-08  2.39655662e-01  2.59500000e-08  2.39722198e-01  2.59500000e-08  3.30000000e+00  2.59500000e-08  3.30000000e+00 
 2.59700000e-08  7.36045766e-01  2.59700000e-08  3.29971566e+00  2.59700000e-08  2.37457551e-01  2.59700000e-08  2.37522928e-01  2.59700000e-08  3.30000000e+00  2.59700000e-08  3.30000000e+00 
 2.59900000e-08  7.35928586e-01  2.59900000e-08  3.29971881e+00  2.59900000e-08  2.35279189e-01  2.59900000e-08  2.35343351e-01  2.59900000e-08  3.30000000e+00  2.59900000e-08  3.30000000e+00 
 2.60100000e-08  7.35812296e-01  2.60100000e-08  3.29972136e+00  2.60100000e-08  2.33120299e-01  2.60100000e-08  2.33183360e-01  2.60100000e-08  3.30000000e+00  2.60100000e-08  3.30000000e+00 
 2.60300000e-08  7.35697414e-01  2.60300000e-08  3.29972444e+00  2.60300000e-08  2.30980821e-01  2.60300000e-08  2.31042722e-01  2.60300000e-08  3.30000000e+00  2.60300000e-08  3.30000000e+00 
 2.60500000e-08  7.35583397e-01  2.60500000e-08  3.29972691e+00  2.60500000e-08  2.28860480e-01  2.60500000e-08  2.28921335e-01  2.60500000e-08  3.30000000e+00  2.60500000e-08  3.30000000e+00 
 2.60700000e-08  7.35470763e-01  2.60700000e-08  3.29972993e+00  2.60700000e-08  2.26759220e-01  2.60700000e-08  2.26818968e-01  2.60700000e-08  3.30000000e+00  2.60700000e-08  3.30000000e+00 
 2.60900000e-08  7.35358969e-01  2.60900000e-08  3.29973234e+00  2.60900000e-08  2.24676768e-01  2.60900000e-08  2.24735522e-01  2.60900000e-08  3.30000000e+00  2.60900000e-08  3.30000000e+00 
 2.61100000e-08  7.35248531e-01  2.61100000e-08  3.29973529e+00  2.61100000e-08  2.22613071e-01  2.61100000e-08  2.22670767e-01  2.61100000e-08  3.30000000e+00  2.61100000e-08  3.30000000e+00 
 2.61300000e-08  7.35138909e-01  2.61300000e-08  3.29973763e+00  2.61300000e-08  2.20567859e-01  2.61300000e-08  2.20624608e-01  2.61300000e-08  3.30000000e+00  2.61300000e-08  3.30000000e+00 
 2.61500000e-08  7.35030620e-01  2.61500000e-08  3.29974052e+00  2.61500000e-08  2.18541081e-01  2.61500000e-08  2.18596820e-01  2.61500000e-08  3.30000000e+00  2.61500000e-08  3.30000000e+00 
 2.61700000e-08  7.34923123e-01  2.61700000e-08  3.29974280e+00  2.61700000e-08  2.16532470e-01  2.61700000e-08  2.16587307e-01  2.61700000e-08  3.30000000e+00  2.61700000e-08  3.30000000e+00 
 2.61900000e-08  7.34816935e-01  2.61900000e-08  3.29974563e+00  2.61900000e-08  2.14541978e-01  2.61900000e-08  2.14595848e-01  2.61900000e-08  3.30000000e+00  2.61900000e-08  3.30000000e+00 
 2.62100000e-08  7.34711516e-01  2.62100000e-08  3.29974786e+00  2.62100000e-08  2.12569340e-01  2.62100000e-08  2.12622350e-01  2.62100000e-08  3.30000000e+00  2.62100000e-08  3.30000000e+00 
 2.62300000e-08  7.34607384e-01  2.62300000e-08  3.29975063e+00  2.62300000e-08  2.10614510e-01  2.62300000e-08  2.10666595e-01  2.62300000e-08  3.30000000e+00  2.62300000e-08  3.30000000e+00 
 2.62500000e-08  7.34503999e-01  2.62500000e-08  3.29975279e+00  2.62500000e-08  2.08677226e-01  2.62500000e-08  2.08728492e-01  2.62500000e-08  3.30000000e+00  2.62500000e-08  3.30000000e+00 
 2.62700000e-08  7.34401879e-01  2.62700000e-08  3.29975551e+00  2.62700000e-08  2.06757446e-01  2.62700000e-08  2.06807825e-01  2.62700000e-08  3.30000000e+00  2.62700000e-08  3.30000000e+00 
 2.62900000e-08  7.34300484e-01  2.62900000e-08  3.29975762e+00  2.62900000e-08  2.04854910e-01  2.62900000e-08  2.04904506e-01  2.62900000e-08  3.30000000e+00  2.62900000e-08  3.30000000e+00 
 2.63100000e-08  7.34200333e-01  2.63100000e-08  3.29976028e+00  2.63100000e-08  2.02969576e-01  2.63100000e-08  2.03018322e-01  2.63100000e-08  3.30000000e+00  2.63100000e-08  3.30000000e+00 
 2.63300000e-08  7.34100887e-01  2.63300000e-08  3.29976234e+00  2.63300000e-08  2.01101188e-01  2.63300000e-08  2.01149188e-01  2.63300000e-08  3.30000000e+00  2.63300000e-08  3.30000000e+00 
 2.63500000e-08  7.34002663e-01  2.63500000e-08  3.29976495e+00  2.63500000e-08  1.99249708e-01  2.63500000e-08  1.99296892e-01  2.63500000e-08  3.30000000e+00  2.63500000e-08  3.30000000e+00 
 2.63700000e-08  7.33905125e-01  2.63700000e-08  3.29976695e+00  2.63700000e-08  1.97414880e-01  2.63700000e-08  1.97461352e-01  2.63700000e-08  3.30000000e+00  2.63700000e-08  3.30000000e+00 
 2.63900000e-08  7.33808788e-01  2.63900000e-08  3.29976951e+00  2.63900000e-08  1.95596669e-01  2.63900000e-08  1.95642357e-01  2.63900000e-08  3.30000000e+00  2.63900000e-08  3.30000000e+00 
 2.64100000e-08  7.33713117e-01  2.64100000e-08  3.29977147e+00  2.64100000e-08  1.93794823e-01  2.64100000e-08  1.93839830e-01  2.64100000e-08  3.30000000e+00  2.64100000e-08  3.30000000e+00 
 2.64300000e-08  7.33618628e-01  2.64300000e-08  3.29977398e+00  2.64300000e-08  1.92009307e-01  2.64300000e-08  1.92053562e-01  2.64300000e-08  3.30000000e+00  2.64300000e-08  3.30000000e+00 
 2.64500000e-08  7.33524787e-01  2.64500000e-08  3.29977589e+00  2.64500000e-08  1.90239872e-01  2.64500000e-08  1.90283477e-01  2.64500000e-08  3.30000000e+00  2.64500000e-08  3.30000000e+00 
 2.64700000e-08  7.33432108e-01  2.64700000e-08  3.29977835e+00  2.64700000e-08  1.88486487e-01  2.64700000e-08  1.88529368e-01  2.64700000e-08  3.30000000e+00  2.64700000e-08  3.30000000e+00 
 2.64900000e-08  7.33340058e-01  2.64900000e-08  3.29978021e+00  2.64900000e-08  1.86748904e-01  2.64900000e-08  1.86791163e-01  2.64900000e-08  3.30000000e+00  2.64900000e-08  3.30000000e+00 
 2.65100000e-08  7.33249152e-01  2.65100000e-08  3.29978263e+00  2.65100000e-08  1.85027093e-01  2.65100000e-08  1.85068656e-01  2.65100000e-08  3.30000000e+00  2.65100000e-08  3.30000000e+00 
 2.65300000e-08  7.33158857e-01  2.65300000e-08  3.29978445e+00  2.65300000e-08  1.83320809e-01  2.65300000e-08  1.83361777e-01  2.65300000e-08  3.30000000e+00  2.65300000e-08  3.30000000e+00 
 2.65500000e-08  7.33069687e-01  2.65500000e-08  3.29978682e+00  2.65500000e-08  1.81630026e-01  2.65500000e-08  1.81670325e-01  2.65500000e-08  3.30000000e+00  2.65500000e-08  3.30000000e+00 
 2.65700000e-08  7.32981112e-01  2.65700000e-08  3.29978859e+00  2.65700000e-08  1.79954500e-01  2.65700000e-08  1.79994228e-01  2.65700000e-08  3.30000000e+00  2.65700000e-08  3.30000000e+00 
 2.65900000e-08  7.32893644e-01  2.65900000e-08  3.29979092e+00  2.65900000e-08  1.78294206e-01  2.65900000e-08  1.78333290e-01  2.65900000e-08  3.30000000e+00  2.65900000e-08  3.30000000e+00 
 2.66100000e-08  7.32806753e-01  2.66100000e-08  3.29979265e+00  2.66100000e-08  1.76648904e-01  2.66100000e-08  1.76687442e-01  2.66100000e-08  3.30000000e+00  2.66100000e-08  3.30000000e+00 
 2.66300000e-08  7.32720952e-01  2.66300000e-08  3.29979493e+00  2.66300000e-08  1.75018570e-01  2.66300000e-08  1.75056487e-01  2.66300000e-08  3.30000000e+00  2.66300000e-08  3.30000000e+00 
 2.66500000e-08  7.32635712e-01  2.66500000e-08  3.29979662e+00  2.66500000e-08  1.73402966e-01  2.66500000e-08  1.73440360e-01  2.66500000e-08  3.30000000e+00  2.66500000e-08  3.30000000e+00 
 2.66700000e-08  7.32551545e-01  2.66700000e-08  3.29979886e+00  2.66700000e-08  1.71802071e-01  2.66700000e-08  1.71838866e-01  2.66700000e-08  3.30000000e+00  2.66700000e-08  3.30000000e+00 
 2.66900000e-08  7.32467923e-01  2.66900000e-08  3.29980051e+00  2.66900000e-08  1.70215649e-01  2.66900000e-08  1.70251943e-01  2.66900000e-08  3.30000000e+00  2.66900000e-08  3.30000000e+00 
 2.67100000e-08  7.32385357e-01  2.67100000e-08  3.29980272e+00  2.67100000e-08  1.68643680e-01  2.67100000e-08  1.68679398e-01  2.67100000e-08  3.30000000e+00  2.67100000e-08  3.30000000e+00 
 2.67300000e-08  7.32303320e-01  2.67300000e-08  3.29980433e+00  2.67300000e-08  1.67085932e-01  2.67300000e-08  1.67121169e-01  2.67300000e-08  3.30000000e+00  2.67300000e-08  3.30000000e+00 
 2.67500000e-08  7.32222323e-01  2.67500000e-08  3.29980649e+00  2.67500000e-08  1.65542386e-01  2.67500000e-08  1.65577066e-01  2.67500000e-08  3.30000000e+00  2.67500000e-08  3.30000000e+00 
 2.67700000e-08  7.32141840e-01  2.67700000e-08  3.29980806e+00  2.67700000e-08  1.64012811e-01  2.67700000e-08  1.64047030e-01  2.67700000e-08  3.30000000e+00  2.67700000e-08  3.30000000e+00 
 2.67900000e-08  7.32062382e-01  2.67900000e-08  3.29981019e+00  2.67900000e-08  1.62497192e-01  2.67900000e-08  1.62530873e-01  2.67900000e-08  3.30000000e+00  2.67900000e-08  3.30000000e+00 
 2.68100000e-08  7.31983422e-01  2.68100000e-08  3.29981172e+00  2.68100000e-08  1.60995298e-01  2.68100000e-08  1.61028538e-01  2.68100000e-08  3.30000000e+00  2.68100000e-08  3.30000000e+00 
 2.68300000e-08  7.31905472e-01  2.68300000e-08  3.29981381e+00  2.68300000e-08  1.59507118e-01  2.68300000e-08  1.59539838e-01  2.68300000e-08  3.30000000e+00  2.68300000e-08  3.30000000e+00 
 2.68500000e-08  7.31828005e-01  2.68500000e-08  3.29981531e+00  2.68500000e-08  1.58032422e-01  2.68500000e-08  1.58064718e-01  2.68500000e-08  3.30000000e+00  2.68500000e-08  3.30000000e+00 
 2.68700000e-08  7.31751533e-01  2.68700000e-08  3.29981736e+00  2.68700000e-08  1.56571200e-01  2.68700000e-08  1.56602994e-01  2.68700000e-08  3.30000000e+00  2.68700000e-08  3.30000000e+00 
 2.68900000e-08  7.31675531e-01  2.68900000e-08  3.29981882e+00  2.68900000e-08  1.55123225e-01  2.68900000e-08  1.55154612e-01  2.68900000e-08  3.30000000e+00  2.68900000e-08  3.30000000e+00 
 2.69100000e-08  7.31600508e-01  2.69100000e-08  3.29982084e+00  2.69100000e-08  1.53688490e-01  2.69100000e-08  1.53719391e-01  2.69100000e-08  3.30000000e+00  2.69100000e-08  3.30000000e+00 
 2.69300000e-08  7.31525940e-01  2.69300000e-08  3.29982227e+00  2.69300000e-08  1.52266769e-01  2.69300000e-08  1.52297279e-01  2.69300000e-08  3.30000000e+00  2.69300000e-08  3.30000000e+00 
 2.69500000e-08  7.31452338e-01  2.69500000e-08  3.29982425e+00  2.69500000e-08  1.50858055e-01  2.69500000e-08  1.50888096e-01  2.69500000e-08  3.30000000e+00  2.69500000e-08  3.30000000e+00 
 2.69700000e-08  7.31379178e-01  2.69700000e-08  3.29982564e+00  2.69700000e-08  1.49462126e-01  2.69700000e-08  1.49491792e-01  2.69700000e-08  3.30000000e+00  2.69700000e-08  3.30000000e+00 
 2.69900000e-08  7.31306969e-01  2.69900000e-08  3.29982759e+00  2.69900000e-08  1.48078978e-01  2.69900000e-08  1.48108189e-01  2.69900000e-08  3.30000000e+00  2.69900000e-08  3.30000000e+00 
 2.70100000e-08  7.31235188e-01  2.70100000e-08  3.29982895e+00  2.70100000e-08  1.46708388e-01  2.70100000e-08  1.46737239e-01  2.70100000e-08  3.30000000e+00  2.70100000e-08  3.30000000e+00 
 2.70300000e-08  7.31164345e-01  2.70300000e-08  3.29983087e+00  2.70300000e-08  1.45350355e-01  2.70300000e-08  1.45378766e-01  2.70300000e-08  3.30000000e+00  2.70300000e-08  3.30000000e+00 
 2.70500000e-08  7.31093917e-01  2.70500000e-08  3.29983219e+00  2.70500000e-08  1.44004660e-01  2.70500000e-08  1.44032724e-01  2.70500000e-08  3.30000000e+00  2.70500000e-08  3.30000000e+00 
 2.70700000e-08  7.31024414e-01  2.70700000e-08  3.29983408e+00  2.70700000e-08  1.42671301e-01  2.70700000e-08  1.42698939e-01  2.70700000e-08  3.30000000e+00  2.70700000e-08  3.30000000e+00 
 2.70900000e-08  7.30955313e-01  2.70900000e-08  3.29983537e+00  2.70900000e-08  1.41350061e-01  2.70900000e-08  1.41377366e-01  2.70900000e-08  3.30000000e+00  2.70900000e-08  3.30000000e+00 
 2.71100000e-08  7.30887122e-01  2.71100000e-08  3.29983723e+00  2.71100000e-08  1.40040940e-01  2.71100000e-08  1.40067832e-01  2.71100000e-08  3.30000000e+00  2.71100000e-08  3.30000000e+00 
 2.71300000e-08  7.30819323e-01  2.71300000e-08  3.29983849e+00  2.71300000e-08  1.38743724e-01  2.71300000e-08  1.38770296e-01  2.71300000e-08  3.30000000e+00  2.71300000e-08  3.30000000e+00 
 2.71500000e-08  7.30752421e-01  2.71500000e-08  3.29984031e+00  2.71500000e-08  1.37458415e-01  2.71500000e-08  1.37484587e-01  2.71500000e-08  3.30000000e+00  2.71500000e-08  3.30000000e+00 
 2.71700000e-08  7.30685897e-01  2.71700000e-08  3.29984154e+00  2.71700000e-08  1.36184800e-01  2.71700000e-08  1.36210663e-01  2.71700000e-08  3.30000000e+00  2.71700000e-08  3.30000000e+00 
 2.71900000e-08  7.30620258e-01  2.71900000e-08  3.29984334e+00  2.71900000e-08  1.34922881e-01  2.71900000e-08  1.34948357e-01  2.71900000e-08  3.30000000e+00  2.71900000e-08  3.30000000e+00 
 2.72100000e-08  7.30554985e-01  2.72100000e-08  3.29984454e+00  2.72100000e-08  1.33672449e-01  2.72100000e-08  1.33697628e-01  2.72100000e-08  3.30000000e+00  2.72100000e-08  3.30000000e+00 
 2.72300000e-08  7.30490585e-01  2.72300000e-08  3.29984630e+00  2.72300000e-08  1.32433508e-01  2.72300000e-08  1.32458311e-01  2.72300000e-08  3.30000000e+00  2.72300000e-08  3.30000000e+00 
 2.72500000e-08  7.30426540e-01  2.72500000e-08  3.29984748e+00  2.72500000e-08  1.31205849e-01  2.72500000e-08  1.31230367e-01  2.72500000e-08  3.30000000e+00  2.72500000e-08  3.30000000e+00 
 2.72700000e-08  7.30363355e-01  2.72700000e-08  3.29984921e+00  2.72700000e-08  1.29989478e-01  2.72700000e-08  1.30013631e-01  2.72700000e-08  3.30000000e+00  2.72700000e-08  3.30000000e+00 
 2.72900000e-08  7.30300513e-01  2.72900000e-08  3.29985036e+00  2.72900000e-08  1.28784189e-01  2.72900000e-08  1.28808067e-01  2.72900000e-08  3.30000000e+00  2.72900000e-08  3.30000000e+00 
 2.73100000e-08  7.30238520e-01  2.73100000e-08  3.29985207e+00  2.73100000e-08  1.27589989e-01  2.73100000e-08  1.27613512e-01  2.73100000e-08  3.30000000e+00  2.73100000e-08  3.30000000e+00 
 2.73300000e-08  7.30176859e-01  2.73300000e-08  3.29985318e+00  2.73300000e-08  1.26406673e-01  2.73300000e-08  1.26429933e-01  2.73300000e-08  3.30000000e+00  2.73300000e-08  3.30000000e+00 
 2.73500000e-08  7.30116034e-01  2.73500000e-08  3.29985486e+00  2.73500000e-08  1.25234250e-01  2.73500000e-08  1.25257165e-01  2.73500000e-08  3.30000000e+00  2.73500000e-08  3.30000000e+00 
 2.73700000e-08  7.30055531e-01  2.73700000e-08  3.29985595e+00  2.73700000e-08  1.24072517e-01  2.73700000e-08  1.24095179e-01  2.73700000e-08  3.30000000e+00  2.73700000e-08  3.30000000e+00 
 2.73900000e-08  7.29995853e-01  2.73900000e-08  3.29985761e+00  2.73900000e-08  1.22921486e-01  2.73900000e-08  1.22943812e-01  2.73900000e-08  3.30000000e+00  2.73900000e-08  3.30000000e+00 
 2.74100000e-08  7.29936486e-01  2.74100000e-08  3.29985867e+00  2.74100000e-08  1.21780953e-01  2.74100000e-08  1.21803035e-01  2.74100000e-08  3.30000000e+00  2.74100000e-08  3.30000000e+00 
 2.74300000e-08  7.29877933e-01  2.74300000e-08  3.29986030e+00  2.74300000e-08  1.20650932e-01  2.74300000e-08  1.20672688e-01  2.74300000e-08  3.30000000e+00  2.74300000e-08  3.30000000e+00 
 2.74500000e-08  7.29819679e-01  2.74500000e-08  3.29986133e+00  2.74500000e-08  1.19531221e-01  2.74500000e-08  1.19552743e-01  2.74500000e-08  3.30000000e+00  2.74500000e-08  3.30000000e+00 
 2.74700000e-08  7.29762229e-01  2.74700000e-08  3.29986293e+00  2.74700000e-08  1.18421837e-01  2.74700000e-08  1.18443042e-01  2.74700000e-08  3.30000000e+00  2.74700000e-08  3.30000000e+00 
 2.74900000e-08  7.29705069e-01  2.74900000e-08  3.29986395e+00  2.74900000e-08  1.17322579e-01  2.74900000e-08  1.17343557e-01  2.74900000e-08  3.30000000e+00  2.74900000e-08  3.30000000e+00 
 2.75100000e-08  7.29648700e-01  2.75100000e-08  3.29986552e+00  2.75100000e-08  1.16233464e-01  2.75100000e-08  1.16254134e-01  2.75100000e-08  3.30000000e+00  2.75100000e-08  3.30000000e+00 
 2.75300000e-08  7.29592612e-01  2.75300000e-08  3.29986651e+00  2.75300000e-08  1.15154293e-01  2.75300000e-08  1.15174746e-01  2.75300000e-08  3.30000000e+00  2.75300000e-08  3.30000000e+00 
 2.75500000e-08  7.29537305e-01  2.75500000e-08  3.29986806e+00  2.75500000e-08  1.14085086e-01  2.75500000e-08  1.14105239e-01  2.75500000e-08  3.30000000e+00  2.75500000e-08  3.30000000e+00 
 2.75700000e-08  7.29482268e-01  2.75700000e-08  3.29986902e+00  2.75700000e-08  1.13025645e-01  2.75700000e-08  1.13045588e-01  2.75700000e-08  3.30000000e+00  2.75700000e-08  3.30000000e+00 
 2.75900000e-08  7.29428003e-01  2.75900000e-08  3.29987055e+00  2.75900000e-08  1.11975990e-01  2.75900000e-08  1.11995641e-01  2.75900000e-08  3.30000000e+00  2.75900000e-08  3.30000000e+00 
 2.76100000e-08  7.29373998e-01  2.76100000e-08  3.29987149e+00  2.76100000e-08  1.10935926e-01  2.76100000e-08  1.10955376e-01  2.76100000e-08  3.30000000e+00  2.76100000e-08  3.30000000e+00 
 2.76300000e-08  7.29320754e-01  2.76300000e-08  3.29987299e+00  2.76300000e-08  1.09905475e-01  2.76300000e-08  1.09924640e-01  2.76300000e-08  3.30000000e+00  2.76300000e-08  3.30000000e+00 
 2.76500000e-08  7.29267760e-01  2.76500000e-08  3.29987390e+00  2.76500000e-08  1.08884442e-01  2.76500000e-08  1.08903412e-01  2.76500000e-08  3.30000000e+00  2.76500000e-08  3.30000000e+00 
 2.76700000e-08  7.29215518e-01  2.76700000e-08  3.29987538e+00  2.76700000e-08  1.07872851e-01  2.76700000e-08  1.07891544e-01  2.76700000e-08  3.30000000e+00  2.76700000e-08  3.30000000e+00 
 2.76900000e-08  7.29163517e-01  2.76900000e-08  3.29987628e+00  2.76900000e-08  1.06870508e-01  2.76900000e-08  1.06889014e-01  2.76900000e-08  3.30000000e+00  2.76900000e-08  3.30000000e+00 
 2.77100000e-08  7.29112258e-01  2.77100000e-08  3.29987773e+00  2.77100000e-08  1.05877439e-01  2.77100000e-08  1.05895675e-01  2.77100000e-08  3.30000000e+00  2.77100000e-08  3.30000000e+00 
 2.77300000e-08  7.29061232e-01  2.77300000e-08  3.29987860e+00  2.77300000e-08  1.04893453e-01  2.77300000e-08  1.04911508e-01  2.77300000e-08  3.30000000e+00  2.77300000e-08  3.30000000e+00 
 2.77500000e-08  7.29010937e-01  2.77500000e-08  3.29988004e+00  2.77500000e-08  1.03918574e-01  2.77500000e-08  1.03936367e-01  2.77500000e-08  3.30000000e+00  2.77500000e-08  3.30000000e+00 
 2.77700000e-08  7.28960866e-01  2.77700000e-08  3.29988088e+00  2.77700000e-08  1.02952615e-01  2.77700000e-08  1.02970234e-01  2.77700000e-08  3.30000000e+00  2.77700000e-08  3.30000000e+00 
 2.77900000e-08  7.28911517e-01  2.77900000e-08  3.29988230e+00  2.77900000e-08  1.01995601e-01  2.77900000e-08  1.02012963e-01  2.77900000e-08  3.30000000e+00  2.77900000e-08  3.30000000e+00 
 2.78100000e-08  7.28862383e-01  2.78100000e-08  3.29988312e+00  2.78100000e-08  1.01047345e-01  2.78100000e-08  1.01064540e-01  2.78100000e-08  3.30000000e+00  2.78100000e-08  3.30000000e+00 
 2.78300000e-08  7.28813963e-01  2.78300000e-08  3.29988451e+00  2.78300000e-08  1.00107875e-01  2.78300000e-08  1.00124820e-01  2.78300000e-08  3.30000000e+00  2.78300000e-08  3.30000000e+00 
 2.78500000e-08  7.28765748e-01  2.78500000e-08  3.29988532e+00  2.78500000e-08  9.91770053e-02  2.78500000e-08  9.91937891e-02  2.78500000e-08  3.30000000e+00  2.78500000e-08  3.30000000e+00 
 2.78700000e-08  7.28718238e-01  2.78700000e-08  3.29988669e+00  2.78700000e-08  9.82547647e-02  2.78700000e-08  9.82713043e-02  2.78700000e-08  3.30000000e+00  2.78700000e-08  3.30000000e+00 
 2.78900000e-08  7.28670926e-01  2.78900000e-08  3.29988747e+00  2.78900000e-08  9.73409682e-02  2.78900000e-08  9.73573528e-02  2.78900000e-08  3.30000000e+00  2.78900000e-08  3.30000000e+00 
 2.79100000e-08  7.28624309e-01  2.79100000e-08  3.29988882e+00  2.79100000e-08  9.64356470e-02  2.79100000e-08  9.64517931e-02  2.79100000e-08  3.30000000e+00  2.79100000e-08  3.30000000e+00 
 2.79300000e-08  7.28577882e-01  2.79300000e-08  3.29988958e+00  2.79300000e-08  9.55386171e-02  2.79300000e-08  9.55546140e-02  2.79300000e-08  3.30000000e+00  2.79300000e-08  3.30000000e+00 
 2.79500000e-08  7.28532142e-01  2.79500000e-08  3.29989091e+00  2.79500000e-08  9.46499111e-02  2.79500000e-08  9.46656751e-02  2.79500000e-08  3.30000000e+00  2.79500000e-08  3.30000000e+00 
 2.79700000e-08  7.28486583e-01  2.79700000e-08  3.29989165e+00  2.79700000e-08  9.37693460e-02  2.79700000e-08  9.37849663e-02  2.79700000e-08  3.30000000e+00  2.79700000e-08  3.30000000e+00 
 2.79900000e-08  7.28441703e-01  2.79900000e-08  3.29989297e+00  2.79900000e-08  9.28969560e-02  2.79900000e-08  9.29123489e-02  2.79900000e-08  3.30000000e+00  2.79900000e-08  3.30000000e+00 
 2.80100000e-08  7.28396996e-01  2.80100000e-08  3.29989369e+00  2.80100000e-08  9.20325593e-02  2.80100000e-08  9.20478139e-02  2.80100000e-08  3.30000000e+00  2.80100000e-08  3.30000000e+00 
 2.80300000e-08  7.28352960e-01  2.80300000e-08  3.29989498e+00  2.80300000e-08  9.11761913e-02  2.80300000e-08  9.11912237e-02  2.80300000e-08  3.30000000e+00  2.80300000e-08  3.30000000e+00 
 2.80500000e-08  7.28309089e-01  2.80500000e-08  3.29989568e+00  2.80500000e-08  9.03276717e-02  2.80500000e-08  9.03425709e-02  2.80500000e-08  3.30000000e+00  2.80500000e-08  3.30000000e+00 
 2.80700000e-08  7.28265880e-01  2.80700000e-08  3.29989695e+00  2.80700000e-08  8.94870370e-02  2.80700000e-08  8.95017191e-02  2.80700000e-08  3.30000000e+00  2.80700000e-08  3.30000000e+00 
 2.80850000e-08  7.28233523e-01  2.80850000e-08  3.29989740e+00  2.80850000e-08  8.88616117e-02  2.80850000e-08  8.88762081e-02  2.80850000e-08  3.30000000e+00  2.80850000e-08  3.30000000e+00 
 2.81000000e-08  7.28201643e-01  2.81000000e-08  3.29989841e+00  2.81000000e-08  8.82405756e-02  2.81000000e-08  8.82550015e-02  2.81000000e-08  3.30000000e+00  2.81000000e-08  3.30000000e+00 
 2.81020000e-08  7.21885539e-01  2.81020000e-08  3.29310826e+00  2.81020000e-08  8.81089183e-02  2.81020000e-08  8.81202796e-02  2.81020000e-08  3.30000000e+00  2.81020000e-08  3.23400000e+00 
 2.81060000e-08  7.09909242e-01  2.81060000e-08  3.27954537e+00  2.81060000e-08  8.78615302e-02  2.81060000e-08  8.78645565e-02  2.81060000e-08  3.30000000e+00  2.81060000e-08  3.10200000e+00 
 2.81140000e-08  6.84677059e-01  2.81140000e-08  3.24989959e+00  2.81140000e-08  8.74204712e-02  2.81140000e-08  8.74000701e-02  2.81140000e-08  3.30000000e+00  2.81140000e-08  2.83800000e+00 
 2.81300000e-08  6.03928539e-01  2.81300000e-08  3.14004488e+00  2.81300000e-08  8.65571654e-02  2.81300000e-08  8.64650453e-02  2.81300000e-08  3.30000000e+00  2.81300000e-08  2.31000000e+00 
 2.81500000e-08  7.69949298e-01  2.81500000e-08  3.10599419e+00  2.81500000e-08  8.63573344e-02  2.81500000e-08  8.62988601e-02  2.81500000e-08  3.30000000e+00  2.81500000e-08  1.65000000e+00 
 2.81700000e-08  1.48302829e+00  2.81700000e-08  3.22455240e+00  2.81700000e-08  8.74725715e-02  2.81700000e-08  8.76145517e-02  2.81700000e-08  3.30000000e+00  2.81700000e-08  9.90000000e-01 
 2.81850000e-08  2.31960037e+00  2.81850000e-08  3.30995611e+00  2.81850000e-08  8.86291359e-02  2.81850000e-08  8.89136985e-02  2.81850000e-08  3.30000000e+00  2.81850000e-08  4.95000000e-01 
 2.82000000e-08  2.89327082e+00  2.82000000e-08  3.27031510e+00  2.82000000e-08  8.87304686e-02  2.82000000e-08  8.91989393e-02  2.82000000e-08  3.30000000e+00  2.82000000e-08  0.00000000e+00 
 2.82020000e-08  2.95887668e+00  2.82020000e-08  3.28127092e+00  2.82020000e-08  8.87496823e-02  2.82020000e-08  8.92310836e-02  2.82020000e-08  3.30000000e+00  2.82020000e-08  0.00000000e+00 
 2.82060000e-08  3.06903504e+00  2.82060000e-08  3.29774732e+00  2.82060000e-08  8.87302091e-02  2.82060000e-08  8.92297780e-02  2.82060000e-08  3.30000000e+00  2.82060000e-08  0.00000000e+00 
 2.82140000e-08  3.19879198e+00  2.82140000e-08  3.31100469e+00  2.82140000e-08  8.84784095e-02  2.82140000e-08  8.89761930e-02  2.82140000e-08  3.30000000e+00  2.82140000e-08  0.00000000e+00 
 2.82300000e-08  3.28832756e+00  2.82300000e-08  3.30836742e+00  2.82300000e-08  8.77293774e-02  2.82300000e-08  8.81318496e-02  2.82300000e-08  3.30000000e+00  2.82300000e-08  0.00000000e+00 
 2.82500000e-08  3.30022511e+00  2.82500000e-08  3.30127310e+00  2.82500000e-08  8.68320625e-02  2.82500000e-08  8.70762125e-02  2.82500000e-08  3.30000000e+00  2.82500000e-08  0.00000000e+00 
 2.82700000e-08  3.30007351e+00  2.82700000e-08  3.30012955e+00  2.82700000e-08  8.60384632e-02  2.82700000e-08  8.61699501e-02  2.82700000e-08  3.30000000e+00  2.82700000e-08  0.00000000e+00 
 2.82900000e-08  3.30001370e+00  2.82900000e-08  3.30002141e+00  2.82900000e-08  8.52604121e-02  2.82900000e-08  8.53309927e-02  2.82900000e-08  3.30000000e+00  2.82900000e-08  0.00000000e+00 
 2.83100000e-08  3.30000224e+00  2.83100000e-08  3.30000350e+00  2.83100000e-08  8.44797219e-02  2.83100000e-08  8.45201773e-02  2.83100000e-08  3.30000000e+00  2.83100000e-08  0.00000000e+00 
 2.83300000e-08  3.30000022e+00  2.83300000e-08  3.30000041e+00  2.83300000e-08  8.36994633e-02  2.83300000e-08  8.37254134e-02  2.83300000e-08  3.30000000e+00  2.83300000e-08  0.00000000e+00 
 2.83500000e-08  3.30000017e+00  2.83500000e-08  3.30000020e+00  2.83500000e-08  8.29228569e-02  2.83500000e-08  8.29418518e-02  2.83500000e-08  3.30000000e+00  2.83500000e-08  0.00000000e+00 
 2.83700000e-08  3.29999988e+00  2.83700000e-08  3.29999985e+00  2.83700000e-08  8.21516995e-02  2.83700000e-08  8.21673342e-02  2.83700000e-08  3.30000000e+00  2.83700000e-08  0.00000000e+00 
 2.83900000e-08  3.30000012e+00  2.83900000e-08  3.30000007e+00  2.83900000e-08  8.13868442e-02  2.83900000e-08  8.14008180e-02  2.83900000e-08  3.30000000e+00  2.83900000e-08  0.00000000e+00 
 2.84100000e-08  3.29999987e+00  2.84100000e-08  3.29999984e+00  2.84100000e-08  8.06286761e-02  2.84100000e-08  8.06417939e-02  2.84100000e-08  3.30000000e+00  2.84100000e-08  0.00000000e+00 
 2.84300000e-08  3.30000012e+00  2.84300000e-08  3.30000006e+00  2.84300000e-08  7.98773356e-02  2.84300000e-08  7.98899754e-02  2.84300000e-08  3.30000000e+00  2.84300000e-08  0.00000000e+00 
 2.84500000e-08  3.29999987e+00  2.84500000e-08  3.29999984e+00  2.84500000e-08  7.91328641e-02  2.84500000e-08  7.91452071e-02  2.84500000e-08  3.30000000e+00  2.84500000e-08  0.00000000e+00 
 2.84700000e-08  3.30000012e+00  2.84700000e-08  3.30000006e+00  2.84700000e-08  7.83952394e-02  2.84700000e-08  7.84073695e-02  2.84700000e-08  3.30000000e+00  2.84700000e-08  0.00000000e+00 
 2.84900000e-08  3.29999987e+00  2.84900000e-08  3.29999984e+00  2.84900000e-08  7.76644265e-02  2.84900000e-08  7.76763865e-02  2.84900000e-08  3.30000000e+00  2.84900000e-08  0.00000000e+00 
 2.85100000e-08  3.30000012e+00  2.85100000e-08  3.30000006e+00  2.85100000e-08  7.69403678e-02  2.85100000e-08  7.69521764e-02  2.85100000e-08  3.30000000e+00  2.85100000e-08  0.00000000e+00 
 2.85300000e-08  3.29999987e+00  2.85300000e-08  3.29999984e+00  2.85300000e-08  7.62230123e-02  2.85300000e-08  7.62346815e-02  2.85300000e-08  3.30000000e+00  2.85300000e-08  0.00000000e+00 
 2.85500000e-08  3.30000011e+00  2.85500000e-08  3.30000006e+00  2.85500000e-08  7.55122952e-02  2.85500000e-08  7.55238293e-02  2.85500000e-08  3.30000000e+00  2.85500000e-08  0.00000000e+00 
 2.85700000e-08  3.29999987e+00  2.85700000e-08  3.29999984e+00  2.85700000e-08  7.48081629e-02  2.85700000e-08  7.48195671e-02  2.85700000e-08  3.30000000e+00  2.85700000e-08  0.00000000e+00 
 2.85900000e-08  3.30000011e+00  2.85900000e-08  3.30000006e+00  2.85900000e-08  7.41105500e-02  2.85900000e-08  7.41218253e-02  2.85900000e-08  3.30000000e+00  2.85900000e-08  0.00000000e+00 
 2.86100000e-08  3.29999987e+00  2.86100000e-08  3.29999984e+00  2.86100000e-08  7.34194029e-02  2.86100000e-08  7.34305531e-02  2.86100000e-08  3.30000000e+00  2.86100000e-08  0.00000000e+00 
 2.86300000e-08  3.30000011e+00  2.86300000e-08  3.30000006e+00  2.86300000e-08  7.27346570e-02  2.86300000e-08  7.27456823e-02  2.86300000e-08  3.30000000e+00  2.86300000e-08  0.00000000e+00 
 2.86500000e-08  3.29999987e+00  2.86500000e-08  3.29999984e+00  2.86500000e-08  7.20562596e-02  2.86500000e-08  7.20671633e-02  2.86500000e-08  3.30000000e+00  2.86500000e-08  0.00000000e+00 
 2.86700000e-08  3.30000011e+00  2.86700000e-08  3.30000006e+00  2.86700000e-08  7.13841469e-02  2.86700000e-08  7.13949292e-02  2.86700000e-08  3.30000000e+00  2.86700000e-08  0.00000000e+00 
 2.86900000e-08  3.29999987e+00  2.86900000e-08  3.29999984e+00  2.86900000e-08  7.07182673e-02  2.86900000e-08  7.07289313e-02  2.86900000e-08  3.30000000e+00  2.86900000e-08  0.00000000e+00 
 2.87100000e-08  3.30000011e+00  2.87100000e-08  3.30000006e+00  2.87100000e-08  7.00585580e-02  2.87100000e-08  7.00691037e-02  2.87100000e-08  3.30000000e+00  2.87100000e-08  0.00000000e+00 
 2.87300000e-08  3.29999987e+00  2.87300000e-08  3.29999984e+00  2.87300000e-08  6.94049685e-02  2.87300000e-08  6.94153990e-02  2.87300000e-08  3.30000000e+00  2.87300000e-08  0.00000000e+00 
 2.87500000e-08  3.30000011e+00  2.87500000e-08  3.30000006e+00  2.87500000e-08  6.87574368e-02  2.87500000e-08  6.87677520e-02  2.87500000e-08  3.30000000e+00  2.87500000e-08  0.00000000e+00 
 2.87700000e-08  3.29999987e+00  2.87700000e-08  3.29999984e+00  2.87700000e-08  6.81159134e-02  2.87700000e-08  6.81261165e-02  2.87700000e-08  3.30000000e+00  2.87700000e-08  0.00000000e+00 
 2.87900000e-08  3.30000011e+00  2.87900000e-08  3.30000006e+00  2.87900000e-08  6.74803374e-02  2.87900000e-08  6.74904283e-02  2.87900000e-08  3.30000000e+00  2.87900000e-08  0.00000000e+00 
 2.88100000e-08  3.29999987e+00  2.88100000e-08  3.29999984e+00  2.88100000e-08  6.68506603e-02  2.88100000e-08  6.68606419e-02  2.88100000e-08  3.30000000e+00  2.88100000e-08  0.00000000e+00 
 2.88300000e-08  3.30000011e+00  2.88300000e-08  3.30000006e+00  2.88300000e-08  6.62268222e-02  2.88300000e-08  6.62366944e-02  2.88300000e-08  3.30000000e+00  2.88300000e-08  0.00000000e+00 
 2.88500000e-08  3.29999987e+00  2.88500000e-08  3.29999984e+00  2.88500000e-08  6.56087755e-02  2.88500000e-08  6.56185412e-02  2.88500000e-08  3.30000000e+00  2.88500000e-08  0.00000000e+00 
 2.88700000e-08  3.30000011e+00  2.88700000e-08  3.30000006e+00  2.88700000e-08  6.49964612e-02  2.88700000e-08  6.50061203e-02  2.88700000e-08  3.30000000e+00  2.88700000e-08  0.00000000e+00 
 2.88900000e-08  3.29999987e+00  2.88900000e-08  3.29999984e+00  2.88900000e-08  6.43898326e-02  2.88900000e-08  6.43993880e-02  2.88900000e-08  3.30000000e+00  2.88900000e-08  0.00000000e+00 
 2.89100000e-08  3.30000011e+00  2.89100000e-08  3.30000006e+00  2.89100000e-08  6.37888318e-02  2.89100000e-08  6.37982833e-02  2.89100000e-08  3.30000000e+00  2.89100000e-08  0.00000000e+00 
 2.89300000e-08  3.29999987e+00  2.89300000e-08  3.29999984e+00  2.89300000e-08  6.31934130e-02  2.89300000e-08  6.32027635e-02  2.89300000e-08  3.30000000e+00  2.89300000e-08  0.00000000e+00 
 2.89500000e-08  3.30000011e+00  2.89500000e-08  3.30000006e+00  2.89500000e-08  6.26035192e-02  2.89500000e-08  6.26127684e-02  2.89500000e-08  3.30000000e+00  2.89500000e-08  0.00000000e+00 
 2.89700000e-08  3.29999987e+00  2.89700000e-08  3.29999984e+00  2.89700000e-08  6.20191056e-02  2.89700000e-08  6.20282563e-02  2.89700000e-08  3.30000000e+00  2.89700000e-08  0.00000000e+00 
 2.89900000e-08  3.30000011e+00  2.89900000e-08  3.30000006e+00  2.89900000e-08  6.14401159e-02  2.89900000e-08  6.14491679e-02  2.89900000e-08  3.30000000e+00  2.89900000e-08  0.00000000e+00 
 2.90100000e-08  3.29999987e+00  2.90100000e-08  3.29999984e+00  2.90100000e-08  6.08665064e-02  2.90100000e-08  6.08754623e-02  2.90100000e-08  3.30000000e+00  2.90100000e-08  0.00000000e+00 
 2.90300000e-08  3.30000011e+00  2.90300000e-08  3.30000006e+00  2.90300000e-08  6.02982216e-02  2.90300000e-08  6.03070813e-02  2.90300000e-08  3.30000000e+00  2.90300000e-08  0.00000000e+00 
 2.90500000e-08  3.29999987e+00  2.90500000e-08  3.29999984e+00  2.90500000e-08  5.97352187e-02  2.90500000e-08  5.97439847e-02  2.90500000e-08  3.30000000e+00  2.90500000e-08  0.00000000e+00 
 2.90700000e-08  3.30000011e+00  2.90700000e-08  3.30000006e+00  2.90700000e-08  5.91774432e-02  2.90700000e-08  5.91861153e-02  2.90700000e-08  3.30000000e+00  2.90700000e-08  0.00000000e+00 
 2.90900000e-08  3.29999987e+00  2.90900000e-08  3.29999984e+00  2.90900000e-08  5.86248529e-02  2.90900000e-08  5.86334338e-02  2.90900000e-08  3.30000000e+00  2.90900000e-08  0.00000000e+00 
 2.91100000e-08  3.30000011e+00  2.91100000e-08  3.30000006e+00  2.91100000e-08  5.80773943e-02  2.91100000e-08  5.80858837e-02  2.91100000e-08  3.30000000e+00  2.91100000e-08  0.00000000e+00 
 2.91300000e-08  3.29999987e+00  2.91300000e-08  3.29999984e+00  2.91300000e-08  5.75350262e-02  2.91300000e-08  5.75434266e-02  2.91300000e-08  3.30000000e+00  2.91300000e-08  0.00000000e+00 
 2.91500000e-08  3.30000011e+00  2.91500000e-08  3.30000006e+00  2.91500000e-08  5.69976959e-02  2.91500000e-08  5.70060070e-02  2.91500000e-08  3.30000000e+00  2.91500000e-08  0.00000000e+00 
 2.91700000e-08  3.29999987e+00  2.91700000e-08  3.29999984e+00  2.91700000e-08  5.64653629e-02  2.91700000e-08  5.64735872e-02  2.91700000e-08  3.30000000e+00  2.91700000e-08  0.00000000e+00 
 2.91900000e-08  3.30000011e+00  2.91900000e-08  3.30000006e+00  2.91900000e-08  5.59379755e-02  2.91900000e-08  5.59461126e-02  2.91900000e-08  3.30000000e+00  2.91900000e-08  0.00000000e+00 
 2.92100000e-08  3.29999987e+00  2.92100000e-08  3.29999984e+00  2.92100000e-08  5.54154938e-02  2.92100000e-08  5.54235463e-02  2.92100000e-08  3.30000000e+00  2.92100000e-08  0.00000000e+00 
 2.92300000e-08  3.30000011e+00  2.92300000e-08  3.30000006e+00  2.92300000e-08  5.48978671e-02  2.92300000e-08  5.49058345e-02  2.92300000e-08  3.30000000e+00  2.92300000e-08  0.00000000e+00 
 2.92500000e-08  3.29999987e+00  2.92500000e-08  3.29999984e+00  2.92500000e-08  5.43850564e-02  2.92500000e-08  5.43929413e-02  2.92500000e-08  3.30000000e+00  2.92500000e-08  0.00000000e+00 
 2.92700000e-08  3.30000011e+00  2.92700000e-08  3.30000006e+00  2.92700000e-08  5.38770115e-02  2.92700000e-08  5.38848135e-02  2.92700000e-08  3.30000000e+00  2.92700000e-08  0.00000000e+00 
 2.92900000e-08  3.29999987e+00  2.92900000e-08  3.29999984e+00  2.92900000e-08  5.33736945e-02  2.92900000e-08  5.33814160e-02  2.92900000e-08  3.30000000e+00  2.92900000e-08  0.00000000e+00 
 2.93100000e-08  3.30000011e+00  2.93100000e-08  3.30000006e+00  2.93100000e-08  5.28750560e-02  2.93100000e-08  5.28826964e-02  2.93100000e-08  3.30000000e+00  2.93100000e-08  0.00000000e+00 
 2.93300000e-08  3.29999987e+00  2.93300000e-08  3.29999984e+00  2.93300000e-08  5.23810586e-02  2.93300000e-08  5.23886206e-02  2.93300000e-08  3.30000000e+00  2.93300000e-08  0.00000000e+00 
 2.93500000e-08  3.30000011e+00  2.93500000e-08  3.30000006e+00  2.93500000e-08  5.18916539e-02  2.93500000e-08  5.18991368e-02  2.93500000e-08  3.30000000e+00  2.93500000e-08  0.00000000e+00 
 2.93700000e-08  3.29999987e+00  2.93700000e-08  3.29999984e+00  2.93700000e-08  5.14068052e-02  2.93700000e-08  5.14142115e-02  2.93700000e-08  3.30000000e+00  2.93700000e-08  0.00000000e+00 
 2.93900000e-08  3.30000011e+00  2.93900000e-08  3.30000006e+00  2.93900000e-08  5.09264649e-02  2.93900000e-08  5.09337941e-02  2.93900000e-08  3.30000000e+00  2.93900000e-08  0.00000000e+00 
 2.94100000e-08  3.29999987e+00  2.94100000e-08  3.29999984e+00  2.94100000e-08  5.04505972e-02  2.94100000e-08  5.04578516e-02  2.94100000e-08  3.30000000e+00  2.94100000e-08  0.00000000e+00 
 2.94300000e-08  3.30000011e+00  2.94300000e-08  3.30000006e+00  2.94300000e-08  4.99791550e-02  2.94300000e-08  4.99863340e-02  2.94300000e-08  3.30000000e+00  2.94300000e-08  0.00000000e+00 
 2.94500000e-08  3.29999987e+00  2.94500000e-08  3.29999984e+00  2.94500000e-08  4.95121033e-02  2.94500000e-08  4.95192094e-02  2.94500000e-08  3.30000000e+00  2.94500000e-08  0.00000000e+00 
 2.94700000e-08  3.30000011e+00  2.94700000e-08  3.30000006e+00  2.94700000e-08  4.90493959e-02  2.94700000e-08  4.90564284e-02  2.94700000e-08  3.30000000e+00  2.94700000e-08  0.00000000e+00 
 2.94900000e-08  3.29999987e+00  2.94900000e-08  3.29999984e+00  2.94900000e-08  4.85909984e-02  2.94900000e-08  4.85979597e-02  2.94900000e-08  3.30000000e+00  2.94900000e-08  0.00000000e+00 
 2.95100000e-08  3.30000011e+00  2.95100000e-08  3.30000006e+00  2.95100000e-08  4.81368653e-02  2.95100000e-08  4.81437548e-02  2.95100000e-08  3.30000000e+00  2.95100000e-08  0.00000000e+00 
 2.95300000e-08  3.29999987e+00  2.95300000e-08  3.29999984e+00  2.95300000e-08  4.76869631e-02  2.95300000e-08  4.76937831e-02  2.95300000e-08  3.30000000e+00  2.95300000e-08  0.00000000e+00 
 2.95500000e-08  3.30000011e+00  2.95500000e-08  3.30000006e+00  2.95500000e-08  4.72412468e-02  2.95500000e-08  4.72479967e-02  2.95500000e-08  3.30000000e+00  2.95500000e-08  0.00000000e+00 
 2.95700000e-08  3.29999987e+00  2.95700000e-08  3.29999984e+00  2.95700000e-08  4.67996837e-02  2.95700000e-08  4.68063658e-02  2.95700000e-08  3.30000000e+00  2.95700000e-08  0.00000000e+00 
 2.95900000e-08  3.30000011e+00  2.95900000e-08  3.30000006e+00  2.95900000e-08  4.63622297e-02  2.95900000e-08  4.63688432e-02  2.95900000e-08  3.30000000e+00  2.95900000e-08  0.00000000e+00 
 2.96100000e-08  3.29999987e+00  2.96100000e-08  3.29999984e+00  2.96100000e-08  4.59288524e-02  2.96100000e-08  4.59353998e-02  2.96100000e-08  3.30000000e+00  2.96100000e-08  0.00000000e+00 
 2.96300000e-08  3.30000011e+00  2.96300000e-08  3.30000006e+00  2.96300000e-08  4.54995087e-02  2.96300000e-08  4.55059891e-02  2.96300000e-08  3.30000000e+00  2.96300000e-08  0.00000000e+00 
 2.96500000e-08  3.29999987e+00  2.96500000e-08  3.29999984e+00  2.96500000e-08  4.50741668e-02  2.96500000e-08  4.50805826e-02  2.96500000e-08  3.30000000e+00  2.96500000e-08  0.00000000e+00 
 2.96700000e-08  3.30000011e+00  2.96700000e-08  3.30000006e+00  2.96700000e-08  4.46527842e-02  2.96700000e-08  4.46591346e-02  2.96700000e-08  3.30000000e+00  2.96700000e-08  0.00000000e+00 
 2.96900000e-08  3.29999987e+00  2.96900000e-08  3.29999984e+00  2.96900000e-08  4.42353299e-02  2.96900000e-08  4.42416172e-02  2.96900000e-08  3.30000000e+00  2.96900000e-08  0.00000000e+00 
 2.97100000e-08  3.30000011e+00  2.97100000e-08  3.30000006e+00  2.97100000e-08  4.38217620e-02  2.97100000e-08  4.38279854e-02  2.97100000e-08  3.30000000e+00  2.97100000e-08  0.00000000e+00 
 2.97300000e-08  3.29999987e+00  2.97300000e-08  3.29999984e+00  2.97300000e-08  4.34120501e-02  2.97300000e-08  4.34182119e-02  2.97300000e-08  3.30000000e+00  2.97300000e-08  0.00000000e+00 
 2.97500000e-08  3.30000011e+00  2.97500000e-08  3.30000006e+00  2.97500000e-08  4.30061531e-02  2.97500000e-08  4.30122525e-02  2.97500000e-08  3.30000000e+00  2.97500000e-08  0.00000000e+00 
 2.97700000e-08  3.29999987e+00  2.97700000e-08  3.29999984e+00  2.97700000e-08  4.26040413e-02  2.97700000e-08  4.26100804e-02  2.97700000e-08  3.30000000e+00  2.97700000e-08  0.00000000e+00 
 2.97900000e-08  3.30000011e+00  2.97900000e-08  3.30000006e+00  2.97900000e-08  4.22056739e-02  2.97900000e-08  4.22116521e-02  2.97900000e-08  3.30000000e+00  2.97900000e-08  0.00000000e+00 
 2.98100000e-08  3.29999987e+00  2.98100000e-08  3.29999984e+00  2.98100000e-08  4.18110221e-02  2.98100000e-08  4.18169415e-02  2.98100000e-08  3.30000000e+00  2.98100000e-08  0.00000000e+00 
 2.98300000e-08  3.30000011e+00  2.98300000e-08  3.30000006e+00  2.98300000e-08  4.14200458e-02  2.98300000e-08  4.14259057e-02  2.98300000e-08  3.30000000e+00  2.98300000e-08  0.00000000e+00 
 2.98500000e-08  3.29999987e+00  2.98500000e-08  3.29999984e+00  2.98500000e-08  4.10327167e-02  2.98500000e-08  4.10385191e-02  2.98500000e-08  3.30000000e+00  2.98500000e-08  0.00000000e+00 
 2.98700000e-08  3.30000011e+00  2.98700000e-08  3.30000006e+00  2.98700000e-08  4.06489954e-02  2.98700000e-08  4.06547396e-02  2.98700000e-08  3.30000000e+00  2.98700000e-08  0.00000000e+00 
 2.98900000e-08  3.29999987e+00  2.98900000e-08  3.29999984e+00  2.98900000e-08  4.02688540e-02  2.98900000e-08  4.02745422e-02  2.98900000e-08  3.30000000e+00  2.98900000e-08  0.00000000e+00 
 2.99100000e-08  3.30000011e+00  2.99100000e-08  3.30000006e+00  2.99100000e-08  3.98922539e-02  2.99100000e-08  3.98978851e-02  2.99100000e-08  3.30000000e+00  2.99100000e-08  0.00000000e+00 
 2.99300000e-08  3.29999987e+00  2.99300000e-08  3.29999984e+00  2.99300000e-08  3.95191680e-02  2.99300000e-08  3.95247444e-02  2.99300000e-08  3.30000000e+00  2.99300000e-08  0.00000000e+00 
 2.99500000e-08  3.30000011e+00  2.99500000e-08  3.30000006e+00  2.99500000e-08  3.91495579e-02  2.99500000e-08  3.91550787e-02  2.99500000e-08  3.30000000e+00  2.99500000e-08  0.00000000e+00 
 2.99700000e-08  3.29999987e+00  2.99700000e-08  3.29999984e+00  2.99700000e-08  3.87833972e-02  2.99700000e-08  3.87888645e-02  2.99700000e-08  3.30000000e+00  2.99700000e-08  0.00000000e+00 
 2.99900000e-08  3.30000011e+00  2.99900000e-08  3.30000006e+00  2.99900000e-08  3.84206483e-02  2.99900000e-08  3.84260612e-02  2.99900000e-08  3.30000000e+00  2.99900000e-08  0.00000000e+00 
 3.00100000e-08  3.29999987e+00  3.00100000e-08  3.29999984e+00  3.00100000e-08  3.80612853e-02  3.00100000e-08  3.80666459e-02  3.00100000e-08  3.30000000e+00  3.00100000e-08  0.00000000e+00 
 3.00300000e-08  3.30000011e+00  3.00300000e-08  3.30000006e+00  3.00300000e-08  3.77052711e-02  3.00300000e-08  3.77105785e-02  3.00300000e-08  3.30000000e+00  3.00300000e-08  0.00000000e+00 
 3.00500000e-08  3.29999987e+00  3.00500000e-08  3.29999984e+00  3.00500000e-08  3.73525803e-02  3.00500000e-08  3.73578366e-02  3.00500000e-08  3.30000000e+00  3.00500000e-08  0.00000000e+00 
 3.00700000e-08  3.30000011e+00  3.00700000e-08  3.30000006e+00  3.00700000e-08  3.70031765e-02  3.00700000e-08  3.70083808e-02  3.00700000e-08  3.30000000e+00  3.00700000e-08  0.00000000e+00 
 3.00850000e-08  3.29999987e+00  3.00850000e-08  3.29999983e+00  3.00850000e-08  3.67432676e-02  3.00850000e-08  3.67484346e-02  3.00850000e-08  3.30000000e+00  3.00850000e-08  0.00000000e+00 
 3.01000000e-08  3.30000011e+00  3.01000000e-08  3.30000005e+00  3.01000000e-08  3.64851764e-02  3.01000000e-08  3.64903049e-02  3.01000000e-08  3.30000000e+00  3.01000000e-08  0.00000000e+00 
 3.01020000e-08  3.29999998e+00  3.01020000e-08  3.29999992e+00  3.01020000e-08  3.64461911e-02  3.01020000e-08  3.64517613e-02  3.01020000e-08  3.23400000e+00  3.01020000e-08  0.00000000e+00 
 3.01060000e-08  3.29999978e+00  3.01060000e-08  3.29999974e+00  3.01060000e-08  3.62458443e-02  3.01060000e-08  3.62528745e-02  3.01060000e-08  3.10200000e+00  3.01060000e-08  0.00000000e+00 
 3.01140000e-08  3.29999900e+00  3.01140000e-08  3.29999898e+00  3.01140000e-08  3.52693751e-02  3.01140000e-08  3.52810542e-02  3.01140000e-08  2.83800000e+00  3.01140000e-08  0.00000000e+00 
 3.01300000e-08  3.29999820e+00  3.01300000e-08  3.29999820e+00  3.01300000e-08  3.18938449e-02  3.01300000e-08  3.19130342e-02  3.01300000e-08  2.31000000e+00  3.01300000e-08  0.00000000e+00 
 3.01500000e-08  3.30000250e+00  3.01500000e-08  3.30000250e+00  3.01500000e-08  3.24315879e-02  3.01500000e-08  3.24655584e-02  3.01500000e-08  1.65000000e+00  3.01500000e-08  0.00000000e+00 
 3.01700000e-08  3.30000645e+00  3.01700000e-08  3.30000647e+00  3.01700000e-08  4.23589133e-02  3.01700000e-08  4.24350155e-02  3.01700000e-08  9.90000000e-01  3.01700000e-08  0.00000000e+00 
 3.01850000e-08  3.30000694e+00  3.01850000e-08  3.30000696e+00  3.01850000e-08  5.62459296e-02  3.01850000e-08  5.63738887e-02  3.01850000e-08  4.95000000e-01  3.01850000e-08  0.00000000e+00 
 3.02000000e-08  3.30000787e+00  3.02000000e-08  3.30000788e+00  3.02000000e-08  7.65647214e-02  3.02000000e-08  7.67578457e-02  3.02000000e-08  7.94919686e-14  3.02000000e-08  0.00000000e+00 
 3.02020000e-08  3.30000844e+00  3.02020000e-08  3.30000846e+00  3.02020000e-08  8.01028312e-02  3.02020000e-08  8.03062805e-02  3.02020000e-08  0.00000000e+00  3.02020000e-08  0.00000000e+00 
 3.02060000e-08  3.30000837e+00  3.02060000e-08  3.30000839e+00  3.02060000e-08  8.69167875e-02  3.02060000e-08  8.71414109e-02  3.02060000e-08  0.00000000e+00  3.02060000e-08  0.00000000e+00 
 3.02140000e-08  3.30000498e+00  3.02140000e-08  3.30000500e+00  3.02140000e-08  9.94504294e-02  3.02140000e-08  9.97175294e-02  3.02140000e-08  0.00000000e+00  3.02140000e-08  0.00000000e+00 
 3.02300000e-08  3.30000002e+00  3.02300000e-08  3.30000002e+00  3.02300000e-08  1.22765184e-01  3.02300000e-08  1.23107246e-01  3.02300000e-08  0.00000000e+00  3.02300000e-08  0.00000000e+00 
 3.02500000e-08  3.29999956e+00  3.02500000e-08  3.29999955e+00  3.02500000e-08  1.51161751e-01  3.02500000e-08  1.51577584e-01  3.02500000e-08  0.00000000e+00  3.02500000e-08  0.00000000e+00 
 3.02700000e-08  3.30000017e+00  3.02700000e-08  3.30000016e+00  3.02700000e-08  1.79706439e-01  3.02700000e-08  1.80183789e-01  3.02700000e-08  0.00000000e+00  3.02700000e-08  0.00000000e+00 
 3.02900000e-08  3.30000032e+00  3.02900000e-08  3.30000032e+00  3.02900000e-08  2.08480443e-01  3.02900000e-08  2.09017307e-01  3.02900000e-08  0.00000000e+00  3.02900000e-08  0.00000000e+00 
 3.03100000e-08  3.30000040e+00  3.03100000e-08  3.30000041e+00  3.03100000e-08  2.37494932e-01  3.03100000e-08  2.38095163e-01  3.03100000e-08  0.00000000e+00  3.03100000e-08  0.00000000e+00 
 3.03300000e-08  3.30000049e+00  3.03300000e-08  3.30000050e+00  3.03300000e-08  2.66768530e-01  3.03300000e-08  2.67439879e-01  3.03300000e-08  0.00000000e+00  3.03300000e-08  0.00000000e+00 
 3.03500000e-08  3.30000060e+00  3.03500000e-08  3.30000062e+00  3.03500000e-08  2.96326371e-01  3.03500000e-08  2.97079933e-01  3.03500000e-08  0.00000000e+00  3.03500000e-08  0.00000000e+00 
 3.03700000e-08  3.30000076e+00  3.03700000e-08  3.30000078e+00  3.03700000e-08  3.26201763e-01  3.03700000e-08  3.27052229e-01  3.03700000e-08  0.00000000e+00  3.03700000e-08  0.00000000e+00 
 3.03900000e-08  3.30000096e+00  3.03900000e-08  3.30000098e+00  3.03900000e-08  3.56439004e-01  3.03900000e-08  3.57405533e-01  3.03900000e-08  0.00000000e+00  3.03900000e-08  0.00000000e+00 
 3.04100000e-08  3.30000122e+00  3.04100000e-08  3.30000126e+00  3.04100000e-08  3.87097790e-01  3.04100000e-08  3.88205580e-01  3.04100000e-08  0.00000000e+00  3.04100000e-08  0.00000000e+00 
 3.04300000e-08  3.30000154e+00  3.04300000e-08  3.30000161e+00  3.04300000e-08  4.18260285e-01  3.04300000e-08  4.19543189e-01  3.04300000e-08  0.00000000e+00  3.04300000e-08  0.00000000e+00 
 3.04500000e-08  3.30000195e+00  3.04500000e-08  3.30000204e+00  3.04500000e-08  4.50042798e-01  3.04500000e-08  4.51547756e-01  3.04500000e-08  0.00000000e+00  3.04500000e-08  0.00000000e+00 
 3.04700000e-08  3.30000242e+00  3.04700000e-08  3.30000257e+00  3.04700000e-08  4.82616127e-01  3.04700000e-08  4.84411126e-01  3.04700000e-08  0.00000000e+00  3.04700000e-08  0.00000000e+00 
 3.04900000e-08  3.30000297e+00  3.04900000e-08  3.30000320e+00  3.04900000e-08  5.16243221e-01  3.04900000e-08  5.18432694e-01  3.04900000e-08  0.00000000e+00  3.04900000e-08  0.00000000e+00 
 3.05100000e-08  3.30000361e+00  3.05100000e-08  3.30000399e+00  3.05100000e-08  5.51354491e-01  3.05100000e-08  5.54111957e-01  3.05100000e-08  0.00000000e+00  3.05100000e-08  0.00000000e+00 
 3.05300000e-08  3.30000444e+00  3.05300000e-08  3.30000517e+00  3.05300000e-08  5.88720753e-01  3.05300000e-08  5.92367932e-01  3.05300000e-08  0.00000000e+00  3.05300000e-08  0.00000000e+00 
 3.05500000e-08  3.30000588e+00  3.05500000e-08  3.30000741e+00  3.05500000e-08  6.29845421e-01  3.05500000e-08  6.35040863e-01  3.05500000e-08  0.00000000e+00  3.05500000e-08  0.00000000e+00 
 3.05700000e-08  3.30000904e+00  3.05700000e-08  3.30001248e+00  3.05700000e-08  6.77906480e-01  3.05700000e-08  6.85985251e-01  3.05700000e-08  0.00000000e+00  3.05700000e-08  0.00000000e+00 
 3.05900000e-08  3.30001568e+00  3.05900000e-08  3.30002111e+00  3.05900000e-08  7.38969959e-01  3.05900000e-08  7.51591406e-01  3.05900000e-08  0.00000000e+00  3.05900000e-08  0.00000000e+00 
 3.06100000e-08  3.30002153e+00  3.06100000e-08  3.30002338e+00  3.06100000e-08  8.19275265e-01  3.06100000e-08  8.36613660e-01  3.06100000e-08  0.00000000e+00  3.06100000e-08  0.00000000e+00 
 3.06300000e-08  3.30001312e+00  3.06300000e-08  3.30000734e+00  3.06300000e-08  9.19085631e-01  3.06300000e-08  9.40407423e-01  3.06300000e-08  0.00000000e+00  3.06300000e-08  0.00000000e+00 
 3.06500000e-08  3.29999149e+00  3.06500000e-08  3.29997849e+00  3.06500000e-08  1.03453729e+00  3.06500000e-08  1.05910754e+00  3.06500000e-08  0.00000000e+00  3.06500000e-08  0.00000000e+00 
 3.06700000e-08  3.29996814e+00  3.06700000e-08  3.29994986e+00  3.06700000e-08  1.16165227e+00  3.06700000e-08  1.18900685e+00  3.06700000e-08  0.00000000e+00  3.06700000e-08  0.00000000e+00 
 3.06900000e-08  3.29995049e+00  3.06900000e-08  3.29993083e+00  3.06900000e-08  1.29760772e+00  3.06900000e-08  1.32740025e+00  3.06900000e-08  0.00000000e+00  3.06900000e-08  0.00000000e+00 
 3.07100000e-08  3.29994238e+00  3.07100000e-08  3.29992232e+00  3.07100000e-08  1.44015242e+00  3.07100000e-08  1.47206047e+00  3.07100000e-08  0.00000000e+00  3.07100000e-08  0.00000000e+00 
 3.07300000e-08  3.29993939e+00  3.07300000e-08  3.29991913e+00  3.07300000e-08  1.58724825e+00  3.07300000e-08  1.62097043e+00  3.07300000e-08  0.00000000e+00  3.07300000e-08  0.00000000e+00 
 3.07500000e-08  3.29994149e+00  3.07500000e-08  3.29992361e+00  3.07500000e-08  1.73703480e+00  3.07500000e-08  1.77226880e+00  3.07500000e-08  0.00000000e+00  3.07500000e-08  0.00000000e+00 
 3.07700000e-08  3.29994759e+00  3.07700000e-08  3.29993143e+00  3.07700000e-08  1.88736784e+00  3.07700000e-08  1.92358050e+00  3.07700000e-08  0.00000000e+00  3.07700000e-08  0.00000000e+00 
 3.07900000e-08  3.29995459e+00  3.07900000e-08  3.29994123e+00  3.07900000e-08  2.03533537e+00  3.07900000e-08  2.07185811e+00  3.07900000e-08  0.00000000e+00  3.07900000e-08  0.00000000e+00 
 3.08100000e-08  3.29996274e+00  3.08100000e-08  3.29995377e+00  3.08100000e-08  2.17807572e+00  3.08100000e-08  2.21430747e+00  3.08100000e-08  0.00000000e+00  3.08100000e-08  0.00000000e+00 
 3.08300000e-08  3.29997217e+00  3.08300000e-08  3.29996787e+00  3.08300000e-08  2.31328470e+00  3.08300000e-08  2.34871685e+00  3.08300000e-08  0.00000000e+00  3.08300000e-08  0.00000000e+00 
 3.08500000e-08  3.29998188e+00  3.08500000e-08  3.29998186e+00  3.08500000e-08  2.43923012e+00  3.08500000e-08  2.47344115e+00  3.08500000e-08  0.00000000e+00  3.08500000e-08  0.00000000e+00 
 3.08700000e-08  3.29999101e+00  3.08700000e-08  3.29999462e+00  3.08700000e-08  2.55472496e+00  3.08700000e-08  2.58738072e+00  3.08700000e-08  0.00000000e+00  3.08700000e-08  0.00000000e+00 
 3.08900000e-08  3.29999891e+00  3.08900000e-08  3.30000571e+00  3.08900000e-08  2.65910434e+00  3.08900000e-08  2.68995871e+00  3.08900000e-08  0.00000000e+00  3.08900000e-08  0.00000000e+00 
 3.09100000e-08  3.30000572e+00  3.09100000e-08  3.30001454e+00  3.09100000e-08  2.75217906e+00  3.09100000e-08  2.78107071e+00  3.09100000e-08  0.00000000e+00  3.09100000e-08  0.00000000e+00 
 3.09300000e-08  3.30001091e+00  3.09300000e-08  3.30002099e+00  3.09300000e-08  2.83416279e+00  3.09300000e-08  2.86100760e+00  3.09300000e-08  0.00000000e+00  3.09300000e-08  0.00000000e+00 
 3.09500000e-08  3.30001466e+00  3.09500000e-08  3.30002542e+00  3.09500000e-08  2.90558648e+00  3.09500000e-08  2.93036663e+00  3.09500000e-08  0.00000000e+00  3.09500000e-08  0.00000000e+00 
 3.09700000e-08  3.30001718e+00  3.09700000e-08  3.30002808e+00  3.09700000e-08  2.96720627e+00  3.09700000e-08  2.98995767e+00  3.09700000e-08  0.00000000e+00  3.09700000e-08  0.00000000e+00 
 3.09900000e-08  3.30001867e+00  3.09900000e-08  3.30002928e+00  3.09900000e-08  3.01991666e+00  3.09900000e-08  3.04071585e+00  3.09900000e-08  0.00000000e+00  3.09900000e-08  0.00000000e+00 
 3.10100000e-08  3.30001933e+00  3.10100000e-08  3.30002935e+00  3.10100000e-08  3.06467568e+00  3.10100000e-08  3.08362772e+00  3.10100000e-08  0.00000000e+00  3.10100000e-08  0.00000000e+00 
 3.10300000e-08  3.30001934e+00  3.10300000e-08  3.30002859e+00  3.10300000e-08  3.10244596e+00  3.10300000e-08  3.11967373e+00  3.10300000e-08  0.00000000e+00  3.10300000e-08  0.00000000e+00 
 3.10500000e-08  3.30001888e+00  3.10500000e-08  3.30002727e+00  3.10500000e-08  3.13415194e+00  3.10500000e-08  3.14978754e+00  3.10500000e-08  0.00000000e+00  3.10500000e-08  0.00000000e+00 
 3.10700000e-08  3.30001811e+00  3.10700000e-08  3.30002559e+00  3.10700000e-08  3.16065209e+00  3.10700000e-08  3.17483018e+00  3.10700000e-08  0.00000000e+00  3.10700000e-08  0.00000000e+00 
 3.10900000e-08  3.30001713e+00  3.10900000e-08  3.30002374e+00  3.10900000e-08  3.18272330e+00  3.10900000e-08  3.19557635e+00  3.10900000e-08  0.00000000e+00  3.10900000e-08  0.00000000e+00 
 3.11100000e-08  3.30001604e+00  3.11100000e-08  3.30002181e+00  3.11100000e-08  3.20105461e+00  3.11100000e-08  3.21270958e+00  3.11100000e-08  0.00000000e+00  3.11100000e-08  0.00000000e+00 
 3.11300000e-08  3.30001488e+00  3.11300000e-08  3.30001989e+00  3.11300000e-08  3.21624742e+00  3.11300000e-08  3.22682379e+00  3.11300000e-08  0.00000000e+00  3.11300000e-08  0.00000000e+00 
 3.11500000e-08  3.30001372e+00  3.11500000e-08  3.30001803e+00  3.11500000e-08  3.22882000e+00  3.11500000e-08  3.23842859e+00  3.11500000e-08  0.00000000e+00  3.11500000e-08  0.00000000e+00 
 3.11700000e-08  3.30001258e+00  3.11700000e-08  3.30001627e+00  3.11700000e-08  3.23921432e+00  3.11700000e-08  3.24795687e+00  3.11700000e-08  0.00000000e+00  3.11700000e-08  0.00000000e+00 
 3.11900000e-08  3.30001149e+00  3.11900000e-08  3.30001464e+00  3.11900000e-08  3.24780422e+00  3.11900000e-08  3.25577324e+00  3.11900000e-08  0.00000000e+00  3.11900000e-08  0.00000000e+00 
 3.12100000e-08  3.30001045e+00  3.12100000e-08  3.30001313e+00  3.12100000e-08  3.25490363e+00  3.12100000e-08  3.26218280e+00  3.12100000e-08  0.00000000e+00  3.12100000e-08  0.00000000e+00 
 3.12300000e-08  3.30000948e+00  3.12300000e-08  3.30001175e+00  3.12300000e-08  3.26077478e+00  3.12300000e-08  3.26743928e+00  3.12300000e-08  0.00000000e+00  3.12300000e-08  0.00000000e+00 
 3.12500000e-08  3.30000858e+00  3.12500000e-08  3.30001051e+00  3.12500000e-08  3.26563562e+00  3.12500000e-08  3.27175277e+00  3.12500000e-08  0.00000000e+00  3.12500000e-08  0.00000000e+00 
 3.12700000e-08  3.30000776e+00  3.12700000e-08  3.30000939e+00  3.12700000e-08  3.26966664e+00  3.12700000e-08  3.27529648e+00  3.12700000e-08  0.00000000e+00  3.12700000e-08  0.00000000e+00 
 3.12900000e-08  3.30000700e+00  3.12900000e-08  3.30000838e+00  3.12900000e-08  3.27301681e+00  3.12900000e-08  3.27821274e+00  3.12900000e-08  0.00000000e+00  3.12900000e-08  0.00000000e+00 
 3.13100000e-08  3.30000631e+00  3.13100000e-08  3.30000748e+00  3.13100000e-08  3.27580876e+00  3.13100000e-08  3.28061813e+00  3.13100000e-08  0.00000000e+00  3.13100000e-08  0.00000000e+00 
 3.13300000e-08  3.30000569e+00  3.13300000e-08  3.30000668e+00  3.13300000e-08  3.27814320e+00  3.13300000e-08  3.28260796e+00  3.13300000e-08  0.00000000e+00  3.13300000e-08  0.00000000e+00 
 3.13500000e-08  3.30000513e+00  3.13500000e-08  3.30000597e+00  3.13500000e-08  3.28010272e+00  3.13500000e-08  3.28425990e+00  3.13500000e-08  0.00000000e+00  3.13500000e-08  0.00000000e+00 
 3.13700000e-08  3.30000463e+00  3.13700000e-08  3.30000534e+00  3.13700000e-08  3.28175489e+00  3.13700000e-08  3.28563722e+00  3.13700000e-08  0.00000000e+00  3.13700000e-08  0.00000000e+00 
 3.13900000e-08  3.30000418e+00  3.13900000e-08  3.30000478e+00  3.13900000e-08  3.28315497e+00  3.13900000e-08  3.28679128e+00  3.13900000e-08  0.00000000e+00  3.13900000e-08  0.00000000e+00 
 3.14100000e-08  3.30000377e+00  3.14100000e-08  3.30000429e+00  3.14100000e-08  3.28434809e+00  3.14100000e-08  3.28776382e+00  3.14100000e-08  0.00000000e+00  3.14100000e-08  0.00000000e+00 
 3.14300000e-08  3.30000341e+00  3.14300000e-08  3.30000385e+00  3.14300000e-08  3.28537108e+00  3.14300000e-08  3.28858859e+00  3.14300000e-08  0.00000000e+00  3.14300000e-08  0.00000000e+00 
 3.14500000e-08  3.30000308e+00  3.14500000e-08  3.30000346e+00  3.14500000e-08  3.28625397e+00  3.14500000e-08  3.28929300e+00  3.14500000e-08  0.00000000e+00  3.14500000e-08  0.00000000e+00 
 3.14700000e-08  3.30000279e+00  3.14700000e-08  3.30000312e+00  3.14700000e-08  3.28702125e+00  3.14700000e-08  3.28989916e+00  3.14700000e-08  0.00000000e+00  3.14700000e-08  0.00000000e+00 
 3.14900000e-08  3.30000253e+00  3.14900000e-08  3.30000282e+00  3.14900000e-08  3.28769288e+00  3.14900000e-08  3.29042498e+00  3.14900000e-08  0.00000000e+00  3.14900000e-08  0.00000000e+00 
 3.15100000e-08  3.30000230e+00  3.15100000e-08  3.30000255e+00  3.15100000e-08  3.28828514e+00  3.15100000e-08  3.29088492e+00  3.15100000e-08  0.00000000e+00  3.15100000e-08  0.00000000e+00 
 3.15300000e-08  3.30000209e+00  3.15300000e-08  3.30000231e+00  3.15300000e-08  3.28881130e+00  3.15300000e-08  3.29129068e+00  3.15300000e-08  0.00000000e+00  3.15300000e-08  0.00000000e+00 
 3.15500000e-08  3.30000191e+00  3.15500000e-08  3.30000209e+00  3.15500000e-08  3.28928218e+00  3.15500000e-08  3.29165169e+00  3.15500000e-08  0.00000000e+00  3.15500000e-08  0.00000000e+00 
 3.15700000e-08  3.30000174e+00  3.15700000e-08  3.30000190e+00  3.15700000e-08  3.28970663e+00  3.15700000e-08  3.29197559e+00  3.15700000e-08  0.00000000e+00  3.15700000e-08  0.00000000e+00 
 3.15900000e-08  3.30000159e+00  3.15900000e-08  3.30000173e+00  3.15900000e-08  3.29009188e+00  3.15900000e-08  3.29226854e+00  3.15900000e-08  0.00000000e+00  3.15900000e-08  0.00000000e+00 
 3.16100000e-08  3.30000146e+00  3.16100000e-08  3.30000158e+00  3.16100000e-08  3.29044384e+00  3.16100000e-08  3.29253555e+00  3.16100000e-08  0.00000000e+00  3.16100000e-08  0.00000000e+00 
 3.16300000e-08  3.30000134e+00  3.16300000e-08  3.30000145e+00  3.16300000e-08  3.29076737e+00  3.16300000e-08  3.29278064e+00  3.16300000e-08  0.00000000e+00  3.16300000e-08  0.00000000e+00 
 3.16500000e-08  3.30000123e+00  3.16500000e-08  3.30000133e+00  3.16500000e-08  3.29106645e+00  3.16500000e-08  3.29300712e+00  3.16500000e-08  0.00000000e+00  3.16500000e-08  0.00000000e+00 
 3.16700000e-08  3.30000113e+00  3.16700000e-08  3.30000122e+00  3.16700000e-08  3.29134437e+00  3.16700000e-08  3.29321762e+00  3.16700000e-08  0.00000000e+00  3.16700000e-08  0.00000000e+00 
 3.16900000e-08  3.30000105e+00  3.16900000e-08  3.30000112e+00  3.16900000e-08  3.29160384e+00  3.16900000e-08  3.29341435e+00  3.16900000e-08  0.00000000e+00  3.16900000e-08  0.00000000e+00 
 3.17100000e-08  3.30000097e+00  3.17100000e-08  3.30000103e+00  3.17100000e-08  3.29184712e+00  3.17100000e-08  3.29359907e+00  3.17100000e-08  0.00000000e+00  3.17100000e-08  0.00000000e+00 
 3.17300000e-08  3.30000089e+00  3.17300000e-08  3.30000096e+00  3.17300000e-08  3.29207606e+00  3.17300000e-08  3.29377324e+00  3.17300000e-08  0.00000000e+00  3.17300000e-08  0.00000000e+00 
 3.17500000e-08  3.30000083e+00  3.17500000e-08  3.30000088e+00  3.17500000e-08  3.29229226e+00  3.17500000e-08  3.29393805e+00  3.17500000e-08  0.00000000e+00  3.17500000e-08  0.00000000e+00 
 3.17700000e-08  3.30000077e+00  3.17700000e-08  3.30000082e+00  3.17700000e-08  3.29249701e+00  3.17700000e-08  3.29409452e+00  3.17700000e-08  0.00000000e+00  3.17700000e-08  0.00000000e+00 
 3.17900000e-08  3.30000072e+00  3.17900000e-08  3.30000076e+00  3.17900000e-08  3.29269144e+00  3.17900000e-08  3.29424345e+00  3.17900000e-08  0.00000000e+00  3.17900000e-08  0.00000000e+00 
 3.18100000e-08  3.30000067e+00  3.18100000e-08  3.30000071e+00  3.18100000e-08  3.29287647e+00  3.18100000e-08  3.29438556e+00  3.18100000e-08  0.00000000e+00  3.18100000e-08  0.00000000e+00 
 3.18300000e-08  3.30000062e+00  3.18300000e-08  3.30000066e+00  3.18300000e-08  3.29305294e+00  3.18300000e-08  3.29452141e+00  3.18300000e-08  0.00000000e+00  3.18300000e-08  0.00000000e+00 
 3.18500000e-08  3.30000058e+00  3.18500000e-08  3.30000062e+00  3.18500000e-08  3.29322152e+00  3.18500000e-08  3.29465153e+00  3.18500000e-08  0.00000000e+00  3.18500000e-08  0.00000000e+00 
 3.18700000e-08  3.30000054e+00  3.18700000e-08  3.30000058e+00  3.18700000e-08  3.29338283e+00  3.18700000e-08  3.29477633e+00  3.18700000e-08  0.00000000e+00  3.18700000e-08  0.00000000e+00 
 3.18900000e-08  3.30000051e+00  3.18900000e-08  3.30000054e+00  3.18900000e-08  3.29353738e+00  3.18900000e-08  3.29489618e+00  3.18900000e-08  0.00000000e+00  3.18900000e-08  0.00000000e+00 
 3.19100000e-08  3.30000048e+00  3.19100000e-08  3.30000051e+00  3.19100000e-08  3.29368565e+00  3.19100000e-08  3.29501141e+00  3.19100000e-08  0.00000000e+00  3.19100000e-08  0.00000000e+00 
 3.19300000e-08  3.30000045e+00  3.19300000e-08  3.30000047e+00  3.19300000e-08  3.29382804e+00  3.19300000e-08  3.29512230e+00  3.19300000e-08  0.00000000e+00  3.19300000e-08  0.00000000e+00 
 3.19500000e-08  3.30000042e+00  3.19500000e-08  3.30000045e+00  3.19500000e-08  3.29396491e+00  3.19500000e-08  3.29522910e+00  3.19500000e-08  0.00000000e+00  3.19500000e-08  0.00000000e+00 
 3.19700000e-08  3.30000040e+00  3.19700000e-08  3.30000042e+00  3.19700000e-08  3.29409659e+00  3.19700000e-08  3.29533206e+00  3.19700000e-08  0.00000000e+00  3.19700000e-08  0.00000000e+00 
 3.19900000e-08  3.30000038e+00  3.19900000e-08  3.30000040e+00  3.19900000e-08  3.29422339e+00  3.19900000e-08  3.29543135e+00  3.19900000e-08  0.00000000e+00  3.19900000e-08  0.00000000e+00 
 3.20100000e-08  3.30000036e+00  3.20100000e-08  3.30000037e+00  3.20100000e-08  3.29434556e+00  3.20100000e-08  3.29552718e+00  3.20100000e-08  0.00000000e+00  3.20100000e-08  0.00000000e+00 
 3.20300000e-08  3.30000034e+00  3.20300000e-08  3.30000035e+00  3.20300000e-08  3.29446337e+00  3.20300000e-08  3.29561971e+00  3.20300000e-08  0.00000000e+00  3.20300000e-08  0.00000000e+00 
 3.20500000e-08  3.30000032e+00  3.20500000e-08  3.30000033e+00  3.20500000e-08  3.29457701e+00  3.20500000e-08  3.29570911e+00  3.20500000e-08  0.00000000e+00  3.20500000e-08  0.00000000e+00 
 3.20700000e-08  3.30000030e+00  3.20700000e-08  3.30000032e+00  3.20700000e-08  3.29468672e+00  3.20700000e-08  3.29579551e+00  3.20700000e-08  0.00000000e+00  3.20700000e-08  0.00000000e+00 
 3.20900000e-08  3.30000029e+00  3.20900000e-08  3.30000030e+00  3.20900000e-08  3.29479266e+00  3.20900000e-08  3.29587906e+00  3.20900000e-08  0.00000000e+00  3.20900000e-08  0.00000000e+00 
 3.21100000e-08  3.30000027e+00  3.21100000e-08  3.30000028e+00  3.21100000e-08  3.29489505e+00  3.21100000e-08  3.29595987e+00  3.21100000e-08  0.00000000e+00  3.21100000e-08  0.00000000e+00 
 3.21300000e-08  3.30000026e+00  3.21300000e-08  3.30000027e+00  3.21300000e-08  3.29499402e+00  3.21300000e-08  3.29603808e+00  3.21300000e-08  0.00000000e+00  3.21300000e-08  0.00000000e+00 
 3.21500000e-08  3.30000024e+00  3.21500000e-08  3.30000026e+00  3.21500000e-08  3.29508974e+00  3.21500000e-08  3.29611378e+00  3.21500000e-08  0.00000000e+00  3.21500000e-08  0.00000000e+00 
 3.21700000e-08  3.30000023e+00  3.21700000e-08  3.30000024e+00  3.21700000e-08  3.29518236e+00  3.21700000e-08  3.29618710e+00  3.21700000e-08  0.00000000e+00  3.21700000e-08  0.00000000e+00 
 3.21900000e-08  3.30000022e+00  3.21900000e-08  3.30000023e+00  3.21900000e-08  3.29527202e+00  3.21900000e-08  3.29625811e+00  3.21900000e-08  0.00000000e+00  3.21900000e-08  0.00000000e+00 
 3.22100000e-08  3.30000021e+00  3.22100000e-08  3.30000022e+00  3.22100000e-08  3.29535883e+00  3.22100000e-08  3.29632693e+00  3.22100000e-08  0.00000000e+00  3.22100000e-08  0.00000000e+00 
 3.22300000e-08  3.30000020e+00  3.22300000e-08  3.30000021e+00  3.22300000e-08  3.29544294e+00  3.22300000e-08  3.29639364e+00  3.22300000e-08  0.00000000e+00  3.22300000e-08  0.00000000e+00 
 3.22500000e-08  3.30000019e+00  3.22500000e-08  3.30000020e+00  3.22500000e-08  3.29552444e+00  3.22500000e-08  3.29645833e+00  3.22500000e-08  0.00000000e+00  3.22500000e-08  0.00000000e+00 
 3.22700000e-08  3.30000018e+00  3.22700000e-08  3.30000019e+00  3.22700000e-08  3.29560346e+00  3.22700000e-08  3.29652106e+00  3.22700000e-08  0.00000000e+00  3.22700000e-08  0.00000000e+00 
 3.22900000e-08  3.30000018e+00  3.22900000e-08  3.30000018e+00  3.22900000e-08  3.29568008e+00  3.22900000e-08  3.29658194e+00  3.22900000e-08  0.00000000e+00  3.22900000e-08  0.00000000e+00 
 3.23100000e-08  3.30000017e+00  3.23100000e-08  3.30000018e+00  3.23100000e-08  3.29575442e+00  3.23100000e-08  3.29664101e+00  3.23100000e-08  0.00000000e+00  3.23100000e-08  0.00000000e+00 
 3.23300000e-08  3.30000016e+00  3.23300000e-08  3.30000017e+00  3.23300000e-08  3.29582655e+00  3.23300000e-08  3.29669837e+00  3.23300000e-08  0.00000000e+00  3.23300000e-08  0.00000000e+00 
 3.23500000e-08  3.30000016e+00  3.23500000e-08  3.30000016e+00  3.23500000e-08  3.29589659e+00  3.23500000e-08  3.29675406e+00  3.23500000e-08  0.00000000e+00  3.23500000e-08  0.00000000e+00 
 3.23700000e-08  3.30000015e+00  3.23700000e-08  3.30000016e+00  3.23700000e-08  3.29596459e+00  3.23700000e-08  3.29680817e+00  3.23700000e-08  0.00000000e+00  3.23700000e-08  0.00000000e+00 
 3.23900000e-08  3.30000014e+00  3.23900000e-08  3.30000015e+00  3.23900000e-08  3.29603065e+00  3.23900000e-08  3.29686074e+00  3.23900000e-08  0.00000000e+00  3.23900000e-08  0.00000000e+00 
 3.24100000e-08  3.30000014e+00  3.24100000e-08  3.30000014e+00  3.24100000e-08  3.29609484e+00  3.24100000e-08  3.29691184e+00  3.24100000e-08  0.00000000e+00  3.24100000e-08  0.00000000e+00 
 3.24300000e-08  3.30000013e+00  3.24300000e-08  3.30000014e+00  3.24300000e-08  3.29615723e+00  3.24300000e-08  3.29696152e+00  3.24300000e-08  0.00000000e+00  3.24300000e-08  0.00000000e+00 
 3.24500000e-08  3.30000013e+00  3.24500000e-08  3.30000013e+00  3.24500000e-08  3.29621789e+00  3.24500000e-08  3.29700983e+00  3.24500000e-08  0.00000000e+00  3.24500000e-08  0.00000000e+00 
 3.24700000e-08  3.30000012e+00  3.24700000e-08  3.30000013e+00  3.24700000e-08  3.29627690e+00  3.24700000e-08  3.29705682e+00  3.24700000e-08  0.00000000e+00  3.24700000e-08  0.00000000e+00 
 3.24900000e-08  3.30000012e+00  3.24900000e-08  3.30000012e+00  3.24900000e-08  3.29633429e+00  3.24900000e-08  3.29710255e+00  3.24900000e-08  0.00000000e+00  3.24900000e-08  0.00000000e+00 
 3.25100000e-08  3.30000011e+00  3.25100000e-08  3.30000012e+00  3.25100000e-08  3.29639015e+00  3.25100000e-08  3.29714705e+00  3.25100000e-08  0.00000000e+00  3.25100000e-08  0.00000000e+00 
 3.25300000e-08  3.30000011e+00  3.25300000e-08  3.30000011e+00  3.25300000e-08  3.29644452e+00  3.25300000e-08  3.29719038e+00  3.25300000e-08  0.00000000e+00  3.25300000e-08  0.00000000e+00 
 3.25500000e-08  3.30000011e+00  3.25500000e-08  3.30000011e+00  3.25500000e-08  3.29649746e+00  3.25500000e-08  3.29723257e+00  3.25500000e-08  0.00000000e+00  3.25500000e-08  0.00000000e+00 
 3.25700000e-08  3.30000010e+00  3.25700000e-08  3.30000011e+00  3.25700000e-08  3.29654902e+00  3.25700000e-08  3.29727367e+00  3.25700000e-08  0.00000000e+00  3.25700000e-08  0.00000000e+00 
 3.25900000e-08  3.30000010e+00  3.25900000e-08  3.30000010e+00  3.25900000e-08  3.29659926e+00  3.25900000e-08  3.29731371e+00  3.25900000e-08  0.00000000e+00  3.25900000e-08  0.00000000e+00 
 3.26100000e-08  3.30000009e+00  3.26100000e-08  3.30000010e+00  3.26100000e-08  3.29664821e+00  3.26100000e-08  3.29735273e+00  3.26100000e-08  0.00000000e+00  3.26100000e-08  0.00000000e+00 
 3.26300000e-08  3.30000009e+00  3.26300000e-08  3.30000009e+00  3.26300000e-08  3.29669592e+00  3.26300000e-08  3.29739076e+00  3.26300000e-08  0.00000000e+00  3.26300000e-08  0.00000000e+00 
 3.26500000e-08  3.30000009e+00  3.26500000e-08  3.30000009e+00  3.26500000e-08  3.29674244e+00  3.26500000e-08  3.29742785e+00  3.26500000e-08  0.00000000e+00  3.26500000e-08  0.00000000e+00 
 3.26700000e-08  3.30000009e+00  3.26700000e-08  3.30000009e+00  3.26700000e-08  3.29678781e+00  3.26700000e-08  3.29746402e+00  3.26700000e-08  0.00000000e+00  3.26700000e-08  0.00000000e+00 
 3.26900000e-08  3.30000008e+00  3.26900000e-08  3.30000009e+00  3.26900000e-08  3.29683206e+00  3.26900000e-08  3.29749930e+00  3.26900000e-08  0.00000000e+00  3.26900000e-08  0.00000000e+00 
 3.27100000e-08  3.30000008e+00  3.27100000e-08  3.30000008e+00  3.27100000e-08  3.29687524e+00  3.27100000e-08  3.29753372e+00  3.27100000e-08  0.00000000e+00  3.27100000e-08  0.00000000e+00 
 3.27300000e-08  3.30000008e+00  3.27300000e-08  3.30000008e+00  3.27300000e-08  3.29691738e+00  3.27300000e-08  3.29756732e+00  3.27300000e-08  0.00000000e+00  3.27300000e-08  0.00000000e+00 
 3.27500000e-08  3.30000007e+00  3.27500000e-08  3.30000008e+00  3.27500000e-08  3.29695852e+00  3.27500000e-08  3.29760011e+00  3.27500000e-08  0.00000000e+00  3.27500000e-08  0.00000000e+00 
 3.27700000e-08  3.30000007e+00  3.27700000e-08  3.30000008e+00  3.27700000e-08  3.29699868e+00  3.27700000e-08  3.29763214e+00  3.27700000e-08  0.00000000e+00  3.27700000e-08  0.00000000e+00 
 3.27900000e-08  3.30000007e+00  3.27900000e-08  3.30000007e+00  3.27900000e-08  3.29703791e+00  3.27900000e-08  3.29766340e+00  3.27900000e-08  0.00000000e+00  3.27900000e-08  0.00000000e+00 
 3.28100000e-08  3.30000007e+00  3.28100000e-08  3.30000007e+00  3.28100000e-08  3.29707622e+00  3.28100000e-08  3.29769396e+00  3.28100000e-08  0.00000000e+00  3.28100000e-08  0.00000000e+00 
 3.28300000e-08  3.30000007e+00  3.28300000e-08  3.30000007e+00  3.28300000e-08  3.29711366e+00  3.28300000e-08  3.29772380e+00  3.28300000e-08  0.00000000e+00  3.28300000e-08  0.00000000e+00 
 3.28500000e-08  3.30000006e+00  3.28500000e-08  3.30000007e+00  3.28500000e-08  3.29715024e+00  3.28500000e-08  3.29775296e+00  3.28500000e-08  0.00000000e+00  3.28500000e-08  0.00000000e+00 
 3.28700000e-08  3.30000006e+00  3.28700000e-08  3.30000006e+00  3.28700000e-08  3.29718601e+00  3.28700000e-08  3.29778147e+00  3.28700000e-08  0.00000000e+00  3.28700000e-08  0.00000000e+00 
 3.28900000e-08  3.30000006e+00  3.28900000e-08  3.30000006e+00  3.28900000e-08  3.29722097e+00  3.28900000e-08  3.29780934e+00  3.28900000e-08  0.00000000e+00  3.28900000e-08  0.00000000e+00 
 3.29100000e-08  3.30000006e+00  3.29100000e-08  3.30000006e+00  3.29100000e-08  3.29725516e+00  3.29100000e-08  3.29783659e+00  3.29100000e-08  0.00000000e+00  3.29100000e-08  0.00000000e+00 
 3.29300000e-08  3.30000006e+00  3.29300000e-08  3.30000006e+00  3.29300000e-08  3.29728860e+00  3.29300000e-08  3.29786324e+00  3.29300000e-08  0.00000000e+00  3.29300000e-08  0.00000000e+00 
 3.29500000e-08  3.30000006e+00  3.29500000e-08  3.30000006e+00  3.29500000e-08  3.29732132e+00  3.29500000e-08  3.29788931e+00  3.29500000e-08  0.00000000e+00  3.29500000e-08  0.00000000e+00 
 3.29700000e-08  3.30000005e+00  3.29700000e-08  3.30000006e+00  3.29700000e-08  3.29735333e+00  3.29700000e-08  3.29791483e+00  3.29700000e-08  0.00000000e+00  3.29700000e-08  0.00000000e+00 
 3.29900000e-08  3.30000005e+00  3.29900000e-08  3.30000005e+00  3.29900000e-08  3.29738466e+00  3.29900000e-08  3.29793978e+00  3.29900000e-08  0.00000000e+00  3.29900000e-08  0.00000000e+00 
 3.30100000e-08  3.30000005e+00  3.30100000e-08  3.30000005e+00  3.30100000e-08  3.29741532e+00  3.30100000e-08  3.29796422e+00  3.30100000e-08  0.00000000e+00  3.30100000e-08  0.00000000e+00 
 3.30300000e-08  3.30000005e+00  3.30300000e-08  3.30000005e+00  3.30300000e-08  3.29744535e+00  3.30300000e-08  3.29798814e+00  3.30300000e-08  0.00000000e+00  3.30300000e-08  0.00000000e+00 
 3.30500000e-08  3.30000005e+00  3.30500000e-08  3.30000005e+00  3.30500000e-08  3.29747474e+00  3.30500000e-08  3.29801156e+00  3.30500000e-08  0.00000000e+00  3.30500000e-08  0.00000000e+00 
 3.30700000e-08  3.30000005e+00  3.30700000e-08  3.30000005e+00  3.30700000e-08  3.29750354e+00  3.30700000e-08  3.29803450e+00  3.30700000e-08  0.00000000e+00  3.30700000e-08  0.00000000e+00 
 3.30900000e-08  3.30000005e+00  3.30900000e-08  3.30000005e+00  3.30900000e-08  3.29753174e+00  3.30900000e-08  3.29805697e+00  3.30900000e-08  0.00000000e+00  3.30900000e-08  0.00000000e+00 
 3.31100000e-08  3.30000004e+00  3.31100000e-08  3.30000005e+00  3.31100000e-08  3.29755938e+00  3.31100000e-08  3.29807897e+00  3.31100000e-08  0.00000000e+00  3.31100000e-08  0.00000000e+00 
 3.31300000e-08  3.30000004e+00  3.31300000e-08  3.30000004e+00  3.31300000e-08  3.29758645e+00  3.31300000e-08  3.29810054e+00  3.31300000e-08  0.00000000e+00  3.31300000e-08  0.00000000e+00 
 3.31500000e-08  3.30000004e+00  3.31500000e-08  3.30000004e+00  3.31500000e-08  3.29761299e+00  3.31500000e-08  3.29812167e+00  3.31500000e-08  0.00000000e+00  3.31500000e-08  0.00000000e+00 
 3.31700000e-08  3.30000004e+00  3.31700000e-08  3.30000004e+00  3.31700000e-08  3.29763901e+00  3.31700000e-08  3.29814239e+00  3.31700000e-08  0.00000000e+00  3.31700000e-08  0.00000000e+00 
 3.31900000e-08  3.30000004e+00  3.31900000e-08  3.30000004e+00  3.31900000e-08  3.29766451e+00  3.31900000e-08  3.29816269e+00  3.31900000e-08  0.00000000e+00  3.31900000e-08  0.00000000e+00 
 3.32100000e-08  3.30000004e+00  3.32100000e-08  3.30000004e+00  3.32100000e-08  3.29768952e+00  3.32100000e-08  3.29818261e+00  3.32100000e-08  0.00000000e+00  3.32100000e-08  0.00000000e+00 
 3.32300000e-08  3.30000004e+00  3.32300000e-08  3.30000004e+00  3.32300000e-08  3.29771405e+00  3.32300000e-08  3.29820213e+00  3.32300000e-08  0.00000000e+00  3.32300000e-08  0.00000000e+00 
 3.32500000e-08  3.30000004e+00  3.32500000e-08  3.30000004e+00  3.32500000e-08  3.29773811e+00  3.32500000e-08  3.29822129e+00  3.32500000e-08  0.00000000e+00  3.32500000e-08  0.00000000e+00 
 3.32700000e-08  3.30000004e+00  3.32700000e-08  3.30000004e+00  3.32700000e-08  3.29776172e+00  3.32700000e-08  3.29824007e+00  3.32700000e-08  0.00000000e+00  3.32700000e-08  0.00000000e+00 
 3.32900000e-08  3.30000004e+00  3.32900000e-08  3.30000004e+00  3.32900000e-08  3.29778487e+00  3.32900000e-08  3.29825850e+00  3.32900000e-08  0.00000000e+00  3.32900000e-08  0.00000000e+00 
 3.33100000e-08  3.30000003e+00  3.33100000e-08  3.30000004e+00  3.33100000e-08  3.29780760e+00  3.33100000e-08  3.29827658e+00  3.33100000e-08  0.00000000e+00  3.33100000e-08  0.00000000e+00 
 3.33300000e-08  3.30000003e+00  3.33300000e-08  3.30000003e+00  3.33300000e-08  3.29782991e+00  3.33300000e-08  3.29829434e+00  3.33300000e-08  0.00000000e+00  3.33300000e-08  0.00000000e+00 
 3.33500000e-08  3.30000003e+00  3.33500000e-08  3.30000003e+00  3.33500000e-08  3.29785181e+00  3.33500000e-08  3.29831175e+00  3.33500000e-08  0.00000000e+00  3.33500000e-08  0.00000000e+00 
 3.33700000e-08  3.30000003e+00  3.33700000e-08  3.30000003e+00  3.33700000e-08  3.29787330e+00  3.33700000e-08  3.29832886e+00  3.33700000e-08  0.00000000e+00  3.33700000e-08  0.00000000e+00 
 3.33900000e-08  3.30000003e+00  3.33900000e-08  3.30000003e+00  3.33900000e-08  3.29789441e+00  3.33900000e-08  3.29834565e+00  3.33900000e-08  0.00000000e+00  3.33900000e-08  0.00000000e+00 
 3.34100000e-08  3.30000003e+00  3.34100000e-08  3.30000003e+00  3.34100000e-08  3.29791514e+00  3.34100000e-08  3.29836214e+00  3.34100000e-08  0.00000000e+00  3.34100000e-08  0.00000000e+00 
 3.34300000e-08  3.30000003e+00  3.34300000e-08  3.30000003e+00  3.34300000e-08  3.29793551e+00  3.34300000e-08  3.29837833e+00  3.34300000e-08  0.00000000e+00  3.34300000e-08  0.00000000e+00 
 3.34500000e-08  3.30000003e+00  3.34500000e-08  3.30000003e+00  3.34500000e-08  3.29795550e+00  3.34500000e-08  3.29839424e+00  3.34500000e-08  0.00000000e+00  3.34500000e-08  0.00000000e+00 
 3.34700000e-08  3.30000003e+00  3.34700000e-08  3.30000003e+00  3.34700000e-08  3.29797516e+00  3.34700000e-08  3.29840986e+00  3.34700000e-08  0.00000000e+00  3.34700000e-08  0.00000000e+00 
 3.34900000e-08  3.30000003e+00  3.34900000e-08  3.30000003e+00  3.34900000e-08  3.29799446e+00  3.34900000e-08  3.29842521e+00  3.34900000e-08  0.00000000e+00  3.34900000e-08  0.00000000e+00 
 3.35100000e-08  3.30000003e+00  3.35100000e-08  3.30000003e+00  3.35100000e-08  3.29801344e+00  3.35100000e-08  3.29844029e+00  3.35100000e-08  0.00000000e+00  3.35100000e-08  0.00000000e+00 
 3.35300000e-08  3.30000003e+00  3.35300000e-08  3.30000003e+00  3.35300000e-08  3.29803209e+00  3.35300000e-08  3.29845512e+00  3.35300000e-08  0.00000000e+00  3.35300000e-08  0.00000000e+00 
 3.35500000e-08  3.30000003e+00  3.35500000e-08  3.30000003e+00  3.35500000e-08  3.29805042e+00  3.35500000e-08  3.29846969e+00  3.35500000e-08  0.00000000e+00  3.35500000e-08  0.00000000e+00 
 3.35700000e-08  3.30000003e+00  3.35700000e-08  3.30000003e+00  3.35700000e-08  3.29806844e+00  3.35700000e-08  3.29848401e+00  3.35700000e-08  0.00000000e+00  3.35700000e-08  0.00000000e+00 
 3.35900000e-08  3.30000002e+00  3.35900000e-08  3.30000003e+00  3.35900000e-08  3.29808617e+00  3.35900000e-08  3.29849809e+00  3.35900000e-08  0.00000000e+00  3.35900000e-08  0.00000000e+00 
 3.36100000e-08  3.30000002e+00  3.36100000e-08  3.30000002e+00  3.36100000e-08  3.29810359e+00  3.36100000e-08  3.29851194e+00  3.36100000e-08  0.00000000e+00  3.36100000e-08  0.00000000e+00 
 3.36300000e-08  3.30000002e+00  3.36300000e-08  3.30000002e+00  3.36300000e-08  3.29812073e+00  3.36300000e-08  3.29852555e+00  3.36300000e-08  0.00000000e+00  3.36300000e-08  0.00000000e+00 
 3.36500000e-08  3.30000002e+00  3.36500000e-08  3.30000002e+00  3.36500000e-08  3.29813758e+00  3.36500000e-08  3.29853894e+00  3.36500000e-08  0.00000000e+00  3.36500000e-08  0.00000000e+00 
 3.36700000e-08  3.30000002e+00  3.36700000e-08  3.30000002e+00  3.36700000e-08  3.29815416e+00  3.36700000e-08  3.29855210e+00  3.36700000e-08  0.00000000e+00  3.36700000e-08  0.00000000e+00 
 3.36900000e-08  3.30000002e+00  3.36900000e-08  3.30000002e+00  3.36900000e-08  3.29817047e+00  3.36900000e-08  3.29856506e+00  3.36900000e-08  0.00000000e+00  3.36900000e-08  0.00000000e+00 
 3.37100000e-08  3.30000002e+00  3.37100000e-08  3.30000002e+00  3.37100000e-08  3.29818652e+00  3.37100000e-08  3.29857780e+00  3.37100000e-08  0.00000000e+00  3.37100000e-08  0.00000000e+00 
 3.37300000e-08  3.30000002e+00  3.37300000e-08  3.30000002e+00  3.37300000e-08  3.29820231e+00  3.37300000e-08  3.29859035e+00  3.37300000e-08  0.00000000e+00  3.37300000e-08  0.00000000e+00 
 3.37500000e-08  3.30000002e+00  3.37500000e-08  3.30000002e+00  3.37500000e-08  3.29821786e+00  3.37500000e-08  3.29860268e+00  3.37500000e-08  0.00000000e+00  3.37500000e-08  0.00000000e+00 
 3.37700000e-08  3.30000002e+00  3.37700000e-08  3.30000002e+00  3.37700000e-08  3.29823315e+00  3.37700000e-08  3.29861483e+00  3.37700000e-08  0.00000000e+00  3.37700000e-08  0.00000000e+00 
 3.37900000e-08  3.30000002e+00  3.37900000e-08  3.30000002e+00  3.37900000e-08  3.29824821e+00  3.37900000e-08  3.29862678e+00  3.37900000e-08  0.00000000e+00  3.37900000e-08  0.00000000e+00 
 3.38100000e-08  3.30000002e+00  3.38100000e-08  3.30000002e+00  3.38100000e-08  3.29826303e+00  3.38100000e-08  3.29863855e+00  3.38100000e-08  0.00000000e+00  3.38100000e-08  0.00000000e+00 
 3.38300000e-08  3.30000002e+00  3.38300000e-08  3.30000002e+00  3.38300000e-08  3.29827763e+00  3.38300000e-08  3.29865013e+00  3.38300000e-08  0.00000000e+00  3.38300000e-08  0.00000000e+00 
 3.38500000e-08  3.30000002e+00  3.38500000e-08  3.30000002e+00  3.38500000e-08  3.29829200e+00  3.38500000e-08  3.29866154e+00  3.38500000e-08  0.00000000e+00  3.38500000e-08  0.00000000e+00 
 3.38700000e-08  3.30000002e+00  3.38700000e-08  3.30000002e+00  3.38700000e-08  3.29830616e+00  3.38700000e-08  3.29867276e+00  3.38700000e-08  0.00000000e+00  3.38700000e-08  0.00000000e+00 
 3.38900000e-08  3.30000002e+00  3.38900000e-08  3.30000002e+00  3.38900000e-08  3.29832009e+00  3.38900000e-08  3.29868382e+00  3.38900000e-08  0.00000000e+00  3.38900000e-08  0.00000000e+00 
 3.39100000e-08  3.30000002e+00  3.39100000e-08  3.30000002e+00  3.39100000e-08  3.29833383e+00  3.39100000e-08  3.29869471e+00  3.39100000e-08  0.00000000e+00  3.39100000e-08  0.00000000e+00 
 3.39300000e-08  3.30000002e+00  3.39300000e-08  3.30000002e+00  3.39300000e-08  3.29834735e+00  3.39300000e-08  3.29870544e+00  3.39300000e-08  0.00000000e+00  3.39300000e-08  0.00000000e+00 
 3.39500000e-08  3.30000002e+00  3.39500000e-08  3.30000002e+00  3.39500000e-08  3.29836067e+00  3.39500000e-08  3.29871601e+00  3.39500000e-08  0.00000000e+00  3.39500000e-08  0.00000000e+00 
 3.39700000e-08  3.30000002e+00  3.39700000e-08  3.30000002e+00  3.39700000e-08  3.29837380e+00  3.39700000e-08  3.29872642e+00  3.39700000e-08  0.00000000e+00  3.39700000e-08  0.00000000e+00 
 3.39900000e-08  3.30000002e+00  3.39900000e-08  3.30000002e+00  3.39900000e-08  3.29838674e+00  3.39900000e-08  3.29873667e+00  3.39900000e-08  0.00000000e+00  3.39900000e-08  0.00000000e+00 
 3.40100000e-08  3.30000002e+00  3.40100000e-08  3.30000002e+00  3.40100000e-08  3.29839948e+00  3.40100000e-08  3.29874678e+00  3.40100000e-08  0.00000000e+00  3.40100000e-08  0.00000000e+00 
 3.40300000e-08  3.30000002e+00  3.40300000e-08  3.30000002e+00  3.40300000e-08  3.29841205e+00  3.40300000e-08  3.29875674e+00  3.40300000e-08  0.00000000e+00  3.40300000e-08  0.00000000e+00 
 3.40500000e-08  3.30000002e+00  3.40500000e-08  3.30000002e+00  3.40500000e-08  3.29842442e+00  3.40500000e-08  3.29876656e+00  3.40500000e-08  0.00000000e+00  3.40500000e-08  0.00000000e+00 
 3.40700000e-08  3.30000001e+00  3.40700000e-08  3.30000002e+00  3.40700000e-08  3.29843663e+00  3.40700000e-08  3.29877623e+00  3.40700000e-08  0.00000000e+00  3.40700000e-08  0.00000000e+00 
 3.40900000e-08  3.30000001e+00  3.40900000e-08  3.30000001e+00  3.40900000e-08  3.29844866e+00  3.40900000e-08  3.29878577e+00  3.40900000e-08  0.00000000e+00  3.40900000e-08  0.00000000e+00 
 3.41100000e-08  3.30000001e+00  3.41100000e-08  3.30000001e+00  3.41100000e-08  3.29846053e+00  3.41100000e-08  3.29879516e+00  3.41100000e-08  0.00000000e+00  3.41100000e-08  0.00000000e+00 
 3.41300000e-08  3.30000001e+00  3.41300000e-08  3.30000001e+00  3.41300000e-08  3.29847222e+00  3.41300000e-08  3.29880443e+00  3.41300000e-08  0.00000000e+00  3.41300000e-08  0.00000000e+00 
 3.41500000e-08  3.30000001e+00  3.41500000e-08  3.30000001e+00  3.41500000e-08  3.29848376e+00  3.41500000e-08  3.29881357e+00  3.41500000e-08  0.00000000e+00  3.41500000e-08  0.00000000e+00 
 3.41700000e-08  3.30000001e+00  3.41700000e-08  3.30000001e+00  3.41700000e-08  3.29849513e+00  3.41700000e-08  3.29882258e+00  3.41700000e-08  0.00000000e+00  3.41700000e-08  0.00000000e+00 
 3.41900000e-08  3.30000001e+00  3.41900000e-08  3.30000001e+00  3.41900000e-08  3.29850635e+00  3.41900000e-08  3.29883146e+00  3.41900000e-08  0.00000000e+00  3.41900000e-08  0.00000000e+00 
 3.42100000e-08  3.30000001e+00  3.42100000e-08  3.30000001e+00  3.42100000e-08  3.29851741e+00  3.42100000e-08  3.29884023e+00  3.42100000e-08  0.00000000e+00  3.42100000e-08  0.00000000e+00 
 3.42300000e-08  3.30000001e+00  3.42300000e-08  3.30000001e+00  3.42300000e-08  3.29852832e+00  3.42300000e-08  3.29884887e+00  3.42300000e-08  0.00000000e+00  3.42300000e-08  0.00000000e+00 
 3.42500000e-08  3.30000001e+00  3.42500000e-08  3.30000001e+00  3.42500000e-08  3.29853909e+00  3.42500000e-08  3.29885740e+00  3.42500000e-08  0.00000000e+00  3.42500000e-08  0.00000000e+00 
 3.42700000e-08  3.30000001e+00  3.42700000e-08  3.30000001e+00  3.42700000e-08  3.29854971e+00  3.42700000e-08  3.29886580e+00  3.42700000e-08  0.00000000e+00  3.42700000e-08  0.00000000e+00 
 3.42900000e-08  3.30000001e+00  3.42900000e-08  3.30000001e+00  3.42900000e-08  3.29856019e+00  3.42900000e-08  3.29887410e+00  3.42900000e-08  0.00000000e+00  3.42900000e-08  0.00000000e+00 
 3.43100000e-08  3.30000001e+00  3.43100000e-08  3.30000001e+00  3.43100000e-08  3.29857053e+00  3.43100000e-08  3.29888229e+00  3.43100000e-08  0.00000000e+00  3.43100000e-08  0.00000000e+00 
 3.43300000e-08  3.30000001e+00  3.43300000e-08  3.30000001e+00  3.43300000e-08  3.29858073e+00  3.43300000e-08  3.29889037e+00  3.43300000e-08  0.00000000e+00  3.43300000e-08  0.00000000e+00 
 3.43500000e-08  3.30000001e+00  3.43500000e-08  3.30000001e+00  3.43500000e-08  3.29859080e+00  3.43500000e-08  3.29889833e+00  3.43500000e-08  0.00000000e+00  3.43500000e-08  0.00000000e+00 
 3.43700000e-08  3.30000001e+00  3.43700000e-08  3.30000001e+00  3.43700000e-08  3.29860074e+00  3.43700000e-08  3.29890620e+00  3.43700000e-08  0.00000000e+00  3.43700000e-08  0.00000000e+00 
 3.43900000e-08  3.30000001e+00  3.43900000e-08  3.30000001e+00  3.43900000e-08  3.29861055e+00  3.43900000e-08  3.29891396e+00  3.43900000e-08  0.00000000e+00  3.43900000e-08  0.00000000e+00 
 3.44100000e-08  3.30000001e+00  3.44100000e-08  3.30000001e+00  3.44100000e-08  3.29862023e+00  3.44100000e-08  3.29892162e+00  3.44100000e-08  0.00000000e+00  3.44100000e-08  0.00000000e+00 
 3.44300000e-08  3.30000001e+00  3.44300000e-08  3.30000001e+00  3.44300000e-08  3.29862979e+00  3.44300000e-08  3.29892918e+00  3.44300000e-08  0.00000000e+00  3.44300000e-08  0.00000000e+00 
 3.44500000e-08  3.30000001e+00  3.44500000e-08  3.30000001e+00  3.44500000e-08  3.29863922e+00  3.44500000e-08  3.29893665e+00  3.44500000e-08  0.00000000e+00  3.44500000e-08  0.00000000e+00 
 3.44700000e-08  3.30000001e+00  3.44700000e-08  3.30000001e+00  3.44700000e-08  3.29864854e+00  3.44700000e-08  3.29894402e+00  3.44700000e-08  0.00000000e+00  3.44700000e-08  0.00000000e+00 
 3.44900000e-08  3.30000001e+00  3.44900000e-08  3.30000001e+00  3.44900000e-08  3.29865774e+00  3.44900000e-08  3.29895130e+00  3.44900000e-08  0.00000000e+00  3.44900000e-08  0.00000000e+00 
 3.45100000e-08  3.30000001e+00  3.45100000e-08  3.30000001e+00  3.45100000e-08  3.29866683e+00  3.45100000e-08  3.29895848e+00  3.45100000e-08  0.00000000e+00  3.45100000e-08  0.00000000e+00 
 3.45300000e-08  3.30000001e+00  3.45300000e-08  3.30000001e+00  3.45300000e-08  3.29867579e+00  3.45300000e-08  3.29896558e+00  3.45300000e-08  0.00000000e+00  3.45300000e-08  0.00000000e+00 
 3.45500000e-08  3.30000001e+00  3.45500000e-08  3.30000001e+00  3.45500000e-08  3.29868466e+00  3.45500000e-08  3.29897258e+00  3.45500000e-08  0.00000000e+00  3.45500000e-08  0.00000000e+00 
 3.45700000e-08  3.30000001e+00  3.45700000e-08  3.30000001e+00  3.45700000e-08  3.29869340e+00  3.45700000e-08  3.29897950e+00  3.45700000e-08  0.00000000e+00  3.45700000e-08  0.00000000e+00 
 3.45900000e-08  3.30000001e+00  3.45900000e-08  3.30000001e+00  3.45900000e-08  3.29870205e+00  3.45900000e-08  3.29898633e+00  3.45900000e-08  0.00000000e+00  3.45900000e-08  0.00000000e+00 
 3.46100000e-08  3.30000001e+00  3.46100000e-08  3.30000001e+00  3.46100000e-08  3.29871058e+00  3.46100000e-08  3.29899308e+00  3.46100000e-08  0.00000000e+00  3.46100000e-08  0.00000000e+00 
 3.46300000e-08  3.30000001e+00  3.46300000e-08  3.30000001e+00  3.46300000e-08  3.29871902e+00  3.46300000e-08  3.29899974e+00  3.46300000e-08  0.00000000e+00  3.46300000e-08  0.00000000e+00 
 3.46500000e-08  3.30000001e+00  3.46500000e-08  3.30000001e+00  3.46500000e-08  3.29872735e+00  3.46500000e-08  3.29900633e+00  3.46500000e-08  0.00000000e+00  3.46500000e-08  0.00000000e+00 
 3.46700000e-08  3.30000001e+00  3.46700000e-08  3.30000001e+00  3.46700000e-08  3.29873558e+00  3.46700000e-08  3.29901283e+00  3.46700000e-08  0.00000000e+00  3.46700000e-08  0.00000000e+00 
 3.46900000e-08  3.30000001e+00  3.46900000e-08  3.30000001e+00  3.46900000e-08  3.29874371e+00  3.46900000e-08  3.29901926e+00  3.46900000e-08  0.00000000e+00  3.46900000e-08  0.00000000e+00 
 3.47100000e-08  3.30000001e+00  3.47100000e-08  3.30000001e+00  3.47100000e-08  3.29875175e+00  3.47100000e-08  3.29902561e+00  3.47100000e-08  0.00000000e+00  3.47100000e-08  0.00000000e+00 
 3.47300000e-08  3.30000001e+00  3.47300000e-08  3.30000001e+00  3.47300000e-08  3.29875969e+00  3.47300000e-08  3.29903189e+00  3.47300000e-08  0.00000000e+00  3.47300000e-08  0.00000000e+00 
 3.47500000e-08  3.30000001e+00  3.47500000e-08  3.30000001e+00  3.47500000e-08  3.29876754e+00  3.47500000e-08  3.29903808e+00  3.47500000e-08  0.00000000e+00  3.47500000e-08  0.00000000e+00 
 3.47700000e-08  3.30000001e+00  3.47700000e-08  3.30000001e+00  3.47700000e-08  3.29877530e+00  3.47700000e-08  3.29904421e+00  3.47700000e-08  0.00000000e+00  3.47700000e-08  0.00000000e+00 
 3.47900000e-08  3.30000001e+00  3.47900000e-08  3.30000001e+00  3.47900000e-08  3.29878297e+00  3.47900000e-08  3.29905027e+00  3.47900000e-08  0.00000000e+00  3.47900000e-08  0.00000000e+00 
 3.48100000e-08  3.30000001e+00  3.48100000e-08  3.30000001e+00  3.48100000e-08  3.29879054e+00  3.48100000e-08  3.29905625e+00  3.48100000e-08  0.00000000e+00  3.48100000e-08  0.00000000e+00 
 3.48300000e-08  3.30000001e+00  3.48300000e-08  3.30000001e+00  3.48300000e-08  3.29879803e+00  3.48300000e-08  3.29906217e+00  3.48300000e-08  0.00000000e+00  3.48300000e-08  0.00000000e+00 
 3.48500000e-08  3.30000001e+00  3.48500000e-08  3.30000001e+00  3.48500000e-08  3.29880543e+00  3.48500000e-08  3.29906802e+00  3.48500000e-08  0.00000000e+00  3.48500000e-08  0.00000000e+00 
 3.48700000e-08  3.30000001e+00  3.48700000e-08  3.30000001e+00  3.48700000e-08  3.29881276e+00  3.48700000e-08  3.29907379e+00  3.48700000e-08  0.00000000e+00  3.48700000e-08  0.00000000e+00 
 3.48900000e-08  3.30000001e+00  3.48900000e-08  3.30000001e+00  3.48900000e-08  3.29881999e+00  3.48900000e-08  3.29907951e+00  3.48900000e-08  0.00000000e+00  3.48900000e-08  0.00000000e+00 
 3.49100000e-08  3.30000001e+00  3.49100000e-08  3.30000001e+00  3.49100000e-08  3.29882715e+00  3.49100000e-08  3.29908515e+00  3.49100000e-08  0.00000000e+00  3.49100000e-08  0.00000000e+00 
 3.49300000e-08  3.30000001e+00  3.49300000e-08  3.30000001e+00  3.49300000e-08  3.29883422e+00  3.49300000e-08  3.29909074e+00  3.49300000e-08  0.00000000e+00  3.49300000e-08  0.00000000e+00 
 3.49500000e-08  3.30000001e+00  3.49500000e-08  3.30000001e+00  3.49500000e-08  3.29884122e+00  3.49500000e-08  3.29909626e+00  3.49500000e-08  0.00000000e+00  3.49500000e-08  0.00000000e+00 
 3.49700000e-08  3.30000001e+00  3.49700000e-08  3.30000001e+00  3.49700000e-08  3.29884814e+00  3.49700000e-08  3.29910172e+00  3.49700000e-08  0.00000000e+00  3.49700000e-08  0.00000000e+00 
 3.49900000e-08  3.30000001e+00  3.49900000e-08  3.30000001e+00  3.49900000e-08  3.29885498e+00  3.49900000e-08  3.29910712e+00  3.49900000e-08  0.00000000e+00  3.49900000e-08  0.00000000e+00 
 3.50100000e-08  3.30000001e+00  3.50100000e-08  3.30000001e+00  3.50100000e-08  3.29886174e+00  3.50100000e-08  3.29911246e+00  3.50100000e-08  0.00000000e+00  3.50100000e-08  0.00000000e+00 
 3.50300000e-08  3.30000001e+00  3.50300000e-08  3.30000001e+00  3.50300000e-08  3.29886844e+00  3.50300000e-08  3.29911774e+00  3.50300000e-08  0.00000000e+00  3.50300000e-08  0.00000000e+00 
 3.50500000e-08  3.30000001e+00  3.50500000e-08  3.30000001e+00  3.50500000e-08  3.29887506e+00  3.50500000e-08  3.29912296e+00  3.50500000e-08  0.00000000e+00  3.50500000e-08  0.00000000e+00 
 3.50700000e-08  3.30000001e+00  3.50700000e-08  3.30000001e+00  3.50700000e-08  3.29888161e+00  3.50700000e-08  3.29912813e+00  3.50700000e-08  0.00000000e+00  3.50700000e-08  0.00000000e+00 
 3.50900000e-08  3.30000001e+00  3.50900000e-08  3.30000001e+00  3.50900000e-08  3.29888808e+00  3.50900000e-08  3.29913324e+00  3.50900000e-08  0.00000000e+00  3.50900000e-08  0.00000000e+00 
 3.51100000e-08  3.30000001e+00  3.51100000e-08  3.30000001e+00  3.51100000e-08  3.29889449e+00  3.51100000e-08  3.29913829e+00  3.51100000e-08  0.00000000e+00  3.51100000e-08  0.00000000e+00 
 3.51300000e-08  3.30000001e+00  3.51300000e-08  3.30000001e+00  3.51300000e-08  3.29890083e+00  3.51300000e-08  3.29914329e+00  3.51300000e-08  0.00000000e+00  3.51300000e-08  0.00000000e+00 
 3.51500000e-08  3.30000001e+00  3.51500000e-08  3.30000001e+00  3.51500000e-08  3.29890710e+00  3.51500000e-08  3.29914823e+00  3.51500000e-08  0.00000000e+00  3.51500000e-08  0.00000000e+00 
 3.51700000e-08  3.30000001e+00  3.51700000e-08  3.30000001e+00  3.51700000e-08  3.29891330e+00  3.51700000e-08  3.29915313e+00  3.51700000e-08  0.00000000e+00  3.51700000e-08  0.00000000e+00 
 3.51900000e-08  3.30000001e+00  3.51900000e-08  3.30000001e+00  3.51900000e-08  3.29891945e+00  3.51900000e-08  3.29915797e+00  3.51900000e-08  0.00000000e+00  3.51900000e-08  0.00000000e+00 
 3.52100000e-08  3.30000001e+00  3.52100000e-08  3.30000001e+00  3.52100000e-08  3.29892552e+00  3.52100000e-08  3.29916276e+00  3.52100000e-08  0.00000000e+00  3.52100000e-08  0.00000000e+00 
 3.52300000e-08  3.30000000e+00  3.52300000e-08  3.30000001e+00  3.52300000e-08  3.29893153e+00  3.52300000e-08  3.29916749e+00  3.52300000e-08  0.00000000e+00  3.52300000e-08  0.00000000e+00 
 3.52500000e-08  3.30000001e+00  3.52500000e-08  3.30000001e+00  3.52500000e-08  3.29893748e+00  3.52500000e-08  3.29917219e+00  3.52500000e-08  0.00000000e+00  3.52500000e-08  0.00000000e+00 
 3.52700000e-08  3.30000000e+00  3.52700000e-08  3.30000001e+00  3.52700000e-08  3.29894337e+00  3.52700000e-08  3.29917682e+00  3.52700000e-08  0.00000000e+00  3.52700000e-08  0.00000000e+00 
 3.52900000e-08  3.30000000e+00  3.52900000e-08  3.30000000e+00  3.52900000e-08  3.29894919e+00  3.52900000e-08  3.29918142e+00  3.52900000e-08  0.00000000e+00  3.52900000e-08  0.00000000e+00 
 3.53100000e-08  3.30000000e+00  3.53100000e-08  3.30000000e+00  3.53100000e-08  3.29895496e+00  3.53100000e-08  3.29918596e+00  3.53100000e-08  0.00000000e+00  3.53100000e-08  0.00000000e+00 
 3.53300000e-08  3.30000000e+00  3.53300000e-08  3.30000000e+00  3.53300000e-08  3.29896067e+00  3.53300000e-08  3.29919046e+00  3.53300000e-08  0.00000000e+00  3.53300000e-08  0.00000000e+00 
 3.53500000e-08  3.30000000e+00  3.53500000e-08  3.30000000e+00  3.53500000e-08  3.29896632e+00  3.53500000e-08  3.29919491e+00  3.53500000e-08  0.00000000e+00  3.53500000e-08  0.00000000e+00 
 3.53700000e-08  3.30000000e+00  3.53700000e-08  3.30000000e+00  3.53700000e-08  3.29897191e+00  3.53700000e-08  3.29919932e+00  3.53700000e-08  0.00000000e+00  3.53700000e-08  0.00000000e+00 
 3.53900000e-08  3.30000000e+00  3.53900000e-08  3.30000000e+00  3.53900000e-08  3.29897745e+00  3.53900000e-08  3.29920368e+00  3.53900000e-08  0.00000000e+00  3.53900000e-08  0.00000000e+00 
 3.54100000e-08  3.30000000e+00  3.54100000e-08  3.30000000e+00  3.54100000e-08  3.29898293e+00  3.54100000e-08  3.29920800e+00  3.54100000e-08  0.00000000e+00  3.54100000e-08  0.00000000e+00 
 3.54300000e-08  3.30000000e+00  3.54300000e-08  3.30000000e+00  3.54300000e-08  3.29898836e+00  3.54300000e-08  3.29921227e+00  3.54300000e-08  0.00000000e+00  3.54300000e-08  0.00000000e+00 
 3.54500000e-08  3.30000000e+00  3.54500000e-08  3.30000000e+00  3.54500000e-08  3.29899373e+00  3.54500000e-08  3.29921651e+00  3.54500000e-08  0.00000000e+00  3.54500000e-08  0.00000000e+00 
 3.54700000e-08  3.30000000e+00  3.54700000e-08  3.30000000e+00  3.54700000e-08  3.29899905e+00  3.54700000e-08  3.29922070e+00  3.54700000e-08  0.00000000e+00  3.54700000e-08  0.00000000e+00 
 3.54900000e-08  3.30000000e+00  3.54900000e-08  3.30000000e+00  3.54900000e-08  3.29900432e+00  3.54900000e-08  3.29922485e+00  3.54900000e-08  0.00000000e+00  3.54900000e-08  0.00000000e+00 
 3.55100000e-08  3.30000000e+00  3.55100000e-08  3.30000000e+00  3.55100000e-08  3.29900954e+00  3.55100000e-08  3.29922895e+00  3.55100000e-08  0.00000000e+00  3.55100000e-08  0.00000000e+00 
 3.55300000e-08  3.30000000e+00  3.55300000e-08  3.30000000e+00  3.55300000e-08  3.29901470e+00  3.55300000e-08  3.29923302e+00  3.55300000e-08  0.00000000e+00  3.55300000e-08  0.00000000e+00 
 3.55500000e-08  3.30000000e+00  3.55500000e-08  3.30000000e+00  3.55500000e-08  3.29901982e+00  3.55500000e-08  3.29923705e+00  3.55500000e-08  0.00000000e+00  3.55500000e-08  0.00000000e+00 
 3.55700000e-08  3.30000000e+00  3.55700000e-08  3.30000000e+00  3.55700000e-08  3.29902488e+00  3.55700000e-08  3.29924104e+00  3.55700000e-08  0.00000000e+00  3.55700000e-08  0.00000000e+00 
 3.55900000e-08  3.30000000e+00  3.55900000e-08  3.30000000e+00  3.55900000e-08  3.29902990e+00  3.55900000e-08  3.29924498e+00  3.55900000e-08  0.00000000e+00  3.55900000e-08  0.00000000e+00 
 3.56100000e-08  3.30000000e+00  3.56100000e-08  3.30000000e+00  3.56100000e-08  3.29903487e+00  3.56100000e-08  3.29924890e+00  3.56100000e-08  0.00000000e+00  3.56100000e-08  0.00000000e+00 
 3.56300000e-08  3.30000000e+00  3.56300000e-08  3.30000000e+00  3.56300000e-08  3.29903979e+00  3.56300000e-08  3.29925277e+00  3.56300000e-08  0.00000000e+00  3.56300000e-08  0.00000000e+00 
 3.56500000e-08  3.30000000e+00  3.56500000e-08  3.30000000e+00  3.56500000e-08  3.29904466e+00  3.56500000e-08  3.29925661e+00  3.56500000e-08  0.00000000e+00  3.56500000e-08  0.00000000e+00 
 3.56700000e-08  3.30000000e+00  3.56700000e-08  3.30000000e+00  3.56700000e-08  3.29904949e+00  3.56700000e-08  3.29926040e+00  3.56700000e-08  0.00000000e+00  3.56700000e-08  0.00000000e+00 
 3.56900000e-08  3.30000000e+00  3.56900000e-08  3.30000000e+00  3.56900000e-08  3.29905427e+00  3.56900000e-08  3.29926417e+00  3.56900000e-08  0.00000000e+00  3.56900000e-08  0.00000000e+00 
 3.57100000e-08  3.30000000e+00  3.57100000e-08  3.30000000e+00  3.57100000e-08  3.29905901e+00  3.57100000e-08  3.29926789e+00  3.57100000e-08  0.00000000e+00  3.57100000e-08  0.00000000e+00 
 3.57300000e-08  3.30000000e+00  3.57300000e-08  3.30000000e+00  3.57300000e-08  3.29906370e+00  3.57300000e-08  3.29927159e+00  3.57300000e-08  0.00000000e+00  3.57300000e-08  0.00000000e+00 
 3.57500000e-08  3.30000000e+00  3.57500000e-08  3.30000000e+00  3.57500000e-08  3.29906836e+00  3.57500000e-08  3.29927525e+00  3.57500000e-08  0.00000000e+00  3.57500000e-08  0.00000000e+00 
 3.57700000e-08  3.30000000e+00  3.57700000e-08  3.30000000e+00  3.57700000e-08  3.29907296e+00  3.57700000e-08  3.29927887e+00  3.57700000e-08  0.00000000e+00  3.57700000e-08  0.00000000e+00 
 3.57900000e-08  3.30000000e+00  3.57900000e-08  3.30000000e+00  3.57900000e-08  3.29907753e+00  3.57900000e-08  3.29928246e+00  3.57900000e-08  0.00000000e+00  3.57900000e-08  0.00000000e+00 
 3.58100000e-08  3.30000000e+00  3.58100000e-08  3.30000000e+00  3.58100000e-08  3.29908205e+00  3.58100000e-08  3.29928602e+00  3.58100000e-08  0.00000000e+00  3.58100000e-08  0.00000000e+00 
 3.58300000e-08  3.30000000e+00  3.58300000e-08  3.30000000e+00  3.58300000e-08  3.29908653e+00  3.58300000e-08  3.29928954e+00  3.58300000e-08  0.00000000e+00  3.58300000e-08  0.00000000e+00 
 3.58500000e-08  3.30000000e+00  3.58500000e-08  3.30000000e+00  3.58500000e-08  3.29909097e+00  3.58500000e-08  3.29929304e+00  3.58500000e-08  0.00000000e+00  3.58500000e-08  0.00000000e+00 
 3.58700000e-08  3.30000000e+00  3.58700000e-08  3.30000000e+00  3.58700000e-08  3.29909537e+00  3.58700000e-08  3.29929649e+00  3.58700000e-08  0.00000000e+00  3.58700000e-08  0.00000000e+00 
 3.58900000e-08  3.30000000e+00  3.58900000e-08  3.30000000e+00  3.58900000e-08  3.29909973e+00  3.58900000e-08  3.29929992e+00  3.58900000e-08  0.00000000e+00  3.58900000e-08  0.00000000e+00 
 3.59100000e-08  3.30000000e+00  3.59100000e-08  3.30000000e+00  3.59100000e-08  3.29910405e+00  3.59100000e-08  3.29930332e+00  3.59100000e-08  0.00000000e+00  3.59100000e-08  0.00000000e+00 
 3.59300000e-08  3.30000000e+00  3.59300000e-08  3.30000000e+00  3.59300000e-08  3.29910833e+00  3.59300000e-08  3.29930669e+00  3.59300000e-08  0.00000000e+00  3.59300000e-08  0.00000000e+00 
 3.59500000e-08  3.30000000e+00  3.59500000e-08  3.30000000e+00  3.59500000e-08  3.29911258e+00  3.59500000e-08  3.29931002e+00  3.59500000e-08  0.00000000e+00  3.59500000e-08  0.00000000e+00 
 3.59700000e-08  3.30000000e+00  3.59700000e-08  3.30000000e+00  3.59700000e-08  3.29911678e+00  3.59700000e-08  3.29931333e+00  3.59700000e-08  0.00000000e+00  3.59700000e-08  0.00000000e+00 
 3.59900000e-08  3.30000000e+00  3.59900000e-08  3.30000000e+00  3.59900000e-08  3.29912096e+00  3.59900000e-08  3.29931661e+00  3.59900000e-08  0.00000000e+00  3.59900000e-08  0.00000000e+00 
 3.60100000e-08  3.30000000e+00  3.60100000e-08  3.30000000e+00  3.60100000e-08  3.29912508e+00  3.60100000e-08  3.29931986e+00  3.60100000e-08  0.00000000e+00  3.60100000e-08  0.00000000e+00 
 3.60300000e-08  3.30000000e+00  3.60300000e-08  3.30000000e+00  3.60300000e-08  3.29912918e+00  3.60300000e-08  3.29932307e+00  3.60300000e-08  0.00000000e+00  3.60300000e-08  0.00000000e+00 
 3.60500000e-08  3.30000000e+00  3.60500000e-08  3.30000000e+00  3.60500000e-08  3.29913324e+00  3.60500000e-08  3.29932627e+00  3.60500000e-08  0.00000000e+00  3.60500000e-08  0.00000000e+00 
 3.60700000e-08  3.30000000e+00  3.60700000e-08  3.30000000e+00  3.60700000e-08  3.29913727e+00  3.60700000e-08  3.29932943e+00  3.60700000e-08  0.00000000e+00  3.60700000e-08  0.00000000e+00 
 3.60900000e-08  3.30000000e+00  3.60900000e-08  3.30000000e+00  3.60900000e-08  3.29914126e+00  3.60900000e-08  3.29933256e+00  3.60900000e-08  0.00000000e+00  3.60900000e-08  0.00000000e+00 
 3.61100000e-08  3.30000000e+00  3.61100000e-08  3.30000000e+00  3.61100000e-08  3.29914521e+00  3.61100000e-08  3.29933567e+00  3.61100000e-08  0.00000000e+00  3.61100000e-08  0.00000000e+00 
 3.61300000e-08  3.30000000e+00  3.61300000e-08  3.30000000e+00  3.61300000e-08  3.29914913e+00  3.61300000e-08  3.29933875e+00  3.61300000e-08  0.00000000e+00  3.61300000e-08  0.00000000e+00 
 3.61500000e-08  3.30000000e+00  3.61500000e-08  3.30000000e+00  3.61500000e-08  3.29915302e+00  3.61500000e-08  3.29934180e+00  3.61500000e-08  0.00000000e+00  3.61500000e-08  0.00000000e+00 
 3.61700000e-08  3.30000000e+00  3.61700000e-08  3.30000000e+00  3.61700000e-08  3.29915687e+00  3.61700000e-08  3.29934483e+00  3.61700000e-08  0.00000000e+00  3.61700000e-08  0.00000000e+00 
 3.61900000e-08  3.30000000e+00  3.61900000e-08  3.30000000e+00  3.61900000e-08  3.29916070e+00  3.61900000e-08  3.29934783e+00  3.61900000e-08  0.00000000e+00  3.61900000e-08  0.00000000e+00 
 3.62100000e-08  3.30000000e+00  3.62100000e-08  3.30000000e+00  3.62100000e-08  3.29916448e+00  3.62100000e-08  3.29935081e+00  3.62100000e-08  0.00000000e+00  3.62100000e-08  0.00000000e+00 
 3.62300000e-08  3.30000000e+00  3.62300000e-08  3.30000000e+00  3.62300000e-08  3.29916824e+00  3.62300000e-08  3.29935376e+00  3.62300000e-08  0.00000000e+00  3.62300000e-08  0.00000000e+00 
 3.62500000e-08  3.30000000e+00  3.62500000e-08  3.30000000e+00  3.62500000e-08  3.29917197e+00  3.62500000e-08  3.29935669e+00  3.62500000e-08  0.00000000e+00  3.62500000e-08  0.00000000e+00 
 3.62700000e-08  3.30000000e+00  3.62700000e-08  3.30000000e+00  3.62700000e-08  3.29917566e+00  3.62700000e-08  3.29935958e+00  3.62700000e-08  0.00000000e+00  3.62700000e-08  0.00000000e+00 
 3.62900000e-08  3.30000000e+00  3.62900000e-08  3.30000000e+00  3.62900000e-08  3.29917932e+00  3.62900000e-08  3.29936246e+00  3.62900000e-08  0.00000000e+00  3.62900000e-08  0.00000000e+00 
 3.63100000e-08  3.30000000e+00  3.63100000e-08  3.30000000e+00  3.63100000e-08  3.29918296e+00  3.63100000e-08  3.29936531e+00  3.63100000e-08  0.00000000e+00  3.63100000e-08  0.00000000e+00 
 3.63300000e-08  3.30000000e+00  3.63300000e-08  3.30000000e+00  3.63300000e-08  3.29918656e+00  3.63300000e-08  3.29936815e+00  3.63300000e-08  0.00000000e+00  3.63300000e-08  0.00000000e+00 
 3.63500000e-08  3.30000000e+00  3.63500000e-08  3.30000000e+00  3.63500000e-08  3.29919014e+00  3.63500000e-08  3.29937095e+00  3.63500000e-08  0.00000000e+00  3.63500000e-08  0.00000000e+00 
 3.63700000e-08  3.30000000e+00  3.63700000e-08  3.30000000e+00  3.63700000e-08  3.29919368e+00  3.63700000e-08  3.29937373e+00  3.63700000e-08  0.00000000e+00  3.63700000e-08  0.00000000e+00 
 3.63900000e-08  3.30000000e+00  3.63900000e-08  3.30000000e+00  3.63900000e-08  3.29919719e+00  3.63900000e-08  3.29937649e+00  3.63900000e-08  0.00000000e+00  3.63900000e-08  0.00000000e+00 
 3.64100000e-08  3.30000000e+00  3.64100000e-08  3.30000000e+00  3.64100000e-08  3.29920068e+00  3.64100000e-08  3.29937923e+00  3.64100000e-08  0.00000000e+00  3.64100000e-08  0.00000000e+00 
 3.64300000e-08  3.30000000e+00  3.64300000e-08  3.30000000e+00  3.64300000e-08  3.29920414e+00  3.64300000e-08  3.29938194e+00  3.64300000e-08  0.00000000e+00  3.64300000e-08  0.00000000e+00 
 3.64500000e-08  3.30000000e+00  3.64500000e-08  3.30000000e+00  3.64500000e-08  3.29920756e+00  3.64500000e-08  3.29938463e+00  3.64500000e-08  0.00000000e+00  3.64500000e-08  0.00000000e+00 
 3.64700000e-08  3.30000000e+00  3.64700000e-08  3.30000000e+00  3.64700000e-08  3.29921097e+00  3.64700000e-08  3.29938730e+00  3.64700000e-08  0.00000000e+00  3.64700000e-08  0.00000000e+00 
 3.64900000e-08  3.30000000e+00  3.64900000e-08  3.30000000e+00  3.64900000e-08  3.29921434e+00  3.64900000e-08  3.29938995e+00  3.64900000e-08  0.00000000e+00  3.64900000e-08  0.00000000e+00 
 3.65100000e-08  3.30000000e+00  3.65100000e-08  3.30000000e+00  3.65100000e-08  3.29921769e+00  3.65100000e-08  3.29939257e+00  3.65100000e-08  0.00000000e+00  3.65100000e-08  0.00000000e+00 
 3.65300000e-08  3.30000000e+00  3.65300000e-08  3.30000000e+00  3.65300000e-08  3.29922101e+00  3.65300000e-08  3.29939518e+00  3.65300000e-08  0.00000000e+00  3.65300000e-08  0.00000000e+00 
 3.65500000e-08  3.30000000e+00  3.65500000e-08  3.30000000e+00  3.65500000e-08  3.29922430e+00  3.65500000e-08  3.29939776e+00  3.65500000e-08  0.00000000e+00  3.65500000e-08  0.00000000e+00 
 3.65700000e-08  3.30000000e+00  3.65700000e-08  3.30000000e+00  3.65700000e-08  3.29922757e+00  3.65700000e-08  3.29940033e+00  3.65700000e-08  0.00000000e+00  3.65700000e-08  0.00000000e+00 
 3.65900000e-08  3.30000000e+00  3.65900000e-08  3.30000000e+00  3.65900000e-08  3.29923081e+00  3.65900000e-08  3.29940287e+00  3.65900000e-08  0.00000000e+00  3.65900000e-08  0.00000000e+00 
 3.66100000e-08  3.30000000e+00  3.66100000e-08  3.30000000e+00  3.66100000e-08  3.29923403e+00  3.66100000e-08  3.29940540e+00  3.66100000e-08  0.00000000e+00  3.66100000e-08  0.00000000e+00 
 3.66300000e-08  3.30000000e+00  3.66300000e-08  3.30000000e+00  3.66300000e-08  3.29923722e+00  3.66300000e-08  3.29940789e+00  3.66300000e-08  0.00000000e+00  3.66300000e-08  0.00000000e+00 
 3.66500000e-08  3.30000000e+00  3.66500000e-08  3.30000000e+00  3.66500000e-08  3.29924039e+00  3.66500000e-08  3.29941038e+00  3.66500000e-08  0.00000000e+00  3.66500000e-08  0.00000000e+00 
 3.66700000e-08  3.30000000e+00  3.66700000e-08  3.30000000e+00  3.66700000e-08  3.29924353e+00  3.66700000e-08  3.29941284e+00  3.66700000e-08  0.00000000e+00  3.66700000e-08  0.00000000e+00 
 3.66900000e-08  3.30000000e+00  3.66900000e-08  3.30000000e+00  3.66900000e-08  3.29924664e+00  3.66900000e-08  3.29941529e+00  3.66900000e-08  0.00000000e+00  3.66900000e-08  0.00000000e+00 
 3.67100000e-08  3.30000000e+00  3.67100000e-08  3.30000000e+00  3.67100000e-08  3.29924974e+00  3.67100000e-08  3.29941771e+00  3.67100000e-08  0.00000000e+00  3.67100000e-08  0.00000000e+00 
 3.67300000e-08  3.30000000e+00  3.67300000e-08  3.30000000e+00  3.67300000e-08  3.29925281e+00  3.67300000e-08  3.29942012e+00  3.67300000e-08  0.00000000e+00  3.67300000e-08  0.00000000e+00 
 3.67500000e-08  3.30000000e+00  3.67500000e-08  3.30000000e+00  3.67500000e-08  3.29925586e+00  3.67500000e-08  3.29942251e+00  3.67500000e-08  0.00000000e+00  3.67500000e-08  0.00000000e+00 
 3.67700000e-08  3.30000000e+00  3.67700000e-08  3.30000000e+00  3.67700000e-08  3.29925888e+00  3.67700000e-08  3.29942488e+00  3.67700000e-08  0.00000000e+00  3.67700000e-08  0.00000000e+00 
 3.67900000e-08  3.30000000e+00  3.67900000e-08  3.30000000e+00  3.67900000e-08  3.29926188e+00  3.67900000e-08  3.29942723e+00  3.67900000e-08  0.00000000e+00  3.67900000e-08  0.00000000e+00 
 3.68100000e-08  3.30000000e+00  3.68100000e-08  3.30000000e+00  3.68100000e-08  3.29926485e+00  3.68100000e-08  3.29942957e+00  3.68100000e-08  0.00000000e+00  3.68100000e-08  0.00000000e+00 
 3.68300000e-08  3.30000000e+00  3.68300000e-08  3.30000000e+00  3.68300000e-08  3.29926781e+00  3.68300000e-08  3.29943188e+00  3.68300000e-08  0.00000000e+00  3.68300000e-08  0.00000000e+00 
 3.68500000e-08  3.30000000e+00  3.68500000e-08  3.30000000e+00  3.68500000e-08  3.29927074e+00  3.68500000e-08  3.29943418e+00  3.68500000e-08  0.00000000e+00  3.68500000e-08  0.00000000e+00 
 3.68700000e-08  3.30000000e+00  3.68700000e-08  3.30000000e+00  3.68700000e-08  3.29927365e+00  3.68700000e-08  3.29943646e+00  3.68700000e-08  0.00000000e+00  3.68700000e-08  0.00000000e+00 
 3.68900000e-08  3.30000000e+00  3.68900000e-08  3.30000000e+00  3.68900000e-08  3.29927654e+00  3.68900000e-08  3.29943872e+00  3.68900000e-08  0.00000000e+00  3.68900000e-08  0.00000000e+00 
 3.69100000e-08  3.30000000e+00  3.69100000e-08  3.30000000e+00  3.69100000e-08  3.29927941e+00  3.69100000e-08  3.29944097e+00  3.69100000e-08  0.00000000e+00  3.69100000e-08  0.00000000e+00 
 3.69300000e-08  3.30000000e+00  3.69300000e-08  3.30000000e+00  3.69300000e-08  3.29928225e+00  3.69300000e-08  3.29944320e+00  3.69300000e-08  0.00000000e+00  3.69300000e-08  0.00000000e+00 
 3.69500000e-08  3.30000000e+00  3.69500000e-08  3.30000000e+00  3.69500000e-08  3.29928507e+00  3.69500000e-08  3.29944541e+00  3.69500000e-08  0.00000000e+00  3.69500000e-08  0.00000000e+00 
 3.69700000e-08  3.30000000e+00  3.69700000e-08  3.30000000e+00  3.69700000e-08  3.29928787e+00  3.69700000e-08  3.29944761e+00  3.69700000e-08  0.00000000e+00  3.69700000e-08  0.00000000e+00 
 3.69900000e-08  3.30000000e+00  3.69900000e-08  3.30000000e+00  3.69900000e-08  3.29929066e+00  3.69900000e-08  3.29944978e+00  3.69900000e-08  0.00000000e+00  3.69900000e-08  0.00000000e+00 
 3.70100000e-08  3.30000000e+00  3.70100000e-08  3.30000000e+00  3.70100000e-08  3.29929342e+00  3.70100000e-08  3.29945195e+00  3.70100000e-08  0.00000000e+00  3.70100000e-08  0.00000000e+00 
 3.70300000e-08  3.30000000e+00  3.70300000e-08  3.30000000e+00  3.70300000e-08  3.29929616e+00  3.70300000e-08  3.29945410e+00  3.70300000e-08  0.00000000e+00  3.70300000e-08  0.00000000e+00 
 3.70500000e-08  3.30000000e+00  3.70500000e-08  3.30000000e+00  3.70500000e-08  3.29929888e+00  3.70500000e-08  3.29945623e+00  3.70500000e-08  0.00000000e+00  3.70500000e-08  0.00000000e+00 
 3.70700000e-08  3.30000000e+00  3.70700000e-08  3.30000000e+00  3.70700000e-08  3.29930159e+00  3.70700000e-08  3.29945834e+00  3.70700000e-08  0.00000000e+00  3.70700000e-08  0.00000000e+00 
 3.70900000e-08  3.30000000e+00  3.70900000e-08  3.30000000e+00  3.70900000e-08  3.29930427e+00  3.70900000e-08  3.29946045e+00  3.70900000e-08  0.00000000e+00  3.70900000e-08  0.00000000e+00 
 3.71100000e-08  3.30000000e+00  3.71100000e-08  3.30000000e+00  3.71100000e-08  3.29930693e+00  3.71100000e-08  3.29946253e+00  3.71100000e-08  0.00000000e+00  3.71100000e-08  0.00000000e+00 
 3.71300000e-08  3.30000000e+00  3.71300000e-08  3.30000000e+00  3.71300000e-08  3.29930957e+00  3.71300000e-08  3.29946460e+00  3.71300000e-08  0.00000000e+00  3.71300000e-08  0.00000000e+00 
 3.71500000e-08  3.30000000e+00  3.71500000e-08  3.30000000e+00  3.71500000e-08  3.29931220e+00  3.71500000e-08  3.29946666e+00  3.71500000e-08  0.00000000e+00  3.71500000e-08  0.00000000e+00 
 3.71700000e-08  3.30000000e+00  3.71700000e-08  3.30000000e+00  3.71700000e-08  3.29931480e+00  3.71700000e-08  3.29946870e+00  3.71700000e-08  0.00000000e+00  3.71700000e-08  0.00000000e+00 
 3.71900000e-08  3.30000000e+00  3.71900000e-08  3.30000000e+00  3.71900000e-08  3.29931739e+00  3.71900000e-08  3.29947072e+00  3.71900000e-08  0.00000000e+00  3.71900000e-08  0.00000000e+00 
 3.72100000e-08  3.30000000e+00  3.72100000e-08  3.30000000e+00  3.72100000e-08  3.29931996e+00  3.72100000e-08  3.29947274e+00  3.72100000e-08  0.00000000e+00  3.72100000e-08  0.00000000e+00 
 3.72300000e-08  3.30000000e+00  3.72300000e-08  3.30000000e+00  3.72300000e-08  3.29932251e+00  3.72300000e-08  3.29947473e+00  3.72300000e-08  0.00000000e+00  3.72300000e-08  0.00000000e+00 
 3.72500000e-08  3.30000000e+00  3.72500000e-08  3.30000000e+00  3.72500000e-08  3.29932504e+00  3.72500000e-08  3.29947672e+00  3.72500000e-08  0.00000000e+00  3.72500000e-08  0.00000000e+00 
 3.72700000e-08  3.30000000e+00  3.72700000e-08  3.30000000e+00  3.72700000e-08  3.29932756e+00  3.72700000e-08  3.29947868e+00  3.72700000e-08  0.00000000e+00  3.72700000e-08  0.00000000e+00 
 3.72900000e-08  3.30000000e+00  3.72900000e-08  3.30000000e+00  3.72900000e-08  3.29933005e+00  3.72900000e-08  3.29948064e+00  3.72900000e-08  0.00000000e+00  3.72900000e-08  0.00000000e+00 
 3.73100000e-08  3.30000000e+00  3.73100000e-08  3.30000000e+00  3.73100000e-08  3.29933254e+00  3.73100000e-08  3.29948258e+00  3.73100000e-08  0.00000000e+00  3.73100000e-08  0.00000000e+00 
 3.73300000e-08  3.30000000e+00  3.73300000e-08  3.30000000e+00  3.73300000e-08  3.29933500e+00  3.73300000e-08  3.29948451e+00  3.73300000e-08  0.00000000e+00  3.73300000e-08  0.00000000e+00 
 3.73500000e-08  3.30000000e+00  3.73500000e-08  3.30000000e+00  3.73500000e-08  3.29933745e+00  3.73500000e-08  3.29948642e+00  3.73500000e-08  0.00000000e+00  3.73500000e-08  0.00000000e+00 
 3.73700000e-08  3.30000000e+00  3.73700000e-08  3.30000000e+00  3.73700000e-08  3.29933987e+00  3.73700000e-08  3.29948833e+00  3.73700000e-08  0.00000000e+00  3.73700000e-08  0.00000000e+00 
 3.73900000e-08  3.30000000e+00  3.73900000e-08  3.30000000e+00  3.73900000e-08  3.29934229e+00  3.73900000e-08  3.29949021e+00  3.73900000e-08  0.00000000e+00  3.73900000e-08  0.00000000e+00 
 3.74100000e-08  3.30000000e+00  3.74100000e-08  3.30000000e+00  3.74100000e-08  3.29934468e+00  3.74100000e-08  3.29949209e+00  3.74100000e-08  0.00000000e+00  3.74100000e-08  0.00000000e+00 
 3.74300000e-08  3.30000000e+00  3.74300000e-08  3.30000000e+00  3.74300000e-08  3.29934706e+00  3.74300000e-08  3.29949395e+00  3.74300000e-08  0.00000000e+00  3.74300000e-08  0.00000000e+00 
 3.74500000e-08  3.30000000e+00  3.74500000e-08  3.30000000e+00  3.74500000e-08  3.29934942e+00  3.74500000e-08  3.29949580e+00  3.74500000e-08  0.00000000e+00  3.74500000e-08  0.00000000e+00 
 3.74700000e-08  3.30000000e+00  3.74700000e-08  3.30000000e+00  3.74700000e-08  3.29935177e+00  3.74700000e-08  3.29949763e+00  3.74700000e-08  0.00000000e+00  3.74700000e-08  0.00000000e+00 
 3.74900000e-08  3.30000000e+00  3.74900000e-08  3.30000000e+00  3.74900000e-08  3.29935410e+00  3.74900000e-08  3.29949946e+00  3.74900000e-08  0.00000000e+00  3.74900000e-08  0.00000000e+00 
 3.75100000e-08  3.30000000e+00  3.75100000e-08  3.30000000e+00  3.75100000e-08  3.29935641e+00  3.75100000e-08  3.29950126e+00  3.75100000e-08  0.00000000e+00  3.75100000e-08  0.00000000e+00 
 3.75300000e-08  3.30000000e+00  3.75300000e-08  3.30000000e+00  3.75300000e-08  3.29935871e+00  3.75300000e-08  3.29950307e+00  3.75300000e-08  0.00000000e+00  3.75300000e-08  0.00000000e+00 
 3.75500000e-08  3.30000000e+00  3.75500000e-08  3.30000000e+00  3.75500000e-08  3.29936100e+00  3.75500000e-08  3.29950485e+00  3.75500000e-08  0.00000000e+00  3.75500000e-08  0.00000000e+00 
 3.75700000e-08  3.30000000e+00  3.75700000e-08  3.30000000e+00  3.75700000e-08  3.29936326e+00  3.75700000e-08  3.29950663e+00  3.75700000e-08  0.00000000e+00  3.75700000e-08  0.00000000e+00 
 3.75900000e-08  3.30000000e+00  3.75900000e-08  3.30000000e+00  3.75900000e-08  3.29936552e+00  3.75900000e-08  3.29950839e+00  3.75900000e-08  0.00000000e+00  3.75900000e-08  0.00000000e+00 
 3.76100000e-08  3.30000000e+00  3.76100000e-08  3.30000000e+00  3.76100000e-08  3.29936775e+00  3.76100000e-08  3.29951014e+00  3.76100000e-08  0.00000000e+00  3.76100000e-08  0.00000000e+00 
 3.76300000e-08  3.30000000e+00  3.76300000e-08  3.30000000e+00  3.76300000e-08  3.29936998e+00  3.76300000e-08  3.29951187e+00  3.76300000e-08  0.00000000e+00  3.76300000e-08  0.00000000e+00 
 3.76500000e-08  3.30000000e+00  3.76500000e-08  3.30000000e+00  3.76500000e-08  3.29937218e+00  3.76500000e-08  3.29951361e+00  3.76500000e-08  0.00000000e+00  3.76500000e-08  0.00000000e+00 
 3.76700000e-08  3.30000000e+00  3.76700000e-08  3.30000000e+00  3.76700000e-08  3.29937438e+00  3.76700000e-08  3.29951532e+00  3.76700000e-08  0.00000000e+00  3.76700000e-08  0.00000000e+00 
 3.76900000e-08  3.30000000e+00  3.76900000e-08  3.30000000e+00  3.76900000e-08  3.29937656e+00  3.76900000e-08  3.29951702e+00  3.76900000e-08  0.00000000e+00  3.76900000e-08  0.00000000e+00 
 3.77100000e-08  3.30000000e+00  3.77100000e-08  3.30000000e+00  3.77100000e-08  3.29937872e+00  3.77100000e-08  3.29951871e+00  3.77100000e-08  0.00000000e+00  3.77100000e-08  0.00000000e+00 
 3.77300000e-08  3.30000000e+00  3.77300000e-08  3.30000000e+00  3.77300000e-08  3.29938087e+00  3.77300000e-08  3.29952040e+00  3.77300000e-08  0.00000000e+00  3.77300000e-08  0.00000000e+00 
 3.77500000e-08  3.30000000e+00  3.77500000e-08  3.30000000e+00  3.77500000e-08  3.29938301e+00  3.77500000e-08  3.29952207e+00  3.77500000e-08  0.00000000e+00  3.77500000e-08  0.00000000e+00 
 3.77700000e-08  3.30000000e+00  3.77700000e-08  3.30000000e+00  3.77700000e-08  3.29938513e+00  3.77700000e-08  3.29952373e+00  3.77700000e-08  0.00000000e+00  3.77700000e-08  0.00000000e+00 
 3.77900000e-08  3.30000000e+00  3.77900000e-08  3.30000000e+00  3.77900000e-08  3.29938724e+00  3.77900000e-08  3.29952537e+00  3.77900000e-08  0.00000000e+00  3.77900000e-08  0.00000000e+00 
 3.78100000e-08  3.30000000e+00  3.78100000e-08  3.30000000e+00  3.78100000e-08  3.29938934e+00  3.78100000e-08  3.29952702e+00  3.78100000e-08  0.00000000e+00  3.78100000e-08  0.00000000e+00 
 3.78300000e-08  3.30000000e+00  3.78300000e-08  3.30000000e+00  3.78300000e-08  3.29939142e+00  3.78300000e-08  3.29952864e+00  3.78300000e-08  0.00000000e+00  3.78300000e-08  0.00000000e+00 
 3.78500000e-08  3.30000000e+00  3.78500000e-08  3.30000000e+00  3.78500000e-08  3.29939349e+00  3.78500000e-08  3.29953026e+00  3.78500000e-08  0.00000000e+00  3.78500000e-08  0.00000000e+00 
 3.78700000e-08  3.30000000e+00  3.78700000e-08  3.30000000e+00  3.78700000e-08  3.29939554e+00  3.78700000e-08  3.29953186e+00  3.78700000e-08  0.00000000e+00  3.78700000e-08  0.00000000e+00 
 3.78900000e-08  3.30000000e+00  3.78900000e-08  3.30000000e+00  3.78900000e-08  3.29939758e+00  3.78900000e-08  3.29953346e+00  3.78900000e-08  0.00000000e+00  3.78900000e-08  0.00000000e+00 
 3.79100000e-08  3.30000000e+00  3.79100000e-08  3.30000000e+00  3.79100000e-08  3.29939962e+00  3.79100000e-08  3.29953505e+00  3.79100000e-08  0.00000000e+00  3.79100000e-08  0.00000000e+00 
 3.79300000e-08  3.30000000e+00  3.79300000e-08  3.30000000e+00  3.79300000e-08  3.29940163e+00  3.79300000e-08  3.29953662e+00  3.79300000e-08  0.00000000e+00  3.79300000e-08  0.00000000e+00 
 3.79500000e-08  3.30000000e+00  3.79500000e-08  3.30000000e+00  3.79500000e-08  3.29940363e+00  3.79500000e-08  3.29953819e+00  3.79500000e-08  0.00000000e+00  3.79500000e-08  0.00000000e+00 
 3.79700000e-08  3.30000000e+00  3.79700000e-08  3.30000000e+00  3.79700000e-08  3.29940562e+00  3.79700000e-08  3.29953975e+00  3.79700000e-08  0.00000000e+00  3.79700000e-08  0.00000000e+00 
 3.79900000e-08  3.30000000e+00  3.79900000e-08  3.30000000e+00  3.79900000e-08  3.29940760e+00  3.79900000e-08  3.29954129e+00  3.79900000e-08  0.00000000e+00  3.79900000e-08  0.00000000e+00 
 3.80100000e-08  3.30000000e+00  3.80100000e-08  3.30000000e+00  3.80100000e-08  3.29940956e+00  3.80100000e-08  3.29954283e+00  3.80100000e-08  0.00000000e+00  3.80100000e-08  0.00000000e+00 
 3.80300000e-08  3.30000000e+00  3.80300000e-08  3.30000000e+00  3.80300000e-08  3.29941152e+00  3.80300000e-08  3.29954435e+00  3.80300000e-08  0.00000000e+00  3.80300000e-08  0.00000000e+00 
 3.80500000e-08  3.30000000e+00  3.80500000e-08  3.30000000e+00  3.80500000e-08  3.29941346e+00  3.80500000e-08  3.29954587e+00  3.80500000e-08  0.00000000e+00  3.80500000e-08  0.00000000e+00 
 3.80700000e-08  3.30000000e+00  3.80700000e-08  3.30000000e+00  3.80700000e-08  3.29941539e+00  3.80700000e-08  3.29954737e+00  3.80700000e-08  0.00000000e+00  3.80700000e-08  0.00000000e+00 
 3.80900000e-08  3.30000000e+00  3.80900000e-08  3.30000000e+00  3.80900000e-08  3.29941731e+00  3.80900000e-08  3.29954887e+00  3.80900000e-08  0.00000000e+00  3.80900000e-08  0.00000000e+00 
 3.81100000e-08  3.30000000e+00  3.81100000e-08  3.30000000e+00  3.81100000e-08  3.29941921e+00  3.81100000e-08  3.29955036e+00  3.81100000e-08  0.00000000e+00  3.81100000e-08  0.00000000e+00 
 3.81300000e-08  3.30000000e+00  3.81300000e-08  3.30000000e+00  3.81300000e-08  3.29942110e+00  3.81300000e-08  3.29955184e+00  3.81300000e-08  0.00000000e+00  3.81300000e-08  0.00000000e+00 
 3.81500000e-08  3.30000000e+00  3.81500000e-08  3.30000000e+00  3.81500000e-08  3.29942299e+00  3.81500000e-08  3.29955331e+00  3.81500000e-08  0.00000000e+00  3.81500000e-08  0.00000000e+00 
 3.81700000e-08  3.30000000e+00  3.81700000e-08  3.30000000e+00  3.81700000e-08  3.29942486e+00  3.81700000e-08  3.29955477e+00  3.81700000e-08  0.00000000e+00  3.81700000e-08  0.00000000e+00 
 3.81900000e-08  3.30000000e+00  3.81900000e-08  3.30000000e+00  3.81900000e-08  3.29942672e+00  3.81900000e-08  3.29955622e+00  3.81900000e-08  0.00000000e+00  3.81900000e-08  0.00000000e+00 
 3.82100000e-08  3.30000000e+00  3.82100000e-08  3.30000000e+00  3.82100000e-08  3.29942856e+00  3.82100000e-08  3.29955767e+00  3.82100000e-08  0.00000000e+00  3.82100000e-08  0.00000000e+00 
 3.82300000e-08  3.30000000e+00  3.82300000e-08  3.30000000e+00  3.82300000e-08  3.29943040e+00  3.82300000e-08  3.29955910e+00  3.82300000e-08  0.00000000e+00  3.82300000e-08  0.00000000e+00 
 3.82500000e-08  3.30000000e+00  3.82500000e-08  3.30000000e+00  3.82500000e-08  3.29943222e+00  3.82500000e-08  3.29956053e+00  3.82500000e-08  0.00000000e+00  3.82500000e-08  0.00000000e+00 
 3.82700000e-08  3.30000000e+00  3.82700000e-08  3.30000000e+00  3.82700000e-08  3.29943404e+00  3.82700000e-08  3.29956194e+00  3.82700000e-08  0.00000000e+00  3.82700000e-08  0.00000000e+00 
 3.82900000e-08  3.30000000e+00  3.82900000e-08  3.30000000e+00  3.82900000e-08  3.29943584e+00  3.82900000e-08  3.29956335e+00  3.82900000e-08  0.00000000e+00  3.82900000e-08  0.00000000e+00 
 3.83100000e-08  3.30000000e+00  3.83100000e-08  3.30000000e+00  3.83100000e-08  3.29943763e+00  3.83100000e-08  3.29956475e+00  3.83100000e-08  0.00000000e+00  3.83100000e-08  0.00000000e+00 
 3.83300000e-08  3.30000000e+00  3.83300000e-08  3.30000000e+00  3.83300000e-08  3.29943941e+00  3.83300000e-08  3.29956614e+00  3.83300000e-08  0.00000000e+00  3.83300000e-08  0.00000000e+00 
 3.83500000e-08  3.30000000e+00  3.83500000e-08  3.30000000e+00  3.83500000e-08  3.29944119e+00  3.83500000e-08  3.29956752e+00  3.83500000e-08  0.00000000e+00  3.83500000e-08  0.00000000e+00 
 3.83700000e-08  3.30000000e+00  3.83700000e-08  3.30000000e+00  3.83700000e-08  3.29944294e+00  3.83700000e-08  3.29956890e+00  3.83700000e-08  0.00000000e+00  3.83700000e-08  0.00000000e+00 
 3.83900000e-08  3.30000000e+00  3.83900000e-08  3.30000000e+00  3.83900000e-08  3.29944470e+00  3.83900000e-08  3.29957026e+00  3.83900000e-08  0.00000000e+00  3.83900000e-08  0.00000000e+00 
 3.84100000e-08  3.30000000e+00  3.84100000e-08  3.30000000e+00  3.84100000e-08  3.29944643e+00  3.84100000e-08  3.29957162e+00  3.84100000e-08  0.00000000e+00  3.84100000e-08  0.00000000e+00 
 3.84300000e-08  3.30000000e+00  3.84300000e-08  3.30000000e+00  3.84300000e-08  3.29944816e+00  3.84300000e-08  3.29957297e+00  3.84300000e-08  0.00000000e+00  3.84300000e-08  0.00000000e+00 
 3.84500000e-08  3.30000000e+00  3.84500000e-08  3.30000000e+00  3.84500000e-08  3.29944988e+00  3.84500000e-08  3.29957431e+00  3.84500000e-08  0.00000000e+00  3.84500000e-08  0.00000000e+00 
 3.84700000e-08  3.30000000e+00  3.84700000e-08  3.30000000e+00  3.84700000e-08  3.29945159e+00  3.84700000e-08  3.29957564e+00  3.84700000e-08  0.00000000e+00  3.84700000e-08  0.00000000e+00 
 3.84900000e-08  3.30000000e+00  3.84900000e-08  3.30000000e+00  3.84900000e-08  3.29945329e+00  3.84900000e-08  3.29957697e+00  3.84900000e-08  0.00000000e+00  3.84900000e-08  0.00000000e+00 
 3.85100000e-08  3.30000000e+00  3.85100000e-08  3.30000000e+00  3.85100000e-08  3.29945498e+00  3.85100000e-08  3.29957828e+00  3.85100000e-08  0.00000000e+00  3.85100000e-08  0.00000000e+00 
 3.85300000e-08  3.30000000e+00  3.85300000e-08  3.30000000e+00  3.85300000e-08  3.29945665e+00  3.85300000e-08  3.29957960e+00  3.85300000e-08  0.00000000e+00  3.85300000e-08  0.00000000e+00 
 3.85500000e-08  3.30000000e+00  3.85500000e-08  3.30000000e+00  3.85500000e-08  3.29945832e+00  3.85500000e-08  3.29958090e+00  3.85500000e-08  0.00000000e+00  3.85500000e-08  0.00000000e+00 
 3.85700000e-08  3.30000000e+00  3.85700000e-08  3.30000000e+00  3.85700000e-08  3.29945998e+00  3.85700000e-08  3.29958219e+00  3.85700000e-08  0.00000000e+00  3.85700000e-08  0.00000000e+00 
 3.85900000e-08  3.30000000e+00  3.85900000e-08  3.30000000e+00  3.85900000e-08  3.29946163e+00  3.85900000e-08  3.29958348e+00  3.85900000e-08  0.00000000e+00  3.85900000e-08  0.00000000e+00 
 3.86100000e-08  3.30000000e+00  3.86100000e-08  3.30000000e+00  3.86100000e-08  3.29946327e+00  3.86100000e-08  3.29958476e+00  3.86100000e-08  0.00000000e+00  3.86100000e-08  0.00000000e+00 
 3.86300000e-08  3.30000000e+00  3.86300000e-08  3.30000000e+00  3.86300000e-08  3.29946490e+00  3.86300000e-08  3.29958603e+00  3.86300000e-08  0.00000000e+00  3.86300000e-08  0.00000000e+00 
 3.86500000e-08  3.30000000e+00  3.86500000e-08  3.30000000e+00  3.86500000e-08  3.29946652e+00  3.86500000e-08  3.29958730e+00  3.86500000e-08  0.00000000e+00  3.86500000e-08  0.00000000e+00 
 3.86700000e-08  3.30000000e+00  3.86700000e-08  3.30000000e+00  3.86700000e-08  3.29946814e+00  3.86700000e-08  3.29958855e+00  3.86700000e-08  0.00000000e+00  3.86700000e-08  0.00000000e+00 
 3.86900000e-08  3.30000000e+00  3.86900000e-08  3.30000000e+00  3.86900000e-08  3.29946974e+00  3.86900000e-08  3.29958981e+00  3.86900000e-08  0.00000000e+00  3.86900000e-08  0.00000000e+00 
 3.87100000e-08  3.30000000e+00  3.87100000e-08  3.30000000e+00  3.87100000e-08  3.29947133e+00  3.87100000e-08  3.29959104e+00  3.87100000e-08  0.00000000e+00  3.87100000e-08  0.00000000e+00 
 3.87300000e-08  3.30000000e+00  3.87300000e-08  3.30000000e+00  3.87300000e-08  3.29947291e+00  3.87300000e-08  3.29959228e+00  3.87300000e-08  0.00000000e+00  3.87300000e-08  0.00000000e+00 
 3.87500000e-08  3.30000000e+00  3.87500000e-08  3.30000000e+00  3.87500000e-08  3.29947449e+00  3.87500000e-08  3.29959351e+00  3.87500000e-08  0.00000000e+00  3.87500000e-08  0.00000000e+00 
 3.87700000e-08  3.30000000e+00  3.87700000e-08  3.30000000e+00  3.87700000e-08  3.29947606e+00  3.87700000e-08  3.29959473e+00  3.87700000e-08  0.00000000e+00  3.87700000e-08  0.00000000e+00 
 3.87900000e-08  3.30000000e+00  3.87900000e-08  3.30000000e+00  3.87900000e-08  3.29947762e+00  3.87900000e-08  3.29959595e+00  3.87900000e-08  0.00000000e+00  3.87900000e-08  0.00000000e+00 
 3.88100000e-08  3.30000000e+00  3.88100000e-08  3.30000000e+00  3.88100000e-08  3.29947916e+00  3.88100000e-08  3.29959716e+00  3.88100000e-08  0.00000000e+00  3.88100000e-08  0.00000000e+00 
 3.88300000e-08  3.30000000e+00  3.88300000e-08  3.30000000e+00  3.88300000e-08  3.29948071e+00  3.88300000e-08  3.29959836e+00  3.88300000e-08  0.00000000e+00  3.88300000e-08  0.00000000e+00 
 3.88500000e-08  3.30000000e+00  3.88500000e-08  3.30000000e+00  3.88500000e-08  3.29948223e+00  3.88500000e-08  3.29959955e+00  3.88500000e-08  0.00000000e+00  3.88500000e-08  0.00000000e+00 
 3.88700000e-08  3.30000000e+00  3.88700000e-08  3.30000000e+00  3.88700000e-08  3.29948376e+00  3.88700000e-08  3.29960074e+00  3.88700000e-08  0.00000000e+00  3.88700000e-08  0.00000000e+00 
 3.88900000e-08  3.30000000e+00  3.88900000e-08  3.30000000e+00  3.88900000e-08  3.29948527e+00  3.88900000e-08  3.29960192e+00  3.88900000e-08  0.00000000e+00  3.88900000e-08  0.00000000e+00 
 3.89100000e-08  3.30000000e+00  3.89100000e-08  3.30000000e+00  3.89100000e-08  3.29948678e+00  3.89100000e-08  3.29960309e+00  3.89100000e-08  0.00000000e+00  3.89100000e-08  0.00000000e+00 
 3.89300000e-08  3.30000000e+00  3.89300000e-08  3.30000000e+00  3.89300000e-08  3.29948827e+00  3.89300000e-08  3.29960426e+00  3.89300000e-08  0.00000000e+00  3.89300000e-08  0.00000000e+00 
 3.89500000e-08  3.30000000e+00  3.89500000e-08  3.30000000e+00  3.89500000e-08  3.29948977e+00  3.89500000e-08  3.29960542e+00  3.89500000e-08  0.00000000e+00  3.89500000e-08  0.00000000e+00 
 3.89700000e-08  3.30000000e+00  3.89700000e-08  3.30000000e+00  3.89700000e-08  3.29949124e+00  3.89700000e-08  3.29960658e+00  3.89700000e-08  0.00000000e+00  3.89700000e-08  0.00000000e+00 
 3.89900000e-08  3.30000000e+00  3.89900000e-08  3.30000000e+00  3.89900000e-08  3.29949272e+00  3.89900000e-08  3.29960773e+00  3.89900000e-08  0.00000000e+00  3.89900000e-08  0.00000000e+00 
 3.90100000e-08  3.30000000e+00  3.90100000e-08  3.30000000e+00  3.90100000e-08  3.29949418e+00  3.90100000e-08  3.29960887e+00  3.90100000e-08  0.00000000e+00  3.90100000e-08  0.00000000e+00 
 3.90300000e-08  3.30000000e+00  3.90300000e-08  3.30000000e+00  3.90300000e-08  3.29949564e+00  3.90300000e-08  3.29961000e+00  3.90300000e-08  0.00000000e+00  3.90300000e-08  0.00000000e+00 
 3.90500000e-08  3.30000000e+00  3.90500000e-08  3.30000000e+00  3.90500000e-08  3.29949709e+00  3.90500000e-08  3.29961114e+00  3.90500000e-08  0.00000000e+00  3.90500000e-08  0.00000000e+00 
 3.90700000e-08  3.30000000e+00  3.90700000e-08  3.30000000e+00  3.90700000e-08  3.29949853e+00  3.90700000e-08  3.29961226e+00  3.90700000e-08  0.00000000e+00  3.90700000e-08  0.00000000e+00 
 3.90900000e-08  3.30000000e+00  3.90900000e-08  3.30000000e+00  3.90900000e-08  3.29949996e+00  3.90900000e-08  3.29961338e+00  3.90900000e-08  0.00000000e+00  3.90900000e-08  0.00000000e+00 
 3.91100000e-08  3.30000000e+00  3.91100000e-08  3.30000000e+00  3.91100000e-08  3.29950139e+00  3.91100000e-08  3.29961448e+00  3.91100000e-08  0.00000000e+00  3.91100000e-08  0.00000000e+00 
 3.91300000e-08  3.30000000e+00  3.91300000e-08  3.30000000e+00  3.91300000e-08  3.29950281e+00  3.91300000e-08  3.29961559e+00  3.91300000e-08  0.00000000e+00  3.91300000e-08  0.00000000e+00 
 3.91500000e-08  3.30000000e+00  3.91500000e-08  3.30000000e+00  3.91500000e-08  3.29950422e+00  3.91500000e-08  3.29961669e+00  3.91500000e-08  0.00000000e+00  3.91500000e-08  0.00000000e+00 
 3.91700000e-08  3.30000000e+00  3.91700000e-08  3.30000000e+00  3.91700000e-08  3.29950562e+00  3.91700000e-08  3.29961778e+00  3.91700000e-08  0.00000000e+00  3.91700000e-08  0.00000000e+00 
 3.91900000e-08  3.30000000e+00  3.91900000e-08  3.30000000e+00  3.91900000e-08  3.29950702e+00  3.91900000e-08  3.29961887e+00  3.91900000e-08  0.00000000e+00  3.91900000e-08  0.00000000e+00 
 3.92100000e-08  3.30000000e+00  3.92100000e-08  3.30000000e+00  3.92100000e-08  3.29950840e+00  3.92100000e-08  3.29961995e+00  3.92100000e-08  0.00000000e+00  3.92100000e-08  0.00000000e+00 
 3.92300000e-08  3.30000000e+00  3.92300000e-08  3.30000000e+00  3.92300000e-08  3.29950978e+00  3.92300000e-08  3.29962103e+00  3.92300000e-08  0.00000000e+00  3.92300000e-08  0.00000000e+00 
 3.92500000e-08  3.30000000e+00  3.92500000e-08  3.30000000e+00  3.92500000e-08  3.29951115e+00  3.92500000e-08  3.29962210e+00  3.92500000e-08  0.00000000e+00  3.92500000e-08  0.00000000e+00 
 3.92700000e-08  3.30000000e+00  3.92700000e-08  3.30000000e+00  3.92700000e-08  3.29951252e+00  3.92700000e-08  3.29962316e+00  3.92700000e-08  0.00000000e+00  3.92700000e-08  0.00000000e+00 
 3.92900000e-08  3.30000000e+00  3.92900000e-08  3.30000000e+00  3.92900000e-08  3.29951388e+00  3.92900000e-08  3.29962422e+00  3.92900000e-08  0.00000000e+00  3.92900000e-08  0.00000000e+00 
 3.93100000e-08  3.30000000e+00  3.93100000e-08  3.30000000e+00  3.93100000e-08  3.29951523e+00  3.93100000e-08  3.29962527e+00  3.93100000e-08  0.00000000e+00  3.93100000e-08  0.00000000e+00 
 3.93300000e-08  3.30000000e+00  3.93300000e-08  3.30000000e+00  3.93300000e-08  3.29951657e+00  3.93300000e-08  3.29962632e+00  3.93300000e-08  0.00000000e+00  3.93300000e-08  0.00000000e+00 
 3.93500000e-08  3.30000000e+00  3.93500000e-08  3.30000000e+00  3.93500000e-08  3.29951791e+00  3.93500000e-08  3.29962736e+00  3.93500000e-08  0.00000000e+00  3.93500000e-08  0.00000000e+00 
 3.93700000e-08  3.30000000e+00  3.93700000e-08  3.30000000e+00  3.93700000e-08  3.29951924e+00  3.93700000e-08  3.29962840e+00  3.93700000e-08  0.00000000e+00  3.93700000e-08  0.00000000e+00 
 3.93900000e-08  3.30000000e+00  3.93900000e-08  3.30000000e+00  3.93900000e-08  3.29952057e+00  3.93900000e-08  3.29962942e+00  3.93900000e-08  0.00000000e+00  3.93900000e-08  0.00000000e+00 
 3.94100000e-08  3.30000000e+00  3.94100000e-08  3.30000000e+00  3.94100000e-08  3.29952188e+00  3.94100000e-08  3.29963045e+00  3.94100000e-08  0.00000000e+00  3.94100000e-08  0.00000000e+00 
 3.94300000e-08  3.30000000e+00  3.94300000e-08  3.30000000e+00  3.94300000e-08  3.29952319e+00  3.94300000e-08  3.29963147e+00  3.94300000e-08  0.00000000e+00  3.94300000e-08  0.00000000e+00 
 3.94500000e-08  3.30000000e+00  3.94500000e-08  3.30000000e+00  3.94500000e-08  3.29952449e+00  3.94500000e-08  3.29963249e+00  3.94500000e-08  0.00000000e+00  3.94500000e-08  0.00000000e+00 
 3.94700000e-08  3.30000000e+00  3.94700000e-08  3.30000000e+00  3.94700000e-08  3.29952579e+00  3.94700000e-08  3.29963349e+00  3.94700000e-08  0.00000000e+00  3.94700000e-08  0.00000000e+00 
 3.94900000e-08  3.30000000e+00  3.94900000e-08  3.30000000e+00  3.94900000e-08  3.29952707e+00  3.94900000e-08  3.29963450e+00  3.94900000e-08  0.00000000e+00  3.94900000e-08  0.00000000e+00 
 3.95100000e-08  3.30000000e+00  3.95100000e-08  3.30000000e+00  3.95100000e-08  3.29952836e+00  3.95100000e-08  3.29963550e+00  3.95100000e-08  0.00000000e+00  3.95100000e-08  0.00000000e+00 
 3.95300000e-08  3.30000000e+00  3.95300000e-08  3.30000000e+00  3.95300000e-08  3.29952963e+00  3.95300000e-08  3.29963649e+00  3.95300000e-08  0.00000000e+00  3.95300000e-08  0.00000000e+00 
 3.95500000e-08  3.30000000e+00  3.95500000e-08  3.30000000e+00  3.95500000e-08  3.29953090e+00  3.95500000e-08  3.29963748e+00  3.95500000e-08  0.00000000e+00  3.95500000e-08  0.00000000e+00 
 3.95700000e-08  3.30000000e+00  3.95700000e-08  3.30000000e+00  3.95700000e-08  3.29953216e+00  3.95700000e-08  3.29963846e+00  3.95700000e-08  0.00000000e+00  3.95700000e-08  0.00000000e+00 
 3.95900000e-08  3.30000000e+00  3.95900000e-08  3.30000000e+00  3.95900000e-08  3.29953342e+00  3.95900000e-08  3.29963944e+00  3.95900000e-08  0.00000000e+00  3.95900000e-08  0.00000000e+00 
 3.96100000e-08  3.30000000e+00  3.96100000e-08  3.30000000e+00  3.96100000e-08  3.29953467e+00  3.96100000e-08  3.29964041e+00  3.96100000e-08  0.00000000e+00  3.96100000e-08  0.00000000e+00 
 3.96300000e-08  3.30000000e+00  3.96300000e-08  3.30000000e+00  3.96300000e-08  3.29953591e+00  3.96300000e-08  3.29964138e+00  3.96300000e-08  0.00000000e+00  3.96300000e-08  0.00000000e+00 
 3.96500000e-08  3.30000000e+00  3.96500000e-08  3.30000000e+00  3.96500000e-08  3.29953715e+00  3.96500000e-08  3.29964235e+00  3.96500000e-08  0.00000000e+00  3.96500000e-08  0.00000000e+00 
 3.96700000e-08  3.30000000e+00  3.96700000e-08  3.30000000e+00  3.96700000e-08  3.29953838e+00  3.96700000e-08  3.29964330e+00  3.96700000e-08  0.00000000e+00  3.96700000e-08  0.00000000e+00 
 3.96900000e-08  3.30000000e+00  3.96900000e-08  3.30000000e+00  3.96900000e-08  3.29953960e+00  3.96900000e-08  3.29964426e+00  3.96900000e-08  0.00000000e+00  3.96900000e-08  0.00000000e+00 
 3.97100000e-08  3.30000000e+00  3.97100000e-08  3.30000000e+00  3.97100000e-08  3.29954083e+00  3.97100000e-08  3.29964520e+00  3.97100000e-08  0.00000000e+00  3.97100000e-08  0.00000000e+00 
 3.97300000e-08  3.30000000e+00  3.97300000e-08  3.30000000e+00  3.97300000e-08  3.29954203e+00  3.97300000e-08  3.29964615e+00  3.97300000e-08  0.00000000e+00  3.97300000e-08  0.00000000e+00 
 3.97500000e-08  3.30000000e+00  3.97500000e-08  3.30000000e+00  3.97500000e-08  3.29954324e+00  3.97500000e-08  3.29964709e+00  3.97500000e-08  0.00000000e+00  3.97500000e-08  0.00000000e+00 
 3.97700000e-08  3.30000000e+00  3.97700000e-08  3.30000000e+00  3.97700000e-08  3.29954444e+00  3.97700000e-08  3.29964802e+00  3.97700000e-08  0.00000000e+00  3.97700000e-08  0.00000000e+00 
 3.97900000e-08  3.30000000e+00  3.97900000e-08  3.30000000e+00  3.97900000e-08  3.29954564e+00  3.97900000e-08  3.29964895e+00  3.97900000e-08  0.00000000e+00  3.97900000e-08  0.00000000e+00 
 3.98100000e-08  3.30000000e+00  3.98100000e-08  3.30000000e+00  3.98100000e-08  3.29954682e+00  3.98100000e-08  3.29964988e+00  3.98100000e-08  0.00000000e+00  3.98100000e-08  0.00000000e+00 
 3.98300000e-08  3.30000000e+00  3.98300000e-08  3.30000000e+00  3.98300000e-08  3.29954801e+00  3.98300000e-08  3.29965079e+00  3.98300000e-08  0.00000000e+00  3.98300000e-08  0.00000000e+00 
 3.98500000e-08  3.30000000e+00  3.98500000e-08  3.30000000e+00  3.98500000e-08  3.29954918e+00  3.98500000e-08  3.29965171e+00  3.98500000e-08  0.00000000e+00  3.98500000e-08  0.00000000e+00 
 3.98700000e-08  3.30000000e+00  3.98700000e-08  3.30000000e+00  3.98700000e-08  3.29955036e+00  3.98700000e-08  3.29965262e+00  3.98700000e-08  0.00000000e+00  3.98700000e-08  0.00000000e+00 
 3.98900000e-08  3.30000000e+00  3.98900000e-08  3.30000000e+00  3.98900000e-08  3.29955152e+00  3.98900000e-08  3.29965353e+00  3.98900000e-08  0.00000000e+00  3.98900000e-08  0.00000000e+00 
 3.99100000e-08  3.30000000e+00  3.99100000e-08  3.30000000e+00  3.99100000e-08  3.29955268e+00  3.99100000e-08  3.29965443e+00  3.99100000e-08  0.00000000e+00  3.99100000e-08  0.00000000e+00 
 3.99300000e-08  3.30000000e+00  3.99300000e-08  3.30000000e+00  3.99300000e-08  3.29955383e+00  3.99300000e-08  3.29965533e+00  3.99300000e-08  0.00000000e+00  3.99300000e-08  0.00000000e+00 
 3.99500000e-08  3.30000000e+00  3.99500000e-08  3.30000000e+00  3.99500000e-08  3.29955498e+00  3.99500000e-08  3.29965622e+00  3.99500000e-08  0.00000000e+00  3.99500000e-08  0.00000000e+00 
 3.99700000e-08  3.30000000e+00  3.99700000e-08  3.30000000e+00  3.99700000e-08  3.29955612e+00  3.99700000e-08  3.29965711e+00  3.99700000e-08  0.00000000e+00  3.99700000e-08  0.00000000e+00 
 3.99900000e-08  3.30000000e+00  3.99900000e-08  3.30000000e+00  3.99900000e-08  3.29955726e+00  3.99900000e-08  3.29965799e+00  3.99900000e-08  0.00000000e+00  3.99900000e-08  0.00000000e+00 
 4.00100000e-08  3.30000000e+00  4.00100000e-08  3.30000000e+00  4.00100000e-08  3.29955839e+00  4.00100000e-08  3.29965888e+00  4.00100000e-08  0.00000000e+00  4.00100000e-08  0.00000000e+00 
 4.00300000e-08  3.30000000e+00  4.00300000e-08  3.30000000e+00  4.00300000e-08  3.29955951e+00  4.00300000e-08  3.29965975e+00  4.00300000e-08  0.00000000e+00  4.00300000e-08  0.00000000e+00 
 4.00500000e-08  3.30000000e+00  4.00500000e-08  3.30000000e+00  4.00500000e-08  3.29956063e+00  4.00500000e-08  3.29966062e+00  4.00500000e-08  0.00000000e+00  4.00500000e-08  0.00000000e+00 
 4.00700000e-08  3.30000000e+00  4.00700000e-08  3.30000000e+00  4.00700000e-08  3.29956175e+00  4.00700000e-08  3.29966149e+00  4.00700000e-08  0.00000000e+00  4.00700000e-08  0.00000000e+00 
 4.00900000e-08  3.30000000e+00  4.00900000e-08  3.30000000e+00  4.00900000e-08  3.29956285e+00  4.00900000e-08  3.29966235e+00  4.00900000e-08  0.00000000e+00  4.00900000e-08  0.00000000e+00 
 4.01100000e-08  3.30000000e+00  4.01100000e-08  3.30000000e+00  4.01100000e-08  3.29956396e+00  4.01100000e-08  3.29966321e+00  4.01100000e-08  0.00000000e+00  4.01100000e-08  0.00000000e+00 
 4.01300000e-08  3.30000000e+00  4.01300000e-08  3.30000000e+00  4.01300000e-08  3.29956506e+00  4.01300000e-08  3.29966407e+00  4.01300000e-08  0.00000000e+00  4.01300000e-08  0.00000000e+00 
 4.01500000e-08  3.30000000e+00  4.01500000e-08  3.30000000e+00  4.01500000e-08  3.29956615e+00  4.01500000e-08  3.29966491e+00  4.01500000e-08  0.00000000e+00  4.01500000e-08  0.00000000e+00 
 4.01700000e-08  3.30000000e+00  4.01700000e-08  3.30000000e+00  4.01700000e-08  3.29956724e+00  4.01700000e-08  3.29966576e+00  4.01700000e-08  0.00000000e+00  4.01700000e-08  0.00000000e+00 
 4.01900000e-08  3.30000000e+00  4.01900000e-08  3.30000000e+00  4.01900000e-08  3.29956833e+00  4.01900000e-08  3.29966660e+00  4.01900000e-08  0.00000000e+00  4.01900000e-08  0.00000000e+00 
 4.02100000e-08  3.30000000e+00  4.02100000e-08  3.30000000e+00  4.02100000e-08  3.29956940e+00  4.02100000e-08  3.29966745e+00  4.02100000e-08  0.00000000e+00  4.02100000e-08  0.00000000e+00 
 4.02300000e-08  3.30000000e+00  4.02300000e-08  3.30000000e+00  4.02300000e-08  3.29957048e+00  4.02300000e-08  3.29966828e+00  4.02300000e-08  0.00000000e+00  4.02300000e-08  0.00000000e+00 
 4.02500000e-08  3.30000000e+00  4.02500000e-08  3.30000000e+00  4.02500000e-08  3.29957154e+00  4.02500000e-08  3.29966911e+00  4.02500000e-08  0.00000000e+00  4.02500000e-08  0.00000000e+00 
 4.02700000e-08  3.30000000e+00  4.02700000e-08  3.30000000e+00  4.02700000e-08  3.29957261e+00  4.02700000e-08  3.29966993e+00  4.02700000e-08  0.00000000e+00  4.02700000e-08  0.00000000e+00 
 4.02900000e-08  3.30000000e+00  4.02900000e-08  3.30000000e+00  4.02900000e-08  3.29957366e+00  4.02900000e-08  3.29967076e+00  4.02900000e-08  0.00000000e+00  4.02900000e-08  0.00000000e+00 
 4.03100000e-08  3.30000000e+00  4.03100000e-08  3.30000000e+00  4.03100000e-08  3.29957472e+00  4.03100000e-08  3.29967157e+00  4.03100000e-08  0.00000000e+00  4.03100000e-08  0.00000000e+00 
 4.03300000e-08  3.30000000e+00  4.03300000e-08  3.30000000e+00  4.03300000e-08  3.29957576e+00  4.03300000e-08  3.29967239e+00  4.03300000e-08  0.00000000e+00  4.03300000e-08  0.00000000e+00 
 4.03500000e-08  3.30000000e+00  4.03500000e-08  3.30000000e+00  4.03500000e-08  3.29957681e+00  4.03500000e-08  3.29967320e+00  4.03500000e-08  0.00000000e+00  4.03500000e-08  0.00000000e+00 
 4.03700000e-08  3.30000000e+00  4.03700000e-08  3.30000000e+00  4.03700000e-08  3.29957784e+00  4.03700000e-08  3.29967401e+00  4.03700000e-08  0.00000000e+00  4.03700000e-08  0.00000000e+00 
 4.03900000e-08  3.30000000e+00  4.03900000e-08  3.30000000e+00  4.03900000e-08  3.29957888e+00  4.03900000e-08  3.29967481e+00  4.03900000e-08  0.00000000e+00  4.03900000e-08  0.00000000e+00 
 4.04100000e-08  3.30000000e+00  4.04100000e-08  3.30000000e+00  4.04100000e-08  3.29957990e+00  4.04100000e-08  3.29967561e+00  4.04100000e-08  0.00000000e+00  4.04100000e-08  0.00000000e+00 
 4.04300000e-08  3.30000000e+00  4.04300000e-08  3.30000000e+00  4.04300000e-08  3.29958093e+00  4.04300000e-08  3.29967640e+00  4.04300000e-08  0.00000000e+00  4.04300000e-08  0.00000000e+00 
 4.04500000e-08  3.30000000e+00  4.04500000e-08  3.30000000e+00  4.04500000e-08  3.29958194e+00  4.04500000e-08  3.29967720e+00  4.04500000e-08  0.00000000e+00  4.04500000e-08  0.00000000e+00 
 4.04700000e-08  3.30000000e+00  4.04700000e-08  3.30000000e+00  4.04700000e-08  3.29958296e+00  4.04700000e-08  3.29967798e+00  4.04700000e-08  0.00000000e+00  4.04700000e-08  0.00000000e+00 
 4.04900000e-08  3.30000000e+00  4.04900000e-08  3.30000000e+00  4.04900000e-08  3.29958397e+00  4.04900000e-08  3.29967877e+00  4.04900000e-08  0.00000000e+00  4.04900000e-08  0.00000000e+00 
 4.05100000e-08  3.30000000e+00  4.05100000e-08  3.30000000e+00  4.05100000e-08  3.29958497e+00  4.05100000e-08  3.29967955e+00  4.05100000e-08  0.00000000e+00  4.05100000e-08  0.00000000e+00 
 4.05300000e-08  3.30000000e+00  4.05300000e-08  3.30000000e+00  4.05300000e-08  3.29958597e+00  4.05300000e-08  3.29968033e+00  4.05300000e-08  0.00000000e+00  4.05300000e-08  0.00000000e+00 
 4.05500000e-08  3.30000000e+00  4.05500000e-08  3.30000000e+00  4.05500000e-08  3.29958697e+00  4.05500000e-08  3.29968110e+00  4.05500000e-08  0.00000000e+00  4.05500000e-08  0.00000000e+00 
 4.05700000e-08  3.30000000e+00  4.05700000e-08  3.30000000e+00  4.05700000e-08  3.29958796e+00  4.05700000e-08  3.29968187e+00  4.05700000e-08  0.00000000e+00  4.05700000e-08  0.00000000e+00 
 4.05900000e-08  3.30000000e+00  4.05900000e-08  3.30000000e+00  4.05900000e-08  3.29958895e+00  4.05900000e-08  3.29968264e+00  4.05900000e-08  0.00000000e+00  4.05900000e-08  0.00000000e+00 
 4.06100000e-08  3.30000000e+00  4.06100000e-08  3.30000000e+00  4.06100000e-08  3.29958992e+00  4.06100000e-08  3.29968340e+00  4.06100000e-08  0.00000000e+00  4.06100000e-08  0.00000000e+00 
 4.06300000e-08  3.30000000e+00  4.06300000e-08  3.30000000e+00  4.06300000e-08  3.29959090e+00  4.06300000e-08  3.29968416e+00  4.06300000e-08  0.00000000e+00  4.06300000e-08  0.00000000e+00 
 4.06500000e-08  3.30000000e+00  4.06500000e-08  3.30000000e+00  4.06500000e-08  3.29959187e+00  4.06500000e-08  3.29968492e+00  4.06500000e-08  0.00000000e+00  4.06500000e-08  0.00000000e+00 
 4.06700000e-08  3.30000000e+00  4.06700000e-08  3.30000000e+00  4.06700000e-08  3.29959285e+00  4.06700000e-08  3.29968567e+00  4.06700000e-08  0.00000000e+00  4.06700000e-08  0.00000000e+00 
 4.06900000e-08  3.30000000e+00  4.06900000e-08  3.30000000e+00  4.06900000e-08  3.29959381e+00  4.06900000e-08  3.29968642e+00  4.06900000e-08  0.00000000e+00  4.06900000e-08  0.00000000e+00 
 4.07100000e-08  3.30000000e+00  4.07100000e-08  3.30000000e+00  4.07100000e-08  3.29959477e+00  4.07100000e-08  3.29968717e+00  4.07100000e-08  0.00000000e+00  4.07100000e-08  0.00000000e+00 
 4.07300000e-08  3.30000000e+00  4.07300000e-08  3.30000000e+00  4.07300000e-08  3.29959572e+00  4.07300000e-08  3.29968791e+00  4.07300000e-08  0.00000000e+00  4.07300000e-08  0.00000000e+00 
 4.07500000e-08  3.30000000e+00  4.07500000e-08  3.30000000e+00  4.07500000e-08  3.29959668e+00  4.07500000e-08  3.29968865e+00  4.07500000e-08  0.00000000e+00  4.07500000e-08  0.00000000e+00 
 4.07700000e-08  3.30000000e+00  4.07700000e-08  3.30000000e+00  4.07700000e-08  3.29959762e+00  4.07700000e-08  3.29968939e+00  4.07700000e-08  0.00000000e+00  4.07700000e-08  0.00000000e+00 
 4.07900000e-08  3.30000000e+00  4.07900000e-08  3.30000000e+00  4.07900000e-08  3.29959857e+00  4.07900000e-08  3.29969011e+00  4.07900000e-08  0.00000000e+00  4.07900000e-08  0.00000000e+00 
 4.08100000e-08  3.30000000e+00  4.08100000e-08  3.30000000e+00  4.08100000e-08  3.29959950e+00  4.08100000e-08  3.29969085e+00  4.08100000e-08  0.00000000e+00  4.08100000e-08  0.00000000e+00 
 4.08300000e-08  3.30000000e+00  4.08300000e-08  3.30000000e+00  4.08300000e-08  3.29960044e+00  4.08300000e-08  3.29969157e+00  4.08300000e-08  0.00000000e+00  4.08300000e-08  0.00000000e+00 
 4.08500000e-08  3.30000000e+00  4.08500000e-08  3.30000000e+00  4.08500000e-08  3.29960136e+00  4.08500000e-08  3.29969230e+00  4.08500000e-08  0.00000000e+00  4.08500000e-08  0.00000000e+00 
 4.08700000e-08  3.30000000e+00  4.08700000e-08  3.30000000e+00  4.08700000e-08  3.29960229e+00  4.08700000e-08  3.29969301e+00  4.08700000e-08  0.00000000e+00  4.08700000e-08  0.00000000e+00 
 4.08900000e-08  3.30000000e+00  4.08900000e-08  3.30000000e+00  4.08900000e-08  3.29960321e+00  4.08900000e-08  3.29969373e+00  4.08900000e-08  0.00000000e+00  4.08900000e-08  0.00000000e+00 
 4.09100000e-08  3.30000000e+00  4.09100000e-08  3.30000000e+00  4.09100000e-08  3.29960413e+00  4.09100000e-08  3.29969444e+00  4.09100000e-08  0.00000000e+00  4.09100000e-08  0.00000000e+00 
 4.09300000e-08  3.30000000e+00  4.09300000e-08  3.30000000e+00  4.09300000e-08  3.29960504e+00  4.09300000e-08  3.29969515e+00  4.09300000e-08  0.00000000e+00  4.09300000e-08  0.00000000e+00 
 4.09500000e-08  3.30000000e+00  4.09500000e-08  3.30000000e+00  4.09500000e-08  3.29960596e+00  4.09500000e-08  3.29969586e+00  4.09500000e-08  0.00000000e+00  4.09500000e-08  0.00000000e+00 
 4.09700000e-08  3.30000000e+00  4.09700000e-08  3.30000000e+00  4.09700000e-08  3.29960686e+00  4.09700000e-08  3.29969656e+00  4.09700000e-08  0.00000000e+00  4.09700000e-08  0.00000000e+00 
 4.09900000e-08  3.30000000e+00  4.09900000e-08  3.30000000e+00  4.09900000e-08  3.29960776e+00  4.09900000e-08  3.29969726e+00  4.09900000e-08  0.00000000e+00  4.09900000e-08  0.00000000e+00 
 4.10100000e-08  3.30000000e+00  4.10100000e-08  3.30000000e+00  4.10100000e-08  3.29960866e+00  4.10100000e-08  3.29969796e+00  4.10100000e-08  0.00000000e+00  4.10100000e-08  0.00000000e+00 
 4.10300000e-08  3.30000000e+00  4.10300000e-08  3.30000000e+00  4.10300000e-08  3.29960956e+00  4.10300000e-08  3.29969865e+00  4.10300000e-08  0.00000000e+00  4.10300000e-08  0.00000000e+00 
 4.10500000e-08  3.30000000e+00  4.10500000e-08  3.30000000e+00  4.10500000e-08  3.29961044e+00  4.10500000e-08  3.29969935e+00  4.10500000e-08  0.00000000e+00  4.10500000e-08  0.00000000e+00 
 4.10700000e-08  3.30000000e+00  4.10700000e-08  3.30000000e+00  4.10700000e-08  3.29961133e+00  4.10700000e-08  3.29970003e+00  4.10700000e-08  0.00000000e+00  4.10700000e-08  0.00000000e+00 
 4.10900000e-08  3.30000000e+00  4.10900000e-08  3.30000000e+00  4.10900000e-08  3.29961221e+00  4.10900000e-08  3.29970072e+00  4.10900000e-08  0.00000000e+00  4.10900000e-08  0.00000000e+00 
 4.11100000e-08  3.30000000e+00  4.11100000e-08  3.30000000e+00  4.11100000e-08  3.29961309e+00  4.11100000e-08  3.29970140e+00  4.11100000e-08  0.00000000e+00  4.11100000e-08  0.00000000e+00 
 4.11300000e-08  3.30000000e+00  4.11300000e-08  3.30000000e+00  4.11300000e-08  3.29961396e+00  4.11300000e-08  3.29970208e+00  4.11300000e-08  0.00000000e+00  4.11300000e-08  0.00000000e+00 
 4.11500000e-08  3.30000000e+00  4.11500000e-08  3.30000000e+00  4.11500000e-08  3.29961484e+00  4.11500000e-08  3.29970276e+00  4.11500000e-08  0.00000000e+00  4.11500000e-08  0.00000000e+00 
 4.11700000e-08  3.30000000e+00  4.11700000e-08  3.30000000e+00  4.11700000e-08  3.29961570e+00  4.11700000e-08  3.29970343e+00  4.11700000e-08  0.00000000e+00  4.11700000e-08  0.00000000e+00 
 4.11900000e-08  3.30000000e+00  4.11900000e-08  3.30000000e+00  4.11900000e-08  3.29961657e+00  4.11900000e-08  3.29970410e+00  4.11900000e-08  0.00000000e+00  4.11900000e-08  0.00000000e+00 
 4.12100000e-08  3.30000000e+00  4.12100000e-08  3.30000000e+00  4.12100000e-08  3.29961742e+00  4.12100000e-08  3.29970477e+00  4.12100000e-08  0.00000000e+00  4.12100000e-08  0.00000000e+00 
 4.12300000e-08  3.30000000e+00  4.12300000e-08  3.30000000e+00  4.12300000e-08  3.29961828e+00  4.12300000e-08  3.29970543e+00  4.12300000e-08  0.00000000e+00  4.12300000e-08  0.00000000e+00 
 4.12500000e-08  3.30000000e+00  4.12500000e-08  3.30000000e+00  4.12500000e-08  3.29961913e+00  4.12500000e-08  3.29970610e+00  4.12500000e-08  0.00000000e+00  4.12500000e-08  0.00000000e+00 
 4.12700000e-08  3.30000000e+00  4.12700000e-08  3.30000000e+00  4.12700000e-08  3.29961998e+00  4.12700000e-08  3.29970675e+00  4.12700000e-08  0.00000000e+00  4.12700000e-08  0.00000000e+00 
 4.12900000e-08  3.30000000e+00  4.12900000e-08  3.30000000e+00  4.12900000e-08  3.29962083e+00  4.12900000e-08  3.29970741e+00  4.12900000e-08  0.00000000e+00  4.12900000e-08  0.00000000e+00 
 4.13100000e-08  3.30000000e+00  4.13100000e-08  3.30000000e+00  4.13100000e-08  3.29962167e+00  4.13100000e-08  3.29970806e+00  4.13100000e-08  0.00000000e+00  4.13100000e-08  0.00000000e+00 
 4.13300000e-08  3.30000000e+00  4.13300000e-08  3.30000000e+00  4.13300000e-08  3.29962251e+00  4.13300000e-08  3.29970872e+00  4.13300000e-08  0.00000000e+00  4.13300000e-08  0.00000000e+00 
 4.13500000e-08  3.30000000e+00  4.13500000e-08  3.30000000e+00  4.13500000e-08  3.29962334e+00  4.13500000e-08  3.29970936e+00  4.13500000e-08  0.00000000e+00  4.13500000e-08  0.00000000e+00 
 4.13700000e-08  3.30000000e+00  4.13700000e-08  3.30000000e+00  4.13700000e-08  3.29962417e+00  4.13700000e-08  3.29971001e+00  4.13700000e-08  0.00000000e+00  4.13700000e-08  0.00000000e+00 
 4.13900000e-08  3.30000000e+00  4.13900000e-08  3.30000000e+00  4.13900000e-08  3.29962500e+00  4.13900000e-08  3.29971065e+00  4.13900000e-08  0.00000000e+00  4.13900000e-08  0.00000000e+00 
 4.14100000e-08  3.30000000e+00  4.14100000e-08  3.30000000e+00  4.14100000e-08  3.29962582e+00  4.14100000e-08  3.29971129e+00  4.14100000e-08  0.00000000e+00  4.14100000e-08  0.00000000e+00 
 4.14300000e-08  3.30000000e+00  4.14300000e-08  3.30000000e+00  4.14300000e-08  3.29962665e+00  4.14300000e-08  3.29971193e+00  4.14300000e-08  0.00000000e+00  4.14300000e-08  0.00000000e+00 
 4.14500000e-08  3.30000000e+00  4.14500000e-08  3.30000000e+00  4.14500000e-08  3.29962746e+00  4.14500000e-08  3.29971256e+00  4.14500000e-08  0.00000000e+00  4.14500000e-08  0.00000000e+00 
 4.14700000e-08  3.30000000e+00  4.14700000e-08  3.30000000e+00  4.14700000e-08  3.29962828e+00  4.14700000e-08  3.29971319e+00  4.14700000e-08  0.00000000e+00  4.14700000e-08  0.00000000e+00 
 4.14900000e-08  3.30000000e+00  4.14900000e-08  3.30000000e+00  4.14900000e-08  3.29962908e+00  4.14900000e-08  3.29971382e+00  4.14900000e-08  0.00000000e+00  4.14900000e-08  0.00000000e+00 
 4.15100000e-08  3.30000000e+00  4.15100000e-08  3.30000000e+00  4.15100000e-08  3.29962989e+00  4.15100000e-08  3.29971445e+00  4.15100000e-08  0.00000000e+00  4.15100000e-08  0.00000000e+00 
 4.15300000e-08  3.30000000e+00  4.15300000e-08  3.30000000e+00  4.15300000e-08  3.29963069e+00  4.15300000e-08  3.29971507e+00  4.15300000e-08  0.00000000e+00  4.15300000e-08  0.00000000e+00 
 4.15500000e-08  3.30000000e+00  4.15500000e-08  3.30000000e+00  4.15500000e-08  3.29963150e+00  4.15500000e-08  3.29971569e+00  4.15500000e-08  0.00000000e+00  4.15500000e-08  0.00000000e+00 
 4.15700000e-08  3.30000000e+00  4.15700000e-08  3.30000000e+00  4.15700000e-08  3.29963229e+00  4.15700000e-08  3.29971631e+00  4.15700000e-08  0.00000000e+00  4.15700000e-08  0.00000000e+00 
 4.15900000e-08  3.30000000e+00  4.15900000e-08  3.30000000e+00  4.15900000e-08  3.29963309e+00  4.15900000e-08  3.29971693e+00  4.15900000e-08  0.00000000e+00  4.15900000e-08  0.00000000e+00 
 4.16100000e-08  3.30000000e+00  4.16100000e-08  3.30000000e+00  4.16100000e-08  3.29963387e+00  4.16100000e-08  3.29971754e+00  4.16100000e-08  0.00000000e+00  4.16100000e-08  0.00000000e+00 
 4.16300000e-08  3.30000000e+00  4.16300000e-08  3.30000000e+00  4.16300000e-08  3.29963467e+00  4.16300000e-08  3.29971815e+00  4.16300000e-08  0.00000000e+00  4.16300000e-08  0.00000000e+00 
 4.16500000e-08  3.30000000e+00  4.16500000e-08  3.30000000e+00  4.16500000e-08  3.29963545e+00  4.16500000e-08  3.29971876e+00  4.16500000e-08  0.00000000e+00  4.16500000e-08  0.00000000e+00 
 4.16700000e-08  3.30000000e+00  4.16700000e-08  3.30000000e+00  4.16700000e-08  3.29963623e+00  4.16700000e-08  3.29971937e+00  4.16700000e-08  0.00000000e+00  4.16700000e-08  0.00000000e+00 
 4.16900000e-08  3.30000000e+00  4.16900000e-08  3.30000000e+00  4.16900000e-08  3.29963700e+00  4.16900000e-08  3.29971997e+00  4.16900000e-08  0.00000000e+00  4.16900000e-08  0.00000000e+00 
 4.17100000e-08  3.30000000e+00  4.17100000e-08  3.30000000e+00  4.17100000e-08  3.29963778e+00  4.17100000e-08  3.29972057e+00  4.17100000e-08  0.00000000e+00  4.17100000e-08  0.00000000e+00 
 4.17300000e-08  3.30000000e+00  4.17300000e-08  3.30000000e+00  4.17300000e-08  3.29963855e+00  4.17300000e-08  3.29972117e+00  4.17300000e-08  0.00000000e+00  4.17300000e-08  0.00000000e+00 
 4.17500000e-08  3.30000000e+00  4.17500000e-08  3.30000000e+00  4.17500000e-08  3.29963932e+00  4.17500000e-08  3.29972176e+00  4.17500000e-08  0.00000000e+00  4.17500000e-08  0.00000000e+00 
 4.17700000e-08  3.30000000e+00  4.17700000e-08  3.30000000e+00  4.17700000e-08  3.29964008e+00  4.17700000e-08  3.29972236e+00  4.17700000e-08  0.00000000e+00  4.17700000e-08  0.00000000e+00 
 4.17900000e-08  3.30000000e+00  4.17900000e-08  3.30000000e+00  4.17900000e-08  3.29964085e+00  4.17900000e-08  3.29972295e+00  4.17900000e-08  0.00000000e+00  4.17900000e-08  0.00000000e+00 
 4.18100000e-08  3.30000000e+00  4.18100000e-08  3.30000000e+00  4.18100000e-08  3.29964160e+00  4.18100000e-08  3.29972354e+00  4.18100000e-08  0.00000000e+00  4.18100000e-08  0.00000000e+00 
 4.18300000e-08  3.30000000e+00  4.18300000e-08  3.30000000e+00  4.18300000e-08  3.29964236e+00  4.18300000e-08  3.29972412e+00  4.18300000e-08  0.00000000e+00  4.18300000e-08  0.00000000e+00 
 4.18500000e-08  3.30000000e+00  4.18500000e-08  3.30000000e+00  4.18500000e-08  3.29964311e+00  4.18500000e-08  3.29972471e+00  4.18500000e-08  0.00000000e+00  4.18500000e-08  0.00000000e+00 
 4.18700000e-08  3.30000000e+00  4.18700000e-08  3.30000000e+00  4.18700000e-08  3.29964386e+00  4.18700000e-08  3.29972529e+00  4.18700000e-08  0.00000000e+00  4.18700000e-08  0.00000000e+00 
 4.18900000e-08  3.30000000e+00  4.18900000e-08  3.30000000e+00  4.18900000e-08  3.29964461e+00  4.18900000e-08  3.29972587e+00  4.18900000e-08  0.00000000e+00  4.18900000e-08  0.00000000e+00 
 4.19100000e-08  3.30000000e+00  4.19100000e-08  3.30000000e+00  4.19100000e-08  3.29964535e+00  4.19100000e-08  3.29972644e+00  4.19100000e-08  0.00000000e+00  4.19100000e-08  0.00000000e+00 
 4.19300000e-08  3.30000000e+00  4.19300000e-08  3.30000000e+00  4.19300000e-08  3.29964609e+00  4.19300000e-08  3.29972702e+00  4.19300000e-08  0.00000000e+00  4.19300000e-08  0.00000000e+00 
 4.19500000e-08  3.30000000e+00  4.19500000e-08  3.30000000e+00  4.19500000e-08  3.29964683e+00  4.19500000e-08  3.29972759e+00  4.19500000e-08  0.00000000e+00  4.19500000e-08  0.00000000e+00 
 4.19700000e-08  3.30000000e+00  4.19700000e-08  3.30000000e+00  4.19700000e-08  3.29964756e+00  4.19700000e-08  3.29972816e+00  4.19700000e-08  0.00000000e+00  4.19700000e-08  0.00000000e+00 
 4.19850000e-08  3.30000000e+00  4.19850000e-08  3.30000000e+00  4.19850000e-08  3.29964812e+00  4.19850000e-08  3.29972859e+00  4.19850000e-08  0.00000000e+00  4.19850000e-08  0.00000000e+00 
 4.20000000e-08  3.30000000e+00  4.20000000e-08  3.30000000e+00  4.20000000e-08  3.29964866e+00  4.20000000e-08  3.29972901e+00  4.20000000e-08  2.18375682e-13  4.20000000e-08  0.00000000e+00 
 4.20020000e-08  3.30000799e+00  4.20020000e-08  3.30000799e+00  4.20020000e-08  3.30225923e+00  4.20020000e-08  3.30234156e+00  4.20020000e-08  6.60000000e-02  4.20020000e-08  0.00000000e+00 
 4.20060000e-08  3.30001877e+00  4.20060000e-08  3.30001878e+00  4.20060000e-08  3.30738925e+00  4.20060000e-08  3.30747384e+00  4.20060000e-08  1.98000000e-01  4.20060000e-08  0.00000000e+00 
 4.20140000e-08  3.30002102e+00  4.20140000e-08  3.30002103e+00  4.20140000e-08  3.31709037e+00  4.20140000e-08  3.31717977e+00  4.20140000e-08  4.62000000e-01  4.20140000e-08  0.00000000e+00 
 4.20300000e-08  3.30000807e+00  4.20300000e-08  3.30000811e+00  4.20300000e-08  3.33469030e+00  4.20300000e-08  3.33481062e+00  4.20300000e-08  9.90000000e-01  4.20300000e-08  0.00000000e+00 
 4.20500000e-08  3.30000027e+00  4.20500000e-08  3.30000026e+00  4.20500000e-08  3.35539698e+00  4.20500000e-08  3.35553661e+00  4.20500000e-08  1.65000000e+00  4.20500000e-08  0.00000000e+00 
 4.20700000e-08  3.30000258e+00  4.20700000e-08  3.30000248e+00  4.20700000e-08  3.37758361e+00  4.20700000e-08  3.37767095e+00  4.20700000e-08  2.31000000e+00  4.20700000e-08  0.00000000e+00 
 4.20850000e-08  3.30000059e+00  4.20850000e-08  3.30000048e+00  4.20850000e-08  3.39395183e+00  4.20850000e-08  3.39395567e+00  4.20850000e-08  2.80500000e+00  4.20850000e-08  0.00000000e+00 
 4.21000000e-08  3.29998554e+00  4.21000000e-08  3.29998538e+00  4.21000000e-08  3.40140605e+00  4.21000000e-08  3.40126497e+00  4.21000000e-08  3.30000000e+00  4.21000000e-08  0.00000000e+00 
 4.21020000e-08  3.29998503e+00  4.21020000e-08  3.29998479e+00  4.21020000e-08  3.40183386e+00  4.21020000e-08  3.40164549e+00  4.21020000e-08  3.30000000e+00  4.21020000e-08  0.00000000e+00 
 4.21060000e-08  3.29998523e+00  4.21060000e-08  3.29998486e+00  4.21060000e-08  3.40277200e+00  4.21060000e-08  3.40248119e+00  4.21060000e-08  3.30000000e+00  4.21060000e-08  0.00000000e+00 
 4.21140000e-08  3.29998915e+00  4.21140000e-08  3.29998867e+00  4.21140000e-08  3.40495852e+00  4.21140000e-08  3.40443766e+00  4.21140000e-08  3.30000000e+00  4.21140000e-08  0.00000000e+00 
 4.21300000e-08  3.29999752e+00  4.21300000e-08  3.29999712e+00  4.21300000e-08  3.41045954e+00  4.21300000e-08  3.40941610e+00  4.21300000e-08  3.30000000e+00  4.21300000e-08  0.00000000e+00 
 4.21500000e-08  3.30000129e+00  4.21500000e-08  3.30000125e+00  4.21500000e-08  3.41861090e+00  4.21500000e-08  3.41696340e+00  4.21500000e-08  3.30000000e+00  4.21500000e-08  0.00000000e+00 
 4.21700000e-08  3.29999933e+00  4.21700000e-08  3.29999979e+00  4.21700000e-08  3.42635311e+00  4.21700000e-08  3.42441274e+00  4.21700000e-08  3.30000000e+00  4.21700000e-08  0.00000000e+00 
 4.21900000e-08  3.29999634e+00  4.21900000e-08  3.29999721e+00  4.21900000e-08  3.43164390e+00  4.21900000e-08  3.42991268e+00  4.21900000e-08  3.30000000e+00  4.21900000e-08  0.00000000e+00 
 4.22100000e-08  3.29999394e+00  4.22100000e-08  3.29999494e+00  4.22100000e-08  3.43297083e+00  4.22100000e-08  3.43201580e+00  4.22100000e-08  3.30000000e+00  4.22100000e-08  0.00000000e+00 
 4.22300000e-08  3.29999290e+00  4.22300000e-08  3.29999383e+00  4.22300000e-08  3.42947796e+00  4.22300000e-08  3.42984756e+00  4.22300000e-08  3.30000000e+00  4.22300000e-08  0.00000000e+00 
 4.22500000e-08  3.29999254e+00  4.22500000e-08  3.29999327e+00  4.22500000e-08  3.42085269e+00  4.22500000e-08  3.42303962e+00  4.22500000e-08  3.30000000e+00  4.22500000e-08  0.00000000e+00 
 4.22700000e-08  3.29999312e+00  4.22700000e-08  3.29999355e+00  4.22700000e-08  3.40716747e+00  4.22700000e-08  3.41159833e+00  4.22700000e-08  3.30000000e+00  4.22700000e-08  0.00000000e+00 
 4.22900000e-08  3.29999419e+00  4.22900000e-08  3.29999435e+00  4.22900000e-08  3.38873772e+00  4.22900000e-08  3.39577429e+00  4.22900000e-08  3.30000000e+00  4.22900000e-08  0.00000000e+00 
 4.23100000e-08  3.29999543e+00  4.23100000e-08  3.29999539e+00  4.23100000e-08  3.36601522e+00  4.23100000e-08  3.37595891e+00  4.23100000e-08  3.30000000e+00  4.23100000e-08  0.00000000e+00 
 4.23300000e-08  3.29999662e+00  4.23300000e-08  3.29999648e+00  4.23300000e-08  3.33951221e+00  4.23300000e-08  3.35260919e+00  4.23300000e-08  3.30000000e+00  4.23300000e-08  0.00000000e+00 
 4.23500000e-08  3.29999763e+00  4.23500000e-08  3.29999747e+00  4.23500000e-08  3.30975082e+00  4.23500000e-08  3.32619737e+00  4.23500000e-08  3.30000000e+00  4.23500000e-08  0.00000000e+00 
 4.23700000e-08  3.29999842e+00  4.23700000e-08  3.29999829e+00  4.23700000e-08  3.27723113e+00  4.23700000e-08  3.29717897e+00  4.23700000e-08  3.30000000e+00  4.23700000e-08  0.00000000e+00 
 4.23900000e-08  3.29999902e+00  4.23900000e-08  3.29999892e+00  4.23900000e-08  3.24241090e+00  4.23900000e-08  3.26597538e+00  4.23900000e-08  3.30000000e+00  4.23900000e-08  0.00000000e+00 
 4.24100000e-08  3.29999946e+00  4.24100000e-08  3.29999939e+00  4.24100000e-08  3.20569808e+00  4.24100000e-08  3.23296268e+00  4.24100000e-08  3.30000000e+00  4.24100000e-08  0.00000000e+00 
 4.24300000e-08  3.29999978e+00  4.24300000e-08  3.29999974e+00  4.24300000e-08  3.16744594e+00  4.24300000e-08  3.19847053e+00  4.24300000e-08  3.30000000e+00  4.24300000e-08  0.00000000e+00 
 4.24500000e-08  3.30000002e+00  4.24500000e-08  3.29999998e+00  4.24500000e-08  3.12795484e+00  4.24500000e-08  3.16278041e+00  4.24500000e-08  3.30000000e+00  4.24500000e-08  0.00000000e+00 
 4.24700000e-08  3.30000019e+00  4.24700000e-08  3.30000016e+00  4.24700000e-08  3.08747745e+00  4.24700000e-08  3.12612994e+00  4.24700000e-08  3.30000000e+00  4.24700000e-08  0.00000000e+00 
 4.24900000e-08  3.30000030e+00  4.24900000e-08  3.30000028e+00  4.24900000e-08  3.04622433e+00  4.24900000e-08  3.08871775e+00  4.24900000e-08  3.30000000e+00  4.24900000e-08  0.00000000e+00 
 4.25100000e-08  3.30000036e+00  4.25100000e-08  3.30000035e+00  4.25100000e-08  3.00436958e+00  4.25100000e-08  3.05070840e+00  4.25100000e-08  3.30000000e+00  4.25100000e-08  0.00000000e+00 
 4.25300000e-08  3.30000040e+00  4.25300000e-08  3.30000039e+00  4.25300000e-08  2.96205611e+00  4.25300000e-08  3.01223728e+00  4.25300000e-08  3.30000000e+00  4.25300000e-08  0.00000000e+00 
 4.25500000e-08  3.30000042e+00  4.25500000e-08  3.30000041e+00  4.25500000e-08  2.91940094e+00  4.25500000e-08  2.97341534e+00  4.25500000e-08  3.30000000e+00  4.25500000e-08  0.00000000e+00 
 4.25700000e-08  3.30000043e+00  4.25700000e-08  3.30000042e+00  4.25700000e-08  2.87649941e+00  4.25700000e-08  2.93433307e+00  4.25700000e-08  3.30000000e+00  4.25700000e-08  0.00000000e+00 
 4.25900000e-08  3.30000044e+00  4.25900000e-08  3.30000042e+00  4.25900000e-08  2.83342926e+00  4.25900000e-08  2.89506422e+00  4.25900000e-08  3.30000000e+00  4.25900000e-08  0.00000000e+00 
 4.26100000e-08  3.30000043e+00  4.26100000e-08  3.30000041e+00  4.26100000e-08  2.79025373e+00  4.26100000e-08  2.85566870e+00  4.26100000e-08  3.30000000e+00  4.26100000e-08  0.00000000e+00 
 4.26300000e-08  3.30000043e+00  4.26300000e-08  3.30000040e+00  4.26300000e-08  2.74702444e+00  4.26300000e-08  2.81619528e+00  4.26300000e-08  3.30000000e+00  4.26300000e-08  0.00000000e+00 
 4.26500000e-08  3.30000042e+00  4.26500000e-08  3.30000039e+00  4.26500000e-08  2.70378350e+00  4.26500000e-08  2.77668362e+00  4.26500000e-08  3.30000000e+00  4.26500000e-08  0.00000000e+00 
 4.26700000e-08  3.30000041e+00  4.26700000e-08  3.30000038e+00  4.26700000e-08  2.66056548e+00  4.26700000e-08  2.73716612e+00  4.26700000e-08  3.30000000e+00  4.26700000e-08  0.00000000e+00 
 4.26900000e-08  3.30000040e+00  4.26900000e-08  3.30000037e+00  4.26900000e-08  2.61739877e+00  4.26900000e-08  2.69766924e+00  4.26900000e-08  3.30000000e+00  4.26900000e-08  0.00000000e+00 
 4.27100000e-08  3.30000039e+00  4.27100000e-08  3.30000036e+00  4.27100000e-08  2.57430701e+00  4.27100000e-08  2.65821479e+00  4.27100000e-08  3.30000000e+00  4.27100000e-08  0.00000000e+00 
 4.27300000e-08  3.30000038e+00  4.27300000e-08  3.30000035e+00  4.27300000e-08  2.53130982e+00  4.27300000e-08  2.61882075e+00  4.27300000e-08  3.30000000e+00  4.27300000e-08  0.00000000e+00 
 4.27500000e-08  3.30000037e+00  4.27500000e-08  3.30000034e+00  4.27500000e-08  2.48842387e+00  4.27500000e-08  2.57950217e+00  4.27500000e-08  3.30000000e+00  4.27500000e-08  0.00000000e+00 
 4.27700000e-08  3.30000036e+00  4.27700000e-08  3.30000032e+00  4.27700000e-08  2.44566330e+00  4.27700000e-08  2.54027163e+00  4.27700000e-08  3.30000000e+00  4.27700000e-08  0.00000000e+00 
 4.27900000e-08  3.30000035e+00  4.27900000e-08  3.30000031e+00  4.27900000e-08  2.40304047e+00  4.27900000e-08  2.50113991e+00  4.27900000e-08  3.30000000e+00  4.27900000e-08  0.00000000e+00 
 4.28100000e-08  3.30000034e+00  4.28100000e-08  3.30000031e+00  4.28100000e-08  2.36056619e+00  4.28100000e-08  2.46211623e+00  4.28100000e-08  3.30000000e+00  4.28100000e-08  0.00000000e+00 
 4.28300000e-08  3.30000033e+00  4.28300000e-08  3.30000030e+00  4.28300000e-08  2.31825025e+00  4.28300000e-08  2.42320874e+00  4.28300000e-08  3.30000000e+00  4.28300000e-08  0.00000000e+00 
 4.28500000e-08  3.30000032e+00  4.28500000e-08  3.30000029e+00  4.28500000e-08  2.27610158e+00  4.28500000e-08  2.38442463e+00  4.28500000e-08  3.30000000e+00  4.28500000e-08  0.00000000e+00 
 4.28700000e-08  3.30000032e+00  4.28700000e-08  3.30000028e+00  4.28700000e-08  2.23412861e+00  4.28700000e-08  2.34577053e+00  4.28700000e-08  3.30000000e+00  4.28700000e-08  0.00000000e+00 
 4.28900000e-08  3.30000031e+00  4.28900000e-08  3.30000027e+00  4.28900000e-08  2.19233935e+00  4.28900000e-08  2.30725248e+00  4.28900000e-08  3.30000000e+00  4.28900000e-08  0.00000000e+00 
 4.29100000e-08  3.30000031e+00  4.29100000e-08  3.30000027e+00  4.29100000e-08  2.15074173e+00  4.29100000e-08  2.26887631e+00  4.29100000e-08  3.30000000e+00  4.29100000e-08  0.00000000e+00 
 4.29300000e-08  3.30000030e+00  4.29300000e-08  3.30000026e+00  4.29300000e-08  2.10934354e+00  4.29300000e-08  2.23064757e+00  4.29300000e-08  3.30000000e+00  4.29300000e-08  0.00000000e+00 
 4.29500000e-08  3.30000030e+00  4.29500000e-08  3.30000026e+00  4.29500000e-08  2.06815279e+00  4.29500000e-08  2.19257180e+00  4.29500000e-08  3.30000000e+00  4.29500000e-08  0.00000000e+00 
 4.29700000e-08  3.30000030e+00  4.29700000e-08  3.30000025e+00  4.29700000e-08  2.02717762e+00  4.29700000e-08  2.15465447e+00  4.29700000e-08  3.30000000e+00  4.29700000e-08  0.00000000e+00 
 4.29850000e-08  3.30000030e+00  4.29850000e-08  3.30000025e+00  4.29850000e-08  1.99659283e+00  4.29850000e-08  2.12632381e+00  4.29850000e-08  3.30000000e+00  4.29850000e-08  0.00000000e+00 
 4.30000000e-08  3.30000030e+00  4.30000000e-08  3.30000025e+00  4.30000000e-08  1.96613777e+00  4.30000000e-08  2.09808782e+00  4.30000000e-08  3.30000000e+00  4.30000000e-08  0.00000000e+00 
 4.30020000e-08  3.32133048e+00  4.30020000e-08  3.32133034e+00  4.30020000e-08  1.96236662e+00  4.30020000e-08  2.09461859e+00  4.30020000e-08  3.30000000e+00  4.30020000e-08  6.60000000e-02 
 4.30060000e-08  3.35609508e+00  4.30060000e-08  3.35609450e+00  4.30060000e-08  1.95476608e+00  4.30060000e-08  2.08761799e+00  4.30060000e-08  3.30000000e+00  4.30060000e-08  1.98000000e-01 
 4.30140000e-08  3.39509566e+00  4.30140000e-08  3.39509515e+00  4.30140000e-08  1.93931324e+00  4.30140000e-08  2.07335032e+00  4.30140000e-08  3.30000000e+00  4.30140000e-08  4.62000000e-01 
 4.30300000e-08  3.43010972e+00  4.30300000e-08  3.43010984e+00  4.30300000e-08  1.90742164e+00  4.30300000e-08  2.04375135e+00  4.30300000e-08  3.30000000e+00  4.30300000e-08  9.90000000e-01 
 4.30500000e-08  3.46572217e+00  4.30500000e-08  3.46572247e+00  4.30500000e-08  1.86324021e+00  4.30500000e-08  2.00218870e+00  4.30500000e-08  3.30000000e+00  4.30500000e-08  1.65000000e+00 
 4.30700000e-08  3.53468933e+00  4.30700000e-08  3.53469303e+00  4.30700000e-08  1.81308357e+00  4.30700000e-08  1.95446052e+00  4.30700000e-08  3.30000000e+00  4.30700000e-08  2.31000000e+00 
 4.30850000e-08  3.62569037e+00  4.30850000e-08  3.62641756e+00  4.30850000e-08  1.76959361e+00  4.30850000e-08  1.89608475e+00  4.30850000e-08  3.30000000e+00  4.30850000e-08  2.80500000e+00 
 4.31000000e-08  3.74318388e+00  4.31000000e-08  3.74378742e+00  4.31000000e-08  1.70533234e+00  4.31000000e-08  1.82285996e+00  4.31000000e-08  3.30000000e+00  4.31000000e-08  3.30000000e+00 
 4.31020000e-08  3.74337814e+00  4.31020000e-08  3.74384050e+00  4.31020000e-08  1.69628241e+00  4.31020000e-08  1.81355567e+00  4.31020000e-08  3.30000000e+00  4.31020000e-08  3.30000000e+00 
 4.31060000e-08  3.74365180e+00  4.31060000e-08  3.74380716e+00  4.31060000e-08  1.67876386e+00  4.31060000e-08  1.79573229e+00  4.31060000e-08  3.30000000e+00  4.31060000e-08  3.30000000e+00 
 4.31140000e-08  3.74356594e+00  4.31140000e-08  3.74299738e+00  4.31140000e-08  1.64735750e+00  4.31140000e-08  1.76417890e+00  4.31140000e-08  3.30000000e+00  4.31140000e-08  3.30000000e+00 
 4.31300000e-08  3.74130733e+00  4.31300000e-08  3.73879403e+00  4.31300000e-08  1.59626836e+00  4.31300000e-08  1.71340655e+00  4.31300000e-08  3.30000000e+00  4.31300000e-08  3.30000000e+00 
 4.31500000e-08  3.73543162e+00  4.31500000e-08  3.72962628e+00  4.31500000e-08  1.54648764e+00  4.31500000e-08  1.66431552e+00  4.31500000e-08  3.30000000e+00  4.31500000e-08  3.30000000e+00 
 4.31700000e-08  3.72771785e+00  4.31700000e-08  3.71810078e+00  4.31700000e-08  1.50439687e+00  4.31700000e-08  1.62310094e+00  4.31700000e-08  3.30000000e+00  4.31700000e-08  3.30000000e+00 
 4.31900000e-08  3.72083640e+00  4.31900000e-08  3.70017865e+00  4.31900000e-08  1.46555189e+00  4.31900000e-08  1.58523071e+00  4.31900000e-08  3.30000000e+00  4.31900000e-08  3.30000000e+00 
 4.32100000e-08  3.69724603e+00  4.32100000e-08  3.66406364e+00  4.32100000e-08  1.42817517e+00  4.32100000e-08  1.54921204e+00  4.32100000e-08  3.30000000e+00  4.32100000e-08  3.30000000e+00 
 4.32300000e-08  3.60529757e+00  4.32300000e-08  3.62472082e+00  4.32300000e-08  1.39158602e+00  4.32300000e-08  1.51468948e+00  4.32300000e-08  3.30000000e+00  4.32300000e-08  3.30000000e+00 
 4.32500000e-08  3.42225958e+00  4.32500000e-08  3.58686342e+00  4.32500000e-08  1.35548132e+00  4.32500000e-08  1.48142834e+00  4.32500000e-08  3.30000000e+00  4.32500000e-08  3.30000000e+00 
 4.32700000e-08  3.17571498e+00  4.32700000e-08  3.55023442e+00  4.32700000e-08  1.31975273e+00  4.32700000e-08  1.44904913e+00  4.32700000e-08  3.30000000e+00  4.32700000e-08  3.30000000e+00 
 4.32900000e-08  2.89483488e+00  4.32900000e-08  3.51375186e+00  4.32900000e-08  1.28437286e+00  4.32900000e-08  1.41724289e+00  4.32900000e-08  3.30000000e+00  4.32900000e-08  3.30000000e+00 
 4.33100000e-08  2.60352035e+00  4.33100000e-08  3.47547854e+00  4.33100000e-08  1.24933102e+00  4.33100000e-08  1.38580219e+00  4.33100000e-08  3.30000000e+00  4.33100000e-08  3.30000000e+00 
 4.33300000e-08  2.32867201e+00  4.33300000e-08  3.43339267e+00  4.33300000e-08  1.21461710e+00  4.33300000e-08  1.35453445e+00  4.33300000e-08  3.30000000e+00  4.33300000e-08  3.30000000e+00 
 4.33500000e-08  2.10760651e+00  4.33500000e-08  3.38588699e+00  4.33500000e-08  1.18022498e+00  4.33500000e-08  1.32320542e+00  4.33500000e-08  3.30000000e+00  4.33500000e-08  3.30000000e+00 
 4.33700000e-08  1.94364906e+00  4.33700000e-08  3.34023345e+00  4.33700000e-08  1.14614735e+00  4.33700000e-08  1.29173420e+00  4.33700000e-08  3.30000000e+00  4.33700000e-08  3.30000000e+00 
 4.33900000e-08  1.81307315e+00  4.33900000e-08  3.30040179e+00  4.33900000e-08  1.11238186e+00  4.33900000e-08  1.26028882e+00  4.33900000e-08  3.30000000e+00  4.33900000e-08  3.30000000e+00 
 4.34100000e-08  1.69904825e+00  4.34100000e-08  3.26650787e+00  4.34100000e-08  1.07892874e+00  4.34100000e-08  1.22902380e+00  4.34100000e-08  3.30000000e+00  4.34100000e-08  3.30000000e+00 
 4.34300000e-08  1.59581023e+00  4.34300000e-08  3.23799905e+00  4.34300000e-08  1.04578706e+00  4.34300000e-08  1.19799767e+00  4.34300000e-08  3.30000000e+00  4.34300000e-08  3.30000000e+00 
 4.34500000e-08  1.50155431e+00  4.34500000e-08  3.21464677e+00  4.34500000e-08  1.01295591e+00  4.34500000e-08  1.16722968e+00  4.34500000e-08  3.30000000e+00  4.34500000e-08  3.30000000e+00 
 4.34700000e-08  1.41537524e+00  4.34700000e-08  3.19615162e+00  4.34700000e-08  9.80436185e-01  4.34700000e-08  1.13673045e+00  4.34700000e-08  3.30000000e+00  4.34700000e-08  3.30000000e+00 
 4.34900000e-08  1.33675788e+00  4.34900000e-08  3.18213646e+00  4.34900000e-08  9.48232901e-01  4.34900000e-08  1.10650719e+00  4.34900000e-08  3.30000000e+00  4.34900000e-08  3.30000000e+00 
 4.35100000e-08  1.26524705e+00  4.35100000e-08  3.17216640e+00  4.35100000e-08  9.16359808e-01  4.35100000e-08  1.07656753e+00  4.35100000e-08  3.30000000e+00  4.35100000e-08  3.30000000e+00 
 4.35300000e-08  1.20043708e+00  4.35300000e-08  3.16577729e+00  4.35300000e-08  8.84849543e-01  4.35300000e-08  1.04691951e+00  4.35300000e-08  3.30000000e+00  4.35300000e-08  3.30000000e+00 
 4.35500000e-08  1.14195363e+00  4.35500000e-08  3.16250225e+00  4.35500000e-08  8.53775878e-01  4.35500000e-08  1.01757322e+00  4.35500000e-08  3.30000000e+00  4.35500000e-08  3.30000000e+00 
 4.35700000e-08  1.08944306e+00  4.35700000e-08  3.16188436e+00  4.35700000e-08  8.23306311e-01  4.35700000e-08  9.88543630e-01  4.35700000e-08  3.30000000e+00  4.35700000e-08  3.30000000e+00 
 4.35900000e-08  1.04256893e+00  4.35900000e-08  3.16349277e+00  4.35900000e-08  7.93818947e-01  4.35900000e-08  9.59859072e-01  4.35900000e-08  3.30000000e+00  4.35900000e-08  3.30000000e+00 
 4.36100000e-08  1.00100856e+00  4.36100000e-08  3.16692721e+00  4.36100000e-08  7.66059285e-01  4.36100000e-08  9.31567508e-01  4.36100000e-08  3.30000000e+00  4.36100000e-08  3.30000000e+00 
 4.36300000e-08  9.64457340e-01  4.36300000e-08  3.17182864e+00  4.36300000e-08  7.41072792e-01  4.36300000e-08  9.03709913e-01  4.36300000e-08  3.30000000e+00  4.36300000e-08  3.30000000e+00 
 4.36500000e-08  9.32624092e-01  4.36500000e-08  3.17787633e+00  4.36500000e-08  7.19672922e-01  4.36500000e-08  8.76265232e-01  4.36500000e-08  3.30000000e+00  4.36500000e-08  3.30000000e+00 
 4.36700000e-08  9.05217870e-01  4.36700000e-08  3.18478536e+00  4.36700000e-08  7.01955726e-01  4.36700000e-08  8.49151893e-01  4.36700000e-08  3.30000000e+00  4.36700000e-08  3.30000000e+00 
 4.36900000e-08  8.81919973e-01  4.36900000e-08  3.19229380e+00  4.36900000e-08  6.87416144e-01  4.36900000e-08  8.22306387e-01  4.36900000e-08  3.30000000e+00  4.36900000e-08  3.30000000e+00 
 4.37100000e-08  8.62382890e-01  4.37100000e-08  3.20016893e+00  4.37100000e-08  6.75365778e-01  4.37100000e-08  7.95799520e-01  4.37100000e-08  3.30000000e+00  4.37100000e-08  3.30000000e+00 
 4.37300000e-08  8.46267138e-01  4.37300000e-08  3.20821582e+00  4.37300000e-08  6.65204430e-01  4.37300000e-08  7.69979233e-01  4.37300000e-08  3.30000000e+00  4.37300000e-08  3.30000000e+00 
 4.37500000e-08  8.33264086e-01  4.37500000e-08  3.21628055e+00  4.37500000e-08  6.56475398e-01  4.37500000e-08  7.45547883e-01  4.37500000e-08  3.30000000e+00  4.37500000e-08  3.30000000e+00 
 4.37700000e-08  8.23067436e-01  4.37700000e-08  3.22423125e+00  4.37700000e-08  6.48839081e-01  4.37700000e-08  7.23323776e-01  4.37700000e-08  3.30000000e+00  4.37700000e-08  3.30000000e+00 
 4.37900000e-08  8.15306104e-01  4.37900000e-08  3.23193520e+00  4.37900000e-08  6.42028411e-01  4.37900000e-08  7.03834362e-01  4.37900000e-08  3.30000000e+00  4.37900000e-08  3.30000000e+00 
 4.38100000e-08  8.09512465e-01  4.38100000e-08  3.23925253e+00  4.38100000e-08  6.35812237e-01  4.38100000e-08  6.87063555e-01  4.38100000e-08  3.30000000e+00  4.38100000e-08  3.30000000e+00 
 4.38300000e-08  8.05196790e-01  4.38300000e-08  3.24606731e+00  4.38300000e-08  6.30006886e-01  4.38300000e-08  6.72608499e-01  4.38300000e-08  3.30000000e+00  4.38300000e-08  3.30000000e+00 
 4.38500000e-08  8.01936741e-01  4.38500000e-08  3.25230676e+00  4.38500000e-08  6.24476064e-01  4.38500000e-08  6.59984666e-01  4.38500000e-08  3.30000000e+00  4.38500000e-08  3.30000000e+00 
 4.38700000e-08  7.99415482e-01  4.38700000e-08  3.25794594e+00  4.38700000e-08  6.19119502e-01  4.38700000e-08  6.48764844e-01  4.38700000e-08  3.30000000e+00  4.38700000e-08  3.30000000e+00 
 4.38900000e-08  7.97410180e-01  4.38900000e-08  3.26299278e+00  4.38900000e-08  6.13865678e-01  4.38900000e-08  6.38630617e-01  4.38900000e-08  3.30000000e+00  4.38900000e-08  3.30000000e+00 
 4.39100000e-08  7.95772545e-01  4.39100000e-08  3.26747958e+00  4.39100000e-08  6.08666026e-01  4.39100000e-08  6.29353175e-01  4.39100000e-08  3.30000000e+00  4.39100000e-08  3.30000000e+00 
 4.39300000e-08  7.94400230e-01  4.39300000e-08  3.27144721e+00  4.39300000e-08  6.03489307e-01  4.39300000e-08  6.20758599e-01  4.39300000e-08  3.30000000e+00  4.39300000e-08  3.30000000e+00 
 4.39500000e-08  7.93223697e-01  4.39500000e-08  3.27494362e+00  4.39500000e-08  5.98317566e-01  4.39500000e-08  6.12719248e-01  4.39500000e-08  3.30000000e+00  4.39500000e-08  3.30000000e+00 
 4.39700000e-08  7.92194137e-01  4.39700000e-08  3.27801522e+00  4.39700000e-08  5.93142019e-01  4.39700000e-08  6.05139444e-01  4.39700000e-08  3.30000000e+00  4.39700000e-08  3.30000000e+00 
 4.39900000e-08  7.91278221e-01  4.39900000e-08  3.28070905e+00  4.39900000e-08  5.87960460e-01  4.39900000e-08  5.97945648e-01  4.39900000e-08  3.30000000e+00  4.39900000e-08  3.30000000e+00 
 4.40100000e-08  7.90451025e-01  4.40100000e-08  3.28306686e+00  4.40100000e-08  5.82774658e-01  4.40100000e-08  5.91080155e-01  4.40100000e-08  3.30000000e+00  4.40100000e-08  3.30000000e+00 
 4.40300000e-08  7.89695423e-01  4.40300000e-08  3.28512913e+00  4.40300000e-08  5.77589059e-01  4.40300000e-08  5.84496607e-01  4.40300000e-08  3.30000000e+00  4.40300000e-08  3.30000000e+00 
 4.40500000e-08  7.88997585e-01  4.40500000e-08  3.28693027e+00  4.40500000e-08  5.72409238e-01  4.40500000e-08  5.78157262e-01  4.40500000e-08  3.30000000e+00  4.40500000e-08  3.30000000e+00 
 4.40700000e-08  7.88348156e-01  4.40700000e-08  3.28850331e+00  4.40700000e-08  5.67241442e-01  4.40700000e-08  5.72030816e-01  4.40700000e-08  3.30000000e+00  4.40700000e-08  3.30000000e+00 
 4.40900000e-08  7.87738841e-01  4.40900000e-08  3.28987546e+00  4.40900000e-08  5.62091682e-01  4.40900000e-08  5.66091203e-01  4.40900000e-08  3.30000000e+00  4.40900000e-08  3.30000000e+00 
 4.41100000e-08  7.87164293e-01  4.41100000e-08  3.29107301e+00  4.41100000e-08  5.56965765e-01  4.41100000e-08  5.60316390e-01  4.41100000e-08  3.30000000e+00  4.41100000e-08  3.30000000e+00 
 4.41300000e-08  7.86619172e-01  4.41300000e-08  3.29211694e+00  4.41300000e-08  5.51868718e-01  4.41300000e-08  5.54687838e-01  4.41300000e-08  3.30000000e+00  4.41300000e-08  3.30000000e+00 
 4.41500000e-08  7.86100339e-01  4.41500000e-08  3.29302791e+00  4.41500000e-08  5.46805076e-01  4.41500000e-08  5.49189731e-01  4.41500000e-08  3.30000000e+00  4.41500000e-08  3.30000000e+00 
 4.41700000e-08  7.85604125e-01  4.41700000e-08  3.29382187e+00  4.41700000e-08  5.41778475e-01  4.41700000e-08  5.43808730e-01  4.41700000e-08  3.30000000e+00  4.41700000e-08  3.30000000e+00 
 4.41900000e-08  7.85128668e-01  4.41900000e-08  3.29451494e+00  4.41900000e-08  5.36792052e-01  4.41900000e-08  5.38533404e-01  4.41900000e-08  3.30000000e+00  4.41900000e-08  3.30000000e+00 
 4.42100000e-08  7.84671288e-01  4.42100000e-08  3.29511907e+00  4.42100000e-08  5.31848109e-01  4.42100000e-08  5.33354133e-01  4.42100000e-08  3.30000000e+00  4.42100000e-08  3.30000000e+00 
 4.42300000e-08  7.84230893e-01  4.42300000e-08  3.29564686e+00  4.42300000e-08  5.26948565e-01  4.42300000e-08  5.28262644e-01  4.42300000e-08  3.30000000e+00  4.42300000e-08  3.30000000e+00 
 4.42500000e-08  7.83805408e-01  4.42500000e-08  3.29610711e+00  4.42500000e-08  5.22094631e-01  4.42500000e-08  5.23252004e-01  4.42500000e-08  3.30000000e+00  4.42500000e-08  3.30000000e+00 
 4.42700000e-08  7.83394221e-01  4.42700000e-08  3.29650969e+00  4.42700000e-08  5.17287282e-01  4.42700000e-08  5.18316220e-01  4.42700000e-08  3.30000000e+00  4.42700000e-08  3.30000000e+00 
 4.42900000e-08  7.82995641e-01  4.42900000e-08  3.29686101e+00  4.42900000e-08  5.12526928e-01  4.42900000e-08  5.13450290e-01  4.42900000e-08  3.30000000e+00  4.42900000e-08  3.30000000e+00 
 4.43100000e-08  7.82609364e-01  4.43100000e-08  3.29716882e+00  4.43100000e-08  5.07813873e-01  4.43100000e-08  5.08649849e-01  4.43100000e-08  3.30000000e+00  4.43100000e-08  3.30000000e+00 
 4.43300000e-08  7.82233951e-01  4.43300000e-08  3.29743768e+00  4.43300000e-08  5.03147980e-01  4.43300000e-08  5.03911271e-01  4.43300000e-08  3.30000000e+00  4.43300000e-08  3.30000000e+00 
 4.43500000e-08  7.81869302e-01  4.43500000e-08  3.29767376e+00  4.43500000e-08  4.98529119e-01  4.43500000e-08  4.99231343e-01  4.43500000e-08  3.30000000e+00  4.43500000e-08  3.30000000e+00 
 4.43700000e-08  7.81514148e-01  4.43700000e-08  3.29788022e+00  4.43700000e-08  4.93956810e-01  4.43700000e-08  4.94607404e-01  4.43700000e-08  3.30000000e+00  4.43700000e-08  3.30000000e+00 
 4.43900000e-08  7.81168530e-01  4.43900000e-08  3.29806199e+00  4.43900000e-08  4.89430663e-01  4.43900000e-08  4.90037047e-01  4.43900000e-08  3.30000000e+00  4.43900000e-08  3.30000000e+00 
 4.44100000e-08  7.80831300e-01  4.44100000e-08  3.29822117e+00  4.44100000e-08  4.84950006e-01  4.44100000e-08  4.85518284e-01  4.44100000e-08  3.30000000e+00  4.44100000e-08  3.30000000e+00 
 4.44300000e-08  7.80502599e-01  4.44300000e-08  3.29836178e+00  4.44300000e-08  4.80514316e-01  4.44300000e-08  4.81049267e-01  4.44300000e-08  3.30000000e+00  4.44300000e-08  3.30000000e+00 
 4.44500000e-08  7.80181366e-01  4.44500000e-08  3.29848511e+00  4.44500000e-08  4.76122832e-01  4.44500000e-08  4.76628477e-01  4.44500000e-08  3.30000000e+00  4.44500000e-08  3.30000000e+00 
 4.44700000e-08  7.79867819e-01  4.44700000e-08  3.29859449e+00  4.44700000e-08  4.71774976e-01  4.44700000e-08  4.72254454e-01  4.44700000e-08  3.30000000e+00  4.44700000e-08  3.30000000e+00 
 4.44900000e-08  7.79560964e-01  4.44900000e-08  3.29869060e+00  4.44900000e-08  4.67469961e-01  4.44900000e-08  4.67926002e-01  4.44900000e-08  3.30000000e+00  4.44900000e-08  3.30000000e+00 
 4.45100000e-08  7.79261077e-01  4.45100000e-08  3.29877623e+00  4.45100000e-08  4.63207209e-01  4.45100000e-08  4.63641934e-01  4.45100000e-08  3.30000000e+00  4.45100000e-08  3.30000000e+00 
 4.45300000e-08  7.78967217e-01  4.45300000e-08  3.29885162e+00  4.45300000e-08  4.58985944e-01  4.45300000e-08  4.59401283e-01  4.45300000e-08  3.30000000e+00  4.45300000e-08  3.30000000e+00 
 4.45500000e-08  7.78679706e-01  4.45500000e-08  3.29891917e+00  4.45500000e-08  4.54805613e-01  4.45500000e-08  4.55203054e-01  4.45500000e-08  3.30000000e+00  4.45500000e-08  3.30000000e+00 
 4.45700000e-08  7.78397649e-01  4.45700000e-08  3.29897875e+00  4.45700000e-08  4.50665472e-01  4.45700000e-08  4.51046444e-01  4.45700000e-08  3.30000000e+00  4.45700000e-08  3.30000000e+00 
 4.45900000e-08  7.78121406e-01  4.45900000e-08  3.29903247e+00  4.45900000e-08  4.46565005e-01  4.45900000e-08  4.46930596e-01  4.45900000e-08  3.30000000e+00  4.45900000e-08  3.30000000e+00 
 4.46100000e-08  7.77850117e-01  4.46100000e-08  3.29907996e+00  4.46100000e-08  4.42503511e-01  4.46100000e-08  4.42854826e-01  4.46100000e-08  3.30000000e+00  4.46100000e-08  3.30000000e+00 
 4.46300000e-08  7.77584174e-01  4.46300000e-08  3.29912309e+00  4.46300000e-08  4.38480516e-01  4.46300000e-08  4.38818383e-01  4.46300000e-08  3.30000000e+00  4.46300000e-08  3.30000000e+00 
 4.46500000e-08  7.77322749e-01  4.46500000e-08  3.29916130e+00  4.46500000e-08  4.34495360e-01  4.46500000e-08  4.34820671e-01  4.46500000e-08  3.30000000e+00  4.46500000e-08  3.30000000e+00 
 4.46700000e-08  7.77066263e-01  4.46700000e-08  3.29919628e+00  4.46700000e-08  4.30547612e-01  4.46700000e-08  4.30861018e-01  4.46700000e-08  3.30000000e+00  4.46700000e-08  3.30000000e+00 
 4.46900000e-08  7.76813911e-01  4.46900000e-08  3.29922733e+00  4.46900000e-08  4.26636654e-01  4.46900000e-08  4.26938899e-01  4.46900000e-08  3.30000000e+00  4.46900000e-08  3.30000000e+00 
 4.47100000e-08  7.76566139e-01  4.47100000e-08  3.29925602e+00  4.47100000e-08  4.22762093e-01  4.47100000e-08  4.23053703e-01  4.47100000e-08  3.30000000e+00  4.47100000e-08  3.30000000e+00 
 4.47300000e-08  7.76322166e-01  4.47300000e-08  3.29928153e+00  4.47300000e-08  4.18923348e-01  4.47300000e-08  4.19204961e-01  4.47300000e-08  3.30000000e+00  4.47300000e-08  3.30000000e+00 
 4.47500000e-08  7.76082456e-01  4.47500000e-08  3.29930534e+00  4.47500000e-08  4.15120062e-01  4.47500000e-08  4.15392110e-01  4.47500000e-08  3.30000000e+00  4.47500000e-08  3.30000000e+00 
 4.47700000e-08  7.75846250e-01  4.47700000e-08  3.29932654e+00  4.47700000e-08  4.11351687e-01  4.47700000e-08  4.11614728e-01  4.47700000e-08  3.30000000e+00  4.47700000e-08  3.30000000e+00 
 4.47900000e-08  7.75614028e-01  4.47900000e-08  3.29934655e+00  4.47900000e-08  4.07617898e-01  4.47900000e-08  4.07872292e-01  4.47900000e-08  3.30000000e+00  4.47900000e-08  3.30000000e+00 
 4.48100000e-08  7.75385048e-01  4.48100000e-08  3.29936438e+00  4.48100000e-08  4.03918176e-01  4.48100000e-08  4.04164416e-01  4.48100000e-08  3.30000000e+00  4.48100000e-08  3.30000000e+00 
 4.48300000e-08  7.75159806e-01  4.48300000e-08  3.29938139e+00  4.48300000e-08  4.00252224e-01  4.48300000e-08  4.00490612e-01  4.48300000e-08  3.30000000e+00  4.48300000e-08  3.30000000e+00 
 4.48500000e-08  7.74937575e-01  4.48500000e-08  3.29939657e+00  4.48500000e-08  3.96619549e-01  4.48500000e-08  3.96850527e-01  4.48500000e-08  3.30000000e+00  4.48500000e-08  3.30000000e+00 
 4.48700000e-08  7.74718863e-01  4.48700000e-08  3.29941123e+00  4.48700000e-08  3.93019876e-01  4.48700000e-08  3.93243699e-01  4.48700000e-08  3.30000000e+00  4.48700000e-08  3.30000000e+00 
 4.48900000e-08  7.74502956e-01  4.48900000e-08  3.29942430e+00  4.48900000e-08  3.89452735e-01  4.48900000e-08  3.89669803e-01  4.48900000e-08  3.30000000e+00  4.48900000e-08  3.30000000e+00 
 4.49100000e-08  7.74290374e-01  4.49100000e-08  3.29943709e+00  4.49100000e-08  3.85917874e-01  4.49100000e-08  3.86128401e-01  4.49100000e-08  3.30000000e+00  4.49100000e-08  3.30000000e+00 
 4.49300000e-08  7.74080414e-01  4.49300000e-08  3.29944849e+00  4.49300000e-08  3.82414841e-01  4.49300000e-08  3.82619191e-01  4.49300000e-08  3.30000000e+00  4.49300000e-08  3.30000000e+00 
 4.49500000e-08  7.73873605e-01  4.49500000e-08  3.29945977e+00  4.49500000e-08  3.78943402e-01  4.49500000e-08  3.79141756e-01  4.49500000e-08  3.30000000e+00  4.49500000e-08  3.30000000e+00 
 4.49700000e-08  7.73669256e-01  4.49700000e-08  3.29946982e+00  4.49700000e-08  3.75503124e-01  4.49700000e-08  3.75695814e-01  4.49700000e-08  3.30000000e+00  4.49700000e-08  3.30000000e+00 
 4.49850000e-08  7.73518031e-01  4.49850000e-08  3.29947750e+00  4.49850000e-08  3.72943256e-01  4.49850000e-08  3.73131780e-01  4.49850000e-08  3.30000000e+00  4.49850000e-08  3.30000000e+00 
 4.50000000e-08  7.73367983e-01  4.50000000e-08  3.29948429e+00  4.50000000e-08  3.70400578e-01  4.50000000e-08  3.70585146e-01  4.50000000e-08  3.30000000e+00  4.50000000e-08  3.30000000e+00 
