 0.00000000e+00  3.30000000e+00  0.00000000e+00  3.30000000e+00  0.00000000e+00  3.29999988e+00  0.00000000e+00  3.29999989e+00  0.00000000e+00  0.00000000e+00  0.00000000e+00  0.00000000e+00 
 2.00000000e-13  3.30000000e+00  2.00000000e-13  3.30000000e+00  2.00000000e-13  3.29999988e+00  2.00000000e-13  3.29999989e+00  2.00000000e-13  0.00000000e+00  2.00000000e-13  0.00000000e+00 
 4.00000000e-13  3.30000000e+00  4.00000000e-13  3.30000000e+00  4.00000000e-13  3.29999988e+00  4.00000000e-13  3.29999989e+00  4.00000000e-13  0.00000000e+00  4.00000000e-13  0.00000000e+00 
 8.00000000e-13  3.30000000e+00  8.00000000e-13  3.30000000e+00  8.00000000e-13  3.29999988e+00  8.00000000e-13  3.29999989e+00  8.00000000e-13  0.00000000e+00  8.00000000e-13  0.00000000e+00 
 1.60000000e-12  3.30000000e+00  1.60000000e-12  3.30000000e+00  1.60000000e-12  3.29999988e+00  1.60000000e-12  3.29999990e+00  1.60000000e-12  0.00000000e+00  1.60000000e-12  0.00000000e+00 
 3.20000000e-12  3.30000000e+00  3.20000000e-12  3.30000000e+00  3.20000000e-12  3.29999988e+00  3.20000000e-12  3.29999990e+00  3.20000000e-12  0.00000000e+00  3.20000000e-12  0.00000000e+00 
 6.40000000e-12  3.30000000e+00  6.40000000e-12  3.30000000e+00  6.40000000e-12  3.29999988e+00  6.40000000e-12  3.29999991e+00  6.40000000e-12  0.00000000e+00  6.40000000e-12  0.00000000e+00 
 1.28000000e-11  3.30000000e+00  1.28000000e-11  3.30000000e+00  1.28000000e-11  3.29999988e+00  1.28000000e-11  3.29999992e+00  1.28000000e-11  0.00000000e+00  1.28000000e-11  0.00000000e+00 
 2.56000000e-11  3.30000000e+00  2.56000000e-11  3.30000000e+00  2.56000000e-11  3.29999988e+00  2.56000000e-11  3.29999995e+00  2.56000000e-11  0.00000000e+00  2.56000000e-11  0.00000000e+00 
 4.56000000e-11  3.30000000e+00  4.56000000e-11  3.30000000e+00  4.56000000e-11  3.29999988e+00  4.56000000e-11  3.29999999e+00  4.56000000e-11  0.00000000e+00  4.56000000e-11  0.00000000e+00 
 6.56000000e-11  3.30000000e+00  6.56000000e-11  3.30000000e+00  6.56000000e-11  3.29999988e+00  6.56000000e-11  3.30000002e+00  6.56000000e-11  0.00000000e+00  6.56000000e-11  0.00000000e+00 
 8.56000000e-11  3.30000000e+00  8.56000000e-11  3.30000000e+00  8.56000000e-11  3.29999988e+00  8.56000000e-11  3.30000005e+00  8.56000000e-11  0.00000000e+00  8.56000000e-11  0.00000000e+00 
 1.05600000e-10  3.30000000e+00  1.05600000e-10  3.30000000e+00  1.05600000e-10  3.29999988e+00  1.05600000e-10  3.30000007e+00  1.05600000e-10  0.00000000e+00  1.05600000e-10  0.00000000e+00 
 1.25600000e-10  3.30000000e+00  1.25600000e-10  3.30000000e+00  1.25600000e-10  3.29999988e+00  1.25600000e-10  3.30000009e+00  1.25600000e-10  0.00000000e+00  1.25600000e-10  0.00000000e+00 
 1.45600000e-10  3.30000000e+00  1.45600000e-10  3.30000000e+00  1.45600000e-10  3.29999988e+00  1.45600000e-10  3.30000010e+00  1.45600000e-10  0.00000000e+00  1.45600000e-10  0.00000000e+00 
 1.65600000e-10  3.30000000e+00  1.65600000e-10  3.30000000e+00  1.65600000e-10  3.29999988e+00  1.65600000e-10  3.30000011e+00  1.65600000e-10  0.00000000e+00  1.65600000e-10  0.00000000e+00 
 1.85600000e-10  3.30000000e+00  1.85600000e-10  3.30000000e+00  1.85600000e-10  3.29999988e+00  1.85600000e-10  3.30000012e+00  1.85600000e-10  0.00000000e+00  1.85600000e-10  0.00000000e+00 
 2.05600000e-10  3.30000000e+00  2.05600000e-10  3.30000000e+00  2.05600000e-10  3.29999988e+00  2.05600000e-10  3.30000013e+00  2.05600000e-10  0.00000000e+00  2.05600000e-10  0.00000000e+00 
 2.25600000e-10  3.30000000e+00  2.25600000e-10  3.30000000e+00  2.25600000e-10  3.29999988e+00  2.25600000e-10  3.30000013e+00  2.25600000e-10  0.00000000e+00  2.25600000e-10  0.00000000e+00 
 2.45600000e-10  3.30000000e+00  2.45600000e-10  3.30000000e+00  2.45600000e-10  3.29999988e+00  2.45600000e-10  3.30000014e+00  2.45600000e-10  0.00000000e+00  2.45600000e-10  0.00000000e+00 
 2.65600000e-10  3.30000000e+00  2.65600000e-10  3.30000000e+00  2.65600000e-10  3.29999988e+00  2.65600000e-10  3.30000014e+00  2.65600000e-10  0.00000000e+00  2.65600000e-10  0.00000000e+00 
 2.85600000e-10  3.30000000e+00  2.85600000e-10  3.30000000e+00  2.85600000e-10  3.29999988e+00  2.85600000e-10  3.30000014e+00  2.85600000e-10  0.00000000e+00  2.85600000e-10  0.00000000e+00 
 3.05600000e-10  3.30000000e+00  3.05600000e-10  3.30000000e+00  3.05600000e-10  3.29999988e+00  3.05600000e-10  3.30000014e+00  3.05600000e-10  0.00000000e+00  3.05600000e-10  0.00000000e+00 
 3.25600000e-10  3.30000000e+00  3.25600000e-10  3.30000000e+00  3.25600000e-10  3.29999988e+00  3.25600000e-10  3.30000015e+00  3.25600000e-10  0.00000000e+00  3.25600000e-10  0.00000000e+00 
 3.45600000e-10  3.30000000e+00  3.45600000e-10  3.30000000e+00  3.45600000e-10  3.29999988e+00  3.45600000e-10  3.30000015e+00  3.45600000e-10  0.00000000e+00  3.45600000e-10  0.00000000e+00 
 3.65600000e-10  3.30000000e+00  3.65600000e-10  3.30000000e+00  3.65600000e-10  3.29999988e+00  3.65600000e-10  3.30000015e+00  3.65600000e-10  0.00000000e+00  3.65600000e-10  0.00000000e+00 
 3.85600000e-10  3.30000000e+00  3.85600000e-10  3.30000000e+00  3.85600000e-10  3.29999988e+00  3.85600000e-10  3.30000015e+00  3.85600000e-10  0.00000000e+00  3.85600000e-10  0.00000000e+00 
 4.05600000e-10  3.30000000e+00  4.05600000e-10  3.30000000e+00  4.05600000e-10  3.29999988e+00  4.05600000e-10  3.30000015e+00  4.05600000e-10  0.00000000e+00  4.05600000e-10  0.00000000e+00 
 4.25600000e-10  3.30000000e+00  4.25600000e-10  3.30000000e+00  4.25600000e-10  3.29999988e+00  4.25600000e-10  3.30000015e+00  4.25600000e-10  0.00000000e+00  4.25600000e-10  0.00000000e+00 
 4.45600000e-10  3.30000000e+00  4.45600000e-10  3.30000000e+00  4.45600000e-10  3.29999988e+00  4.45600000e-10  3.30000015e+00  4.45600000e-10  0.00000000e+00  4.45600000e-10  0.00000000e+00 
 4.65600000e-10  3.30000000e+00  4.65600000e-10  3.30000000e+00  4.65600000e-10  3.29999988e+00  4.65600000e-10  3.30000015e+00  4.65600000e-10  0.00000000e+00  4.65600000e-10  0.00000000e+00 
 4.85600000e-10  3.30000000e+00  4.85600000e-10  3.30000000e+00  4.85600000e-10  3.29999988e+00  4.85600000e-10  3.30000015e+00  4.85600000e-10  0.00000000e+00  4.85600000e-10  0.00000000e+00 
 5.05600000e-10  3.30000000e+00  5.05600000e-10  3.30000000e+00  5.05600000e-10  3.29999988e+00  5.05600000e-10  3.30000015e+00  5.05600000e-10  0.00000000e+00  5.05600000e-10  0.00000000e+00 
 5.25600000e-10  3.30000000e+00  5.25600000e-10  3.30000000e+00  5.25600000e-10  3.29999988e+00  5.25600000e-10  3.30000015e+00  5.25600000e-10  0.00000000e+00  5.25600000e-10  0.00000000e+00 
 5.45600000e-10  3.30000000e+00  5.45600000e-10  3.30000000e+00  5.45600000e-10  3.29999988e+00  5.45600000e-10  3.30000015e+00  5.45600000e-10  0.00000000e+00  5.45600000e-10  0.00000000e+00 
 5.65600000e-10  3.30000000e+00  5.65600000e-10  3.30000000e+00  5.65600000e-10  3.29999988e+00  5.65600000e-10  3.30000015e+00  5.65600000e-10  0.00000000e+00  5.65600000e-10  0.00000000e+00 
 5.85600000e-10  3.30000000e+00  5.85600000e-10  3.30000000e+00  5.85600000e-10  3.29999988e+00  5.85600000e-10  3.30000015e+00  5.85600000e-10  0.00000000e+00  5.85600000e-10  0.00000000e+00 
 6.05600000e-10  3.30000000e+00  6.05600000e-10  3.30000000e+00  6.05600000e-10  3.29999988e+00  6.05600000e-10  3.30000015e+00  6.05600000e-10  0.00000000e+00  6.05600000e-10  0.00000000e+00 
 6.25600000e-10  3.30000000e+00  6.25600000e-10  3.30000000e+00  6.25600000e-10  3.29999988e+00  6.25600000e-10  3.30000015e+00  6.25600000e-10  0.00000000e+00  6.25600000e-10  0.00000000e+00 
 6.45600000e-10  3.30000000e+00  6.45600000e-10  3.30000000e+00  6.45600000e-10  3.29999988e+00  6.45600000e-10  3.30000015e+00  6.45600000e-10  0.00000000e+00  6.45600000e-10  0.00000000e+00 
 6.65600000e-10  3.30000000e+00  6.65600000e-10  3.30000000e+00  6.65600000e-10  3.29999988e+00  6.65600000e-10  3.30000015e+00  6.65600000e-10  0.00000000e+00  6.65600000e-10  0.00000000e+00 
 6.85600000e-10  3.30000000e+00  6.85600000e-10  3.30000000e+00  6.85600000e-10  3.29999988e+00  6.85600000e-10  3.30000015e+00  6.85600000e-10  0.00000000e+00  6.85600000e-10  0.00000000e+00 
 7.05600000e-10  3.30000000e+00  7.05600000e-10  3.30000000e+00  7.05600000e-10  3.29999988e+00  7.05600000e-10  3.30000015e+00  7.05600000e-10  0.00000000e+00  7.05600000e-10  0.00000000e+00 
 7.25600000e-10  3.30000000e+00  7.25600000e-10  3.30000000e+00  7.25600000e-10  3.29999988e+00  7.25600000e-10  3.30000015e+00  7.25600000e-10  0.00000000e+00  7.25600000e-10  0.00000000e+00 
 7.45600000e-10  3.30000000e+00  7.45600000e-10  3.30000000e+00  7.45600000e-10  3.29999988e+00  7.45600000e-10  3.30000015e+00  7.45600000e-10  0.00000000e+00  7.45600000e-10  0.00000000e+00 
 7.65600000e-10  3.30000000e+00  7.65600000e-10  3.30000000e+00  7.65600000e-10  3.29999988e+00  7.65600000e-10  3.30000015e+00  7.65600000e-10  0.00000000e+00  7.65600000e-10  0.00000000e+00 
 7.85600000e-10  3.30000000e+00  7.85600000e-10  3.30000000e+00  7.85600000e-10  3.29999988e+00  7.85600000e-10  3.30000015e+00  7.85600000e-10  0.00000000e+00  7.85600000e-10  0.00000000e+00 
 8.05600000e-10  3.30000000e+00  8.05600000e-10  3.30000000e+00  8.05600000e-10  3.29999988e+00  8.05600000e-10  3.30000015e+00  8.05600000e-10  0.00000000e+00  8.05600000e-10  0.00000000e+00 
 8.25600000e-10  3.30000000e+00  8.25600000e-10  3.30000000e+00  8.25600000e-10  3.29999988e+00  8.25600000e-10  3.30000015e+00  8.25600000e-10  0.00000000e+00  8.25600000e-10  0.00000000e+00 
 8.45600000e-10  3.30000000e+00  8.45600000e-10  3.30000000e+00  8.45600000e-10  3.29999988e+00  8.45600000e-10  3.30000015e+00  8.45600000e-10  0.00000000e+00  8.45600000e-10  0.00000000e+00 
 8.65600000e-10  3.30000000e+00  8.65600000e-10  3.30000000e+00  8.65600000e-10  3.29999988e+00  8.65600000e-10  3.30000015e+00  8.65600000e-10  0.00000000e+00  8.65600000e-10  0.00000000e+00 
 8.85600000e-10  3.30000000e+00  8.85600000e-10  3.30000000e+00  8.85600000e-10  3.29999988e+00  8.85600000e-10  3.30000015e+00  8.85600000e-10  0.00000000e+00  8.85600000e-10  0.00000000e+00 
 9.05600000e-10  3.30000000e+00  9.05600000e-10  3.30000000e+00  9.05600000e-10  3.29999988e+00  9.05600000e-10  3.30000015e+00  9.05600000e-10  0.00000000e+00  9.05600000e-10  0.00000000e+00 
 9.25600000e-10  3.30000000e+00  9.25600000e-10  3.30000000e+00  9.25600000e-10  3.29999988e+00  9.25600000e-10  3.30000015e+00  9.25600000e-10  0.00000000e+00  9.25600000e-10  0.00000000e+00 
 9.45600000e-10  3.30000000e+00  9.45600000e-10  3.30000000e+00  9.45600000e-10  3.29999988e+00  9.45600000e-10  3.30000015e+00  9.45600000e-10  0.00000000e+00  9.45600000e-10  0.00000000e+00 
 9.65600000e-10  3.30000000e+00  9.65600000e-10  3.30000000e+00  9.65600000e-10  3.29999988e+00  9.65600000e-10  3.30000015e+00  9.65600000e-10  0.00000000e+00  9.65600000e-10  0.00000000e+00 
 9.85600000e-10  3.30000000e+00  9.85600000e-10  3.30000000e+00  9.85600000e-10  3.29999988e+00  9.85600000e-10  3.30000015e+00  9.85600000e-10  0.00000000e+00  9.85600000e-10  0.00000000e+00 
 1.00560000e-09  3.30000000e+00  1.00560000e-09  3.30000000e+00  1.00560000e-09  3.29999988e+00  1.00560000e-09  3.30000015e+00  1.00560000e-09  0.00000000e+00  1.00560000e-09  0.00000000e+00 
 1.02560000e-09  3.30000000e+00  1.02560000e-09  3.30000000e+00  1.02560000e-09  3.29999988e+00  1.02560000e-09  3.30000015e+00  1.02560000e-09  0.00000000e+00  1.02560000e-09  0.00000000e+00 
 1.04560000e-09  3.30000000e+00  1.04560000e-09  3.30000000e+00  1.04560000e-09  3.29999988e+00  1.04560000e-09  3.30000015e+00  1.04560000e-09  0.00000000e+00  1.04560000e-09  0.00000000e+00 
 1.06560000e-09  3.30000000e+00  1.06560000e-09  3.30000000e+00  1.06560000e-09  3.29999988e+00  1.06560000e-09  3.30000015e+00  1.06560000e-09  0.00000000e+00  1.06560000e-09  0.00000000e+00 
 1.08560000e-09  3.30000000e+00  1.08560000e-09  3.30000000e+00  1.08560000e-09  3.29999988e+00  1.08560000e-09  3.30000015e+00  1.08560000e-09  0.00000000e+00  1.08560000e-09  0.00000000e+00 
 1.10560000e-09  3.30000000e+00  1.10560000e-09  3.30000000e+00  1.10560000e-09  3.29999988e+00  1.10560000e-09  3.30000015e+00  1.10560000e-09  0.00000000e+00  1.10560000e-09  0.00000000e+00 
 1.12560000e-09  3.30000000e+00  1.12560000e-09  3.30000000e+00  1.12560000e-09  3.29999988e+00  1.12560000e-09  3.30000015e+00  1.12560000e-09  0.00000000e+00  1.12560000e-09  0.00000000e+00 
 1.14560000e-09  3.30000000e+00  1.14560000e-09  3.30000000e+00  1.14560000e-09  3.29999988e+00  1.14560000e-09  3.30000015e+00  1.14560000e-09  0.00000000e+00  1.14560000e-09  0.00000000e+00 
 1.16560000e-09  3.30000000e+00  1.16560000e-09  3.30000000e+00  1.16560000e-09  3.29999988e+00  1.16560000e-09  3.30000015e+00  1.16560000e-09  0.00000000e+00  1.16560000e-09  0.00000000e+00 
 1.18560000e-09  3.30000000e+00  1.18560000e-09  3.30000000e+00  1.18560000e-09  3.29999988e+00  1.18560000e-09  3.30000015e+00  1.18560000e-09  0.00000000e+00  1.18560000e-09  0.00000000e+00 
 1.20560000e-09  3.30000000e+00  1.20560000e-09  3.30000000e+00  1.20560000e-09  3.29999988e+00  1.20560000e-09  3.30000015e+00  1.20560000e-09  0.00000000e+00  1.20560000e-09  0.00000000e+00 
 1.22560000e-09  3.30000000e+00  1.22560000e-09  3.30000000e+00  1.22560000e-09  3.29999988e+00  1.22560000e-09  3.30000015e+00  1.22560000e-09  0.00000000e+00  1.22560000e-09  0.00000000e+00 
 1.24560000e-09  3.30000000e+00  1.24560000e-09  3.30000000e+00  1.24560000e-09  3.29999988e+00  1.24560000e-09  3.30000015e+00  1.24560000e-09  0.00000000e+00  1.24560000e-09  0.00000000e+00 
 1.26560000e-09  3.30000000e+00  1.26560000e-09  3.30000000e+00  1.26560000e-09  3.29999988e+00  1.26560000e-09  3.30000015e+00  1.26560000e-09  0.00000000e+00  1.26560000e-09  0.00000000e+00 
 1.28560000e-09  3.30000000e+00  1.28560000e-09  3.30000000e+00  1.28560000e-09  3.29999988e+00  1.28560000e-09  3.30000015e+00  1.28560000e-09  0.00000000e+00  1.28560000e-09  0.00000000e+00 
 1.30560000e-09  3.30000000e+00  1.30560000e-09  3.30000000e+00  1.30560000e-09  3.29999988e+00  1.30560000e-09  3.30000015e+00  1.30560000e-09  0.00000000e+00  1.30560000e-09  0.00000000e+00 
 1.32560000e-09  3.30000000e+00  1.32560000e-09  3.30000000e+00  1.32560000e-09  3.29999988e+00  1.32560000e-09  3.30000015e+00  1.32560000e-09  0.00000000e+00  1.32560000e-09  0.00000000e+00 
 1.34560000e-09  3.30000000e+00  1.34560000e-09  3.30000000e+00  1.34560000e-09  3.29999988e+00  1.34560000e-09  3.30000015e+00  1.34560000e-09  0.00000000e+00  1.34560000e-09  0.00000000e+00 
 1.36560000e-09  3.30000000e+00  1.36560000e-09  3.30000000e+00  1.36560000e-09  3.29999988e+00  1.36560000e-09  3.30000015e+00  1.36560000e-09  0.00000000e+00  1.36560000e-09  0.00000000e+00 
 1.38560000e-09  3.30000000e+00  1.38560000e-09  3.30000000e+00  1.38560000e-09  3.29999988e+00  1.38560000e-09  3.30000015e+00  1.38560000e-09  0.00000000e+00  1.38560000e-09  0.00000000e+00 
 1.40560000e-09  3.30000000e+00  1.40560000e-09  3.30000000e+00  1.40560000e-09  3.29999988e+00  1.40560000e-09  3.30000015e+00  1.40560000e-09  0.00000000e+00  1.40560000e-09  0.00000000e+00 
 1.42560000e-09  3.30000000e+00  1.42560000e-09  3.30000000e+00  1.42560000e-09  3.29999988e+00  1.42560000e-09  3.30000015e+00  1.42560000e-09  0.00000000e+00  1.42560000e-09  0.00000000e+00 
 1.44560000e-09  3.30000000e+00  1.44560000e-09  3.30000000e+00  1.44560000e-09  3.29999988e+00  1.44560000e-09  3.30000015e+00  1.44560000e-09  0.00000000e+00  1.44560000e-09  0.00000000e+00 
 1.46560000e-09  3.30000000e+00  1.46560000e-09  3.30000000e+00  1.46560000e-09  3.29999988e+00  1.46560000e-09  3.30000015e+00  1.46560000e-09  0.00000000e+00  1.46560000e-09  0.00000000e+00 
 1.48560000e-09  3.30000000e+00  1.48560000e-09  3.30000000e+00  1.48560000e-09  3.29999988e+00  1.48560000e-09  3.30000015e+00  1.48560000e-09  0.00000000e+00  1.48560000e-09  0.00000000e+00 
 1.50560000e-09  3.30000000e+00  1.50560000e-09  3.30000000e+00  1.50560000e-09  3.29999988e+00  1.50560000e-09  3.30000015e+00  1.50560000e-09  0.00000000e+00  1.50560000e-09  0.00000000e+00 
 1.52560000e-09  3.30000000e+00  1.52560000e-09  3.30000000e+00  1.52560000e-09  3.29999988e+00  1.52560000e-09  3.30000015e+00  1.52560000e-09  0.00000000e+00  1.52560000e-09  0.00000000e+00 
 1.54560000e-09  3.30000000e+00  1.54560000e-09  3.30000000e+00  1.54560000e-09  3.29999988e+00  1.54560000e-09  3.30000015e+00  1.54560000e-09  0.00000000e+00  1.54560000e-09  0.00000000e+00 
 1.56560000e-09  3.30000000e+00  1.56560000e-09  3.30000000e+00  1.56560000e-09  3.29999988e+00  1.56560000e-09  3.30000015e+00  1.56560000e-09  0.00000000e+00  1.56560000e-09  0.00000000e+00 
 1.58560000e-09  3.30000000e+00  1.58560000e-09  3.30000000e+00  1.58560000e-09  3.29999988e+00  1.58560000e-09  3.30000015e+00  1.58560000e-09  0.00000000e+00  1.58560000e-09  0.00000000e+00 
 1.60560000e-09  3.30000000e+00  1.60560000e-09  3.30000000e+00  1.60560000e-09  3.29999988e+00  1.60560000e-09  3.30000015e+00  1.60560000e-09  0.00000000e+00  1.60560000e-09  0.00000000e+00 
 1.62560000e-09  3.30000000e+00  1.62560000e-09  3.30000000e+00  1.62560000e-09  3.29999988e+00  1.62560000e-09  3.30000015e+00  1.62560000e-09  0.00000000e+00  1.62560000e-09  0.00000000e+00 
 1.64560000e-09  3.30000000e+00  1.64560000e-09  3.30000000e+00  1.64560000e-09  3.29999988e+00  1.64560000e-09  3.30000015e+00  1.64560000e-09  0.00000000e+00  1.64560000e-09  0.00000000e+00 
 1.66560000e-09  3.30000000e+00  1.66560000e-09  3.30000000e+00  1.66560000e-09  3.29999988e+00  1.66560000e-09  3.30000015e+00  1.66560000e-09  0.00000000e+00  1.66560000e-09  0.00000000e+00 
 1.68560000e-09  3.30000000e+00  1.68560000e-09  3.30000000e+00  1.68560000e-09  3.29999988e+00  1.68560000e-09  3.30000015e+00  1.68560000e-09  0.00000000e+00  1.68560000e-09  0.00000000e+00 
 1.70560000e-09  3.30000000e+00  1.70560000e-09  3.30000000e+00  1.70560000e-09  3.29999988e+00  1.70560000e-09  3.30000015e+00  1.70560000e-09  0.00000000e+00  1.70560000e-09  0.00000000e+00 
 1.72560000e-09  3.30000000e+00  1.72560000e-09  3.30000000e+00  1.72560000e-09  3.29999988e+00  1.72560000e-09  3.30000015e+00  1.72560000e-09  0.00000000e+00  1.72560000e-09  0.00000000e+00 
 1.74560000e-09  3.30000000e+00  1.74560000e-09  3.30000000e+00  1.74560000e-09  3.29999988e+00  1.74560000e-09  3.30000015e+00  1.74560000e-09  0.00000000e+00  1.74560000e-09  0.00000000e+00 
 1.76560000e-09  3.30000000e+00  1.76560000e-09  3.30000000e+00  1.76560000e-09  3.29999988e+00  1.76560000e-09  3.30000015e+00  1.76560000e-09  0.00000000e+00  1.76560000e-09  0.00000000e+00 
 1.78560000e-09  3.30000000e+00  1.78560000e-09  3.30000000e+00  1.78560000e-09  3.29999988e+00  1.78560000e-09  3.30000015e+00  1.78560000e-09  0.00000000e+00  1.78560000e-09  0.00000000e+00 
 1.80560000e-09  3.30000000e+00  1.80560000e-09  3.30000000e+00  1.80560000e-09  3.29999988e+00  1.80560000e-09  3.30000015e+00  1.80560000e-09  0.00000000e+00  1.80560000e-09  0.00000000e+00 
 1.82560000e-09  3.30000000e+00  1.82560000e-09  3.30000000e+00  1.82560000e-09  3.29999988e+00  1.82560000e-09  3.30000015e+00  1.82560000e-09  0.00000000e+00  1.82560000e-09  0.00000000e+00 
 1.84560000e-09  3.30000000e+00  1.84560000e-09  3.30000000e+00  1.84560000e-09  3.29999988e+00  1.84560000e-09  3.30000015e+00  1.84560000e-09  0.00000000e+00  1.84560000e-09  0.00000000e+00 
 1.86560000e-09  3.30000000e+00  1.86560000e-09  3.30000000e+00  1.86560000e-09  3.29999988e+00  1.86560000e-09  3.30000015e+00  1.86560000e-09  0.00000000e+00  1.86560000e-09  0.00000000e+00 
 1.88560000e-09  3.30000000e+00  1.88560000e-09  3.30000000e+00  1.88560000e-09  3.29999988e+00  1.88560000e-09  3.30000015e+00  1.88560000e-09  0.00000000e+00  1.88560000e-09  0.00000000e+00 
 1.90560000e-09  3.30000000e+00  1.90560000e-09  3.30000000e+00  1.90560000e-09  3.29999988e+00  1.90560000e-09  3.30000015e+00  1.90560000e-09  0.00000000e+00  1.90560000e-09  0.00000000e+00 
 1.92560000e-09  3.30000000e+00  1.92560000e-09  3.30000000e+00  1.92560000e-09  3.29999988e+00  1.92560000e-09  3.30000015e+00  1.92560000e-09  0.00000000e+00  1.92560000e-09  0.00000000e+00 
 1.94560000e-09  3.30000000e+00  1.94560000e-09  3.30000000e+00  1.94560000e-09  3.29999988e+00  1.94560000e-09  3.30000015e+00  1.94560000e-09  0.00000000e+00  1.94560000e-09  0.00000000e+00 
 1.96560000e-09  3.30000000e+00  1.96560000e-09  3.30000000e+00  1.96560000e-09  3.29999988e+00  1.96560000e-09  3.30000015e+00  1.96560000e-09  0.00000000e+00  1.96560000e-09  0.00000000e+00 
 1.98280000e-09  3.30000000e+00  1.98280000e-09  3.30000000e+00  1.98280000e-09  3.29999988e+00  1.98280000e-09  3.30000015e+00  1.98280000e-09  0.00000000e+00  1.98280000e-09  0.00000000e+00 
 2.00000000e-09  3.30000000e+00  2.00000000e-09  3.30000000e+00  2.00000000e-09  3.29999988e+00  2.00000000e-09  3.30000015e+00  2.00000000e-09  0.00000000e+00  2.00000000e-09  0.00000000e+00 
 2.00200000e-09  3.30000713e+00  2.00200000e-09  3.30000713e+00  2.00200000e-09  3.30263575e+00  2.00200000e-09  3.30263627e+00  2.00200000e-09  6.60000000e-02  2.00200000e-09  0.00000000e+00 
 2.00600000e-09  3.30001662e+00  2.00600000e-09  3.30001662e+00  2.00600000e-09  3.30780902e+00  2.00600000e-09  3.30781003e+00  2.00600000e-09  1.98000000e-01  2.00600000e-09  0.00000000e+00 
 2.01400000e-09  3.30001846e+00  2.01400000e-09  3.30001846e+00  2.01400000e-09  3.31759756e+00  2.01400000e-09  3.31759942e+00  2.01400000e-09  4.62000000e-01  2.01400000e-09  0.00000000e+00 
 2.03000000e-09  3.30000705e+00  2.03000000e-09  3.30000705e+00  2.03000000e-09  3.33554711e+00  2.03000000e-09  3.33555071e+00  2.03000000e-09  9.90000000e-01  2.03000000e-09  0.00000000e+00 
 2.05000000e-09  3.29999980e+00  2.05000000e-09  3.29999980e+00  2.05000000e-09  3.35653508e+00  2.05000000e-09  3.35654032e+00  2.05000000e-09  1.65000000e+00  2.05000000e-09  0.00000000e+00 
 2.07000000e-09  3.30000115e+00  2.07000000e-09  3.30000115e+00  2.07000000e-09  3.37843007e+00  2.07000000e-09  3.37843568e+00  2.07000000e-09  2.31000000e+00  2.07000000e-09  0.00000000e+00 
 2.08500000e-09  3.29999951e+00  2.08500000e-09  3.29999951e+00  2.08500000e-09  3.39421025e+00  2.08500000e-09  3.39421489e+00  2.08500000e-09  2.80500000e+00  2.08500000e-09  0.00000000e+00 
 2.10000000e-09  3.29998755e+00  2.10000000e-09  3.29998754e+00  2.10000000e-09  3.40042565e+00  2.10000000e-09  3.40042612e+00  2.10000000e-09  3.30000000e+00  2.10000000e-09  0.00000000e+00 
 2.10200000e-09  3.29998665e+00  2.10200000e-09  3.29998665e+00  2.10200000e-09  3.40043377e+00  2.10200000e-09  3.40043274e+00  2.10200000e-09  3.30000000e+00  2.10200000e-09  0.00000000e+00 
 2.10600000e-09  3.29998598e+00  2.10600000e-09  3.29998597e+00  2.10600000e-09  3.40045485e+00  2.10600000e-09  3.40045029e+00  2.10600000e-09  3.30000000e+00  2.10600000e-09  0.00000000e+00 
 2.11400000e-09  3.29998837e+00  2.11400000e-09  3.29998835e+00  2.11400000e-09  3.40052018e+00  2.11400000e-09  3.40050598e+00  2.11400000e-09  3.30000000e+00  2.11400000e-09  0.00000000e+00 
 2.13000000e-09  3.29999512e+00  2.13000000e-09  3.29999509e+00  2.13000000e-09  3.40078272e+00  2.13000000e-09  3.40073317e+00  2.13000000e-09  3.30000000e+00  2.13000000e-09  0.00000000e+00 
 2.15000000e-09  3.29999956e+00  2.15000000e-09  3.29999950e+00  2.15000000e-09  3.40156904e+00  2.15000000e-09  3.40141780e+00  2.15000000e-09  3.30000000e+00  2.15000000e-09  0.00000000e+00 
 2.17000000e-09  3.30000102e+00  2.17000000e-09  3.30000088e+00  2.17000000e-09  3.40339950e+00  2.17000000e-09  3.40301555e+00  2.17000000e-09  3.30000000e+00  2.17000000e-09  0.00000000e+00 
 2.19000000e-09  3.30000206e+00  2.19000000e-09  3.30000182e+00  2.19000000e-09  3.40711933e+00  2.19000000e-09  3.40628169e+00  2.19000000e-09  3.30000000e+00  2.19000000e-09  0.00000000e+00 
 2.21000000e-09  3.30000277e+00  2.21000000e-09  3.30000251e+00  2.21000000e-09  3.41330910e+00  2.21000000e-09  3.41179220e+00  2.21000000e-09  3.30000000e+00  2.21000000e-09  0.00000000e+00 
 2.23000000e-09  3.30000224e+00  2.23000000e-09  3.30000216e+00  2.23000000e-09  3.42138022e+00  2.23000000e-09  3.41915010e+00  2.23000000e-09  3.30000000e+00  2.23000000e-09  0.00000000e+00 
 2.25000000e-09  3.30000030e+00  2.25000000e-09  3.30000056e+00  2.25000000e-09  3.42951980e+00  2.25000000e-09  3.42685455e+00  2.25000000e-09  3.30000000e+00  2.25000000e-09  0.00000000e+00 
 2.27000000e-09  3.29999797e+00  2.27000000e-09  3.29999851e+00  2.27000000e-09  3.43558904e+00  2.27000000e-09  3.43301484e+00  2.27000000e-09  3.30000000e+00  2.27000000e-09  0.00000000e+00 
 2.29000000e-09  3.29999595e+00  2.29000000e-09  3.29999665e+00  2.29000000e-09  3.43789415e+00  2.29000000e-09  3.43604263e+00  2.29000000e-09  3.30000000e+00  2.29000000e-09  0.00000000e+00 
 2.31000000e-09  3.29999471e+00  2.31000000e-09  3.29999539e+00  2.31000000e-09  3.43541859e+00  2.31000000e-09  3.43491593e+00  2.31000000e-09  3.30000000e+00  2.31000000e-09  0.00000000e+00 
 2.33000000e-09  3.29999422e+00  2.33000000e-09  3.29999491e+00  2.33000000e-09  3.42774445e+00  2.33000000e-09  3.42915496e+00  2.33000000e-09  3.30000000e+00  2.33000000e-09  0.00000000e+00 
 2.35000000e-09  3.29999405e+00  2.35000000e-09  3.29999463e+00  2.35000000e-09  3.41488953e+00  2.35000000e-09  3.41869567e+00  2.35000000e-09  3.30000000e+00  2.35000000e-09  0.00000000e+00 
 2.37000000e-09  3.29999437e+00  2.37000000e-09  3.29999483e+00  2.37000000e-09  3.39715351e+00  2.37000000e-09  3.40375551e+00  2.37000000e-09  3.30000000e+00  2.37000000e-09  0.00000000e+00 
 2.39000000e-09  3.29999493e+00  2.39000000e-09  3.29999529e+00  2.39000000e-09  3.37499549e+00  2.39000000e-09  3.38471842e+00  2.39000000e-09  3.30000000e+00  2.39000000e-09  0.00000000e+00 
 2.41000000e-09  3.29999562e+00  2.41000000e-09  3.29999587e+00  2.41000000e-09  3.34894323e+00  2.41000000e-09  3.36204804e+00  2.41000000e-09  3.30000000e+00  2.41000000e-09  0.00000000e+00 
 2.43000000e-09  3.29999636e+00  2.43000000e-09  3.29999652e+00  2.43000000e-09  3.31953672e+00  2.43000000e-09  3.33623102e+00  2.43000000e-09  3.30000000e+00  2.43000000e-09  0.00000000e+00 
 2.45000000e-09  3.29999709e+00  2.45000000e-09  3.29999716e+00  2.45000000e-09  3.28729348e+00  2.45000000e-09  3.30773997e+00  2.45000000e-09  3.30000000e+00  2.45000000e-09  0.00000000e+00 
 2.47000000e-09  3.29999778e+00  2.47000000e-09  3.29999778e+00  2.47000000e-09  3.25268418e+00  2.47000000e-09  3.27701002e+00  2.47000000e-09  3.30000000e+00  2.47000000e-09  0.00000000e+00 
 2.49000000e-09  3.29999841e+00  2.49000000e-09  3.29999835e+00  2.49000000e-09  3.21612552e+00  2.49000000e-09  3.24442683e+00  2.49000000e-09  3.30000000e+00  2.49000000e-09  0.00000000e+00 
 2.51000000e-09  3.29999895e+00  2.51000000e-09  3.29999885e+00  2.51000000e-09  3.17797763e+00  2.51000000e-09  3.21032669e+00  2.51000000e-09  3.30000000e+00  2.51000000e-09  0.00000000e+00 
 2.53000000e-09  3.29999940e+00  2.53000000e-09  3.29999927e+00  2.53000000e-09  3.13854681e+00  2.53000000e-09  3.17499601e+00  2.53000000e-09  3.30000000e+00  2.53000000e-09  0.00000000e+00 
 2.55000000e-09  3.29999974e+00  2.55000000e-09  3.29999961e+00  2.55000000e-09  3.09809098e+00  2.55000000e-09  3.13867615e+00  2.55000000e-09  3.30000000e+00  2.55000000e-09  0.00000000e+00 
 2.57000000e-09  3.29999999e+00  2.57000000e-09  3.29999987e+00  2.57000000e-09  3.05682540e+00  2.57000000e-09  3.10156868e+00  2.57000000e-09  3.30000000e+00  2.57000000e-09  0.00000000e+00 
 2.59000000e-09  3.30000016e+00  2.59000000e-09  3.30000006e+00  2.59000000e-09  3.01492866e+00  2.59000000e-09  3.06384088e+00  2.59000000e-09  3.30000000e+00  2.59000000e-09  0.00000000e+00 
 2.61000000e-09  3.30000028e+00  2.61000000e-09  3.30000019e+00  2.61000000e-09  2.97254794e+00  2.61000000e-09  3.02563072e+00  2.61000000e-09  3.30000000e+00  2.61000000e-09  0.00000000e+00 
 2.63000000e-09  3.30000035e+00  2.63000000e-09  3.30000027e+00  2.63000000e-09  2.92980414e+00  2.63000000e-09  2.98705158e+00  2.63000000e-09  3.30000000e+00  2.63000000e-09  0.00000000e+00 
 2.65000000e-09  3.30000039e+00  2.65000000e-09  3.30000033e+00  2.65000000e-09  2.88679614e+00  2.65000000e-09  2.94819623e+00  2.65000000e-09  3.30000000e+00  2.65000000e-09  0.00000000e+00 
 2.67000000e-09  3.30000041e+00  2.67000000e-09  3.30000036e+00  2.67000000e-09  2.84360477e+00  2.67000000e-09  2.90914048e+00  2.67000000e-09  3.30000000e+00  2.67000000e-09  0.00000000e+00 
 2.69000000e-09  3.30000042e+00  2.69000000e-09  3.30000037e+00  2.69000000e-09  2.80029591e+00  2.69000000e-09  2.86994609e+00  2.69000000e-09  3.30000000e+00  2.69000000e-09  0.00000000e+00 
 2.71000000e-09  3.30000042e+00  2.71000000e-09  3.30000038e+00  2.71000000e-09  2.75692339e+00  2.71000000e-09  2.83066343e+00  2.71000000e-09  3.30000000e+00  2.71000000e-09  0.00000000e+00 
 2.73000000e-09  3.30000042e+00  2.73000000e-09  3.30000038e+00  2.73000000e-09  2.71353112e+00  2.73000000e-09  2.79133353e+00  2.73000000e-09  3.30000000e+00  2.73000000e-09  0.00000000e+00 
 2.75000000e-09  3.30000041e+00  2.75000000e-09  3.30000037e+00  2.75000000e-09  2.67015514e+00  2.75000000e-09  2.75198992e+00  2.75000000e-09  3.30000000e+00  2.75000000e-09  0.00000000e+00 
 2.77000000e-09  3.30000040e+00  2.77000000e-09  3.30000037e+00  2.77000000e-09  2.62682499e+00  2.77000000e-09  2.71266000e+00  2.77000000e-09  3.30000000e+00  2.77000000e-09  0.00000000e+00 
 2.79000000e-09  3.30000039e+00  2.79000000e-09  3.30000036e+00  2.79000000e-09  2.58356511e+00  2.79000000e-09  2.67336633e+00  2.79000000e-09  3.30000000e+00  2.79000000e-09  0.00000000e+00 
 2.81000000e-09  3.30000038e+00  2.81000000e-09  3.30000035e+00  2.81000000e-09  2.54039575e+00  2.81000000e-09  2.63412747e+00  2.81000000e-09  3.30000000e+00  2.81000000e-09  0.00000000e+00 
 2.83000000e-09  3.30000037e+00  2.83000000e-09  3.30000034e+00  2.83000000e-09  2.49733391e+00  2.83000000e-09  2.59495889e+00  2.83000000e-09  3.30000000e+00  2.83000000e-09  0.00000000e+00 
 2.85000000e-09  3.30000036e+00  2.85000000e-09  3.30000033e+00  2.85000000e-09  2.45439385e+00  2.85000000e-09  2.55587348e+00  2.85000000e-09  3.30000000e+00  2.85000000e-09  0.00000000e+00 
 2.87000000e-09  3.30000035e+00  2.87000000e-09  3.30000032e+00  2.87000000e-09  2.41158779e+00  2.87000000e-09  2.51688219e+00  2.87000000e-09  3.30000000e+00  2.87000000e-09  0.00000000e+00 
 2.89000000e-09  3.30000034e+00  2.89000000e-09  3.30000031e+00  2.89000000e-09  2.36892622e+00  2.89000000e-09  2.47799432e+00  2.89000000e-09  3.30000000e+00  2.89000000e-09  0.00000000e+00 
 2.91000000e-09  3.30000033e+00  2.91000000e-09  3.30000030e+00  2.91000000e-09  2.32641841e+00  2.91000000e-09  2.43921795e+00  2.91000000e-09  3.30000000e+00  2.91000000e-09  0.00000000e+00 
 2.93000000e-09  3.30000032e+00  2.93000000e-09  3.30000029e+00  2.93000000e-09  2.28407261e+00  2.93000000e-09  2.40056012e+00  2.93000000e-09  3.30000000e+00  2.93000000e-09  0.00000000e+00 
 2.95000000e-09  3.30000032e+00  2.95000000e-09  3.30000028e+00  2.95000000e-09  2.24189656e+00  2.95000000e-09  2.36202713e+00  2.95000000e-09  3.30000000e+00  2.95000000e-09  0.00000000e+00 
 2.97000000e-09  3.30000031e+00  2.97000000e-09  3.30000027e+00  2.97000000e-09  2.19989772e+00  2.97000000e-09  2.32362459e+00  2.97000000e-09  3.30000000e+00  2.97000000e-09  0.00000000e+00 
 2.99000000e-09  3.30000031e+00  2.99000000e-09  3.30000027e+00  2.99000000e-09  2.15808370e+00  2.99000000e-09  2.28535772e+00  2.99000000e-09  3.30000000e+00  2.99000000e-09  0.00000000e+00 
 3.01000000e-09  3.30000030e+00  3.01000000e-09  3.30000026e+00  3.01000000e-09  2.11646227e+00  3.01000000e-09  2.24723133e+00  3.01000000e-09  3.30000000e+00  3.01000000e-09  0.00000000e+00 
 3.03000000e-09  3.30000030e+00  3.03000000e-09  3.30000026e+00  3.03000000e-09  2.07504050e+00  3.03000000e-09  2.20925016e+00  3.03000000e-09  3.30000000e+00  3.03000000e-09  0.00000000e+00 
 3.05000000e-09  3.30000030e+00  3.05000000e-09  3.30000025e+00  3.05000000e-09  2.03382745e+00  3.05000000e-09  2.17141886e+00  3.05000000e-09  3.30000000e+00  3.05000000e-09  0.00000000e+00 
 3.07000000e-09  3.30000030e+00  3.07000000e-09  3.30000025e+00  3.07000000e-09  1.99283327e+00  3.07000000e-09  2.13374238e+00  3.07000000e-09  3.30000000e+00  3.07000000e-09  0.00000000e+00 
 3.09000000e-09  3.30000030e+00  3.09000000e-09  3.30000024e+00  3.09000000e-09  1.95206864e+00  3.09000000e-09  2.09622594e+00  3.09000000e-09  3.30000000e+00  3.09000000e-09  0.00000000e+00 
 3.11000000e-09  3.30000030e+00  3.11000000e-09  3.30000024e+00  3.11000000e-09  1.91154462e+00  3.11000000e-09  2.05887426e+00  3.11000000e-09  3.30000000e+00  3.11000000e-09  0.00000000e+00 
 3.13000000e-09  3.30000030e+00  3.13000000e-09  3.30000024e+00  3.13000000e-09  1.87127202e+00  3.13000000e-09  2.02169302e+00  3.13000000e-09  3.30000000e+00  3.13000000e-09  0.00000000e+00 
 3.15000000e-09  3.30000030e+00  3.15000000e-09  3.30000024e+00  3.15000000e-09  1.83126071e+00  3.15000000e-09  1.98468918e+00  3.15000000e-09  3.30000000e+00  3.15000000e-09  0.00000000e+00 
 3.17000000e-09  3.30000030e+00  3.17000000e-09  3.30000024e+00  3.17000000e-09  1.79151838e+00  3.17000000e-09  1.94787011e+00  3.17000000e-09  3.30000000e+00  3.17000000e-09  0.00000000e+00 
 3.19000000e-09  3.30000030e+00  3.19000000e-09  3.30000024e+00  3.19000000e-09  1.75204924e+00  3.19000000e-09  1.91124356e+00  3.19000000e-09  3.30000000e+00  3.19000000e-09  0.00000000e+00 
 3.21000000e-09  3.30000029e+00  3.21000000e-09  3.30000024e+00  3.21000000e-09  1.71285247e+00  3.21000000e-09  1.87481724e+00  3.21000000e-09  3.30000000e+00  3.21000000e-09  0.00000000e+00 
 3.23000000e-09  3.30000029e+00  3.23000000e-09  3.30000024e+00  3.23000000e-09  1.67392156e+00  3.23000000e-09  1.83859852e+00  3.23000000e-09  3.30000000e+00  3.23000000e-09  0.00000000e+00 
 3.25000000e-09  3.30000027e+00  3.25000000e-09  3.30000024e+00  3.25000000e-09  1.63524461e+00  3.25000000e-09  1.80259361e+00  3.25000000e-09  3.30000000e+00  3.25000000e-09  0.00000000e+00 
 3.27000000e-09  3.30000026e+00  3.27000000e-09  3.30000024e+00  3.27000000e-09  1.59680615e+00  3.27000000e-09  1.76680692e+00  3.27000000e-09  3.30000000e+00  3.27000000e-09  0.00000000e+00 
 3.29000000e-09  3.30000024e+00  3.29000000e-09  3.30000024e+00  3.29000000e-09  1.55858949e+00  3.29000000e-09  1.73123998e+00  3.29000000e-09  3.30000000e+00  3.29000000e-09  0.00000000e+00 
 3.31000000e-09  3.30000022e+00  3.31000000e-09  3.30000023e+00  3.31000000e-09  1.52057911e+00  3.31000000e-09  1.69589086e+00  3.31000000e-09  3.30000000e+00  3.31000000e-09  0.00000000e+00 
 3.33000000e-09  3.30000021e+00  3.33000000e-09  3.30000023e+00  3.33000000e-09  1.48276200e+00  3.33000000e-09  1.66075368e+00  3.33000000e-09  3.30000000e+00  3.33000000e-09  0.00000000e+00 
 3.35000000e-09  3.30000020e+00  3.35000000e-09  3.30000022e+00  3.35000000e-09  1.44512830e+00  3.35000000e-09  1.62581922e+00  3.35000000e-09  3.30000000e+00  3.35000000e-09  0.00000000e+00 
 3.37000000e-09  3.30000019e+00  3.37000000e-09  3.30000021e+00  3.37000000e-09  1.40767110e+00  3.37000000e-09  1.59107588e+00  3.37000000e-09  3.30000000e+00  3.37000000e-09  0.00000000e+00 
 3.39000000e-09  3.30000019e+00  3.39000000e-09  3.30000019e+00  3.39000000e-09  1.37038610e+00  3.39000000e-09  1.55651131e+00  3.39000000e-09  3.30000000e+00  3.39000000e-09  0.00000000e+00 
 3.41000000e-09  3.30000018e+00  3.41000000e-09  3.30000018e+00  3.41000000e-09  1.33327104e+00  3.41000000e-09  1.52211373e+00  3.41000000e-09  3.30000000e+00  3.41000000e-09  0.00000000e+00 
 3.43000000e-09  3.30000018e+00  3.43000000e-09  3.30000017e+00  3.43000000e-09  1.29632541e+00  3.43000000e-09  1.48787294e+00  3.43000000e-09  3.30000000e+00  3.43000000e-09  0.00000000e+00 
 3.45000000e-09  3.30000018e+00  3.45000000e-09  3.30000016e+00  3.45000000e-09  1.25955006e+00  3.45000000e-09  1.45378074e+00  3.45000000e-09  3.30000000e+00  3.45000000e-09  0.00000000e+00 
 3.47000000e-09  3.30000018e+00  3.47000000e-09  3.30000016e+00  3.47000000e-09  1.22294711e+00  3.47000000e-09  1.41983098e+00  3.47000000e-09  3.30000000e+00  3.47000000e-09  0.00000000e+00 
 3.49000000e-09  3.30000018e+00  3.49000000e-09  3.30000015e+00  3.49000000e-09  1.18651984e+00  3.49000000e-09  1.38601935e+00  3.49000000e-09  3.30000000e+00  3.49000000e-09  0.00000000e+00 
 3.51000000e-09  3.30000018e+00  3.51000000e-09  3.30000015e+00  3.51000000e-09  1.15027287e+00  3.51000000e-09  1.35234310e+00  3.51000000e-09  3.30000000e+00  3.51000000e-09  0.00000000e+00 
 3.53000000e-09  3.30000018e+00  3.53000000e-09  3.30000014e+00  3.53000000e-09  1.11421237e+00  3.53000000e-09  1.31880074e+00  3.53000000e-09  3.30000000e+00  3.53000000e-09  0.00000000e+00 
 3.55000000e-09  3.30000018e+00  3.55000000e-09  3.30000014e+00  3.55000000e-09  1.07834664e+00  3.55000000e-09  1.28539185e+00  3.55000000e-09  3.30000000e+00  3.55000000e-09  0.00000000e+00 
 3.57000000e-09  3.30000019e+00  3.57000000e-09  3.30000014e+00  3.57000000e-09  1.04268694e+00  3.57000000e-09  1.25211687e+00  3.57000000e-09  3.30000000e+00  3.57000000e-09  0.00000000e+00 
 3.59000000e-09  3.30000020e+00  3.59000000e-09  3.30000014e+00  3.59000000e-09  1.00724919e+00  3.59000000e-09  1.21897704e+00  3.59000000e-09  3.30000000e+00  3.59000000e-09  0.00000000e+00 
 3.61000000e-09  3.30000022e+00  3.61000000e-09  3.30000014e+00  3.61000000e-09  9.72056668e-01  3.61000000e-09  1.18597434e+00  3.61000000e-09  3.30000000e+00  3.61000000e-09  0.00000000e+00 
 3.63000000e-09  3.30000024e+00  3.63000000e-09  3.30000014e+00  3.63000000e-09  9.37145335e-01  3.63000000e-09  1.15311163e+00  3.63000000e-09  3.30000000e+00  3.63000000e-09  0.00000000e+00 
 3.65000000e-09  3.30000028e+00  3.65000000e-09  3.30000014e+00  3.65000000e-09  9.02574080e-01  3.65000000e-09  1.12039281e+00  3.65000000e-09  3.30000000e+00  3.65000000e-09  0.00000000e+00 
 3.67000000e-09  3.30000035e+00  3.67000000e-09  3.30000015e+00  3.67000000e-09  8.68446722e-01  3.67000000e-09  1.08782359e+00  3.67000000e-09  3.30000000e+00  3.67000000e-09  0.00000000e+00 
 3.69000000e-09  3.30000048e+00  3.69000000e-09  3.30000015e+00  3.69000000e-09  8.34962637e-01  3.69000000e-09  1.05541346e+00  3.69000000e-09  3.30000000e+00  3.69000000e-09  0.00000000e+00 
 3.71000000e-09  3.30000076e+00  3.71000000e-09  3.30000017e+00  3.71000000e-09  8.02537906e-01  3.71000000e-09  1.02318248e+00  3.71000000e-09  3.30000000e+00  3.71000000e-09  0.00000000e+00 
 3.73000000e-09  3.30000133e+00  3.73000000e-09  3.30000021e+00  3.73000000e-09  7.72016837e-01  3.73000000e-09  9.91173863e-01  3.73000000e-09  3.30000000e+00  3.73000000e-09  0.00000000e+00 
 3.75000000e-09  3.30000220e+00  3.75000000e-09  3.30000026e+00  3.75000000e-09  7.44662709e-01  3.75000000e-09  9.59444246e-01  3.75000000e-09  3.30000000e+00  3.75000000e-09  0.00000000e+00 
 3.77000000e-09  3.30000297e+00  3.77000000e-09  3.30000027e+00  3.77000000e-09  7.21516219e-01  3.77000000e-09  9.28011433e-01  3.77000000e-09  3.30000000e+00  3.77000000e-09  0.00000000e+00 
 3.79000000e-09  3.30000314e+00  3.79000000e-09  3.30000022e+00  3.79000000e-09  7.02693699e-01  3.79000000e-09  8.96828012e-01  3.79000000e-09  3.30000000e+00  3.79000000e-09  0.00000000e+00 
 3.81000000e-09  3.30000273e+00  3.81000000e-09  3.30000015e+00  3.81000000e-09  6.87515829e-01  3.81000000e-09  8.65820274e-01  3.81000000e-09  3.30000000e+00  3.81000000e-09  0.00000000e+00 
 3.83000000e-09  3.30000212e+00  3.83000000e-09  3.30000012e+00  3.83000000e-09  6.75101033e-01  3.83000000e-09  8.34962290e-01  3.83000000e-09  3.30000000e+00  3.83000000e-09  0.00000000e+00 
 3.85000000e-09  3.30000158e+00  3.85000000e-09  3.30000020e+00  3.85000000e-09  6.64716711e-01  3.85000000e-09  8.04393393e-01  3.85000000e-09  3.30000000e+00  3.85000000e-09  0.00000000e+00 
 3.87000000e-09  3.30000118e+00  3.87000000e-09  3.30000054e+00  3.87000000e-09  6.55841349e-01  3.87000000e-09  7.74618812e-01  3.87000000e-09  3.30000000e+00  3.87000000e-09  0.00000000e+00 
 3.89000000e-09  3.30000091e+00  3.89000000e-09  3.30000123e+00  3.89000000e-09  6.48117408e-01  3.89000000e-09  7.46664794e-01  3.89000000e-09  3.30000000e+00  3.89000000e-09  0.00000000e+00 
 3.91000000e-09  3.30000071e+00  3.91000000e-09  3.30000209e+00  3.91000000e-09  6.41282222e-01  3.91000000e-09  7.21751702e-01  3.91000000e-09  3.30000000e+00  3.91000000e-09  0.00000000e+00 
 3.93000000e-09  3.30000053e+00  3.93000000e-09  3.30000262e+00  3.93000000e-09  6.35117368e-01  3.93000000e-09  7.00537758e-01  3.93000000e-09  3.30000000e+00  3.93000000e-09  0.00000000e+00 
 3.95000000e-09  3.30000037e+00  3.95000000e-09  3.30000256e+00  3.95000000e-09  6.29433995e-01  3.95000000e-09  6.82809553e-01  3.95000000e-09  3.30000000e+00  3.95000000e-09  0.00000000e+00 
 3.97000000e-09  3.30000024e+00  3.97000000e-09  3.30000211e+00  3.97000000e-09  6.24074502e-01  3.97000000e-09  6.67879029e-01  3.97000000e-09  3.30000000e+00  3.97000000e-09  0.00000000e+00 
 3.99000000e-09  3.30000014e+00  3.99000000e-09  3.30000161e+00  3.99000000e-09  6.18914300e-01  3.99000000e-09  6.55040279e-01  3.99000000e-09  3.30000000e+00  3.99000000e-09  0.00000000e+00 
 4.01000000e-09  3.30000007e+00  4.01000000e-09  3.30000119e+00  4.01000000e-09  6.13861015e-01  4.01000000e-09  6.43745816e-01  4.01000000e-09  3.30000000e+00  4.01000000e-09  0.00000000e+00 
 4.03000000e-09  3.30000003e+00  4.03000000e-09  3.30000089e+00  4.03000000e-09  6.08851020e-01  4.03000000e-09  6.33608909e-01  4.03000000e-09  3.30000000e+00  4.03000000e-09  0.00000000e+00 
 4.05000000e-09  3.30000000e+00  4.05000000e-09  3.30000068e+00  4.05000000e-09  6.03844098e-01  4.05000000e-09  6.24361390e-01  4.05000000e-09  3.30000000e+00  4.05000000e-09  0.00000000e+00 
 4.07000000e-09  3.29999998e+00  4.07000000e-09  3.30000053e+00  4.07000000e-09  5.98817810e-01  4.07000000e-09  6.15814999e-01  4.07000000e-09  3.30000000e+00  4.07000000e-09  0.00000000e+00 
 4.09000000e-09  3.29999997e+00  4.09000000e-09  3.30000043e+00  4.09000000e-09  5.93762369e-01  4.09000000e-09  6.07833568e-01  4.09000000e-09  3.30000000e+00  4.09000000e-09  0.00000000e+00 
 4.11000000e-09  3.29999997e+00  4.11000000e-09  3.30000035e+00  4.11000000e-09  5.88676461e-01  4.11000000e-09  6.00317503e-01  4.11000000e-09  3.30000000e+00  4.11000000e-09  0.00000000e+00 
 4.13000000e-09  3.29999998e+00  4.13000000e-09  3.30000029e+00  4.13000000e-09  5.83564103e-01  4.13000000e-09  5.93190652e-01  4.13000000e-09  3.30000000e+00  4.13000000e-09  0.00000000e+00 
 4.15000000e-09  3.29999998e+00  4.15000000e-09  3.30000025e+00  4.15000000e-09  5.78432410e-01  4.15000000e-09  5.86392795e-01  4.15000000e-09  3.30000000e+00  4.15000000e-09  0.00000000e+00 
 4.17000000e-09  3.29999999e+00  4.17000000e-09  3.30000021e+00  4.17000000e-09  5.73289912e-01  4.17000000e-09  5.79876322e-01  4.17000000e-09  3.30000000e+00  4.17000000e-09  0.00000000e+00 
 4.19000000e-09  3.29999999e+00  4.19000000e-09  3.30000018e+00  4.19000000e-09  5.68145549e-01  4.19000000e-09  5.73602205e-01  4.19000000e-09  3.30000000e+00  4.19000000e-09  0.00000000e+00 
 4.21000000e-09  3.30000000e+00  4.21000000e-09  3.30000016e+00  4.21000000e-09  5.63007949e-01  4.21000000e-09  5.67538646e-01  4.21000000e-09  3.30000000e+00  4.21000000e-09  0.00000000e+00 
 4.23000000e-09  3.30000001e+00  4.23000000e-09  3.30000014e+00  4.23000000e-09  5.57885068e-01  4.23000000e-09  5.61659062e-01  4.23000000e-09  3.30000000e+00  4.23000000e-09  0.00000000e+00 
 4.25000000e-09  3.30000001e+00  4.25000000e-09  3.30000012e+00  4.25000000e-09  5.52783947e-01  4.25000000e-09  5.55941207e-01  4.25000000e-09  3.30000000e+00  4.25000000e-09  0.00000000e+00 
 4.27000000e-09  3.30000002e+00  4.27000000e-09  3.30000010e+00  4.27000000e-09  5.47710660e-01  4.27000000e-09  5.50366407e-01  4.27000000e-09  3.30000000e+00  4.27000000e-09  0.00000000e+00 
 4.29000000e-09  3.30000002e+00  4.29000000e-09  3.30000009e+00  4.29000000e-09  5.42670281e-01  4.29000000e-09  5.44918922e-01  4.29000000e-09  3.30000000e+00  4.29000000e-09  0.00000000e+00 
 4.31000000e-09  3.30000002e+00  4.31000000e-09  3.30000008e+00  4.31000000e-09  5.37666961e-01  4.31000000e-09  5.39585496e-01  4.31000000e-09  3.30000000e+00  4.31000000e-09  0.00000000e+00 
 4.33000000e-09  3.30000003e+00  4.33000000e-09  3.30000007e+00  4.33000000e-09  5.32703982e-01  4.33000000e-09  5.34354929e-01  4.33000000e-09  3.30000000e+00  4.33000000e-09  0.00000000e+00 
 4.35000000e-09  3.30000003e+00  4.35000000e-09  3.30000007e+00  4.35000000e-09  5.27783881e-01  4.35000000e-09  5.29217783e-01  4.35000000e-09  3.30000000e+00  4.35000000e-09  0.00000000e+00 
 4.37000000e-09  3.30000003e+00  4.37000000e-09  3.30000006e+00  4.37000000e-09  5.22908518e-01  4.37000000e-09  5.24166075e-01  4.37000000e-09  3.30000000e+00  4.37000000e-09  0.00000000e+00 
 4.39000000e-09  3.30000003e+00  4.39000000e-09  3.30000006e+00  4.39000000e-09  5.18079206e-01  4.39000000e-09  5.19193076e-01  4.39000000e-09  3.30000000e+00  4.39000000e-09  0.00000000e+00 
 4.41000000e-09  3.30000003e+00  4.41000000e-09  3.30000005e+00  4.41000000e-09  5.13296775e-01  4.41000000e-09  5.14293080e-01  4.41000000e-09  3.30000000e+00  4.41000000e-09  0.00000000e+00 
 4.43000000e-09  3.30000003e+00  4.43000000e-09  3.30000005e+00  4.43000000e-09  5.08561684e-01  4.43000000e-09  5.09461270e-01  4.43000000e-09  3.30000000e+00  4.43000000e-09  0.00000000e+00 
 4.45000000e-09  3.30000003e+00  4.45000000e-09  3.30000004e+00  4.45000000e-09  5.03874065e-01  4.45000000e-09  5.04693538e-01  4.45000000e-09  3.30000000e+00  4.45000000e-09  0.00000000e+00 
 4.47000000e-09  3.30000003e+00  4.47000000e-09  3.30000004e+00  4.47000000e-09  4.99233824e-01  4.47000000e-09  4.99986402e-01  4.47000000e-09  3.30000000e+00  4.47000000e-09  0.00000000e+00 
 4.49000000e-09  3.30000003e+00  4.49000000e-09  3.30000004e+00  4.49000000e-09  4.94640660e-01  4.49000000e-09  4.95336865e-01  4.49000000e-09  3.30000000e+00  4.49000000e-09  0.00000000e+00 
 4.51000000e-09  3.30000003e+00  4.51000000e-09  3.30000004e+00  4.51000000e-09  4.90094146e-01  4.51000000e-09  4.90742367e-01  4.51000000e-09  3.30000000e+00  4.51000000e-09  0.00000000e+00 
 4.53000000e-09  3.30000003e+00  4.53000000e-09  3.30000004e+00  4.53000000e-09  4.85593737e-01  4.53000000e-09  4.86200676e-01  4.53000000e-09  3.30000000e+00  4.53000000e-09  0.00000000e+00 
 4.55000000e-09  3.30000003e+00  4.55000000e-09  3.30000003e+00  4.55000000e-09  4.81138829e-01  4.55000000e-09  4.81709865e-01  4.55000000e-09  3.30000000e+00  4.55000000e-09  0.00000000e+00 
 4.57000000e-09  3.30000003e+00  4.57000000e-09  3.30000003e+00  4.57000000e-09  4.76728756e-01  4.57000000e-09  4.77268230e-01  4.57000000e-09  3.30000000e+00  4.57000000e-09  0.00000000e+00 
 4.59000000e-09  3.30000003e+00  4.59000000e-09  3.30000003e+00  4.59000000e-09  4.72362841e-01  4.59000000e-09  4.72874279e-01  4.59000000e-09  3.30000000e+00  4.59000000e-09  0.00000000e+00 
 4.61000000e-09  3.30000003e+00  4.61000000e-09  3.30000003e+00  4.61000000e-09  4.68040378e-01  4.61000000e-09  4.68526668e-01  4.61000000e-09  3.30000000e+00  4.61000000e-09  0.00000000e+00 
 4.63000000e-09  3.30000003e+00  4.63000000e-09  3.30000003e+00  4.63000000e-09  4.63760673e-01  4.63000000e-09  4.64224206e-01  4.63000000e-09  3.30000000e+00  4.63000000e-09  0.00000000e+00 
 4.65000000e-09  3.30000003e+00  4.65000000e-09  3.30000003e+00  4.65000000e-09  4.59523029e-01  4.65000000e-09  4.59965802e-01  4.65000000e-09  3.30000000e+00  4.65000000e-09  0.00000000e+00 
 4.67000000e-09  3.30000003e+00  4.67000000e-09  3.30000003e+00  4.67000000e-09  4.55326773e-01  4.67000000e-09  4.55750476e-01  4.67000000e-09  3.30000000e+00  4.67000000e-09  0.00000000e+00 
 4.69000000e-09  3.30000003e+00  4.69000000e-09  3.30000003e+00  4.69000000e-09  4.51171236e-01  4.69000000e-09  4.51577315e-01  4.69000000e-09  3.30000000e+00  4.69000000e-09  0.00000000e+00 
 4.71000000e-09  3.30000003e+00  4.71000000e-09  3.30000003e+00  4.71000000e-09  4.47055784e-01  4.71000000e-09  4.47445490e-01  4.71000000e-09  3.30000000e+00  4.71000000e-09  0.00000000e+00 
 4.73000000e-09  3.30000003e+00  4.73000000e-09  3.30000003e+00  4.73000000e-09  4.42979791e-01  4.73000000e-09  4.43354219e-01  4.73000000e-09  3.30000000e+00  4.73000000e-09  0.00000000e+00 
 4.75000000e-09  3.30000003e+00  4.75000000e-09  3.30000003e+00  4.75000000e-09  4.38942666e-01  4.75000000e-09  4.39302784e-01  4.75000000e-09  3.30000000e+00  4.75000000e-09  0.00000000e+00 
 4.77000000e-09  3.30000003e+00  4.77000000e-09  3.30000003e+00  4.77000000e-09  4.34943825e-01  4.77000000e-09  4.35290499e-01  4.77000000e-09  3.30000000e+00  4.77000000e-09  0.00000000e+00 
 4.79000000e-09  3.30000002e+00  4.79000000e-09  3.30000003e+00  4.79000000e-09  4.30982722e-01  4.79000000e-09  4.31316731e-01  4.79000000e-09  3.30000000e+00  4.79000000e-09  0.00000000e+00 
 4.81000000e-09  3.30000002e+00  4.81000000e-09  3.30000002e+00  4.81000000e-09  4.27058818e-01  4.81000000e-09  4.27380869e-01  4.81000000e-09  3.30000000e+00  4.81000000e-09  0.00000000e+00 
 4.83000000e-09  3.30000002e+00  4.83000000e-09  3.30000002e+00  4.83000000e-09  4.23171608e-01  4.83000000e-09  4.23482346e-01  4.83000000e-09  3.30000000e+00  4.83000000e-09  0.00000000e+00 
 4.85000000e-09  3.30000002e+00  4.85000000e-09  3.30000002e+00  4.85000000e-09  4.19320591e-01  4.85000000e-09  4.19620609e-01  4.85000000e-09  3.30000000e+00  4.85000000e-09  0.00000000e+00 
 4.87000000e-09  3.30000002e+00  4.87000000e-09  3.30000002e+00  4.87000000e-09  4.15505300e-01  4.87000000e-09  4.15795145e-01  4.87000000e-09  3.30000000e+00  4.87000000e-09  0.00000000e+00 
 4.89000000e-09  3.30000002e+00  4.89000000e-09  3.30000002e+00  4.89000000e-09  4.11725269e-01  4.89000000e-09  4.12005448e-01  4.89000000e-09  3.30000000e+00  4.89000000e-09  0.00000000e+00 
 4.91000000e-09  3.30000002e+00  4.91000000e-09  3.30000002e+00  4.91000000e-09  4.07980064e-01  4.91000000e-09  4.08251048e-01  4.91000000e-09  3.30000000e+00  4.91000000e-09  0.00000000e+00 
 4.93000000e-09  3.30000002e+00  4.93000000e-09  3.30000002e+00  4.93000000e-09  4.04269252e-01  4.93000000e-09  4.04531479e-01  4.93000000e-09  3.30000000e+00  4.93000000e-09  0.00000000e+00 
 4.95000000e-09  3.30000002e+00  4.95000000e-09  3.30000002e+00  4.95000000e-09  4.00592426e-01  4.95000000e-09  4.00846308e-01  4.95000000e-09  3.30000000e+00  4.95000000e-09  0.00000000e+00 
 4.97000000e-09  3.30000002e+00  4.97000000e-09  3.30000002e+00  4.97000000e-09  3.96949181e-01  4.97000000e-09  3.97195101e-01  4.97000000e-09  3.30000000e+00  4.97000000e-09  0.00000000e+00 
 4.99000000e-09  3.30000002e+00  4.99000000e-09  3.30000002e+00  4.99000000e-09  3.93339136e-01  4.99000000e-09  3.93577453e-01  4.99000000e-09  3.30000000e+00  4.99000000e-09  0.00000000e+00 
 5.01000000e-09  3.30000002e+00  5.01000000e-09  3.30000002e+00  5.01000000e-09  3.89761908e-01  5.01000000e-09  3.89992962e-01  5.01000000e-09  3.30000000e+00  5.01000000e-09  0.00000000e+00 
 5.03000000e-09  3.30000002e+00  5.03000000e-09  3.30000002e+00  5.03000000e-09  3.86217140e-01  5.03000000e-09  3.86441248e-01  5.03000000e-09  3.30000000e+00  5.03000000e-09  0.00000000e+00 
 5.05000000e-09  3.30000002e+00  5.05000000e-09  3.30000002e+00  5.05000000e-09  3.82704469e-01  5.05000000e-09  3.82921931e-01  5.05000000e-09  3.30000000e+00  5.05000000e-09  0.00000000e+00 
 5.07000000e-09  3.30000002e+00  5.07000000e-09  3.30000002e+00  5.07000000e-09  3.79223556e-01  5.07000000e-09  3.79434655e-01  5.07000000e-09  3.30000000e+00  5.07000000e-09  0.00000000e+00 
 5.08500000e-09  3.30000002e+00  5.08500000e-09  3.30000002e+00  5.08500000e-09  3.76633511e-01  5.08500000e-09  3.76840013e-01  5.08500000e-09  3.30000000e+00  5.08500000e-09  0.00000000e+00 
 5.10000000e-09  3.30000002e+00  5.10000000e-09  3.30000002e+00  5.10000000e-09  3.74061002e-01  5.10000000e-09  3.74263050e-01  5.10000000e-09  3.30000000e+00  5.10000000e-09  0.00000000e+00 
 5.10200000e-09  3.32133569e+00  5.10200000e-09  3.32133569e+00  5.10200000e-09  3.73805276e-01  5.10200000e-09  3.74006941e-01  5.10200000e-09  3.30000000e+00  5.10200000e-09  6.60000000e-02 
 5.10600000e-09  3.35610042e+00  5.10600000e-09  3.35610042e+00  5.10600000e-09  3.73261224e-01  5.10600000e-09  3.73462210e-01  5.10600000e-09  3.30000000e+00  5.10600000e-09  1.98000000e-01 
 5.11400000e-09  3.39509892e+00  5.11400000e-09  3.39509892e+00  5.11400000e-09  3.72046565e-01  5.11400000e-09  3.72246420e-01  5.11400000e-09  3.30000000e+00  5.11400000e-09  4.62000000e-01 
 5.13000000e-09  3.43011203e+00  5.13000000e-09  3.43011203e+00  5.13000000e-09  3.69310233e-01  5.13000000e-09  3.69506972e-01  5.13000000e-09  3.30000000e+00  5.13000000e-09  9.90000000e-01 
 5.15000000e-09  3.46573320e+00  5.15000000e-09  3.46573320e+00  5.15000000e-09  3.65053236e-01  5.15000000e-09  3.65240512e-01  5.15000000e-09  3.30000000e+00  5.15000000e-09  1.65000000e+00 
 5.17000000e-09  3.53471913e+00  5.17000000e-09  3.53471911e+00  5.17000000e-09  3.59920209e-01  5.17000000e-09  3.60089398e-01  5.17000000e-09  3.30000000e+00  5.17000000e-09  2.31000000e+00 
 5.18500000e-09  3.62531449e+00  5.18500000e-09  3.62531447e+00  5.18500000e-09  3.56099200e-01  5.18500000e-09  3.56251630e-01  5.18500000e-09  3.30000000e+00  5.18500000e-09  2.80500000e+00 
 5.20000000e-09  3.74052865e+00  5.20000000e-09  3.74052858e+00  5.20000000e-09  3.52886225e-01  5.20000000e-09  3.53024588e-01  5.20000000e-09  3.30000000e+00  5.20000000e-09  3.30000000e+00 
 5.20200000e-09  3.74050337e+00  5.20200000e-09  3.74050331e+00  5.20200000e-09  3.52450025e-01  5.20200000e-09  3.52586868e-01  5.20200000e-09  3.30000000e+00  5.20200000e-09  3.30000000e+00 
 5.20600000e-09  3.74044788e+00  5.20600000e-09  3.74044781e+00  5.20600000e-09  3.51628335e-01  5.20600000e-09  3.51762346e-01  5.20600000e-09  3.30000000e+00  5.20600000e-09  3.30000000e+00 
 5.21400000e-09  3.74033810e+00  5.21400000e-09  3.74033802e+00  5.21400000e-09  3.50212981e-01  5.21400000e-09  3.50342765e-01  5.21400000e-09  3.30000000e+00  5.21400000e-09  3.30000000e+00 
 5.23000000e-09  3.74012326e+00  5.23000000e-09  3.74012318e+00  5.23000000e-09  3.47780319e-01  5.23000000e-09  3.47907166e-01  5.23000000e-09  3.30000000e+00  5.23000000e-09  3.30000000e+00 
 5.25000000e-09  3.73985804e+00  5.25000000e-09  3.73985797e+00  5.25000000e-09  3.44867402e-01  5.25000000e-09  3.44997054e-01  5.25000000e-09  3.30000000e+00  5.25000000e-09  3.30000000e+00 
 5.27000000e-09  3.73959146e+00  5.27000000e-09  3.73959140e+00  5.27000000e-09  3.41860772e-01  5.27000000e-09  3.41995023e-01  5.27000000e-09  3.30000000e+00  5.27000000e-09  3.30000000e+00 
 5.29000000e-09  3.73932507e+00  5.29000000e-09  3.73932503e+00  5.29000000e-09  3.38795827e-01  5.29000000e-09  3.38933261e-01  5.29000000e-09  3.30000000e+00  5.29000000e-09  3.30000000e+00 
 5.31000000e-09  3.73906027e+00  5.31000000e-09  3.73906022e+00  5.31000000e-09  3.35725605e-01  5.31000000e-09  3.35864230e-01  5.31000000e-09  3.30000000e+00  5.31000000e-09  3.30000000e+00 
 5.33000000e-09  3.73879747e+00  5.33000000e-09  3.73879743e+00  5.33000000e-09  3.32672737e-01  5.33000000e-09  3.32810960e-01  5.33000000e-09  3.30000000e+00  5.33000000e-09  3.30000000e+00 
 5.35000000e-09  3.73853679e+00  5.35000000e-09  3.73853674e+00  5.35000000e-09  3.29644490e-01  5.35000000e-09  3.29781245e-01  5.35000000e-09  3.30000000e+00  5.35000000e-09  3.30000000e+00 
 5.37000000e-09  3.73827822e+00  5.37000000e-09  3.73827817e+00  5.37000000e-09  3.26642675e-01  5.37000000e-09  3.26777310e-01  5.37000000e-09  3.30000000e+00  5.37000000e-09  3.30000000e+00 
 5.39000000e-09  3.73802175e+00  5.39000000e-09  3.73802169e+00  5.39000000e-09  3.23667577e-01  5.39000000e-09  3.23799720e-01  5.39000000e-09  3.30000000e+00  5.39000000e-09  3.30000000e+00 
 5.41000000e-09  3.73776733e+00  5.41000000e-09  3.73776726e+00  5.41000000e-09  3.20719036e-01  5.41000000e-09  3.20848494e-01  5.41000000e-09  3.30000000e+00  5.41000000e-09  3.30000000e+00 
 5.43000000e-09  3.73751494e+00  5.43000000e-09  3.73751487e+00  5.43000000e-09  3.17796810e-01  5.43000000e-09  3.17923504e-01  5.43000000e-09  3.30000000e+00  5.43000000e-09  3.30000000e+00 
 5.45000000e-09  3.73726454e+00  5.45000000e-09  3.73726446e+00  5.45000000e-09  3.14900634e-01  5.45000000e-09  3.15024549e-01  5.45000000e-09  3.30000000e+00  5.45000000e-09  3.30000000e+00 
 5.47000000e-09  3.73701612e+00  5.47000000e-09  3.73701603e+00  5.47000000e-09  3.12030264e-01  5.47000000e-09  3.12151427e-01  5.47000000e-09  3.30000000e+00  5.47000000e-09  3.30000000e+00 
 5.49000000e-09  3.73676962e+00  5.49000000e-09  3.73676953e+00  5.49000000e-09  3.09185450e-01  5.49000000e-09  3.09303912e-01  5.49000000e-09  3.30000000e+00  5.49000000e-09  3.30000000e+00 
 5.51000000e-09  3.73652503e+00  5.51000000e-09  3.73652493e+00  5.51000000e-09  3.06365965e-01  5.51000000e-09  3.06481788e-01  5.51000000e-09  3.30000000e+00  5.51000000e-09  3.30000000e+00 
 5.53000000e-09  3.73628232e+00  5.53000000e-09  3.73628221e+00  5.53000000e-09  3.03571573e-01  5.53000000e-09  3.03684827e-01  5.53000000e-09  3.30000000e+00  5.53000000e-09  3.30000000e+00 
 5.55000000e-09  3.73604146e+00  5.55000000e-09  3.73604135e+00  5.55000000e-09  3.00802057e-01  5.55000000e-09  3.00912814e-01  5.55000000e-09  3.30000000e+00  5.55000000e-09  3.30000000e+00 
 5.57000000e-09  3.73580241e+00  5.57000000e-09  3.73580230e+00  5.57000000e-09  2.98057189e-01  5.57000000e-09  2.98165521e-01  5.57000000e-09  3.30000000e+00  5.57000000e-09  3.30000000e+00 
 5.59000000e-09  3.73556517e+00  5.59000000e-09  3.73556505e+00  5.59000000e-09  2.95336760e-01  5.59000000e-09  2.95442737e-01  5.59000000e-09  3.30000000e+00  5.59000000e-09  3.30000000e+00 
 5.61000000e-09  3.73532969e+00  5.61000000e-09  3.73532956e+00  5.61000000e-09  2.92640547e-01  5.61000000e-09  2.92744240e-01  5.61000000e-09  3.30000000e+00  5.61000000e-09  3.30000000e+00 
 5.63000000e-09  3.73509596e+00  5.63000000e-09  3.73509582e+00  5.63000000e-09  2.89968345e-01  5.63000000e-09  2.90069822e-01  5.63000000e-09  3.30000000e+00  5.63000000e-09  3.30000000e+00 
 5.65000000e-09  3.73486394e+00  5.65000000e-09  3.73486380e+00  5.65000000e-09  2.87319939e-01  5.65000000e-09  2.87419265e-01  5.65000000e-09  3.30000000e+00  5.65000000e-09  3.30000000e+00 
 5.67000000e-09  3.73463362e+00  5.67000000e-09  3.73463348e+00  5.67000000e-09  2.84695127e-01  5.67000000e-09  2.84792365e-01  5.67000000e-09  3.30000000e+00  5.67000000e-09  3.30000000e+00 
 5.69000000e-09  3.73440496e+00  5.69000000e-09  3.73440482e+00  5.69000000e-09  2.82093698e-01  5.69000000e-09  2.82188908e-01  5.69000000e-09  3.30000000e+00  5.69000000e-09  3.30000000e+00 
 5.71000000e-09  3.73417796e+00  5.71000000e-09  3.73417781e+00  5.71000000e-09  2.79515455e-01  5.71000000e-09  2.79608697e-01  5.71000000e-09  3.30000000e+00  5.71000000e-09  3.30000000e+00 
 5.73000000e-09  3.73395257e+00  5.73000000e-09  3.73395242e+00  5.73000000e-09  2.76960191e-01  5.73000000e-09  2.77051521e-01  5.73000000e-09  3.30000000e+00  5.73000000e-09  3.30000000e+00 
 5.75000000e-09  3.73372879e+00  5.75000000e-09  3.73372864e+00  5.75000000e-09  2.74427714e-01  5.75000000e-09  2.74517186e-01  5.75000000e-09  3.30000000e+00  5.75000000e-09  3.30000000e+00 
 5.77000000e-09  3.73350659e+00  5.77000000e-09  3.73350643e+00  5.77000000e-09  2.71917819e-01  5.77000000e-09  2.72005485e-01  5.77000000e-09  3.30000000e+00  5.77000000e-09  3.30000000e+00 
 5.79000000e-09  3.73328595e+00  5.79000000e-09  3.73328578e+00  5.79000000e-09  2.69430319e-01  5.79000000e-09  2.69516230e-01  5.79000000e-09  3.30000000e+00  5.79000000e-09  3.30000000e+00 
 5.81000000e-09  3.73306684e+00  5.81000000e-09  3.73306667e+00  5.81000000e-09  2.66965013e-01  5.81000000e-09  2.67049217e-01  5.81000000e-09  3.30000000e+00  5.81000000e-09  3.30000000e+00 
 5.83000000e-09  3.73284925e+00  5.83000000e-09  3.73284908e+00  5.83000000e-09  2.64521717e-01  5.83000000e-09  2.64604261e-01  5.83000000e-09  3.30000000e+00  5.83000000e-09  3.30000000e+00 
 5.85000000e-09  3.73263315e+00  5.85000000e-09  3.73263298e+00  5.85000000e-09  2.62100233e-01  5.85000000e-09  2.62181162e-01  5.85000000e-09  3.30000000e+00  5.85000000e-09  3.30000000e+00 
 5.87000000e-09  3.73241853e+00  5.87000000e-09  3.73241835e+00  5.87000000e-09  2.59700382e-01  5.87000000e-09  2.59779739e-01  5.87000000e-09  3.30000000e+00  5.87000000e-09  3.30000000e+00 
 5.89000000e-09  3.73220536e+00  5.89000000e-09  3.73220519e+00  5.89000000e-09  2.57321969e-01  5.89000000e-09  2.57399797e-01  5.89000000e-09  3.30000000e+00  5.89000000e-09  3.30000000e+00 
 5.91000000e-09  3.73199364e+00  5.91000000e-09  3.73199346e+00  5.91000000e-09  2.54964817e-01  5.91000000e-09  2.55041156e-01  5.91000000e-09  3.30000000e+00  5.91000000e-09  3.30000000e+00 
 5.93000000e-09  3.73178333e+00  5.93000000e-09  3.73178315e+00  5.93000000e-09  2.52628736e-01  5.93000000e-09  2.52703625e-01  5.93000000e-09  3.30000000e+00  5.93000000e-09  3.30000000e+00 
 5.95000000e-09  3.73157443e+00  5.95000000e-09  3.73157424e+00  5.95000000e-09  2.50313552e-01  5.95000000e-09  2.50387029e-01  5.95000000e-09  3.30000000e+00  5.95000000e-09  3.30000000e+00 
 5.97000000e-09  3.73136690e+00  5.97000000e-09  3.73136671e+00  5.97000000e-09  2.48019078e-01  5.97000000e-09  2.48091179e-01  5.97000000e-09  3.30000000e+00  5.97000000e-09  3.30000000e+00 
 5.99000000e-09  3.73116074e+00  5.99000000e-09  3.73116055e+00  5.99000000e-09  2.45745143e-01  5.99000000e-09  2.45815904e-01  5.99000000e-09  3.30000000e+00  5.99000000e-09  3.30000000e+00 
 6.01000000e-09  3.73095593e+00  6.01000000e-09  3.73095574e+00  6.01000000e-09  2.43491563e-01  6.01000000e-09  2.43561017e-01  6.01000000e-09  3.30000000e+00  6.01000000e-09  3.30000000e+00 
 6.03000000e-09  3.73075245e+00  6.03000000e-09  3.73075225e+00  6.03000000e-09  2.41258170e-01  6.03000000e-09  2.41326351e-01  6.03000000e-09  3.30000000e+00  6.03000000e-09  3.30000000e+00 
 6.05000000e-09  3.73055028e+00  6.05000000e-09  3.73055008e+00  6.05000000e-09  2.39044784e-01  6.05000000e-09  2.39111723e-01  6.05000000e-09  3.30000000e+00  6.05000000e-09  3.30000000e+00 
 6.07000000e-09  3.73034941e+00  6.07000000e-09  3.73034922e+00  6.07000000e-09  2.36851239e-01  6.07000000e-09  2.36916967e-01  6.07000000e-09  3.30000000e+00  6.07000000e-09  3.30000000e+00 
 6.09000000e-09  3.73014983e+00  6.09000000e-09  3.73014963e+00  6.09000000e-09  2.34677358e-01  6.09000000e-09  2.34741905e-01  6.09000000e-09  3.30000000e+00  6.09000000e-09  3.30000000e+00 
 6.11000000e-09  3.72995151e+00  6.11000000e-09  3.72995130e+00  6.11000000e-09  2.32522978e-01  6.11000000e-09  2.32586373e-01  6.11000000e-09  3.30000000e+00  6.11000000e-09  3.30000000e+00 
 6.13000000e-09  3.72975444e+00  6.13000000e-09  3.72975423e+00  6.13000000e-09  2.30387925e-01  6.13000000e-09  2.30450195e-01  6.13000000e-09  3.30000000e+00  6.13000000e-09  3.30000000e+00 
 6.15000000e-09  3.72955860e+00  6.15000000e-09  3.72955840e+00  6.15000000e-09  2.28272040e-01  6.15000000e-09  2.28333212e-01  6.15000000e-09  3.30000000e+00  6.15000000e-09  3.30000000e+00 
 6.17000000e-09  3.72936399e+00  6.17000000e-09  3.72936378e+00  6.17000000e-09  2.26175150e-01  6.17000000e-09  2.26235251e-01  6.17000000e-09  3.30000000e+00  6.17000000e-09  3.30000000e+00 
 6.19000000e-09  3.72917058e+00  6.19000000e-09  3.72917037e+00  6.19000000e-09  2.24097098e-01  6.19000000e-09  2.24156154e-01  6.19000000e-09  3.30000000e+00  6.19000000e-09  3.30000000e+00 
 6.21000000e-09  3.72897836e+00  6.21000000e-09  3.72897815e+00  6.21000000e-09  2.22037717e-01  6.21000000e-09  2.22095751e-01  6.21000000e-09  3.30000000e+00  6.21000000e-09  3.30000000e+00 
 6.23000000e-09  3.72878733e+00  6.23000000e-09  3.72878712e+00  6.23000000e-09  2.19996850e-01  6.23000000e-09  2.20053887e-01  6.23000000e-09  3.30000000e+00  6.23000000e-09  3.30000000e+00 
 6.25000000e-09  3.72859745e+00  6.25000000e-09  3.72859724e+00  6.25000000e-09  2.17974333e-01  6.25000000e-09  2.18030395e-01  6.25000000e-09  3.30000000e+00  6.25000000e-09  3.30000000e+00 
 6.27000000e-09  3.72840873e+00  6.27000000e-09  3.72840852e+00  6.27000000e-09  2.15970013e-01  6.27000000e-09  2.16025124e-01  6.27000000e-09  3.30000000e+00  6.27000000e-09  3.30000000e+00 
 6.29000000e-09  3.72822114e+00  6.29000000e-09  3.72822093e+00  6.29000000e-09  2.13983727e-01  6.29000000e-09  2.14037907e-01  6.29000000e-09  3.30000000e+00  6.29000000e-09  3.30000000e+00 
 6.31000000e-09  3.72803468e+00  6.31000000e-09  3.72803446e+00  6.31000000e-09  2.12015327e-01  6.31000000e-09  2.12068597e-01  6.31000000e-09  3.30000000e+00  6.31000000e-09  3.30000000e+00 
 6.33000000e-09  3.72784932e+00  6.33000000e-09  3.72784911e+00  6.33000000e-09  2.10064650e-01  6.33000000e-09  2.10117032e-01  6.33000000e-09  3.30000000e+00  6.33000000e-09  3.30000000e+00 
 6.35000000e-09  3.72766507e+00  6.35000000e-09  3.72766485e+00  6.35000000e-09  2.08131550e-01  6.35000000e-09  2.08183063e-01  6.35000000e-09  3.30000000e+00  6.35000000e-09  3.30000000e+00 
 6.37000000e-09  3.72748190e+00  6.37000000e-09  3.72748168e+00  6.37000000e-09  2.06215869e-01  6.37000000e-09  2.06266532e-01  6.37000000e-09  3.30000000e+00  6.37000000e-09  3.30000000e+00 
 6.39000000e-09  3.72729981e+00  6.39000000e-09  3.72729959e+00  6.39000000e-09  2.04317463e-01  6.39000000e-09  2.04367295e-01  6.39000000e-09  3.30000000e+00  6.39000000e-09  3.30000000e+00 
 6.41000000e-09  3.72711877e+00  6.41000000e-09  3.72711855e+00  6.41000000e-09  2.02436175e-01  6.41000000e-09  2.02485195e-01  6.41000000e-09  3.30000000e+00  6.41000000e-09  3.30000000e+00 
 6.43000000e-09  3.72693879e+00  6.43000000e-09  3.72693857e+00  6.43000000e-09  2.00571864e-01  6.43000000e-09  2.00620089e-01  6.43000000e-09  3.30000000e+00  6.43000000e-09  3.30000000e+00 
 6.45000000e-09  3.72675984e+00  6.45000000e-09  3.72675962e+00  6.45000000e-09  1.98724377e-01  6.45000000e-09  1.98771824e-01  6.45000000e-09  3.30000000e+00  6.45000000e-09  3.30000000e+00 
 6.47000000e-09  3.72658192e+00  6.47000000e-09  3.72658170e+00  6.47000000e-09  1.96893575e-01  6.47000000e-09  1.96940260e-01  6.47000000e-09  3.30000000e+00  6.47000000e-09  3.30000000e+00 
 6.49000000e-09  3.72640501e+00  6.49000000e-09  3.72640479e+00  6.49000000e-09  1.95079305e-01  6.49000000e-09  1.95125246e-01  6.49000000e-09  3.30000000e+00  6.49000000e-09  3.30000000e+00 
 6.51000000e-09  3.72622911e+00  6.51000000e-09  3.72622889e+00  6.51000000e-09  1.93281431e-01  6.51000000e-09  1.93326643e-01  6.51000000e-09  3.30000000e+00  6.51000000e-09  3.30000000e+00 
 6.53000000e-09  3.72605420e+00  6.53000000e-09  3.72605397e+00  6.53000000e-09  1.91499804e-01  6.53000000e-09  1.91544302e-01  6.53000000e-09  3.30000000e+00  6.53000000e-09  3.30000000e+00 
 6.55000000e-09  3.72588027e+00  6.55000000e-09  3.72588005e+00  6.55000000e-09  1.89734291e-01  6.55000000e-09  1.89778090e-01  6.55000000e-09  3.30000000e+00  6.55000000e-09  3.30000000e+00 
 6.57000000e-09  3.72570732e+00  6.57000000e-09  3.72570709e+00  6.57000000e-09  1.87984743e-01  6.57000000e-09  1.88027857e-01  6.57000000e-09  3.30000000e+00  6.57000000e-09  3.30000000e+00 
 6.59000000e-09  3.72553533e+00  6.59000000e-09  3.72553510e+00  6.59000000e-09  1.86251029e-01  6.59000000e-09  1.86293473e-01  6.59000000e-09  3.30000000e+00  6.59000000e-09  3.30000000e+00 
 6.61000000e-09  3.72536428e+00  6.61000000e-09  3.72536405e+00  6.61000000e-09  1.84533004e-01  6.61000000e-09  1.84574792e-01  6.61000000e-09  3.30000000e+00  6.61000000e-09  3.30000000e+00 
 6.63000000e-09  3.72519418e+00  6.63000000e-09  3.72519395e+00  6.63000000e-09  1.82830539e-01  6.63000000e-09  1.82871684e-01  6.63000000e-09  3.30000000e+00  6.63000000e-09  3.30000000e+00 
 6.65000000e-09  3.72502501e+00  6.65000000e-09  3.72502478e+00  6.65000000e-09  1.81143491e-01  6.65000000e-09  1.81184005e-01  6.65000000e-09  3.30000000e+00  6.65000000e-09  3.30000000e+00 
 6.67000000e-09  3.72485676e+00  6.67000000e-09  3.72485653e+00  6.67000000e-09  1.79471733e-01  6.67000000e-09  1.79511630e-01  6.67000000e-09  3.30000000e+00  6.67000000e-09  3.30000000e+00 
 6.69000000e-09  3.72468942e+00  6.69000000e-09  3.72468919e+00  6.69000000e-09  1.77815124e-01  6.69000000e-09  1.77854416e-01  6.69000000e-09  3.30000000e+00  6.69000000e-09  3.30000000e+00 
 6.71000000e-09  3.72452298e+00  6.71000000e-09  3.72452275e+00  6.71000000e-09  1.76173539e-01  6.71000000e-09  1.76212238e-01  6.71000000e-09  3.30000000e+00  6.71000000e-09  3.30000000e+00 
 6.73000000e-09  3.72435744e+00  6.73000000e-09  3.72435721e+00  6.73000000e-09  1.74546840e-01  6.73000000e-09  1.74584957e-01  6.73000000e-09  3.30000000e+00  6.73000000e-09  3.30000000e+00 
 6.75000000e-09  3.72419278e+00  6.75000000e-09  3.72419255e+00  6.75000000e-09  1.72934904e-01  6.75000000e-09  1.72972451e-01  6.75000000e-09  3.30000000e+00  6.75000000e-09  3.30000000e+00 
 6.77000000e-09  3.72402899e+00  6.77000000e-09  3.72402876e+00  6.77000000e-09  1.71337595e-01  6.77000000e-09  1.71374583e-01  6.77000000e-09  3.30000000e+00  6.77000000e-09  3.30000000e+00 
 6.79000000e-09  3.72386607e+00  6.79000000e-09  3.72386584e+00  6.79000000e-09  1.69754791e-01  6.79000000e-09  1.69791231e-01  6.79000000e-09  3.30000000e+00  6.79000000e-09  3.30000000e+00 
 6.81000000e-09  3.72370401e+00  6.81000000e-09  3.72370378e+00  6.81000000e-09  1.68186359e-01  6.81000000e-09  1.68222262e-01  6.81000000e-09  3.30000000e+00  6.81000000e-09  3.30000000e+00 
 6.83000000e-09  3.72354279e+00  6.83000000e-09  3.72354256e+00  6.83000000e-09  1.66632180e-01  6.83000000e-09  1.66667556e-01  6.83000000e-09  3.30000000e+00  6.83000000e-09  3.30000000e+00 
 6.85000000e-09  3.72338242e+00  6.85000000e-09  3.72338219e+00  6.85000000e-09  1.65092122e-01  6.85000000e-09  1.65126981e-01  6.85000000e-09  3.30000000e+00  6.85000000e-09  3.30000000e+00 
 6.87000000e-09  3.72322287e+00  6.87000000e-09  3.72322264e+00  6.87000000e-09  1.63566068e-01  6.87000000e-09  1.63600420e-01  6.87000000e-09  3.30000000e+00  6.87000000e-09  3.30000000e+00 
 6.89000000e-09  3.72306415e+00  6.89000000e-09  3.72306392e+00  6.89000000e-09  1.62053889e-01  6.89000000e-09  1.62087743e-01  6.89000000e-09  3.30000000e+00  6.89000000e-09  3.30000000e+00 
 6.91000000e-09  3.72290625e+00  6.91000000e-09  3.72290601e+00  6.91000000e-09  1.60555468e-01  6.91000000e-09  1.60588834e-01  6.91000000e-09  3.30000000e+00  6.91000000e-09  3.30000000e+00 
 6.93000000e-09  3.72274915e+00  6.93000000e-09  3.72274891e+00  6.93000000e-09  1.59070679e-01  6.93000000e-09  1.59103566e-01  6.93000000e-09  3.30000000e+00  6.93000000e-09  3.30000000e+00 
 6.95000000e-09  3.72259285e+00  6.95000000e-09  3.72259261e+00  6.95000000e-09  1.57599409e-01  6.95000000e-09  1.57631825e-01  6.95000000e-09  3.30000000e+00  6.95000000e-09  3.30000000e+00 
 6.97000000e-09  3.72243733e+00  6.97000000e-09  3.72243710e+00  6.97000000e-09  1.56141531e-01  6.97000000e-09  1.56173485e-01  6.97000000e-09  3.30000000e+00  6.97000000e-09  3.30000000e+00 
 6.99000000e-09  3.72228261e+00  6.99000000e-09  3.72228238e+00  6.99000000e-09  1.54696935e-01  6.99000000e-09  1.54728436e-01  6.99000000e-09  3.30000000e+00  6.99000000e-09  3.30000000e+00 
 7.01000000e-09  3.72212866e+00  7.01000000e-09  3.72212843e+00  7.01000000e-09  1.53265496e-01  7.01000000e-09  1.53296553e-01  7.01000000e-09  3.30000000e+00  7.01000000e-09  3.30000000e+00 
 7.03000000e-09  3.72197548e+00  7.03000000e-09  3.72197524e+00  7.03000000e-09  1.51847107e-01  7.03000000e-09  1.51877727e-01  7.03000000e-09  3.30000000e+00  7.03000000e-09  3.30000000e+00 
 7.05000000e-09  3.72182305e+00  7.05000000e-09  3.72182282e+00  7.05000000e-09  1.50441644e-01  7.05000000e-09  1.50471835e-01  7.05000000e-09  3.30000000e+00  7.05000000e-09  3.30000000e+00 
 7.07000000e-09  3.72167139e+00  7.07000000e-09  3.72167116e+00  7.07000000e-09  1.49049001e-01  7.07000000e-09  1.49078770e-01  7.07000000e-09  3.30000000e+00  7.07000000e-09  3.30000000e+00 
 7.09000000e-09  3.72152047e+00  7.09000000e-09  3.72152023e+00  7.09000000e-09  1.47669057e-01  7.09000000e-09  1.47698413e-01  7.09000000e-09  3.30000000e+00  7.09000000e-09  3.30000000e+00 
 7.11000000e-09  3.72137029e+00  7.11000000e-09  3.72137005e+00  7.11000000e-09  1.46301707e-01  7.11000000e-09  1.46330657e-01  7.11000000e-09  3.30000000e+00  7.11000000e-09  3.30000000e+00 
 7.13000000e-09  3.72122083e+00  7.13000000e-09  3.72122060e+00  7.13000000e-09  1.44946833e-01  7.13000000e-09  1.44975384e-01  7.13000000e-09  3.30000000e+00  7.13000000e-09  3.30000000e+00 
 7.15000000e-09  3.72107211e+00  7.15000000e-09  3.72107188e+00  7.15000000e-09  1.43604332e-01  7.15000000e-09  1.43632491e-01  7.15000000e-09  3.30000000e+00  7.15000000e-09  3.30000000e+00 
 7.17000000e-09  3.72092411e+00  7.17000000e-09  3.72092387e+00  7.17000000e-09  1.42274087e-01  7.17000000e-09  1.42301861e-01  7.17000000e-09  3.30000000e+00  7.17000000e-09  3.30000000e+00 
 7.19000000e-09  3.72077682e+00  7.19000000e-09  3.72077658e+00  7.19000000e-09  1.40955996e-01  7.19000000e-09  1.40983391e-01  7.19000000e-09  3.30000000e+00  7.19000000e-09  3.30000000e+00 
 7.21000000e-09  3.72063023e+00  7.21000000e-09  3.72062999e+00  7.21000000e-09  1.39649945e-01  7.21000000e-09  1.39676969e-01  7.21000000e-09  3.30000000e+00  7.21000000e-09  3.30000000e+00 
 7.23000000e-09  3.72048434e+00  7.23000000e-09  3.72048411e+00  7.23000000e-09  1.38355834e-01  7.23000000e-09  1.38382492e-01  7.23000000e-09  3.30000000e+00  7.23000000e-09  3.30000000e+00 
 7.25000000e-09  3.72033914e+00  7.25000000e-09  3.72033891e+00  7.25000000e-09  1.37073551e-01  7.25000000e-09  1.37099850e-01  7.25000000e-09  3.30000000e+00  7.25000000e-09  3.30000000e+00 
 7.27000000e-09  3.72019464e+00  7.27000000e-09  3.72019440e+00  7.27000000e-09  1.35802996e-01  7.27000000e-09  1.35828942e-01  7.27000000e-09  3.30000000e+00  7.27000000e-09  3.30000000e+00 
 7.29000000e-09  3.72005081e+00  7.29000000e-09  3.72005057e+00  7.29000000e-09  1.34544060e-01  7.29000000e-09  1.34569658e-01  7.29000000e-09  3.30000000e+00  7.29000000e-09  3.30000000e+00 
 7.31000000e-09  3.71990765e+00  7.31000000e-09  3.71990742e+00  7.31000000e-09  1.33296645e-01  7.31000000e-09  1.33321902e-01  7.31000000e-09  3.30000000e+00  7.31000000e-09  3.30000000e+00 
 7.33000000e-09  3.71976516e+00  7.33000000e-09  3.71976493e+00  7.33000000e-09  1.32060642e-01  7.33000000e-09  1.32085564e-01  7.33000000e-09  3.30000000e+00  7.33000000e-09  3.30000000e+00 
 7.35000000e-09  3.71962334e+00  7.35000000e-09  3.71962311e+00  7.35000000e-09  1.30835957e-01  7.35000000e-09  1.30860550e-01  7.35000000e-09  3.30000000e+00  7.35000000e-09  3.30000000e+00 
 7.37000000e-09  3.71948217e+00  7.37000000e-09  3.71948194e+00  7.37000000e-09  1.29622483e-01  7.37000000e-09  1.29646751e-01  7.37000000e-09  3.30000000e+00  7.37000000e-09  3.30000000e+00 
 7.39000000e-09  3.71934165e+00  7.39000000e-09  3.71934142e+00  7.39000000e-09  1.28420125e-01  7.39000000e-09  1.28444074e-01  7.39000000e-09  3.30000000e+00  7.39000000e-09  3.30000000e+00 
 7.41000000e-09  3.71920177e+00  7.41000000e-09  3.71920154e+00  7.41000000e-09  1.27228779e-01  7.41000000e-09  1.27252415e-01  7.41000000e-09  3.30000000e+00  7.41000000e-09  3.30000000e+00 
 7.43000000e-09  3.71906254e+00  7.43000000e-09  3.71906231e+00  7.43000000e-09  1.26048353e-01  7.43000000e-09  1.26071680e-01  7.43000000e-09  3.30000000e+00  7.43000000e-09  3.30000000e+00 
 7.45000000e-09  3.71892394e+00  7.45000000e-09  3.71892370e+00  7.45000000e-09  1.24878742e-01  7.45000000e-09  1.24901766e-01  7.45000000e-09  3.30000000e+00  7.45000000e-09  3.30000000e+00 
 7.47000000e-09  3.71878596e+00  7.47000000e-09  3.71878573e+00  7.47000000e-09  1.23719857e-01  7.47000000e-09  1.23742583e-01  7.47000000e-09  3.30000000e+00  7.47000000e-09  3.30000000e+00 
 7.49000000e-09  3.71864861e+00  7.49000000e-09  3.71864838e+00  7.49000000e-09  1.22571596e-01  7.49000000e-09  1.22594028e-01  7.49000000e-09  3.30000000e+00  7.49000000e-09  3.30000000e+00 
 7.51000000e-09  3.71851187e+00  7.51000000e-09  3.71851164e+00  7.51000000e-09  1.21433870e-01  7.51000000e-09  1.21456013e-01  7.51000000e-09  3.30000000e+00  7.51000000e-09  3.30000000e+00 
 7.53000000e-09  3.71837574e+00  7.53000000e-09  3.71837551e+00  7.53000000e-09  1.20306579e-01  7.53000000e-09  1.20328438e-01  7.53000000e-09  3.30000000e+00  7.53000000e-09  3.30000000e+00 
 7.55000000e-09  3.71824022e+00  7.55000000e-09  3.71823999e+00  7.55000000e-09  1.19189635e-01  7.55000000e-09  1.19211214e-01  7.55000000e-09  3.30000000e+00  7.55000000e-09  3.30000000e+00 
 7.57000000e-09  3.71810530e+00  7.57000000e-09  3.71810507e+00  7.57000000e-09  1.18082940e-01  7.57000000e-09  1.18104244e-01  7.57000000e-09  3.30000000e+00  7.57000000e-09  3.30000000e+00 
 7.59000000e-09  3.71797098e+00  7.59000000e-09  3.71797075e+00  7.59000000e-09  1.16986408e-01  7.59000000e-09  1.17007441e-01  7.59000000e-09  3.30000000e+00  7.59000000e-09  3.30000000e+00 
 7.61000000e-09  3.71783724e+00  7.61000000e-09  3.71783702e+00  7.61000000e-09  1.15899942e-01  7.61000000e-09  1.15920709e-01  7.61000000e-09  3.30000000e+00  7.61000000e-09  3.30000000e+00 
 7.63000000e-09  3.71770410e+00  7.63000000e-09  3.71770387e+00  7.63000000e-09  1.14823458e-01  7.63000000e-09  1.14843963e-01  7.63000000e-09  3.30000000e+00  7.63000000e-09  3.30000000e+00 
 7.65000000e-09  3.71757153e+00  7.65000000e-09  3.71757130e+00  7.65000000e-09  1.13756861e-01  7.65000000e-09  1.13777107e-01  7.65000000e-09  3.30000000e+00  7.65000000e-09  3.30000000e+00 
 7.67000000e-09  3.71743954e+00  7.67000000e-09  3.71743931e+00  7.67000000e-09  1.12700067e-01  7.67000000e-09  1.12720059e-01  7.67000000e-09  3.30000000e+00  7.67000000e-09  3.30000000e+00 
 7.69000000e-09  3.71730812e+00  7.69000000e-09  3.71730789e+00  7.69000000e-09  1.11652983e-01  7.69000000e-09  1.11672725e-01  7.69000000e-09  3.30000000e+00  7.69000000e-09  3.30000000e+00 
 7.71000000e-09  3.71717726e+00  7.71000000e-09  3.71717704e+00  7.71000000e-09  1.10615528e-01  7.71000000e-09  1.10635024e-01  7.71000000e-09  3.30000000e+00  7.71000000e-09  3.30000000e+00 
 7.73000000e-09  3.71704697e+00  7.73000000e-09  3.71704674e+00  7.73000000e-09  1.09587609e-01  7.73000000e-09  1.09606862e-01  7.73000000e-09  3.30000000e+00  7.73000000e-09  3.30000000e+00 
 7.75000000e-09  3.71691723e+00  7.75000000e-09  3.71691701e+00  7.75000000e-09  1.08569146e-01  7.75000000e-09  1.08588161e-01  7.75000000e-09  3.30000000e+00  7.75000000e-09  3.30000000e+00 
 7.77000000e-09  3.71678805e+00  7.77000000e-09  3.71678782e+00  7.77000000e-09  1.07560049e-01  7.77000000e-09  1.07578828e-01  7.77000000e-09  3.30000000e+00  7.77000000e-09  3.30000000e+00 
 7.79000000e-09  3.71665941e+00  7.79000000e-09  3.71665918e+00  7.79000000e-09  1.06560239e-01  7.79000000e-09  1.06578787e-01  7.79000000e-09  3.30000000e+00  7.79000000e-09  3.30000000e+00 
 7.81000000e-09  3.71653132e+00  7.81000000e-09  3.71653109e+00  7.81000000e-09  1.05569626e-01  7.81000000e-09  1.05587946e-01  7.81000000e-09  3.30000000e+00  7.81000000e-09  3.30000000e+00 
 7.83000000e-09  3.71640376e+00  7.83000000e-09  3.71640354e+00  7.83000000e-09  1.04588135e-01  7.83000000e-09  1.04606231e-01  7.83000000e-09  3.30000000e+00  7.83000000e-09  3.30000000e+00 
 7.85000000e-09  3.71627674e+00  7.85000000e-09  3.71627651e+00  7.85000000e-09  1.03615676e-01  7.85000000e-09  1.03633550e-01  7.85000000e-09  3.30000000e+00  7.85000000e-09  3.30000000e+00 
 7.87000000e-09  3.71615025e+00  7.87000000e-09  3.71615002e+00  7.87000000e-09  1.02652175e-01  7.87000000e-09  1.02669831e-01  7.87000000e-09  3.30000000e+00  7.87000000e-09  3.30000000e+00 
 7.89000000e-09  3.71602428e+00  7.89000000e-09  3.71602406e+00  7.89000000e-09  1.01697544e-01  7.89000000e-09  1.01714986e-01  7.89000000e-09  3.30000000e+00  7.89000000e-09  3.30000000e+00 
 7.91000000e-09  3.71589884e+00  7.91000000e-09  3.71589862e+00  7.91000000e-09  1.00751710e-01  7.91000000e-09  1.00768940e-01  7.91000000e-09  3.30000000e+00  7.91000000e-09  3.30000000e+00 
 7.93000000e-09  3.71577391e+00  7.93000000e-09  3.71577369e+00  7.93000000e-09  9.98145865e-02  7.93000000e-09  9.98316090e-02  7.93000000e-09  3.30000000e+00  7.93000000e-09  3.30000000e+00 
 7.95000000e-09  3.71564950e+00  7.95000000e-09  3.71564928e+00  7.95000000e-09  9.88861023e-02  7.95000000e-09  9.89029197e-02  7.95000000e-09  3.30000000e+00  7.95000000e-09  3.30000000e+00 
 7.97000000e-09  3.71552559e+00  7.97000000e-09  3.71552537e+00  7.97000000e-09  9.79661725e-02  7.97000000e-09  9.79827877e-02  7.97000000e-09  3.30000000e+00  7.97000000e-09  3.30000000e+00 
 7.99000000e-09  3.71540219e+00  7.99000000e-09  3.71540197e+00  7.99000000e-09  9.70547263e-02  7.99000000e-09  9.70711425e-02  7.99000000e-09  3.30000000e+00  7.99000000e-09  3.30000000e+00 
 8.01000000e-09  3.71527929e+00  8.01000000e-09  3.71527907e+00  8.01000000e-09  9.61516806e-02  8.01000000e-09  9.61679005e-02  8.01000000e-09  3.30000000e+00  8.01000000e-09  3.30000000e+00 
 8.03000000e-09  3.71515689e+00  8.03000000e-09  3.71515667e+00  8.03000000e-09  9.52569660e-02  8.03000000e-09  9.52729926e-02  8.03000000e-09  3.30000000e+00  8.03000000e-09  3.30000000e+00 
 8.05000000e-09  3.71503498e+00  8.05000000e-09  3.71503476e+00  8.05000000e-09  9.43705004e-02  8.05000000e-09  9.43863365e-02  8.05000000e-09  3.30000000e+00  8.05000000e-09  3.30000000e+00 
 8.07000000e-09  3.71491357e+00  8.07000000e-09  3.71491334e+00  8.07000000e-09  9.34922161e-02  8.07000000e-09  9.35078643e-02  8.07000000e-09  3.30000000e+00  8.07000000e-09  3.30000000e+00 
 8.09000000e-09  3.71479263e+00  8.09000000e-09  3.71479241e+00  8.09000000e-09  9.26220321e-02  8.09000000e-09  9.26374953e-02  8.09000000e-09  3.30000000e+00  8.09000000e-09  3.30000000e+00 
 8.11000000e-09  3.71467218e+00  8.11000000e-09  3.71467196e+00  8.11000000e-09  9.17598820e-02  8.11000000e-09  9.17751628e-02  8.11000000e-09  3.30000000e+00  8.11000000e-09  3.30000000e+00 
 8.13000000e-09  3.71455220e+00  8.13000000e-09  3.71455198e+00  8.13000000e-09  9.09056862e-02  8.13000000e-09  9.09207872e-02  8.13000000e-09  3.30000000e+00  8.13000000e-09  3.30000000e+00 
 8.15000000e-09  3.71443271e+00  8.15000000e-09  3.71443249e+00  8.15000000e-09  9.00593793e-02  8.15000000e-09  9.00743031e-02  8.15000000e-09  3.30000000e+00  8.15000000e-09  3.30000000e+00 
 8.17000000e-09  3.71431368e+00  8.17000000e-09  3.71431346e+00  8.17000000e-09  8.92208832e-02  8.17000000e-09  8.92356323e-02  8.17000000e-09  3.30000000e+00  8.17000000e-09  3.30000000e+00 
 8.19000000e-09  3.71419512e+00  8.19000000e-09  3.71419490e+00  8.19000000e-09  8.83901337e-02  8.19000000e-09  8.84047106e-02  8.19000000e-09  3.30000000e+00  8.19000000e-09  3.30000000e+00 
 8.21000000e-09  3.71407702e+00  8.21000000e-09  3.71407680e+00  8.21000000e-09  8.75670539e-02  8.21000000e-09  8.75814610e-02  8.21000000e-09  3.30000000e+00  8.21000000e-09  3.30000000e+00 
 8.23000000e-09  3.71395938e+00  8.23000000e-09  3.71395916e+00  8.23000000e-09  8.67515808e-02  8.23000000e-09  8.67658205e-02  8.23000000e-09  3.30000000e+00  8.23000000e-09  3.30000000e+00 
 8.25000000e-09  3.71384220e+00  8.25000000e-09  3.71384198e+00  8.25000000e-09  8.59436388e-02  8.25000000e-09  8.59577134e-02  8.25000000e-09  3.30000000e+00  8.25000000e-09  3.30000000e+00 
 8.27000000e-09  3.71372547e+00  8.27000000e-09  3.71372525e+00  8.27000000e-09  8.51431661e-02  8.27000000e-09  8.51570780e-02  8.27000000e-09  3.30000000e+00  8.27000000e-09  3.30000000e+00 
 8.29000000e-09  3.71360919e+00  8.29000000e-09  3.71360897e+00  8.29000000e-09  8.43500882e-02  8.29000000e-09  8.43638396e-02  8.29000000e-09  3.30000000e+00  8.29000000e-09  3.30000000e+00 
 8.31000000e-09  3.71349336e+00  8.31000000e-09  3.71349314e+00  8.31000000e-09  8.35643445e-02  8.31000000e-09  8.35779378e-02  8.31000000e-09  3.30000000e+00  8.31000000e-09  3.30000000e+00 
 8.33000000e-09  3.71337796e+00  8.33000000e-09  3.71337775e+00  8.33000000e-09  8.27858618e-02  8.33000000e-09  8.27992991e-02  8.33000000e-09  3.30000000e+00  8.33000000e-09  3.30000000e+00 
 8.35000000e-09  3.71326302e+00  8.35000000e-09  3.71326280e+00  8.35000000e-09  8.20145808e-02  8.35000000e-09  8.20278641e-02  8.35000000e-09  3.30000000e+00  8.35000000e-09  3.30000000e+00 
 8.37000000e-09  3.71314850e+00  8.37000000e-09  3.71314828e+00  8.37000000e-09  8.12504291e-02  8.37000000e-09  8.12635606e-02  8.37000000e-09  3.30000000e+00  8.37000000e-09  3.30000000e+00 
 8.39000000e-09  3.71303442e+00  8.39000000e-09  3.71303421e+00  8.39000000e-09  8.04933486e-02  8.39000000e-09  8.05063305e-02  8.39000000e-09  3.30000000e+00  8.39000000e-09  3.30000000e+00 
 8.41000000e-09  3.71292077e+00  8.41000000e-09  3.71292055e+00  8.41000000e-09  7.97432683e-02  8.41000000e-09  7.97561026e-02  8.41000000e-09  3.30000000e+00  8.41000000e-09  3.30000000e+00 
 8.43000000e-09  3.71280755e+00  8.43000000e-09  3.71280733e+00  8.43000000e-09  7.90001311e-02  8.43000000e-09  7.90128198e-02  8.43000000e-09  3.30000000e+00  8.43000000e-09  3.30000000e+00 
 8.45000000e-09  3.71269475e+00  8.45000000e-09  3.71269453e+00  8.45000000e-09  7.82638672e-02  8.45000000e-09  7.82764122e-02  8.45000000e-09  3.30000000e+00  8.45000000e-09  3.30000000e+00 
 8.47000000e-09  3.71258237e+00  8.47000000e-09  3.71258215e+00  8.47000000e-09  7.75344205e-02  8.47000000e-09  7.75468239e-02  8.47000000e-09  3.30000000e+00  8.47000000e-09  3.30000000e+00 
 8.49000000e-09  3.71247041e+00  8.49000000e-09  3.71247019e+00  8.49000000e-09  7.68117222e-02  8.49000000e-09  7.68239858e-02  8.49000000e-09  3.30000000e+00  8.49000000e-09  3.30000000e+00 
 8.51000000e-09  3.71235886e+00  8.51000000e-09  3.71235865e+00  8.51000000e-09  7.60957176e-02  8.51000000e-09  7.61078433e-02  8.51000000e-09  3.30000000e+00  8.51000000e-09  3.30000000e+00 
 8.53000000e-09  3.71224772e+00  8.53000000e-09  3.71224751e+00  8.53000000e-09  7.53863389e-02  8.53000000e-09  7.53983286e-02  8.53000000e-09  3.30000000e+00  8.53000000e-09  3.30000000e+00 
 8.55000000e-09  3.71213700e+00  8.55000000e-09  3.71213678e+00  8.55000000e-09  7.46835323e-02  8.55000000e-09  7.46953878e-02  8.55000000e-09  3.30000000e+00  8.55000000e-09  3.30000000e+00 
 8.57000000e-09  3.71202667e+00  8.57000000e-09  3.71202646e+00  8.57000000e-09  7.39872312e-02  8.57000000e-09  7.39989543e-02  8.57000000e-09  3.30000000e+00  8.57000000e-09  3.30000000e+00 
 8.59000000e-09  3.71191676e+00  8.59000000e-09  3.71191654e+00  8.59000000e-09  7.32973829e-02  8.59000000e-09  7.33089753e-02  8.59000000e-09  3.30000000e+00  8.59000000e-09  3.30000000e+00 
 8.61000000e-09  3.71180724e+00  8.61000000e-09  3.71180703e+00  8.61000000e-09  7.26139217e-02  8.61000000e-09  7.26253853e-02  8.61000000e-09  3.30000000e+00  8.61000000e-09  3.30000000e+00 
 8.63000000e-09  3.71169812e+00  8.63000000e-09  3.71169791e+00  8.63000000e-09  7.19367961e-02  8.63000000e-09  7.19481325e-02  8.63000000e-09  3.30000000e+00  8.63000000e-09  3.30000000e+00 
 8.65000000e-09  3.71158939e+00  8.65000000e-09  3.71158918e+00  8.65000000e-09  7.12659415e-02  8.65000000e-09  7.12771523e-02  8.65000000e-09  3.30000000e+00  8.65000000e-09  3.30000000e+00 
 8.67000000e-09  3.71148105e+00  8.67000000e-09  3.71148084e+00  8.67000000e-09  7.06013073e-02  8.67000000e-09  7.06123942e-02  8.67000000e-09  3.30000000e+00  8.67000000e-09  3.30000000e+00 
 8.69000000e-09  3.71137311e+00  8.69000000e-09  3.71137290e+00  8.69000000e-09  6.99428299e-02  8.69000000e-09  6.99537946e-02  8.69000000e-09  3.30000000e+00  8.69000000e-09  3.30000000e+00 
 8.71000000e-09  3.71126555e+00  8.71000000e-09  3.71126534e+00  8.71000000e-09  6.92904597e-02  8.71000000e-09  6.93013037e-02  8.71000000e-09  3.30000000e+00  8.71000000e-09  3.30000000e+00 
 8.73000000e-09  3.71115837e+00  8.73000000e-09  3.71115816e+00  8.73000000e-09  6.86441341e-02  8.73000000e-09  6.86548591e-02  8.73000000e-09  3.30000000e+00  8.73000000e-09  3.30000000e+00 
 8.75000000e-09  3.71105157e+00  8.75000000e-09  3.71105136e+00  8.75000000e-09  6.80038046e-02  8.75000000e-09  6.80144121e-02  8.75000000e-09  3.30000000e+00  8.75000000e-09  3.30000000e+00 
 8.77000000e-09  3.71094515e+00  8.77000000e-09  3.71094494e+00  8.77000000e-09  6.73694096e-02  8.77000000e-09  6.73799011e-02  8.77000000e-09  3.30000000e+00  8.77000000e-09  3.30000000e+00 
 8.79000000e-09  3.71083911e+00  8.79000000e-09  3.71083890e+00  8.79000000e-09  6.67409015e-02  8.79000000e-09  6.67512786e-02  8.79000000e-09  3.30000000e+00  8.79000000e-09  3.30000000e+00 
 8.81000000e-09  3.71073344e+00  8.81000000e-09  3.71073323e+00  8.81000000e-09  6.61182197e-02  8.81000000e-09  6.61284837e-02  8.81000000e-09  3.30000000e+00  8.81000000e-09  3.30000000e+00 
 8.83000000e-09  3.71062814e+00  8.83000000e-09  3.71062793e+00  8.83000000e-09  6.55013175e-02  8.83000000e-09  6.55114700e-02  8.83000000e-09  3.30000000e+00  8.83000000e-09  3.30000000e+00 
 8.85000000e-09  3.71052320e+00  8.85000000e-09  3.71052300e+00  8.85000000e-09  6.48901353e-02  8.85000000e-09  6.49001777e-02  8.85000000e-09  3.30000000e+00  8.85000000e-09  3.30000000e+00 
 8.87000000e-09  3.71041864e+00  8.87000000e-09  3.71041843e+00  8.87000000e-09  6.42846274e-02  8.87000000e-09  6.42945611e-02  8.87000000e-09  3.30000000e+00  8.87000000e-09  3.30000000e+00 
 8.89000000e-09  3.71031443e+00  8.89000000e-09  3.71031422e+00  8.89000000e-09  6.36847350e-02  8.89000000e-09  6.36945614e-02  8.89000000e-09  3.30000000e+00  8.89000000e-09  3.30000000e+00 
 8.91000000e-09  3.71021059e+00  8.91000000e-09  3.71021038e+00  8.91000000e-09  6.30904135e-02  8.91000000e-09  6.31001339e-02  8.91000000e-09  3.30000000e+00  8.91000000e-09  3.30000000e+00 
 8.93000000e-09  3.71010710e+00  8.93000000e-09  3.71010689e+00  8.93000000e-09  6.25016049e-02  8.93000000e-09  6.25112207e-02  8.93000000e-09  3.30000000e+00  8.93000000e-09  3.30000000e+00 
 8.95000000e-09  3.71000397e+00  8.95000000e-09  3.71000376e+00  8.95000000e-09  6.19182655e-02  8.95000000e-09  6.19277781e-02  8.95000000e-09  3.30000000e+00  8.95000000e-09  3.30000000e+00 
 8.97000000e-09  3.70990119e+00  8.97000000e-09  3.70990099e+00  8.97000000e-09  6.13403384e-02  8.97000000e-09  6.13497490e-02  8.97000000e-09  3.30000000e+00  8.97000000e-09  3.30000000e+00 
 8.99000000e-09  3.70979876e+00  8.99000000e-09  3.70979856e+00  8.99000000e-09  6.07677806e-02  8.99000000e-09  6.07770905e-02  8.99000000e-09  3.30000000e+00  8.99000000e-09  3.30000000e+00 
 9.01000000e-09  3.70969668e+00  9.01000000e-09  3.70969648e+00  9.01000000e-09  6.02005361e-02  9.01000000e-09  6.02097466e-02  9.01000000e-09  3.30000000e+00  9.01000000e-09  3.30000000e+00 
 9.03000000e-09  3.70959495e+00  9.03000000e-09  3.70959475e+00  9.03000000e-09  5.96385629e-02  9.03000000e-09  5.96476752e-02  9.03000000e-09  3.30000000e+00  9.03000000e-09  3.30000000e+00 
 9.05000000e-09  3.70949356e+00  9.05000000e-09  3.70949336e+00  9.05000000e-09  5.90818059e-02  9.05000000e-09  5.90908212e-02  9.05000000e-09  3.30000000e+00  9.05000000e-09  3.30000000e+00 
 9.07000000e-09  3.70939251e+00  9.07000000e-09  3.70939231e+00  9.07000000e-09  5.85302237e-02  9.07000000e-09  5.85391434e-02  9.07000000e-09  3.30000000e+00  9.07000000e-09  3.30000000e+00 
 9.09000000e-09  3.70929180e+00  9.09000000e-09  3.70929160e+00  9.09000000e-09  5.79837623e-02  9.09000000e-09  5.79925875e-02  9.09000000e-09  3.30000000e+00  9.09000000e-09  3.30000000e+00 
 9.11000000e-09  3.70919143e+00  9.11000000e-09  3.70919123e+00  9.11000000e-09  5.74423812e-02  9.11000000e-09  5.74511131e-02  9.11000000e-09  3.30000000e+00  9.11000000e-09  3.30000000e+00 
 9.13000000e-09  3.70909139e+00  9.13000000e-09  3.70909119e+00  9.13000000e-09  5.69060271e-02  9.13000000e-09  5.69146668e-02  9.13000000e-09  3.30000000e+00  9.13000000e-09  3.30000000e+00 
 9.15000000e-09  3.70899169e+00  9.15000000e-09  3.70899149e+00  9.15000000e-09  5.63746605e-02  9.15000000e-09  5.63832091e-02  9.15000000e-09  3.30000000e+00  9.15000000e-09  3.30000000e+00 
 9.17000000e-09  3.70889231e+00  9.17000000e-09  3.70889211e+00  9.17000000e-09  5.58482287e-02  9.17000000e-09  5.58566874e-02  9.17000000e-09  3.30000000e+00  9.17000000e-09  3.30000000e+00 
 9.19000000e-09  3.70879327e+00  9.19000000e-09  3.70879307e+00  9.19000000e-09  5.53266931e-02  9.19000000e-09  5.53350630e-02  9.19000000e-09  3.30000000e+00  9.19000000e-09  3.30000000e+00 
 9.21000000e-09  3.70869455e+00  9.21000000e-09  3.70869435e+00  9.21000000e-09  5.48100020e-02  9.21000000e-09  5.48182842e-02  9.21000000e-09  3.30000000e+00  9.21000000e-09  3.30000000e+00 
 9.23000000e-09  3.70859615e+00  9.23000000e-09  3.70859595e+00  9.23000000e-09  5.42981175e-02  9.23000000e-09  5.43063130e-02  9.23000000e-09  3.30000000e+00  9.23000000e-09  3.30000000e+00 
 9.25000000e-09  3.70849808e+00  9.25000000e-09  3.70849788e+00  9.25000000e-09  5.37909887e-02  9.25000000e-09  5.37990986e-02  9.25000000e-09  3.30000000e+00  9.25000000e-09  3.30000000e+00 
 9.27000000e-09  3.70840032e+00  9.27000000e-09  3.70840013e+00  9.27000000e-09  5.32885784e-02  9.27000000e-09  5.32966038e-02  9.27000000e-09  3.30000000e+00  9.27000000e-09  3.30000000e+00 
 9.29000000e-09  3.70830289e+00  9.29000000e-09  3.70830269e+00  9.29000000e-09  5.27908366e-02  9.29000000e-09  5.27987785e-02  9.29000000e-09  3.30000000e+00  9.29000000e-09  3.30000000e+00 
 9.31000000e-09  3.70820577e+00  9.31000000e-09  3.70820557e+00  9.31000000e-09  5.22977270e-02  9.31000000e-09  5.23055864e-02  9.31000000e-09  3.30000000e+00  9.31000000e-09  3.30000000e+00 
 9.33000000e-09  3.70810896e+00  9.33000000e-09  3.70810876e+00  9.33000000e-09  5.18092001e-02  9.33000000e-09  5.18169780e-02  9.33000000e-09  3.30000000e+00  9.33000000e-09  3.30000000e+00 
 9.35000000e-09  3.70801246e+00  9.35000000e-09  3.70801227e+00  9.35000000e-09  5.13252206e-02  9.35000000e-09  5.13329180e-02  9.35000000e-09  3.30000000e+00  9.35000000e-09  3.30000000e+00 
 9.37000000e-09  3.70791628e+00  9.37000000e-09  3.70791608e+00  9.37000000e-09  5.08457397e-02  9.37000000e-09  5.08533576e-02  9.37000000e-09  3.30000000e+00  9.37000000e-09  3.30000000e+00 
 9.39000000e-09  3.70782040e+00  9.39000000e-09  3.70782020e+00  9.39000000e-09  5.03707228e-02  9.39000000e-09  5.03782621e-02  9.39000000e-09  3.30000000e+00  9.39000000e-09  3.30000000e+00 
 9.41000000e-09  3.70772483e+00  9.41000000e-09  3.70772463e+00  9.41000000e-09  4.99001219e-02  9.41000000e-09  4.99075836e-02  9.41000000e-09  3.30000000e+00  9.41000000e-09  3.30000000e+00 
 9.43000000e-09  3.70762956e+00  9.43000000e-09  3.70762937e+00  9.43000000e-09  4.94339032e-02  9.43000000e-09  4.94412882e-02  9.43000000e-09  3.30000000e+00  9.43000000e-09  3.30000000e+00 
 9.45000000e-09  3.70753459e+00  9.45000000e-09  3.70753440e+00  9.45000000e-09  4.89720194e-02  9.45000000e-09  4.89793286e-02  9.45000000e-09  3.30000000e+00  9.45000000e-09  3.30000000e+00 
 9.47000000e-09  3.70743993e+00  9.47000000e-09  3.70743974e+00  9.47000000e-09  4.85144373e-02  9.47000000e-09  4.85216716e-02  9.47000000e-09  3.30000000e+00  9.47000000e-09  3.30000000e+00 
 9.49000000e-09  3.70734556e+00  9.49000000e-09  3.70734537e+00  9.49000000e-09  4.80611106e-02  9.49000000e-09  4.80682709e-02  9.49000000e-09  3.30000000e+00  9.49000000e-09  3.30000000e+00 
 9.51000000e-09  3.70725149e+00  9.51000000e-09  3.70725130e+00  9.51000000e-09  4.76120066e-02  9.51000000e-09  4.76190938e-02  9.51000000e-09  3.30000000e+00  9.51000000e-09  3.30000000e+00 
 9.53000000e-09  3.70715771e+00  9.53000000e-09  3.70715752e+00  9.53000000e-09  4.71670797e-02  9.53000000e-09  4.71740947e-02  9.53000000e-09  3.30000000e+00  9.53000000e-09  3.30000000e+00 
 9.55000000e-09  3.70706423e+00  9.55000000e-09  3.70706404e+00  9.55000000e-09  4.67262980e-02  9.55000000e-09  4.67332417e-02  9.55000000e-09  3.30000000e+00  9.55000000e-09  3.30000000e+00 
 9.57000000e-09  3.70697104e+00  9.57000000e-09  3.70697085e+00  9.57000000e-09  4.62896166e-02  9.57000000e-09  4.62964898e-02  9.57000000e-09  3.30000000e+00  9.57000000e-09  3.30000000e+00 
 9.59000000e-09  3.70687814e+00  9.59000000e-09  3.70687794e+00  9.59000000e-09  4.58570044e-02  9.59000000e-09  4.58638079e-02  9.59000000e-09  3.30000000e+00  9.59000000e-09  3.30000000e+00 
 9.61000000e-09  3.70678552e+00  9.61000000e-09  3.70678533e+00  9.61000000e-09  4.54284171e-02  9.61000000e-09  4.54351516e-02  9.61000000e-09  3.30000000e+00  9.61000000e-09  3.30000000e+00 
 9.63000000e-09  3.70669319e+00  9.63000000e-09  3.70669300e+00  9.63000000e-09  4.50038241e-02  9.63000000e-09  4.50104906e-02  9.63000000e-09  3.30000000e+00  9.63000000e-09  3.30000000e+00 
 9.65000000e-09  3.70660114e+00  9.65000000e-09  3.70660095e+00  9.65000000e-09  4.45831819e-02  9.65000000e-09  4.45897812e-02  9.65000000e-09  3.30000000e+00  9.65000000e-09  3.30000000e+00 
 9.67000000e-09  3.70650938e+00  9.67000000e-09  3.70650919e+00  9.67000000e-09  4.41664608e-02  9.67000000e-09  4.41729936e-02  9.67000000e-09  3.30000000e+00  9.67000000e-09  3.30000000e+00 
 9.69000000e-09  3.70641790e+00  9.69000000e-09  3.70641771e+00  9.69000000e-09  4.37536177e-02  9.69000000e-09  4.37600848e-02  9.69000000e-09  3.30000000e+00  9.69000000e-09  3.30000000e+00 
 9.71000000e-09  3.70632670e+00  9.71000000e-09  3.70632651e+00  9.71000000e-09  4.33446236e-02  9.71000000e-09  4.33510257e-02  9.71000000e-09  3.30000000e+00  9.71000000e-09  3.30000000e+00 
 9.73000000e-09  3.70623577e+00  9.73000000e-09  3.70623558e+00  9.73000000e-09  4.29394361e-02  9.73000000e-09  4.29457741e-02  9.73000000e-09  3.30000000e+00  9.73000000e-09  3.30000000e+00 
 9.75000000e-09  3.70614512e+00  9.75000000e-09  3.70614493e+00  9.75000000e-09  4.25380268e-02  9.75000000e-09  4.25443014e-02  9.75000000e-09  3.30000000e+00  9.75000000e-09  3.30000000e+00 
 9.77000000e-09  3.70605474e+00  9.77000000e-09  3.70605455e+00  9.77000000e-09  4.21403541e-02  9.77000000e-09  4.21465659e-02  9.77000000e-09  3.30000000e+00  9.77000000e-09  3.30000000e+00 
 9.79000000e-09  3.70596463e+00  9.79000000e-09  3.70596445e+00  9.79000000e-09  4.17463900e-02  9.79000000e-09  4.17525399e-02  9.79000000e-09  3.30000000e+00  9.79000000e-09  3.30000000e+00 
 9.81000000e-09  3.70587480e+00  9.81000000e-09  3.70587461e+00  9.81000000e-09  4.13560937e-02  9.81000000e-09  4.13621824e-02  9.81000000e-09  3.30000000e+00  9.81000000e-09  3.30000000e+00 
 9.83000000e-09  3.70578523e+00  9.83000000e-09  3.70578505e+00  9.83000000e-09  4.09694378e-02  9.83000000e-09  4.09754660e-02  9.83000000e-09  3.30000000e+00  9.83000000e-09  3.30000000e+00 
 9.85000000e-09  3.70569594e+00  9.85000000e-09  3.70569575e+00  9.85000000e-09  4.05863820e-02  9.85000000e-09  4.05923503e-02  9.85000000e-09  3.30000000e+00  9.85000000e-09  3.30000000e+00 
 9.87000000e-09  3.70560690e+00  9.87000000e-09  3.70560672e+00  9.87000000e-09  4.02068997e-02  9.87000000e-09  4.02128089e-02  9.87000000e-09  3.30000000e+00  9.87000000e-09  3.30000000e+00 
 9.89000000e-09  3.70551814e+00  9.89000000e-09  3.70551795e+00  9.89000000e-09  3.98309512e-02  9.89000000e-09  3.98368019e-02  9.89000000e-09  3.30000000e+00  9.89000000e-09  3.30000000e+00 
 9.91000000e-09  3.70542963e+00  9.91000000e-09  3.70542945e+00  9.91000000e-09  3.94585103e-02  9.91000000e-09  3.94643032e-02  9.91000000e-09  3.30000000e+00  9.91000000e-09  3.30000000e+00 
 9.93000000e-09  3.70534139e+00  9.93000000e-09  3.70534120e+00  9.93000000e-09  3.90895380e-02  9.93000000e-09  3.90952738e-02  9.93000000e-09  3.30000000e+00  9.93000000e-09  3.30000000e+00 
 9.95000000e-09  3.70525340e+00  9.95000000e-09  3.70525322e+00  9.95000000e-09  3.87240089e-02  9.95000000e-09  3.87296882e-02  9.95000000e-09  3.30000000e+00  9.95000000e-09  3.30000000e+00 
 9.97000000e-09  3.70516568e+00  9.97000000e-09  3.70516549e+00  9.97000000e-09  3.83618843e-02  9.97000000e-09  3.83675077e-02  9.97000000e-09  3.30000000e+00  9.97000000e-09  3.30000000e+00 
 9.99000000e-09  3.70507821e+00  9.99000000e-09  3.70507803e+00  9.99000000e-09  3.80031394e-02  9.99000000e-09  3.80087077e-02  9.99000000e-09  3.30000000e+00  9.99000000e-09  3.30000000e+00 
 1.00100000e-08  3.70499099e+00  1.00100000e-08  3.70499081e+00  1.00100000e-08  3.76477363e-02  1.00100000e-08  3.76532499e-02  1.00100000e-08  3.30000000e+00  1.00100000e-08  3.30000000e+00 
 1.00300000e-08  3.70490404e+00  1.00300000e-08  3.70490385e+00  1.00300000e-08  3.72956506e-02  1.00300000e-08  3.73011103e-02  1.00300000e-08  3.30000000e+00  1.00300000e-08  3.30000000e+00 
 1.00500000e-08  3.70481733e+00  1.00500000e-08  3.70481714e+00  1.00500000e-08  3.69468450e-02  1.00500000e-08  3.69522514e-02  1.00500000e-08  3.30000000e+00  1.00500000e-08  3.30000000e+00 
 1.00700000e-08  3.70473087e+00  1.00700000e-08  3.70473069e+00  1.00700000e-08  3.66012958e-02  1.00700000e-08  3.66066494e-02  1.00700000e-08  3.30000000e+00  1.00700000e-08  3.30000000e+00 
 1.00850000e-08  3.70466619e+00  1.00850000e-08  3.70466601e+00  1.00850000e-08  3.63442483e-02  1.00850000e-08  3.63495628e-02  1.00850000e-08  3.30000000e+00  1.00850000e-08  3.30000000e+00 
 1.01000000e-08  3.70460165e+00  1.01000000e-08  3.70460147e+00  1.01000000e-08  3.60890045e-02  1.01000000e-08  3.60942801e-02  1.01000000e-08  3.30000000e+00  1.01000000e-08  3.30000000e+00 
 1.01020000e-08  3.70459304e+00  1.01020000e-08  3.70459286e+00  1.01020000e-08  3.60503732e-02  1.01020000e-08  3.60561089e-02  1.01020000e-08  3.23400000e+00  1.01020000e-08  3.30000000e+00 
 1.01060000e-08  3.70457548e+00  1.01060000e-08  3.70457530e+00  1.01060000e-08  3.58507078e-02  1.01060000e-08  3.58579656e-02  1.01060000e-08  3.10200000e+00  1.01060000e-08  3.30000000e+00 
 1.01140000e-08  3.70453871e+00  1.01140000e-08  3.70453854e+00  1.01140000e-08  3.48755957e-02  1.01140000e-08  3.48876998e-02  1.01140000e-08  2.83800000e+00  1.01140000e-08  3.30000000e+00 
 1.01300000e-08  3.70446115e+00  1.01300000e-08  3.70446101e+00  1.01300000e-08  3.15033081e-02  1.01300000e-08  3.15232432e-02  1.01300000e-08  2.31000000e+00  1.01300000e-08  3.30000000e+00 
 1.01500000e-08  3.70437828e+00  1.01500000e-08  3.70437817e+00  1.01500000e-08  3.20517571e-02  1.01500000e-08  3.20871793e-02  1.01500000e-08  1.65000000e+00  1.01500000e-08  3.30000000e+00 
 1.01700000e-08  3.70432287e+00  1.01700000e-08  3.70432287e+00  1.01700000e-08  4.19803480e-02  1.01700000e-08  4.20597438e-02  1.01700000e-08  9.90000000e-01  1.01700000e-08  3.30000000e+00 
 1.01850000e-08  3.70430008e+00  1.01850000e-08  3.70430021e+00  1.01850000e-08  5.58586055e-02  1.01850000e-08  5.59920115e-02  1.01850000e-08  4.95000000e-01  1.01850000e-08  3.30000000e+00 
 1.02000000e-08  3.70429595e+00  1.02000000e-08  3.70429625e+00  1.02000000e-08  7.61683734e-02  1.02000000e-08  7.63696420e-02  1.02000000e-08  0.00000000e+00  1.02000000e-08  3.30000000e+00 
 1.02020000e-08  3.69074859e+00  1.02020000e-08  3.69074891e+00  1.02020000e-08  7.96410452e-02  1.02020000e-08  7.98529809e-02  1.02020000e-08  0.00000000e+00  1.02020000e-08  3.23400000e+00 
 1.02060000e-08  3.65998160e+00  1.02060000e-08  3.65998193e+00  1.02060000e-08  8.63259579e-02  1.02060000e-08  8.65596866e-02  1.02060000e-08  0.00000000e+00  1.02060000e-08  3.10200000e+00 
 1.02140000e-08  3.58647332e+00  1.02140000e-08  3.58647369e+00  1.02140000e-08  9.86353223e-02  1.02140000e-08  9.89124521e-02  1.02140000e-08  0.00000000e+00  1.02140000e-08  2.83800000e+00 
 1.02300000e-08  3.39540358e+00  1.02300000e-08  3.39540396e+00  1.02300000e-08  1.21517970e-01  1.02300000e-08  1.21870927e-01  1.02300000e-08  0.00000000e+00  1.02300000e-08  2.31000000e+00 
 1.02500000e-08  3.18599506e+00  1.02500000e-08  3.18599526e+00  1.02500000e-08  1.49493402e-01  1.02500000e-08  1.49920577e-01  1.02500000e-08  0.00000000e+00  1.02500000e-08  1.65000000e+00 
 1.02700000e-08  3.12946439e+00  1.02700000e-08  3.12946443e+00  1.02700000e-08  1.77922407e-01  1.02700000e-08  1.78412634e-01  1.02700000e-08  0.00000000e+00  1.02700000e-08  9.90000000e-01 
 1.02850000e-08  3.14912544e+00  1.02850000e-08  3.14912543e+00  1.02850000e-08  1.99461478e-01  1.02850000e-08  1.99998070e-01  1.02850000e-08  0.00000000e+00  1.02850000e-08  4.95000000e-01 
 1.03000000e-08  3.17237638e+00  1.03000000e-08  3.17237636e+00  1.03000000e-08  2.21192023e-01  1.03000000e-08  2.21777099e-01  1.03000000e-08  0.00000000e+00  1.03000000e-08  2.53130850e-14 
 1.03020000e-08  3.19457436e+00  1.03020000e-08  3.19457434e+00  1.03020000e-08  2.24177668e-01  1.03020000e-08  2.24769636e-01  1.03020000e-08  0.00000000e+00  1.03020000e-08  0.00000000e+00 
 1.03060000e-08  3.23128876e+00  1.03060000e-08  3.23128875e+00  1.03060000e-08  2.30120312e-01  1.03060000e-08  2.30726281e-01  1.03060000e-08  0.00000000e+00  1.03060000e-08  0.00000000e+00 
 1.03140000e-08  3.27229947e+00  1.03140000e-08  3.27229945e+00  1.03140000e-08  2.41891569e-01  1.03140000e-08  2.42526464e-01  1.03140000e-08  0.00000000e+00  1.03140000e-08  0.00000000e+00 
 1.03300000e-08  3.29799255e+00  1.03300000e-08  3.29799255e+00  1.03300000e-08  2.65343002e-01  1.03300000e-08  2.66039313e-01  1.03300000e-08  0.00000000e+00  1.03300000e-08  0.00000000e+00 
 1.03500000e-08  3.30021460e+00  1.03500000e-08  3.30021461e+00  1.03500000e-08  2.94841162e-01  1.03500000e-08  2.95623220e-01  1.03500000e-08  0.00000000e+00  1.03500000e-08  0.00000000e+00 
 1.03700000e-08  3.30001439e+00  1.03700000e-08  3.30001441e+00  1.03700000e-08  3.24681172e-01  1.03700000e-08  3.25563357e-01  1.03700000e-08  0.00000000e+00  1.03700000e-08  0.00000000e+00 
 1.03900000e-08  3.30000404e+00  1.03900000e-08  3.30000407e+00  1.03900000e-08  3.54892000e-01  1.03900000e-08  3.55893941e-01  1.03900000e-08  0.00000000e+00  1.03900000e-08  0.00000000e+00 
 1.04100000e-08  3.30000161e+00  1.04100000e-08  3.30000165e+00  1.04100000e-08  3.85523120e-01  1.04100000e-08  3.86670773e-01  1.04100000e-08  0.00000000e+00  1.04100000e-08  0.00000000e+00 
 1.04300000e-08  3.30000160e+00  1.04300000e-08  3.30000167e+00  1.04300000e-08  4.16652453e-01  1.04300000e-08  4.17980593e-01  1.04300000e-08  0.00000000e+00  1.04300000e-08  0.00000000e+00 
 1.04500000e-08  3.30000198e+00  1.04500000e-08  3.30000208e+00  1.04500000e-08  4.48393352e-01  1.04500000e-08  4.49950072e-01  1.04500000e-08  0.00000000e+00  1.04500000e-08  0.00000000e+00 
 1.04700000e-08  3.30000250e+00  1.04700000e-08  3.30000265e+00  1.04700000e-08  4.80912883e-01  1.04700000e-08  4.82767670e-01  1.04700000e-08  0.00000000e+00  1.04700000e-08  0.00000000e+00 
 1.04900000e-08  3.30000298e+00  1.04900000e-08  3.30000322e+00  1.04900000e-08  5.14467615e-01  1.04900000e-08  5.16726826e-01  1.04900000e-08  0.00000000e+00  1.04900000e-08  0.00000000e+00 
 1.05100000e-08  3.30000348e+00  1.05100000e-08  3.30000389e+00  1.05100000e-08  5.49476234e-01  1.05100000e-08  5.52315806e-01  1.05100000e-08  0.00000000e+00  1.05100000e-08  0.00000000e+00 
 1.05300000e-08  3.30000415e+00  1.05300000e-08  3.30000489e+00  1.05300000e-08  5.86684944e-01  1.05300000e-08  5.90429264e-01  1.05300000e-08  0.00000000e+00  1.05300000e-08  0.00000000e+00 
 1.05500000e-08  3.30000529e+00  1.05500000e-08  3.30000684e+00  1.05500000e-08  6.27541370e-01  1.05500000e-08  6.32851478e-01  1.05500000e-08  0.00000000e+00  1.05500000e-08  0.00000000e+00 
 1.05700000e-08  3.30000806e+00  1.05700000e-08  3.30001154e+00  1.05700000e-08  6.75099737e-01  1.05700000e-08  6.83324047e-01  1.05700000e-08  0.00000000e+00  1.05700000e-08  0.00000000e+00 
 1.05900000e-08  3.30001421e+00  1.05900000e-08  3.30001974e+00  1.05900000e-08  7.35283584e-01  1.05900000e-08  7.48168952e-01  1.05900000e-08  0.00000000e+00  1.05900000e-08  0.00000000e+00 
 1.06100000e-08  3.30002015e+00  1.06100000e-08  3.30002192e+00  1.06100000e-08  8.14517273e-01  1.06100000e-08  8.32338141e-01  1.06100000e-08  0.00000000e+00  1.06100000e-08  0.00000000e+00 
 1.06300000e-08  3.30001235e+00  1.06300000e-08  3.30000611e+00  1.06300000e-08  9.13395089e-01  1.06300000e-08  9.35411368e-01  1.06300000e-08  0.00000000e+00  1.06300000e-08  0.00000000e+00 
 1.06500000e-08  3.29999143e+00  1.06500000e-08  3.29997783e+00  1.06500000e-08  1.02816853e+00  1.06500000e-08  1.05360989e+00  1.06500000e-08  0.00000000e+00  1.06500000e-08  0.00000000e+00 
 1.06700000e-08  3.29996851e+00  1.06700000e-08  3.29994957e+00  1.06700000e-08  1.15479544e+00  1.06700000e-08  1.18317012e+00  1.06700000e-08  0.00000000e+00  1.06700000e-08  0.00000000e+00 
 1.06900000e-08  3.29995126e+00  1.06900000e-08  3.29993113e+00  1.06900000e-08  1.29040009e+00  1.06900000e-08  1.32134270e+00  1.06900000e-08  0.00000000e+00  1.06900000e-08  0.00000000e+00 
 1.07100000e-08  3.29994344e+00  1.07100000e-08  3.29992236e+00  1.07100000e-08  1.43270570e+00  1.07100000e-08  1.46587692e+00  1.07100000e-08  0.00000000e+00  1.07100000e-08  0.00000000e+00 
 1.07300000e-08  3.29994032e+00  1.07300000e-08  3.29991941e+00  1.07300000e-08  1.57965879e+00  1.07300000e-08  1.61474075e+00  1.07300000e-08  0.00000000e+00  1.07300000e-08  0.00000000e+00 
 1.07500000e-08  3.29994245e+00  1.07500000e-08  3.29992393e+00  1.07500000e-08  1.72938910e+00  1.07500000e-08  1.76606965e+00  1.07500000e-08  0.00000000e+00  1.07500000e-08  0.00000000e+00 
 1.07700000e-08  3.29994852e+00  1.07700000e-08  3.29993176e+00  1.07700000e-08  1.87978549e+00  1.07700000e-08  1.91751987e+00  1.07700000e-08  0.00000000e+00  1.07700000e-08  0.00000000e+00 
 1.07900000e-08  3.29995540e+00  1.07900000e-08  3.29994142e+00  1.07900000e-08  2.02795929e+00  1.07900000e-08  2.06604926e+00  1.07900000e-08  0.00000000e+00  1.07900000e-08  0.00000000e+00 
 1.08100000e-08  3.29996332e+00  1.08100000e-08  3.29995385e+00  1.08100000e-08  2.17102707e+00  1.08100000e-08  2.20884059e+00  1.08100000e-08  0.00000000e+00  1.08100000e-08  0.00000000e+00 
 1.08300000e-08  3.29997247e+00  1.08300000e-08  3.29996788e+00  1.08300000e-08  2.30665646e+00  1.08300000e-08  2.34365841e+00  1.08300000e-08  0.00000000e+00  1.08300000e-08  0.00000000e+00 
 1.08500000e-08  3.29998201e+00  1.08500000e-08  3.29998187e+00  1.08500000e-08  2.43308935e+00  1.08500000e-08  2.46883570e+00  1.08500000e-08  0.00000000e+00  1.08500000e-08  0.00000000e+00 
 1.08700000e-08  3.29999097e+00  1.08700000e-08  3.29999465e+00  1.08700000e-08  2.54911411e+00  1.08700000e-08  2.58325201e+00  1.08700000e-08  0.00000000e+00  1.08700000e-08  0.00000000e+00 
 1.08900000e-08  3.29999884e+00  1.08900000e-08  3.30000581e+00  1.08900000e-08  2.65404280e+00  1.08900000e-08  2.68631135e+00  1.08900000e-08  0.00000000e+00  1.08900000e-08  0.00000000e+00 
 1.09100000e-08  3.30000557e+00  1.09100000e-08  3.30001468e+00  1.09100000e-08  2.74766580e+00  1.09100000e-08  2.77789283e+00  1.09100000e-08  0.00000000e+00  1.09100000e-08  0.00000000e+00 
 1.09300000e-08  3.30001070e+00  1.09300000e-08  3.30002119e+00  1.09300000e-08  2.83017995e+00  1.09300000e-08  2.85827431e+00  1.09300000e-08  0.00000000e+00  1.09300000e-08  0.00000000e+00 
 1.09500000e-08  3.30001443e+00  1.09500000e-08  3.30002565e+00  1.09500000e-08  2.90210349e+00  1.09500000e-08  2.92804377e+00  1.09500000e-08  0.00000000e+00  1.09500000e-08  0.00000000e+00 
 1.09700000e-08  3.30001698e+00  1.09700000e-08  3.30002836e+00  1.09700000e-08  2.96418397e+00  1.09700000e-08  2.98800542e+00  1.09700000e-08  0.00000000e+00  1.09700000e-08  0.00000000e+00 
 1.09900000e-08  3.30001847e+00  1.09900000e-08  3.30002957e+00  1.09900000e-08  3.01731109e+00  1.09900000e-08  3.03909196e+00  1.09900000e-08  0.00000000e+00  1.09900000e-08  0.00000000e+00 
 1.10100000e-08  3.30001916e+00  1.10100000e-08  3.30002966e+00  1.10100000e-08  3.06244117e+00  1.10100000e-08  3.08228998e+00  1.10100000e-08  0.00000000e+00  1.10100000e-08  0.00000000e+00 
 1.10300000e-08  3.30001918e+00  1.10300000e-08  3.30002888e+00  1.10300000e-08  3.10053752e+00  1.10300000e-08  3.11858184e+00  1.10300000e-08  0.00000000e+00  1.10300000e-08  0.00000000e+00 
 1.10500000e-08  3.30001877e+00  1.10500000e-08  3.30002756e+00  1.10500000e-08  3.13252693e+00  1.10500000e-08  3.14890429e+00  1.10500000e-08  0.00000000e+00  1.10500000e-08  0.00000000e+00 
 1.10700000e-08  3.30001800e+00  1.10700000e-08  3.30002585e+00  1.10700000e-08  3.15927127e+00  1.10700000e-08  3.17412214e+00  1.10700000e-08  0.00000000e+00  1.10700000e-08  0.00000000e+00 
 1.10900000e-08  3.30001706e+00  1.10900000e-08  3.30002399e+00  1.10900000e-08  3.18155131e+00  1.10900000e-08  3.19501406e+00  1.10900000e-08  0.00000000e+00  1.10900000e-08  0.00000000e+00 
 1.11100000e-08  3.30001597e+00  1.11100000e-08  3.30002202e+00  1.11100000e-08  3.20006018e+00  1.11100000e-08  3.21226756e+00  1.11100000e-08  0.00000000e+00  1.11100000e-08  0.00000000e+00 
 1.11300000e-08  3.30001484e+00  1.11300000e-08  3.30002009e+00  1.11300000e-08  3.21540324e+00  1.11300000e-08  3.22648028e+00  1.11300000e-08  0.00000000e+00  1.11300000e-08  0.00000000e+00 
 1.11500000e-08  3.30001368e+00  1.11500000e-08  3.30001820e+00  1.11500000e-08  3.22810252e+00  1.11500000e-08  3.23816522e+00  1.11500000e-08  0.00000000e+00  1.11500000e-08  0.00000000e+00 
 1.11700000e-08  3.30001256e+00  1.11700000e-08  3.30001644e+00  1.11700000e-08  3.23860337e+00  1.11700000e-08  3.24775827e+00  1.11700000e-08  0.00000000e+00  1.11700000e-08  0.00000000e+00 
 1.11900000e-08  3.30001146e+00  1.11900000e-08  3.30001477e+00  1.11900000e-08  3.24728267e+00  1.11900000e-08  3.25562670e+00  1.11900000e-08  0.00000000e+00  1.11900000e-08  0.00000000e+00 
 1.12100000e-08  3.30001045e+00  1.12100000e-08  3.30001326e+00  1.12100000e-08  3.25445699e+00  1.12100000e-08  3.26207783e+00  1.12100000e-08  0.00000000e+00  1.12100000e-08  0.00000000e+00 
 1.12300000e-08  3.30000947e+00  1.12300000e-08  3.30001186e+00  1.12300000e-08  3.26039087e+00  1.12300000e-08  3.26736732e+00  1.12300000e-08  0.00000000e+00  1.12300000e-08  0.00000000e+00 
 1.12500000e-08  3.30000859e+00  1.12500000e-08  3.30001061e+00  1.12500000e-08  3.26530421e+00  1.12500000e-08  3.27170687e+00  1.12500000e-08  0.00000000e+00  1.12500000e-08  0.00000000e+00 
 1.12700000e-08  3.30000775e+00  1.12700000e-08  3.30000946e+00  1.12700000e-08  3.26937920e+00  1.12700000e-08  3.27527099e+00  1.12700000e-08  0.00000000e+00  1.12700000e-08  0.00000000e+00 
 1.12900000e-08  3.30000701e+00  1.12900000e-08  3.30000846e+00  1.12900000e-08  3.27276619e+00  1.12900000e-08  3.27820311e+00  1.12900000e-08  0.00000000e+00  1.12900000e-08  0.00000000e+00 
 1.13100000e-08  3.30000631e+00  1.13100000e-08  3.30000754e+00  1.13100000e-08  3.27558904e+00  1.13100000e-08  3.28062074e+00  1.13100000e-08  0.00000000e+00  1.13100000e-08  0.00000000e+00 
 1.13300000e-08  3.30000571e+00  1.13300000e-08  3.30000674e+00  1.13300000e-08  3.27794943e+00  1.13300000e-08  3.28261990e+00  1.13300000e-08  0.00000000e+00  1.13300000e-08  0.00000000e+00 
 1.13500000e-08  3.30000513e+00  1.13500000e-08  3.30000601e+00  1.13500000e-08  3.27993079e+00  1.13500000e-08  3.28427888e+00  1.13500000e-08  0.00000000e+00  1.13500000e-08  0.00000000e+00 
 1.13700000e-08  3.30000464e+00  1.13700000e-08  3.30000539e+00  1.13700000e-08  3.28160137e+00  1.13700000e-08  3.28566141e+00  1.13700000e-08  0.00000000e+00  1.13700000e-08  0.00000000e+00 
 1.13900000e-08  3.30000418e+00  1.13900000e-08  3.30000481e+00  1.13900000e-08  3.28301705e+00  1.13900000e-08  3.28681926e+00  1.13900000e-08  0.00000000e+00  1.13900000e-08  0.00000000e+00 
 1.14100000e-08  3.30000378e+00  1.14100000e-08  3.30000433e+00  1.14100000e-08  3.28422338e+00  1.14100000e-08  3.28779445e+00  1.14100000e-08  0.00000000e+00  1.14100000e-08  0.00000000e+00 
 1.14300000e-08  3.30000341e+00  1.14300000e-08  3.30000387e+00  1.14300000e-08  3.28525763e+00  1.14300000e-08  3.28862102e+00  1.14300000e-08  0.00000000e+00  1.14300000e-08  0.00000000e+00 
 1.14500000e-08  3.30000310e+00  1.14500000e-08  3.30000349e+00  1.14500000e-08  3.28615014e+00  1.14500000e-08  3.28932655e+00  1.14500000e-08  0.00000000e+00  1.14500000e-08  0.00000000e+00 
 1.14700000e-08  3.30000279e+00  1.14700000e-08  3.30000313e+00  1.14700000e-08  3.28692568e+00  1.14700000e-08  3.28993332e+00  1.14700000e-08  0.00000000e+00  1.14700000e-08  0.00000000e+00 
 1.14900000e-08  3.30000255e+00  1.14900000e-08  3.30000284e+00  1.14900000e-08  3.28760443e+00  1.14900000e-08  3.29045935e+00  1.14900000e-08  0.00000000e+00  1.14900000e-08  0.00000000e+00 
 1.15100000e-08  3.30000230e+00  1.15100000e-08  3.30000255e+00  1.15100000e-08  3.28820287e+00  1.15100000e-08  3.29091922e+00  1.15100000e-08  0.00000000e+00  1.15100000e-08  0.00000000e+00 
 1.15300000e-08  3.30000211e+00  1.15300000e-08  3.30000233e+00  1.15300000e-08  3.28873440e+00  1.15300000e-08  3.29132469e+00  1.15300000e-08  0.00000000e+00  1.15300000e-08  0.00000000e+00 
 1.15500000e-08  3.30000191e+00  1.15500000e-08  3.30000210e+00  1.15500000e-08  3.28920999e+00  1.15500000e-08  3.29168525e+00  1.15500000e-08  0.00000000e+00  1.15500000e-08  0.00000000e+00 
 1.15700000e-08  3.30000175e+00  1.15700000e-08  3.30000192e+00  1.15700000e-08  3.28963859e+00  1.15700000e-08  3.29200859e+00  1.15700000e-08  0.00000000e+00  1.15700000e-08  0.00000000e+00 
 1.15900000e-08  3.30000159e+00  1.15900000e-08  3.30000174e+00  1.15900000e-08  3.29002751e+00  1.15900000e-08  3.29230092e+00  1.15900000e-08  0.00000000e+00  1.15900000e-08  0.00000000e+00 
 1.16100000e-08  3.30000147e+00  1.16100000e-08  3.30000160e+00  1.16100000e-08  3.29038274e+00  1.16100000e-08  3.29256724e+00  1.16100000e-08  0.00000000e+00  1.16100000e-08  0.00000000e+00 
 1.16300000e-08  3.30000133e+00  1.16300000e-08  3.30000145e+00  1.16300000e-08  3.29070920e+00  1.16300000e-08  3.29281163e+00  1.16300000e-08  0.00000000e+00  1.16300000e-08  0.00000000e+00 
 1.16500000e-08  3.30000124e+00  1.16500000e-08  3.30000134e+00  1.16500000e-08  3.29101091e+00  1.16500000e-08  3.29303739e+00  1.16500000e-08  0.00000000e+00  1.16500000e-08  0.00000000e+00 
 1.16700000e-08  3.30000113e+00  1.16700000e-08  3.30000122e+00  1.16700000e-08  3.29129123e+00  1.16700000e-08  3.29324718e+00  1.16700000e-08  0.00000000e+00  1.16700000e-08  0.00000000e+00 
 1.16900000e-08  3.30000105e+00  1.16900000e-08  3.30000113e+00  1.16900000e-08  3.29155287e+00  1.16900000e-08  3.29344320e+00  1.16900000e-08  0.00000000e+00  1.16900000e-08  0.00000000e+00 
 1.17100000e-08  3.30000096e+00  1.17100000e-08  3.30000103e+00  1.17100000e-08  3.29179814e+00  1.17100000e-08  3.29362723e+00  1.17100000e-08  0.00000000e+00  1.17100000e-08  0.00000000e+00 
 1.17300000e-08  3.30000090e+00  1.17300000e-08  3.30000097e+00  1.17300000e-08  3.29202891e+00  1.17300000e-08  3.29380072e+00  1.17300000e-08  0.00000000e+00  1.17300000e-08  0.00000000e+00 
 1.17500000e-08  3.30000082e+00  1.17500000e-08  3.30000088e+00  1.17500000e-08  3.29224680e+00  1.17500000e-08  3.29396488e+00  1.17500000e-08  0.00000000e+00  1.17500000e-08  0.00000000e+00 
 1.17700000e-08  3.30000078e+00  1.17700000e-08  3.30000083e+00  1.17700000e-08  3.29245311e+00  1.17700000e-08  3.29412071e+00  1.17700000e-08  0.00000000e+00  1.17700000e-08  0.00000000e+00 
 1.17900000e-08  3.30000071e+00  1.17900000e-08  3.30000076e+00  1.17900000e-08  3.29264899e+00  1.17900000e-08  3.29426904e+00  1.17900000e-08  0.00000000e+00  1.17900000e-08  0.00000000e+00 
 1.18100000e-08  3.30000067e+00  1.18100000e-08  3.30000072e+00  1.18100000e-08  3.29283538e+00  1.18100000e-08  3.29441056e+00  1.18100000e-08  0.00000000e+00  1.18100000e-08  0.00000000e+00 
 1.18300000e-08  3.30000062e+00  1.18300000e-08  3.30000066e+00  1.18300000e-08  3.29301313e+00  1.18300000e-08  3.29454586e+00  1.18300000e-08  0.00000000e+00  1.18300000e-08  0.00000000e+00 
 1.18500000e-08  3.30000059e+00  1.18500000e-08  3.30000063e+00  1.18500000e-08  3.29318290e+00  1.18500000e-08  3.29467544e+00  1.18500000e-08  0.00000000e+00  1.18500000e-08  0.00000000e+00 
 1.18700000e-08  3.30000054e+00  1.18700000e-08  3.30000057e+00  1.18700000e-08  3.29334534e+00  1.18700000e-08  3.29479972e+00  1.18700000e-08  0.00000000e+00  1.18700000e-08  0.00000000e+00 
 1.18900000e-08  3.30000052e+00  1.18900000e-08  3.30000055e+00  1.18900000e-08  3.29350095e+00  1.18900000e-08  3.29491908e+00  1.18900000e-08  0.00000000e+00  1.18900000e-08  0.00000000e+00 
 1.19100000e-08  3.30000047e+00  1.19100000e-08  3.30000050e+00  1.19100000e-08  3.29365023e+00  1.19100000e-08  3.29503383e+00  1.19100000e-08  0.00000000e+00  1.19100000e-08  0.00000000e+00 
 1.19300000e-08  3.30000046e+00  1.19300000e-08  3.30000048e+00  1.19300000e-08  3.29379356e+00  1.19300000e-08  3.29514427e+00  1.19300000e-08  0.00000000e+00  1.19300000e-08  0.00000000e+00 
 1.19500000e-08  3.30000042e+00  1.19500000e-08  3.30000044e+00  1.19500000e-08  3.29393135e+00  1.19500000e-08  3.29525064e+00  1.19500000e-08  0.00000000e+00  1.19500000e-08  0.00000000e+00 
 1.19700000e-08  3.30000041e+00  1.19700000e-08  3.30000043e+00  1.19700000e-08  3.29406389e+00  1.19700000e-08  3.29535317e+00  1.19700000e-08  0.00000000e+00  1.19700000e-08  0.00000000e+00 
 1.19900000e-08  3.30000037e+00  1.19900000e-08  3.30000039e+00  1.19900000e-08  3.29419152e+00  1.19900000e-08  3.29545206e+00  1.19900000e-08  0.00000000e+00  1.19900000e-08  0.00000000e+00 
 1.20100000e-08  3.30000036e+00  1.20100000e-08  3.30000038e+00  1.20100000e-08  3.29431447e+00  1.20100000e-08  3.29554750e+00  1.20100000e-08  0.00000000e+00  1.20100000e-08  0.00000000e+00 
 1.20300000e-08  3.30000033e+00  1.20300000e-08  3.30000035e+00  1.20300000e-08  3.29443302e+00  1.20300000e-08  3.29563966e+00  1.20300000e-08  0.00000000e+00  1.20300000e-08  0.00000000e+00 
 1.20500000e-08  3.30000033e+00  1.20500000e-08  3.30000034e+00  1.20500000e-08  3.29454738e+00  1.20500000e-08  3.29572870e+00  1.20500000e-08  0.00000000e+00  1.20500000e-08  0.00000000e+00 
 1.20700000e-08  3.30000029e+00  1.20700000e-08  3.30000031e+00  1.20700000e-08  3.29465778e+00  1.20700000e-08  3.29581475e+00  1.20700000e-08  0.00000000e+00  1.20700000e-08  0.00000000e+00 
 1.20900000e-08  3.30000029e+00  1.20900000e-08  3.30000031e+00  1.20900000e-08  3.29476438e+00  1.20900000e-08  3.29589796e+00  1.20900000e-08  0.00000000e+00  1.20900000e-08  0.00000000e+00 
 1.21100000e-08  3.30000026e+00  1.21100000e-08  3.30000028e+00  1.21100000e-08  3.29486740e+00  1.21100000e-08  3.29597846e+00  1.21100000e-08  0.00000000e+00  1.21100000e-08  0.00000000e+00 
 1.21300000e-08  3.30000026e+00  1.21300000e-08  3.30000028e+00  1.21300000e-08  3.29496697e+00  1.21300000e-08  3.29605635e+00  1.21300000e-08  0.00000000e+00  1.21300000e-08  0.00000000e+00 
 1.21500000e-08  3.30000024e+00  1.21500000e-08  3.30000025e+00  1.21500000e-08  3.29506329e+00  1.21500000e-08  3.29613175e+00  1.21500000e-08  0.00000000e+00  1.21500000e-08  0.00000000e+00 
 1.21700000e-08  3.30000024e+00  1.21700000e-08  3.30000025e+00  1.21700000e-08  3.29515646e+00  1.21700000e-08  3.29620477e+00  1.21700000e-08  0.00000000e+00  1.21700000e-08  0.00000000e+00 
 1.21900000e-08  3.30000022e+00  1.21900000e-08  3.30000023e+00  1.21900000e-08  3.29524666e+00  1.21900000e-08  3.29627551e+00  1.21900000e-08  0.00000000e+00  1.21900000e-08  0.00000000e+00 
 1.22100000e-08  3.30000022e+00  1.22100000e-08  3.30000023e+00  1.22100000e-08  3.29533400e+00  1.22100000e-08  3.29634405e+00  1.22100000e-08  0.00000000e+00  1.22100000e-08  0.00000000e+00 
 1.22300000e-08  3.30000020e+00  1.22300000e-08  3.30000020e+00  1.22300000e-08  3.29541861e+00  1.22300000e-08  3.29641049e+00  1.22300000e-08  0.00000000e+00  1.22300000e-08  0.00000000e+00 
 1.22500000e-08  3.30000020e+00  1.22500000e-08  3.30000021e+00  1.22500000e-08  3.29550059e+00  1.22500000e-08  3.29647492e+00  1.22500000e-08  0.00000000e+00  1.22500000e-08  0.00000000e+00 
 1.22700000e-08  3.30000018e+00  1.22700000e-08  3.30000019e+00  1.22700000e-08  3.29558007e+00  1.22700000e-08  3.29653741e+00  1.22700000e-08  0.00000000e+00  1.22700000e-08  0.00000000e+00 
 1.22900000e-08  3.30000018e+00  1.22900000e-08  3.30000019e+00  1.22900000e-08  3.29565714e+00  1.22900000e-08  3.29659804e+00  1.22900000e-08  0.00000000e+00  1.22900000e-08  0.00000000e+00 
 1.23100000e-08  3.30000016e+00  1.23100000e-08  3.30000017e+00  1.23100000e-08  3.29573192e+00  1.23100000e-08  3.29665688e+00  1.23100000e-08  0.00000000e+00  1.23100000e-08  0.00000000e+00 
 1.23300000e-08  3.30000017e+00  1.23300000e-08  3.30000018e+00  1.23300000e-08  3.29580447e+00  1.23300000e-08  3.29671401e+00  1.23300000e-08  0.00000000e+00  1.23300000e-08  0.00000000e+00 
 1.23500000e-08  3.30000015e+00  1.23500000e-08  3.30000016e+00  1.23500000e-08  3.29587492e+00  1.23500000e-08  3.29676948e+00  1.23500000e-08  0.00000000e+00  1.23500000e-08  0.00000000e+00 
 1.23700000e-08  3.30000016e+00  1.23700000e-08  3.30000016e+00  1.23700000e-08  3.29594331e+00  1.23700000e-08  3.29682337e+00  1.23700000e-08  0.00000000e+00  1.23700000e-08  0.00000000e+00 
 1.23900000e-08  3.30000014e+00  1.23900000e-08  3.30000014e+00  1.23900000e-08  3.29600976e+00  1.23900000e-08  3.29687573e+00  1.23900000e-08  0.00000000e+00  1.23900000e-08  0.00000000e+00 
 1.24100000e-08  3.30000014e+00  1.24100000e-08  3.30000015e+00  1.24100000e-08  3.29607431e+00  1.24100000e-08  3.29692662e+00  1.24100000e-08  0.00000000e+00  1.24100000e-08  0.00000000e+00 
 1.24300000e-08  3.30000013e+00  1.24300000e-08  3.30000013e+00  1.24300000e-08  3.29613706e+00  1.24300000e-08  3.29697610e+00  1.24300000e-08  0.00000000e+00  1.24300000e-08  0.00000000e+00 
 1.24500000e-08  3.30000013e+00  1.24500000e-08  3.30000014e+00  1.24500000e-08  3.29619807e+00  1.24500000e-08  3.29702421e+00  1.24500000e-08  0.00000000e+00  1.24500000e-08  0.00000000e+00 
 1.24700000e-08  3.30000012e+00  1.24700000e-08  3.30000012e+00  1.24700000e-08  3.29625741e+00  1.24700000e-08  3.29707102e+00  1.24700000e-08  0.00000000e+00  1.24700000e-08  0.00000000e+00 
 1.24900000e-08  3.30000012e+00  1.24900000e-08  3.30000013e+00  1.24900000e-08  3.29631513e+00  1.24900000e-08  3.29711656e+00  1.24900000e-08  0.00000000e+00  1.24900000e-08  0.00000000e+00 
 1.25100000e-08  3.30000011e+00  1.25100000e-08  3.30000011e+00  1.25100000e-08  3.29637131e+00  1.25100000e-08  3.29716088e+00  1.25100000e-08  0.00000000e+00  1.25100000e-08  0.00000000e+00 
 1.25300000e-08  3.30000012e+00  1.25300000e-08  3.30000012e+00  1.25300000e-08  3.29642598e+00  1.25300000e-08  3.29720403e+00  1.25300000e-08  0.00000000e+00  1.25300000e-08  0.00000000e+00 
 1.25500000e-08  3.30000010e+00  1.25500000e-08  3.30000010e+00  1.25500000e-08  3.29647922e+00  1.25500000e-08  3.29724605e+00  1.25500000e-08  0.00000000e+00  1.25500000e-08  0.00000000e+00 
 1.25700000e-08  3.30000011e+00  1.25700000e-08  3.30000011e+00  1.25700000e-08  3.29653107e+00  1.25700000e-08  3.29728698e+00  1.25700000e-08  0.00000000e+00  1.25700000e-08  0.00000000e+00 
 1.25900000e-08  3.30000009e+00  1.25900000e-08  3.30000010e+00  1.25900000e-08  3.29658159e+00  1.25900000e-08  3.29732686e+00  1.25900000e-08  0.00000000e+00  1.25900000e-08  0.00000000e+00 
 1.26100000e-08  3.30000010e+00  1.26100000e-08  3.30000011e+00  1.26100000e-08  3.29663081e+00  1.26100000e-08  3.29736572e+00  1.26100000e-08  0.00000000e+00  1.26100000e-08  0.00000000e+00 
 1.26300000e-08  3.30000008e+00  1.26300000e-08  3.30000009e+00  1.26300000e-08  3.29667879e+00  1.26300000e-08  3.29740359e+00  1.26300000e-08  0.00000000e+00  1.26300000e-08  0.00000000e+00 
 1.26500000e-08  3.30000010e+00  1.26500000e-08  3.30000010e+00  1.26500000e-08  3.29672556e+00  1.26500000e-08  3.29744053e+00  1.26500000e-08  0.00000000e+00  1.26500000e-08  0.00000000e+00 
 1.26700000e-08  3.30000008e+00  1.26700000e-08  3.30000008e+00  1.26700000e-08  3.29677119e+00  1.26700000e-08  3.29747654e+00  1.26700000e-08  0.00000000e+00  1.26700000e-08  0.00000000e+00 
 1.26900000e-08  3.30000009e+00  1.26900000e-08  3.30000009e+00  1.26900000e-08  3.29681568e+00  1.26900000e-08  3.29751168e+00  1.26900000e-08  0.00000000e+00  1.26900000e-08  0.00000000e+00 
 1.27100000e-08  3.30000007e+00  1.27100000e-08  3.30000008e+00  1.27100000e-08  3.29685910e+00  1.27100000e-08  3.29754596e+00  1.27100000e-08  0.00000000e+00  1.27100000e-08  0.00000000e+00 
 1.27300000e-08  3.30000008e+00  1.27300000e-08  3.30000009e+00  1.27300000e-08  3.29690147e+00  1.27300000e-08  3.29757942e+00  1.27300000e-08  0.00000000e+00  1.27300000e-08  0.00000000e+00 
 1.27500000e-08  3.30000007e+00  1.27500000e-08  3.30000007e+00  1.27500000e-08  3.29694284e+00  1.27500000e-08  3.29761207e+00  1.27500000e-08  0.00000000e+00  1.27500000e-08  0.00000000e+00 
 1.27700000e-08  3.30000008e+00  1.27700000e-08  3.30000008e+00  1.27700000e-08  3.29698321e+00  1.27700000e-08  3.29764396e+00  1.27700000e-08  0.00000000e+00  1.27700000e-08  0.00000000e+00 
 1.27900000e-08  3.30000006e+00  1.27900000e-08  3.30000007e+00  1.27900000e-08  3.29702266e+00  1.27900000e-08  3.29767510e+00  1.27900000e-08  0.00000000e+00  1.27900000e-08  0.00000000e+00 
 1.28100000e-08  3.30000008e+00  1.28100000e-08  3.30000008e+00  1.28100000e-08  3.29706118e+00  1.28100000e-08  3.29770552e+00  1.28100000e-08  0.00000000e+00  1.28100000e-08  0.00000000e+00 
 1.28300000e-08  3.30000006e+00  1.28300000e-08  3.30000006e+00  1.28300000e-08  3.29709883e+00  1.28300000e-08  3.29773523e+00  1.28300000e-08  0.00000000e+00  1.28300000e-08  0.00000000e+00 
 1.28500000e-08  3.30000007e+00  1.28500000e-08  3.30000007e+00  1.28500000e-08  3.29713561e+00  1.28500000e-08  3.29776428e+00  1.28500000e-08  0.00000000e+00  1.28500000e-08  0.00000000e+00 
 1.28700000e-08  3.30000006e+00  1.28700000e-08  3.30000006e+00  1.28700000e-08  3.29717157e+00  1.28700000e-08  3.29779266e+00  1.28700000e-08  0.00000000e+00  1.28700000e-08  0.00000000e+00 
 1.28900000e-08  3.30000007e+00  1.28900000e-08  3.30000007e+00  1.28900000e-08  3.29720672e+00  1.28900000e-08  3.29782041e+00  1.28900000e-08  0.00000000e+00  1.28900000e-08  0.00000000e+00 
 1.29100000e-08  3.30000005e+00  1.29100000e-08  3.30000005e+00  1.29100000e-08  3.29724110e+00  1.29100000e-08  3.29784754e+00  1.29100000e-08  0.00000000e+00  1.29100000e-08  0.00000000e+00 
 1.29300000e-08  3.30000006e+00  1.29300000e-08  3.30000007e+00  1.29300000e-08  3.29727471e+00  1.29300000e-08  3.29787408e+00  1.29300000e-08  0.00000000e+00  1.29300000e-08  0.00000000e+00 
 1.29500000e-08  3.30000005e+00  1.29500000e-08  3.30000005e+00  1.29500000e-08  3.29730761e+00  1.29500000e-08  3.29790004e+00  1.29500000e-08  0.00000000e+00  1.29500000e-08  0.00000000e+00 
 1.29700000e-08  3.30000006e+00  1.29700000e-08  3.30000006e+00  1.29700000e-08  3.29733979e+00  1.29700000e-08  3.29792544e+00  1.29700000e-08  0.00000000e+00  1.29700000e-08  0.00000000e+00 
 1.29900000e-08  3.30000005e+00  1.29900000e-08  3.30000005e+00  1.29900000e-08  3.29737129e+00  1.29900000e-08  3.29795030e+00  1.29900000e-08  0.00000000e+00  1.29900000e-08  0.00000000e+00 
 1.30100000e-08  3.30000006e+00  1.30100000e-08  3.30000006e+00  1.30100000e-08  3.29740212e+00  1.30100000e-08  3.29797463e+00  1.30100000e-08  0.00000000e+00  1.30100000e-08  0.00000000e+00 
 1.30300000e-08  3.30000004e+00  1.30300000e-08  3.30000004e+00  1.30300000e-08  3.29743231e+00  1.30300000e-08  3.29799844e+00  1.30300000e-08  0.00000000e+00  1.30300000e-08  0.00000000e+00 
 1.30500000e-08  3.30000006e+00  1.30500000e-08  3.30000006e+00  1.30500000e-08  3.29746186e+00  1.30500000e-08  3.29802176e+00  1.30500000e-08  0.00000000e+00  1.30500000e-08  0.00000000e+00 
 1.30700000e-08  3.30000004e+00  1.30700000e-08  3.30000004e+00  1.30700000e-08  3.29749081e+00  1.30700000e-08  3.29804460e+00  1.30700000e-08  0.00000000e+00  1.30700000e-08  0.00000000e+00 
 1.30900000e-08  3.30000005e+00  1.30900000e-08  3.30000005e+00  1.30900000e-08  3.29751916e+00  1.30900000e-08  3.29806696e+00  1.30900000e-08  0.00000000e+00  1.30900000e-08  0.00000000e+00 
 1.31100000e-08  3.30000004e+00  1.31100000e-08  3.30000004e+00  1.31100000e-08  3.29754694e+00  1.31100000e-08  3.29808888e+00  1.31100000e-08  0.00000000e+00  1.31100000e-08  0.00000000e+00 
 1.31300000e-08  3.30000005e+00  1.31300000e-08  3.30000005e+00  1.31300000e-08  3.29757416e+00  1.31300000e-08  3.29811035e+00  1.31300000e-08  0.00000000e+00  1.31300000e-08  0.00000000e+00 
 1.31500000e-08  3.30000004e+00  1.31500000e-08  3.30000004e+00  1.31500000e-08  3.29760085e+00  1.31500000e-08  3.29813139e+00  1.31500000e-08  0.00000000e+00  1.31500000e-08  0.00000000e+00 
 1.31700000e-08  3.30000005e+00  1.31700000e-08  3.30000005e+00  1.31700000e-08  3.29762699e+00  1.31700000e-08  3.29815201e+00  1.31700000e-08  0.00000000e+00  1.31700000e-08  0.00000000e+00 
 1.31900000e-08  3.30000003e+00  1.31900000e-08  3.30000003e+00  1.31900000e-08  3.29765264e+00  1.31900000e-08  3.29817223e+00  1.31900000e-08  0.00000000e+00  1.31900000e-08  0.00000000e+00 
 1.32100000e-08  3.30000005e+00  1.32100000e-08  3.30000005e+00  1.32100000e-08  3.29767778e+00  1.32100000e-08  3.29819205e+00  1.32100000e-08  0.00000000e+00  1.32100000e-08  0.00000000e+00 
 1.32300000e-08  3.30000003e+00  1.32300000e-08  3.30000003e+00  1.32300000e-08  3.29770244e+00  1.32300000e-08  3.29821149e+00  1.32300000e-08  0.00000000e+00  1.32300000e-08  0.00000000e+00 
 1.32500000e-08  3.30000004e+00  1.32500000e-08  3.30000004e+00  1.32500000e-08  3.29772662e+00  1.32500000e-08  3.29823056e+00  1.32500000e-08  0.00000000e+00  1.32500000e-08  0.00000000e+00 
 1.32700000e-08  3.30000003e+00  1.32700000e-08  3.30000003e+00  1.32700000e-08  3.29775036e+00  1.32700000e-08  3.29824926e+00  1.32700000e-08  0.00000000e+00  1.32700000e-08  0.00000000e+00 
 1.32900000e-08  3.30000004e+00  1.32900000e-08  3.30000004e+00  1.32900000e-08  3.29777363e+00  1.32900000e-08  3.29826761e+00  1.32900000e-08  0.00000000e+00  1.32900000e-08  0.00000000e+00 
 1.33100000e-08  3.30000003e+00  1.33100000e-08  3.30000003e+00  1.33100000e-08  3.29779649e+00  1.33100000e-08  3.29828561e+00  1.33100000e-08  0.00000000e+00  1.33100000e-08  0.00000000e+00 
 1.33300000e-08  3.30000004e+00  1.33300000e-08  3.30000004e+00  1.33300000e-08  3.29781890e+00  1.33300000e-08  3.29830328e+00  1.33300000e-08  0.00000000e+00  1.33300000e-08  0.00000000e+00 
 1.33500000e-08  3.30000003e+00  1.33500000e-08  3.30000003e+00  1.33500000e-08  3.29784092e+00  1.33500000e-08  3.29832062e+00  1.33500000e-08  0.00000000e+00  1.33500000e-08  0.00000000e+00 
 1.33700000e-08  3.30000004e+00  1.33700000e-08  3.30000004e+00  1.33700000e-08  3.29786253e+00  1.33700000e-08  3.29833765e+00  1.33700000e-08  0.00000000e+00  1.33700000e-08  0.00000000e+00 
 1.33900000e-08  3.30000002e+00  1.33900000e-08  3.30000003e+00  1.33900000e-08  3.29788375e+00  1.33900000e-08  3.29835436e+00  1.33900000e-08  0.00000000e+00  1.33900000e-08  0.00000000e+00 
 1.34100000e-08  3.30000004e+00  1.34100000e-08  3.30000004e+00  1.34100000e-08  3.29790459e+00  1.34100000e-08  3.29837078e+00  1.34100000e-08  0.00000000e+00  1.34100000e-08  0.00000000e+00 
 1.34300000e-08  3.30000002e+00  1.34300000e-08  3.30000002e+00  1.34300000e-08  3.29792506e+00  1.34300000e-08  3.29838689e+00  1.34300000e-08  0.00000000e+00  1.34300000e-08  0.00000000e+00 
 1.34500000e-08  3.30000004e+00  1.34500000e-08  3.30000004e+00  1.34500000e-08  3.29794516e+00  1.34500000e-08  3.29840273e+00  1.34500000e-08  0.00000000e+00  1.34500000e-08  0.00000000e+00 
 1.34700000e-08  3.30000002e+00  1.34700000e-08  3.30000002e+00  1.34700000e-08  3.29796492e+00  1.34700000e-08  3.29841828e+00  1.34700000e-08  0.00000000e+00  1.34700000e-08  0.00000000e+00 
 1.34900000e-08  3.30000003e+00  1.34900000e-08  3.30000004e+00  1.34900000e-08  3.29798432e+00  1.34900000e-08  3.29843356e+00  1.34900000e-08  0.00000000e+00  1.34900000e-08  0.00000000e+00 
 1.35100000e-08  3.30000002e+00  1.35100000e-08  3.30000002e+00  1.35100000e-08  3.29800340e+00  1.35100000e-08  3.29844857e+00  1.35100000e-08  0.00000000e+00  1.35100000e-08  0.00000000e+00 
 1.35300000e-08  3.30000003e+00  1.35300000e-08  3.30000003e+00  1.35300000e-08  3.29802214e+00  1.35300000e-08  3.29846333e+00  1.35300000e-08  0.00000000e+00  1.35300000e-08  0.00000000e+00 
 1.35500000e-08  3.30000002e+00  1.35500000e-08  3.30000002e+00  1.35500000e-08  3.29804058e+00  1.35500000e-08  3.29847783e+00  1.35500000e-08  0.00000000e+00  1.35500000e-08  0.00000000e+00 
 1.35700000e-08  3.30000003e+00  1.35700000e-08  3.30000003e+00  1.35700000e-08  3.29805869e+00  1.35700000e-08  3.29849209e+00  1.35700000e-08  0.00000000e+00  1.35700000e-08  0.00000000e+00 
 1.35900000e-08  3.30000002e+00  1.35900000e-08  3.30000002e+00  1.35900000e-08  3.29807651e+00  1.35900000e-08  3.29850610e+00  1.35900000e-08  0.00000000e+00  1.35900000e-08  0.00000000e+00 
 1.36100000e-08  3.30000003e+00  1.36100000e-08  3.30000003e+00  1.36100000e-08  3.29809401e+00  1.36100000e-08  3.29851988e+00  1.36100000e-08  0.00000000e+00  1.36100000e-08  0.00000000e+00 
 1.36300000e-08  3.30000002e+00  1.36300000e-08  3.30000002e+00  1.36300000e-08  3.29811125e+00  1.36300000e-08  3.29853343e+00  1.36300000e-08  0.00000000e+00  1.36300000e-08  0.00000000e+00 
 1.36500000e-08  3.30000003e+00  1.36500000e-08  3.30000003e+00  1.36500000e-08  3.29812818e+00  1.36500000e-08  3.29854676e+00  1.36500000e-08  0.00000000e+00  1.36500000e-08  0.00000000e+00 
 1.36700000e-08  3.30000002e+00  1.36700000e-08  3.30000002e+00  1.36700000e-08  3.29814485e+00  1.36700000e-08  3.29855987e+00  1.36700000e-08  0.00000000e+00  1.36700000e-08  0.00000000e+00 
 1.36900000e-08  3.30000003e+00  1.36900000e-08  3.30000003e+00  1.36900000e-08  3.29816124e+00  1.36900000e-08  3.29857276e+00  1.36900000e-08  0.00000000e+00  1.36900000e-08  0.00000000e+00 
 1.37100000e-08  3.30000001e+00  1.37100000e-08  3.30000002e+00  1.37100000e-08  3.29817738e+00  1.37100000e-08  3.29858545e+00  1.37100000e-08  0.00000000e+00  1.37100000e-08  0.00000000e+00 
 1.37300000e-08  3.30000003e+00  1.37300000e-08  3.30000003e+00  1.37300000e-08  3.29819325e+00  1.37300000e-08  3.29859793e+00  1.37300000e-08  0.00000000e+00  1.37300000e-08  0.00000000e+00 
 1.37500000e-08  3.30000001e+00  1.37500000e-08  3.30000001e+00  1.37500000e-08  3.29820888e+00  1.37500000e-08  3.29861021e+00  1.37500000e-08  0.00000000e+00  1.37500000e-08  0.00000000e+00 
 1.37700000e-08  3.30000003e+00  1.37700000e-08  3.30000003e+00  1.37700000e-08  3.29822425e+00  1.37700000e-08  3.29862230e+00  1.37700000e-08  0.00000000e+00  1.37700000e-08  0.00000000e+00 
 1.37900000e-08  3.30000001e+00  1.37900000e-08  3.30000001e+00  1.37900000e-08  3.29823939e+00  1.37900000e-08  3.29863420e+00  1.37900000e-08  0.00000000e+00  1.37900000e-08  0.00000000e+00 
 1.38100000e-08  3.30000003e+00  1.38100000e-08  3.30000003e+00  1.38100000e-08  3.29825429e+00  1.38100000e-08  3.29864591e+00  1.38100000e-08  0.00000000e+00  1.38100000e-08  0.00000000e+00 
 1.38300000e-08  3.30000001e+00  1.38300000e-08  3.30000001e+00  1.38300000e-08  3.29826896e+00  1.38300000e-08  3.29865743e+00  1.38300000e-08  0.00000000e+00  1.38300000e-08  0.00000000e+00 
 1.38500000e-08  3.30000002e+00  1.38500000e-08  3.30000002e+00  1.38500000e-08  3.29828340e+00  1.38500000e-08  3.29866879e+00  1.38500000e-08  0.00000000e+00  1.38500000e-08  0.00000000e+00 
 1.38700000e-08  3.30000001e+00  1.38700000e-08  3.30000001e+00  1.38700000e-08  3.29829764e+00  1.38700000e-08  3.29867996e+00  1.38700000e-08  0.00000000e+00  1.38700000e-08  0.00000000e+00 
 1.38900000e-08  3.30000002e+00  1.38900000e-08  3.30000002e+00  1.38900000e-08  3.29831164e+00  1.38900000e-08  3.29869097e+00  1.38900000e-08  0.00000000e+00  1.38900000e-08  0.00000000e+00 
 1.39100000e-08  3.30000001e+00  1.39100000e-08  3.30000001e+00  1.39100000e-08  3.29832545e+00  1.39100000e-08  3.29870181e+00  1.39100000e-08  0.00000000e+00  1.39100000e-08  0.00000000e+00 
 1.39300000e-08  3.30000002e+00  1.39300000e-08  3.30000002e+00  1.39300000e-08  3.29833903e+00  1.39300000e-08  3.29871248e+00  1.39300000e-08  0.00000000e+00  1.39300000e-08  0.00000000e+00 
 1.39500000e-08  3.30000001e+00  1.39500000e-08  3.30000001e+00  1.39500000e-08  3.29835243e+00  1.39500000e-08  3.29872300e+00  1.39500000e-08  0.00000000e+00  1.39500000e-08  0.00000000e+00 
 1.39700000e-08  3.30000002e+00  1.39700000e-08  3.30000002e+00  1.39700000e-08  3.29836562e+00  1.39700000e-08  3.29873336e+00  1.39700000e-08  0.00000000e+00  1.39700000e-08  0.00000000e+00 
 1.39900000e-08  3.30000001e+00  1.39900000e-08  3.30000001e+00  1.39900000e-08  3.29837863e+00  1.39900000e-08  3.29874357e+00  1.39900000e-08  0.00000000e+00  1.39900000e-08  0.00000000e+00 
 1.40100000e-08  3.30000002e+00  1.40100000e-08  3.30000002e+00  1.40100000e-08  3.29839143e+00  1.40100000e-08  3.29875363e+00  1.40100000e-08  0.00000000e+00  1.40100000e-08  0.00000000e+00 
 1.40300000e-08  3.30000001e+00  1.40300000e-08  3.30000001e+00  1.40300000e-08  3.29840407e+00  1.40300000e-08  3.29876354e+00  1.40300000e-08  0.00000000e+00  1.40300000e-08  0.00000000e+00 
 1.40500000e-08  3.30000002e+00  1.40500000e-08  3.30000002e+00  1.40500000e-08  3.29841651e+00  1.40500000e-08  3.29877331e+00  1.40500000e-08  0.00000000e+00  1.40500000e-08  0.00000000e+00 
 1.40700000e-08  3.30000001e+00  1.40700000e-08  3.30000001e+00  1.40700000e-08  3.29842878e+00  1.40700000e-08  3.29878293e+00  1.40700000e-08  0.00000000e+00  1.40700000e-08  0.00000000e+00 
 1.40900000e-08  3.30000002e+00  1.40900000e-08  3.30000002e+00  1.40900000e-08  3.29844087e+00  1.40900000e-08  3.29879242e+00  1.40900000e-08  0.00000000e+00  1.40900000e-08  0.00000000e+00 
 1.41100000e-08  3.30000001e+00  1.41100000e-08  3.30000001e+00  1.41100000e-08  3.29845280e+00  1.41100000e-08  3.29880178e+00  1.41100000e-08  0.00000000e+00  1.41100000e-08  0.00000000e+00 
 1.41300000e-08  3.30000002e+00  1.41300000e-08  3.30000002e+00  1.41300000e-08  3.29846455e+00  1.41300000e-08  3.29881100e+00  1.41300000e-08  0.00000000e+00  1.41300000e-08  0.00000000e+00 
 1.41500000e-08  3.30000001e+00  1.41500000e-08  3.30000001e+00  1.41500000e-08  3.29847614e+00  1.41500000e-08  3.29882009e+00  1.41500000e-08  0.00000000e+00  1.41500000e-08  0.00000000e+00 
 1.41700000e-08  3.30000002e+00  1.41700000e-08  3.30000002e+00  1.41700000e-08  3.29848757e+00  1.41700000e-08  3.29882906e+00  1.41700000e-08  0.00000000e+00  1.41700000e-08  0.00000000e+00 
 1.41900000e-08  3.30000001e+00  1.41900000e-08  3.30000001e+00  1.41900000e-08  3.29849885e+00  1.41900000e-08  3.29883790e+00  1.41900000e-08  0.00000000e+00  1.41900000e-08  0.00000000e+00 
 1.42100000e-08  3.30000002e+00  1.42100000e-08  3.30000002e+00  1.42100000e-08  3.29850996e+00  1.42100000e-08  3.29884662e+00  1.42100000e-08  0.00000000e+00  1.42100000e-08  0.00000000e+00 
 1.42300000e-08  3.30000001e+00  1.42300000e-08  3.30000001e+00  1.42300000e-08  3.29852094e+00  1.42300000e-08  3.29885522e+00  1.42300000e-08  0.00000000e+00  1.42300000e-08  0.00000000e+00 
 1.42500000e-08  3.30000002e+00  1.42500000e-08  3.30000002e+00  1.42500000e-08  3.29853175e+00  1.42500000e-08  3.29886371e+00  1.42500000e-08  0.00000000e+00  1.42500000e-08  0.00000000e+00 
 1.42700000e-08  3.30000000e+00  1.42700000e-08  3.30000001e+00  1.42700000e-08  3.29854243e+00  1.42700000e-08  3.29887207e+00  1.42700000e-08  0.00000000e+00  1.42700000e-08  0.00000000e+00 
 1.42900000e-08  3.30000002e+00  1.42900000e-08  3.30000002e+00  1.42900000e-08  3.29855296e+00  1.42900000e-08  3.29888033e+00  1.42900000e-08  0.00000000e+00  1.42900000e-08  0.00000000e+00 
 1.43100000e-08  3.30000000e+00  1.43100000e-08  3.30000000e+00  1.43100000e-08  3.29856336e+00  1.43100000e-08  3.29888848e+00  1.43100000e-08  0.00000000e+00  1.43100000e-08  0.00000000e+00 
 1.43300000e-08  3.30000002e+00  1.43300000e-08  3.30000002e+00  1.43300000e-08  3.29857361e+00  1.43300000e-08  3.29889651e+00  1.43300000e-08  0.00000000e+00  1.43300000e-08  0.00000000e+00 
 1.43500000e-08  3.30000000e+00  1.43500000e-08  3.30000000e+00  1.43500000e-08  3.29858373e+00  1.43500000e-08  3.29890444e+00  1.43500000e-08  0.00000000e+00  1.43500000e-08  0.00000000e+00 
 1.43700000e-08  3.30000002e+00  1.43700000e-08  3.30000002e+00  1.43700000e-08  3.29859372e+00  1.43700000e-08  3.29891227e+00  1.43700000e-08  0.00000000e+00  1.43700000e-08  0.00000000e+00 
 1.43900000e-08  3.30000000e+00  1.43900000e-08  3.30000000e+00  1.43900000e-08  3.29860358e+00  1.43900000e-08  3.29891999e+00  1.43900000e-08  0.00000000e+00  1.43900000e-08  0.00000000e+00 
 1.44100000e-08  3.30000002e+00  1.44100000e-08  3.30000002e+00  1.44100000e-08  3.29861331e+00  1.44100000e-08  3.29892762e+00  1.44100000e-08  0.00000000e+00  1.44100000e-08  0.00000000e+00 
 1.44300000e-08  3.30000000e+00  1.44300000e-08  3.30000000e+00  1.44300000e-08  3.29862292e+00  1.44300000e-08  3.29893514e+00  1.44300000e-08  0.00000000e+00  1.44300000e-08  0.00000000e+00 
 1.44500000e-08  3.30000002e+00  1.44500000e-08  3.30000002e+00  1.44500000e-08  3.29863240e+00  1.44500000e-08  3.29894257e+00  1.44500000e-08  0.00000000e+00  1.44500000e-08  0.00000000e+00 
 1.44700000e-08  3.30000000e+00  1.44700000e-08  3.30000000e+00  1.44700000e-08  3.29864177e+00  1.44700000e-08  3.29894990e+00  1.44700000e-08  0.00000000e+00  1.44700000e-08  0.00000000e+00 
 1.44900000e-08  3.30000002e+00  1.44900000e-08  3.30000002e+00  1.44900000e-08  3.29865101e+00  1.44900000e-08  3.29895715e+00  1.44900000e-08  0.00000000e+00  1.44900000e-08  0.00000000e+00 
 1.45100000e-08  3.30000000e+00  1.45100000e-08  3.30000000e+00  1.45100000e-08  3.29866014e+00  1.45100000e-08  3.29896429e+00  1.45100000e-08  0.00000000e+00  1.45100000e-08  0.00000000e+00 
 1.45300000e-08  3.30000002e+00  1.45300000e-08  3.30000002e+00  1.45300000e-08  3.29866915e+00  1.45300000e-08  3.29897135e+00  1.45300000e-08  0.00000000e+00  1.45300000e-08  0.00000000e+00 
 1.45500000e-08  3.30000000e+00  1.45500000e-08  3.30000000e+00  1.45500000e-08  3.29867807e+00  1.45500000e-08  3.29897832e+00  1.45500000e-08  0.00000000e+00  1.45500000e-08  0.00000000e+00 
 1.45700000e-08  3.30000002e+00  1.45700000e-08  3.30000002e+00  1.45700000e-08  3.29868685e+00  1.45700000e-08  3.29898521e+00  1.45700000e-08  0.00000000e+00  1.45700000e-08  0.00000000e+00 
 1.45900000e-08  3.30000000e+00  1.45900000e-08  3.30000000e+00  1.45900000e-08  3.29869555e+00  1.45900000e-08  3.29899200e+00  1.45900000e-08  0.00000000e+00  1.45900000e-08  0.00000000e+00 
 1.46100000e-08  3.30000002e+00  1.46100000e-08  3.30000002e+00  1.46100000e-08  3.29870412e+00  1.46100000e-08  3.29899872e+00  1.46100000e-08  0.00000000e+00  1.46100000e-08  0.00000000e+00 
 1.46300000e-08  3.30000000e+00  1.46300000e-08  3.30000000e+00  1.46300000e-08  3.29871260e+00  1.46300000e-08  3.29900535e+00  1.46300000e-08  0.00000000e+00  1.46300000e-08  0.00000000e+00 
 1.46500000e-08  3.30000001e+00  1.46500000e-08  3.30000001e+00  1.46500000e-08  3.29872097e+00  1.46500000e-08  3.29901190e+00  1.46500000e-08  0.00000000e+00  1.46500000e-08  0.00000000e+00 
 1.46700000e-08  3.30000000e+00  1.46700000e-08  3.30000000e+00  1.46700000e-08  3.29872925e+00  1.46700000e-08  3.29901838e+00  1.46700000e-08  0.00000000e+00  1.46700000e-08  0.00000000e+00 
 1.46900000e-08  3.30000001e+00  1.46900000e-08  3.30000001e+00  1.46900000e-08  3.29873742e+00  1.46900000e-08  3.29902477e+00  1.46900000e-08  0.00000000e+00  1.46900000e-08  0.00000000e+00 
 1.47100000e-08  3.30000000e+00  1.47100000e-08  3.30000000e+00  1.47100000e-08  3.29874550e+00  1.47100000e-08  3.29903109e+00  1.47100000e-08  0.00000000e+00  1.47100000e-08  0.00000000e+00 
 1.47300000e-08  3.30000001e+00  1.47300000e-08  3.30000001e+00  1.47300000e-08  3.29875348e+00  1.47300000e-08  3.29903733e+00  1.47300000e-08  0.00000000e+00  1.47300000e-08  0.00000000e+00 
 1.47500000e-08  3.30000000e+00  1.47500000e-08  3.30000000e+00  1.47500000e-08  3.29876137e+00  1.47500000e-08  3.29904350e+00  1.47500000e-08  0.00000000e+00  1.47500000e-08  0.00000000e+00 
 1.47700000e-08  3.30000001e+00  1.47700000e-08  3.30000001e+00  1.47700000e-08  3.29876916e+00  1.47700000e-08  3.29904960e+00  1.47700000e-08  0.00000000e+00  1.47700000e-08  0.00000000e+00 
 1.47900000e-08  3.30000000e+00  1.47900000e-08  3.30000000e+00  1.47900000e-08  3.29877687e+00  1.47900000e-08  3.29905562e+00  1.47900000e-08  0.00000000e+00  1.47900000e-08  0.00000000e+00 
 1.48100000e-08  3.30000001e+00  1.48100000e-08  3.30000001e+00  1.48100000e-08  3.29878448e+00  1.48100000e-08  3.29906158e+00  1.48100000e-08  0.00000000e+00  1.48100000e-08  0.00000000e+00 
 1.48300000e-08  3.30000000e+00  1.48300000e-08  3.30000000e+00  1.48300000e-08  3.29879202e+00  1.48300000e-08  3.29906746e+00  1.48300000e-08  0.00000000e+00  1.48300000e-08  0.00000000e+00 
 1.48500000e-08  3.30000001e+00  1.48500000e-08  3.30000001e+00  1.48500000e-08  3.29879945e+00  1.48500000e-08  3.29907328e+00  1.48500000e-08  0.00000000e+00  1.48500000e-08  0.00000000e+00 
 1.48700000e-08  3.30000000e+00  1.48700000e-08  3.30000000e+00  1.48700000e-08  3.29880681e+00  1.48700000e-08  3.29907903e+00  1.48700000e-08  0.00000000e+00  1.48700000e-08  0.00000000e+00 
 1.48900000e-08  3.30000001e+00  1.48900000e-08  3.30000001e+00  1.48900000e-08  3.29881408e+00  1.48900000e-08  3.29908471e+00  1.48900000e-08  0.00000000e+00  1.48900000e-08  0.00000000e+00 
 1.49100000e-08  3.30000000e+00  1.49100000e-08  3.30000000e+00  1.49100000e-08  3.29882128e+00  1.49100000e-08  3.29909033e+00  1.49100000e-08  0.00000000e+00  1.49100000e-08  0.00000000e+00 
 1.49300000e-08  3.30000001e+00  1.49300000e-08  3.30000001e+00  1.49300000e-08  3.29882838e+00  1.49300000e-08  3.29909589e+00  1.49300000e-08  0.00000000e+00  1.49300000e-08  0.00000000e+00 
 1.49500000e-08  3.30000000e+00  1.49500000e-08  3.30000000e+00  1.49500000e-08  3.29883542e+00  1.49500000e-08  3.29910138e+00  1.49500000e-08  0.00000000e+00  1.49500000e-08  0.00000000e+00 
 1.49700000e-08  3.30000001e+00  1.49700000e-08  3.30000001e+00  1.49700000e-08  3.29884237e+00  1.49700000e-08  3.29910682e+00  1.49700000e-08  0.00000000e+00  1.49700000e-08  0.00000000e+00 
 1.49900000e-08  3.30000000e+00  1.49900000e-08  3.30000000e+00  1.49900000e-08  3.29884925e+00  1.49900000e-08  3.29911219e+00  1.49900000e-08  0.00000000e+00  1.49900000e-08  0.00000000e+00 
 1.50100000e-08  3.30000001e+00  1.50100000e-08  3.30000001e+00  1.50100000e-08  3.29885604e+00  1.50100000e-08  3.29911750e+00  1.50100000e-08  0.00000000e+00  1.50100000e-08  0.00000000e+00 
 1.50300000e-08  3.30000000e+00  1.50300000e-08  3.30000000e+00  1.50300000e-08  3.29886278e+00  1.50300000e-08  3.29912275e+00  1.50300000e-08  0.00000000e+00  1.50300000e-08  0.00000000e+00 
 1.50500000e-08  3.30000001e+00  1.50500000e-08  3.30000001e+00  1.50500000e-08  3.29886942e+00  1.50500000e-08  3.29912795e+00  1.50500000e-08  0.00000000e+00  1.50500000e-08  0.00000000e+00 
 1.50700000e-08  3.30000000e+00  1.50700000e-08  3.30000000e+00  1.50700000e-08  3.29887601e+00  1.50700000e-08  3.29913309e+00  1.50700000e-08  0.00000000e+00  1.50700000e-08  0.00000000e+00 
 1.50900000e-08  3.30000001e+00  1.50900000e-08  3.30000001e+00  1.50900000e-08  3.29888251e+00  1.50900000e-08  3.29913817e+00  1.50900000e-08  0.00000000e+00  1.50900000e-08  0.00000000e+00 
 1.51100000e-08  3.30000000e+00  1.51100000e-08  3.30000000e+00  1.51100000e-08  3.29888896e+00  1.51100000e-08  3.29914320e+00  1.51100000e-08  0.00000000e+00  1.51100000e-08  0.00000000e+00 
 1.51300000e-08  3.30000001e+00  1.51300000e-08  3.30000001e+00  1.51300000e-08  3.29889532e+00  1.51300000e-08  3.29914817e+00  1.51300000e-08  0.00000000e+00  1.51300000e-08  0.00000000e+00 
 1.51500000e-08  3.30000000e+00  1.51500000e-08  3.30000000e+00  1.51500000e-08  3.29890163e+00  1.51500000e-08  3.29915309e+00  1.51500000e-08  0.00000000e+00  1.51500000e-08  0.00000000e+00 
 1.51700000e-08  3.30000001e+00  1.51700000e-08  3.30000001e+00  1.51700000e-08  3.29890786e+00  1.51700000e-08  3.29915796e+00  1.51700000e-08  0.00000000e+00  1.51700000e-08  0.00000000e+00 
 1.51900000e-08  3.30000000e+00  1.51900000e-08  3.30000000e+00  1.51900000e-08  3.29891404e+00  1.51900000e-08  3.29916277e+00  1.51900000e-08  0.00000000e+00  1.51900000e-08  0.00000000e+00 
 1.52100000e-08  3.30000001e+00  1.52100000e-08  3.30000001e+00  1.52100000e-08  3.29892014e+00  1.52100000e-08  3.29916754e+00  1.52100000e-08  0.00000000e+00  1.52100000e-08  0.00000000e+00 
 1.52300000e-08  3.30000000e+00  1.52300000e-08  3.30000000e+00  1.52300000e-08  3.29892619e+00  1.52300000e-08  3.29917225e+00  1.52300000e-08  0.00000000e+00  1.52300000e-08  0.00000000e+00 
 1.52500000e-08  3.30000001e+00  1.52500000e-08  3.30000001e+00  1.52500000e-08  3.29893216e+00  1.52500000e-08  3.29917692e+00  1.52500000e-08  0.00000000e+00  1.52500000e-08  0.00000000e+00 
 1.52700000e-08  3.30000000e+00  1.52700000e-08  3.30000000e+00  1.52700000e-08  3.29893808e+00  1.52700000e-08  3.29918154e+00  1.52700000e-08  0.00000000e+00  1.52700000e-08  0.00000000e+00 
 1.52900000e-08  3.30000001e+00  1.52900000e-08  3.30000001e+00  1.52900000e-08  3.29894393e+00  1.52900000e-08  3.29918611e+00  1.52900000e-08  0.00000000e+00  1.52900000e-08  0.00000000e+00 
 1.53100000e-08  3.30000000e+00  1.53100000e-08  3.30000000e+00  1.53100000e-08  3.29894973e+00  1.53100000e-08  3.29919063e+00  1.53100000e-08  0.00000000e+00  1.53100000e-08  0.00000000e+00 
 1.53300000e-08  3.30000001e+00  1.53300000e-08  3.30000001e+00  1.53300000e-08  3.29895547e+00  1.53300000e-08  3.29919510e+00  1.53300000e-08  0.00000000e+00  1.53300000e-08  0.00000000e+00 
 1.53500000e-08  3.30000000e+00  1.53500000e-08  3.30000000e+00  1.53500000e-08  3.29896115e+00  1.53500000e-08  3.29919953e+00  1.53500000e-08  0.00000000e+00  1.53500000e-08  0.00000000e+00 
 1.53700000e-08  3.30000001e+00  1.53700000e-08  3.30000001e+00  1.53700000e-08  3.29896677e+00  1.53700000e-08  3.29920392e+00  1.53700000e-08  0.00000000e+00  1.53700000e-08  0.00000000e+00 
 1.53900000e-08  3.30000000e+00  1.53900000e-08  3.30000000e+00  1.53900000e-08  3.29897234e+00  1.53900000e-08  3.29920826e+00  1.53900000e-08  0.00000000e+00  1.53900000e-08  0.00000000e+00 
 1.54100000e-08  3.30000001e+00  1.54100000e-08  3.30000001e+00  1.54100000e-08  3.29897784e+00  1.54100000e-08  3.29921255e+00  1.54100000e-08  0.00000000e+00  1.54100000e-08  0.00000000e+00 
 1.54300000e-08  3.30000000e+00  1.54300000e-08  3.30000000e+00  1.54300000e-08  3.29898330e+00  1.54300000e-08  3.29921680e+00  1.54300000e-08  0.00000000e+00  1.54300000e-08  0.00000000e+00 
 1.54500000e-08  3.30000001e+00  1.54500000e-08  3.30000001e+00  1.54500000e-08  3.29898869e+00  1.54500000e-08  3.29922101e+00  1.54500000e-08  0.00000000e+00  1.54500000e-08  0.00000000e+00 
 1.54700000e-08  3.30000000e+00  1.54700000e-08  3.30000000e+00  1.54700000e-08  3.29899405e+00  1.54700000e-08  3.29922518e+00  1.54700000e-08  0.00000000e+00  1.54700000e-08  0.00000000e+00 
 1.54900000e-08  3.30000001e+00  1.54900000e-08  3.30000001e+00  1.54900000e-08  3.29899934e+00  1.54900000e-08  3.29922931e+00  1.54900000e-08  0.00000000e+00  1.54900000e-08  0.00000000e+00 
 1.55100000e-08  3.30000000e+00  1.55100000e-08  3.30000000e+00  1.55100000e-08  3.29900458e+00  1.55100000e-08  3.29923339e+00  1.55100000e-08  0.00000000e+00  1.55100000e-08  0.00000000e+00 
 1.55300000e-08  3.30000001e+00  1.55300000e-08  3.30000001e+00  1.55300000e-08  3.29900977e+00  1.55300000e-08  3.29923744e+00  1.55300000e-08  0.00000000e+00  1.55300000e-08  0.00000000e+00 
 1.55500000e-08  3.30000000e+00  1.55500000e-08  3.30000000e+00  1.55500000e-08  3.29901492e+00  1.55500000e-08  3.29924145e+00  1.55500000e-08  0.00000000e+00  1.55500000e-08  0.00000000e+00 
 1.55700000e-08  3.30000001e+00  1.55700000e-08  3.30000001e+00  1.55700000e-08  3.29902000e+00  1.55700000e-08  3.29924541e+00  1.55700000e-08  0.00000000e+00  1.55700000e-08  0.00000000e+00 
 1.55900000e-08  3.30000000e+00  1.55900000e-08  3.30000000e+00  1.55900000e-08  3.29902505e+00  1.55900000e-08  3.29924934e+00  1.55900000e-08  0.00000000e+00  1.55900000e-08  0.00000000e+00 
 1.56100000e-08  3.30000001e+00  1.56100000e-08  3.30000001e+00  1.56100000e-08  3.29903004e+00  1.56100000e-08  3.29925323e+00  1.56100000e-08  0.00000000e+00  1.56100000e-08  0.00000000e+00 
 1.56300000e-08  3.30000000e+00  1.56300000e-08  3.30000000e+00  1.56300000e-08  3.29903499e+00  1.56300000e-08  3.29925709e+00  1.56300000e-08  0.00000000e+00  1.56300000e-08  0.00000000e+00 
 1.56500000e-08  3.30000001e+00  1.56500000e-08  3.30000001e+00  1.56500000e-08  3.29903988e+00  1.56500000e-08  3.29926090e+00  1.56500000e-08  0.00000000e+00  1.56500000e-08  0.00000000e+00 
 1.56700000e-08  3.30000000e+00  1.56700000e-08  3.30000000e+00  1.56700000e-08  3.29904474e+00  1.56700000e-08  3.29926468e+00  1.56700000e-08  0.00000000e+00  1.56700000e-08  0.00000000e+00 
 1.56900000e-08  3.30000001e+00  1.56900000e-08  3.30000001e+00  1.56900000e-08  3.29904954e+00  1.56900000e-08  3.29926843e+00  1.56900000e-08  0.00000000e+00  1.56900000e-08  0.00000000e+00 
 1.57100000e-08  3.30000000e+00  1.57100000e-08  3.30000000e+00  1.57100000e-08  3.29905431e+00  1.57100000e-08  3.29927213e+00  1.57100000e-08  0.00000000e+00  1.57100000e-08  0.00000000e+00 
 1.57300000e-08  3.30000001e+00  1.57300000e-08  3.30000001e+00  1.57300000e-08  3.29905902e+00  1.57300000e-08  3.29927581e+00  1.57300000e-08  0.00000000e+00  1.57300000e-08  0.00000000e+00 
 1.57500000e-08  3.30000000e+00  1.57500000e-08  3.30000000e+00  1.57500000e-08  3.29906370e+00  1.57500000e-08  3.29927945e+00  1.57500000e-08  0.00000000e+00  1.57500000e-08  0.00000000e+00 
 1.57700000e-08  3.30000001e+00  1.57700000e-08  3.30000001e+00  1.57700000e-08  3.29906832e+00  1.57700000e-08  3.29928305e+00  1.57700000e-08  0.00000000e+00  1.57700000e-08  0.00000000e+00 
 1.57900000e-08  3.30000000e+00  1.57900000e-08  3.30000000e+00  1.57900000e-08  3.29907291e+00  1.57900000e-08  3.29928662e+00  1.57900000e-08  0.00000000e+00  1.57900000e-08  0.00000000e+00 
 1.58100000e-08  3.30000001e+00  1.58100000e-08  3.30000001e+00  1.58100000e-08  3.29907745e+00  1.58100000e-08  3.29929016e+00  1.58100000e-08  0.00000000e+00  1.58100000e-08  0.00000000e+00 
 1.58300000e-08  3.30000000e+00  1.58300000e-08  3.30000000e+00  1.58300000e-08  3.29908196e+00  1.58300000e-08  3.29929367e+00  1.58300000e-08  0.00000000e+00  1.58300000e-08  0.00000000e+00 
 1.58500000e-08  3.30000001e+00  1.58500000e-08  3.30000001e+00  1.58500000e-08  3.29908642e+00  1.58500000e-08  3.29929714e+00  1.58500000e-08  0.00000000e+00  1.58500000e-08  0.00000000e+00 
 1.58700000e-08  3.30000000e+00  1.58700000e-08  3.30000000e+00  1.58700000e-08  3.29909085e+00  1.58700000e-08  3.29930058e+00  1.58700000e-08  0.00000000e+00  1.58700000e-08  0.00000000e+00 
 1.58900000e-08  3.30000001e+00  1.58900000e-08  3.30000001e+00  1.58900000e-08  3.29909522e+00  1.58900000e-08  3.29930399e+00  1.58900000e-08  0.00000000e+00  1.58900000e-08  0.00000000e+00 
 1.59100000e-08  3.29999999e+00  1.59100000e-08  3.30000000e+00  1.59100000e-08  3.29909957e+00  1.59100000e-08  3.29930737e+00  1.59100000e-08  0.00000000e+00  1.59100000e-08  0.00000000e+00 
 1.59300000e-08  3.30000001e+00  1.59300000e-08  3.30000001e+00  1.59300000e-08  3.29910387e+00  1.59300000e-08  3.29931072e+00  1.59300000e-08  0.00000000e+00  1.59300000e-08  0.00000000e+00 
 1.59500000e-08  3.29999999e+00  1.59500000e-08  3.30000000e+00  1.59500000e-08  3.29910814e+00  1.59500000e-08  3.29931404e+00  1.59500000e-08  0.00000000e+00  1.59500000e-08  0.00000000e+00 
 1.59700000e-08  3.30000001e+00  1.59700000e-08  3.30000001e+00  1.59700000e-08  3.29911236e+00  1.59700000e-08  3.29931733e+00  1.59700000e-08  0.00000000e+00  1.59700000e-08  0.00000000e+00 
 1.59900000e-08  3.29999999e+00  1.59900000e-08  3.29999999e+00  1.59900000e-08  3.29911656e+00  1.59900000e-08  3.29932059e+00  1.59900000e-08  0.00000000e+00  1.59900000e-08  0.00000000e+00 
 1.60100000e-08  3.30000001e+00  1.60100000e-08  3.30000001e+00  1.60100000e-08  3.29912071e+00  1.60100000e-08  3.29932382e+00  1.60100000e-08  0.00000000e+00  1.60100000e-08  0.00000000e+00 
 1.60300000e-08  3.29999999e+00  1.60300000e-08  3.29999999e+00  1.60300000e-08  3.29912483e+00  1.60300000e-08  3.29932702e+00  1.60300000e-08  0.00000000e+00  1.60300000e-08  0.00000000e+00 
 1.60500000e-08  3.30000001e+00  1.60500000e-08  3.30000001e+00  1.60500000e-08  3.29912890e+00  1.60500000e-08  3.29933020e+00  1.60500000e-08  0.00000000e+00  1.60500000e-08  0.00000000e+00 
 1.60700000e-08  3.29999999e+00  1.60700000e-08  3.29999999e+00  1.60700000e-08  3.29913295e+00  1.60700000e-08  3.29933334e+00  1.60700000e-08  0.00000000e+00  1.60700000e-08  0.00000000e+00 
 1.60900000e-08  3.30000001e+00  1.60900000e-08  3.30000001e+00  1.60900000e-08  3.29913696e+00  1.60900000e-08  3.29933646e+00  1.60900000e-08  0.00000000e+00  1.60900000e-08  0.00000000e+00 
 1.61100000e-08  3.29999999e+00  1.61100000e-08  3.29999999e+00  1.61100000e-08  3.29914094e+00  1.61100000e-08  3.29933955e+00  1.61100000e-08  0.00000000e+00  1.61100000e-08  0.00000000e+00 
 1.61300000e-08  3.30000001e+00  1.61300000e-08  3.30000001e+00  1.61300000e-08  3.29914487e+00  1.61300000e-08  3.29934261e+00  1.61300000e-08  0.00000000e+00  1.61300000e-08  0.00000000e+00 
 1.61500000e-08  3.29999999e+00  1.61500000e-08  3.29999999e+00  1.61500000e-08  3.29914878e+00  1.61500000e-08  3.29934565e+00  1.61500000e-08  0.00000000e+00  1.61500000e-08  0.00000000e+00 
 1.61700000e-08  3.30000001e+00  1.61700000e-08  3.30000001e+00  1.61700000e-08  3.29915265e+00  1.61700000e-08  3.29934866e+00  1.61700000e-08  0.00000000e+00  1.61700000e-08  0.00000000e+00 
 1.61900000e-08  3.29999999e+00  1.61900000e-08  3.29999999e+00  1.61900000e-08  3.29915650e+00  1.61900000e-08  3.29935165e+00  1.61900000e-08  0.00000000e+00  1.61900000e-08  0.00000000e+00 
 1.62100000e-08  3.30000001e+00  1.62100000e-08  3.30000001e+00  1.62100000e-08  3.29916030e+00  1.62100000e-08  3.29935461e+00  1.62100000e-08  0.00000000e+00  1.62100000e-08  0.00000000e+00 
 1.62300000e-08  3.29999999e+00  1.62300000e-08  3.29999999e+00  1.62300000e-08  3.29916408e+00  1.62300000e-08  3.29935754e+00  1.62300000e-08  0.00000000e+00  1.62300000e-08  0.00000000e+00 
 1.62500000e-08  3.30000001e+00  1.62500000e-08  3.30000001e+00  1.62500000e-08  3.29916782e+00  1.62500000e-08  3.29936045e+00  1.62500000e-08  0.00000000e+00  1.62500000e-08  0.00000000e+00 
 1.62700000e-08  3.29999999e+00  1.62700000e-08  3.29999999e+00  1.62700000e-08  3.29917154e+00  1.62700000e-08  3.29936334e+00  1.62700000e-08  0.00000000e+00  1.62700000e-08  0.00000000e+00 
 1.62900000e-08  3.30000001e+00  1.62900000e-08  3.30000001e+00  1.62900000e-08  3.29917521e+00  1.62900000e-08  3.29936620e+00  1.62900000e-08  0.00000000e+00  1.62900000e-08  0.00000000e+00 
 1.63100000e-08  3.29999999e+00  1.63100000e-08  3.29999999e+00  1.63100000e-08  3.29917887e+00  1.63100000e-08  3.29936904e+00  1.63100000e-08  0.00000000e+00  1.63100000e-08  0.00000000e+00 
 1.63300000e-08  3.30000001e+00  1.63300000e-08  3.30000001e+00  1.63300000e-08  3.29918249e+00  1.63300000e-08  3.29937185e+00  1.63300000e-08  0.00000000e+00  1.63300000e-08  0.00000000e+00 
 1.63500000e-08  3.29999999e+00  1.63500000e-08  3.29999999e+00  1.63500000e-08  3.29918608e+00  1.63500000e-08  3.29937464e+00  1.63500000e-08  0.00000000e+00  1.63500000e-08  0.00000000e+00 
 1.63700000e-08  3.30000001e+00  1.63700000e-08  3.30000001e+00  1.63700000e-08  3.29918964e+00  1.63700000e-08  3.29937741e+00  1.63700000e-08  0.00000000e+00  1.63700000e-08  0.00000000e+00 
 1.63900000e-08  3.29999999e+00  1.63900000e-08  3.29999999e+00  1.63900000e-08  3.29919318e+00  1.63900000e-08  3.29938015e+00  1.63900000e-08  0.00000000e+00  1.63900000e-08  0.00000000e+00 
 1.64100000e-08  3.30000001e+00  1.64100000e-08  3.30000001e+00  1.64100000e-08  3.29919667e+00  1.64100000e-08  3.29938287e+00  1.64100000e-08  0.00000000e+00  1.64100000e-08  0.00000000e+00 
 1.64300000e-08  3.29999999e+00  1.64300000e-08  3.29999999e+00  1.64300000e-08  3.29920015e+00  1.64300000e-08  3.29938557e+00  1.64300000e-08  0.00000000e+00  1.64300000e-08  0.00000000e+00 
 1.64500000e-08  3.30000001e+00  1.64500000e-08  3.30000001e+00  1.64500000e-08  3.29920359e+00  1.64500000e-08  3.29938825e+00  1.64500000e-08  0.00000000e+00  1.64500000e-08  0.00000000e+00 
 1.64700000e-08  3.29999999e+00  1.64700000e-08  3.29999999e+00  1.64700000e-08  3.29920702e+00  1.64700000e-08  3.29939090e+00  1.64700000e-08  0.00000000e+00  1.64700000e-08  0.00000000e+00 
 1.64900000e-08  3.30000001e+00  1.64900000e-08  3.30000001e+00  1.64900000e-08  3.29921040e+00  1.64900000e-08  3.29939354e+00  1.64900000e-08  0.00000000e+00  1.64900000e-08  0.00000000e+00 
 1.65100000e-08  3.29999999e+00  1.65100000e-08  3.29999999e+00  1.65100000e-08  3.29921377e+00  1.65100000e-08  3.29939615e+00  1.65100000e-08  0.00000000e+00  1.65100000e-08  0.00000000e+00 
 1.65300000e-08  3.30000001e+00  1.65300000e-08  3.30000001e+00  1.65300000e-08  3.29921711e+00  1.65300000e-08  3.29939874e+00  1.65300000e-08  0.00000000e+00  1.65300000e-08  0.00000000e+00 
 1.65500000e-08  3.29999999e+00  1.65500000e-08  3.29999999e+00  1.65500000e-08  3.29922042e+00  1.65500000e-08  3.29940131e+00  1.65500000e-08  0.00000000e+00  1.65500000e-08  0.00000000e+00 
 1.65700000e-08  3.30000001e+00  1.65700000e-08  3.30000001e+00  1.65700000e-08  3.29922370e+00  1.65700000e-08  3.29940386e+00  1.65700000e-08  0.00000000e+00  1.65700000e-08  0.00000000e+00 
 1.65900000e-08  3.29999999e+00  1.65900000e-08  3.29999999e+00  1.65900000e-08  3.29922696e+00  1.65900000e-08  3.29940639e+00  1.65900000e-08  0.00000000e+00  1.65900000e-08  0.00000000e+00 
 1.66100000e-08  3.30000001e+00  1.66100000e-08  3.30000001e+00  1.66100000e-08  3.29923019e+00  1.66100000e-08  3.29940890e+00  1.66100000e-08  0.00000000e+00  1.66100000e-08  0.00000000e+00 
 1.66300000e-08  3.29999999e+00  1.66300000e-08  3.29999999e+00  1.66300000e-08  3.29923340e+00  1.66300000e-08  3.29941139e+00  1.66300000e-08  0.00000000e+00  1.66300000e-08  0.00000000e+00 
 1.66500000e-08  3.30000001e+00  1.66500000e-08  3.30000001e+00  1.66500000e-08  3.29923658e+00  1.66500000e-08  3.29941386e+00  1.66500000e-08  0.00000000e+00  1.66500000e-08  0.00000000e+00 
 1.66700000e-08  3.29999999e+00  1.66700000e-08  3.29999999e+00  1.66700000e-08  3.29923974e+00  1.66700000e-08  3.29941631e+00  1.66700000e-08  0.00000000e+00  1.66700000e-08  0.00000000e+00 
 1.66900000e-08  3.30000001e+00  1.66900000e-08  3.30000001e+00  1.66900000e-08  3.29924287e+00  1.66900000e-08  3.29941874e+00  1.66900000e-08  0.00000000e+00  1.66900000e-08  0.00000000e+00 
 1.67100000e-08  3.29999999e+00  1.67100000e-08  3.29999999e+00  1.67100000e-08  3.29924599e+00  1.67100000e-08  3.29942115e+00  1.67100000e-08  0.00000000e+00  1.67100000e-08  0.00000000e+00 
 1.67300000e-08  3.30000001e+00  1.67300000e-08  3.30000001e+00  1.67300000e-08  3.29924906e+00  1.67300000e-08  3.29942355e+00  1.67300000e-08  0.00000000e+00  1.67300000e-08  0.00000000e+00 
 1.67500000e-08  3.29999999e+00  1.67500000e-08  3.29999999e+00  1.67500000e-08  3.29925213e+00  1.67500000e-08  3.29942592e+00  1.67500000e-08  0.00000000e+00  1.67500000e-08  0.00000000e+00 
 1.67700000e-08  3.30000001e+00  1.67700000e-08  3.30000001e+00  1.67700000e-08  3.29925516e+00  1.67700000e-08  3.29942828e+00  1.67700000e-08  0.00000000e+00  1.67700000e-08  0.00000000e+00 
 1.67900000e-08  3.29999999e+00  1.67900000e-08  3.29999999e+00  1.67900000e-08  3.29925818e+00  1.67900000e-08  3.29943062e+00  1.67900000e-08  0.00000000e+00  1.67900000e-08  0.00000000e+00 
 1.68100000e-08  3.30000001e+00  1.68100000e-08  3.30000001e+00  1.68100000e-08  3.29926117e+00  1.68100000e-08  3.29943294e+00  1.68100000e-08  0.00000000e+00  1.68100000e-08  0.00000000e+00 
 1.68300000e-08  3.29999999e+00  1.68300000e-08  3.29999999e+00  1.68300000e-08  3.29926414e+00  1.68300000e-08  3.29943524e+00  1.68300000e-08  0.00000000e+00  1.68300000e-08  0.00000000e+00 
 1.68500000e-08  3.30000001e+00  1.68500000e-08  3.30000001e+00  1.68500000e-08  3.29926708e+00  1.68500000e-08  3.29943753e+00  1.68500000e-08  0.00000000e+00  1.68500000e-08  0.00000000e+00 
 1.68700000e-08  3.29999999e+00  1.68700000e-08  3.29999999e+00  1.68700000e-08  3.29927001e+00  1.68700000e-08  3.29943980e+00  1.68700000e-08  0.00000000e+00  1.68700000e-08  0.00000000e+00 
 1.68900000e-08  3.30000001e+00  1.68900000e-08  3.30000001e+00  1.68900000e-08  3.29927291e+00  1.68900000e-08  3.29944205e+00  1.68900000e-08  0.00000000e+00  1.68900000e-08  0.00000000e+00 
 1.69100000e-08  3.29999999e+00  1.69100000e-08  3.29999999e+00  1.69100000e-08  3.29927580e+00  1.69100000e-08  3.29944428e+00  1.69100000e-08  0.00000000e+00  1.69100000e-08  0.00000000e+00 
 1.69300000e-08  3.30000001e+00  1.69300000e-08  3.30000001e+00  1.69300000e-08  3.29927865e+00  1.69300000e-08  3.29944650e+00  1.69300000e-08  0.00000000e+00  1.69300000e-08  0.00000000e+00 
 1.69500000e-08  3.29999999e+00  1.69500000e-08  3.29999999e+00  1.69500000e-08  3.29928149e+00  1.69500000e-08  3.29944870e+00  1.69500000e-08  0.00000000e+00  1.69500000e-08  0.00000000e+00 
 1.69700000e-08  3.30000001e+00  1.69700000e-08  3.30000001e+00  1.69700000e-08  3.29928430e+00  1.69700000e-08  3.29945089e+00  1.69700000e-08  0.00000000e+00  1.69700000e-08  0.00000000e+00 
 1.69900000e-08  3.29999999e+00  1.69900000e-08  3.29999999e+00  1.69900000e-08  3.29928711e+00  1.69900000e-08  3.29945305e+00  1.69900000e-08  0.00000000e+00  1.69900000e-08  0.00000000e+00 
 1.70100000e-08  3.30000001e+00  1.70100000e-08  3.30000001e+00  1.70100000e-08  3.29928988e+00  1.70100000e-08  3.29945521e+00  1.70100000e-08  0.00000000e+00  1.70100000e-08  0.00000000e+00 
 1.70300000e-08  3.29999999e+00  1.70300000e-08  3.29999999e+00  1.70300000e-08  3.29929264e+00  1.70300000e-08  3.29945734e+00  1.70300000e-08  0.00000000e+00  1.70300000e-08  0.00000000e+00 
 1.70500000e-08  3.30000001e+00  1.70500000e-08  3.30000001e+00  1.70500000e-08  3.29929537e+00  1.70500000e-08  3.29945946e+00  1.70500000e-08  0.00000000e+00  1.70500000e-08  0.00000000e+00 
 1.70700000e-08  3.29999999e+00  1.70700000e-08  3.29999999e+00  1.70700000e-08  3.29929809e+00  1.70700000e-08  3.29946157e+00  1.70700000e-08  0.00000000e+00  1.70700000e-08  0.00000000e+00 
 1.70900000e-08  3.30000001e+00  1.70900000e-08  3.30000001e+00  1.70900000e-08  3.29930078e+00  1.70900000e-08  3.29946366e+00  1.70900000e-08  0.00000000e+00  1.70900000e-08  0.00000000e+00 
 1.71100000e-08  3.29999999e+00  1.71100000e-08  3.29999999e+00  1.71100000e-08  3.29930346e+00  1.71100000e-08  3.29946573e+00  1.71100000e-08  0.00000000e+00  1.71100000e-08  0.00000000e+00 
 1.71300000e-08  3.30000001e+00  1.71300000e-08  3.30000001e+00  1.71300000e-08  3.29930611e+00  1.71300000e-08  3.29946779e+00  1.71300000e-08  0.00000000e+00  1.71300000e-08  0.00000000e+00 
 1.71500000e-08  3.29999999e+00  1.71500000e-08  3.29999999e+00  1.71500000e-08  3.29930876e+00  1.71500000e-08  3.29946983e+00  1.71500000e-08  0.00000000e+00  1.71500000e-08  0.00000000e+00 
 1.71700000e-08  3.30000001e+00  1.71700000e-08  3.30000001e+00  1.71700000e-08  3.29931137e+00  1.71700000e-08  3.29947186e+00  1.71700000e-08  0.00000000e+00  1.71700000e-08  0.00000000e+00 
 1.71900000e-08  3.29999999e+00  1.71900000e-08  3.29999999e+00  1.71900000e-08  3.29931397e+00  1.71900000e-08  3.29947388e+00  1.71900000e-08  0.00000000e+00  1.71900000e-08  0.00000000e+00 
 1.72100000e-08  3.30000001e+00  1.72100000e-08  3.30000001e+00  1.72100000e-08  3.29931655e+00  1.72100000e-08  3.29947588e+00  1.72100000e-08  0.00000000e+00  1.72100000e-08  0.00000000e+00 
 1.72300000e-08  3.29999999e+00  1.72300000e-08  3.29999999e+00  1.72300000e-08  3.29931912e+00  1.72300000e-08  3.29947786e+00  1.72300000e-08  0.00000000e+00  1.72300000e-08  0.00000000e+00 
 1.72500000e-08  3.30000001e+00  1.72500000e-08  3.30000001e+00  1.72500000e-08  3.29932166e+00  1.72500000e-08  3.29947984e+00  1.72500000e-08  0.00000000e+00  1.72500000e-08  0.00000000e+00 
 1.72700000e-08  3.29999999e+00  1.72700000e-08  3.29999999e+00  1.72700000e-08  3.29932419e+00  1.72700000e-08  3.29948179e+00  1.72700000e-08  0.00000000e+00  1.72700000e-08  0.00000000e+00 
 1.72900000e-08  3.30000001e+00  1.72900000e-08  3.30000001e+00  1.72900000e-08  3.29932670e+00  1.72900000e-08  3.29948374e+00  1.72900000e-08  0.00000000e+00  1.72900000e-08  0.00000000e+00 
 1.73100000e-08  3.29999999e+00  1.73100000e-08  3.29999999e+00  1.73100000e-08  3.29932919e+00  1.73100000e-08  3.29948567e+00  1.73100000e-08  0.00000000e+00  1.73100000e-08  0.00000000e+00 
 1.73300000e-08  3.30000001e+00  1.73300000e-08  3.30000001e+00  1.73300000e-08  3.29933166e+00  1.73300000e-08  3.29948759e+00  1.73300000e-08  0.00000000e+00  1.73300000e-08  0.00000000e+00 
 1.73500000e-08  3.29999999e+00  1.73500000e-08  3.29999999e+00  1.73500000e-08  3.29933413e+00  1.73500000e-08  3.29948949e+00  1.73500000e-08  0.00000000e+00  1.73500000e-08  0.00000000e+00 
 1.73700000e-08  3.30000001e+00  1.73700000e-08  3.30000001e+00  1.73700000e-08  3.29933656e+00  1.73700000e-08  3.29949138e+00  1.73700000e-08  0.00000000e+00  1.73700000e-08  0.00000000e+00 
 1.73900000e-08  3.29999999e+00  1.73900000e-08  3.29999999e+00  1.73900000e-08  3.29933899e+00  1.73900000e-08  3.29949326e+00  1.73900000e-08  0.00000000e+00  1.73900000e-08  0.00000000e+00 
 1.74100000e-08  3.30000001e+00  1.74100000e-08  3.30000001e+00  1.74100000e-08  3.29934139e+00  1.74100000e-08  3.29949512e+00  1.74100000e-08  0.00000000e+00  1.74100000e-08  0.00000000e+00 
 1.74300000e-08  3.29999999e+00  1.74300000e-08  3.29999999e+00  1.74300000e-08  3.29934379e+00  1.74300000e-08  3.29949697e+00  1.74300000e-08  0.00000000e+00  1.74300000e-08  0.00000000e+00 
 1.74500000e-08  3.30000001e+00  1.74500000e-08  3.30000001e+00  1.74500000e-08  3.29934616e+00  1.74500000e-08  3.29949881e+00  1.74500000e-08  0.00000000e+00  1.74500000e-08  0.00000000e+00 
 1.74700000e-08  3.29999999e+00  1.74700000e-08  3.29999999e+00  1.74700000e-08  3.29934852e+00  1.74700000e-08  3.29950064e+00  1.74700000e-08  0.00000000e+00  1.74700000e-08  0.00000000e+00 
 1.74900000e-08  3.30000001e+00  1.74900000e-08  3.30000001e+00  1.74900000e-08  3.29935086e+00  1.74900000e-08  3.29950245e+00  1.74900000e-08  0.00000000e+00  1.74900000e-08  0.00000000e+00 
 1.75100000e-08  3.29999999e+00  1.75100000e-08  3.29999999e+00  1.75100000e-08  3.29935319e+00  1.75100000e-08  3.29950425e+00  1.75100000e-08  0.00000000e+00  1.75100000e-08  0.00000000e+00 
 1.75300000e-08  3.30000001e+00  1.75300000e-08  3.30000001e+00  1.75300000e-08  3.29935549e+00  1.75300000e-08  3.29950604e+00  1.75300000e-08  0.00000000e+00  1.75300000e-08  0.00000000e+00 
 1.75500000e-08  3.29999999e+00  1.75500000e-08  3.29999999e+00  1.75500000e-08  3.29935779e+00  1.75500000e-08  3.29950782e+00  1.75500000e-08  0.00000000e+00  1.75500000e-08  0.00000000e+00 
 1.75700000e-08  3.30000001e+00  1.75700000e-08  3.30000001e+00  1.75700000e-08  3.29936007e+00  1.75700000e-08  3.29950958e+00  1.75700000e-08  0.00000000e+00  1.75700000e-08  0.00000000e+00 
 1.75900000e-08  3.29999999e+00  1.75900000e-08  3.29999999e+00  1.75900000e-08  3.29936234e+00  1.75900000e-08  3.29951133e+00  1.75900000e-08  0.00000000e+00  1.75900000e-08  0.00000000e+00 
 1.76100000e-08  3.30000001e+00  1.76100000e-08  3.30000001e+00  1.76100000e-08  3.29936458e+00  1.76100000e-08  3.29951307e+00  1.76100000e-08  0.00000000e+00  1.76100000e-08  0.00000000e+00 
 1.76300000e-08  3.29999999e+00  1.76300000e-08  3.29999999e+00  1.76300000e-08  3.29936682e+00  1.76300000e-08  3.29951480e+00  1.76300000e-08  0.00000000e+00  1.76300000e-08  0.00000000e+00 
 1.76500000e-08  3.30000001e+00  1.76500000e-08  3.30000001e+00  1.76500000e-08  3.29936903e+00  1.76500000e-08  3.29951652e+00  1.76500000e-08  0.00000000e+00  1.76500000e-08  0.00000000e+00 
 1.76700000e-08  3.29999999e+00  1.76700000e-08  3.29999999e+00  1.76700000e-08  3.29937124e+00  1.76700000e-08  3.29951823e+00  1.76700000e-08  0.00000000e+00  1.76700000e-08  0.00000000e+00 
 1.76900000e-08  3.30000001e+00  1.76900000e-08  3.30000001e+00  1.76900000e-08  3.29937343e+00  1.76900000e-08  3.29951992e+00  1.76900000e-08  0.00000000e+00  1.76900000e-08  0.00000000e+00 
 1.77100000e-08  3.29999999e+00  1.77100000e-08  3.29999999e+00  1.77100000e-08  3.29937561e+00  1.77100000e-08  3.29952160e+00  1.77100000e-08  0.00000000e+00  1.77100000e-08  0.00000000e+00 
 1.77300000e-08  3.30000001e+00  1.77300000e-08  3.30000001e+00  1.77300000e-08  3.29937777e+00  1.77300000e-08  3.29952328e+00  1.77300000e-08  0.00000000e+00  1.77300000e-08  0.00000000e+00 
 1.77500000e-08  3.29999999e+00  1.77500000e-08  3.29999999e+00  1.77500000e-08  3.29937992e+00  1.77500000e-08  3.29952494e+00  1.77500000e-08  0.00000000e+00  1.77500000e-08  0.00000000e+00 
 1.77700000e-08  3.30000001e+00  1.77700000e-08  3.30000001e+00  1.77700000e-08  3.29938205e+00  1.77700000e-08  3.29952659e+00  1.77700000e-08  0.00000000e+00  1.77700000e-08  0.00000000e+00 
 1.77900000e-08  3.29999999e+00  1.77900000e-08  3.29999999e+00  1.77900000e-08  3.29938417e+00  1.77900000e-08  3.29952823e+00  1.77900000e-08  0.00000000e+00  1.77900000e-08  0.00000000e+00 
 1.78100000e-08  3.30000001e+00  1.78100000e-08  3.30000001e+00  1.78100000e-08  3.29938627e+00  1.78100000e-08  3.29952986e+00  1.78100000e-08  0.00000000e+00  1.78100000e-08  0.00000000e+00 
 1.78300000e-08  3.29999999e+00  1.78300000e-08  3.29999999e+00  1.78300000e-08  3.29938837e+00  1.78300000e-08  3.29953148e+00  1.78300000e-08  0.00000000e+00  1.78300000e-08  0.00000000e+00 
 1.78500000e-08  3.30000001e+00  1.78500000e-08  3.30000001e+00  1.78500000e-08  3.29939044e+00  1.78500000e-08  3.29953308e+00  1.78500000e-08  0.00000000e+00  1.78500000e-08  0.00000000e+00 
 1.78700000e-08  3.29999999e+00  1.78700000e-08  3.29999999e+00  1.78700000e-08  3.29939251e+00  1.78700000e-08  3.29953468e+00  1.78700000e-08  0.00000000e+00  1.78700000e-08  0.00000000e+00 
 1.78900000e-08  3.30000001e+00  1.78900000e-08  3.30000001e+00  1.78900000e-08  3.29939456e+00  1.78900000e-08  3.29953627e+00  1.78900000e-08  0.00000000e+00  1.78900000e-08  0.00000000e+00 
 1.79100000e-08  3.29999999e+00  1.79100000e-08  3.29999999e+00  1.79100000e-08  3.29939660e+00  1.79100000e-08  3.29953784e+00  1.79100000e-08  0.00000000e+00  1.79100000e-08  0.00000000e+00 
 1.79300000e-08  3.30000001e+00  1.79300000e-08  3.30000001e+00  1.79300000e-08  3.29939862e+00  1.79300000e-08  3.29953941e+00  1.79300000e-08  0.00000000e+00  1.79300000e-08  0.00000000e+00 
 1.79500000e-08  3.29999999e+00  1.79500000e-08  3.29999999e+00  1.79500000e-08  3.29940064e+00  1.79500000e-08  3.29954097e+00  1.79500000e-08  0.00000000e+00  1.79500000e-08  0.00000000e+00 
 1.79700000e-08  3.30000001e+00  1.79700000e-08  3.30000001e+00  1.79700000e-08  3.29940264e+00  1.79700000e-08  3.29954252e+00  1.79700000e-08  0.00000000e+00  1.79700000e-08  0.00000000e+00 
 1.79900000e-08  3.29999999e+00  1.79900000e-08  3.29999999e+00  1.79900000e-08  3.29940463e+00  1.79900000e-08  3.29954405e+00  1.79900000e-08  0.00000000e+00  1.79900000e-08  0.00000000e+00 
 1.80100000e-08  3.30000001e+00  1.80100000e-08  3.30000001e+00  1.80100000e-08  3.29940660e+00  1.80100000e-08  3.29954558e+00  1.80100000e-08  0.00000000e+00  1.80100000e-08  0.00000000e+00 
 1.80300000e-08  3.29999999e+00  1.80300000e-08  3.29999999e+00  1.80300000e-08  3.29940857e+00  1.80300000e-08  3.29954710e+00  1.80300000e-08  0.00000000e+00  1.80300000e-08  0.00000000e+00 
 1.80500000e-08  3.30000001e+00  1.80500000e-08  3.30000001e+00  1.80500000e-08  3.29941052e+00  1.80500000e-08  3.29954861e+00  1.80500000e-08  0.00000000e+00  1.80500000e-08  0.00000000e+00 
 1.80700000e-08  3.29999999e+00  1.80700000e-08  3.29999999e+00  1.80700000e-08  3.29941246e+00  1.80700000e-08  3.29955010e+00  1.80700000e-08  0.00000000e+00  1.80700000e-08  0.00000000e+00 
 1.80900000e-08  3.30000001e+00  1.80900000e-08  3.30000001e+00  1.80900000e-08  3.29941438e+00  1.80900000e-08  3.29955159e+00  1.80900000e-08  0.00000000e+00  1.80900000e-08  0.00000000e+00 
 1.81100000e-08  3.29999999e+00  1.81100000e-08  3.29999999e+00  1.81100000e-08  3.29941630e+00  1.81100000e-08  3.29955307e+00  1.81100000e-08  0.00000000e+00  1.81100000e-08  0.00000000e+00 
 1.81300000e-08  3.30000001e+00  1.81300000e-08  3.30000001e+00  1.81300000e-08  3.29941820e+00  1.81300000e-08  3.29955454e+00  1.81300000e-08  0.00000000e+00  1.81300000e-08  0.00000000e+00 
 1.81500000e-08  3.29999999e+00  1.81500000e-08  3.29999999e+00  1.81500000e-08  3.29942009e+00  1.81500000e-08  3.29955601e+00  1.81500000e-08  0.00000000e+00  1.81500000e-08  0.00000000e+00 
 1.81700000e-08  3.30000001e+00  1.81700000e-08  3.30000001e+00  1.81700000e-08  3.29942197e+00  1.81700000e-08  3.29955746e+00  1.81700000e-08  0.00000000e+00  1.81700000e-08  0.00000000e+00 
 1.81900000e-08  3.29999999e+00  1.81900000e-08  3.29999999e+00  1.81900000e-08  3.29942384e+00  1.81900000e-08  3.29955890e+00  1.81900000e-08  0.00000000e+00  1.81900000e-08  0.00000000e+00 
 1.82100000e-08  3.30000001e+00  1.82100000e-08  3.30000001e+00  1.82100000e-08  3.29942569e+00  1.82100000e-08  3.29956034e+00  1.82100000e-08  0.00000000e+00  1.82100000e-08  0.00000000e+00 
 1.82300000e-08  3.29999999e+00  1.82300000e-08  3.29999999e+00  1.82300000e-08  3.29942754e+00  1.82300000e-08  3.29956176e+00  1.82300000e-08  0.00000000e+00  1.82300000e-08  0.00000000e+00 
 1.82500000e-08  3.30000001e+00  1.82500000e-08  3.30000001e+00  1.82500000e-08  3.29942937e+00  1.82500000e-08  3.29956318e+00  1.82500000e-08  0.00000000e+00  1.82500000e-08  0.00000000e+00 
 1.82700000e-08  3.29999999e+00  1.82700000e-08  3.29999999e+00  1.82700000e-08  3.29943120e+00  1.82700000e-08  3.29956459e+00  1.82700000e-08  0.00000000e+00  1.82700000e-08  0.00000000e+00 
 1.82900000e-08  3.30000001e+00  1.82900000e-08  3.30000001e+00  1.82900000e-08  3.29943301e+00  1.82900000e-08  3.29956599e+00  1.82900000e-08  0.00000000e+00  1.82900000e-08  0.00000000e+00 
 1.83100000e-08  3.29999999e+00  1.83100000e-08  3.29999999e+00  1.83100000e-08  3.29943481e+00  1.83100000e-08  3.29956738e+00  1.83100000e-08  0.00000000e+00  1.83100000e-08  0.00000000e+00 
 1.83300000e-08  3.30000001e+00  1.83300000e-08  3.30000001e+00  1.83300000e-08  3.29943660e+00  1.83300000e-08  3.29956876e+00  1.83300000e-08  0.00000000e+00  1.83300000e-08  0.00000000e+00 
 1.83500000e-08  3.29999999e+00  1.83500000e-08  3.29999999e+00  1.83500000e-08  3.29943838e+00  1.83500000e-08  3.29957014e+00  1.83500000e-08  0.00000000e+00  1.83500000e-08  0.00000000e+00 
 1.83700000e-08  3.30000001e+00  1.83700000e-08  3.30000001e+00  1.83700000e-08  3.29944014e+00  1.83700000e-08  3.29957150e+00  1.83700000e-08  0.00000000e+00  1.83700000e-08  0.00000000e+00 
 1.83900000e-08  3.29999999e+00  1.83900000e-08  3.29999999e+00  1.83900000e-08  3.29944191e+00  1.83900000e-08  3.29957286e+00  1.83900000e-08  0.00000000e+00  1.83900000e-08  0.00000000e+00 
 1.84100000e-08  3.30000001e+00  1.84100000e-08  3.30000001e+00  1.84100000e-08  3.29944365e+00  1.84100000e-08  3.29957421e+00  1.84100000e-08  0.00000000e+00  1.84100000e-08  0.00000000e+00 
 1.84300000e-08  3.29999999e+00  1.84300000e-08  3.29999999e+00  1.84300000e-08  3.29944539e+00  1.84300000e-08  3.29957555e+00  1.84300000e-08  0.00000000e+00  1.84300000e-08  0.00000000e+00 
 1.84500000e-08  3.30000001e+00  1.84500000e-08  3.30000001e+00  1.84500000e-08  3.29944712e+00  1.84500000e-08  3.29957689e+00  1.84500000e-08  0.00000000e+00  1.84500000e-08  0.00000000e+00 
 1.84700000e-08  3.29999999e+00  1.84700000e-08  3.29999999e+00  1.84700000e-08  3.29944884e+00  1.84700000e-08  3.29957821e+00  1.84700000e-08  0.00000000e+00  1.84700000e-08  0.00000000e+00 
 1.84900000e-08  3.30000001e+00  1.84900000e-08  3.30000001e+00  1.84900000e-08  3.29945054e+00  1.84900000e-08  3.29957953e+00  1.84900000e-08  0.00000000e+00  1.84900000e-08  0.00000000e+00 
 1.85100000e-08  3.29999999e+00  1.85100000e-08  3.29999999e+00  1.85100000e-08  3.29945224e+00  1.85100000e-08  3.29958084e+00  1.85100000e-08  0.00000000e+00  1.85100000e-08  0.00000000e+00 
 1.85300000e-08  3.30000001e+00  1.85300000e-08  3.30000001e+00  1.85300000e-08  3.29945392e+00  1.85300000e-08  3.29958214e+00  1.85300000e-08  0.00000000e+00  1.85300000e-08  0.00000000e+00 
 1.85500000e-08  3.29999999e+00  1.85500000e-08  3.29999999e+00  1.85500000e-08  3.29945561e+00  1.85500000e-08  3.29958344e+00  1.85500000e-08  0.00000000e+00  1.85500000e-08  0.00000000e+00 
 1.85700000e-08  3.30000001e+00  1.85700000e-08  3.30000001e+00  1.85700000e-08  3.29945727e+00  1.85700000e-08  3.29958473e+00  1.85700000e-08  0.00000000e+00  1.85700000e-08  0.00000000e+00 
 1.85900000e-08  3.29999999e+00  1.85900000e-08  3.29999999e+00  1.85900000e-08  3.29945893e+00  1.85900000e-08  3.29958601e+00  1.85900000e-08  0.00000000e+00  1.85900000e-08  0.00000000e+00 
 1.86100000e-08  3.30000001e+00  1.86100000e-08  3.30000001e+00  1.86100000e-08  3.29946057e+00  1.86100000e-08  3.29958728e+00  1.86100000e-08  0.00000000e+00  1.86100000e-08  0.00000000e+00 
 1.86300000e-08  3.29999999e+00  1.86300000e-08  3.29999999e+00  1.86300000e-08  3.29946222e+00  1.86300000e-08  3.29958854e+00  1.86300000e-08  0.00000000e+00  1.86300000e-08  0.00000000e+00 
 1.86500000e-08  3.30000001e+00  1.86500000e-08  3.30000001e+00  1.86500000e-08  3.29946384e+00  1.86500000e-08  3.29958980e+00  1.86500000e-08  0.00000000e+00  1.86500000e-08  0.00000000e+00 
 1.86700000e-08  3.29999999e+00  1.86700000e-08  3.29999999e+00  1.86700000e-08  3.29946547e+00  1.86700000e-08  3.29959105e+00  1.86700000e-08  0.00000000e+00  1.86700000e-08  0.00000000e+00 
 1.86900000e-08  3.30000001e+00  1.86900000e-08  3.30000001e+00  1.86900000e-08  3.29946707e+00  1.86900000e-08  3.29959230e+00  1.86900000e-08  0.00000000e+00  1.86900000e-08  0.00000000e+00 
 1.87100000e-08  3.29999999e+00  1.87100000e-08  3.29999999e+00  1.87100000e-08  3.29946868e+00  1.87100000e-08  3.29959353e+00  1.87100000e-08  0.00000000e+00  1.87100000e-08  0.00000000e+00 
 1.87300000e-08  3.30000001e+00  1.87300000e-08  3.30000001e+00  1.87300000e-08  3.29947026e+00  1.87300000e-08  3.29959476e+00  1.87300000e-08  0.00000000e+00  1.87300000e-08  0.00000000e+00 
 1.87500000e-08  3.29999999e+00  1.87500000e-08  3.29999999e+00  1.87500000e-08  3.29947185e+00  1.87500000e-08  3.29959598e+00  1.87500000e-08  0.00000000e+00  1.87500000e-08  0.00000000e+00 
 1.87700000e-08  3.30000001e+00  1.87700000e-08  3.30000001e+00  1.87700000e-08  3.29947342e+00  1.87700000e-08  3.29959720e+00  1.87700000e-08  0.00000000e+00  1.87700000e-08  0.00000000e+00 
 1.87900000e-08  3.29999999e+00  1.87900000e-08  3.29999999e+00  1.87900000e-08  3.29947499e+00  1.87900000e-08  3.29959840e+00  1.87900000e-08  0.00000000e+00  1.87900000e-08  0.00000000e+00 
 1.88100000e-08  3.30000001e+00  1.88100000e-08  3.30000001e+00  1.88100000e-08  3.29947654e+00  1.88100000e-08  3.29959961e+00  1.88100000e-08  0.00000000e+00  1.88100000e-08  0.00000000e+00 
 1.88300000e-08  3.29999999e+00  1.88300000e-08  3.29999999e+00  1.88300000e-08  3.29947810e+00  1.88300000e-08  3.29960080e+00  1.88300000e-08  0.00000000e+00  1.88300000e-08  0.00000000e+00 
 1.88500000e-08  3.30000001e+00  1.88500000e-08  3.30000001e+00  1.88500000e-08  3.29947963e+00  1.88500000e-08  3.29960199e+00  1.88500000e-08  0.00000000e+00  1.88500000e-08  0.00000000e+00 
 1.88700000e-08  3.29999999e+00  1.88700000e-08  3.29999999e+00  1.88700000e-08  3.29948117e+00  1.88700000e-08  3.29960317e+00  1.88700000e-08  0.00000000e+00  1.88700000e-08  0.00000000e+00 
 1.88900000e-08  3.30000001e+00  1.88900000e-08  3.30000001e+00  1.88900000e-08  3.29948268e+00  1.88900000e-08  3.29960434e+00  1.88900000e-08  0.00000000e+00  1.88900000e-08  0.00000000e+00 
 1.89100000e-08  3.29999999e+00  1.89100000e-08  3.29999999e+00  1.89100000e-08  3.29948420e+00  1.89100000e-08  3.29960551e+00  1.89100000e-08  0.00000000e+00  1.89100000e-08  0.00000000e+00 
 1.89300000e-08  3.30000001e+00  1.89300000e-08  3.30000001e+00  1.89300000e-08  3.29948570e+00  1.89300000e-08  3.29960667e+00  1.89300000e-08  0.00000000e+00  1.89300000e-08  0.00000000e+00 
 1.89500000e-08  3.29999999e+00  1.89500000e-08  3.29999999e+00  1.89500000e-08  3.29948720e+00  1.89500000e-08  3.29960783e+00  1.89500000e-08  0.00000000e+00  1.89500000e-08  0.00000000e+00 
 1.89700000e-08  3.30000001e+00  1.89700000e-08  3.30000001e+00  1.89700000e-08  3.29948869e+00  1.89700000e-08  3.29960898e+00  1.89700000e-08  0.00000000e+00  1.89700000e-08  0.00000000e+00 
 1.89900000e-08  3.29999999e+00  1.89900000e-08  3.29999999e+00  1.89900000e-08  3.29949017e+00  1.89900000e-08  3.29961012e+00  1.89900000e-08  0.00000000e+00  1.89900000e-08  0.00000000e+00 
 1.90100000e-08  3.30000001e+00  1.90100000e-08  3.30000001e+00  1.90100000e-08  3.29949164e+00  1.90100000e-08  3.29961125e+00  1.90100000e-08  0.00000000e+00  1.90100000e-08  0.00000000e+00 
 1.90300000e-08  3.29999999e+00  1.90300000e-08  3.29999999e+00  1.90300000e-08  3.29949311e+00  1.90300000e-08  3.29961238e+00  1.90300000e-08  0.00000000e+00  1.90300000e-08  0.00000000e+00 
 1.90500000e-08  3.30000001e+00  1.90500000e-08  3.30000001e+00  1.90500000e-08  3.29949456e+00  1.90500000e-08  3.29961351e+00  1.90500000e-08  0.00000000e+00  1.90500000e-08  0.00000000e+00 
 1.90700000e-08  3.29999999e+00  1.90700000e-08  3.29999999e+00  1.90700000e-08  3.29949601e+00  1.90700000e-08  3.29961462e+00  1.90700000e-08  0.00000000e+00  1.90700000e-08  0.00000000e+00 
 1.90900000e-08  3.30000001e+00  1.90900000e-08  3.30000001e+00  1.90900000e-08  3.29949745e+00  1.90900000e-08  3.29961573e+00  1.90900000e-08  0.00000000e+00  1.90900000e-08  0.00000000e+00 
 1.91100000e-08  3.29999999e+00  1.91100000e-08  3.29999999e+00  1.91100000e-08  3.29949889e+00  1.91100000e-08  3.29961684e+00  1.91100000e-08  0.00000000e+00  1.91100000e-08  0.00000000e+00 
 1.91300000e-08  3.30000001e+00  1.91300000e-08  3.30000001e+00  1.91300000e-08  3.29950031e+00  1.91300000e-08  3.29961794e+00  1.91300000e-08  0.00000000e+00  1.91300000e-08  0.00000000e+00 
 1.91500000e-08  3.29999999e+00  1.91500000e-08  3.29999999e+00  1.91500000e-08  3.29950173e+00  1.91500000e-08  3.29961903e+00  1.91500000e-08  0.00000000e+00  1.91500000e-08  0.00000000e+00 
 1.91700000e-08  3.30000001e+00  1.91700000e-08  3.30000001e+00  1.91700000e-08  3.29950313e+00  1.91700000e-08  3.29962012e+00  1.91700000e-08  0.00000000e+00  1.91700000e-08  0.00000000e+00 
 1.91900000e-08  3.29999999e+00  1.91900000e-08  3.29999999e+00  1.91900000e-08  3.29950454e+00  1.91900000e-08  3.29962120e+00  1.91900000e-08  0.00000000e+00  1.91900000e-08  0.00000000e+00 
 1.92100000e-08  3.30000001e+00  1.92100000e-08  3.30000001e+00  1.92100000e-08  3.29950593e+00  1.92100000e-08  3.29962227e+00  1.92100000e-08  0.00000000e+00  1.92100000e-08  0.00000000e+00 
 1.92300000e-08  3.29999999e+00  1.92300000e-08  3.29999999e+00  1.92300000e-08  3.29950732e+00  1.92300000e-08  3.29962334e+00  1.92300000e-08  0.00000000e+00  1.92300000e-08  0.00000000e+00 
 1.92500000e-08  3.30000001e+00  1.92500000e-08  3.30000001e+00  1.92500000e-08  3.29950869e+00  1.92500000e-08  3.29962441e+00  1.92500000e-08  0.00000000e+00  1.92500000e-08  0.00000000e+00 
 1.92700000e-08  3.29999999e+00  1.92700000e-08  3.29999999e+00  1.92700000e-08  3.29951007e+00  1.92700000e-08  3.29962546e+00  1.92700000e-08  0.00000000e+00  1.92700000e-08  0.00000000e+00 
 1.92900000e-08  3.30000001e+00  1.92900000e-08  3.30000001e+00  1.92900000e-08  3.29951143e+00  1.92900000e-08  3.29962652e+00  1.92900000e-08  0.00000000e+00  1.92900000e-08  0.00000000e+00 
 1.93100000e-08  3.29999999e+00  1.93100000e-08  3.29999999e+00  1.93100000e-08  3.29951280e+00  1.93100000e-08  3.29962756e+00  1.93100000e-08  0.00000000e+00  1.93100000e-08  0.00000000e+00 
 1.93300000e-08  3.30000001e+00  1.93300000e-08  3.30000001e+00  1.93300000e-08  3.29951414e+00  1.93300000e-08  3.29962860e+00  1.93300000e-08  0.00000000e+00  1.93300000e-08  0.00000000e+00 
 1.93500000e-08  3.29999999e+00  1.93500000e-08  3.29999999e+00  1.93500000e-08  3.29951549e+00  1.93500000e-08  3.29962964e+00  1.93500000e-08  0.00000000e+00  1.93500000e-08  0.00000000e+00 
 1.93700000e-08  3.30000001e+00  1.93700000e-08  3.30000001e+00  1.93700000e-08  3.29951682e+00  1.93700000e-08  3.29963067e+00  1.93700000e-08  0.00000000e+00  1.93700000e-08  0.00000000e+00 
 1.93900000e-08  3.29999999e+00  1.93900000e-08  3.29999999e+00  1.93900000e-08  3.29951816e+00  1.93900000e-08  3.29963169e+00  1.93900000e-08  0.00000000e+00  1.93900000e-08  0.00000000e+00 
 1.94100000e-08  3.30000001e+00  1.94100000e-08  3.30000001e+00  1.94100000e-08  3.29951947e+00  1.94100000e-08  3.29963271e+00  1.94100000e-08  0.00000000e+00  1.94100000e-08  0.00000000e+00 
 1.94300000e-08  3.29999999e+00  1.94300000e-08  3.29999999e+00  1.94300000e-08  3.29952079e+00  1.94300000e-08  3.29963373e+00  1.94300000e-08  0.00000000e+00  1.94300000e-08  0.00000000e+00 
 1.94500000e-08  3.30000001e+00  1.94500000e-08  3.30000001e+00  1.94500000e-08  3.29952210e+00  1.94500000e-08  3.29963474e+00  1.94500000e-08  0.00000000e+00  1.94500000e-08  0.00000000e+00 
 1.94700000e-08  3.29999999e+00  1.94700000e-08  3.29999999e+00  1.94700000e-08  3.29952340e+00  1.94700000e-08  3.29963574e+00  1.94700000e-08  0.00000000e+00  1.94700000e-08  0.00000000e+00 
 1.94900000e-08  3.30000001e+00  1.94900000e-08  3.30000001e+00  1.94900000e-08  3.29952469e+00  1.94900000e-08  3.29963674e+00  1.94900000e-08  0.00000000e+00  1.94900000e-08  0.00000000e+00 
 1.95100000e-08  3.29999999e+00  1.95100000e-08  3.29999999e+00  1.95100000e-08  3.29952599e+00  1.95100000e-08  3.29963773e+00  1.95100000e-08  0.00000000e+00  1.95100000e-08  0.00000000e+00 
 1.95300000e-08  3.30000001e+00  1.95300000e-08  3.30000000e+00  1.95300000e-08  3.29952726e+00  1.95300000e-08  3.29963872e+00  1.95300000e-08  0.00000000e+00  1.95300000e-08  0.00000000e+00 
 1.95500000e-08  3.29999999e+00  1.95500000e-08  3.29999999e+00  1.95500000e-08  3.29952854e+00  1.95500000e-08  3.29963970e+00  1.95500000e-08  0.00000000e+00  1.95500000e-08  0.00000000e+00 
 1.95700000e-08  3.30000001e+00  1.95700000e-08  3.30000000e+00  1.95700000e-08  3.29952981e+00  1.95700000e-08  3.29964068e+00  1.95700000e-08  0.00000000e+00  1.95700000e-08  0.00000000e+00 
 1.95900000e-08  3.29999999e+00  1.95900000e-08  3.29999999e+00  1.95900000e-08  3.29953108e+00  1.95900000e-08  3.29964165e+00  1.95900000e-08  0.00000000e+00  1.95900000e-08  0.00000000e+00 
 1.96100000e-08  3.30000001e+00  1.96100000e-08  3.30000000e+00  1.96100000e-08  3.29953233e+00  1.96100000e-08  3.29964262e+00  1.96100000e-08  0.00000000e+00  1.96100000e-08  0.00000000e+00 
 1.96300000e-08  3.29999999e+00  1.96300000e-08  3.29999999e+00  1.96300000e-08  3.29953358e+00  1.96300000e-08  3.29964358e+00  1.96300000e-08  0.00000000e+00  1.96300000e-08  0.00000000e+00 
 1.96500000e-08  3.30000001e+00  1.96500000e-08  3.30000000e+00  1.96500000e-08  3.29953482e+00  1.96500000e-08  3.29964454e+00  1.96500000e-08  0.00000000e+00  1.96500000e-08  0.00000000e+00 
 1.96700000e-08  3.29999999e+00  1.96700000e-08  3.29999999e+00  1.96700000e-08  3.29953606e+00  1.96700000e-08  3.29964549e+00  1.96700000e-08  0.00000000e+00  1.96700000e-08  0.00000000e+00 
 1.96900000e-08  3.30000001e+00  1.96900000e-08  3.30000000e+00  1.96900000e-08  3.29953729e+00  1.96900000e-08  3.29964644e+00  1.96900000e-08  0.00000000e+00  1.96900000e-08  0.00000000e+00 
 1.97100000e-08  3.29999999e+00  1.97100000e-08  3.29999999e+00  1.97100000e-08  3.29953852e+00  1.97100000e-08  3.29964738e+00  1.97100000e-08  0.00000000e+00  1.97100000e-08  0.00000000e+00 
 1.97300000e-08  3.30000001e+00  1.97300000e-08  3.30000000e+00  1.97300000e-08  3.29953973e+00  1.97300000e-08  3.29964832e+00  1.97300000e-08  0.00000000e+00  1.97300000e-08  0.00000000e+00 
 1.97500000e-08  3.29999999e+00  1.97500000e-08  3.29999999e+00  1.97500000e-08  3.29954095e+00  1.97500000e-08  3.29964925e+00  1.97500000e-08  0.00000000e+00  1.97500000e-08  0.00000000e+00 
 1.97700000e-08  3.30000001e+00  1.97700000e-08  3.30000000e+00  1.97700000e-08  3.29954215e+00  1.97700000e-08  3.29965018e+00  1.97700000e-08  0.00000000e+00  1.97700000e-08  0.00000000e+00 
 1.97900000e-08  3.29999999e+00  1.97900000e-08  3.29999999e+00  1.97900000e-08  3.29954335e+00  1.97900000e-08  3.29965111e+00  1.97900000e-08  0.00000000e+00  1.97900000e-08  0.00000000e+00 
 1.98100000e-08  3.30000001e+00  1.98100000e-08  3.30000000e+00  1.98100000e-08  3.29954454e+00  1.98100000e-08  3.29965203e+00  1.98100000e-08  0.00000000e+00  1.98100000e-08  0.00000000e+00 
 1.98300000e-08  3.29999999e+00  1.98300000e-08  3.29999999e+00  1.98300000e-08  3.29954573e+00  1.98300000e-08  3.29965294e+00  1.98300000e-08  0.00000000e+00  1.98300000e-08  0.00000000e+00 
 1.98500000e-08  3.30000001e+00  1.98500000e-08  3.30000000e+00  1.98500000e-08  3.29954691e+00  1.98500000e-08  3.29965385e+00  1.98500000e-08  0.00000000e+00  1.98500000e-08  0.00000000e+00 
 1.98700000e-08  3.29999999e+00  1.98700000e-08  3.29999999e+00  1.98700000e-08  3.29954809e+00  1.98700000e-08  3.29965476e+00  1.98700000e-08  0.00000000e+00  1.98700000e-08  0.00000000e+00 
 1.98900000e-08  3.30000001e+00  1.98900000e-08  3.30000000e+00  1.98900000e-08  3.29954926e+00  1.98900000e-08  3.29965566e+00  1.98900000e-08  0.00000000e+00  1.98900000e-08  0.00000000e+00 
 1.99100000e-08  3.29999999e+00  1.99100000e-08  3.29999999e+00  1.99100000e-08  3.29955043e+00  1.99100000e-08  3.29965656e+00  1.99100000e-08  0.00000000e+00  1.99100000e-08  0.00000000e+00 
 1.99300000e-08  3.30000001e+00  1.99300000e-08  3.30000000e+00  1.99300000e-08  3.29955158e+00  1.99300000e-08  3.29965745e+00  1.99300000e-08  0.00000000e+00  1.99300000e-08  0.00000000e+00 
 1.99500000e-08  3.29999999e+00  1.99500000e-08  3.29999999e+00  1.99500000e-08  3.29955274e+00  1.99500000e-08  3.29965834e+00  1.99500000e-08  0.00000000e+00  1.99500000e-08  0.00000000e+00 
 1.99700000e-08  3.30000001e+00  1.99700000e-08  3.30000000e+00  1.99700000e-08  3.29955388e+00  1.99700000e-08  3.29965922e+00  1.99700000e-08  0.00000000e+00  1.99700000e-08  0.00000000e+00 
 1.99900000e-08  3.29999999e+00  1.99900000e-08  3.29999999e+00  1.99900000e-08  3.29955503e+00  1.99900000e-08  3.29966010e+00  1.99900000e-08  0.00000000e+00  1.99900000e-08  0.00000000e+00 
 2.00100000e-08  3.30000000e+00  2.00100000e-08  3.30000000e+00  2.00100000e-08  3.29955616e+00  2.00100000e-08  3.29966097e+00  2.00100000e-08  0.00000000e+00  2.00100000e-08  0.00000000e+00 
 2.00300000e-08  3.29999999e+00  2.00300000e-08  3.29999999e+00  2.00300000e-08  3.29955730e+00  2.00300000e-08  3.29966184e+00  2.00300000e-08  0.00000000e+00  2.00300000e-08  0.00000000e+00 
 2.00500000e-08  3.30000000e+00  2.00500000e-08  3.30000000e+00  2.00500000e-08  3.29955842e+00  2.00500000e-08  3.29966271e+00  2.00500000e-08  0.00000000e+00  2.00500000e-08  0.00000000e+00 
 2.00700000e-08  3.29999999e+00  2.00700000e-08  3.29999999e+00  2.00700000e-08  3.29955954e+00  2.00700000e-08  3.29966357e+00  2.00700000e-08  0.00000000e+00  2.00700000e-08  0.00000000e+00 
 2.00900000e-08  3.30000000e+00  2.00900000e-08  3.30000000e+00  2.00900000e-08  3.29956065e+00  2.00900000e-08  3.29966443e+00  2.00900000e-08  0.00000000e+00  2.00900000e-08  0.00000000e+00 
 2.01100000e-08  3.29999999e+00  2.01100000e-08  3.29999999e+00  2.01100000e-08  3.29956177e+00  2.01100000e-08  3.29966528e+00  2.01100000e-08  0.00000000e+00  2.01100000e-08  0.00000000e+00 
 2.01300000e-08  3.30000000e+00  2.01300000e-08  3.30000000e+00  2.01300000e-08  3.29956287e+00  2.01300000e-08  3.29966613e+00  2.01300000e-08  0.00000000e+00  2.01300000e-08  0.00000000e+00 
 2.01500000e-08  3.29999999e+00  2.01500000e-08  3.29999999e+00  2.01500000e-08  3.29956397e+00  2.01500000e-08  3.29966698e+00  2.01500000e-08  0.00000000e+00  2.01500000e-08  0.00000000e+00 
 2.01700000e-08  3.30000000e+00  2.01700000e-08  3.30000000e+00  2.01700000e-08  3.29956506e+00  2.01700000e-08  3.29966782e+00  2.01700000e-08  0.00000000e+00  2.01700000e-08  0.00000000e+00 
 2.01900000e-08  3.29999999e+00  2.01900000e-08  3.29999999e+00  2.01900000e-08  3.29956615e+00  2.01900000e-08  3.29966866e+00  2.01900000e-08  0.00000000e+00  2.01900000e-08  0.00000000e+00 
 2.02100000e-08  3.30000000e+00  2.02100000e-08  3.30000000e+00  2.02100000e-08  3.29956723e+00  2.02100000e-08  3.29966949e+00  2.02100000e-08  0.00000000e+00  2.02100000e-08  0.00000000e+00 
 2.02300000e-08  3.29999999e+00  2.02300000e-08  3.29999999e+00  2.02300000e-08  3.29956831e+00  2.02300000e-08  3.29967032e+00  2.02300000e-08  0.00000000e+00  2.02300000e-08  0.00000000e+00 
 2.02500000e-08  3.30000000e+00  2.02500000e-08  3.30000000e+00  2.02500000e-08  3.29956938e+00  2.02500000e-08  3.29967115e+00  2.02500000e-08  0.00000000e+00  2.02500000e-08  0.00000000e+00 
 2.02700000e-08  3.29999999e+00  2.02700000e-08  3.29999999e+00  2.02700000e-08  3.29957045e+00  2.02700000e-08  3.29967197e+00  2.02700000e-08  0.00000000e+00  2.02700000e-08  0.00000000e+00 
 2.02900000e-08  3.30000000e+00  2.02900000e-08  3.30000000e+00  2.02900000e-08  3.29957151e+00  2.02900000e-08  3.29967279e+00  2.02900000e-08  0.00000000e+00  2.02900000e-08  0.00000000e+00 
 2.03100000e-08  3.29999999e+00  2.03100000e-08  3.29999999e+00  2.03100000e-08  3.29957257e+00  2.03100000e-08  3.29967360e+00  2.03100000e-08  0.00000000e+00  2.03100000e-08  0.00000000e+00 
 2.03300000e-08  3.30000000e+00  2.03300000e-08  3.30000000e+00  2.03300000e-08  3.29957362e+00  2.03300000e-08  3.29967441e+00  2.03300000e-08  0.00000000e+00  2.03300000e-08  0.00000000e+00 
 2.03500000e-08  3.29999999e+00  2.03500000e-08  3.29999999e+00  2.03500000e-08  3.29957467e+00  2.03500000e-08  3.29967522e+00  2.03500000e-08  0.00000000e+00  2.03500000e-08  0.00000000e+00 
 2.03700000e-08  3.30000000e+00  2.03700000e-08  3.30000000e+00  2.03700000e-08  3.29957571e+00  2.03700000e-08  3.29967602e+00  2.03700000e-08  0.00000000e+00  2.03700000e-08  0.00000000e+00 
 2.03900000e-08  3.29999999e+00  2.03900000e-08  3.29999999e+00  2.03900000e-08  3.29957676e+00  2.03900000e-08  3.29967682e+00  2.03900000e-08  0.00000000e+00  2.03900000e-08  0.00000000e+00 
 2.04100000e-08  3.30000000e+00  2.04100000e-08  3.30000000e+00  2.04100000e-08  3.29957778e+00  2.04100000e-08  3.29967761e+00  2.04100000e-08  0.00000000e+00  2.04100000e-08  0.00000000e+00 
 2.04300000e-08  3.29999999e+00  2.04300000e-08  3.29999999e+00  2.04300000e-08  3.29957882e+00  2.04300000e-08  3.29967840e+00  2.04300000e-08  0.00000000e+00  2.04300000e-08  0.00000000e+00 
 2.04500000e-08  3.30000000e+00  2.04500000e-08  3.30000000e+00  2.04500000e-08  3.29957983e+00  2.04500000e-08  3.29967919e+00  2.04500000e-08  0.00000000e+00  2.04500000e-08  0.00000000e+00 
 2.04700000e-08  3.29999999e+00  2.04700000e-08  3.29999999e+00  2.04700000e-08  3.29958086e+00  2.04700000e-08  3.29967997e+00  2.04700000e-08  0.00000000e+00  2.04700000e-08  0.00000000e+00 
 2.04900000e-08  3.30000000e+00  2.04900000e-08  3.30000000e+00  2.04900000e-08  3.29958187e+00  2.04900000e-08  3.29968076e+00  2.04900000e-08  0.00000000e+00  2.04900000e-08  0.00000000e+00 
 2.05100000e-08  3.29999999e+00  2.05100000e-08  3.29999999e+00  2.05100000e-08  3.29958288e+00  2.05100000e-08  3.29968153e+00  2.05100000e-08  0.00000000e+00  2.05100000e-08  0.00000000e+00 
 2.05300000e-08  3.30000000e+00  2.05300000e-08  3.30000000e+00  2.05300000e-08  3.29958388e+00  2.05300000e-08  3.29968230e+00  2.05300000e-08  0.00000000e+00  2.05300000e-08  0.00000000e+00 
 2.05500000e-08  3.29999999e+00  2.05500000e-08  3.29999999e+00  2.05500000e-08  3.29958489e+00  2.05500000e-08  3.29968307e+00  2.05500000e-08  0.00000000e+00  2.05500000e-08  0.00000000e+00 
 2.05700000e-08  3.30000000e+00  2.05700000e-08  3.30000000e+00  2.05700000e-08  3.29958588e+00  2.05700000e-08  3.29968384e+00  2.05700000e-08  0.00000000e+00  2.05700000e-08  0.00000000e+00 
 2.05900000e-08  3.29999999e+00  2.05900000e-08  3.29999999e+00  2.05900000e-08  3.29958688e+00  2.05900000e-08  3.29968460e+00  2.05900000e-08  0.00000000e+00  2.05900000e-08  0.00000000e+00 
 2.06100000e-08  3.30000000e+00  2.06100000e-08  3.30000000e+00  2.06100000e-08  3.29958786e+00  2.06100000e-08  3.29968536e+00  2.06100000e-08  0.00000000e+00  2.06100000e-08  0.00000000e+00 
 2.06300000e-08  3.29999999e+00  2.06300000e-08  3.29999999e+00  2.06300000e-08  3.29958884e+00  2.06300000e-08  3.29968611e+00  2.06300000e-08  0.00000000e+00  2.06300000e-08  0.00000000e+00 
 2.06500000e-08  3.30000000e+00  2.06500000e-08  3.30000000e+00  2.06500000e-08  3.29958982e+00  2.06500000e-08  3.29968687e+00  2.06500000e-08  0.00000000e+00  2.06500000e-08  0.00000000e+00 
 2.06700000e-08  3.29999999e+00  2.06700000e-08  3.29999999e+00  2.06700000e-08  3.29959079e+00  2.06700000e-08  3.29968762e+00  2.06700000e-08  0.00000000e+00  2.06700000e-08  0.00000000e+00 
 2.06900000e-08  3.30000000e+00  2.06900000e-08  3.30000000e+00  2.06900000e-08  3.29959176e+00  2.06900000e-08  3.29968836e+00  2.06900000e-08  0.00000000e+00  2.06900000e-08  0.00000000e+00 
 2.07100000e-08  3.29999999e+00  2.07100000e-08  3.29999999e+00  2.07100000e-08  3.29959273e+00  2.07100000e-08  3.29968910e+00  2.07100000e-08  0.00000000e+00  2.07100000e-08  0.00000000e+00 
 2.07300000e-08  3.30000000e+00  2.07300000e-08  3.30000000e+00  2.07300000e-08  3.29959368e+00  2.07300000e-08  3.29968984e+00  2.07300000e-08  0.00000000e+00  2.07300000e-08  0.00000000e+00 
 2.07500000e-08  3.29999999e+00  2.07500000e-08  3.29999999e+00  2.07500000e-08  3.29959464e+00  2.07500000e-08  3.29969057e+00  2.07500000e-08  0.00000000e+00  2.07500000e-08  0.00000000e+00 
 2.07700000e-08  3.30000000e+00  2.07700000e-08  3.30000000e+00  2.07700000e-08  3.29959559e+00  2.07700000e-08  3.29969131e+00  2.07700000e-08  0.00000000e+00  2.07700000e-08  0.00000000e+00 
 2.07900000e-08  3.29999999e+00  2.07900000e-08  3.29999999e+00  2.07900000e-08  3.29959654e+00  2.07900000e-08  3.29969203e+00  2.07900000e-08  0.00000000e+00  2.07900000e-08  0.00000000e+00 
 2.08100000e-08  3.30000000e+00  2.08100000e-08  3.30000000e+00  2.08100000e-08  3.29959748e+00  2.08100000e-08  3.29969276e+00  2.08100000e-08  0.00000000e+00  2.08100000e-08  0.00000000e+00 
 2.08300000e-08  3.29999999e+00  2.08300000e-08  3.29999999e+00  2.08300000e-08  3.29959842e+00  2.08300000e-08  3.29969348e+00  2.08300000e-08  0.00000000e+00  2.08300000e-08  0.00000000e+00 
 2.08500000e-08  3.30000000e+00  2.08500000e-08  3.30000000e+00  2.08500000e-08  3.29959935e+00  2.08500000e-08  3.29969420e+00  2.08500000e-08  0.00000000e+00  2.08500000e-08  0.00000000e+00 
 2.08700000e-08  3.29999999e+00  2.08700000e-08  3.29999999e+00  2.08700000e-08  3.29960029e+00  2.08700000e-08  3.29969491e+00  2.08700000e-08  0.00000000e+00  2.08700000e-08  0.00000000e+00 
 2.08900000e-08  3.30000000e+00  2.08900000e-08  3.30000000e+00  2.08900000e-08  3.29960121e+00  2.08900000e-08  3.29969563e+00  2.08900000e-08  0.00000000e+00  2.08900000e-08  0.00000000e+00 
 2.09100000e-08  3.29999999e+00  2.09100000e-08  3.29999999e+00  2.09100000e-08  3.29960214e+00  2.09100000e-08  3.29969634e+00  2.09100000e-08  0.00000000e+00  2.09100000e-08  0.00000000e+00 
 2.09300000e-08  3.30000000e+00  2.09300000e-08  3.30000000e+00  2.09300000e-08  3.29960305e+00  2.09300000e-08  3.29969704e+00  2.09300000e-08  0.00000000e+00  2.09300000e-08  0.00000000e+00 
 2.09500000e-08  3.29999999e+00  2.09500000e-08  3.29999999e+00  2.09500000e-08  3.29960397e+00  2.09500000e-08  3.29969774e+00  2.09500000e-08  0.00000000e+00  2.09500000e-08  0.00000000e+00 
 2.09700000e-08  3.30000000e+00  2.09700000e-08  3.30000000e+00  2.09700000e-08  3.29960487e+00  2.09700000e-08  3.29969844e+00  2.09700000e-08  0.00000000e+00  2.09700000e-08  0.00000000e+00 
 2.09900000e-08  3.29999999e+00  2.09900000e-08  3.29999999e+00  2.09900000e-08  3.29960579e+00  2.09900000e-08  3.29969914e+00  2.09900000e-08  0.00000000e+00  2.09900000e-08  0.00000000e+00 
 2.10100000e-08  3.30000000e+00  2.10100000e-08  3.30000000e+00  2.10100000e-08  3.29960668e+00  2.10100000e-08  3.29969983e+00  2.10100000e-08  0.00000000e+00  2.10100000e-08  0.00000000e+00 
 2.10300000e-08  3.29999999e+00  2.10300000e-08  3.29999999e+00  2.10300000e-08  3.29960759e+00  2.10300000e-08  3.29970052e+00  2.10300000e-08  0.00000000e+00  2.10300000e-08  0.00000000e+00 
 2.10500000e-08  3.30000000e+00  2.10500000e-08  3.30000000e+00  2.10500000e-08  3.29960848e+00  2.10500000e-08  3.29970121e+00  2.10500000e-08  0.00000000e+00  2.10500000e-08  0.00000000e+00 
 2.10700000e-08  3.29999999e+00  2.10700000e-08  3.29999999e+00  2.10700000e-08  3.29960937e+00  2.10700000e-08  3.29970190e+00  2.10700000e-08  0.00000000e+00  2.10700000e-08  0.00000000e+00 
 2.10900000e-08  3.30000000e+00  2.10900000e-08  3.30000000e+00  2.10900000e-08  3.29961025e+00  2.10900000e-08  3.29970258e+00  2.10900000e-08  0.00000000e+00  2.10900000e-08  0.00000000e+00 
 2.11100000e-08  3.29999999e+00  2.11100000e-08  3.29999999e+00  2.11100000e-08  3.29961114e+00  2.11100000e-08  3.29970325e+00  2.11100000e-08  0.00000000e+00  2.11100000e-08  0.00000000e+00 
 2.11300000e-08  3.30000000e+00  2.11300000e-08  3.30000000e+00  2.11300000e-08  3.29961201e+00  2.11300000e-08  3.29970393e+00  2.11300000e-08  0.00000000e+00  2.11300000e-08  0.00000000e+00 
 2.11500000e-08  3.29999999e+00  2.11500000e-08  3.29999999e+00  2.11500000e-08  3.29961290e+00  2.11500000e-08  3.29970460e+00  2.11500000e-08  0.00000000e+00  2.11500000e-08  0.00000000e+00 
 2.11700000e-08  3.30000000e+00  2.11700000e-08  3.30000000e+00  2.11700000e-08  3.29961376e+00  2.11700000e-08  3.29970527e+00  2.11700000e-08  0.00000000e+00  2.11700000e-08  0.00000000e+00 
 2.11900000e-08  3.29999999e+00  2.11900000e-08  3.29999999e+00  2.11900000e-08  3.29961464e+00  2.11900000e-08  3.29970594e+00  2.11900000e-08  0.00000000e+00  2.11900000e-08  0.00000000e+00 
 2.12100000e-08  3.30000000e+00  2.12100000e-08  3.30000000e+00  2.12100000e-08  3.29961549e+00  2.12100000e-08  3.29970660e+00  2.12100000e-08  0.00000000e+00  2.12100000e-08  0.00000000e+00 
 2.12300000e-08  3.29999999e+00  2.12300000e-08  3.29999999e+00  2.12300000e-08  3.29961636e+00  2.12300000e-08  3.29970726e+00  2.12300000e-08  0.00000000e+00  2.12300000e-08  0.00000000e+00 
 2.12500000e-08  3.30000000e+00  2.12500000e-08  3.30000000e+00  2.12500000e-08  3.29961721e+00  2.12500000e-08  3.29970792e+00  2.12500000e-08  0.00000000e+00  2.12500000e-08  0.00000000e+00 
 2.12700000e-08  3.29999999e+00  2.12700000e-08  3.29999999e+00  2.12700000e-08  3.29961807e+00  2.12700000e-08  3.29970858e+00  2.12700000e-08  0.00000000e+00  2.12700000e-08  0.00000000e+00 
 2.12900000e-08  3.30000000e+00  2.12900000e-08  3.30000000e+00  2.12900000e-08  3.29961891e+00  2.12900000e-08  3.29970923e+00  2.12900000e-08  0.00000000e+00  2.12900000e-08  0.00000000e+00 
 2.13100000e-08  3.29999999e+00  2.13100000e-08  3.29999999e+00  2.13100000e-08  3.29961976e+00  2.13100000e-08  3.29970988e+00  2.13100000e-08  0.00000000e+00  2.13100000e-08  0.00000000e+00 
 2.13300000e-08  3.30000000e+00  2.13300000e-08  3.30000000e+00  2.13300000e-08  3.29962060e+00  2.13300000e-08  3.29971053e+00  2.13300000e-08  0.00000000e+00  2.13300000e-08  0.00000000e+00 
 2.13500000e-08  3.29999999e+00  2.13500000e-08  3.29999999e+00  2.13500000e-08  3.29962144e+00  2.13500000e-08  3.29971117e+00  2.13500000e-08  0.00000000e+00  2.13500000e-08  0.00000000e+00 
 2.13700000e-08  3.30000000e+00  2.13700000e-08  3.30000000e+00  2.13700000e-08  3.29962227e+00  2.13700000e-08  3.29971181e+00  2.13700000e-08  0.00000000e+00  2.13700000e-08  0.00000000e+00 
 2.13900000e-08  3.29999999e+00  2.13900000e-08  3.29999999e+00  2.13900000e-08  3.29962311e+00  2.13900000e-08  3.29971245e+00  2.13900000e-08  0.00000000e+00  2.13900000e-08  0.00000000e+00 
 2.14100000e-08  3.30000000e+00  2.14100000e-08  3.30000000e+00  2.14100000e-08  3.29962393e+00  2.14100000e-08  3.29971309e+00  2.14100000e-08  0.00000000e+00  2.14100000e-08  0.00000000e+00 
 2.14300000e-08  3.29999999e+00  2.14300000e-08  3.29999999e+00  2.14300000e-08  3.29962476e+00  2.14300000e-08  3.29971372e+00  2.14300000e-08  0.00000000e+00  2.14300000e-08  0.00000000e+00 
 2.14500000e-08  3.30000000e+00  2.14500000e-08  3.30000000e+00  2.14500000e-08  3.29962558e+00  2.14500000e-08  3.29971435e+00  2.14500000e-08  0.00000000e+00  2.14500000e-08  0.00000000e+00 
 2.14700000e-08  3.29999999e+00  2.14700000e-08  3.29999999e+00  2.14700000e-08  3.29962640e+00  2.14700000e-08  3.29971498e+00  2.14700000e-08  0.00000000e+00  2.14700000e-08  0.00000000e+00 
 2.14900000e-08  3.30000000e+00  2.14900000e-08  3.30000000e+00  2.14900000e-08  3.29962721e+00  2.14900000e-08  3.29971560e+00  2.14900000e-08  0.00000000e+00  2.14900000e-08  0.00000000e+00 
 2.15100000e-08  3.29999999e+00  2.15100000e-08  3.29999999e+00  2.15100000e-08  3.29962803e+00  2.15100000e-08  3.29971622e+00  2.15100000e-08  0.00000000e+00  2.15100000e-08  0.00000000e+00 
 2.15300000e-08  3.30000000e+00  2.15300000e-08  3.30000000e+00  2.15300000e-08  3.29962883e+00  2.15300000e-08  3.29971685e+00  2.15300000e-08  0.00000000e+00  2.15300000e-08  0.00000000e+00 
 2.15500000e-08  3.29999999e+00  2.15500000e-08  3.29999999e+00  2.15500000e-08  3.29962964e+00  2.15500000e-08  3.29971746e+00  2.15500000e-08  0.00000000e+00  2.15500000e-08  0.00000000e+00 
 2.15700000e-08  3.30000000e+00  2.15700000e-08  3.30000000e+00  2.15700000e-08  3.29963043e+00  2.15700000e-08  3.29971808e+00  2.15700000e-08  0.00000000e+00  2.15700000e-08  0.00000000e+00 
 2.15900000e-08  3.29999999e+00  2.15900000e-08  3.29999999e+00  2.15900000e-08  3.29963124e+00  2.15900000e-08  3.29971869e+00  2.15900000e-08  0.00000000e+00  2.15900000e-08  0.00000000e+00 
 2.16100000e-08  3.30000000e+00  2.16100000e-08  3.30000000e+00  2.16100000e-08  3.29963203e+00  2.16100000e-08  3.29971930e+00  2.16100000e-08  0.00000000e+00  2.16100000e-08  0.00000000e+00 
 2.16300000e-08  3.29999999e+00  2.16300000e-08  3.29999999e+00  2.16300000e-08  3.29963282e+00  2.16300000e-08  3.29971991e+00  2.16300000e-08  0.00000000e+00  2.16300000e-08  0.00000000e+00 
 2.16500000e-08  3.30000000e+00  2.16500000e-08  3.30000000e+00  2.16500000e-08  3.29963360e+00  2.16500000e-08  3.29972051e+00  2.16500000e-08  0.00000000e+00  2.16500000e-08  0.00000000e+00 
 2.16700000e-08  3.29999999e+00  2.16700000e-08  3.29999999e+00  2.16700000e-08  3.29963439e+00  2.16700000e-08  3.29972111e+00  2.16700000e-08  0.00000000e+00  2.16700000e-08  0.00000000e+00 
 2.16900000e-08  3.30000000e+00  2.16900000e-08  3.30000000e+00  2.16900000e-08  3.29963517e+00  2.16900000e-08  3.29972171e+00  2.16900000e-08  0.00000000e+00  2.16900000e-08  0.00000000e+00 
 2.17100000e-08  3.29999999e+00  2.17100000e-08  3.29999999e+00  2.17100000e-08  3.29963595e+00  2.17100000e-08  3.29972231e+00  2.17100000e-08  0.00000000e+00  2.17100000e-08  0.00000000e+00 
 2.17300000e-08  3.30000000e+00  2.17300000e-08  3.30000000e+00  2.17300000e-08  3.29963672e+00  2.17300000e-08  3.29972291e+00  2.17300000e-08  0.00000000e+00  2.17300000e-08  0.00000000e+00 
 2.17500000e-08  3.29999999e+00  2.17500000e-08  3.29999999e+00  2.17500000e-08  3.29963750e+00  2.17500000e-08  3.29972350e+00  2.17500000e-08  0.00000000e+00  2.17500000e-08  0.00000000e+00 
 2.17700000e-08  3.30000000e+00  2.17700000e-08  3.30000000e+00  2.17700000e-08  3.29963826e+00  2.17700000e-08  3.29972409e+00  2.17700000e-08  0.00000000e+00  2.17700000e-08  0.00000000e+00 
 2.17900000e-08  3.29999999e+00  2.17900000e-08  3.29999999e+00  2.17900000e-08  3.29963904e+00  2.17900000e-08  3.29972468e+00  2.17900000e-08  0.00000000e+00  2.17900000e-08  0.00000000e+00 
 2.18100000e-08  3.30000000e+00  2.18100000e-08  3.30000000e+00  2.18100000e-08  3.29963979e+00  2.18100000e-08  3.29972526e+00  2.18100000e-08  0.00000000e+00  2.18100000e-08  0.00000000e+00 
 2.18300000e-08  3.29999999e+00  2.18300000e-08  3.29999999e+00  2.18300000e-08  3.29964056e+00  2.18300000e-08  3.29972584e+00  2.18300000e-08  0.00000000e+00  2.18300000e-08  0.00000000e+00 
 2.18500000e-08  3.30000000e+00  2.18500000e-08  3.30000000e+00  2.18500000e-08  3.29964131e+00  2.18500000e-08  3.29972642e+00  2.18500000e-08  0.00000000e+00  2.18500000e-08  0.00000000e+00 
 2.18700000e-08  3.29999999e+00  2.18700000e-08  3.29999999e+00  2.18700000e-08  3.29964207e+00  2.18700000e-08  3.29972700e+00  2.18700000e-08  0.00000000e+00  2.18700000e-08  0.00000000e+00 
 2.18900000e-08  3.30000000e+00  2.18900000e-08  3.30000000e+00  2.18900000e-08  3.29964281e+00  2.18900000e-08  3.29972758e+00  2.18900000e-08  0.00000000e+00  2.18900000e-08  0.00000000e+00 
 2.19100000e-08  3.29999999e+00  2.19100000e-08  3.29999999e+00  2.19100000e-08  3.29964356e+00  2.19100000e-08  3.29972815e+00  2.19100000e-08  0.00000000e+00  2.19100000e-08  0.00000000e+00 
 2.19300000e-08  3.30000000e+00  2.19300000e-08  3.30000000e+00  2.19300000e-08  3.29964430e+00  2.19300000e-08  3.29972872e+00  2.19300000e-08  0.00000000e+00  2.19300000e-08  0.00000000e+00 
 2.19500000e-08  3.29999999e+00  2.19500000e-08  3.29999999e+00  2.19500000e-08  3.29964505e+00  2.19500000e-08  3.29972929e+00  2.19500000e-08  0.00000000e+00  2.19500000e-08  0.00000000e+00 
 2.19700000e-08  3.30000000e+00  2.19700000e-08  3.30000000e+00  2.19700000e-08  3.29964578e+00  2.19700000e-08  3.29972986e+00  2.19700000e-08  0.00000000e+00  2.19700000e-08  0.00000000e+00 
 2.19850000e-08  3.29999999e+00  2.19850000e-08  3.29999999e+00  2.19850000e-08  3.29964634e+00  2.19850000e-08  3.29973028e+00  2.19850000e-08  0.00000000e+00  2.19850000e-08  0.00000000e+00 
 2.20000000e-08  3.30000000e+00  2.20000000e-08  3.30000000e+00  2.20000000e-08  3.29964688e+00  2.20000000e-08  3.29973070e+00  2.20000000e-08  0.00000000e+00  2.20000000e-08  0.00000000e+00 
 2.20020000e-08  3.30000799e+00  2.20020000e-08  3.30000799e+00  2.20020000e-08  3.30225741e+00  2.20020000e-08  3.30234329e+00  2.20020000e-08  6.60000000e-02  2.20020000e-08  0.00000000e+00 
 2.20060000e-08  3.30001877e+00  2.20060000e-08  3.30001878e+00  2.20060000e-08  3.30738739e+00  2.20060000e-08  3.30747564e+00  2.20060000e-08  1.98000000e-01  2.20060000e-08  0.00000000e+00 
 2.20140000e-08  3.30002102e+00  2.20140000e-08  3.30002103e+00  2.20140000e-08  3.31708842e+00  2.20140000e-08  3.31718169e+00  2.20140000e-08  4.62000000e-01  2.20140000e-08  0.00000000e+00 
 2.20300000e-08  3.30000807e+00  2.20300000e-08  3.30000811e+00  2.20300000e-08  3.33468773e+00  2.20300000e-08  3.33481325e+00  2.20300000e-08  9.90000000e-01  2.20300000e-08  0.00000000e+00 
 2.20500000e-08  3.30000027e+00  2.20500000e-08  3.30000026e+00  2.20500000e-08  3.35539401e+00  2.20500000e-08  3.35553968e+00  2.20500000e-08  1.65000000e+00  2.20500000e-08  0.00000000e+00 
 2.20700000e-08  3.30000258e+00  2.20700000e-08  3.30000248e+00  2.20700000e-08  3.37758161e+00  2.20700000e-08  3.37767273e+00  2.20700000e-08  2.31000000e+00  2.20700000e-08  0.00000000e+00 
 2.20850000e-08  3.30000059e+00  2.20850000e-08  3.30000048e+00  2.20850000e-08  3.39395130e+00  2.20850000e-08  3.39395533e+00  2.20850000e-08  2.80500000e+00  2.20850000e-08  0.00000000e+00 
 2.21000000e-08  3.29998554e+00  2.21000000e-08  3.29998538e+00  2.21000000e-08  3.40140805e+00  2.21000000e-08  3.40126091e+00  2.21000000e-08  3.30000000e+00  2.21000000e-08  0.00000000e+00 
 2.21020000e-08  3.29998503e+00  2.21020000e-08  3.29998478e+00  2.21020000e-08  3.40183673e+00  2.21020000e-08  3.40164025e+00  2.21020000e-08  3.30000000e+00  2.21020000e-08  0.00000000e+00 
 2.21060000e-08  3.29998524e+00  2.21060000e-08  3.29998485e+00  2.21060000e-08  3.40277675e+00  2.21060000e-08  3.40247341e+00  2.21060000e-08  3.30000000e+00  2.21060000e-08  0.00000000e+00 
 2.21140000e-08  3.29998916e+00  2.21140000e-08  3.29998866e+00  2.21140000e-08  3.40496746e+00  2.21140000e-08  3.40442411e+00  2.21140000e-08  3.30000000e+00  2.21140000e-08  0.00000000e+00 
 2.21300000e-08  3.29999753e+00  2.21300000e-08  3.29999711e+00  2.21300000e-08  3.41047782e+00  2.21300000e-08  3.40938926e+00  2.21300000e-08  3.30000000e+00  2.21300000e-08  0.00000000e+00 
 2.21500000e-08  3.30000129e+00  2.21500000e-08  3.30000125e+00  2.21500000e-08  3.41863976e+00  2.21500000e-08  3.41692081e+00  2.21500000e-08  3.30000000e+00  2.21500000e-08  0.00000000e+00 
 2.21700000e-08  3.29999932e+00  2.21700000e-08  3.29999980e+00  2.21700000e-08  3.42638677e+00  2.21700000e-08  3.42436192e+00  2.21700000e-08  3.30000000e+00  2.21700000e-08  0.00000000e+00 
 2.21900000e-08  3.29999633e+00  2.21900000e-08  3.29999723e+00  2.21900000e-08  3.43167316e+00  2.21900000e-08  3.42986607e+00  2.21900000e-08  3.30000000e+00  2.21900000e-08  0.00000000e+00 
 2.22100000e-08  3.29999393e+00  2.22100000e-08  3.29999497e+00  2.22100000e-08  3.43298527e+00  2.22100000e-08  3.43198756e+00  2.22100000e-08  3.30000000e+00  2.22100000e-08  0.00000000e+00 
 2.22300000e-08  3.29999288e+00  2.22300000e-08  3.29999385e+00  2.22300000e-08  3.42946741e+00  2.22300000e-08  3.42985136e+00  2.22300000e-08  3.30000000e+00  2.22300000e-08  0.00000000e+00 
 2.22500000e-08  3.29999252e+00  2.22500000e-08  3.29999329e+00  2.22500000e-08  3.42080790e+00  2.22500000e-08  3.42308770e+00  2.22500000e-08  3.30000000e+00  2.22500000e-08  0.00000000e+00 
 2.22700000e-08  3.29999311e+00  2.22700000e-08  3.29999356e+00  2.22700000e-08  3.40708029e+00  2.22700000e-08  3.41170116e+00  2.22700000e-08  3.30000000e+00  2.22700000e-08  0.00000000e+00 
 2.22900000e-08  3.29999419e+00  2.22900000e-08  3.29999435e+00  2.22900000e-08  3.38860115e+00  2.22900000e-08  3.39594065e+00  2.22900000e-08  3.30000000e+00  2.22900000e-08  0.00000000e+00 
 2.23100000e-08  3.29999543e+00  2.23100000e-08  3.29999539e+00  2.23100000e-08  3.36582327e+00  2.23100000e-08  3.37619603e+00  2.23100000e-08  3.30000000e+00  2.23100000e-08  0.00000000e+00 
 2.23300000e-08  3.29999662e+00  2.23300000e-08  3.29999647e+00  2.23300000e-08  3.33925993e+00  2.23300000e-08  3.35292290e+00  2.23300000e-08  3.30000000e+00  2.23300000e-08  0.00000000e+00 
 2.23500000e-08  3.29999763e+00  2.23500000e-08  3.29999746e+00  2.23500000e-08  3.30943418e+00  2.23500000e-08  3.32659225e+00  2.23500000e-08  3.30000000e+00  2.23500000e-08  0.00000000e+00 
 2.23700000e-08  3.29999842e+00  2.23700000e-08  3.29999828e+00  2.23700000e-08  3.27684695e+00  2.23700000e-08  3.29765848e+00  2.23700000e-08  3.30000000e+00  2.23700000e-08  0.00000000e+00 
 2.23900000e-08  3.29999902e+00  2.23900000e-08  3.29999892e+00  2.23900000e-08  3.24195671e+00  2.23900000e-08  3.26654219e+00  2.23900000e-08  3.30000000e+00  2.23900000e-08  0.00000000e+00 
 2.24100000e-08  3.29999946e+00  2.24100000e-08  3.29999939e+00  2.24100000e-08  3.20517203e+00  2.24100000e-08  3.23361860e+00  2.24100000e-08  3.30000000e+00  2.24100000e-08  0.00000000e+00 
 2.24300000e-08  3.29999978e+00  2.24300000e-08  3.29999973e+00  2.24300000e-08  3.16684662e+00  2.24300000e-08  3.19921685e+00  2.24300000e-08  3.30000000e+00  2.24300000e-08  0.00000000e+00 
 2.24500000e-08  3.30000002e+00  2.24500000e-08  3.29999998e+00  2.24500000e-08  3.12728127e+00  2.24500000e-08  3.16361794e+00  2.24500000e-08  3.30000000e+00  2.24500000e-08  0.00000000e+00 
 2.24700000e-08  3.30000019e+00  2.24700000e-08  3.30000016e+00  2.24700000e-08  3.08672893e+00  2.24700000e-08  3.12705918e+00  2.24700000e-08  3.30000000e+00  2.24700000e-08  0.00000000e+00 
 2.24900000e-08  3.30000030e+00  2.24900000e-08  3.30000027e+00  2.24900000e-08  3.04540043e+00  2.24900000e-08  3.08973891e+00  2.24900000e-08  3.30000000e+00  2.24900000e-08  0.00000000e+00 
 2.25100000e-08  3.30000036e+00  2.25100000e-08  3.30000035e+00  2.25100000e-08  3.00347007e+00  2.25100000e-08  3.05182149e+00  2.25100000e-08  3.30000000e+00  2.25100000e-08  0.00000000e+00 
 2.25300000e-08  3.30000040e+00  2.25300000e-08  3.30000039e+00  2.25300000e-08  2.96108096e+00  2.25300000e-08  3.01344213e+00  2.25300000e-08  3.30000000e+00  2.25300000e-08  0.00000000e+00 
 2.25500000e-08  3.30000042e+00  2.25500000e-08  3.30000041e+00  2.25500000e-08  2.91835022e+00  2.25500000e-08  2.97471167e+00  2.25500000e-08  3.30000000e+00  2.25500000e-08  0.00000000e+00 
 2.25700000e-08  3.30000043e+00  2.25700000e-08  3.30000042e+00  2.25700000e-08  2.87537332e+00  2.25700000e-08  2.93572050e+00  2.25700000e-08  3.30000000e+00  2.25700000e-08  0.00000000e+00 
 2.25900000e-08  3.30000044e+00  2.25900000e-08  3.30000041e+00  2.25900000e-08  2.83222810e+00  2.25900000e-08  2.89654229e+00  2.25900000e-08  3.30000000e+00  2.25900000e-08  0.00000000e+00 
 2.26100000e-08  3.30000043e+00  2.26100000e-08  3.30000041e+00  2.26100000e-08  2.78897787e+00  2.26100000e-08  2.85723688e+00  2.26100000e-08  3.30000000e+00  2.26100000e-08  0.00000000e+00 
 2.26300000e-08  3.30000043e+00  2.26300000e-08  3.30000040e+00  2.26300000e-08  2.74567435e+00  2.26300000e-08  2.81785300e+00  2.26300000e-08  3.30000000e+00  2.26300000e-08  0.00000000e+00 
 2.26500000e-08  3.30000042e+00  2.26500000e-08  3.30000039e+00  2.26500000e-08  2.70235967e+00  2.26500000e-08  2.77843025e+00  2.26500000e-08  3.30000000e+00  2.26500000e-08  0.00000000e+00 
 2.26700000e-08  3.30000041e+00  2.26700000e-08  3.30000038e+00  2.26700000e-08  2.65906849e+00  2.26700000e-08  2.73900099e+00  2.26700000e-08  3.30000000e+00  2.26700000e-08  0.00000000e+00 
 2.26900000e-08  3.30000040e+00  2.26900000e-08  3.30000037e+00  2.26900000e-08  2.61582924e+00  2.26900000e-08  2.69959164e+00  2.26900000e-08  3.30000000e+00  2.26900000e-08  0.00000000e+00 
 2.27100000e-08  3.30000039e+00  2.27100000e-08  3.30000036e+00  2.27100000e-08  2.57266558e+00  2.27100000e-08  2.66022399e+00  2.27100000e-08  3.30000000e+00  2.27100000e-08  0.00000000e+00 
 2.27300000e-08  3.30000038e+00  2.27300000e-08  3.30000035e+00  2.27300000e-08  2.52959720e+00  2.27300000e-08  2.62091599e+00  2.27300000e-08  3.30000000e+00  2.27300000e-08  0.00000000e+00 
 2.27500000e-08  3.30000037e+00  2.27500000e-08  3.30000033e+00  2.27500000e-08  2.48664080e+00  2.27500000e-08  2.58168265e+00  2.27500000e-08  3.30000000e+00  2.27500000e-08  0.00000000e+00 
 2.27700000e-08  3.30000036e+00  2.27700000e-08  3.30000032e+00  2.27700000e-08  2.44381057e+00  2.27700000e-08  2.54253652e+00  2.27700000e-08  3.30000000e+00  2.27700000e-08  0.00000000e+00 
 2.27900000e-08  3.30000035e+00  2.27900000e-08  3.30000031e+00  2.27900000e-08  2.40111889e+00  2.27900000e-08  2.50348836e+00  2.27900000e-08  3.30000000e+00  2.27900000e-08  0.00000000e+00 
 2.28100000e-08  3.30000034e+00  2.28100000e-08  3.30000030e+00  2.28100000e-08  2.35857661e+00  2.28100000e-08  2.46454735e+00  2.28100000e-08  3.30000000e+00  2.28100000e-08  0.00000000e+00 
 2.28300000e-08  3.30000033e+00  2.28300000e-08  3.30000030e+00  2.28300000e-08  2.31619358e+00  2.28300000e-08  2.42572162e+00  2.28300000e-08  3.30000000e+00  2.28300000e-08  0.00000000e+00 
 2.28500000e-08  3.30000033e+00  2.28500000e-08  3.30000029e+00  2.28500000e-08  2.27397874e+00  2.28500000e-08  2.38701832e+00  2.28500000e-08  3.30000000e+00  2.28500000e-08  0.00000000e+00 
 2.28700000e-08  3.30000032e+00  2.28700000e-08  3.30000028e+00  2.28700000e-08  2.23194059e+00  2.28700000e-08  2.34844404e+00  2.28700000e-08  3.30000000e+00  2.28700000e-08  0.00000000e+00 
 2.28900000e-08  3.30000031e+00  2.28900000e-08  3.30000027e+00  2.28900000e-08  2.19008718e+00  2.28900000e-08  2.31000480e+00  2.28900000e-08  3.30000000e+00  2.28900000e-08  0.00000000e+00 
 2.29100000e-08  3.30000031e+00  2.29100000e-08  3.30000027e+00  2.29100000e-08  2.14842648e+00  2.29100000e-08  2.27170637e+00  2.29100000e-08  3.30000000e+00  2.29100000e-08  0.00000000e+00 
 2.29300000e-08  3.30000031e+00  2.29300000e-08  3.30000026e+00  2.29300000e-08  2.10696634e+00  2.29300000e-08  2.23355427e+00  2.29300000e-08  3.30000000e+00  2.29300000e-08  0.00000000e+00 
 2.29500000e-08  3.30000030e+00  2.29500000e-08  3.30000026e+00  2.29500000e-08  2.06571484e+00  2.29500000e-08  2.19555399e+00  2.29500000e-08  3.30000000e+00  2.29500000e-08  0.00000000e+00 
 2.29700000e-08  3.30000030e+00  2.29700000e-08  3.30000025e+00  2.29700000e-08  2.02468016e+00  2.29700000e-08  2.15771094e+00  2.29700000e-08  3.30000000e+00  2.29700000e-08  0.00000000e+00 
 2.29900000e-08  3.30000030e+00  2.29900000e-08  3.30000025e+00  2.29900000e-08  1.98387092e+00  2.29900000e-08  2.12003071e+00  2.29900000e-08  3.30000000e+00  2.29900000e-08  0.00000000e+00 
 2.30100000e-08  3.30000030e+00  2.30100000e-08  3.30000025e+00  2.30100000e-08  1.94329596e+00  2.30100000e-08  2.08251891e+00  2.30100000e-08  3.30000000e+00  2.30100000e-08  0.00000000e+00 
 2.30300000e-08  3.30000030e+00  2.30300000e-08  3.30000025e+00  2.30300000e-08  1.90296445e+00  2.30300000e-08  2.04518143e+00  2.30300000e-08  3.30000000e+00  2.30300000e-08  0.00000000e+00 
 2.30500000e-08  3.30000030e+00  2.30500000e-08  3.30000024e+00  2.30500000e-08  1.86288535e+00  2.30500000e-08  2.00802426e+00  2.30500000e-08  3.30000000e+00  2.30500000e-08  0.00000000e+00 
 2.30700000e-08  3.30000030e+00  2.30700000e-08  3.30000024e+00  2.30700000e-08  1.82306640e+00  2.30700000e-08  1.97105369e+00  2.30700000e-08  3.30000000e+00  2.30700000e-08  0.00000000e+00 
 2.30900000e-08  3.30000030e+00  2.30900000e-08  3.30000024e+00  2.30900000e-08  1.78351237e+00  2.30900000e-08  1.93427610e+00  2.30900000e-08  3.30000000e+00  2.30900000e-08  0.00000000e+00 
 2.31100000e-08  3.30000029e+00  2.31100000e-08  3.30000024e+00  2.31100000e-08  1.74422603e+00  2.31100000e-08  1.89769802e+00  2.31100000e-08  3.30000000e+00  2.31100000e-08  0.00000000e+00 
 2.31300000e-08  3.30000029e+00  2.31300000e-08  3.30000024e+00  2.31300000e-08  1.70520537e+00  2.31300000e-08  1.86132576e+00  2.31300000e-08  3.30000000e+00  2.31300000e-08  0.00000000e+00 
 2.31500000e-08  3.30000028e+00  2.31500000e-08  3.30000024e+00  2.31500000e-08  1.66644300e+00  2.31500000e-08  1.82516518e+00  2.31500000e-08  3.30000000e+00  2.31500000e-08  0.00000000e+00 
 2.31700000e-08  3.30000026e+00  2.31700000e-08  3.30000024e+00  2.31700000e-08  1.62792652e+00  2.31700000e-08  1.78922051e+00  2.31700000e-08  3.30000000e+00  2.31700000e-08  0.00000000e+00 
 2.31900000e-08  3.30000025e+00  2.31900000e-08  3.30000024e+00  2.31900000e-08  1.58964057e+00  2.31900000e-08  1.75349331e+00  2.31900000e-08  3.30000000e+00  2.31900000e-08  0.00000000e+00 
 2.32100000e-08  3.30000023e+00  2.32100000e-08  3.30000024e+00  2.32100000e-08  1.55156899e+00  2.32100000e-08  1.71798327e+00  2.32100000e-08  3.30000000e+00  2.32100000e-08  0.00000000e+00 
 2.32300000e-08  3.30000022e+00  2.32300000e-08  3.30000023e+00  2.32300000e-08  1.51369715e+00  2.32300000e-08  1.68268671e+00  2.32300000e-08  3.30000000e+00  2.32300000e-08  0.00000000e+00 
 2.32500000e-08  3.30000021e+00  2.32500000e-08  3.30000022e+00  2.32500000e-08  1.47601299e+00  2.32500000e-08  1.64759629e+00  2.32500000e-08  3.30000000e+00  2.32500000e-08  0.00000000e+00 
 2.32700000e-08  3.30000020e+00  2.32700000e-08  3.30000021e+00  2.32700000e-08  1.43850758e+00  2.32700000e-08  1.61270177e+00  2.32700000e-08  3.30000000e+00  2.32700000e-08  0.00000000e+00 
 2.32900000e-08  3.30000019e+00  2.32900000e-08  3.30000020e+00  2.32900000e-08  1.40117477e+00  2.32900000e-08  1.57799117e+00  2.32900000e-08  3.30000000e+00  2.32900000e-08  0.00000000e+00 
 2.33100000e-08  3.30000018e+00  2.33100000e-08  3.30000019e+00  2.33100000e-08  1.36401093e+00  2.33100000e-08  1.54345240e+00  2.33100000e-08  3.30000000e+00  2.33100000e-08  0.00000000e+00 
 2.33300000e-08  3.30000018e+00  2.33300000e-08  3.30000018e+00  2.33300000e-08  1.32701430e+00  2.33300000e-08  1.50907439e+00  2.33300000e-08  3.30000000e+00  2.33300000e-08  0.00000000e+00 
 2.33500000e-08  3.30000018e+00  2.33500000e-08  3.30000017e+00  2.33500000e-08  1.29018483e+00  2.33500000e-08  1.47484790e+00  2.33500000e-08  3.30000000e+00  2.33500000e-08  0.00000000e+00 
 2.33700000e-08  3.30000017e+00  2.33700000e-08  3.30000016e+00  2.33700000e-08  1.25352368e+00  2.33700000e-08  1.44076572e+00  2.33700000e-08  3.30000000e+00  2.33700000e-08  0.00000000e+00 
 2.33900000e-08  3.30000017e+00  2.33900000e-08  3.30000015e+00  2.33900000e-08  1.21703332e+00  2.33900000e-08  1.40682266e+00  2.33900000e-08  3.30000000e+00  2.33900000e-08  0.00000000e+00 
 2.34100000e-08  3.30000018e+00  2.34100000e-08  3.30000015e+00  2.34100000e-08  1.18071729e+00  2.34100000e-08  1.37301522e+00  2.34100000e-08  3.30000000e+00  2.34100000e-08  0.00000000e+00 
 2.34300000e-08  3.30000018e+00  2.34300000e-08  3.30000014e+00  2.34300000e-08  1.14458053e+00  2.34300000e-08  1.33934137e+00  2.34300000e-08  3.30000000e+00  2.34300000e-08  0.00000000e+00 
 2.34500000e-08  3.30000018e+00  2.34500000e-08  3.30000014e+00  2.34500000e-08  1.10862952e+00  2.34500000e-08  1.30580020e+00  2.34500000e-08  3.30000000e+00  2.34500000e-08  0.00000000e+00 
 2.34700000e-08  3.30000018e+00  2.34700000e-08  3.30000014e+00  2.34700000e-08  1.07287299e+00  2.34700000e-08  1.27239184e+00  2.34700000e-08  3.30000000e+00  2.34700000e-08  0.00000000e+00 
 2.34900000e-08  3.30000019e+00  2.34900000e-08  3.30000014e+00  2.34900000e-08  1.03732277e+00  2.34900000e-08  1.23911716e+00  2.34900000e-08  3.30000000e+00  2.34900000e-08  0.00000000e+00 
 2.35100000e-08  3.30000020e+00  2.35100000e-08  3.30000014e+00  2.35100000e-08  1.00199563e+00  2.35100000e-08  1.20597786e+00  2.35100000e-08  3.30000000e+00  2.35100000e-08  0.00000000e+00 
 2.35300000e-08  3.30000022e+00  2.35300000e-08  3.30000014e+00  2.35300000e-08  9.66916202e-01  2.35300000e-08  1.17297635e+00  2.35300000e-08  3.30000000e+00  2.35300000e-08  0.00000000e+00 
 2.35500000e-08  3.30000024e+00  2.35500000e-08  3.30000014e+00  2.35500000e-08  9.32122813e-01  2.35500000e-08  1.14011602e+00  2.35500000e-08  3.30000000e+00  2.35500000e-08  0.00000000e+00 
 2.35700000e-08  3.30000028e+00  2.35700000e-08  3.30000014e+00  2.35700000e-08  8.97678710e-01  2.35700000e-08  1.10740136e+00  2.35700000e-08  3.30000000e+00  2.35700000e-08  0.00000000e+00 
 2.35900000e-08  3.30000036e+00  2.35900000e-08  3.30000015e+00  2.35900000e-08  8.63696583e-01  2.35900000e-08  1.07483899e+00  2.35900000e-08  3.30000000e+00  2.35900000e-08  0.00000000e+00 
 2.36100000e-08  3.30000051e+00  2.36100000e-08  3.30000016e+00  2.36100000e-08  8.30395362e-01  2.36100000e-08  1.04243999e+00  2.36100000e-08  3.30000000e+00  2.36100000e-08  0.00000000e+00 
 2.36300000e-08  3.30000082e+00  2.36300000e-08  3.30000018e+00  2.36300000e-08  7.98234486e-01  2.36300000e-08  1.01022785e+00  2.36300000e-08  3.30000000e+00  2.36300000e-08  0.00000000e+00 
 2.36500000e-08  3.30000143e+00  2.36500000e-08  3.30000022e+00  2.36500000e-08  7.68124047e-01  2.36500000e-08  9.78250698e-01  2.36500000e-08  3.30000000e+00  2.36500000e-08  0.00000000e+00 
 2.36700000e-08  3.30000232e+00  2.36700000e-08  3.30000027e+00  2.36700000e-08  7.41342278e-01  2.36700000e-08  9.46565674e-01  2.36700000e-08  3.30000000e+00  2.36700000e-08  0.00000000e+00 
 2.36900000e-08  3.30000302e+00  2.36900000e-08  3.30000028e+00  2.36900000e-08  7.18829386e-01  2.36900000e-08  9.15186095e-01  2.36900000e-08  3.30000000e+00  2.36900000e-08  0.00000000e+00 
 2.37100000e-08  3.30000310e+00  2.37100000e-08  3.30000022e+00  2.37100000e-08  7.00569569e-01  2.37100000e-08  8.84066030e-01  2.37100000e-08  3.30000000e+00  2.37100000e-08  0.00000000e+00 
 2.37300000e-08  3.30000265e+00  2.37300000e-08  3.30000016e+00  2.37300000e-08  6.85827670e-01  2.37300000e-08  8.53149903e-01  2.37300000e-08  3.30000000e+00  2.37300000e-08  0.00000000e+00 
 2.37500000e-08  3.30000204e+00  2.37500000e-08  3.30000017e+00  2.37500000e-08  6.73734204e-01  2.37500000e-08  8.22461095e-01  2.37500000e-08  3.30000000e+00  2.37500000e-08  0.00000000e+00 
 2.37700000e-08  3.30000152e+00  2.37700000e-08  3.30000033e+00  2.37700000e-08  6.63588388e-01  2.37700000e-08  7.92251778e-01  2.37700000e-08  3.30000000e+00  2.37700000e-08  0.00000000e+00 
 2.37900000e-08  3.30000114e+00  2.37900000e-08  3.30000080e+00  2.37900000e-08  6.54896367e-01  2.37900000e-08  7.63221513e-01  2.37900000e-08  3.30000000e+00  2.37900000e-08  0.00000000e+00 
 2.38100000e-08  3.30000089e+00  2.38100000e-08  3.30000159e+00  2.38100000e-08  6.47314377e-01  2.38100000e-08  7.36527159e-01  2.38100000e-08  3.30000000e+00  2.38100000e-08  0.00000000e+00 
 2.38300000e-08  3.30000068e+00  2.38300000e-08  3.30000236e+00  2.38300000e-08  6.40579792e-01  2.38300000e-08  7.13222262e-01  2.38300000e-08  3.30000000e+00  2.38300000e-08  0.00000000e+00 
 2.38500000e-08  3.30000049e+00  2.38500000e-08  3.30000264e+00  2.38500000e-08  6.34472042e-01  2.38500000e-08  6.93588490e-01  2.38500000e-08  3.30000000e+00  2.38500000e-08  0.00000000e+00 
 2.38700000e-08  3.30000033e+00  2.38700000e-08  3.30000238e+00  2.38700000e-08  6.28805304e-01  2.38700000e-08  6.77157744e-01  2.38700000e-08  3.30000000e+00  2.38700000e-08  0.00000000e+00 
 2.38900000e-08  3.30000021e+00  2.38900000e-08  3.30000189e+00  2.38900000e-08  6.23429119e-01  2.38900000e-08  6.63203935e-01  2.38900000e-08  3.30000000e+00  2.38900000e-08  0.00000000e+00 
 2.39100000e-08  3.30000012e+00  2.39100000e-08  3.30000141e+00  2.39100000e-08  6.18228035e-01  2.39100000e-08  6.51084559e-01  2.39100000e-08  3.30000000e+00  2.39100000e-08  0.00000000e+00 
 2.39300000e-08  3.30000006e+00  2.39300000e-08  3.30000105e+00  2.39300000e-08  6.13118835e-01  2.39300000e-08  6.40325416e-01  2.39300000e-08  3.30000000e+00  2.39300000e-08  0.00000000e+00 
 2.39500000e-08  3.30000002e+00  2.39500000e-08  3.30000079e+00  2.39500000e-08  6.08045771e-01  2.39500000e-08  6.30595617e-01  2.39500000e-08  3.30000000e+00  2.39500000e-08  0.00000000e+00 
 2.39700000e-08  3.30000000e+00  2.39700000e-08  3.30000061e+00  2.39700000e-08  6.02974622e-01  2.39700000e-08  6.21664989e-01  2.39700000e-08  3.30000000e+00  2.39700000e-08  0.00000000e+00 
 2.39900000e-08  3.29999998e+00  2.39900000e-08  3.30000048e+00  2.39900000e-08  5.97887145e-01  2.39900000e-08  6.13369634e-01  2.39900000e-08  3.30000000e+00  2.39900000e-08  0.00000000e+00 
 2.40100000e-08  3.29999998e+00  2.40100000e-08  3.30000039e+00  2.40100000e-08  5.92776094e-01  2.40100000e-08  6.05591397e-01  2.40100000e-08  3.30000000e+00  2.40100000e-08  0.00000000e+00 
 2.40300000e-08  3.29999998e+00  2.40300000e-08  3.30000032e+00  2.40300000e-08  5.87641550e-01  2.40300000e-08  5.98242540e-01  2.40300000e-08  3.30000000e+00  2.40300000e-08  0.00000000e+00 
 2.40500000e-08  3.29999998e+00  2.40500000e-08  3.30000027e+00  2.40500000e-08  5.82488080e-01  2.40500000e-08  5.91254318e-01  2.40500000e-08  3.30000000e+00  2.40500000e-08  0.00000000e+00 
 2.40700000e-08  3.29999999e+00  2.40700000e-08  3.30000023e+00  2.40700000e-08  5.77322757e-01  2.40700000e-08  5.84572669e-01  2.40700000e-08  3.30000000e+00  2.40700000e-08  0.00000000e+00 
 2.40900000e-08  3.29999999e+00  2.40900000e-08  3.30000020e+00  2.40900000e-08  5.72153693e-01  2.40900000e-08  5.78154122e-01  2.40900000e-08  3.30000000e+00  2.40900000e-08  0.00000000e+00 
 2.41100000e-08  3.30000000e+00  2.41100000e-08  3.30000017e+00  2.41100000e-08  5.66989214e-01  2.41100000e-08  5.71963208e-01  2.41100000e-08  3.30000000e+00  2.41100000e-08  0.00000000e+00 
 2.41300000e-08  3.30000000e+00  2.41300000e-08  3.30000015e+00  2.41300000e-08  5.61837214e-01  2.41300000e-08  5.65970578e-01  2.41300000e-08  3.30000000e+00  2.41300000e-08  0.00000000e+00 
 2.41500000e-08  3.30000001e+00  2.41500000e-08  3.30000013e+00  2.41500000e-08  5.56704910e-01  2.41500000e-08  5.60151794e-01  2.41500000e-08  3.30000000e+00  2.41500000e-08  0.00000000e+00 
 2.41700000e-08  3.30000002e+00  2.41700000e-08  3.30000011e+00  2.41700000e-08  5.51598599e-01  2.41700000e-08  5.54486332e-01  2.41700000e-08  3.30000000e+00  2.41700000e-08  0.00000000e+00 
 2.41900000e-08  3.30000002e+00  2.41900000e-08  3.30000010e+00  2.41900000e-08  5.46523683e-01  2.41900000e-08  5.48956951e-01  2.41900000e-08  3.30000000e+00  2.41900000e-08  0.00000000e+00 
 2.42100000e-08  3.30000002e+00  2.42100000e-08  3.30000009e+00  2.42100000e-08  5.41484602e-01  2.42100000e-08  5.43549080e-01  2.42100000e-08  3.30000000e+00  2.42100000e-08  0.00000000e+00 
 2.42300000e-08  3.30000003e+00  2.42300000e-08  3.30000008e+00  2.42300000e-08  5.36484975e-01  2.42300000e-08  5.38250451e-01  2.42300000e-08  3.30000000e+00  2.42300000e-08  0.00000000e+00 
 2.42500000e-08  3.30000003e+00  2.42500000e-08  3.30000007e+00  2.42500000e-08  5.31527593e-01  2.42500000e-08  5.33050668e-01  2.42500000e-08  3.30000000e+00  2.42500000e-08  0.00000000e+00 
 2.42700000e-08  3.30000003e+00  2.42700000e-08  3.30000006e+00  2.42700000e-08  5.26614600e-01  2.42700000e-08  5.27940980e-01  2.42700000e-08  3.30000000e+00  2.42700000e-08  0.00000000e+00 
 2.42900000e-08  3.30000003e+00  2.42900000e-08  3.30000006e+00  2.42900000e-08  5.21747501e-01  2.42900000e-08  5.22913959e-01  2.42900000e-08  3.30000000e+00  2.42900000e-08  0.00000000e+00 
 2.43100000e-08  3.30000003e+00  2.43100000e-08  3.30000005e+00  2.43100000e-08  5.16927339e-01  2.43100000e-08  5.17963351e-01  2.43100000e-08  3.30000000e+00  2.43100000e-08  0.00000000e+00 
 2.43300000e-08  3.30000003e+00  2.43300000e-08  3.30000005e+00  2.43300000e-08  5.12154696e-01  2.43300000e-08  5.13083828e-01  2.43300000e-08  3.30000000e+00  2.43300000e-08  0.00000000e+00 
 2.43500000e-08  3.30000003e+00  2.43500000e-08  3.30000005e+00  2.43500000e-08  5.07429855e-01  2.43500000e-08  5.08270900e-01  2.43500000e-08  3.30000000e+00  2.43500000e-08  0.00000000e+00 
 2.43700000e-08  3.30000003e+00  2.43700000e-08  3.30000004e+00  2.43700000e-08  5.02752785e-01  2.43700000e-08  5.03520713e-01  2.43700000e-08  3.30000000e+00  2.43700000e-08  0.00000000e+00 
 2.43900000e-08  3.30000003e+00  2.43900000e-08  3.30000004e+00  2.43900000e-08  4.98123285e-01  2.43900000e-08  4.98830007e-01  2.43900000e-08  3.30000000e+00  2.43900000e-08  0.00000000e+00 
 2.44100000e-08  3.30000003e+00  2.44100000e-08  3.30000004e+00  2.44100000e-08  4.93540949e-01  2.44100000e-08  4.94195953e-01  2.44100000e-08  3.30000000e+00  2.44100000e-08  0.00000000e+00 
 2.44300000e-08  3.30000003e+00  2.44300000e-08  3.30000004e+00  2.44300000e-08  4.89005291e-01  2.44300000e-08  4.89616142e-01  2.44300000e-08  3.30000000e+00  2.44300000e-08  0.00000000e+00 
 2.44500000e-08  3.30000003e+00  2.44500000e-08  3.30000004e+00  2.44500000e-08  4.84515698e-01  2.44500000e-08  4.85088452e-01  2.44500000e-08  3.30000000e+00  2.44500000e-08  0.00000000e+00 
 2.44700000e-08  3.30000003e+00  2.44700000e-08  3.30000003e+00  2.44700000e-08  4.80071541e-01  2.44700000e-08  4.80611060e-01  2.44700000e-08  3.30000000e+00  2.44700000e-08  0.00000000e+00 
 2.44900000e-08  3.30000003e+00  2.44900000e-08  3.30000003e+00  2.44900000e-08  4.75672112e-01  2.44900000e-08  4.76182330e-01  2.44900000e-08  3.30000000e+00  2.44900000e-08  0.00000000e+00 
 2.45100000e-08  3.30000003e+00  2.45100000e-08  3.30000003e+00  2.45100000e-08  4.71316726e-01  2.45100000e-08  4.71800843e-01  2.45100000e-08  3.30000000e+00  2.45100000e-08  0.00000000e+00 
 2.45300000e-08  3.30000003e+00  2.45300000e-08  3.30000003e+00  2.45300000e-08  4.67004652e-01  2.45300000e-08  4.67465299e-01  2.45300000e-08  3.30000000e+00  2.45300000e-08  0.00000000e+00 
 2.45500000e-08  3.30000003e+00  2.45500000e-08  3.30000003e+00  2.45500000e-08  4.62735202e-01  2.45500000e-08  4.63174559e-01  2.45500000e-08  3.30000000e+00  2.45500000e-08  0.00000000e+00 
 2.45700000e-08  3.30000003e+00  2.45700000e-08  3.30000003e+00  2.45700000e-08  4.58507660e-01  2.45700000e-08  4.58927559e-01  2.45700000e-08  3.30000000e+00  2.45700000e-08  0.00000000e+00 
 2.45900000e-08  3.30000003e+00  2.45900000e-08  3.30000003e+00  2.45900000e-08  4.54321365e-01  2.45900000e-08  4.54723356e-01  2.45900000e-08  3.30000000e+00  2.45900000e-08  0.00000000e+00 
 2.46100000e-08  3.30000003e+00  2.46100000e-08  3.30000003e+00  2.46100000e-08  4.50175638e-01  2.46100000e-08  4.50561055e-01  2.46100000e-08  3.30000000e+00  2.46100000e-08  0.00000000e+00 
 2.46300000e-08  3.30000003e+00  2.46300000e-08  3.30000003e+00  2.46300000e-08  4.46069857e-01  2.46300000e-08  4.46439856e-01  2.46300000e-08  3.30000000e+00  2.46300000e-08  0.00000000e+00 
 2.46500000e-08  3.30000003e+00  2.46500000e-08  3.30000003e+00  2.46500000e-08  4.42003388e-01  2.46500000e-08  4.42358986e-01  2.46500000e-08  3.30000000e+00  2.46500000e-08  0.00000000e+00 
 2.46700000e-08  3.30000003e+00  2.46700000e-08  3.30000003e+00  2.46700000e-08  4.37975655e-01  2.46700000e-08  4.38317751e-01  2.46700000e-08  3.30000000e+00  2.46700000e-08  0.00000000e+00 
 2.46900000e-08  3.30000003e+00  2.46900000e-08  3.30000003e+00  2.46900000e-08  4.33986067e-01  2.46900000e-08  4.34315469e-01  2.46900000e-08  3.30000000e+00  2.46900000e-08  0.00000000e+00 
 2.47100000e-08  3.30000002e+00  2.47100000e-08  3.30000003e+00  2.47100000e-08  4.30034096e-01  2.47100000e-08  4.30351530e-01  2.47100000e-08  3.30000000e+00  2.47100000e-08  0.00000000e+00 
 2.47300000e-08  3.30000002e+00  2.47300000e-08  3.30000002e+00  2.47300000e-08  4.26119192e-01  2.47300000e-08  4.26425321e-01  2.47300000e-08  3.30000000e+00  2.47300000e-08  0.00000000e+00 
 2.47500000e-08  3.30000002e+00  2.47500000e-08  3.30000002e+00  2.47500000e-08  4.22240867e-01  2.47500000e-08  4.22536295e-01  2.47500000e-08  3.30000000e+00  2.47500000e-08  0.00000000e+00 
 2.47700000e-08  3.30000002e+00  2.47700000e-08  3.30000002e+00  2.47700000e-08  4.18398613e-01  2.47700000e-08  4.18683899e-01  2.47700000e-08  3.30000000e+00  2.47700000e-08  0.00000000e+00 
 2.47900000e-08  3.30000002e+00  2.47900000e-08  3.30000002e+00  2.47900000e-08  4.14591978e-01  2.47900000e-08  4.14867634e-01  2.47900000e-08  3.30000000e+00  2.47900000e-08  0.00000000e+00 
 2.48100000e-08  3.30000002e+00  2.48100000e-08  3.30000002e+00  2.48100000e-08  4.10820489e-01  2.48100000e-08  4.11086993e-01  2.48100000e-08  3.30000000e+00  2.48100000e-08  0.00000000e+00 
 2.48300000e-08  3.30000002e+00  2.48300000e-08  3.30000002e+00  2.48300000e-08  4.07083728e-01  2.48300000e-08  4.07341521e-01  2.48300000e-08  3.30000000e+00  2.48300000e-08  0.00000000e+00 
 2.48500000e-08  3.30000002e+00  2.48500000e-08  3.30000002e+00  2.48500000e-08  4.03381251e-01  2.48500000e-08  4.03630750e-01  2.48500000e-08  3.30000000e+00  2.48500000e-08  0.00000000e+00 
 2.48700000e-08  3.30000002e+00  2.48700000e-08  3.30000002e+00  2.48700000e-08  3.99712668e-01  2.48700000e-08  3.99954257e-01  2.48700000e-08  3.30000000e+00  2.48700000e-08  0.00000000e+00 
 2.48900000e-08  3.30000002e+00  2.48900000e-08  3.30000002e+00  2.48900000e-08  3.96077563e-01  2.48900000e-08  3.96311607e-01  2.48900000e-08  3.30000000e+00  2.48900000e-08  0.00000000e+00 
 2.49100000e-08  3.30000002e+00  2.49100000e-08  3.30000002e+00  2.49100000e-08  3.92475572e-01  2.49100000e-08  3.92702408e-01  2.49100000e-08  3.30000000e+00  2.49100000e-08  0.00000000e+00 
 2.49300000e-08  3.30000002e+00  2.49300000e-08  3.30000002e+00  2.49300000e-08  3.88906302e-01  2.49300000e-08  3.89126251e-01  2.49300000e-08  3.30000000e+00  2.49300000e-08  0.00000000e+00 
 2.49500000e-08  3.30000002e+00  2.49500000e-08  3.30000002e+00  2.49500000e-08  3.85369410e-01  2.49500000e-08  3.85582770e-01  2.49500000e-08  3.30000000e+00  2.49500000e-08  0.00000000e+00 
 2.49700000e-08  3.30000002e+00  2.49700000e-08  3.30000002e+00  2.49700000e-08  3.81864523e-01  2.49700000e-08  3.82071579e-01  2.49700000e-08  3.30000000e+00  2.49700000e-08  0.00000000e+00 
 2.49900000e-08  3.30000002e+00  2.49900000e-08  3.30000002e+00  2.49900000e-08  3.78391318e-01  2.49900000e-08  3.78592335e-01  2.49900000e-08  3.30000000e+00  2.49900000e-08  0.00000000e+00 
 2.50100000e-08  3.30000002e+00  2.50100000e-08  3.30000002e+00  2.50100000e-08  3.74949440e-01  2.50100000e-08  3.75144672e-01  2.50100000e-08  3.30000000e+00  2.50100000e-08  0.00000000e+00 
 2.50300000e-08  3.30000002e+00  2.50300000e-08  3.30000002e+00  2.50300000e-08  3.71538581e-01  2.50300000e-08  3.71728265e-01  2.50300000e-08  3.30000000e+00  2.50300000e-08  0.00000000e+00 
 2.50500000e-08  3.30000002e+00  2.50500000e-08  3.30000002e+00  2.50500000e-08  3.68158404e-01  2.50500000e-08  3.68342766e-01  2.50500000e-08  3.30000000e+00  2.50500000e-08  0.00000000e+00 
 2.50700000e-08  3.30000002e+00  2.50700000e-08  3.30000002e+00  2.50700000e-08  3.64808615e-01  2.50700000e-08  3.64987867e-01  2.50700000e-08  3.30000000e+00  2.50700000e-08  0.00000000e+00 
 2.50850000e-08  3.30000002e+00  2.50850000e-08  3.30000002e+00  2.50850000e-08  3.62316023e-01  2.50850000e-08  3.62491577e-01  2.50850000e-08  3.30000000e+00  2.50850000e-08  0.00000000e+00 
 2.51000000e-08  3.30000002e+00  2.51000000e-08  3.30000002e+00  2.51000000e-08  3.59840230e-01  2.51000000e-08  3.60012192e-01  2.51000000e-08  3.30000000e+00  2.51000000e-08  0.00000000e+00 
 2.51020000e-08  3.32133571e+00  2.51020000e-08  3.32133571e+00  2.51020000e-08  3.59596783e-01  2.51020000e-08  3.59768455e-01  2.51020000e-08  3.30000000e+00  2.51020000e-08  6.60000000e-02 
 2.51060000e-08  3.35610044e+00  2.51060000e-08  3.35610044e+00  2.51060000e-08  3.59077165e-01  2.51060000e-08  3.59248338e-01  2.51060000e-08  3.30000000e+00  2.51060000e-08  1.98000000e-01 
 2.51140000e-08  3.39509893e+00  2.51140000e-08  3.39509893e+00  2.51140000e-08  3.57911174e-01  2.51140000e-08  3.58081563e-01  2.51140000e-08  3.30000000e+00  2.51140000e-08  4.62000000e-01 
 2.51300000e-08  3.43011205e+00  2.51300000e-08  3.43011205e+00  2.51300000e-08  3.55282642e-01  2.51300000e-08  3.55450675e-01  2.51300000e-08  3.30000000e+00  2.51300000e-08  9.90000000e-01 
 2.51500000e-08  3.46573326e+00  2.51500000e-08  3.46573326e+00  2.51500000e-08  3.51193302e-01  2.51500000e-08  3.51353375e-01  2.51500000e-08  3.30000000e+00  2.51500000e-08  1.65000000e+00 
 2.51700000e-08  3.53471930e+00  2.51700000e-08  3.53471928e+00  2.51700000e-08  3.46277779e-01  2.51700000e-08  3.46422257e-01  2.51700000e-08  3.30000000e+00  2.51700000e-08  2.31000000e+00 
 2.51850000e-08  3.62531503e+00  2.51850000e-08  3.62531501e+00  2.51850000e-08  3.42762190e-01  2.51850000e-08  3.42892754e-01  2.51850000e-08  3.30000000e+00  2.51850000e-08  2.80500000e+00 
 2.52000000e-08  3.74053021e+00  2.52000000e-08  3.74053016e+00  2.52000000e-08  3.39872084e-01  2.52000000e-08  3.39991961e-01  2.52000000e-08  3.30000000e+00  2.52000000e-08  3.30000000e+00 
 2.52020000e-08  3.74050505e+00  2.52020000e-08  3.74050500e+00  2.52020000e-08  3.39471887e-01  2.52020000e-08  3.39590689e-01  2.52020000e-08  3.30000000e+00  2.52020000e-08  3.30000000e+00 
 2.52060000e-08  3.74044979e+00  2.52060000e-08  3.74044973e+00  2.52060000e-08  3.38714703e-01  2.52060000e-08  3.38831516e-01  2.52060000e-08  3.30000000e+00  2.52060000e-08  3.30000000e+00 
 2.52140000e-08  3.74034046e+00  2.52140000e-08  3.74034040e+00  2.52140000e-08  3.37385666e-01  2.52140000e-08  3.37499616e-01  2.52140000e-08  3.30000000e+00  2.52140000e-08  3.30000000e+00 
 2.52300000e-08  3.74012582e+00  2.52300000e-08  3.74012576e+00  2.52300000e-08  3.35034187e-01  2.52300000e-08  3.35146545e-01  2.52300000e-08  3.30000000e+00  2.52300000e-08  3.30000000e+00 
 2.52500000e-08  3.73985952e+00  2.52500000e-08  3.73985947e+00  2.52500000e-08  3.32184126e-01  2.52500000e-08  3.32299095e-01  2.52500000e-08  3.30000000e+00  2.52500000e-08  3.30000000e+00 
 2.52700000e-08  3.73959247e+00  2.52700000e-08  3.73959243e+00  2.52700000e-08  3.29258952e-01  2.52700000e-08  3.29377493e-01  2.52700000e-08  3.30000000e+00  2.52700000e-08  3.30000000e+00 
 2.52900000e-08  3.73932620e+00  2.52900000e-08  3.73932617e+00  2.52900000e-08  3.26293880e-01  2.52900000e-08  3.26414660e-01  2.52900000e-08  3.30000000e+00  2.52900000e-08  3.30000000e+00 
 2.53100000e-08  3.73906171e+00  2.53100000e-08  3.73906167e+00  2.53100000e-08  3.23331141e-01  2.53100000e-08  3.23452533e-01  2.53100000e-08  3.30000000e+00  2.53100000e-08  3.30000000e+00 
 2.53300000e-08  3.73879927e+00  2.53300000e-08  3.73879923e+00  2.53300000e-08  3.20387676e-01  2.53300000e-08  3.20508440e-01  2.53300000e-08  3.30000000e+00  2.53300000e-08  3.30000000e+00 
 2.53500000e-08  3.73853895e+00  2.53500000e-08  3.73853891e+00  2.53500000e-08  3.17468646e-01  2.53500000e-08  3.17587976e-01  2.53500000e-08  3.30000000e+00  2.53500000e-08  3.30000000e+00 
 2.53700000e-08  3.73828074e+00  2.53700000e-08  3.73828070e+00  2.53700000e-08  3.14575248e-01  2.53700000e-08  3.14692665e-01  2.53700000e-08  3.30000000e+00  2.53700000e-08  3.30000000e+00 
 2.53900000e-08  3.73802461e+00  2.53900000e-08  3.73802457e+00  2.53900000e-08  3.11707608e-01  2.53900000e-08  3.11822846e-01  2.53900000e-08  3.30000000e+00  2.53900000e-08  3.30000000e+00 
 2.54100000e-08  3.73777053e+00  2.54100000e-08  3.73777048e+00  2.54100000e-08  3.08865545e-01  2.54100000e-08  3.08978473e-01  2.54100000e-08  3.30000000e+00  2.54100000e-08  3.30000000e+00 
 2.54300000e-08  3.73751848e+00  2.54300000e-08  3.73751842e+00  2.54300000e-08  3.06048828e-01  2.54300000e-08  3.06159397e-01  2.54300000e-08  3.30000000e+00  2.54300000e-08  3.30000000e+00 
 2.54500000e-08  3.73726840e+00  2.54500000e-08  3.73726834e+00  2.54500000e-08  3.03257208e-01  2.54500000e-08  3.03365420e-01  2.54500000e-08  3.30000000e+00  2.54500000e-08  3.30000000e+00 
 2.54700000e-08  3.73702029e+00  2.54700000e-08  3.73702022e+00  2.54700000e-08  3.00490458e-01  2.54700000e-08  3.00596342e-01  2.54700000e-08  3.30000000e+00  2.54700000e-08  3.30000000e+00 
 2.54900000e-08  3.73677410e+00  2.54900000e-08  3.73677402e+00  2.54900000e-08  2.97748345e-01  2.54900000e-08  2.97851946e-01  2.54900000e-08  3.30000000e+00  2.54900000e-08  3.30000000e+00 
 2.55100000e-08  3.73652981e+00  2.55100000e-08  3.73652973e+00  2.55100000e-08  2.95030651e-01  2.55100000e-08  2.95132024e-01  2.55100000e-08  3.30000000e+00  2.55100000e-08  3.30000000e+00 
 2.55300000e-08  3.73628739e+00  2.55300000e-08  3.73628730e+00  2.55300000e-08  2.92337155e-01  2.55300000e-08  2.92436357e-01  2.55300000e-08  3.30000000e+00  2.55300000e-08  3.30000000e+00 
 2.55500000e-08  3.73604681e+00  2.55500000e-08  3.73604672e+00  2.55500000e-08  2.89667649e-01  2.55500000e-08  2.89764740e-01  2.55500000e-08  3.30000000e+00  2.55500000e-08  3.30000000e+00 
 2.55700000e-08  3.73580805e+00  2.55700000e-08  3.73580795e+00  2.55700000e-08  2.87021917e-01  2.55700000e-08  2.87116956e-01  2.55700000e-08  3.30000000e+00  2.55700000e-08  3.30000000e+00 
 2.55900000e-08  3.73557107e+00  2.55900000e-08  3.73557097e+00  2.55900000e-08  2.84399756e-01  2.55900000e-08  2.84492803e-01  2.55900000e-08  3.30000000e+00  2.55900000e-08  3.30000000e+00 
 2.56100000e-08  3.73533586e+00  2.56100000e-08  3.73533576e+00  2.56100000e-08  2.81800957e-01  2.56100000e-08  2.81892067e-01  2.56100000e-08  3.30000000e+00  2.56100000e-08  3.30000000e+00 
 2.56300000e-08  3.73510239e+00  2.56300000e-08  3.73510228e+00  2.56300000e-08  2.79225321e-01  2.56300000e-08  2.79314551e-01  2.56300000e-08  3.30000000e+00  2.56300000e-08  3.30000000e+00 
 2.56500000e-08  3.73487062e+00  2.56500000e-08  3.73487051e+00  2.56500000e-08  2.76672642e-01  2.56500000e-08  2.76760044e-01  2.56500000e-08  3.30000000e+00  2.56500000e-08  3.30000000e+00 
 2.56700000e-08  3.73464055e+00  2.56700000e-08  3.73464043e+00  2.56700000e-08  2.74142727e-01  2.56700000e-08  2.74228354e-01  2.56700000e-08  3.30000000e+00  2.56700000e-08  3.30000000e+00 
 2.56900000e-08  3.73441214e+00  2.56900000e-08  3.73441202e+00  2.56900000e-08  2.71635373e-01  2.56900000e-08  2.71719274e-01  2.56900000e-08  3.30000000e+00  2.56900000e-08  3.30000000e+00 
 2.57100000e-08  3.73418537e+00  2.57100000e-08  3.73418525e+00  2.57100000e-08  2.69150392e-01  2.57100000e-08  2.69232615e-01  2.57100000e-08  3.30000000e+00  2.57100000e-08  3.30000000e+00 
 2.57300000e-08  3.73396022e+00  2.57300000e-08  3.73396009e+00  2.57300000e-08  2.66687583e-01  2.57300000e-08  2.66768175e-01  2.57300000e-08  3.30000000e+00  2.57300000e-08  3.30000000e+00 
 2.57500000e-08  3.73373667e+00  2.57500000e-08  3.73373654e+00  2.57500000e-08  2.64246763e-01  2.57500000e-08  2.64325767e-01  2.57500000e-08  3.30000000e+00  2.57500000e-08  3.30000000e+00 
 2.57700000e-08  3.73351469e+00  2.57700000e-08  3.73351455e+00  2.57700000e-08  2.61827734e-01  2.57700000e-08  2.61905195e-01  2.57700000e-08  3.30000000e+00  2.57700000e-08  3.30000000e+00 
 2.57900000e-08  3.73329426e+00  2.57900000e-08  3.73329413e+00  2.57900000e-08  2.59430317e-01  2.57900000e-08  2.59506275e-01  2.57900000e-08  3.30000000e+00  2.57900000e-08  3.30000000e+00 
 2.58100000e-08  3.73307537e+00  2.58100000e-08  3.73307523e+00  2.58100000e-08  2.57054317e-01  2.58100000e-08  2.57128813e-01  2.58100000e-08  3.30000000e+00  2.58100000e-08  3.30000000e+00 
 2.58300000e-08  3.73285798e+00  2.58300000e-08  3.73285784e+00  2.58300000e-08  2.54699557e-01  2.58300000e-08  2.54772629e-01  2.58300000e-08  3.30000000e+00  2.58300000e-08  3.30000000e+00 
 2.58500000e-08  3.73264209e+00  2.58500000e-08  3.73264195e+00  2.58500000e-08  2.52365848e-01  2.58500000e-08  2.52437534e-01  2.58500000e-08  3.30000000e+00  2.58500000e-08  3.30000000e+00 
 2.58700000e-08  3.73242767e+00  2.58700000e-08  3.73242753e+00  2.58700000e-08  2.50053015e-01  2.58700000e-08  2.50123351e-01  2.58700000e-08  3.30000000e+00  2.58700000e-08  3.30000000e+00 
 2.58900000e-08  3.73221471e+00  2.58900000e-08  3.73221456e+00  2.58900000e-08  2.47760873e-01  2.58900000e-08  2.47829893e-01  2.58900000e-08  3.30000000e+00  2.58900000e-08  3.30000000e+00 
 2.59100000e-08  3.73200318e+00  2.59100000e-08  3.73200302e+00  2.59100000e-08  2.45489249e-01  2.59100000e-08  2.45556987e-01  2.59100000e-08  3.30000000e+00  2.59100000e-08  3.30000000e+00 
 2.59300000e-08  3.73179306e+00  2.59300000e-08  3.73179290e+00  2.59300000e-08  2.43237961e-01  2.59300000e-08  2.43304450e-01  2.59300000e-08  3.30000000e+00  2.59300000e-08  3.30000000e+00 
 2.59500000e-08  3.73158434e+00  2.59500000e-08  3.73158418e+00  2.59500000e-08  2.41006840e-01  2.59500000e-08  2.41072111e-01  2.59500000e-08  3.30000000e+00  2.59500000e-08  3.30000000e+00 
 2.59700000e-08  3.73137699e+00  2.59700000e-08  3.73137684e+00  2.59700000e-08  2.38795706e-01  2.59700000e-08  2.38859790e-01  2.59700000e-08  3.30000000e+00  2.59700000e-08  3.30000000e+00 
 2.59900000e-08  3.73117101e+00  2.59900000e-08  3.73117086e+00  2.59900000e-08  2.36604394e-01  2.59900000e-08  2.36667320e-01  2.59900000e-08  3.30000000e+00  2.59900000e-08  3.30000000e+00 
 2.60100000e-08  3.73096638e+00  2.60100000e-08  3.73096622e+00  2.60100000e-08  2.34432727e-01  2.60100000e-08  2.34494523e-01  2.60100000e-08  3.30000000e+00  2.60100000e-08  3.30000000e+00 
 2.60300000e-08  3.73076307e+00  2.60300000e-08  3.73076291e+00  2.60300000e-08  2.32280542e-01  2.60300000e-08  2.32341236e-01  2.60300000e-08  3.30000000e+00  2.60300000e-08  3.30000000e+00 
 2.60500000e-08  3.73056107e+00  2.60500000e-08  3.73056091e+00  2.60500000e-08  2.30147666e-01  2.60500000e-08  2.30207284e-01  2.60500000e-08  3.30000000e+00  2.60500000e-08  3.30000000e+00 
 2.60700000e-08  3.73036037e+00  2.60700000e-08  3.73036020e+00  2.60700000e-08  2.28033938e-01  2.60700000e-08  2.28092507e-01  2.60700000e-08  3.30000000e+00  2.60700000e-08  3.30000000e+00 
 2.60900000e-08  3.73016094e+00  2.60900000e-08  3.73016078e+00  2.60900000e-08  2.25939187e-01  2.60900000e-08  2.25996731e-01  2.60900000e-08  3.30000000e+00  2.60900000e-08  3.30000000e+00 
 2.61100000e-08  3.72996279e+00  2.61100000e-08  3.72996262e+00  2.61100000e-08  2.23863256e-01  2.61100000e-08  2.23919800e-01  2.61100000e-08  3.30000000e+00  2.61100000e-08  3.30000000e+00 
 2.61300000e-08  3.72976587e+00  2.61300000e-08  3.72976570e+00  2.61300000e-08  2.21805977e-01  2.61300000e-08  2.21861544e-01  2.61300000e-08  3.30000000e+00  2.61300000e-08  3.30000000e+00 
 2.61500000e-08  3.72957019e+00  2.61500000e-08  3.72957002e+00  2.61500000e-08  2.19767194e-01  2.61500000e-08  2.19821807e-01  2.61500000e-08  3.30000000e+00  2.61500000e-08  3.30000000e+00 
 2.61700000e-08  3.72937573e+00  2.61700000e-08  3.72937556e+00  2.61700000e-08  2.17746744e-01  2.61700000e-08  2.17800425e-01  2.61700000e-08  3.30000000e+00  2.61700000e-08  3.30000000e+00 
 2.61900000e-08  3.72918247e+00  2.61900000e-08  3.72918230e+00  2.61900000e-08  2.15744472e-01  2.61900000e-08  2.15797243e-01  2.61900000e-08  3.30000000e+00  2.61900000e-08  3.30000000e+00 
 2.62100000e-08  3.72899040e+00  2.62100000e-08  3.72899022e+00  2.62100000e-08  2.13760218e-01  2.62100000e-08  2.13812098e-01  2.62100000e-08  3.30000000e+00  2.62100000e-08  3.30000000e+00 
 2.62300000e-08  3.72879951e+00  2.62300000e-08  3.72879933e+00  2.62300000e-08  2.11793830e-01  2.62300000e-08  2.11844841e-01  2.62300000e-08  3.30000000e+00  2.62300000e-08  3.30000000e+00 
 2.62500000e-08  3.72860977e+00  2.62500000e-08  3.72860959e+00  2.62500000e-08  2.09845149e-01  2.62500000e-08  2.09895310e-01  2.62500000e-08  3.30000000e+00  2.62500000e-08  3.30000000e+00 
 2.62700000e-08  3.72842119e+00  2.62700000e-08  3.72842101e+00  2.62700000e-08  2.07914028e-01  2.62700000e-08  2.07963358e-01  2.62700000e-08  3.30000000e+00  2.62700000e-08  3.30000000e+00 
 2.62900000e-08  3.72823373e+00  2.62900000e-08  3.72823355e+00  2.62900000e-08  2.06000309e-01  2.62900000e-08  2.06048826e-01  2.62900000e-08  3.30000000e+00  2.62900000e-08  3.30000000e+00 
 2.63100000e-08  3.72804740e+00  2.63100000e-08  3.72804722e+00  2.63100000e-08  2.04103848e-01  2.63100000e-08  2.04151569e-01  2.63100000e-08  3.30000000e+00  2.63100000e-08  3.30000000e+00 
 2.63300000e-08  3.72786218e+00  2.63300000e-08  3.72786200e+00  2.63300000e-08  2.02224488e-01  2.63300000e-08  2.02271432e-01  2.63300000e-08  3.30000000e+00  2.63300000e-08  3.30000000e+00 
 2.63500000e-08  3.72767806e+00  2.63500000e-08  3.72767787e+00  2.63500000e-08  2.00362089e-01  2.63500000e-08  2.00408272e-01  2.63500000e-08  3.30000000e+00  2.63500000e-08  3.30000000e+00 
 2.63700000e-08  3.72749501e+00  2.63700000e-08  3.72749483e+00  2.63700000e-08  1.98516497e-01  2.63700000e-08  1.98561936e-01  2.63700000e-08  3.30000000e+00  2.63700000e-08  3.30000000e+00 
 2.63900000e-08  3.72731304e+00  2.63900000e-08  3.72731286e+00  2.63900000e-08  1.96687572e-01  2.63900000e-08  1.96732283e-01  2.63900000e-08  3.30000000e+00  2.63900000e-08  3.30000000e+00 
 2.64100000e-08  3.72713213e+00  2.64100000e-08  3.72713194e+00  2.64100000e-08  1.94875165e-01  2.64100000e-08  1.94919163e-01  2.64100000e-08  3.30000000e+00  2.64100000e-08  3.30000000e+00 
 2.64300000e-08  3.72695226e+00  2.64300000e-08  3.72695208e+00  2.64300000e-08  1.93079137e-01  2.64300000e-08  1.93122437e-01  2.64300000e-08  3.30000000e+00  2.64300000e-08  3.30000000e+00 
 2.64500000e-08  3.72677343e+00  2.64500000e-08  3.72677324e+00  2.64500000e-08  1.91299340e-01  2.64500000e-08  1.91341958e-01  2.64500000e-08  3.30000000e+00  2.64500000e-08  3.30000000e+00 
 2.64700000e-08  3.72659563e+00  2.64700000e-08  3.72659544e+00  2.64700000e-08  1.89535640e-01  2.64700000e-08  1.89577589e-01  2.64700000e-08  3.30000000e+00  2.64700000e-08  3.30000000e+00 
 2.64900000e-08  3.72641883e+00  2.64900000e-08  3.72641864e+00  2.64900000e-08  1.87787891e-01  2.64900000e-08  1.87829185e-01  2.64900000e-08  3.30000000e+00  2.64900000e-08  3.30000000e+00 
 2.65100000e-08  3.72624304e+00  2.65100000e-08  3.72624285e+00  2.65100000e-08  1.86055960e-01  2.65100000e-08  1.86096612e-01  2.65100000e-08  3.30000000e+00  2.65100000e-08  3.30000000e+00 
 2.65300000e-08  3.72606824e+00  2.65300000e-08  3.72606805e+00  2.65300000e-08  1.84339702e-01  2.65300000e-08  1.84379726e-01  2.65300000e-08  3.30000000e+00  2.65300000e-08  3.30000000e+00 
 2.65500000e-08  3.72589442e+00  2.65500000e-08  3.72589423e+00  2.65500000e-08  1.82638989e-01  2.65500000e-08  1.82678398e-01  2.65500000e-08  3.30000000e+00  2.65500000e-08  3.30000000e+00 
 2.65700000e-08  3.72572157e+00  2.65700000e-08  3.72572138e+00  2.65700000e-08  1.80953678e-01  2.65700000e-08  1.80992483e-01  2.65700000e-08  3.30000000e+00  2.65700000e-08  3.30000000e+00 
 2.65900000e-08  3.72554968e+00  2.65900000e-08  3.72554949e+00  2.65900000e-08  1.79283641e-01  2.65900000e-08  1.79321855e-01  2.65900000e-08  3.30000000e+00  2.65900000e-08  3.30000000e+00 
 2.66100000e-08  3.72537874e+00  2.66100000e-08  3.72537855e+00  2.66100000e-08  1.77628738e-01  2.66100000e-08  1.77666374e-01  2.66100000e-08  3.30000000e+00  2.66100000e-08  3.30000000e+00 
 2.66300000e-08  3.72520874e+00  2.66300000e-08  3.72520854e+00  2.66300000e-08  1.75988845e-01  2.66300000e-08  1.76025913e-01  2.66300000e-08  3.30000000e+00  2.66300000e-08  3.30000000e+00 
 2.66500000e-08  3.72503966e+00  2.66500000e-08  3.72503947e+00  2.66500000e-08  1.74363823e-01  2.66500000e-08  1.74400334e-01  2.66500000e-08  3.30000000e+00  2.66500000e-08  3.30000000e+00 
 2.66700000e-08  3.72487151e+00  2.66700000e-08  3.72487132e+00  2.66700000e-08  1.72753549e-01  2.66700000e-08  1.72789515e-01  2.66700000e-08  3.30000000e+00  2.66700000e-08  3.30000000e+00 
 2.66900000e-08  3.72470426e+00  2.66900000e-08  3.72470407e+00  2.66900000e-08  1.71157887e-01  2.66900000e-08  1.71193318e-01  2.66900000e-08  3.30000000e+00  2.66900000e-08  3.30000000e+00 
 2.67100000e-08  3.72453792e+00  2.67100000e-08  3.72453773e+00  2.67100000e-08  1.69576716e-01  2.67100000e-08  1.69611623e-01  2.67100000e-08  3.30000000e+00  2.67100000e-08  3.30000000e+00 
 2.67300000e-08  3.72437247e+00  2.67300000e-08  3.72437227e+00  2.67300000e-08  1.68009903e-01  2.67300000e-08  1.68044296e-01  2.67300000e-08  3.30000000e+00  2.67300000e-08  3.30000000e+00 
 2.67500000e-08  3.72420790e+00  2.67500000e-08  3.72420770e+00  2.67500000e-08  1.66457329e-01  2.67500000e-08  1.66491217e-01  2.67500000e-08  3.30000000e+00  2.67500000e-08  3.30000000e+00 
 2.67700000e-08  3.72404420e+00  2.67700000e-08  3.72404400e+00  2.67700000e-08  1.64918861e-01  2.67700000e-08  1.64952255e-01  2.67700000e-08  3.30000000e+00  2.67700000e-08  3.30000000e+00 
 2.67900000e-08  3.72388136e+00  2.67900000e-08  3.72388117e+00  2.67900000e-08  1.63394384e-01  2.67900000e-08  1.63427292e-01  2.67900000e-08  3.30000000e+00  2.67900000e-08  3.30000000e+00 
 2.68100000e-08  3.72371938e+00  2.68100000e-08  3.72371919e+00  2.68100000e-08  1.61883767e-01  2.68100000e-08  1.61916199e-01  2.68100000e-08  3.30000000e+00  2.68100000e-08  3.30000000e+00 
 2.68300000e-08  3.72355825e+00  2.68300000e-08  3.72355806e+00  2.68300000e-08  1.60386895e-01  2.68300000e-08  1.60418860e-01  2.68300000e-08  3.30000000e+00  2.68300000e-08  3.30000000e+00 
 2.68500000e-08  3.72339796e+00  2.68500000e-08  3.72339776e+00  2.68500000e-08  1.58903642e-01  2.68500000e-08  1.58935148e-01  2.68500000e-08  3.30000000e+00  2.68500000e-08  3.30000000e+00 
 2.68700000e-08  3.72323849e+00  2.68700000e-08  3.72323830e+00  2.68700000e-08  1.57433893e-01  2.68700000e-08  1.57464949e-01  2.68700000e-08  3.30000000e+00  2.68700000e-08  3.30000000e+00 
 2.68900000e-08  3.72307985e+00  2.68900000e-08  3.72307965e+00  2.68900000e-08  1.55977524e-01  2.68900000e-08  1.56008138e-01  2.68900000e-08  3.30000000e+00  2.68900000e-08  3.30000000e+00 
 2.69100000e-08  3.72292202e+00  2.69100000e-08  3.72292182e+00  2.69100000e-08  1.54534423e-01  2.69100000e-08  1.54564603e-01  2.69100000e-08  3.30000000e+00  2.69100000e-08  3.30000000e+00 
 2.69300000e-08  3.72276499e+00  2.69300000e-08  3.72276480e+00  2.69300000e-08  1.53104467e-01  2.69300000e-08  1.53134221e-01  2.69300000e-08  3.30000000e+00  2.69300000e-08  3.30000000e+00 
 2.69500000e-08  3.72260877e+00  2.69500000e-08  3.72260857e+00  2.69500000e-08  1.51687546e-01  2.69500000e-08  1.51716882e-01  2.69500000e-08  3.30000000e+00  2.69500000e-08  3.30000000e+00 
 2.69700000e-08  3.72245333e+00  2.69700000e-08  3.72245313e+00  2.69700000e-08  1.50283539e-01  2.69700000e-08  1.50312465e-01  2.69700000e-08  3.30000000e+00  2.69700000e-08  3.30000000e+00 
 2.69900000e-08  3.72229868e+00  2.69900000e-08  3.72229848e+00  2.69900000e-08  1.48892339e-01  2.69900000e-08  1.48920861e-01  2.69900000e-08  3.30000000e+00  2.69900000e-08  3.30000000e+00 
 2.70100000e-08  3.72214479e+00  2.70100000e-08  3.72214460e+00  2.70100000e-08  1.47513826e-01  2.70100000e-08  1.47541952e-01  2.70100000e-08  3.30000000e+00  2.70100000e-08  3.30000000e+00 
 2.70300000e-08  3.72199168e+00  2.70300000e-08  3.72199149e+00  2.70300000e-08  1.46147893e-01  2.70300000e-08  1.46175631e-01  2.70300000e-08  3.30000000e+00  2.70300000e-08  3.30000000e+00 
 2.70500000e-08  3.72183933e+00  2.70500000e-08  3.72183913e+00  2.70500000e-08  1.44794425e-01  2.70500000e-08  1.44821781e-01  2.70500000e-08  3.30000000e+00  2.70500000e-08  3.30000000e+00 
 2.70700000e-08  3.72168773e+00  2.70700000e-08  3.72168753e+00  2.70700000e-08  1.43453316e-01  2.70700000e-08  1.43480297e-01  2.70700000e-08  3.30000000e+00  2.70700000e-08  3.30000000e+00 
 2.70900000e-08  3.72153687e+00  2.70900000e-08  3.72153667e+00  2.70900000e-08  1.42124452e-01  2.70900000e-08  1.42151064e-01  2.70900000e-08  3.30000000e+00  2.70900000e-08  3.30000000e+00 
 2.71100000e-08  3.72138675e+00  2.71100000e-08  3.72138655e+00  2.71100000e-08  1.40807729e-01  2.71100000e-08  1.40833979e-01  2.71100000e-08  3.30000000e+00  2.71100000e-08  3.30000000e+00 
 2.71300000e-08  3.72123736e+00  2.71300000e-08  3.72123717e+00  2.71300000e-08  1.39503034e-01  2.71300000e-08  1.39528928e-01  2.71300000e-08  3.30000000e+00  2.71300000e-08  3.30000000e+00 
 2.71500000e-08  3.72108870e+00  2.71500000e-08  3.72108850e+00  2.71500000e-08  1.38210267e-01  2.71500000e-08  1.38235811e-01  2.71500000e-08  3.30000000e+00  2.71500000e-08  3.30000000e+00 
 2.71700000e-08  3.72094075e+00  2.71700000e-08  3.72094056e+00  2.71700000e-08  1.36929316e-01  2.71700000e-08  1.36954516e-01  2.71700000e-08  3.30000000e+00  2.71700000e-08  3.30000000e+00 
 2.71900000e-08  3.72079352e+00  2.71900000e-08  3.72079332e+00  2.71900000e-08  1.35660081e-01  2.71900000e-08  1.35684943e-01  2.71900000e-08  3.30000000e+00  2.71900000e-08  3.30000000e+00 
 2.72100000e-08  3.72064699e+00  2.72100000e-08  3.72064679e+00  2.72100000e-08  1.34402453e-01  2.72100000e-08  1.34426983e-01  2.72100000e-08  3.30000000e+00  2.72100000e-08  3.30000000e+00 
 2.72300000e-08  3.72050116e+00  2.72300000e-08  3.72050096e+00  2.72300000e-08  1.33156335e-01  2.72300000e-08  1.33180538e-01  2.72300000e-08  3.30000000e+00  2.72300000e-08  3.30000000e+00 
 2.72500000e-08  3.72035602e+00  2.72500000e-08  3.72035582e+00  2.72500000e-08  1.31921618e-01  2.72500000e-08  1.31945500e-01  2.72500000e-08  3.30000000e+00  2.72500000e-08  3.30000000e+00 
 2.72700000e-08  3.72021156e+00  2.72700000e-08  3.72021137e+00  2.72700000e-08  1.30698207e-01  2.72700000e-08  1.30721773e-01  2.72700000e-08  3.30000000e+00  2.72700000e-08  3.30000000e+00 
 2.72900000e-08  3.72006779e+00  2.72900000e-08  3.72006759e+00  2.72900000e-08  1.29485995e-01  2.72900000e-08  1.29509251e-01  2.72900000e-08  3.30000000e+00  2.72900000e-08  3.30000000e+00 
 2.73100000e-08  3.71992468e+00  2.73100000e-08  3.71992449e+00  2.73100000e-08  1.28284889e-01  2.73100000e-08  1.28307839e-01  2.73100000e-08  3.30000000e+00  2.73100000e-08  3.30000000e+00 
 2.73300000e-08  3.71978224e+00  2.73300000e-08  3.71978205e+00  2.73300000e-08  1.27094783e-01  2.73300000e-08  1.27117433e-01  2.73300000e-08  3.30000000e+00  2.73300000e-08  3.30000000e+00 
 2.73500000e-08  3.71964047e+00  2.73500000e-08  3.71964027e+00  2.73500000e-08  1.25915585e-01  2.73500000e-08  1.25937940e-01  2.73500000e-08  3.30000000e+00  2.73500000e-08  3.30000000e+00 
 2.73700000e-08  3.71949935e+00  2.73700000e-08  3.71949915e+00  2.73700000e-08  1.24747193e-01  2.73700000e-08  1.24769257e-01  2.73700000e-08  3.30000000e+00  2.73700000e-08  3.30000000e+00 
 2.73900000e-08  3.71935888e+00  2.73900000e-08  3.71935868e+00  2.73900000e-08  1.23589515e-01  2.73900000e-08  1.23611294e-01  2.73900000e-08  3.30000000e+00  2.73900000e-08  3.30000000e+00 
 2.74100000e-08  3.71921905e+00  2.74100000e-08  3.71921885e+00  2.74100000e-08  1.22442450e-01  2.74100000e-08  1.22463948e-01  2.74100000e-08  3.30000000e+00  2.74100000e-08  3.30000000e+00 
 2.74300000e-08  3.71907986e+00  2.74300000e-08  3.71907966e+00  2.74300000e-08  1.21305910e-01  2.74300000e-08  1.21327131e-01  2.74300000e-08  3.30000000e+00  2.74300000e-08  3.30000000e+00 
 2.74500000e-08  3.71894130e+00  2.74500000e-08  3.71894110e+00  2.74500000e-08  1.20179794e-01  2.74500000e-08  1.20200743e-01  2.74500000e-08  3.30000000e+00  2.74500000e-08  3.30000000e+00 
 2.74700000e-08  3.71880336e+00  2.74700000e-08  3.71880317e+00  2.74700000e-08  1.19064015e-01  2.74700000e-08  1.19084696e-01  2.74700000e-08  3.30000000e+00  2.74700000e-08  3.30000000e+00 
 2.74900000e-08  3.71866605e+00  2.74900000e-08  3.71866585e+00  2.74900000e-08  1.17958474e-01  2.74900000e-08  1.17978891e-01  2.74900000e-08  3.30000000e+00  2.74900000e-08  3.30000000e+00 
 2.75100000e-08  3.71852936e+00  2.75100000e-08  3.71852916e+00  2.75100000e-08  1.16863085e-01  2.75100000e-08  1.16883244e-01  2.75100000e-08  3.30000000e+00  2.75100000e-08  3.30000000e+00 
 2.75300000e-08  3.71839327e+00  2.75300000e-08  3.71839307e+00  2.75300000e-08  1.15777753e-01  2.75300000e-08  1.15797657e-01  2.75300000e-08  3.30000000e+00  2.75300000e-08  3.30000000e+00 
 2.75500000e-08  3.71825779e+00  2.75500000e-08  3.71825759e+00  2.75500000e-08  1.14702393e-01  2.75500000e-08  1.14722045e-01  2.75500000e-08  3.30000000e+00  2.75500000e-08  3.30000000e+00 
 2.75700000e-08  3.71812290e+00  2.75700000e-08  3.71812271e+00  2.75700000e-08  1.13636908e-01  2.75700000e-08  1.13656314e-01  2.75700000e-08  3.30000000e+00  2.75700000e-08  3.30000000e+00 
 2.75900000e-08  3.71798862e+00  2.75900000e-08  3.71798842e+00  2.75900000e-08  1.12581218e-01  2.75900000e-08  1.12600380e-01  2.75900000e-08  3.30000000e+00  2.75900000e-08  3.30000000e+00 
 2.76100000e-08  3.71785492e+00  2.76100000e-08  3.71785473e+00  2.76100000e-08  1.11535227e-01  2.76100000e-08  1.11554150e-01  2.76100000e-08  3.30000000e+00  2.76100000e-08  3.30000000e+00 
 2.76300000e-08  3.71772181e+00  2.76300000e-08  3.71772162e+00  2.76300000e-08  1.10498856e-01  2.76300000e-08  1.10517542e-01  2.76300000e-08  3.30000000e+00  2.76300000e-08  3.30000000e+00 
 2.76500000e-08  3.71758928e+00  2.76500000e-08  3.71758908e+00  2.76500000e-08  1.09472010e-01  2.76500000e-08  1.09490465e-01  2.76500000e-08  3.30000000e+00  2.76500000e-08  3.30000000e+00 
 2.76700000e-08  3.71745732e+00  2.76700000e-08  3.71745713e+00  2.76700000e-08  1.08454612e-01  2.76700000e-08  1.08472838e-01  2.76700000e-08  3.30000000e+00  2.76700000e-08  3.30000000e+00 
 2.76900000e-08  3.71732593e+00  2.76900000e-08  3.71732574e+00  2.76900000e-08  1.07446569e-01  2.76900000e-08  1.07464570e-01  2.76900000e-08  3.30000000e+00  2.76900000e-08  3.30000000e+00 
 2.77100000e-08  3.71719511e+00  2.77100000e-08  3.71719491e+00  2.77100000e-08  1.06447804e-01  2.77100000e-08  1.06465583e-01  2.77100000e-08  3.30000000e+00  2.77100000e-08  3.30000000e+00 
 2.77300000e-08  3.71706484e+00  2.77300000e-08  3.71706465e+00  2.77300000e-08  1.05458227e-01  2.77300000e-08  1.05475788e-01  2.77300000e-08  3.30000000e+00  2.77300000e-08  3.30000000e+00 
 2.77500000e-08  3.71693514e+00  2.77500000e-08  3.71693495e+00  2.77500000e-08  1.04477762e-01  2.77500000e-08  1.04495108e-01  2.77500000e-08  3.30000000e+00  2.77500000e-08  3.30000000e+00 
 2.77700000e-08  3.71680598e+00  2.77700000e-08  3.71680579e+00  2.77700000e-08  1.03506320e-01  2.77700000e-08  1.03523454e-01  2.77700000e-08  3.30000000e+00  2.77700000e-08  3.30000000e+00 
 2.77900000e-08  3.71667738e+00  2.77900000e-08  3.71667718e+00  2.77900000e-08  1.02543827e-01  2.77900000e-08  1.02560752e-01  2.77900000e-08  3.30000000e+00  2.77900000e-08  3.30000000e+00 
 2.78100000e-08  3.71654931e+00  2.78100000e-08  3.71654912e+00  2.78100000e-08  1.01590195e-01  2.78100000e-08  1.01606915e-01  2.78100000e-08  3.30000000e+00  2.78100000e-08  3.30000000e+00 
 2.78300000e-08  3.71642178e+00  2.78300000e-08  3.71642159e+00  2.78300000e-08  1.00645350e-01  2.78300000e-08  1.00661868e-01  2.78300000e-08  3.30000000e+00  2.78300000e-08  3.30000000e+00 
 2.78500000e-08  3.71629478e+00  2.78500000e-08  3.71629459e+00  2.78500000e-08  9.97092079e-02  2.78500000e-08  9.97255262e-02  2.78500000e-08  3.30000000e+00  2.78500000e-08  3.30000000e+00 
 2.78700000e-08  3.71616832e+00  2.78700000e-08  3.71616813e+00  2.78700000e-08  9.87816956e-02  2.78700000e-08  9.87978174e-02  2.78700000e-08  3.30000000e+00  2.78700000e-08  3.30000000e+00 
 2.78900000e-08  3.71604238e+00  2.78900000e-08  3.71604219e+00  2.78900000e-08  9.78627290e-02  2.78900000e-08  9.78786573e-02  2.78900000e-08  3.30000000e+00  2.78900000e-08  3.30000000e+00 
 2.79100000e-08  3.71591696e+00  2.79100000e-08  3.71591677e+00  2.79100000e-08  9.69522373e-02  2.79100000e-08  9.69679748e-02  2.79100000e-08  3.30000000e+00  2.79100000e-08  3.30000000e+00 
 2.79300000e-08  3.71579205e+00  2.79300000e-08  3.71579186e+00  2.79300000e-08  9.60501374e-02  2.79300000e-08  9.60656871e-02  2.79300000e-08  3.30000000e+00  2.79300000e-08  3.30000000e+00 
 2.79500000e-08  3.71566766e+00  2.79500000e-08  3.71566747e+00  2.79500000e-08  9.51563600e-02  2.79500000e-08  9.51717245e-02  2.79500000e-08  3.30000000e+00  2.79500000e-08  3.30000000e+00 
 2.79700000e-08  3.71554378e+00  2.79700000e-08  3.71554359e+00  2.79700000e-08  9.42708233e-02  2.79700000e-08  9.42860053e-02  2.79700000e-08  3.30000000e+00  2.79700000e-08  3.30000000e+00 
 2.79900000e-08  3.71542040e+00  2.79900000e-08  3.71542021e+00  2.79900000e-08  9.33934592e-02  2.79900000e-08  9.34084614e-02  2.79900000e-08  3.30000000e+00  2.79900000e-08  3.30000000e+00 
 2.80100000e-08  3.71529752e+00  2.80100000e-08  3.71529733e+00  2.80100000e-08  9.25241873e-02  2.80100000e-08  9.25390124e-02  2.80100000e-08  3.30000000e+00  2.80100000e-08  3.30000000e+00 
 2.80300000e-08  3.71517514e+00  2.80300000e-08  3.71517495e+00  2.80300000e-08  9.16629409e-02  2.80300000e-08  9.16775912e-02  2.80300000e-08  3.30000000e+00  2.80300000e-08  3.30000000e+00 
 2.80500000e-08  3.71505325e+00  2.80500000e-08  3.71505306e+00  2.80500000e-08  9.08096407e-02  2.80500000e-08  9.08241188e-02  2.80500000e-08  3.30000000e+00  2.80500000e-08  3.30000000e+00 
 2.80700000e-08  3.71493185e+00  2.80700000e-08  3.71493166e+00  2.80700000e-08  8.99642212e-02  2.80700000e-08  8.99785296e-02  2.80700000e-08  3.30000000e+00  2.80700000e-08  3.30000000e+00 
 2.80900000e-08  3.71481093e+00  2.80900000e-08  3.71481075e+00  2.80900000e-08  8.91266045e-02  2.80900000e-08  8.91407456e-02  2.80900000e-08  3.30000000e+00  2.80900000e-08  3.30000000e+00 
 2.81100000e-08  3.71469050e+00  2.81100000e-08  3.71469031e+00  2.81100000e-08  8.82967263e-02  2.81100000e-08  8.83107025e-02  2.81100000e-08  3.30000000e+00  2.81100000e-08  3.30000000e+00 
 2.81300000e-08  3.71457054e+00  2.81300000e-08  3.71457035e+00  2.81300000e-08  8.74745100e-02  2.81300000e-08  8.74883237e-02  2.81300000e-08  3.30000000e+00  2.81300000e-08  3.30000000e+00 
 2.81500000e-08  3.71445106e+00  2.81500000e-08  3.71445087e+00  2.81500000e-08  8.66598925e-02  2.81500000e-08  8.66735458e-02  2.81500000e-08  3.30000000e+00  2.81500000e-08  3.30000000e+00 
 2.81700000e-08  3.71433204e+00  2.81700000e-08  3.71433186e+00  2.81700000e-08  8.58527984e-02  2.81700000e-08  8.58662937e-02  2.81700000e-08  3.30000000e+00  2.81700000e-08  3.30000000e+00 
 2.81900000e-08  3.71421350e+00  2.81900000e-08  3.71421331e+00  2.81900000e-08  8.50531658e-02  2.81900000e-08  8.50665052e-02  2.81900000e-08  3.30000000e+00  2.81900000e-08  3.30000000e+00 
 2.82100000e-08  3.71409541e+00  2.82100000e-08  3.71409522e+00  2.82100000e-08  8.42609204e-02  2.82100000e-08  8.42741062e-02  2.82100000e-08  3.30000000e+00  2.82100000e-08  3.30000000e+00 
 2.82300000e-08  3.71397779e+00  2.82300000e-08  3.71397760e+00  2.82300000e-08  8.34760016e-02  2.82300000e-08  8.34890358e-02  2.82300000e-08  3.30000000e+00  2.82300000e-08  3.30000000e+00 
 2.82500000e-08  3.71386062e+00  2.82500000e-08  3.71386043e+00  2.82500000e-08  8.26983364e-02  2.82500000e-08  8.27112212e-02  2.82500000e-08  3.30000000e+00  2.82500000e-08  3.30000000e+00 
 2.82700000e-08  3.71374390e+00  2.82700000e-08  3.71374371e+00  2.82700000e-08  8.19278652e-02  2.82700000e-08  8.19406026e-02  2.82700000e-08  3.30000000e+00  2.82700000e-08  3.30000000e+00 
 2.82900000e-08  3.71362763e+00  2.82900000e-08  3.71362745e+00  2.82900000e-08  8.11645162e-02  2.82900000e-08  8.11771083e-02  2.82900000e-08  3.30000000e+00  2.82900000e-08  3.30000000e+00 
 2.83100000e-08  3.71351181e+00  2.83100000e-08  3.71351163e+00  2.83100000e-08  8.04082309e-02  2.83100000e-08  8.04206797e-02  2.83100000e-08  3.30000000e+00  2.83100000e-08  3.30000000e+00 
 2.83300000e-08  3.71339643e+00  2.83300000e-08  3.71339625e+00  2.83300000e-08  7.96589388e-02  2.83300000e-08  7.96712461e-02  2.83300000e-08  3.30000000e+00  2.83300000e-08  3.30000000e+00 
 2.83500000e-08  3.71328149e+00  2.83500000e-08  3.71328131e+00  2.83500000e-08  7.89165824e-02  2.83500000e-08  7.89287503e-02  2.83500000e-08  3.30000000e+00  2.83500000e-08  3.30000000e+00 
 2.83700000e-08  3.71316699e+00  2.83700000e-08  3.71316680e+00  2.83700000e-08  7.81810922e-02  2.83700000e-08  7.81931225e-02  2.83700000e-08  3.30000000e+00  2.83700000e-08  3.30000000e+00 
 2.83900000e-08  3.71305291e+00  2.83900000e-08  3.71305273e+00  2.83900000e-08  7.74524121e-02  2.83900000e-08  7.74643067e-02  2.83900000e-08  3.30000000e+00  2.83900000e-08  3.30000000e+00 
 2.84100000e-08  3.71293927e+00  2.84100000e-08  3.71293909e+00  2.84100000e-08  7.67304736e-02  2.84100000e-08  7.67422344e-02  2.84100000e-08  3.30000000e+00  2.84100000e-08  3.30000000e+00 
 2.84300000e-08  3.71282606e+00  2.84300000e-08  3.71282587e+00  2.84300000e-08  7.60152216e-02  2.84300000e-08  7.60268504e-02  2.84300000e-08  3.30000000e+00  2.84300000e-08  3.30000000e+00 
 2.84500000e-08  3.71271326e+00  2.84500000e-08  3.71271308e+00  2.84500000e-08  7.53065888e-02  2.84500000e-08  7.53180873e-02  2.84500000e-08  3.30000000e+00  2.84500000e-08  3.30000000e+00 
 2.84700000e-08  3.71260089e+00  2.84700000e-08  3.71260071e+00  2.84700000e-08  7.46045212e-02  2.84700000e-08  7.46158911e-02  2.84700000e-08  3.30000000e+00  2.84700000e-08  3.30000000e+00 
 2.84900000e-08  3.71248893e+00  2.84900000e-08  3.71248875e+00  2.84900000e-08  7.39089525e-02  2.84900000e-08  7.39201956e-02  2.84900000e-08  3.30000000e+00  2.84900000e-08  3.30000000e+00 
 2.85100000e-08  3.71237739e+00  2.85100000e-08  3.71237721e+00  2.85100000e-08  7.32198297e-02  2.85100000e-08  7.32309477e-02  2.85100000e-08  3.30000000e+00  2.85100000e-08  3.30000000e+00 
 2.85300000e-08  3.71226626e+00  2.85300000e-08  3.71226608e+00  2.85300000e-08  7.25370876e-02  2.85300000e-08  7.25480821e-02  2.85300000e-08  3.30000000e+00  2.85300000e-08  3.30000000e+00 
 2.85500000e-08  3.71215554e+00  2.85500000e-08  3.71215536e+00  2.85500000e-08  7.18606743e-02  2.85500000e-08  7.18715470e-02  2.85500000e-08  3.30000000e+00  2.85500000e-08  3.30000000e+00 
 2.85700000e-08  3.71204522e+00  2.85700000e-08  3.71204504e+00  2.85700000e-08  7.11905257e-02  2.85700000e-08  7.12012781e-02  2.85700000e-08  3.30000000e+00  2.85700000e-08  3.30000000e+00 
 2.85900000e-08  3.71193531e+00  2.85900000e-08  3.71193513e+00  2.85900000e-08  7.05265907e-02  2.85900000e-08  7.05372246e-02  2.85900000e-08  3.30000000e+00  2.85900000e-08  3.30000000e+00 
 2.86100000e-08  3.71182579e+00  2.86100000e-08  3.71182561e+00  2.86100000e-08  6.98688064e-02  2.86100000e-08  6.98793232e-02  2.86100000e-08  3.30000000e+00  2.86100000e-08  3.30000000e+00 
 2.86300000e-08  3.71171667e+00  2.86300000e-08  3.71171649e+00  2.86300000e-08  6.92171228e-02  2.86300000e-08  6.92275240e-02  2.86300000e-08  3.30000000e+00  2.86300000e-08  3.30000000e+00 
 2.86500000e-08  3.71160795e+00  2.86500000e-08  3.71160777e+00  2.86500000e-08  6.85714777e-02  2.86500000e-08  6.85817649e-02  2.86500000e-08  3.30000000e+00  2.86500000e-08  3.30000000e+00 
 2.86700000e-08  3.71149961e+00  2.86700000e-08  3.71149943e+00  2.86700000e-08  6.79318223e-02  2.86700000e-08  6.79419969e-02  2.86700000e-08  3.30000000e+00  2.86700000e-08  3.30000000e+00 
 2.86900000e-08  3.71139167e+00  2.86900000e-08  3.71139149e+00  2.86900000e-08  6.72980954e-02  2.86900000e-08  6.73081589e-02  2.86900000e-08  3.30000000e+00  2.86900000e-08  3.30000000e+00 
 2.87100000e-08  3.71128411e+00  2.87100000e-08  3.71128393e+00  2.87100000e-08  6.66702490e-02  2.87100000e-08  6.66802029e-02  2.87100000e-08  3.30000000e+00  2.87100000e-08  3.30000000e+00 
 2.87300000e-08  3.71117693e+00  2.87300000e-08  3.71117675e+00  2.87300000e-08  6.60482231e-02  2.87300000e-08  6.60580687e-02  2.87300000e-08  3.30000000e+00  2.87300000e-08  3.30000000e+00 
 2.87500000e-08  3.71107013e+00  2.87500000e-08  3.71106995e+00  2.87500000e-08  6.54319706e-02  2.87500000e-08  6.54417094e-02  2.87500000e-08  3.30000000e+00  2.87500000e-08  3.30000000e+00 
 2.87700000e-08  3.71096371e+00  2.87700000e-08  3.71096353e+00  2.87700000e-08  6.48214322e-02  2.87700000e-08  6.48310656e-02  2.87700000e-08  3.30000000e+00  2.87700000e-08  3.30000000e+00 
 2.87900000e-08  3.71085767e+00  2.87900000e-08  3.71085749e+00  2.87900000e-08  6.42165621e-02  2.87900000e-08  6.42260914e-02  2.87900000e-08  3.30000000e+00  2.87900000e-08  3.30000000e+00 
 2.88100000e-08  3.71075199e+00  2.88100000e-08  3.71075182e+00  2.88100000e-08  6.36173019e-02  2.88100000e-08  6.36267283e-02  2.88100000e-08  3.30000000e+00  2.88100000e-08  3.30000000e+00 
 2.88300000e-08  3.71064669e+00  2.88300000e-08  3.71064652e+00  2.88300000e-08  6.30236065e-02  2.88300000e-08  6.30329315e-02  2.88300000e-08  3.30000000e+00  2.88300000e-08  3.30000000e+00 
 2.88500000e-08  3.71054176e+00  2.88500000e-08  3.71054158e+00  2.88500000e-08  6.24354185e-02  2.88500000e-08  6.24446433e-02  2.88500000e-08  3.30000000e+00  2.88500000e-08  3.30000000e+00 
 2.88700000e-08  3.71043719e+00  2.88700000e-08  3.71043701e+00  2.88700000e-08  6.18526938e-02  2.88700000e-08  6.18618197e-02  2.88700000e-08  3.30000000e+00  2.88700000e-08  3.30000000e+00 
 2.88900000e-08  3.71033298e+00  2.88900000e-08  3.71033280e+00  2.88900000e-08  6.12753760e-02  2.88900000e-08  6.12844042e-02  2.88900000e-08  3.30000000e+00  2.88900000e-08  3.30000000e+00 
 2.89100000e-08  3.71022913e+00  2.89100000e-08  3.71022896e+00  2.89100000e-08  6.07034216e-02  2.89100000e-08  6.07123534e-02  2.89100000e-08  3.30000000e+00  2.89100000e-08  3.30000000e+00 
 2.89300000e-08  3.71012564e+00  2.89300000e-08  3.71012546e+00  2.89300000e-08  6.01367752e-02  2.89300000e-08  6.01456118e-02  2.89300000e-08  3.30000000e+00  2.89300000e-08  3.30000000e+00 
 2.89500000e-08  3.71002251e+00  2.89500000e-08  3.71002233e+00  2.89500000e-08  5.95753944e-02  2.89500000e-08  5.95841370e-02  2.89500000e-08  3.30000000e+00  2.89500000e-08  3.30000000e+00 
 2.89700000e-08  3.70991972e+00  2.89700000e-08  3.70991955e+00  2.89700000e-08  5.90192245e-02  2.89700000e-08  5.90278742e-02  2.89700000e-08  3.30000000e+00  2.89700000e-08  3.30000000e+00 
 2.89900000e-08  3.70981729e+00  2.89900000e-08  3.70981711e+00  2.89900000e-08  5.84682239e-02  2.89900000e-08  5.84767820e-02  2.89900000e-08  3.30000000e+00  2.89900000e-08  3.30000000e+00 
 2.90100000e-08  3.70971520e+00  2.90100000e-08  3.70971503e+00  2.90100000e-08  5.79223389e-02  2.90100000e-08  5.79308064e-02  2.90100000e-08  3.30000000e+00  2.90100000e-08  3.30000000e+00 
 2.90300000e-08  3.70961347e+00  2.90300000e-08  3.70961329e+00  2.90300000e-08  5.73815288e-02  2.90300000e-08  5.73899068e-02  2.90300000e-08  3.30000000e+00  2.90300000e-08  3.30000000e+00 
 2.90500000e-08  3.70951207e+00  2.90500000e-08  3.70951189e+00  2.90500000e-08  5.68457405e-02  2.90500000e-08  5.68540303e-02  2.90500000e-08  3.30000000e+00  2.90500000e-08  3.30000000e+00 
 2.90700000e-08  3.70941102e+00  2.90700000e-08  3.70941084e+00  2.90700000e-08  5.63149343e-02  2.90700000e-08  5.63231369e-02  2.90700000e-08  3.30000000e+00  2.90700000e-08  3.30000000e+00 
 2.90900000e-08  3.70931030e+00  2.90900000e-08  3.70931012e+00  2.90900000e-08  5.57890580e-02  2.90900000e-08  5.57971744e-02  2.90900000e-08  3.30000000e+00  2.90900000e-08  3.30000000e+00 
 2.91100000e-08  3.70920992e+00  2.91100000e-08  3.70920975e+00  2.91100000e-08  5.52680726e-02  2.91100000e-08  5.52761040e-02  2.91100000e-08  3.30000000e+00  2.91100000e-08  3.30000000e+00 
 2.91300000e-08  3.70910987e+00  2.91300000e-08  3.70910970e+00  2.91300000e-08  5.47519268e-02  2.91300000e-08  5.47598741e-02  2.91300000e-08  3.30000000e+00  2.91300000e-08  3.30000000e+00 
 2.91500000e-08  3.70901016e+00  2.91500000e-08  3.70900999e+00  2.91500000e-08  5.42405824e-02  2.91500000e-08  5.42484467e-02  2.91500000e-08  3.30000000e+00  2.91500000e-08  3.30000000e+00 
 2.91700000e-08  3.70891078e+00  2.91700000e-08  3.70891061e+00  2.91700000e-08  5.37339888e-02  2.91700000e-08  5.37417712e-02  2.91700000e-08  3.30000000e+00  2.91700000e-08  3.30000000e+00 
 2.91900000e-08  3.70881173e+00  2.91900000e-08  3.70881155e+00  2.91900000e-08  5.32321087e-02  2.91900000e-08  5.32398101e-02  2.91900000e-08  3.30000000e+00  2.91900000e-08  3.30000000e+00 
 2.92100000e-08  3.70871299e+00  2.92100000e-08  3.70871282e+00  2.92100000e-08  5.27348924e-02  2.92100000e-08  5.27425138e-02  2.92100000e-08  3.30000000e+00  2.92100000e-08  3.30000000e+00 
 2.92300000e-08  3.70861459e+00  2.92300000e-08  3.70861442e+00  2.92300000e-08  5.22423032e-02  2.92300000e-08  5.22498456e-02  2.92300000e-08  3.30000000e+00  2.92300000e-08  3.30000000e+00 
 2.92500000e-08  3.70851651e+00  2.92500000e-08  3.70851634e+00  2.92500000e-08  5.17542922e-02  2.92500000e-08  5.17617565e-02  2.92500000e-08  3.30000000e+00  2.92500000e-08  3.30000000e+00 
 2.92700000e-08  3.70841874e+00  2.92700000e-08  3.70841857e+00  2.92700000e-08  5.12708235e-02  2.92700000e-08  5.12782107e-02  2.92700000e-08  3.30000000e+00  2.92700000e-08  3.30000000e+00 
 2.92900000e-08  3.70832130e+00  2.92900000e-08  3.70832113e+00  2.92900000e-08  5.07918490e-02  2.92900000e-08  5.07991600e-02  2.92900000e-08  3.30000000e+00  2.92900000e-08  3.30000000e+00 
 2.93100000e-08  3.70822417e+00  2.93100000e-08  3.70822400e+00  2.93100000e-08  5.03173335e-02  2.93100000e-08  5.03245693e-02  2.93100000e-08  3.30000000e+00  2.93100000e-08  3.30000000e+00 
 2.93300000e-08  3.70812735e+00  2.93300000e-08  3.70812718e+00  2.93300000e-08  4.98472297e-02  2.93300000e-08  4.98543912e-02  2.93300000e-08  3.30000000e+00  2.93300000e-08  3.30000000e+00 
 2.93500000e-08  3.70803084e+00  2.93500000e-08  3.70803067e+00  2.93500000e-08  4.93815033e-02  2.93500000e-08  4.93885913e-02  2.93500000e-08  3.30000000e+00  2.93500000e-08  3.30000000e+00 
 2.93700000e-08  3.70793464e+00  2.93700000e-08  3.70793447e+00  2.93700000e-08  4.89201074e-02  2.93700000e-08  4.89271228e-02  2.93700000e-08  3.30000000e+00  2.93700000e-08  3.30000000e+00 
 2.93900000e-08  3.70783876e+00  2.93900000e-08  3.70783859e+00  2.93900000e-08  4.84630086e-02  2.93900000e-08  4.84699522e-02  2.93900000e-08  3.30000000e+00  2.93900000e-08  3.30000000e+00 
 2.94100000e-08  3.70774317e+00  2.94100000e-08  3.70774300e+00  2.94100000e-08  4.80101607e-02  2.94100000e-08  4.80170335e-02  2.94100000e-08  3.30000000e+00  2.94100000e-08  3.30000000e+00 
 2.94300000e-08  3.70764789e+00  2.94300000e-08  3.70764772e+00  2.94300000e-08  4.75615311e-02  2.94300000e-08  4.75683339e-02  2.94300000e-08  3.30000000e+00  2.94300000e-08  3.30000000e+00 
 2.94500000e-08  3.70755291e+00  2.94500000e-08  3.70755275e+00  2.94500000e-08  4.71170743e-02  2.94500000e-08  4.71238079e-02  2.94500000e-08  3.30000000e+00  2.94500000e-08  3.30000000e+00 
 2.94700000e-08  3.70745824e+00  2.94700000e-08  3.70745807e+00  2.94700000e-08  4.66767583e-02  2.94700000e-08  4.66834235e-02  2.94700000e-08  3.30000000e+00  2.94700000e-08  3.30000000e+00 
 2.94900000e-08  3.70736385e+00  2.94900000e-08  3.70736369e+00  2.94900000e-08  4.62405384e-02  2.94900000e-08  4.62471361e-02  2.94900000e-08  3.30000000e+00  2.94900000e-08  3.30000000e+00 
 2.95100000e-08  3.70726977e+00  2.95100000e-08  3.70726961e+00  2.95100000e-08  4.58083832e-02  2.95100000e-08  4.58149142e-02  2.95100000e-08  3.30000000e+00  2.95100000e-08  3.30000000e+00 
 2.95300000e-08  3.70717598e+00  2.95300000e-08  3.70717582e+00  2.95300000e-08  4.53802489e-02  2.95300000e-08  4.53867139e-02  2.95300000e-08  3.30000000e+00  2.95300000e-08  3.30000000e+00 
 2.95500000e-08  3.70708249e+00  2.95500000e-08  3.70708232e+00  2.95500000e-08  4.49561046e-02  2.95500000e-08  4.49625043e-02  2.95500000e-08  3.30000000e+00  2.95500000e-08  3.30000000e+00 
 2.95700000e-08  3.70698928e+00  2.95700000e-08  3.70698911e+00  2.95700000e-08  4.45359071e-02  2.95700000e-08  4.45422424e-02  2.95700000e-08  3.30000000e+00  2.95700000e-08  3.30000000e+00 
 2.95900000e-08  3.70689636e+00  2.95900000e-08  3.70689620e+00  2.95900000e-08  4.41196263e-02  2.95900000e-08  4.41258980e-02  2.95900000e-08  3.30000000e+00  2.95900000e-08  3.30000000e+00 
 2.96100000e-08  3.70680373e+00  2.96100000e-08  3.70680357e+00  2.96100000e-08  4.37072197e-02  2.96100000e-08  4.37134284e-02  2.96100000e-08  3.30000000e+00  2.96100000e-08  3.30000000e+00 
 2.96300000e-08  3.70671139e+00  2.96300000e-08  3.70671122e+00  2.96300000e-08  4.32986578e-02  2.96300000e-08  4.33048043e-02  2.96300000e-08  3.30000000e+00  2.96300000e-08  3.30000000e+00 
 2.96500000e-08  3.70661933e+00  2.96500000e-08  3.70661916e+00  2.96500000e-08  4.28938988e-02  2.96500000e-08  4.28999838e-02  2.96500000e-08  3.30000000e+00  2.96500000e-08  3.30000000e+00 
 2.96700000e-08  3.70652755e+00  2.96700000e-08  3.70652739e+00  2.96700000e-08  4.24929138e-02  2.96700000e-08  4.24989381e-02  2.96700000e-08  3.30000000e+00  2.96700000e-08  3.30000000e+00 
 2.96900000e-08  3.70643605e+00  2.96900000e-08  3.70643589e+00  2.96900000e-08  4.20956616e-02  2.96900000e-08  4.21016258e-02  2.96900000e-08  3.30000000e+00  2.96900000e-08  3.30000000e+00 
 2.97100000e-08  3.70634483e+00  2.97100000e-08  3.70634467e+00  2.97100000e-08  4.17021140e-02  2.97100000e-08  4.17080189e-02  2.97100000e-08  3.30000000e+00  2.97100000e-08  3.30000000e+00 
 2.97300000e-08  3.70625389e+00  2.97300000e-08  3.70625373e+00  2.97300000e-08  4.13122304e-02  2.97300000e-08  4.13180767e-02  2.97300000e-08  3.30000000e+00  2.97300000e-08  3.30000000e+00 
 2.97500000e-08  3.70616322e+00  2.97500000e-08  3.70616306e+00  2.97500000e-08  4.09259833e-02  2.97500000e-08  4.09317716e-02  2.97500000e-08  3.30000000e+00  2.97500000e-08  3.30000000e+00 
 2.97700000e-08  3.70607283e+00  2.97700000e-08  3.70607267e+00  2.97700000e-08  4.05433328e-02  2.97700000e-08  4.05490637e-02  2.97700000e-08  3.30000000e+00  2.97700000e-08  3.30000000e+00 
 2.97900000e-08  3.70598271e+00  2.97900000e-08  3.70598255e+00  2.97900000e-08  4.01642517e-02  2.97900000e-08  4.01699260e-02  2.97900000e-08  3.30000000e+00  2.97900000e-08  3.30000000e+00 
 2.98100000e-08  3.70589285e+00  2.98100000e-08  3.70589269e+00  2.98100000e-08  3.97887009e-02  2.98100000e-08  3.97943192e-02  2.98100000e-08  3.30000000e+00  2.98100000e-08  3.30000000e+00 
 2.98300000e-08  3.70580327e+00  2.98300000e-08  3.70580311e+00  2.98300000e-08  3.94166539e-02  2.98300000e-08  3.94222168e-02  2.98300000e-08  3.30000000e+00  2.98300000e-08  3.30000000e+00 
 2.98500000e-08  3.70571396e+00  2.98500000e-08  3.70571380e+00  2.98500000e-08  3.90480719e-02  2.98500000e-08  3.90535801e-02  2.98500000e-08  3.30000000e+00  2.98500000e-08  3.30000000e+00 
 2.98700000e-08  3.70562491e+00  2.98700000e-08  3.70562475e+00  2.98700000e-08  3.86829294e-02  2.98700000e-08  3.86883835e-02  2.98700000e-08  3.30000000e+00  2.98700000e-08  3.30000000e+00 
 2.98900000e-08  3.70553612e+00  2.98900000e-08  3.70553596e+00  2.98900000e-08  3.83211879e-02  2.98900000e-08  3.83265885e-02  2.98900000e-08  3.30000000e+00  2.98900000e-08  3.30000000e+00 
 2.99100000e-08  3.70544760e+00  2.99100000e-08  3.70544744e+00  2.99100000e-08  3.79628225e-02  2.99100000e-08  3.79681702e-02  2.99100000e-08  3.30000000e+00  2.99100000e-08  3.30000000e+00 
 2.99300000e-08  3.70535934e+00  2.99300000e-08  3.70535918e+00  2.99300000e-08  3.76077955e-02  2.99300000e-08  3.76130909e-02  2.99300000e-08  3.30000000e+00  2.99300000e-08  3.30000000e+00 
 2.99500000e-08  3.70527134e+00  2.99500000e-08  3.70527118e+00  2.99500000e-08  3.72560823e-02  2.99500000e-08  3.72613260e-02  2.99500000e-08  3.30000000e+00  2.99500000e-08  3.30000000e+00 
 2.99700000e-08  3.70518359e+00  2.99700000e-08  3.70518343e+00  2.99700000e-08  3.69076458e-02  2.99700000e-08  3.69128385e-02  2.99700000e-08  3.30000000e+00  2.99700000e-08  3.30000000e+00 
 2.99900000e-08  3.70509611e+00  2.99900000e-08  3.70509595e+00  2.99900000e-08  3.65624621e-02  2.99900000e-08  3.65676043e-02  2.99900000e-08  3.30000000e+00  2.99900000e-08  3.30000000e+00 
 3.00100000e-08  3.70500887e+00  3.00100000e-08  3.70500872e+00  3.00100000e-08  3.62204947e-02  3.00100000e-08  3.62255869e-02  3.00100000e-08  3.30000000e+00  3.00100000e-08  3.30000000e+00 
 3.00300000e-08  3.70492190e+00  3.00300000e-08  3.70492174e+00  3.00300000e-08  3.58817201e-02  3.00300000e-08  3.58867629e-02  3.00300000e-08  3.30000000e+00  3.00300000e-08  3.30000000e+00 
 3.00500000e-08  3.70483517e+00  3.00500000e-08  3.70483501e+00  3.00500000e-08  3.55461024e-02  3.00500000e-08  3.55510963e-02  3.00500000e-08  3.30000000e+00  3.00500000e-08  3.30000000e+00 
 3.00700000e-08  3.70474869e+00  3.00700000e-08  3.70474854e+00  3.00700000e-08  3.52136186e-02  3.00700000e-08  3.52185643e-02  3.00700000e-08  3.30000000e+00  3.00700000e-08  3.30000000e+00 
 3.00850000e-08  3.70468400e+00  3.00850000e-08  3.70468384e+00  3.00850000e-08  3.49662908e-02  3.00850000e-08  3.49712006e-02  3.00850000e-08  3.30000000e+00  3.00850000e-08  3.30000000e+00 
 3.01000000e-08  3.70461945e+00  3.01000000e-08  3.70461929e+00  3.01000000e-08  3.47206988e-02  3.01000000e-08  3.47255731e-02  3.01000000e-08  3.30000000e+00  3.01000000e-08  3.30000000e+00 
 3.01020000e-08  3.70461084e+00  3.01020000e-08  3.70461068e+00  3.01020000e-08  3.46832650e-02  3.01020000e-08  3.46885798e-02  3.01020000e-08  3.23400000e+00  3.01020000e-08  3.30000000e+00 
 3.01060000e-08  3.70459327e+00  3.01060000e-08  3.70459312e+00  3.01060000e-08  3.44859287e-02  3.01060000e-08  3.44927008e-02  3.01060000e-08  3.10200000e+00  3.01060000e-08  3.30000000e+00 
 3.01140000e-08  3.70455649e+00  3.01140000e-08  3.70455635e+00  3.01140000e-08  3.35154213e-02  3.01140000e-08  3.35268318e-02  3.01140000e-08  2.83800000e+00  3.01140000e-08  3.30000000e+00 
 3.01300000e-08  3.70447893e+00  3.01300000e-08  3.70447881e+00  3.01300000e-08  3.01531157e-02  3.01300000e-08  3.01720190e-02  3.01300000e-08  2.31000000e+00  3.01300000e-08  3.30000000e+00 
 3.01500000e-08  3.70439602e+00  3.01500000e-08  3.70439594e+00  3.01500000e-08  3.07104443e-02  3.01500000e-08  3.07441687e-02  3.01500000e-08  1.65000000e+00  3.01500000e-08  3.30000000e+00 
 3.01700000e-08  3.70434053e+00  3.01700000e-08  3.70434055e+00  3.01700000e-08  4.06388154e-02  3.01700000e-08  4.07146081e-02  3.01700000e-08  9.90000000e-01  3.01700000e-08  3.30000000e+00 
 3.01850000e-08  3.70431763e+00  3.01850000e-08  3.70431777e+00  3.01850000e-08  5.45108470e-02  3.01850000e-08  5.46382973e-02  3.01850000e-08  4.95000000e-01  3.01850000e-08  3.30000000e+00 
 3.02000000e-08  3.70431336e+00  3.02000000e-08  3.70431366e+00  3.02000000e-08  7.48072900e-02  3.02000000e-08  7.49995954e-02  3.02000000e-08  7.94919686e-14  3.02000000e-08  3.30000000e+00 
 3.02020000e-08  3.69076435e+00  3.02020000e-08  3.69076467e+00  3.02020000e-08  7.82779915e-02  3.02020000e-08  7.84804850e-02  3.02020000e-08  0.00000000e+00  3.02020000e-08  3.23400000e+00 
 3.02060000e-08  3.65999448e+00  3.02060000e-08  3.65999481e+00  3.02060000e-08  8.49590428e-02  3.02060000e-08  8.51823497e-02  3.02060000e-08  0.00000000e+00  3.02060000e-08  3.10200000e+00 
 3.02140000e-08  3.58648247e+00  3.02140000e-08  3.58648283e+00  3.02140000e-08  9.72616473e-02  3.02140000e-08  9.75263936e-02  3.02140000e-08  0.00000000e+00  3.02140000e-08  2.83800000e+00 
 3.02300000e-08  3.39540648e+00  3.02300000e-08  3.39540685e+00  3.02300000e-08  1.20133965e-01  3.02300000e-08  1.20471056e-01  3.02300000e-08  0.00000000e+00  3.02300000e-08  2.31000000e+00 
 3.02500000e-08  3.18599005e+00  3.02500000e-08  3.18599023e+00  3.02500000e-08  1.48098891e-01  3.02500000e-08  1.48506712e-01  3.02500000e-08  0.00000000e+00  3.02500000e-08  1.65000000e+00 
 3.02700000e-08  3.12945893e+00  3.02700000e-08  3.12945896e+00  3.02700000e-08  1.76517681e-01  3.02700000e-08  1.76985535e-01  3.02700000e-08  0.00000000e+00  3.02700000e-08  9.90000000e-01 
 3.02850000e-08  3.14912216e+00  3.02850000e-08  3.14912215e+00  3.02850000e-08  1.98048685e-01  3.02850000e-08  1.98560670e-01  3.02850000e-08  0.00000000e+00  3.02850000e-08  4.95000000e-01 
 3.03000000e-08  3.17237495e+00  3.03000000e-08  3.17237493e+00  3.03000000e-08  2.19770730e-01  3.03000000e-08  2.20328851e-01  3.03000000e-08  0.00000000e+00  3.03000000e-08  0.00000000e+00 
 3.03020000e-08  3.19457309e+00  3.03020000e-08  3.19457307e+00  3.03020000e-08  2.22755142e-01  3.03020000e-08  2.23319820e-01  3.03020000e-08  0.00000000e+00  3.03020000e-08  0.00000000e+00 
 3.03060000e-08  3.23128777e+00  3.03060000e-08  3.23128775e+00  3.03060000e-08  2.28695302e-01  3.03060000e-08  2.29273301e-01  3.03060000e-08  0.00000000e+00  3.03060000e-08  0.00000000e+00 
 3.03140000e-08  3.27229888e+00  3.03140000e-08  3.27229886e+00  3.03140000e-08  2.40461534e-01  3.03140000e-08  2.41067049e-01  3.03140000e-08  0.00000000e+00  3.03140000e-08  0.00000000e+00 
 3.03300000e-08  3.29799237e+00  3.03300000e-08  3.29799237e+00  3.03300000e-08  2.63902674e-01  3.03300000e-08  2.64566595e-01  3.03300000e-08  0.00000000e+00  3.03300000e-08  0.00000000e+00 
 3.03500000e-08  3.30021456e+00  3.03500000e-08  3.30021457e+00  3.03500000e-08  2.93387002e-01  3.03500000e-08  2.94132420e-01  3.03500000e-08  0.00000000e+00  3.03500000e-08  0.00000000e+00 
 3.03700000e-08  3.30001437e+00  3.03700000e-08  3.30001439e+00  3.03700000e-08  3.23211400e-01  3.03700000e-08  3.24051927e-01  3.03700000e-08  0.00000000e+00  3.03700000e-08  0.00000000e+00 
 3.03900000e-08  3.30000403e+00  3.03900000e-08  3.30000405e+00  3.03900000e-08  3.53404199e-01  3.03900000e-08  3.54358405e-01  3.03900000e-08  0.00000000e+00  3.03900000e-08  0.00000000e+00 
 3.04100000e-08  3.30000159e+00  3.04100000e-08  3.30000163e+00  3.04100000e-08  3.84014069e-01  3.04100000e-08  3.85106479e-01  3.04100000e-08  0.00000000e+00  3.04100000e-08  0.00000000e+00 
 3.04300000e-08  3.30000158e+00  3.04300000e-08  3.30000165e+00  3.04300000e-08  4.15117689e-01  3.04300000e-08  4.16381108e-01  3.04300000e-08  0.00000000e+00  3.04300000e-08  0.00000000e+00 
 3.04500000e-08  3.30000196e+00  3.04500000e-08  3.30000205e+00  3.04500000e-08  4.46826445e-01  3.04500000e-08  4.48306149e-01  3.04500000e-08  0.00000000e+00  3.04500000e-08  0.00000000e+00 
 3.04700000e-08  3.30000247e+00  3.04700000e-08  3.30000261e+00  3.04700000e-08  4.79304168e-01  3.04700000e-08  4.81065393e-01  3.04700000e-08  0.00000000e+00  3.04700000e-08  0.00000000e+00 
 3.04900000e-08  3.30000296e+00  3.04900000e-08  3.30000319e+00  3.04900000e-08  5.12801804e-01  3.04900000e-08  5.14944037e-01  3.04900000e-08  0.00000000e+00  3.04900000e-08  0.00000000e+00 
 3.05100000e-08  3.30000346e+00  3.05100000e-08  3.30000384e+00  3.05100000e-08  5.47727505e-01  3.05100000e-08  5.50414524e-01  3.05100000e-08  0.00000000e+00  3.05100000e-08  0.00000000e+00 
 3.05300000e-08  3.30000412e+00  3.05300000e-08  3.30000481e+00  3.05300000e-08  5.84805456e-01  3.05300000e-08  5.88337382e-01  3.05300000e-08  0.00000000e+00  3.05300000e-08  0.00000000e+00 
 3.05500000e-08  3.30000523e+00  3.05500000e-08  3.30000666e+00  3.05500000e-08  6.25433763e-01  3.05500000e-08  6.30419198e-01  3.05500000e-08  0.00000000e+00  3.05500000e-08  0.00000000e+00 
 3.05700000e-08  3.30000791e+00  3.05700000e-08  3.30001111e+00  3.05700000e-08  6.72555403e-01  3.05700000e-08  6.80244784e-01  3.05700000e-08  0.00000000e+00  3.05700000e-08  0.00000000e+00 
 3.05900000e-08  3.30001391e+00  3.05900000e-08  3.30001920e+00  3.05900000e-08  7.31947442e-01  3.05900000e-08  7.44037424e-01  3.05900000e-08  0.00000000e+00  3.05900000e-08  0.00000000e+00 
 3.06100000e-08  3.30002016e+00  3.06100000e-08  3.30002224e+00  3.06100000e-08  8.10168882e-01  3.06100000e-08  8.27022660e-01  3.06100000e-08  0.00000000e+00  3.06100000e-08  0.00000000e+00 
 3.06300000e-08  3.30001314e+00  3.06300000e-08  3.30000760e+00  3.06300000e-08  9.08139410e-01  3.06300000e-08  9.29062157e-01  3.06300000e-08  0.00000000e+00  3.06300000e-08  0.00000000e+00 
 3.06500000e-08  3.29999250e+00  3.06500000e-08  3.29997979e+00  3.06500000e-08  1.02223707e+00  3.06500000e-08  1.04647690e+00  3.06500000e-08  0.00000000e+00  3.06500000e-08  0.00000000e+00 
 3.06700000e-08  3.29996933e+00  3.06700000e-08  3.29995135e+00  3.06700000e-08  1.14836225e+00  3.06700000e-08  1.17543645e+00  3.06700000e-08  0.00000000e+00  3.06700000e-08  0.00000000e+00 
 3.06900000e-08  3.29995157e+00  3.06900000e-08  3.29993218e+00  3.06900000e-08  1.28359247e+00  3.06900000e-08  1.31314713e+00  3.06900000e-08  0.00000000e+00  3.06900000e-08  0.00000000e+00 
 3.07100000e-08  3.29994326e+00  3.07100000e-08  3.29992323e+00  3.07100000e-08  1.42563186e+00  3.07100000e-08  1.45734137e+00  3.07100000e-08  0.00000000e+00  3.07100000e-08  0.00000000e+00 
 3.07300000e-08  3.29993995e+00  3.07300000e-08  3.29991974e+00  3.07300000e-08  1.57241782e+00  3.07300000e-08  1.60597480e+00  3.07300000e-08  0.00000000e+00  3.07300000e-08  0.00000000e+00 
 3.07500000e-08  3.29994180e+00  3.07500000e-08  3.29992392e+00  3.07500000e-08  1.72207271e+00  3.07500000e-08  1.75718254e+00  3.07500000e-08  0.00000000e+00  3.07500000e-08  0.00000000e+00 
 3.07700000e-08  3.29994779e+00  3.07700000e-08  3.29993161e+00  3.07700000e-08  1.87251858e+00  3.07700000e-08  1.90867388e+00  3.07700000e-08  0.00000000e+00  3.07700000e-08  0.00000000e+00 
 3.07900000e-08  3.29995470e+00  3.07900000e-08  3.29994109e+00  3.07900000e-08  2.02089313e+00  3.07900000e-08  2.05742487e+00  3.07900000e-08  0.00000000e+00  3.07900000e-08  0.00000000e+00 
 3.08100000e-08  3.29996262e+00  3.08100000e-08  3.29995329e+00  3.08100000e-08  2.16429187e+00  3.08100000e-08  2.20058877e+00  3.08100000e-08  0.00000000e+00  3.08100000e-08  0.00000000e+00 
 3.08300000e-08  3.29997183e+00  3.08300000e-08  3.29996717e+00  3.08300000e-08  2.30035251e+00  3.08300000e-08  2.33589648e+00  3.08300000e-08  0.00000000e+00  3.08300000e-08  0.00000000e+00 
 3.08500000e-08  3.29998147e+00  3.08500000e-08  3.29998112e+00  3.08500000e-08  2.42728863e+00  3.08500000e-08  2.46164910e+00  3.08500000e-08  0.00000000e+00  3.08500000e-08  0.00000000e+00 
 3.08700000e-08  3.29999056e+00  3.08700000e-08  3.29999390e+00  3.08700000e-08  2.54386141e+00  3.08700000e-08  2.57669517e+00  3.08700000e-08  0.00000000e+00  3.08700000e-08  0.00000000e+00 
 3.08900000e-08  3.29999856e+00  3.08900000e-08  3.30000508e+00  3.08900000e-08  2.64935743e+00  3.08900000e-08  2.68040953e+00  3.08900000e-08  0.00000000e+00  3.08900000e-08  0.00000000e+00 
 3.09100000e-08  3.30000541e+00  3.09100000e-08  3.30001406e+00  3.09100000e-08  2.74354468e+00  3.09100000e-08  2.77264555e+00  3.09100000e-08  0.00000000e+00  3.09100000e-08  0.00000000e+00 
 3.09300000e-08  3.30001066e+00  3.09300000e-08  3.30002066e+00  3.09300000e-08  2.82660171e+00  3.09300000e-08  2.85365999e+00  3.09300000e-08  0.00000000e+00  3.09300000e-08  0.00000000e+00 
 3.09500000e-08  3.30001447e+00  3.09500000e-08  3.30002522e+00  3.09500000e-08  2.89903317e+00  3.09500000e-08  2.92402503e+00  3.09500000e-08  0.00000000e+00  3.09500000e-08  0.00000000e+00 
 3.09700000e-08  3.30001709e+00  3.09700000e-08  3.30002802e+00  3.09700000e-08  2.96157771e+00  3.09700000e-08  2.98453437e+00  3.09700000e-08  0.00000000e+00  3.09700000e-08  0.00000000e+00 
 3.09900000e-08  3.30001864e+00  3.09900000e-08  3.30002930e+00  3.09900000e-08  3.01512028e+00  3.09900000e-08  3.03611487e+00  3.09900000e-08  0.00000000e+00  3.09900000e-08  0.00000000e+00 
 3.10100000e-08  3.30001936e+00  3.10100000e-08  3.30002946e+00  3.10100000e-08  3.06061590e+00  3.10100000e-08  3.07975124e+00  3.10100000e-08  0.00000000e+00  3.10100000e-08  0.00000000e+00 
 3.10300000e-08  3.30001939e+00  3.10300000e-08  3.30002874e+00  3.10300000e-08  3.09902916e+00  3.10300000e-08  3.11642683e+00  3.10300000e-08  0.00000000e+00  3.10300000e-08  0.00000000e+00 
 3.10500000e-08  3.30001898e+00  3.10500000e-08  3.30002746e+00  3.10500000e-08  3.13128985e+00  3.10500000e-08  3.14708146e+00  3.10500000e-08  0.00000000e+00  3.10500000e-08  0.00000000e+00 
 3.10700000e-08  3.30001821e+00  3.10700000e-08  3.30002579e+00  3.10700000e-08  3.15826393e+00  3.10700000e-08  3.17258419e+00  3.10700000e-08  0.00000000e+00  3.10700000e-08  0.00000000e+00 
 3.10900000e-08  3.30001726e+00  3.10900000e-08  3.30002395e+00  3.10900000e-08  3.18073674e+00  3.10900000e-08  3.19371855e+00  3.10900000e-08  0.00000000e+00  3.10900000e-08  0.00000000e+00 
 3.11100000e-08  3.30001615e+00  3.11100000e-08  3.30002201e+00  3.11100000e-08  3.19940606e+00  3.11100000e-08  3.21117712e+00  3.11100000e-08  0.00000000e+00  3.11100000e-08  0.00000000e+00 
 3.11300000e-08  3.30001502e+00  3.11300000e-08  3.30002009e+00  3.11300000e-08  3.21488177e+00  3.11300000e-08  3.22556240e+00  3.11300000e-08  0.00000000e+00  3.11300000e-08  0.00000000e+00 
 3.11500000e-08  3.30001384e+00  3.11500000e-08  3.30001821e+00  3.11500000e-08  3.22769002e+00  3.11500000e-08  3.23739198e+00  3.11500000e-08  0.00000000e+00  3.11500000e-08  0.00000000e+00 
 3.11700000e-08  3.30001271e+00  3.11700000e-08  3.30001646e+00  3.11700000e-08  3.23827992e+00  3.11700000e-08  3.24710588e+00  3.11700000e-08  0.00000000e+00  3.11700000e-08  0.00000000e+00 
 3.11900000e-08  3.30001159e+00  3.11900000e-08  3.30001479e+00  3.11900000e-08  3.24703161e+00  3.11900000e-08  3.25507504e+00  3.11900000e-08  0.00000000e+00  3.11900000e-08  0.00000000e+00 
 3.12100000e-08  3.30001056e+00  3.12100000e-08  3.30001328e+00  3.12100000e-08  3.25426451e+00  3.12100000e-08  3.26160997e+00  3.12100000e-08  0.00000000e+00  3.12100000e-08  0.00000000e+00 
 3.12300000e-08  3.30000957e+00  3.12300000e-08  3.30001188e+00  3.12300000e-08  3.26024559e+00  3.12300000e-08  3.26696911e+00  3.12300000e-08  0.00000000e+00  3.12300000e-08  0.00000000e+00 
 3.12500000e-08  3.30000868e+00  3.12500000e-08  3.30001063e+00  3.12500000e-08  3.26519680e+00  3.12500000e-08  3.27136648e+00  3.12500000e-08  0.00000000e+00  3.12500000e-08  0.00000000e+00 
 3.12700000e-08  3.30000783e+00  3.12700000e-08  3.30000949e+00  3.12700000e-08  3.26930203e+00  3.12700000e-08  3.27497862e+00  3.12700000e-08  0.00000000e+00  3.12700000e-08  0.00000000e+00 
 3.12900000e-08  3.30000708e+00  3.12900000e-08  3.30000848e+00  3.12900000e-08  3.27271307e+00  3.12900000e-08  3.27795063e+00  3.12900000e-08  0.00000000e+00  3.12900000e-08  0.00000000e+00 
 3.13100000e-08  3.30000637e+00  3.13100000e-08  3.30000756e+00  3.13100000e-08  3.27555495e+00  3.13100000e-08  3.28040140e+00  3.13100000e-08  0.00000000e+00  3.13100000e-08  0.00000000e+00 
 3.13300000e-08  3.30000576e+00  3.13300000e-08  3.30000677e+00  3.13300000e-08  3.27793033e+00  3.13300000e-08  3.28242814e+00  3.13300000e-08  0.00000000e+00  3.13300000e-08  0.00000000e+00 
 3.13500000e-08  3.30000518e+00  3.13500000e-08  3.30000603e+00  3.13500000e-08  3.27992342e+00  3.13500000e-08  3.28411011e+00  3.13500000e-08  0.00000000e+00  3.13500000e-08  0.00000000e+00 
 3.13700000e-08  3.30000468e+00  3.13700000e-08  3.30000541e+00  3.13700000e-08  3.28160312e+00  3.13700000e-08  3.28551184e+00  3.13700000e-08  0.00000000e+00  3.13700000e-08  0.00000000e+00 
 3.13900000e-08  3.30000421e+00  3.13900000e-08  3.30000483e+00  3.13900000e-08  3.28302583e+00  3.13900000e-08  3.28668576e+00  3.13900000e-08  0.00000000e+00  3.13900000e-08  0.00000000e+00 
 3.14100000e-08  3.30000382e+00  3.14100000e-08  3.30000434e+00  3.14100000e-08  3.28423753e+00  3.14100000e-08  3.28767446e+00  3.14100000e-08  0.00000000e+00  3.14100000e-08  0.00000000e+00 
 3.14300000e-08  3.30000344e+00  3.14300000e-08  3.30000388e+00  3.14300000e-08  3.28527584e+00  3.14300000e-08  3.28851241e+00  3.14300000e-08  0.00000000e+00  3.14300000e-08  0.00000000e+00 
 3.14500000e-08  3.30000312e+00  3.14500000e-08  3.30000351e+00  3.14500000e-08  3.28617135e+00  3.14500000e-08  3.28922757e+00  3.14500000e-08  0.00000000e+00  3.14500000e-08  0.00000000e+00 
 3.14700000e-08  3.30000281e+00  3.14700000e-08  3.30000314e+00  3.14700000e-08  3.28694909e+00  3.14700000e-08  3.28984252e+00  3.14700000e-08  0.00000000e+00  3.14700000e-08  0.00000000e+00 
 3.14900000e-08  3.30000257e+00  3.14900000e-08  3.30000285e+00  3.14900000e-08  3.28762938e+00  3.14900000e-08  3.29037554e+00  3.14900000e-08  0.00000000e+00  3.14900000e-08  0.00000000e+00 
 3.15100000e-08  3.30000232e+00  3.15100000e-08  3.30000256e+00  3.15100000e-08  3.28822886e+00  3.15100000e-08  3.29084141e+00  3.15100000e-08  0.00000000e+00  3.15100000e-08  0.00000000e+00 
 3.15300000e-08  3.30000212e+00  3.15300000e-08  3.30000233e+00  3.15300000e-08  3.28876104e+00  3.15300000e-08  3.29125206e+00  3.15300000e-08  0.00000000e+00  3.15300000e-08  0.00000000e+00 
 3.15500000e-08  3.30000192e+00  3.15500000e-08  3.30000211e+00  3.15500000e-08  3.28923698e+00  3.15500000e-08  3.29161713e+00  3.15500000e-08  0.00000000e+00  3.15500000e-08  0.00000000e+00 
 3.15700000e-08  3.30000177e+00  3.15700000e-08  3.30000193e+00  3.15700000e-08  3.28966570e+00  3.15700000e-08  3.29194440e+00  3.15700000e-08  0.00000000e+00  3.15700000e-08  0.00000000e+00 
 3.15900000e-08  3.30000160e+00  3.15900000e-08  3.30000174e+00  3.15900000e-08  3.29005457e+00  3.15900000e-08  3.29224019e+00  3.15900000e-08  0.00000000e+00  3.15900000e-08  0.00000000e+00 
 3.16100000e-08  3.30000148e+00  3.16100000e-08  3.30000160e+00  3.16100000e-08  3.29040961e+00  3.16100000e-08  3.29250958e+00  3.16100000e-08  0.00000000e+00  3.16100000e-08  0.00000000e+00 
 3.16300000e-08  3.30000134e+00  3.16300000e-08  3.30000145e+00  3.16300000e-08  3.29073579e+00  3.16300000e-08  3.29275669e+00  3.16300000e-08  0.00000000e+00  3.16300000e-08  0.00000000e+00 
 3.16500000e-08  3.30000125e+00  3.16500000e-08  3.30000135e+00  3.16500000e-08  3.29103716e+00  3.16500000e-08  3.29298490e+00  3.16500000e-08  0.00000000e+00  3.16500000e-08  0.00000000e+00 
 3.16700000e-08  3.30000114e+00  3.16700000e-08  3.30000122e+00  3.16700000e-08  3.29131707e+00  3.16700000e-08  3.29319690e+00  3.16700000e-08  0.00000000e+00  3.16700000e-08  0.00000000e+00 
 3.16900000e-08  3.30000106e+00  3.16900000e-08  3.30000114e+00  3.16900000e-08  3.29157829e+00  3.16900000e-08  3.29339493e+00  3.16900000e-08  0.00000000e+00  3.16900000e-08  0.00000000e+00 
 3.17100000e-08  3.30000097e+00  3.17100000e-08  3.30000104e+00  3.17100000e-08  3.29182311e+00  3.17100000e-08  3.29358078e+00  3.17100000e-08  0.00000000e+00  3.17100000e-08  0.00000000e+00 
 3.17300000e-08  3.30000091e+00  3.17300000e-08  3.30000097e+00  3.17300000e-08  3.29205342e+00  3.17300000e-08  3.29375596e+00  3.17300000e-08  0.00000000e+00  3.17300000e-08  0.00000000e+00 
 3.17500000e-08  3.30000083e+00  3.17500000e-08  3.30000088e+00  3.17500000e-08  3.29227085e+00  3.17500000e-08  3.29392167e+00  3.17500000e-08  0.00000000e+00  3.17500000e-08  0.00000000e+00 
 3.17700000e-08  3.30000078e+00  3.17700000e-08  3.30000083e+00  3.17700000e-08  3.29247670e+00  3.17700000e-08  3.29407894e+00  3.17700000e-08  0.00000000e+00  3.17700000e-08  0.00000000e+00 
 3.17900000e-08  3.30000071e+00  3.17900000e-08  3.30000076e+00  3.17900000e-08  3.29267213e+00  3.17900000e-08  3.29422861e+00  3.17900000e-08  0.00000000e+00  3.17900000e-08  0.00000000e+00 
 3.18100000e-08  3.30000068e+00  3.18100000e-08  3.30000072e+00  3.18100000e-08  3.29285808e+00  3.18100000e-08  3.29437138e+00  3.18100000e-08  0.00000000e+00  3.18100000e-08  0.00000000e+00 
 3.18300000e-08  3.30000062e+00  3.18300000e-08  3.30000066e+00  3.18300000e-08  3.29303538e+00  3.18300000e-08  3.29450785e+00  3.18300000e-08  0.00000000e+00  3.18300000e-08  0.00000000e+00 
 3.18500000e-08  3.30000059e+00  3.18500000e-08  3.30000063e+00  3.18500000e-08  3.29320473e+00  3.18500000e-08  3.29463853e+00  3.18500000e-08  0.00000000e+00  3.18500000e-08  0.00000000e+00 
 3.18700000e-08  3.30000054e+00  3.18700000e-08  3.30000057e+00  3.18700000e-08  3.29336676e+00  3.18700000e-08  3.29476385e+00  3.18700000e-08  0.00000000e+00  3.18700000e-08  0.00000000e+00 
 3.18900000e-08  3.30000052e+00  3.18900000e-08  3.30000055e+00  3.18900000e-08  3.29352197e+00  3.18900000e-08  3.29488419e+00  3.18900000e-08  0.00000000e+00  3.18900000e-08  0.00000000e+00 
 3.19100000e-08  3.30000047e+00  3.19100000e-08  3.30000050e+00  3.19100000e-08  3.29367087e+00  3.19100000e-08  3.29499988e+00  3.19100000e-08  0.00000000e+00  3.19100000e-08  0.00000000e+00 
 3.19300000e-08  3.30000046e+00  3.19300000e-08  3.30000048e+00  3.19300000e-08  3.29381383e+00  3.19300000e-08  3.29511120e+00  3.19300000e-08  0.00000000e+00  3.19300000e-08  0.00000000e+00 
 3.19500000e-08  3.30000042e+00  3.19500000e-08  3.30000044e+00  3.19500000e-08  3.29395126e+00  3.19500000e-08  3.29521842e+00  3.19500000e-08  0.00000000e+00  3.19500000e-08  0.00000000e+00 
 3.19700000e-08  3.30000041e+00  3.19700000e-08  3.30000043e+00  3.19700000e-08  3.29408345e+00  3.19700000e-08  3.29532175e+00  3.19700000e-08  0.00000000e+00  3.19700000e-08  0.00000000e+00 
 3.19900000e-08  3.30000037e+00  3.19900000e-08  3.30000039e+00  3.19900000e-08  3.29421074e+00  3.19900000e-08  3.29542141e+00  3.19900000e-08  0.00000000e+00  3.19900000e-08  0.00000000e+00 
 3.20100000e-08  3.30000036e+00  3.20100000e-08  3.30000038e+00  3.20100000e-08  3.29433336e+00  3.20100000e-08  3.29551759e+00  3.20100000e-08  0.00000000e+00  3.20100000e-08  0.00000000e+00 
 3.20300000e-08  3.30000033e+00  3.20300000e-08  3.30000035e+00  3.20300000e-08  3.29445160e+00  3.20300000e-08  3.29561045e+00  3.20300000e-08  0.00000000e+00  3.20300000e-08  0.00000000e+00 
 3.20500000e-08  3.30000033e+00  3.20500000e-08  3.30000034e+00  3.20500000e-08  3.29456566e+00  3.20500000e-08  3.29570016e+00  3.20500000e-08  0.00000000e+00  3.20500000e-08  0.00000000e+00 
 3.20700000e-08  3.30000030e+00  3.20700000e-08  3.30000031e+00  3.20700000e-08  3.29467576e+00  3.20700000e-08  3.29578686e+00  3.20700000e-08  0.00000000e+00  3.20700000e-08  0.00000000e+00 
 3.20900000e-08  3.30000029e+00  3.20900000e-08  3.30000031e+00  3.20900000e-08  3.29478208e+00  3.20900000e-08  3.29587070e+00  3.20900000e-08  0.00000000e+00  3.20900000e-08  0.00000000e+00 
 3.21100000e-08  3.30000027e+00  3.21100000e-08  3.30000028e+00  3.21100000e-08  3.29488482e+00  3.21100000e-08  3.29595178e+00  3.21100000e-08  0.00000000e+00  3.21100000e-08  0.00000000e+00 
 3.21300000e-08  3.30000027e+00  3.21300000e-08  3.30000028e+00  3.21300000e-08  3.29498413e+00  3.21300000e-08  3.29603025e+00  3.21300000e-08  0.00000000e+00  3.21300000e-08  0.00000000e+00 
 3.21500000e-08  3.30000024e+00  3.21500000e-08  3.30000025e+00  3.21500000e-08  3.29508018e+00  3.21500000e-08  3.29610621e+00  3.21500000e-08  0.00000000e+00  3.21500000e-08  0.00000000e+00 
 3.21700000e-08  3.30000024e+00  3.21700000e-08  3.30000025e+00  3.21700000e-08  3.29517310e+00  3.21700000e-08  3.29617976e+00  3.21700000e-08  0.00000000e+00  3.21700000e-08  0.00000000e+00 
 3.21900000e-08  3.30000022e+00  3.21900000e-08  3.30000023e+00  3.21900000e-08  3.29526306e+00  3.21900000e-08  3.29625100e+00  3.21900000e-08  0.00000000e+00  3.21900000e-08  0.00000000e+00 
 3.22100000e-08  3.30000022e+00  3.22100000e-08  3.30000023e+00  3.22100000e-08  3.29535015e+00  3.22100000e-08  3.29632004e+00  3.22100000e-08  0.00000000e+00  3.22100000e-08  0.00000000e+00 
 3.22300000e-08  3.30000020e+00  3.22300000e-08  3.30000021e+00  3.22300000e-08  3.29543454e+00  3.22300000e-08  3.29638696e+00  3.22300000e-08  0.00000000e+00  3.22300000e-08  0.00000000e+00 
 3.22500000e-08  3.30000020e+00  3.22500000e-08  3.30000021e+00  3.22500000e-08  3.29551629e+00  3.22500000e-08  3.29645185e+00  3.22500000e-08  0.00000000e+00  3.22500000e-08  0.00000000e+00 
 3.22700000e-08  3.30000018e+00  3.22700000e-08  3.30000019e+00  3.22700000e-08  3.29559556e+00  3.22700000e-08  3.29651478e+00  3.22700000e-08  0.00000000e+00  3.22700000e-08  0.00000000e+00 
 3.22900000e-08  3.30000018e+00  3.22900000e-08  3.30000019e+00  3.22900000e-08  3.29567242e+00  3.22900000e-08  3.29657584e+00  3.22900000e-08  0.00000000e+00  3.22900000e-08  0.00000000e+00 
 3.23100000e-08  3.30000016e+00  3.23100000e-08  3.30000017e+00  3.23100000e-08  3.29574699e+00  3.23100000e-08  3.29663510e+00  3.23100000e-08  0.00000000e+00  3.23100000e-08  0.00000000e+00 
 3.23300000e-08  3.30000017e+00  3.23300000e-08  3.30000018e+00  3.23300000e-08  3.29581934e+00  3.23300000e-08  3.29669262e+00  3.23300000e-08  0.00000000e+00  3.23300000e-08  0.00000000e+00 
 3.23500000e-08  3.30000015e+00  3.23500000e-08  3.30000016e+00  3.23500000e-08  3.29588958e+00  3.23500000e-08  3.29674849e+00  3.23500000e-08  0.00000000e+00  3.23500000e-08  0.00000000e+00 
 3.23700000e-08  3.30000016e+00  3.23700000e-08  3.30000016e+00  3.23700000e-08  3.29595779e+00  3.23700000e-08  3.29680275e+00  3.23700000e-08  0.00000000e+00  3.23700000e-08  0.00000000e+00 
 3.23900000e-08  3.30000014e+00  3.23900000e-08  3.30000014e+00  3.23900000e-08  3.29602405e+00  3.23900000e-08  3.29685548e+00  3.23900000e-08  0.00000000e+00  3.23900000e-08  0.00000000e+00 
 3.24100000e-08  3.30000015e+00  3.24100000e-08  3.30000015e+00  3.24100000e-08  3.29608841e+00  3.24100000e-08  3.29690672e+00  3.24100000e-08  0.00000000e+00  3.24100000e-08  0.00000000e+00 
 3.24300000e-08  3.30000013e+00  3.24300000e-08  3.30000013e+00  3.24300000e-08  3.29615099e+00  3.24300000e-08  3.29695654e+00  3.24300000e-08  0.00000000e+00  3.24300000e-08  0.00000000e+00 
 3.24500000e-08  3.30000013e+00  3.24500000e-08  3.30000014e+00  3.24500000e-08  3.29621182e+00  3.24500000e-08  3.29700499e+00  3.24500000e-08  0.00000000e+00  3.24500000e-08  0.00000000e+00 
 3.24700000e-08  3.30000012e+00  3.24700000e-08  3.30000012e+00  3.24700000e-08  3.29627099e+00  3.24700000e-08  3.29705211e+00  3.24700000e-08  0.00000000e+00  3.24700000e-08  0.00000000e+00 
 3.24900000e-08  3.30000013e+00  3.24900000e-08  3.30000013e+00  3.24900000e-08  3.29632855e+00  3.24900000e-08  3.29709797e+00  3.24900000e-08  0.00000000e+00  3.24900000e-08  0.00000000e+00 
 3.25100000e-08  3.30000011e+00  3.25100000e-08  3.30000011e+00  3.25100000e-08  3.29638456e+00  3.25100000e-08  3.29714259e+00  3.25100000e-08  0.00000000e+00  3.25100000e-08  0.00000000e+00 
 3.25300000e-08  3.30000012e+00  3.25300000e-08  3.30000012e+00  3.25300000e-08  3.29643908e+00  3.25300000e-08  3.29718604e+00  3.25300000e-08  0.00000000e+00  3.25300000e-08  0.00000000e+00 
 3.25500000e-08  3.30000010e+00  3.25500000e-08  3.30000010e+00  3.25500000e-08  3.29649217e+00  3.25500000e-08  3.29722834e+00  3.25500000e-08  0.00000000e+00  3.25500000e-08  0.00000000e+00 
 3.25700000e-08  3.30000011e+00  3.25700000e-08  3.30000011e+00  3.25700000e-08  3.29654386e+00  3.25700000e-08  3.29726955e+00  3.25700000e-08  0.00000000e+00  3.25700000e-08  0.00000000e+00 
 3.25900000e-08  3.30000009e+00  3.25900000e-08  3.30000010e+00  3.25900000e-08  3.29659423e+00  3.25900000e-08  3.29730970e+00  3.25900000e-08  0.00000000e+00  3.25900000e-08  0.00000000e+00 
 3.26100000e-08  3.30000010e+00  3.26100000e-08  3.30000011e+00  3.26100000e-08  3.29664330e+00  3.26100000e-08  3.29734882e+00  3.26100000e-08  0.00000000e+00  3.26100000e-08  0.00000000e+00 
 3.26300000e-08  3.30000008e+00  3.26300000e-08  3.30000009e+00  3.26300000e-08  3.29669115e+00  3.26300000e-08  3.29738695e+00  3.26300000e-08  0.00000000e+00  3.26300000e-08  0.00000000e+00 
 3.26500000e-08  3.30000010e+00  3.26500000e-08  3.30000010e+00  3.26500000e-08  3.29673778e+00  3.26500000e-08  3.29742413e+00  3.26500000e-08  0.00000000e+00  3.26500000e-08  0.00000000e+00 
 3.26700000e-08  3.30000008e+00  3.26700000e-08  3.30000008e+00  3.26700000e-08  3.29678327e+00  3.26700000e-08  3.29746039e+00  3.26700000e-08  0.00000000e+00  3.26700000e-08  0.00000000e+00 
 3.26900000e-08  3.30000009e+00  3.26900000e-08  3.30000009e+00  3.26900000e-08  3.29682763e+00  3.26900000e-08  3.29749576e+00  3.26900000e-08  0.00000000e+00  3.26900000e-08  0.00000000e+00 
 3.27100000e-08  3.30000007e+00  3.27100000e-08  3.30000008e+00  3.27100000e-08  3.29687092e+00  3.27100000e-08  3.29753027e+00  3.27100000e-08  0.00000000e+00  3.27100000e-08  0.00000000e+00 
 3.27300000e-08  3.30000008e+00  3.27300000e-08  3.30000009e+00  3.27300000e-08  3.29691316e+00  3.27300000e-08  3.29756395e+00  3.27300000e-08  0.00000000e+00  3.27300000e-08  0.00000000e+00 
 3.27500000e-08  3.30000007e+00  3.27500000e-08  3.30000007e+00  3.27500000e-08  3.29695440e+00  3.27500000e-08  3.29759683e+00  3.27500000e-08  0.00000000e+00  3.27500000e-08  0.00000000e+00 
 3.27700000e-08  3.30000008e+00  3.27700000e-08  3.30000008e+00  3.27700000e-08  3.29699465e+00  3.27700000e-08  3.29762892e+00  3.27700000e-08  0.00000000e+00  3.27700000e-08  0.00000000e+00 
 3.27900000e-08  3.30000006e+00  3.27900000e-08  3.30000007e+00  3.27900000e-08  3.29703398e+00  3.27900000e-08  3.29766027e+00  3.27900000e-08  0.00000000e+00  3.27900000e-08  0.00000000e+00 
 3.28100000e-08  3.30000008e+00  3.28100000e-08  3.30000008e+00  3.28100000e-08  3.29707238e+00  3.28100000e-08  3.29769089e+00  3.28100000e-08  0.00000000e+00  3.28100000e-08  0.00000000e+00 
 3.28300000e-08  3.30000006e+00  3.28300000e-08  3.30000006e+00  3.28300000e-08  3.29710991e+00  3.28300000e-08  3.29772080e+00  3.28300000e-08  0.00000000e+00  3.28300000e-08  0.00000000e+00 
 3.28500000e-08  3.30000007e+00  3.28500000e-08  3.30000007e+00  3.28500000e-08  3.29714657e+00  3.28500000e-08  3.29775004e+00  3.28500000e-08  0.00000000e+00  3.28500000e-08  0.00000000e+00 
 3.28700000e-08  3.30000006e+00  3.28700000e-08  3.30000006e+00  3.28700000e-08  3.29718243e+00  3.28700000e-08  3.29777861e+00  3.28700000e-08  0.00000000e+00  3.28700000e-08  0.00000000e+00 
 3.28900000e-08  3.30000007e+00  3.28900000e-08  3.30000007e+00  3.28900000e-08  3.29721746e+00  3.28900000e-08  3.29780654e+00  3.28900000e-08  0.00000000e+00  3.28900000e-08  0.00000000e+00 
 3.29100000e-08  3.30000005e+00  3.29100000e-08  3.30000005e+00  3.29100000e-08  3.29725174e+00  3.29100000e-08  3.29783385e+00  3.29100000e-08  0.00000000e+00  3.29100000e-08  0.00000000e+00 
 3.29300000e-08  3.30000006e+00  3.29300000e-08  3.30000007e+00  3.29300000e-08  3.29728525e+00  3.29300000e-08  3.29786057e+00  3.29300000e-08  0.00000000e+00  3.29300000e-08  0.00000000e+00 
 3.29500000e-08  3.30000005e+00  3.29500000e-08  3.30000005e+00  3.29500000e-08  3.29731804e+00  3.29500000e-08  3.29788670e+00  3.29500000e-08  0.00000000e+00  3.29500000e-08  0.00000000e+00 
 3.29700000e-08  3.30000006e+00  3.29700000e-08  3.30000006e+00  3.29700000e-08  3.29735012e+00  3.29700000e-08  3.29791226e+00  3.29700000e-08  0.00000000e+00  3.29700000e-08  0.00000000e+00 
 3.29900000e-08  3.30000005e+00  3.29900000e-08  3.30000005e+00  3.29900000e-08  3.29738152e+00  3.29900000e-08  3.29793728e+00  3.29900000e-08  0.00000000e+00  3.29900000e-08  0.00000000e+00 
 3.30100000e-08  3.30000006e+00  3.30100000e-08  3.30000006e+00  3.30100000e-08  3.29741224e+00  3.30100000e-08  3.29796177e+00  3.30100000e-08  0.00000000e+00  3.30100000e-08  0.00000000e+00 
 3.30300000e-08  3.30000004e+00  3.30300000e-08  3.30000004e+00  3.30300000e-08  3.29744234e+00  3.30300000e-08  3.29798574e+00  3.30300000e-08  0.00000000e+00  3.30300000e-08  0.00000000e+00 
 3.30500000e-08  3.30000006e+00  3.30500000e-08  3.30000006e+00  3.30500000e-08  3.29747179e+00  3.30500000e-08  3.29800921e+00  3.30500000e-08  0.00000000e+00  3.30500000e-08  0.00000000e+00 
 3.30700000e-08  3.30000004e+00  3.30700000e-08  3.30000004e+00  3.30700000e-08  3.29750065e+00  3.30700000e-08  3.29803220e+00  3.30700000e-08  0.00000000e+00  3.30700000e-08  0.00000000e+00 
 3.30900000e-08  3.30000005e+00  3.30900000e-08  3.30000005e+00  3.30900000e-08  3.29752891e+00  3.30900000e-08  3.29805471e+00  3.30900000e-08  0.00000000e+00  3.30900000e-08  0.00000000e+00 
 3.31100000e-08  3.30000004e+00  3.31100000e-08  3.30000004e+00  3.31100000e-08  3.29755661e+00  3.31100000e-08  3.29807676e+00  3.31100000e-08  0.00000000e+00  3.31100000e-08  0.00000000e+00 
 3.31300000e-08  3.30000005e+00  3.31300000e-08  3.30000005e+00  3.31300000e-08  3.29758373e+00  3.31300000e-08  3.29809837e+00  3.31300000e-08  0.00000000e+00  3.31300000e-08  0.00000000e+00 
 3.31500000e-08  3.30000004e+00  3.31500000e-08  3.30000004e+00  3.31500000e-08  3.29761033e+00  3.31500000e-08  3.29811955e+00  3.31500000e-08  0.00000000e+00  3.31500000e-08  0.00000000e+00 
 3.31700000e-08  3.30000005e+00  3.31700000e-08  3.30000005e+00  3.31700000e-08  3.29763640e+00  3.31700000e-08  3.29814031e+00  3.31700000e-08  0.00000000e+00  3.31700000e-08  0.00000000e+00 
 3.31900000e-08  3.30000003e+00  3.31900000e-08  3.30000003e+00  3.31900000e-08  3.29766196e+00  3.31900000e-08  3.29816066e+00  3.31900000e-08  0.00000000e+00  3.31900000e-08  0.00000000e+00 
 3.32100000e-08  3.30000005e+00  3.32100000e-08  3.30000005e+00  3.32100000e-08  3.29768701e+00  3.32100000e-08  3.29818061e+00  3.32100000e-08  0.00000000e+00  3.32100000e-08  0.00000000e+00 
 3.32300000e-08  3.30000003e+00  3.32300000e-08  3.30000003e+00  3.32300000e-08  3.29771159e+00  3.32300000e-08  3.29820017e+00  3.32300000e-08  0.00000000e+00  3.32300000e-08  0.00000000e+00 
 3.32500000e-08  3.30000004e+00  3.32500000e-08  3.30000004e+00  3.32500000e-08  3.29773569e+00  3.32500000e-08  3.29821936e+00  3.32500000e-08  0.00000000e+00  3.32500000e-08  0.00000000e+00 
 3.32700000e-08  3.30000003e+00  3.32700000e-08  3.30000003e+00  3.32700000e-08  3.29775935e+00  3.32700000e-08  3.29823818e+00  3.32700000e-08  0.00000000e+00  3.32700000e-08  0.00000000e+00 
 3.32900000e-08  3.30000004e+00  3.32900000e-08  3.30000004e+00  3.32900000e-08  3.29778255e+00  3.32900000e-08  3.29825665e+00  3.32900000e-08  0.00000000e+00  3.32900000e-08  0.00000000e+00 
 3.33100000e-08  3.30000003e+00  3.33100000e-08  3.30000003e+00  3.33100000e-08  3.29780533e+00  3.33100000e-08  3.29827477e+00  3.33100000e-08  0.00000000e+00  3.33100000e-08  0.00000000e+00 
 3.33300000e-08  3.30000004e+00  3.33300000e-08  3.30000004e+00  3.33300000e-08  3.29782767e+00  3.33300000e-08  3.29829255e+00  3.33300000e-08  0.00000000e+00  3.33300000e-08  0.00000000e+00 
 3.33500000e-08  3.30000003e+00  3.33500000e-08  3.30000003e+00  3.33500000e-08  3.29784961e+00  3.33500000e-08  3.29831001e+00  3.33500000e-08  0.00000000e+00  3.33500000e-08  0.00000000e+00 
 3.33700000e-08  3.30000004e+00  3.33700000e-08  3.30000004e+00  3.33700000e-08  3.29787114e+00  3.33700000e-08  3.29832714e+00  3.33700000e-08  0.00000000e+00  3.33700000e-08  0.00000000e+00 
 3.33900000e-08  3.30000002e+00  3.33900000e-08  3.30000003e+00  3.33900000e-08  3.29789230e+00  3.33900000e-08  3.29834396e+00  3.33900000e-08  0.00000000e+00  3.33900000e-08  0.00000000e+00 
 3.34100000e-08  3.30000004e+00  3.34100000e-08  3.30000004e+00  3.34100000e-08  3.29791306e+00  3.34100000e-08  3.29836048e+00  3.34100000e-08  0.00000000e+00  3.34100000e-08  0.00000000e+00 
 3.34300000e-08  3.30000002e+00  3.34300000e-08  3.30000002e+00  3.34300000e-08  3.29793347e+00  3.34300000e-08  3.29837670e+00  3.34300000e-08  0.00000000e+00  3.34300000e-08  0.00000000e+00 
 3.34500000e-08  3.30000004e+00  3.34500000e-08  3.30000004e+00  3.34500000e-08  3.29795350e+00  3.34500000e-08  3.29839264e+00  3.34500000e-08  0.00000000e+00  3.34500000e-08  0.00000000e+00 
 3.34700000e-08  3.30000002e+00  3.34700000e-08  3.30000002e+00  3.34700000e-08  3.29797319e+00  3.34700000e-08  3.29840829e+00  3.34700000e-08  0.00000000e+00  3.34700000e-08  0.00000000e+00 
 3.34900000e-08  3.30000003e+00  3.34900000e-08  3.30000004e+00  3.34900000e-08  3.29799252e+00  3.34900000e-08  3.29842367e+00  3.34900000e-08  0.00000000e+00  3.34900000e-08  0.00000000e+00 
 3.35100000e-08  3.30000002e+00  3.35100000e-08  3.30000002e+00  3.35100000e-08  3.29801154e+00  3.35100000e-08  3.29843878e+00  3.35100000e-08  0.00000000e+00  3.35100000e-08  0.00000000e+00 
 3.35300000e-08  3.30000003e+00  3.35300000e-08  3.30000003e+00  3.35300000e-08  3.29803022e+00  3.35300000e-08  3.29845363e+00  3.35300000e-08  0.00000000e+00  3.35300000e-08  0.00000000e+00 
 3.35500000e-08  3.30000002e+00  3.35500000e-08  3.30000002e+00  3.35500000e-08  3.29804859e+00  3.35500000e-08  3.29846822e+00  3.35500000e-08  0.00000000e+00  3.35500000e-08  0.00000000e+00 
 3.35700000e-08  3.30000003e+00  3.35700000e-08  3.30000003e+00  3.35700000e-08  3.29806663e+00  3.35700000e-08  3.29848257e+00  3.35700000e-08  0.00000000e+00  3.35700000e-08  0.00000000e+00 
 3.35900000e-08  3.30000002e+00  3.35900000e-08  3.30000002e+00  3.35900000e-08  3.29808439e+00  3.35900000e-08  3.29849667e+00  3.35900000e-08  0.00000000e+00  3.35900000e-08  0.00000000e+00 
 3.36100000e-08  3.30000003e+00  3.36100000e-08  3.30000003e+00  3.36100000e-08  3.29810184e+00  3.36100000e-08  3.29851054e+00  3.36100000e-08  0.00000000e+00  3.36100000e-08  0.00000000e+00 
 3.36300000e-08  3.30000002e+00  3.36300000e-08  3.30000002e+00  3.36300000e-08  3.29811901e+00  3.36300000e-08  3.29852418e+00  3.36300000e-08  0.00000000e+00  3.36300000e-08  0.00000000e+00 
 3.36500000e-08  3.30000003e+00  3.36500000e-08  3.30000003e+00  3.36500000e-08  3.29813588e+00  3.36500000e-08  3.29853759e+00  3.36500000e-08  0.00000000e+00  3.36500000e-08  0.00000000e+00 
 3.36700000e-08  3.30000002e+00  3.36700000e-08  3.30000002e+00  3.36700000e-08  3.29815250e+00  3.36700000e-08  3.29855078e+00  3.36700000e-08  0.00000000e+00  3.36700000e-08  0.00000000e+00 
 3.36900000e-08  3.30000003e+00  3.36900000e-08  3.30000003e+00  3.36900000e-08  3.29816883e+00  3.36900000e-08  3.29856376e+00  3.36900000e-08  0.00000000e+00  3.36900000e-08  0.00000000e+00 
 3.37100000e-08  3.30000001e+00  3.37100000e-08  3.30000002e+00  3.37100000e-08  3.29818491e+00  3.37100000e-08  3.29857652e+00  3.37100000e-08  0.00000000e+00  3.37100000e-08  0.00000000e+00 
 3.37300000e-08  3.30000003e+00  3.37300000e-08  3.30000003e+00  3.37300000e-08  3.29820073e+00  3.37300000e-08  3.29858908e+00  3.37300000e-08  0.00000000e+00  3.37300000e-08  0.00000000e+00 
 3.37500000e-08  3.30000001e+00  3.37500000e-08  3.30000001e+00  3.37500000e-08  3.29821630e+00  3.37500000e-08  3.29860144e+00  3.37500000e-08  0.00000000e+00  3.37500000e-08  0.00000000e+00 
 3.37700000e-08  3.30000003e+00  3.37700000e-08  3.30000003e+00  3.37700000e-08  3.29823161e+00  3.37700000e-08  3.29861361e+00  3.37700000e-08  0.00000000e+00  3.37700000e-08  0.00000000e+00 
 3.37900000e-08  3.30000001e+00  3.37900000e-08  3.30000001e+00  3.37900000e-08  3.29824670e+00  3.37900000e-08  3.29862558e+00  3.37900000e-08  0.00000000e+00  3.37900000e-08  0.00000000e+00 
 3.38100000e-08  3.30000003e+00  3.38100000e-08  3.30000003e+00  3.38100000e-08  3.29826154e+00  3.38100000e-08  3.29863736e+00  3.38100000e-08  0.00000000e+00  3.38100000e-08  0.00000000e+00 
 3.38300000e-08  3.30000001e+00  3.38300000e-08  3.30000001e+00  3.38300000e-08  3.29827617e+00  3.38300000e-08  3.29864897e+00  3.38300000e-08  0.00000000e+00  3.38300000e-08  0.00000000e+00 
 3.38500000e-08  3.30000002e+00  3.38500000e-08  3.30000002e+00  3.38500000e-08  3.29829056e+00  3.38500000e-08  3.29866039e+00  3.38500000e-08  0.00000000e+00  3.38500000e-08  0.00000000e+00 
 3.38700000e-08  3.30000001e+00  3.38700000e-08  3.30000001e+00  3.38700000e-08  3.29830474e+00  3.38700000e-08  3.29867164e+00  3.38700000e-08  0.00000000e+00  3.38700000e-08  0.00000000e+00 
 3.38900000e-08  3.30000002e+00  3.38900000e-08  3.30000002e+00  3.38900000e-08  3.29831869e+00  3.38900000e-08  3.29868271e+00  3.38900000e-08  0.00000000e+00  3.38900000e-08  0.00000000e+00 
 3.39100000e-08  3.30000001e+00  3.39100000e-08  3.30000001e+00  3.39100000e-08  3.29833245e+00  3.39100000e-08  3.29869362e+00  3.39100000e-08  0.00000000e+00  3.39100000e-08  0.00000000e+00 
 3.39300000e-08  3.30000002e+00  3.39300000e-08  3.30000002e+00  3.39300000e-08  3.29834599e+00  3.39300000e-08  3.29870436e+00  3.39300000e-08  0.00000000e+00  3.39300000e-08  0.00000000e+00 
 3.39500000e-08  3.30000001e+00  3.39500000e-08  3.30000001e+00  3.39500000e-08  3.29835934e+00  3.39500000e-08  3.29871495e+00  3.39500000e-08  0.00000000e+00  3.39500000e-08  0.00000000e+00 
 3.39700000e-08  3.30000002e+00  3.39700000e-08  3.30000002e+00  3.39700000e-08  3.29837248e+00  3.39700000e-08  3.29872537e+00  3.39700000e-08  0.00000000e+00  3.39700000e-08  0.00000000e+00 
 3.39900000e-08  3.30000001e+00  3.39900000e-08  3.30000001e+00  3.39900000e-08  3.29838544e+00  3.39900000e-08  3.29873564e+00  3.39900000e-08  0.00000000e+00  3.39900000e-08  0.00000000e+00 
 3.40100000e-08  3.30000002e+00  3.40100000e-08  3.30000002e+00  3.40100000e-08  3.29839820e+00  3.40100000e-08  3.29874576e+00  3.40100000e-08  0.00000000e+00  3.40100000e-08  0.00000000e+00 
 3.40300000e-08  3.30000001e+00  3.40300000e-08  3.30000001e+00  3.40300000e-08  3.29841079e+00  3.40300000e-08  3.29875574e+00  3.40300000e-08  0.00000000e+00  3.40300000e-08  0.00000000e+00 
 3.40500000e-08  3.30000002e+00  3.40500000e-08  3.30000002e+00  3.40500000e-08  3.29842318e+00  3.40500000e-08  3.29876557e+00  3.40500000e-08  0.00000000e+00  3.40500000e-08  0.00000000e+00 
 3.40700000e-08  3.30000001e+00  3.40700000e-08  3.30000001e+00  3.40700000e-08  3.29843541e+00  3.40700000e-08  3.29877526e+00  3.40700000e-08  0.00000000e+00  3.40700000e-08  0.00000000e+00 
 3.40900000e-08  3.30000002e+00  3.40900000e-08  3.30000002e+00  3.40900000e-08  3.29844745e+00  3.40900000e-08  3.29878481e+00  3.40900000e-08  0.00000000e+00  3.40900000e-08  0.00000000e+00 
 3.41100000e-08  3.30000001e+00  3.41100000e-08  3.30000001e+00  3.41100000e-08  3.29845934e+00  3.41100000e-08  3.29879422e+00  3.41100000e-08  0.00000000e+00  3.41100000e-08  0.00000000e+00 
 3.41300000e-08  3.30000002e+00  3.41300000e-08  3.30000002e+00  3.41300000e-08  3.29847104e+00  3.41300000e-08  3.29880350e+00  3.41300000e-08  0.00000000e+00  3.41300000e-08  0.00000000e+00 
 3.41500000e-08  3.30000001e+00  3.41500000e-08  3.30000001e+00  3.41500000e-08  3.29848260e+00  3.41500000e-08  3.29881265e+00  3.41500000e-08  0.00000000e+00  3.41500000e-08  0.00000000e+00 
 3.41700000e-08  3.30000002e+00  3.41700000e-08  3.30000002e+00  3.41700000e-08  3.29849398e+00  3.41700000e-08  3.29882167e+00  3.41700000e-08  0.00000000e+00  3.41700000e-08  0.00000000e+00 
 3.41900000e-08  3.30000001e+00  3.41900000e-08  3.30000001e+00  3.41900000e-08  3.29850522e+00  3.41900000e-08  3.29883057e+00  3.41900000e-08  0.00000000e+00  3.41900000e-08  0.00000000e+00 
 3.42100000e-08  3.30000002e+00  3.42100000e-08  3.30000002e+00  3.42100000e-08  3.29851629e+00  3.42100000e-08  3.29883935e+00  3.42100000e-08  0.00000000e+00  3.42100000e-08  0.00000000e+00 
 3.42300000e-08  3.30000001e+00  3.42300000e-08  3.30000001e+00  3.42300000e-08  3.29852723e+00  3.42300000e-08  3.29884800e+00  3.42300000e-08  0.00000000e+00  3.42300000e-08  0.00000000e+00 
 3.42500000e-08  3.30000002e+00  3.42500000e-08  3.30000002e+00  3.42500000e-08  3.29853800e+00  3.42500000e-08  3.29885654e+00  3.42500000e-08  0.00000000e+00  3.42500000e-08  0.00000000e+00 
 3.42700000e-08  3.30000000e+00  3.42700000e-08  3.30000000e+00  3.42700000e-08  3.29854864e+00  3.42700000e-08  3.29886496e+00  3.42700000e-08  0.00000000e+00  3.42700000e-08  0.00000000e+00 
 3.42900000e-08  3.30000002e+00  3.42900000e-08  3.30000002e+00  3.42900000e-08  3.29855913e+00  3.42900000e-08  3.29887327e+00  3.42900000e-08  0.00000000e+00  3.42900000e-08  0.00000000e+00 
 3.43100000e-08  3.30000000e+00  3.43100000e-08  3.30000000e+00  3.43100000e-08  3.29856949e+00  3.43100000e-08  3.29888146e+00  3.43100000e-08  0.00000000e+00  3.43100000e-08  0.00000000e+00 
 3.43300000e-08  3.30000002e+00  3.43300000e-08  3.30000002e+00  3.43300000e-08  3.29857970e+00  3.43300000e-08  3.29888955e+00  3.43300000e-08  0.00000000e+00  3.43300000e-08  0.00000000e+00 
 3.43500000e-08  3.30000000e+00  3.43500000e-08  3.30000000e+00  3.43500000e-08  3.29858979e+00  3.43500000e-08  3.29889753e+00  3.43500000e-08  0.00000000e+00  3.43500000e-08  0.00000000e+00 
 3.43700000e-08  3.30000002e+00  3.43700000e-08  3.30000002e+00  3.43700000e-08  3.29859974e+00  3.43700000e-08  3.29890541e+00  3.43700000e-08  0.00000000e+00  3.43700000e-08  0.00000000e+00 
 3.43900000e-08  3.30000000e+00  3.43900000e-08  3.30000000e+00  3.43900000e-08  3.29860956e+00  3.43900000e-08  3.29891318e+00  3.43900000e-08  0.00000000e+00  3.43900000e-08  0.00000000e+00 
 3.44100000e-08  3.30000002e+00  3.44100000e-08  3.30000002e+00  3.44100000e-08  3.29861925e+00  3.44100000e-08  3.29892085e+00  3.44100000e-08  0.00000000e+00  3.44100000e-08  0.00000000e+00 
 3.44300000e-08  3.30000000e+00  3.44300000e-08  3.30000000e+00  3.44300000e-08  3.29862883e+00  3.44300000e-08  3.29892842e+00  3.44300000e-08  0.00000000e+00  3.44300000e-08  0.00000000e+00 
 3.44500000e-08  3.30000002e+00  3.44500000e-08  3.30000002e+00  3.44500000e-08  3.29863827e+00  3.44500000e-08  3.29893590e+00  3.44500000e-08  0.00000000e+00  3.44500000e-08  0.00000000e+00 
 3.44700000e-08  3.30000000e+00  3.44700000e-08  3.30000000e+00  3.44700000e-08  3.29864761e+00  3.44700000e-08  3.29894328e+00  3.44700000e-08  0.00000000e+00  3.44700000e-08  0.00000000e+00 
 3.44900000e-08  3.30000002e+00  3.44900000e-08  3.30000002e+00  3.44900000e-08  3.29865681e+00  3.44900000e-08  3.29895056e+00  3.44900000e-08  0.00000000e+00  3.44900000e-08  0.00000000e+00 
 3.45100000e-08  3.30000000e+00  3.45100000e-08  3.30000000e+00  3.45100000e-08  3.29866591e+00  3.45100000e-08  3.29895776e+00  3.45100000e-08  0.00000000e+00  3.45100000e-08  0.00000000e+00 
 3.45300000e-08  3.30000002e+00  3.45300000e-08  3.30000002e+00  3.45300000e-08  3.29867489e+00  3.45300000e-08  3.29896486e+00  3.45300000e-08  0.00000000e+00  3.45300000e-08  0.00000000e+00 
 3.45500000e-08  3.30000000e+00  3.45500000e-08  3.30000000e+00  3.45500000e-08  3.29868377e+00  3.45500000e-08  3.29897187e+00  3.45500000e-08  0.00000000e+00  3.45500000e-08  0.00000000e+00 
 3.45700000e-08  3.30000002e+00  3.45700000e-08  3.30000002e+00  3.45700000e-08  3.29869252e+00  3.45700000e-08  3.29897880e+00  3.45700000e-08  0.00000000e+00  3.45700000e-08  0.00000000e+00 
 3.45900000e-08  3.30000000e+00  3.45900000e-08  3.30000000e+00  3.45900000e-08  3.29870118e+00  3.45900000e-08  3.29898564e+00  3.45900000e-08  0.00000000e+00  3.45900000e-08  0.00000000e+00 
 3.46100000e-08  3.30000002e+00  3.46100000e-08  3.30000002e+00  3.46100000e-08  3.29870972e+00  3.46100000e-08  3.29899240e+00  3.46100000e-08  0.00000000e+00  3.46100000e-08  0.00000000e+00 
 3.46300000e-08  3.30000000e+00  3.46300000e-08  3.30000000e+00  3.46300000e-08  3.29871817e+00  3.46300000e-08  3.29899907e+00  3.46300000e-08  0.00000000e+00  3.46300000e-08  0.00000000e+00 
 3.46500000e-08  3.30000001e+00  3.46500000e-08  3.30000001e+00  3.46500000e-08  3.29872651e+00  3.46500000e-08  3.29900567e+00  3.46500000e-08  0.00000000e+00  3.46500000e-08  0.00000000e+00 
 3.46700000e-08  3.30000000e+00  3.46700000e-08  3.30000000e+00  3.46700000e-08  3.29873476e+00  3.46700000e-08  3.29901218e+00  3.46700000e-08  0.00000000e+00  3.46700000e-08  0.00000000e+00 
 3.46900000e-08  3.30000001e+00  3.46900000e-08  3.30000001e+00  3.46900000e-08  3.29874289e+00  3.46900000e-08  3.29901861e+00  3.46900000e-08  0.00000000e+00  3.46900000e-08  0.00000000e+00 
 3.47100000e-08  3.30000000e+00  3.47100000e-08  3.30000000e+00  3.47100000e-08  3.29875095e+00  3.47100000e-08  3.29902497e+00  3.47100000e-08  0.00000000e+00  3.47100000e-08  0.00000000e+00 
 3.47300000e-08  3.30000001e+00  3.47300000e-08  3.30000001e+00  3.47300000e-08  3.29875889e+00  3.47300000e-08  3.29903125e+00  3.47300000e-08  0.00000000e+00  3.47300000e-08  0.00000000e+00 
 3.47500000e-08  3.30000000e+00  3.47500000e-08  3.30000000e+00  3.47500000e-08  3.29876676e+00  3.47500000e-08  3.29903746e+00  3.47500000e-08  0.00000000e+00  3.47500000e-08  0.00000000e+00 
 3.47700000e-08  3.30000001e+00  3.47700000e-08  3.30000001e+00  3.47700000e-08  3.29877451e+00  3.47700000e-08  3.29904360e+00  3.47700000e-08  0.00000000e+00  3.47700000e-08  0.00000000e+00 
 3.47900000e-08  3.30000000e+00  3.47900000e-08  3.30000000e+00  3.47900000e-08  3.29878220e+00  3.47900000e-08  3.29904966e+00  3.47900000e-08  0.00000000e+00  3.47900000e-08  0.00000000e+00 
 3.48100000e-08  3.30000001e+00  3.48100000e-08  3.30000001e+00  3.48100000e-08  3.29878978e+00  3.48100000e-08  3.29905565e+00  3.48100000e-08  0.00000000e+00  3.48100000e-08  0.00000000e+00 
 3.48300000e-08  3.30000000e+00  3.48300000e-08  3.30000000e+00  3.48300000e-08  3.29879728e+00  3.48300000e-08  3.29906157e+00  3.48300000e-08  0.00000000e+00  3.48300000e-08  0.00000000e+00 
 3.48500000e-08  3.30000001e+00  3.48500000e-08  3.30000001e+00  3.48500000e-08  3.29880469e+00  3.48500000e-08  3.29906742e+00  3.48500000e-08  0.00000000e+00  3.48500000e-08  0.00000000e+00 
 3.48700000e-08  3.30000000e+00  3.48700000e-08  3.30000000e+00  3.48700000e-08  3.29881202e+00  3.48700000e-08  3.29907321e+00  3.48700000e-08  0.00000000e+00  3.48700000e-08  0.00000000e+00 
 3.48900000e-08  3.30000001e+00  3.48900000e-08  3.30000001e+00  3.48900000e-08  3.29881926e+00  3.48900000e-08  3.29907893e+00  3.48900000e-08  0.00000000e+00  3.48900000e-08  0.00000000e+00 
 3.49100000e-08  3.30000000e+00  3.49100000e-08  3.30000000e+00  3.49100000e-08  3.29882643e+00  3.49100000e-08  3.29908459e+00  3.49100000e-08  0.00000000e+00  3.49100000e-08  0.00000000e+00 
 3.49300000e-08  3.30000001e+00  3.49300000e-08  3.30000001e+00  3.49300000e-08  3.29883351e+00  3.49300000e-08  3.29909018e+00  3.49300000e-08  0.00000000e+00  3.49300000e-08  0.00000000e+00 
 3.49500000e-08  3.30000000e+00  3.49500000e-08  3.30000000e+00  3.49500000e-08  3.29884052e+00  3.49500000e-08  3.29909571e+00  3.49500000e-08  0.00000000e+00  3.49500000e-08  0.00000000e+00 
 3.49700000e-08  3.30000001e+00  3.49700000e-08  3.30000001e+00  3.49700000e-08  3.29884744e+00  3.49700000e-08  3.29910117e+00  3.49700000e-08  0.00000000e+00  3.49700000e-08  0.00000000e+00 
 3.49900000e-08  3.30000000e+00  3.49900000e-08  3.30000000e+00  3.49900000e-08  3.29885429e+00  3.49900000e-08  3.29910658e+00  3.49900000e-08  0.00000000e+00  3.49900000e-08  0.00000000e+00 
 3.50100000e-08  3.30000001e+00  3.50100000e-08  3.30000001e+00  3.50100000e-08  3.29886106e+00  3.50100000e-08  3.29911192e+00  3.50100000e-08  0.00000000e+00  3.50100000e-08  0.00000000e+00 
 3.50300000e-08  3.30000000e+00  3.50300000e-08  3.30000000e+00  3.50300000e-08  3.29886777e+00  3.50300000e-08  3.29911721e+00  3.50300000e-08  0.00000000e+00  3.50300000e-08  0.00000000e+00 
 3.50500000e-08  3.30000001e+00  3.50500000e-08  3.30000001e+00  3.50500000e-08  3.29887439e+00  3.50500000e-08  3.29912244e+00  3.50500000e-08  0.00000000e+00  3.50500000e-08  0.00000000e+00 
 3.50700000e-08  3.30000000e+00  3.50700000e-08  3.30000000e+00  3.50700000e-08  3.29888095e+00  3.50700000e-08  3.29912761e+00  3.50700000e-08  0.00000000e+00  3.50700000e-08  0.00000000e+00 
 3.50900000e-08  3.30000001e+00  3.50900000e-08  3.30000001e+00  3.50900000e-08  3.29888743e+00  3.50900000e-08  3.29913272e+00  3.50900000e-08  0.00000000e+00  3.50900000e-08  0.00000000e+00 
 3.51100000e-08  3.30000000e+00  3.51100000e-08  3.30000000e+00  3.51100000e-08  3.29889385e+00  3.51100000e-08  3.29913778e+00  3.51100000e-08  0.00000000e+00  3.51100000e-08  0.00000000e+00 
 3.51300000e-08  3.30000001e+00  3.51300000e-08  3.30000001e+00  3.51300000e-08  3.29890019e+00  3.51300000e-08  3.29914278e+00  3.51300000e-08  0.00000000e+00  3.51300000e-08  0.00000000e+00 
 3.51500000e-08  3.30000000e+00  3.51500000e-08  3.30000000e+00  3.51500000e-08  3.29890647e+00  3.51500000e-08  3.29914774e+00  3.51500000e-08  0.00000000e+00  3.51500000e-08  0.00000000e+00 
 3.51700000e-08  3.30000001e+00  3.51700000e-08  3.30000001e+00  3.51700000e-08  3.29891268e+00  3.51700000e-08  3.29915263e+00  3.51700000e-08  0.00000000e+00  3.51700000e-08  0.00000000e+00 
 3.51900000e-08  3.30000000e+00  3.51900000e-08  3.30000000e+00  3.51900000e-08  3.29891883e+00  3.51900000e-08  3.29915748e+00  3.51900000e-08  0.00000000e+00  3.51900000e-08  0.00000000e+00 
 3.52100000e-08  3.30000001e+00  3.52100000e-08  3.30000001e+00  3.52100000e-08  3.29892490e+00  3.52100000e-08  3.29916227e+00  3.52100000e-08  0.00000000e+00  3.52100000e-08  0.00000000e+00 
 3.52300000e-08  3.30000000e+00  3.52300000e-08  3.30000000e+00  3.52300000e-08  3.29893093e+00  3.52300000e-08  3.29916702e+00  3.52300000e-08  0.00000000e+00  3.52300000e-08  0.00000000e+00 
 3.52500000e-08  3.30000001e+00  3.52500000e-08  3.30000001e+00  3.52500000e-08  3.29893688e+00  3.52500000e-08  3.29917171e+00  3.52500000e-08  0.00000000e+00  3.52500000e-08  0.00000000e+00 
 3.52700000e-08  3.30000000e+00  3.52700000e-08  3.30000000e+00  3.52700000e-08  3.29894278e+00  3.52700000e-08  3.29917636e+00  3.52700000e-08  0.00000000e+00  3.52700000e-08  0.00000000e+00 
 3.52900000e-08  3.30000001e+00  3.52900000e-08  3.30000001e+00  3.52900000e-08  3.29894861e+00  3.52900000e-08  3.29918096e+00  3.52900000e-08  0.00000000e+00  3.52900000e-08  0.00000000e+00 
 3.53100000e-08  3.30000000e+00  3.53100000e-08  3.30000000e+00  3.53100000e-08  3.29895438e+00  3.53100000e-08  3.29918551e+00  3.53100000e-08  0.00000000e+00  3.53100000e-08  0.00000000e+00 
 3.53300000e-08  3.30000001e+00  3.53300000e-08  3.30000001e+00  3.53300000e-08  3.29896009e+00  3.53300000e-08  3.29919001e+00  3.53300000e-08  0.00000000e+00  3.53300000e-08  0.00000000e+00 
 3.53500000e-08  3.30000000e+00  3.53500000e-08  3.30000000e+00  3.53500000e-08  3.29896576e+00  3.53500000e-08  3.29919447e+00  3.53500000e-08  0.00000000e+00  3.53500000e-08  0.00000000e+00 
 3.53700000e-08  3.30000001e+00  3.53700000e-08  3.30000001e+00  3.53700000e-08  3.29897135e+00  3.53700000e-08  3.29919888e+00  3.53700000e-08  0.00000000e+00  3.53700000e-08  0.00000000e+00 
 3.53900000e-08  3.30000000e+00  3.53900000e-08  3.30000000e+00  3.53900000e-08  3.29897690e+00  3.53900000e-08  3.29920324e+00  3.53900000e-08  0.00000000e+00  3.53900000e-08  0.00000000e+00 
 3.54100000e-08  3.30000001e+00  3.54100000e-08  3.30000001e+00  3.54100000e-08  3.29898238e+00  3.54100000e-08  3.29920757e+00  3.54100000e-08  0.00000000e+00  3.54100000e-08  0.00000000e+00 
 3.54300000e-08  3.30000000e+00  3.54300000e-08  3.30000000e+00  3.54300000e-08  3.29898782e+00  3.54300000e-08  3.29921185e+00  3.54300000e-08  0.00000000e+00  3.54300000e-08  0.00000000e+00 
 3.54500000e-08  3.30000001e+00  3.54500000e-08  3.30000001e+00  3.54500000e-08  3.29899319e+00  3.54500000e-08  3.29921608e+00  3.54500000e-08  0.00000000e+00  3.54500000e-08  0.00000000e+00 
 3.54700000e-08  3.30000000e+00  3.54700000e-08  3.30000000e+00  3.54700000e-08  3.29899852e+00  3.54700000e-08  3.29922028e+00  3.54700000e-08  0.00000000e+00  3.54700000e-08  0.00000000e+00 
 3.54900000e-08  3.30000001e+00  3.54900000e-08  3.30000001e+00  3.54900000e-08  3.29900379e+00  3.54900000e-08  3.29922443e+00  3.54900000e-08  0.00000000e+00  3.54900000e-08  0.00000000e+00 
 3.55100000e-08  3.30000000e+00  3.55100000e-08  3.30000000e+00  3.55100000e-08  3.29900902e+00  3.55100000e-08  3.29922854e+00  3.55100000e-08  0.00000000e+00  3.55100000e-08  0.00000000e+00 
 3.55300000e-08  3.30000001e+00  3.55300000e-08  3.30000001e+00  3.55300000e-08  3.29901418e+00  3.55300000e-08  3.29923261e+00  3.55300000e-08  0.00000000e+00  3.55300000e-08  0.00000000e+00 
 3.55500000e-08  3.30000000e+00  3.55500000e-08  3.30000000e+00  3.55500000e-08  3.29901931e+00  3.55500000e-08  3.29923664e+00  3.55500000e-08  0.00000000e+00  3.55500000e-08  0.00000000e+00 
 3.55700000e-08  3.30000001e+00  3.55700000e-08  3.30000001e+00  3.55700000e-08  3.29902437e+00  3.55700000e-08  3.29924063e+00  3.55700000e-08  0.00000000e+00  3.55700000e-08  0.00000000e+00 
 3.55900000e-08  3.30000000e+00  3.55900000e-08  3.30000000e+00  3.55900000e-08  3.29902940e+00  3.55900000e-08  3.29924459e+00  3.55900000e-08  0.00000000e+00  3.55900000e-08  0.00000000e+00 
 3.56100000e-08  3.30000001e+00  3.56100000e-08  3.30000001e+00  3.56100000e-08  3.29903436e+00  3.56100000e-08  3.29924850e+00  3.56100000e-08  0.00000000e+00  3.56100000e-08  0.00000000e+00 
 3.56300000e-08  3.30000000e+00  3.56300000e-08  3.30000000e+00  3.56300000e-08  3.29903930e+00  3.56300000e-08  3.29925238e+00  3.56300000e-08  0.00000000e+00  3.56300000e-08  0.00000000e+00 
 3.56500000e-08  3.30000001e+00  3.56500000e-08  3.30000001e+00  3.56500000e-08  3.29904417e+00  3.56500000e-08  3.29925622e+00  3.56500000e-08  0.00000000e+00  3.56500000e-08  0.00000000e+00 
 3.56700000e-08  3.30000000e+00  3.56700000e-08  3.30000000e+00  3.56700000e-08  3.29904901e+00  3.56700000e-08  3.29926002e+00  3.56700000e-08  0.00000000e+00  3.56700000e-08  0.00000000e+00 
 3.56900000e-08  3.30000001e+00  3.56900000e-08  3.30000001e+00  3.56900000e-08  3.29905379e+00  3.56900000e-08  3.29926379e+00  3.56900000e-08  0.00000000e+00  3.56900000e-08  0.00000000e+00 
 3.57100000e-08  3.30000000e+00  3.57100000e-08  3.30000000e+00  3.57100000e-08  3.29905854e+00  3.57100000e-08  3.29926752e+00  3.57100000e-08  0.00000000e+00  3.57100000e-08  0.00000000e+00 
 3.57300000e-08  3.30000001e+00  3.57300000e-08  3.30000001e+00  3.57300000e-08  3.29906323e+00  3.57300000e-08  3.29927122e+00  3.57300000e-08  0.00000000e+00  3.57300000e-08  0.00000000e+00 
 3.57500000e-08  3.30000000e+00  3.57500000e-08  3.30000000e+00  3.57500000e-08  3.29906789e+00  3.57500000e-08  3.29927488e+00  3.57500000e-08  0.00000000e+00  3.57500000e-08  0.00000000e+00 
 3.57700000e-08  3.30000001e+00  3.57700000e-08  3.30000001e+00  3.57700000e-08  3.29907250e+00  3.57700000e-08  3.29927851e+00  3.57700000e-08  0.00000000e+00  3.57700000e-08  0.00000000e+00 
 3.57900000e-08  3.30000000e+00  3.57900000e-08  3.30000000e+00  3.57900000e-08  3.29907707e+00  3.57900000e-08  3.29928210e+00  3.57900000e-08  0.00000000e+00  3.57900000e-08  0.00000000e+00 
 3.58100000e-08  3.30000001e+00  3.58100000e-08  3.30000001e+00  3.58100000e-08  3.29908159e+00  3.58100000e-08  3.29928566e+00  3.58100000e-08  0.00000000e+00  3.58100000e-08  0.00000000e+00 
 3.58300000e-08  3.30000000e+00  3.58300000e-08  3.30000000e+00  3.58300000e-08  3.29908608e+00  3.58300000e-08  3.29928919e+00  3.58300000e-08  0.00000000e+00  3.58300000e-08  0.00000000e+00 
 3.58500000e-08  3.30000001e+00  3.58500000e-08  3.30000001e+00  3.58500000e-08  3.29909052e+00  3.58500000e-08  3.29929268e+00  3.58500000e-08  0.00000000e+00  3.58500000e-08  0.00000000e+00 
 3.58700000e-08  3.30000000e+00  3.58700000e-08  3.30000000e+00  3.58700000e-08  3.29909493e+00  3.58700000e-08  3.29929615e+00  3.58700000e-08  0.00000000e+00  3.58700000e-08  0.00000000e+00 
 3.58900000e-08  3.30000001e+00  3.58900000e-08  3.30000001e+00  3.58900000e-08  3.29909929e+00  3.58900000e-08  3.29929958e+00  3.58900000e-08  0.00000000e+00  3.58900000e-08  0.00000000e+00 
 3.59100000e-08  3.29999999e+00  3.59100000e-08  3.30000000e+00  3.59100000e-08  3.29910362e+00  3.59100000e-08  3.29930298e+00  3.59100000e-08  0.00000000e+00  3.59100000e-08  0.00000000e+00 
 3.59300000e-08  3.30000001e+00  3.59300000e-08  3.30000001e+00  3.59300000e-08  3.29910790e+00  3.59300000e-08  3.29930635e+00  3.59300000e-08  0.00000000e+00  3.59300000e-08  0.00000000e+00 
 3.59500000e-08  3.29999999e+00  3.59500000e-08  3.30000000e+00  3.59500000e-08  3.29911216e+00  3.59500000e-08  3.29930969e+00  3.59500000e-08  0.00000000e+00  3.59500000e-08  0.00000000e+00 
 3.59700000e-08  3.30000001e+00  3.59700000e-08  3.30000001e+00  3.59700000e-08  3.29911636e+00  3.59700000e-08  3.29931300e+00  3.59700000e-08  0.00000000e+00  3.59700000e-08  0.00000000e+00 
 3.59900000e-08  3.29999999e+00  3.59900000e-08  3.29999999e+00  3.59900000e-08  3.29912054e+00  3.59900000e-08  3.29931628e+00  3.59900000e-08  0.00000000e+00  3.59900000e-08  0.00000000e+00 
 3.60100000e-08  3.30000001e+00  3.60100000e-08  3.30000001e+00  3.60100000e-08  3.29912467e+00  3.60100000e-08  3.29931953e+00  3.60100000e-08  0.00000000e+00  3.60100000e-08  0.00000000e+00 
 3.60300000e-08  3.29999999e+00  3.60300000e-08  3.29999999e+00  3.60300000e-08  3.29912877e+00  3.60300000e-08  3.29932275e+00  3.60300000e-08  0.00000000e+00  3.60300000e-08  0.00000000e+00 
 3.60500000e-08  3.30000001e+00  3.60500000e-08  3.30000001e+00  3.60500000e-08  3.29913283e+00  3.60500000e-08  3.29932594e+00  3.60500000e-08  0.00000000e+00  3.60500000e-08  0.00000000e+00 
 3.60700000e-08  3.29999999e+00  3.60700000e-08  3.29999999e+00  3.60700000e-08  3.29913687e+00  3.60700000e-08  3.29932911e+00  3.60700000e-08  0.00000000e+00  3.60700000e-08  0.00000000e+00 
 3.60900000e-08  3.30000001e+00  3.60900000e-08  3.30000001e+00  3.60900000e-08  3.29914085e+00  3.60900000e-08  3.29933225e+00  3.60900000e-08  0.00000000e+00  3.60900000e-08  0.00000000e+00 
 3.61100000e-08  3.29999999e+00  3.61100000e-08  3.29999999e+00  3.61100000e-08  3.29914482e+00  3.61100000e-08  3.29933536e+00  3.61100000e-08  0.00000000e+00  3.61100000e-08  0.00000000e+00 
 3.61300000e-08  3.30000001e+00  3.61300000e-08  3.30000001e+00  3.61300000e-08  3.29914874e+00  3.61300000e-08  3.29933844e+00  3.61300000e-08  0.00000000e+00  3.61300000e-08  0.00000000e+00 
 3.61500000e-08  3.29999999e+00  3.61500000e-08  3.29999999e+00  3.61500000e-08  3.29915263e+00  3.61500000e-08  3.29934150e+00  3.61500000e-08  0.00000000e+00  3.61500000e-08  0.00000000e+00 
 3.61700000e-08  3.30000001e+00  3.61700000e-08  3.30000001e+00  3.61700000e-08  3.29915648e+00  3.61700000e-08  3.29934453e+00  3.61700000e-08  0.00000000e+00  3.61700000e-08  0.00000000e+00 
 3.61900000e-08  3.29999999e+00  3.61900000e-08  3.29999999e+00  3.61900000e-08  3.29916032e+00  3.61900000e-08  3.29934753e+00  3.61900000e-08  0.00000000e+00  3.61900000e-08  0.00000000e+00 
 3.62100000e-08  3.30000001e+00  3.62100000e-08  3.30000001e+00  3.62100000e-08  3.29916410e+00  3.62100000e-08  3.29935051e+00  3.62100000e-08  0.00000000e+00  3.62100000e-08  0.00000000e+00 
 3.62300000e-08  3.29999999e+00  3.62300000e-08  3.29999999e+00  3.62300000e-08  3.29916787e+00  3.62300000e-08  3.29935346e+00  3.62300000e-08  0.00000000e+00  3.62300000e-08  0.00000000e+00 
 3.62500000e-08  3.30000001e+00  3.62500000e-08  3.30000001e+00  3.62500000e-08  3.29917159e+00  3.62500000e-08  3.29935639e+00  3.62500000e-08  0.00000000e+00  3.62500000e-08  0.00000000e+00 
 3.62700000e-08  3.29999999e+00  3.62700000e-08  3.29999999e+00  3.62700000e-08  3.29917529e+00  3.62700000e-08  3.29935929e+00  3.62700000e-08  0.00000000e+00  3.62700000e-08  0.00000000e+00 
 3.62900000e-08  3.30000001e+00  3.62900000e-08  3.30000001e+00  3.62900000e-08  3.29917895e+00  3.62900000e-08  3.29936217e+00  3.62900000e-08  0.00000000e+00  3.62900000e-08  0.00000000e+00 
 3.63100000e-08  3.29999999e+00  3.63100000e-08  3.29999999e+00  3.63100000e-08  3.29918260e+00  3.63100000e-08  3.29936503e+00  3.63100000e-08  0.00000000e+00  3.63100000e-08  0.00000000e+00 
 3.63300000e-08  3.30000001e+00  3.63300000e-08  3.30000001e+00  3.63300000e-08  3.29918620e+00  3.63300000e-08  3.29936786e+00  3.63300000e-08  0.00000000e+00  3.63300000e-08  0.00000000e+00 
 3.63500000e-08  3.29999999e+00  3.63500000e-08  3.29999999e+00  3.63500000e-08  3.29918978e+00  3.63500000e-08  3.29937067e+00  3.63500000e-08  0.00000000e+00  3.63500000e-08  0.00000000e+00 
 3.63700000e-08  3.30000001e+00  3.63700000e-08  3.30000001e+00  3.63700000e-08  3.29919332e+00  3.63700000e-08  3.29937345e+00  3.63700000e-08  0.00000000e+00  3.63700000e-08  0.00000000e+00 
 3.63900000e-08  3.29999999e+00  3.63900000e-08  3.29999999e+00  3.63900000e-08  3.29919684e+00  3.63900000e-08  3.29937621e+00  3.63900000e-08  0.00000000e+00  3.63900000e-08  0.00000000e+00 
 3.64100000e-08  3.30000001e+00  3.64100000e-08  3.30000001e+00  3.64100000e-08  3.29920032e+00  3.64100000e-08  3.29937895e+00  3.64100000e-08  0.00000000e+00  3.64100000e-08  0.00000000e+00 
 3.64300000e-08  3.29999999e+00  3.64300000e-08  3.29999999e+00  3.64300000e-08  3.29920379e+00  3.64300000e-08  3.29938166e+00  3.64300000e-08  0.00000000e+00  3.64300000e-08  0.00000000e+00 
 3.64500000e-08  3.30000001e+00  3.64500000e-08  3.30000001e+00  3.64500000e-08  3.29920722e+00  3.64500000e-08  3.29938436e+00  3.64500000e-08  0.00000000e+00  3.64500000e-08  0.00000000e+00 
 3.64700000e-08  3.29999999e+00  3.64700000e-08  3.29999999e+00  3.64700000e-08  3.29921063e+00  3.64700000e-08  3.29938703e+00  3.64700000e-08  0.00000000e+00  3.64700000e-08  0.00000000e+00 
 3.64900000e-08  3.30000001e+00  3.64900000e-08  3.30000001e+00  3.64900000e-08  3.29921400e+00  3.64900000e-08  3.29938968e+00  3.64900000e-08  0.00000000e+00  3.64900000e-08  0.00000000e+00 
 3.65100000e-08  3.29999999e+00  3.65100000e-08  3.29999999e+00  3.65100000e-08  3.29921735e+00  3.65100000e-08  3.29939231e+00  3.65100000e-08  0.00000000e+00  3.65100000e-08  0.00000000e+00 
 3.65300000e-08  3.30000001e+00  3.65300000e-08  3.30000001e+00  3.65300000e-08  3.29922067e+00  3.65300000e-08  3.29939492e+00  3.65300000e-08  0.00000000e+00  3.65300000e-08  0.00000000e+00 
 3.65500000e-08  3.29999999e+00  3.65500000e-08  3.29999999e+00  3.65500000e-08  3.29922397e+00  3.65500000e-08  3.29939750e+00  3.65500000e-08  0.00000000e+00  3.65500000e-08  0.00000000e+00 
 3.65700000e-08  3.30000001e+00  3.65700000e-08  3.30000001e+00  3.65700000e-08  3.29922724e+00  3.65700000e-08  3.29940007e+00  3.65700000e-08  0.00000000e+00  3.65700000e-08  0.00000000e+00 
 3.65900000e-08  3.29999999e+00  3.65900000e-08  3.29999999e+00  3.65900000e-08  3.29923049e+00  3.65900000e-08  3.29940261e+00  3.65900000e-08  0.00000000e+00  3.65900000e-08  0.00000000e+00 
 3.66100000e-08  3.30000001e+00  3.66100000e-08  3.30000001e+00  3.66100000e-08  3.29923370e+00  3.66100000e-08  3.29940514e+00  3.66100000e-08  0.00000000e+00  3.66100000e-08  0.00000000e+00 
 3.66300000e-08  3.29999999e+00  3.66300000e-08  3.29999999e+00  3.66300000e-08  3.29923690e+00  3.66300000e-08  3.29940764e+00  3.66300000e-08  0.00000000e+00  3.66300000e-08  0.00000000e+00 
 3.66500000e-08  3.30000001e+00  3.66500000e-08  3.30000001e+00  3.66500000e-08  3.29924007e+00  3.66500000e-08  3.29941013e+00  3.66500000e-08  0.00000000e+00  3.66500000e-08  0.00000000e+00 
 3.66700000e-08  3.29999999e+00  3.66700000e-08  3.29999999e+00  3.66700000e-08  3.29924322e+00  3.66700000e-08  3.29941260e+00  3.66700000e-08  0.00000000e+00  3.66700000e-08  0.00000000e+00 
 3.66900000e-08  3.30000001e+00  3.66900000e-08  3.30000001e+00  3.66900000e-08  3.29924633e+00  3.66900000e-08  3.29941504e+00  3.66900000e-08  0.00000000e+00  3.66900000e-08  0.00000000e+00 
 3.67100000e-08  3.29999999e+00  3.67100000e-08  3.29999999e+00  3.67100000e-08  3.29924943e+00  3.67100000e-08  3.29941747e+00  3.67100000e-08  0.00000000e+00  3.67100000e-08  0.00000000e+00 
 3.67300000e-08  3.30000001e+00  3.67300000e-08  3.30000001e+00  3.67300000e-08  3.29925250e+00  3.67300000e-08  3.29941988e+00  3.67300000e-08  0.00000000e+00  3.67300000e-08  0.00000000e+00 
 3.67500000e-08  3.29999999e+00  3.67500000e-08  3.29999999e+00  3.67500000e-08  3.29925555e+00  3.67500000e-08  3.29942227e+00  3.67500000e-08  0.00000000e+00  3.67500000e-08  0.00000000e+00 
 3.67700000e-08  3.30000001e+00  3.67700000e-08  3.30000001e+00  3.67700000e-08  3.29925857e+00  3.67700000e-08  3.29942464e+00  3.67700000e-08  0.00000000e+00  3.67700000e-08  0.00000000e+00 
 3.67900000e-08  3.29999999e+00  3.67900000e-08  3.29999999e+00  3.67900000e-08  3.29926158e+00  3.67900000e-08  3.29942699e+00  3.67900000e-08  0.00000000e+00  3.67900000e-08  0.00000000e+00 
 3.68100000e-08  3.30000001e+00  3.68100000e-08  3.30000001e+00  3.68100000e-08  3.29926455e+00  3.68100000e-08  3.29942933e+00  3.68100000e-08  0.00000000e+00  3.68100000e-08  0.00000000e+00 
 3.68300000e-08  3.29999999e+00  3.68300000e-08  3.29999999e+00  3.68300000e-08  3.29926751e+00  3.68300000e-08  3.29943165e+00  3.68300000e-08  0.00000000e+00  3.68300000e-08  0.00000000e+00 
 3.68500000e-08  3.30000001e+00  3.68500000e-08  3.30000001e+00  3.68500000e-08  3.29927044e+00  3.68500000e-08  3.29943394e+00  3.68500000e-08  0.00000000e+00  3.68500000e-08  0.00000000e+00 
 3.68700000e-08  3.29999999e+00  3.68700000e-08  3.29999999e+00  3.68700000e-08  3.29927336e+00  3.68700000e-08  3.29943623e+00  3.68700000e-08  0.00000000e+00  3.68700000e-08  0.00000000e+00 
 3.68900000e-08  3.30000001e+00  3.68900000e-08  3.30000001e+00  3.68900000e-08  3.29927624e+00  3.68900000e-08  3.29943849e+00  3.68900000e-08  0.00000000e+00  3.68900000e-08  0.00000000e+00 
 3.69100000e-08  3.29999999e+00  3.69100000e-08  3.29999999e+00  3.69100000e-08  3.29927912e+00  3.69100000e-08  3.29944074e+00  3.69100000e-08  0.00000000e+00  3.69100000e-08  0.00000000e+00 
 3.69300000e-08  3.30000001e+00  3.69300000e-08  3.30000001e+00  3.69300000e-08  3.29928196e+00  3.69300000e-08  3.29944297e+00  3.69300000e-08  0.00000000e+00  3.69300000e-08  0.00000000e+00 
 3.69500000e-08  3.29999999e+00  3.69500000e-08  3.29999999e+00  3.69500000e-08  3.29928479e+00  3.69500000e-08  3.29944519e+00  3.69500000e-08  0.00000000e+00  3.69500000e-08  0.00000000e+00 
 3.69700000e-08  3.30000001e+00  3.69700000e-08  3.30000001e+00  3.69700000e-08  3.29928759e+00  3.69700000e-08  3.29944738e+00  3.69700000e-08  0.00000000e+00  3.69700000e-08  0.00000000e+00 
 3.69900000e-08  3.29999999e+00  3.69900000e-08  3.29999999e+00  3.69900000e-08  3.29929038e+00  3.69900000e-08  3.29944957e+00  3.69900000e-08  0.00000000e+00  3.69900000e-08  0.00000000e+00 
 3.70100000e-08  3.30000001e+00  3.70100000e-08  3.30000001e+00  3.70100000e-08  3.29929314e+00  3.70100000e-08  3.29945173e+00  3.70100000e-08  0.00000000e+00  3.70100000e-08  0.00000000e+00 
 3.70300000e-08  3.29999999e+00  3.70300000e-08  3.29999999e+00  3.70300000e-08  3.29929589e+00  3.70300000e-08  3.29945388e+00  3.70300000e-08  0.00000000e+00  3.70300000e-08  0.00000000e+00 
 3.70500000e-08  3.30000001e+00  3.70500000e-08  3.30000001e+00  3.70500000e-08  3.29929861e+00  3.70500000e-08  3.29945601e+00  3.70500000e-08  0.00000000e+00  3.70500000e-08  0.00000000e+00 
 3.70700000e-08  3.29999999e+00  3.70700000e-08  3.29999999e+00  3.70700000e-08  3.29930132e+00  3.70700000e-08  3.29945813e+00  3.70700000e-08  0.00000000e+00  3.70700000e-08  0.00000000e+00 
 3.70900000e-08  3.30000001e+00  3.70900000e-08  3.30000001e+00  3.70900000e-08  3.29930399e+00  3.70900000e-08  3.29946023e+00  3.70900000e-08  0.00000000e+00  3.70900000e-08  0.00000000e+00 
 3.71100000e-08  3.29999999e+00  3.71100000e-08  3.29999999e+00  3.71100000e-08  3.29930666e+00  3.71100000e-08  3.29946232e+00  3.71100000e-08  0.00000000e+00  3.71100000e-08  0.00000000e+00 
 3.71300000e-08  3.30000001e+00  3.71300000e-08  3.30000001e+00  3.71300000e-08  3.29930930e+00  3.71300000e-08  3.29946439e+00  3.71300000e-08  0.00000000e+00  3.71300000e-08  0.00000000e+00 
 3.71500000e-08  3.29999999e+00  3.71500000e-08  3.29999999e+00  3.71500000e-08  3.29931194e+00  3.71500000e-08  3.29946645e+00  3.71500000e-08  0.00000000e+00  3.71500000e-08  0.00000000e+00 
 3.71700000e-08  3.30000001e+00  3.71700000e-08  3.30000001e+00  3.71700000e-08  3.29931454e+00  3.71700000e-08  3.29946849e+00  3.71700000e-08  0.00000000e+00  3.71700000e-08  0.00000000e+00 
 3.71900000e-08  3.29999999e+00  3.71900000e-08  3.29999999e+00  3.71900000e-08  3.29931713e+00  3.71900000e-08  3.29947052e+00  3.71900000e-08  0.00000000e+00  3.71900000e-08  0.00000000e+00 
 3.72100000e-08  3.30000001e+00  3.72100000e-08  3.30000001e+00  3.72100000e-08  3.29931970e+00  3.72100000e-08  3.29947253e+00  3.72100000e-08  0.00000000e+00  3.72100000e-08  0.00000000e+00 
 3.72300000e-08  3.29999999e+00  3.72300000e-08  3.29999999e+00  3.72300000e-08  3.29932226e+00  3.72300000e-08  3.29947453e+00  3.72300000e-08  0.00000000e+00  3.72300000e-08  0.00000000e+00 
 3.72500000e-08  3.30000001e+00  3.72500000e-08  3.30000001e+00  3.72500000e-08  3.29932479e+00  3.72500000e-08  3.29947652e+00  3.72500000e-08  0.00000000e+00  3.72500000e-08  0.00000000e+00 
 3.72700000e-08  3.29999999e+00  3.72700000e-08  3.29999999e+00  3.72700000e-08  3.29932731e+00  3.72700000e-08  3.29947849e+00  3.72700000e-08  0.00000000e+00  3.72700000e-08  0.00000000e+00 
 3.72900000e-08  3.30000001e+00  3.72900000e-08  3.30000001e+00  3.72900000e-08  3.29932980e+00  3.72900000e-08  3.29948044e+00  3.72900000e-08  0.00000000e+00  3.72900000e-08  0.00000000e+00 
 3.73100000e-08  3.29999999e+00  3.73100000e-08  3.29999999e+00  3.73100000e-08  3.29933229e+00  3.73100000e-08  3.29948239e+00  3.73100000e-08  0.00000000e+00  3.73100000e-08  0.00000000e+00 
 3.73300000e-08  3.30000001e+00  3.73300000e-08  3.30000001e+00  3.73300000e-08  3.29933475e+00  3.73300000e-08  3.29948431e+00  3.73300000e-08  0.00000000e+00  3.73300000e-08  0.00000000e+00 
 3.73500000e-08  3.29999999e+00  3.73500000e-08  3.29999999e+00  3.73500000e-08  3.29933720e+00  3.73500000e-08  3.29948623e+00  3.73500000e-08  0.00000000e+00  3.73500000e-08  0.00000000e+00 
 3.73700000e-08  3.30000001e+00  3.73700000e-08  3.30000001e+00  3.73700000e-08  3.29933963e+00  3.73700000e-08  3.29948813e+00  3.73700000e-08  0.00000000e+00  3.73700000e-08  0.00000000e+00 
 3.73900000e-08  3.29999999e+00  3.73900000e-08  3.29999999e+00  3.73900000e-08  3.29934204e+00  3.73900000e-08  3.29949002e+00  3.73900000e-08  0.00000000e+00  3.73900000e-08  0.00000000e+00 
 3.74100000e-08  3.30000001e+00  3.74100000e-08  3.30000001e+00  3.74100000e-08  3.29934444e+00  3.74100000e-08  3.29949190e+00  3.74100000e-08  0.00000000e+00  3.74100000e-08  0.00000000e+00 
 3.74300000e-08  3.29999999e+00  3.74300000e-08  3.29999999e+00  3.74300000e-08  3.29934682e+00  3.74300000e-08  3.29949376e+00  3.74300000e-08  0.00000000e+00  3.74300000e-08  0.00000000e+00 
 3.74500000e-08  3.30000001e+00  3.74500000e-08  3.30000001e+00  3.74500000e-08  3.29934918e+00  3.74500000e-08  3.29949561e+00  3.74500000e-08  0.00000000e+00  3.74500000e-08  0.00000000e+00 
 3.74700000e-08  3.29999999e+00  3.74700000e-08  3.29999999e+00  3.74700000e-08  3.29935153e+00  3.74700000e-08  3.29949745e+00  3.74700000e-08  0.00000000e+00  3.74700000e-08  0.00000000e+00 
 3.74900000e-08  3.30000001e+00  3.74900000e-08  3.30000001e+00  3.74900000e-08  3.29935386e+00  3.74900000e-08  3.29949927e+00  3.74900000e-08  0.00000000e+00  3.74900000e-08  0.00000000e+00 
 3.75100000e-08  3.29999999e+00  3.75100000e-08  3.29999999e+00  3.75100000e-08  3.29935618e+00  3.75100000e-08  3.29950108e+00  3.75100000e-08  0.00000000e+00  3.75100000e-08  0.00000000e+00 
 3.75300000e-08  3.30000001e+00  3.75300000e-08  3.30000001e+00  3.75300000e-08  3.29935848e+00  3.75300000e-08  3.29950288e+00  3.75300000e-08  0.00000000e+00  3.75300000e-08  0.00000000e+00 
 3.75500000e-08  3.29999999e+00  3.75500000e-08  3.29999999e+00  3.75500000e-08  3.29936077e+00  3.75500000e-08  3.29950467e+00  3.75500000e-08  0.00000000e+00  3.75500000e-08  0.00000000e+00 
 3.75700000e-08  3.30000001e+00  3.75700000e-08  3.30000001e+00  3.75700000e-08  3.29936303e+00  3.75700000e-08  3.29950645e+00  3.75700000e-08  0.00000000e+00  3.75700000e-08  0.00000000e+00 
 3.75900000e-08  3.29999999e+00  3.75900000e-08  3.29999999e+00  3.75900000e-08  3.29936529e+00  3.75900000e-08  3.29950821e+00  3.75900000e-08  0.00000000e+00  3.75900000e-08  0.00000000e+00 
 3.76100000e-08  3.30000001e+00  3.76100000e-08  3.30000001e+00  3.76100000e-08  3.29936753e+00  3.76100000e-08  3.29950996e+00  3.76100000e-08  0.00000000e+00  3.76100000e-08  0.00000000e+00 
 3.76300000e-08  3.29999999e+00  3.76300000e-08  3.29999999e+00  3.76300000e-08  3.29936976e+00  3.76300000e-08  3.29951170e+00  3.76300000e-08  0.00000000e+00  3.76300000e-08  0.00000000e+00 
 3.76500000e-08  3.30000001e+00  3.76500000e-08  3.30000001e+00  3.76500000e-08  3.29937196e+00  3.76500000e-08  3.29951343e+00  3.76500000e-08  0.00000000e+00  3.76500000e-08  0.00000000e+00 
 3.76700000e-08  3.29999999e+00  3.76700000e-08  3.29999999e+00  3.76700000e-08  3.29937416e+00  3.76700000e-08  3.29951515e+00  3.76700000e-08  0.00000000e+00  3.76700000e-08  0.00000000e+00 
 3.76900000e-08  3.30000001e+00  3.76900000e-08  3.30000001e+00  3.76900000e-08  3.29937634e+00  3.76900000e-08  3.29951685e+00  3.76900000e-08  0.00000000e+00  3.76900000e-08  0.00000000e+00 
 3.77100000e-08  3.29999999e+00  3.77100000e-08  3.29999999e+00  3.77100000e-08  3.29937851e+00  3.77100000e-08  3.29951855e+00  3.77100000e-08  0.00000000e+00  3.77100000e-08  0.00000000e+00 
 3.77300000e-08  3.30000001e+00  3.77300000e-08  3.30000001e+00  3.77300000e-08  3.29938065e+00  3.77300000e-08  3.29952023e+00  3.77300000e-08  0.00000000e+00  3.77300000e-08  0.00000000e+00 
 3.77500000e-08  3.29999999e+00  3.77500000e-08  3.29999999e+00  3.77500000e-08  3.29938280e+00  3.77500000e-08  3.29952190e+00  3.77500000e-08  0.00000000e+00  3.77500000e-08  0.00000000e+00 
 3.77700000e-08  3.30000001e+00  3.77700000e-08  3.30000001e+00  3.77700000e-08  3.29938492e+00  3.77700000e-08  3.29952356e+00  3.77700000e-08  0.00000000e+00  3.77700000e-08  0.00000000e+00 
 3.77900000e-08  3.29999999e+00  3.77900000e-08  3.29999999e+00  3.77900000e-08  3.29938703e+00  3.77900000e-08  3.29952521e+00  3.77900000e-08  0.00000000e+00  3.77900000e-08  0.00000000e+00 
 3.78100000e-08  3.30000001e+00  3.78100000e-08  3.30000001e+00  3.78100000e-08  3.29938912e+00  3.78100000e-08  3.29952685e+00  3.78100000e-08  0.00000000e+00  3.78100000e-08  0.00000000e+00 
 3.78300000e-08  3.29999999e+00  3.78300000e-08  3.29999999e+00  3.78300000e-08  3.29939121e+00  3.78300000e-08  3.29952848e+00  3.78300000e-08  0.00000000e+00  3.78300000e-08  0.00000000e+00 
 3.78500000e-08  3.30000001e+00  3.78500000e-08  3.30000001e+00  3.78500000e-08  3.29939328e+00  3.78500000e-08  3.29953010e+00  3.78500000e-08  0.00000000e+00  3.78500000e-08  0.00000000e+00 
 3.78700000e-08  3.29999999e+00  3.78700000e-08  3.29999999e+00  3.78700000e-08  3.29939534e+00  3.78700000e-08  3.29953170e+00  3.78700000e-08  0.00000000e+00  3.78700000e-08  0.00000000e+00 
 3.78900000e-08  3.30000001e+00  3.78900000e-08  3.30000001e+00  3.78900000e-08  3.29939738e+00  3.78900000e-08  3.29953330e+00  3.78900000e-08  0.00000000e+00  3.78900000e-08  0.00000000e+00 
 3.79100000e-08  3.29999999e+00  3.79100000e-08  3.29999999e+00  3.79100000e-08  3.29939941e+00  3.79100000e-08  3.29953489e+00  3.79100000e-08  0.00000000e+00  3.79100000e-08  0.00000000e+00 
 3.79300000e-08  3.30000001e+00  3.79300000e-08  3.30000001e+00  3.79300000e-08  3.29940142e+00  3.79300000e-08  3.29953646e+00  3.79300000e-08  0.00000000e+00  3.79300000e-08  0.00000000e+00 
 3.79500000e-08  3.29999999e+00  3.79500000e-08  3.29999999e+00  3.79500000e-08  3.29940343e+00  3.79500000e-08  3.29953803e+00  3.79500000e-08  0.00000000e+00  3.79500000e-08  0.00000000e+00 
 3.79700000e-08  3.30000001e+00  3.79700000e-08  3.30000001e+00  3.79700000e-08  3.29940542e+00  3.79700000e-08  3.29953959e+00  3.79700000e-08  0.00000000e+00  3.79700000e-08  0.00000000e+00 
 3.79900000e-08  3.29999999e+00  3.79900000e-08  3.29999999e+00  3.79900000e-08  3.29940741e+00  3.79900000e-08  3.29954113e+00  3.79900000e-08  0.00000000e+00  3.79900000e-08  0.00000000e+00 
 3.80100000e-08  3.30000001e+00  3.80100000e-08  3.30000001e+00  3.80100000e-08  3.29940937e+00  3.80100000e-08  3.29954267e+00  3.80100000e-08  0.00000000e+00  3.80100000e-08  0.00000000e+00 
 3.80300000e-08  3.29999999e+00  3.80300000e-08  3.29999999e+00  3.80300000e-08  3.29941133e+00  3.80300000e-08  3.29954420e+00  3.80300000e-08  0.00000000e+00  3.80300000e-08  0.00000000e+00 
 3.80500000e-08  3.30000001e+00  3.80500000e-08  3.30000001e+00  3.80500000e-08  3.29941326e+00  3.80500000e-08  3.29954571e+00  3.80500000e-08  0.00000000e+00  3.80500000e-08  0.00000000e+00 
 3.80700000e-08  3.29999999e+00  3.80700000e-08  3.29999999e+00  3.80700000e-08  3.29941520e+00  3.80700000e-08  3.29954722e+00  3.80700000e-08  0.00000000e+00  3.80700000e-08  0.00000000e+00 
 3.80900000e-08  3.30000001e+00  3.80900000e-08  3.30000001e+00  3.80900000e-08  3.29941711e+00  3.80900000e-08  3.29954872e+00  3.80900000e-08  0.00000000e+00  3.80900000e-08  0.00000000e+00 
 3.81100000e-08  3.29999999e+00  3.81100000e-08  3.29999999e+00  3.81100000e-08  3.29941902e+00  3.81100000e-08  3.29955021e+00  3.81100000e-08  0.00000000e+00  3.81100000e-08  0.00000000e+00 
 3.81300000e-08  3.30000001e+00  3.81300000e-08  3.30000001e+00  3.81300000e-08  3.29942091e+00  3.81300000e-08  3.29955169e+00  3.81300000e-08  0.00000000e+00  3.81300000e-08  0.00000000e+00 
 3.81500000e-08  3.29999999e+00  3.81500000e-08  3.29999999e+00  3.81500000e-08  3.29942280e+00  3.81500000e-08  3.29955316e+00  3.81500000e-08  0.00000000e+00  3.81500000e-08  0.00000000e+00 
 3.81700000e-08  3.30000001e+00  3.81700000e-08  3.30000001e+00  3.81700000e-08  3.29942467e+00  3.81700000e-08  3.29955462e+00  3.81700000e-08  0.00000000e+00  3.81700000e-08  0.00000000e+00 
 3.81900000e-08  3.29999999e+00  3.81900000e-08  3.29999999e+00  3.81900000e-08  3.29942653e+00  3.81900000e-08  3.29955608e+00  3.81900000e-08  0.00000000e+00  3.81900000e-08  0.00000000e+00 
 3.82100000e-08  3.30000001e+00  3.82100000e-08  3.30000001e+00  3.82100000e-08  3.29942837e+00  3.82100000e-08  3.29955752e+00  3.82100000e-08  0.00000000e+00  3.82100000e-08  0.00000000e+00 
 3.82300000e-08  3.29999999e+00  3.82300000e-08  3.29999999e+00  3.82300000e-08  3.29943022e+00  3.82300000e-08  3.29955895e+00  3.82300000e-08  0.00000000e+00  3.82300000e-08  0.00000000e+00 
 3.82500000e-08  3.30000001e+00  3.82500000e-08  3.30000001e+00  3.82500000e-08  3.29943204e+00  3.82500000e-08  3.29956038e+00  3.82500000e-08  0.00000000e+00  3.82500000e-08  0.00000000e+00 
 3.82700000e-08  3.29999999e+00  3.82700000e-08  3.29999999e+00  3.82700000e-08  3.29943386e+00  3.82700000e-08  3.29956180e+00  3.82700000e-08  0.00000000e+00  3.82700000e-08  0.00000000e+00 
 3.82900000e-08  3.30000001e+00  3.82900000e-08  3.30000001e+00  3.82900000e-08  3.29943566e+00  3.82900000e-08  3.29956321e+00  3.82900000e-08  0.00000000e+00  3.82900000e-08  0.00000000e+00 
 3.83100000e-08  3.29999999e+00  3.83100000e-08  3.29999999e+00  3.83100000e-08  3.29943746e+00  3.83100000e-08  3.29956461e+00  3.83100000e-08  0.00000000e+00  3.83100000e-08  0.00000000e+00 
 3.83300000e-08  3.30000001e+00  3.83300000e-08  3.30000001e+00  3.83300000e-08  3.29943923e+00  3.83300000e-08  3.29956600e+00  3.83300000e-08  0.00000000e+00  3.83300000e-08  0.00000000e+00 
 3.83500000e-08  3.29999999e+00  3.83500000e-08  3.29999999e+00  3.83500000e-08  3.29944101e+00  3.83500000e-08  3.29956738e+00  3.83500000e-08  0.00000000e+00  3.83500000e-08  0.00000000e+00 
 3.83700000e-08  3.30000001e+00  3.83700000e-08  3.30000001e+00  3.83700000e-08  3.29944276e+00  3.83700000e-08  3.29956875e+00  3.83700000e-08  0.00000000e+00  3.83700000e-08  0.00000000e+00 
 3.83900000e-08  3.29999999e+00  3.83900000e-08  3.29999999e+00  3.83900000e-08  3.29944452e+00  3.83900000e-08  3.29957012e+00  3.83900000e-08  0.00000000e+00  3.83900000e-08  0.00000000e+00 
 3.84100000e-08  3.30000001e+00  3.84100000e-08  3.30000001e+00  3.84100000e-08  3.29944625e+00  3.84100000e-08  3.29957148e+00  3.84100000e-08  0.00000000e+00  3.84100000e-08  0.00000000e+00 
 3.84300000e-08  3.29999999e+00  3.84300000e-08  3.29999999e+00  3.84300000e-08  3.29944799e+00  3.84300000e-08  3.29957283e+00  3.84300000e-08  0.00000000e+00  3.84300000e-08  0.00000000e+00 
 3.84500000e-08  3.30000001e+00  3.84500000e-08  3.30000001e+00  3.84500000e-08  3.29944970e+00  3.84500000e-08  3.29957417e+00  3.84500000e-08  0.00000000e+00  3.84500000e-08  0.00000000e+00 
 3.84700000e-08  3.29999999e+00  3.84700000e-08  3.29999999e+00  3.84700000e-08  3.29945142e+00  3.84700000e-08  3.29957551e+00  3.84700000e-08  0.00000000e+00  3.84700000e-08  0.00000000e+00 
 3.84900000e-08  3.30000001e+00  3.84900000e-08  3.30000001e+00  3.84900000e-08  3.29945311e+00  3.84900000e-08  3.29957683e+00  3.84900000e-08  0.00000000e+00  3.84900000e-08  0.00000000e+00 
 3.85100000e-08  3.29999999e+00  3.85100000e-08  3.29999999e+00  3.85100000e-08  3.29945481e+00  3.85100000e-08  3.29957815e+00  3.85100000e-08  0.00000000e+00  3.85100000e-08  0.00000000e+00 
 3.85300000e-08  3.30000001e+00  3.85300000e-08  3.30000001e+00  3.85300000e-08  3.29945648e+00  3.85300000e-08  3.29957946e+00  3.85300000e-08  0.00000000e+00  3.85300000e-08  0.00000000e+00 
 3.85500000e-08  3.29999999e+00  3.85500000e-08  3.29999999e+00  3.85500000e-08  3.29945816e+00  3.85500000e-08  3.29958077e+00  3.85500000e-08  0.00000000e+00  3.85500000e-08  0.00000000e+00 
 3.85700000e-08  3.30000001e+00  3.85700000e-08  3.30000001e+00  3.85700000e-08  3.29945981e+00  3.85700000e-08  3.29958206e+00  3.85700000e-08  0.00000000e+00  3.85700000e-08  0.00000000e+00 
 3.85900000e-08  3.29999999e+00  3.85900000e-08  3.29999999e+00  3.85900000e-08  3.29946147e+00  3.85900000e-08  3.29958335e+00  3.85900000e-08  0.00000000e+00  3.85900000e-08  0.00000000e+00 
 3.86100000e-08  3.30000001e+00  3.86100000e-08  3.30000001e+00  3.86100000e-08  3.29946310e+00  3.86100000e-08  3.29958463e+00  3.86100000e-08  0.00000000e+00  3.86100000e-08  0.00000000e+00 
 3.86300000e-08  3.29999999e+00  3.86300000e-08  3.29999999e+00  3.86300000e-08  3.29946474e+00  3.86300000e-08  3.29958590e+00  3.86300000e-08  0.00000000e+00  3.86300000e-08  0.00000000e+00 
 3.86500000e-08  3.30000001e+00  3.86500000e-08  3.30000001e+00  3.86500000e-08  3.29946636e+00  3.86500000e-08  3.29958717e+00  3.86500000e-08  0.00000000e+00  3.86500000e-08  0.00000000e+00 
 3.86700000e-08  3.29999999e+00  3.86700000e-08  3.29999999e+00  3.86700000e-08  3.29946798e+00  3.86700000e-08  3.29958843e+00  3.86700000e-08  0.00000000e+00  3.86700000e-08  0.00000000e+00 
 3.86900000e-08  3.30000001e+00  3.86900000e-08  3.30000001e+00  3.86900000e-08  3.29946957e+00  3.86900000e-08  3.29958968e+00  3.86900000e-08  0.00000000e+00  3.86900000e-08  0.00000000e+00 
 3.87100000e-08  3.29999999e+00  3.87100000e-08  3.29999999e+00  3.87100000e-08  3.29947117e+00  3.87100000e-08  3.29959092e+00  3.87100000e-08  0.00000000e+00  3.87100000e-08  0.00000000e+00 
 3.87300000e-08  3.30000001e+00  3.87300000e-08  3.30000001e+00  3.87300000e-08  3.29947275e+00  3.87300000e-08  3.29959216e+00  3.87300000e-08  0.00000000e+00  3.87300000e-08  0.00000000e+00 
 3.87500000e-08  3.29999999e+00  3.87500000e-08  3.29999999e+00  3.87500000e-08  3.29947434e+00  3.87500000e-08  3.29959339e+00  3.87500000e-08  0.00000000e+00  3.87500000e-08  0.00000000e+00 
 3.87700000e-08  3.30000001e+00  3.87700000e-08  3.30000001e+00  3.87700000e-08  3.29947590e+00  3.87700000e-08  3.29959461e+00  3.87700000e-08  0.00000000e+00  3.87700000e-08  0.00000000e+00 
 3.87900000e-08  3.29999999e+00  3.87900000e-08  3.29999999e+00  3.87900000e-08  3.29947746e+00  3.87900000e-08  3.29959583e+00  3.87900000e-08  0.00000000e+00  3.87900000e-08  0.00000000e+00 
 3.88100000e-08  3.30000001e+00  3.88100000e-08  3.30000001e+00  3.88100000e-08  3.29947900e+00  3.88100000e-08  3.29959703e+00  3.88100000e-08  0.00000000e+00  3.88100000e-08  0.00000000e+00 
 3.88300000e-08  3.29999999e+00  3.88300000e-08  3.29999999e+00  3.88300000e-08  3.29948055e+00  3.88300000e-08  3.29959824e+00  3.88300000e-08  0.00000000e+00  3.88300000e-08  0.00000000e+00 
 3.88500000e-08  3.30000001e+00  3.88500000e-08  3.30000001e+00  3.88500000e-08  3.29948208e+00  3.88500000e-08  3.29959943e+00  3.88500000e-08  0.00000000e+00  3.88500000e-08  0.00000000e+00 
 3.88700000e-08  3.29999999e+00  3.88700000e-08  3.29999999e+00  3.88700000e-08  3.29948361e+00  3.88700000e-08  3.29960062e+00  3.88700000e-08  0.00000000e+00  3.88700000e-08  0.00000000e+00 
 3.88900000e-08  3.30000001e+00  3.88900000e-08  3.30000001e+00  3.88900000e-08  3.29948512e+00  3.88900000e-08  3.29960180e+00  3.88900000e-08  0.00000000e+00  3.88900000e-08  0.00000000e+00 
 3.89100000e-08  3.29999999e+00  3.89100000e-08  3.29999999e+00  3.89100000e-08  3.29948663e+00  3.89100000e-08  3.29960298e+00  3.89100000e-08  0.00000000e+00  3.89100000e-08  0.00000000e+00 
 3.89300000e-08  3.30000001e+00  3.89300000e-08  3.30000001e+00  3.89300000e-08  3.29948812e+00  3.89300000e-08  3.29960414e+00  3.89300000e-08  0.00000000e+00  3.89300000e-08  0.00000000e+00 
 3.89500000e-08  3.29999999e+00  3.89500000e-08  3.29999999e+00  3.89500000e-08  3.29948962e+00  3.89500000e-08  3.29960531e+00  3.89500000e-08  0.00000000e+00  3.89500000e-08  0.00000000e+00 
 3.89700000e-08  3.30000001e+00  3.89700000e-08  3.30000001e+00  3.89700000e-08  3.29949109e+00  3.89700000e-08  3.29960646e+00  3.89700000e-08  0.00000000e+00  3.89700000e-08  0.00000000e+00 
 3.89900000e-08  3.29999999e+00  3.89900000e-08  3.29999999e+00  3.89900000e-08  3.29949257e+00  3.89900000e-08  3.29960761e+00  3.89900000e-08  0.00000000e+00  3.89900000e-08  0.00000000e+00 
 3.90100000e-08  3.30000001e+00  3.90100000e-08  3.30000001e+00  3.90100000e-08  3.29949403e+00  3.90100000e-08  3.29960875e+00  3.90100000e-08  0.00000000e+00  3.90100000e-08  0.00000000e+00 
 3.90300000e-08  3.29999999e+00  3.90300000e-08  3.29999999e+00  3.90300000e-08  3.29949550e+00  3.90300000e-08  3.29960989e+00  3.90300000e-08  0.00000000e+00  3.90300000e-08  0.00000000e+00 
 3.90500000e-08  3.30000001e+00  3.90500000e-08  3.30000001e+00  3.90500000e-08  3.29949694e+00  3.90500000e-08  3.29961102e+00  3.90500000e-08  0.00000000e+00  3.90500000e-08  0.00000000e+00 
 3.90700000e-08  3.29999999e+00  3.90700000e-08  3.29999999e+00  3.90700000e-08  3.29949839e+00  3.90700000e-08  3.29961214e+00  3.90700000e-08  0.00000000e+00  3.90700000e-08  0.00000000e+00 
 3.90900000e-08  3.30000001e+00  3.90900000e-08  3.30000001e+00  3.90900000e-08  3.29949982e+00  3.90900000e-08  3.29961326e+00  3.90900000e-08  0.00000000e+00  3.90900000e-08  0.00000000e+00 
 3.91100000e-08  3.29999999e+00  3.91100000e-08  3.29999999e+00  3.91100000e-08  3.29950125e+00  3.91100000e-08  3.29961437e+00  3.91100000e-08  0.00000000e+00  3.91100000e-08  0.00000000e+00 
 3.91300000e-08  3.30000001e+00  3.91300000e-08  3.30000001e+00  3.91300000e-08  3.29950266e+00  3.91300000e-08  3.29961548e+00  3.91300000e-08  0.00000000e+00  3.91300000e-08  0.00000000e+00 
 3.91500000e-08  3.29999999e+00  3.91500000e-08  3.29999999e+00  3.91500000e-08  3.29950408e+00  3.91500000e-08  3.29961658e+00  3.91500000e-08  0.00000000e+00  3.91500000e-08  0.00000000e+00 
 3.91700000e-08  3.30000001e+00  3.91700000e-08  3.30000001e+00  3.91700000e-08  3.29950548e+00  3.91700000e-08  3.29961767e+00  3.91700000e-08  0.00000000e+00  3.91700000e-08  0.00000000e+00 
 3.91900000e-08  3.29999999e+00  3.91900000e-08  3.29999999e+00  3.91900000e-08  3.29950688e+00  3.91900000e-08  3.29961876e+00  3.91900000e-08  0.00000000e+00  3.91900000e-08  0.00000000e+00 
 3.92100000e-08  3.30000001e+00  3.92100000e-08  3.30000001e+00  3.92100000e-08  3.29950826e+00  3.92100000e-08  3.29961984e+00  3.92100000e-08  0.00000000e+00  3.92100000e-08  0.00000000e+00 
 3.92300000e-08  3.29999999e+00  3.92300000e-08  3.29999999e+00  3.92300000e-08  3.29950965e+00  3.92300000e-08  3.29962092e+00  3.92300000e-08  0.00000000e+00  3.92300000e-08  0.00000000e+00 
 3.92500000e-08  3.30000001e+00  3.92500000e-08  3.30000001e+00  3.92500000e-08  3.29951101e+00  3.92500000e-08  3.29962199e+00  3.92500000e-08  0.00000000e+00  3.92500000e-08  0.00000000e+00 
 3.92700000e-08  3.29999999e+00  3.92700000e-08  3.29999999e+00  3.92700000e-08  3.29951239e+00  3.92700000e-08  3.29962305e+00  3.92700000e-08  0.00000000e+00  3.92700000e-08  0.00000000e+00 
 3.92900000e-08  3.30000001e+00  3.92900000e-08  3.30000001e+00  3.92900000e-08  3.29951374e+00  3.92900000e-08  3.29962411e+00  3.92900000e-08  0.00000000e+00  3.92900000e-08  0.00000000e+00 
 3.93100000e-08  3.29999999e+00  3.93100000e-08  3.29999999e+00  3.93100000e-08  3.29951510e+00  3.93100000e-08  3.29962517e+00  3.93100000e-08  0.00000000e+00  3.93100000e-08  0.00000000e+00 
 3.93300000e-08  3.30000001e+00  3.93300000e-08  3.30000001e+00  3.93300000e-08  3.29951644e+00  3.93300000e-08  3.29962621e+00  3.93300000e-08  0.00000000e+00  3.93300000e-08  0.00000000e+00 
 3.93500000e-08  3.29999999e+00  3.93500000e-08  3.29999999e+00  3.93500000e-08  3.29951778e+00  3.93500000e-08  3.29962725e+00  3.93500000e-08  0.00000000e+00  3.93500000e-08  0.00000000e+00 
 3.93700000e-08  3.30000001e+00  3.93700000e-08  3.30000001e+00  3.93700000e-08  3.29951910e+00  3.93700000e-08  3.29962829e+00  3.93700000e-08  0.00000000e+00  3.93700000e-08  0.00000000e+00 
 3.93900000e-08  3.29999999e+00  3.93900000e-08  3.29999999e+00  3.93900000e-08  3.29952043e+00  3.93900000e-08  3.29962932e+00  3.93900000e-08  0.00000000e+00  3.93900000e-08  0.00000000e+00 
 3.94100000e-08  3.30000001e+00  3.94100000e-08  3.30000001e+00  3.94100000e-08  3.29952174e+00  3.94100000e-08  3.29963035e+00  3.94100000e-08  0.00000000e+00  3.94100000e-08  0.00000000e+00 
 3.94300000e-08  3.29999999e+00  3.94300000e-08  3.29999999e+00  3.94300000e-08  3.29952306e+00  3.94300000e-08  3.29963137e+00  3.94300000e-08  0.00000000e+00  3.94300000e-08  0.00000000e+00 
 3.94500000e-08  3.30000001e+00  3.94500000e-08  3.30000001e+00  3.94500000e-08  3.29952436e+00  3.94500000e-08  3.29963238e+00  3.94500000e-08  0.00000000e+00  3.94500000e-08  0.00000000e+00 
 3.94700000e-08  3.29999999e+00  3.94700000e-08  3.29999999e+00  3.94700000e-08  3.29952566e+00  3.94700000e-08  3.29963339e+00  3.94700000e-08  0.00000000e+00  3.94700000e-08  0.00000000e+00 
 3.94900000e-08  3.30000001e+00  3.94900000e-08  3.30000001e+00  3.94900000e-08  3.29952694e+00  3.94900000e-08  3.29963440e+00  3.94900000e-08  0.00000000e+00  3.94900000e-08  0.00000000e+00 
 3.95100000e-08  3.29999999e+00  3.95100000e-08  3.29999999e+00  3.95100000e-08  3.29952823e+00  3.95100000e-08  3.29963540e+00  3.95100000e-08  0.00000000e+00  3.95100000e-08  0.00000000e+00 
 3.95300000e-08  3.30000001e+00  3.95300000e-08  3.30000001e+00  3.95300000e-08  3.29952950e+00  3.95300000e-08  3.29963639e+00  3.95300000e-08  0.00000000e+00  3.95300000e-08  0.00000000e+00 
 3.95500000e-08  3.29999999e+00  3.95500000e-08  3.29999999e+00  3.95500000e-08  3.29953078e+00  3.95500000e-08  3.29963738e+00  3.95500000e-08  0.00000000e+00  3.95500000e-08  0.00000000e+00 
 3.95700000e-08  3.30000001e+00  3.95700000e-08  3.30000001e+00  3.95700000e-08  3.29953203e+00  3.95700000e-08  3.29963836e+00  3.95700000e-08  0.00000000e+00  3.95700000e-08  0.00000000e+00 
 3.95900000e-08  3.29999999e+00  3.95900000e-08  3.29999999e+00  3.95900000e-08  3.29953330e+00  3.95900000e-08  3.29963934e+00  3.95900000e-08  0.00000000e+00  3.95900000e-08  0.00000000e+00 
 3.96100000e-08  3.30000001e+00  3.96100000e-08  3.30000001e+00  3.96100000e-08  3.29953454e+00  3.96100000e-08  3.29964031e+00  3.96100000e-08  0.00000000e+00  3.96100000e-08  0.00000000e+00 
 3.96300000e-08  3.29999999e+00  3.96300000e-08  3.29999999e+00  3.96300000e-08  3.29953579e+00  3.96300000e-08  3.29964128e+00  3.96300000e-08  0.00000000e+00  3.96300000e-08  0.00000000e+00 
 3.96500000e-08  3.30000001e+00  3.96500000e-08  3.30000000e+00  3.96500000e-08  3.29953702e+00  3.96500000e-08  3.29964225e+00  3.96500000e-08  0.00000000e+00  3.96500000e-08  0.00000000e+00 
 3.96700000e-08  3.29999999e+00  3.96700000e-08  3.29999999e+00  3.96700000e-08  3.29953826e+00  3.96700000e-08  3.29964321e+00  3.96700000e-08  0.00000000e+00  3.96700000e-08  0.00000000e+00 
 3.96900000e-08  3.30000001e+00  3.96900000e-08  3.30000000e+00  3.96900000e-08  3.29953948e+00  3.96900000e-08  3.29964416e+00  3.96900000e-08  0.00000000e+00  3.96900000e-08  0.00000000e+00 
 3.97100000e-08  3.29999999e+00  3.97100000e-08  3.29999999e+00  3.97100000e-08  3.29954070e+00  3.97100000e-08  3.29964511e+00  3.97100000e-08  0.00000000e+00  3.97100000e-08  0.00000000e+00 
 3.97300000e-08  3.30000001e+00  3.97300000e-08  3.30000000e+00  3.97300000e-08  3.29954191e+00  3.97300000e-08  3.29964605e+00  3.97300000e-08  0.00000000e+00  3.97300000e-08  0.00000000e+00 
 3.97500000e-08  3.29999999e+00  3.97500000e-08  3.29999999e+00  3.97500000e-08  3.29954312e+00  3.97500000e-08  3.29964699e+00  3.97500000e-08  0.00000000e+00  3.97500000e-08  0.00000000e+00 
 3.97700000e-08  3.30000001e+00  3.97700000e-08  3.30000000e+00  3.97700000e-08  3.29954432e+00  3.97700000e-08  3.29964793e+00  3.97700000e-08  0.00000000e+00  3.97700000e-08  0.00000000e+00 
 3.97900000e-08  3.29999999e+00  3.97900000e-08  3.29999999e+00  3.97900000e-08  3.29954552e+00  3.97900000e-08  3.29964886e+00  3.97900000e-08  0.00000000e+00  3.97900000e-08  0.00000000e+00 
 3.98100000e-08  3.30000001e+00  3.98100000e-08  3.30000000e+00  3.98100000e-08  3.29954670e+00  3.98100000e-08  3.29964978e+00  3.98100000e-08  0.00000000e+00  3.98100000e-08  0.00000000e+00 
 3.98300000e-08  3.29999999e+00  3.98300000e-08  3.29999999e+00  3.98300000e-08  3.29954789e+00  3.98300000e-08  3.29965070e+00  3.98300000e-08  0.00000000e+00  3.98300000e-08  0.00000000e+00 
 3.98500000e-08  3.30000001e+00  3.98500000e-08  3.30000000e+00  3.98500000e-08  3.29954906e+00  3.98500000e-08  3.29965162e+00  3.98500000e-08  0.00000000e+00  3.98500000e-08  0.00000000e+00 
 3.98700000e-08  3.29999999e+00  3.98700000e-08  3.29999999e+00  3.98700000e-08  3.29955024e+00  3.98700000e-08  3.29965253e+00  3.98700000e-08  0.00000000e+00  3.98700000e-08  0.00000000e+00 
 3.98900000e-08  3.30000001e+00  3.98900000e-08  3.30000000e+00  3.98900000e-08  3.29955140e+00  3.98900000e-08  3.29965344e+00  3.98900000e-08  0.00000000e+00  3.98900000e-08  0.00000000e+00 
 3.99100000e-08  3.29999999e+00  3.99100000e-08  3.29999999e+00  3.99100000e-08  3.29955256e+00  3.99100000e-08  3.29965434e+00  3.99100000e-08  0.00000000e+00  3.99100000e-08  0.00000000e+00 
 3.99300000e-08  3.30000001e+00  3.99300000e-08  3.30000000e+00  3.99300000e-08  3.29955371e+00  3.99300000e-08  3.29965524e+00  3.99300000e-08  0.00000000e+00  3.99300000e-08  0.00000000e+00 
 3.99500000e-08  3.29999999e+00  3.99500000e-08  3.29999999e+00  3.99500000e-08  3.29955487e+00  3.99500000e-08  3.29965613e+00  3.99500000e-08  0.00000000e+00  3.99500000e-08  0.00000000e+00 
 3.99700000e-08  3.30000001e+00  3.99700000e-08  3.30000000e+00  3.99700000e-08  3.29955600e+00  3.99700000e-08  3.29965702e+00  3.99700000e-08  0.00000000e+00  3.99700000e-08  0.00000000e+00 
 3.99900000e-08  3.29999999e+00  3.99900000e-08  3.29999999e+00  3.99900000e-08  3.29955715e+00  3.99900000e-08  3.29965791e+00  3.99900000e-08  0.00000000e+00  3.99900000e-08  0.00000000e+00 
 4.00100000e-08  3.30000000e+00  4.00100000e-08  3.30000000e+00  4.00100000e-08  3.29955827e+00  4.00100000e-08  3.29965879e+00  4.00100000e-08  0.00000000e+00  4.00100000e-08  0.00000000e+00 
 4.00300000e-08  3.29999999e+00  4.00300000e-08  3.29999999e+00  4.00300000e-08  3.29955940e+00  4.00300000e-08  3.29965966e+00  4.00300000e-08  0.00000000e+00  4.00300000e-08  0.00000000e+00 
 4.00500000e-08  3.30000000e+00  4.00500000e-08  3.30000000e+00  4.00500000e-08  3.29956052e+00  4.00500000e-08  3.29966053e+00  4.00500000e-08  0.00000000e+00  4.00500000e-08  0.00000000e+00 
 4.00700000e-08  3.29999999e+00  4.00700000e-08  3.29999999e+00  4.00700000e-08  3.29956164e+00  4.00700000e-08  3.29966140e+00  4.00700000e-08  0.00000000e+00  4.00700000e-08  0.00000000e+00 
 4.00900000e-08  3.30000000e+00  4.00900000e-08  3.30000000e+00  4.00900000e-08  3.29956274e+00  4.00900000e-08  3.29966226e+00  4.00900000e-08  0.00000000e+00  4.00900000e-08  0.00000000e+00 
 4.01100000e-08  3.29999999e+00  4.01100000e-08  3.29999999e+00  4.01100000e-08  3.29956385e+00  4.01100000e-08  3.29966312e+00  4.01100000e-08  0.00000000e+00  4.01100000e-08  0.00000000e+00 
 4.01300000e-08  3.30000000e+00  4.01300000e-08  3.30000000e+00  4.01300000e-08  3.29956495e+00  4.01300000e-08  3.29966398e+00  4.01300000e-08  0.00000000e+00  4.01300000e-08  0.00000000e+00 
 4.01500000e-08  3.29999999e+00  4.01500000e-08  3.29999999e+00  4.01500000e-08  3.29956605e+00  4.01500000e-08  3.29966483e+00  4.01500000e-08  0.00000000e+00  4.01500000e-08  0.00000000e+00 
 4.01700000e-08  3.30000000e+00  4.01700000e-08  3.30000000e+00  4.01700000e-08  3.29956713e+00  4.01700000e-08  3.29966568e+00  4.01700000e-08  0.00000000e+00  4.01700000e-08  0.00000000e+00 
 4.01900000e-08  3.29999999e+00  4.01900000e-08  3.29999999e+00  4.01900000e-08  3.29956822e+00  4.01900000e-08  3.29966652e+00  4.01900000e-08  0.00000000e+00  4.01900000e-08  0.00000000e+00 
 4.02100000e-08  3.30000000e+00  4.02100000e-08  3.30000000e+00  4.02100000e-08  3.29956929e+00  4.02100000e-08  3.29966736e+00  4.02100000e-08  0.00000000e+00  4.02100000e-08  0.00000000e+00 
 4.02300000e-08  3.29999999e+00  4.02300000e-08  3.29999999e+00  4.02300000e-08  3.29957037e+00  4.02300000e-08  3.29966819e+00  4.02300000e-08  0.00000000e+00  4.02300000e-08  0.00000000e+00 
 4.02500000e-08  3.30000000e+00  4.02500000e-08  3.30000000e+00  4.02500000e-08  3.29957143e+00  4.02500000e-08  3.29966902e+00  4.02500000e-08  0.00000000e+00  4.02500000e-08  0.00000000e+00 
 4.02700000e-08  3.29999999e+00  4.02700000e-08  3.29999999e+00  4.02700000e-08  3.29957250e+00  4.02700000e-08  3.29966985e+00  4.02700000e-08  0.00000000e+00  4.02700000e-08  0.00000000e+00 
 4.02900000e-08  3.30000000e+00  4.02900000e-08  3.30000000e+00  4.02900000e-08  3.29957355e+00  4.02900000e-08  3.29967067e+00  4.02900000e-08  0.00000000e+00  4.02900000e-08  0.00000000e+00 
 4.03100000e-08  3.29999999e+00  4.03100000e-08  3.29999999e+00  4.03100000e-08  3.29957461e+00  4.03100000e-08  3.29967149e+00  4.03100000e-08  0.00000000e+00  4.03100000e-08  0.00000000e+00 
 4.03300000e-08  3.30000000e+00  4.03300000e-08  3.30000000e+00  4.03300000e-08  3.29957565e+00  4.03300000e-08  3.29967231e+00  4.03300000e-08  0.00000000e+00  4.03300000e-08  0.00000000e+00 
 4.03500000e-08  3.29999999e+00  4.03500000e-08  3.29999999e+00  4.03500000e-08  3.29957670e+00  4.03500000e-08  3.29967312e+00  4.03500000e-08  0.00000000e+00  4.03500000e-08  0.00000000e+00 
 4.03700000e-08  3.30000000e+00  4.03700000e-08  3.30000000e+00  4.03700000e-08  3.29957773e+00  4.03700000e-08  3.29967393e+00  4.03700000e-08  0.00000000e+00  4.03700000e-08  0.00000000e+00 
 4.03900000e-08  3.29999999e+00  4.03900000e-08  3.29999999e+00  4.03900000e-08  3.29957877e+00  4.03900000e-08  3.29967473e+00  4.03900000e-08  0.00000000e+00  4.03900000e-08  0.00000000e+00 
 4.04100000e-08  3.30000000e+00  4.04100000e-08  3.30000000e+00  4.04100000e-08  3.29957980e+00  4.04100000e-08  3.29967553e+00  4.04100000e-08  0.00000000e+00  4.04100000e-08  0.00000000e+00 
 4.04300000e-08  3.29999999e+00  4.04300000e-08  3.29999999e+00  4.04300000e-08  3.29958083e+00  4.04300000e-08  3.29967633e+00  4.04300000e-08  0.00000000e+00  4.04300000e-08  0.00000000e+00 
 4.04500000e-08  3.30000000e+00  4.04500000e-08  3.30000000e+00  4.04500000e-08  3.29958184e+00  4.04500000e-08  3.29967712e+00  4.04500000e-08  0.00000000e+00  4.04500000e-08  0.00000000e+00 
 4.04700000e-08  3.29999999e+00  4.04700000e-08  3.29999999e+00  4.04700000e-08  3.29958286e+00  4.04700000e-08  3.29967791e+00  4.04700000e-08  0.00000000e+00  4.04700000e-08  0.00000000e+00 
 4.04900000e-08  3.30000000e+00  4.04900000e-08  3.30000000e+00  4.04900000e-08  3.29958386e+00  4.04900000e-08  3.29967869e+00  4.04900000e-08  0.00000000e+00  4.04900000e-08  0.00000000e+00 
 4.05100000e-08  3.29999999e+00  4.05100000e-08  3.29999999e+00  4.05100000e-08  3.29958487e+00  4.05100000e-08  3.29967947e+00  4.05100000e-08  0.00000000e+00  4.05100000e-08  0.00000000e+00 
 4.05300000e-08  3.30000000e+00  4.05300000e-08  3.30000000e+00  4.05300000e-08  3.29958587e+00  4.05300000e-08  3.29968025e+00  4.05300000e-08  0.00000000e+00  4.05300000e-08  0.00000000e+00 
 4.05500000e-08  3.29999999e+00  4.05500000e-08  3.29999999e+00  4.05500000e-08  3.29958687e+00  4.05500000e-08  3.29968103e+00  4.05500000e-08  0.00000000e+00  4.05500000e-08  0.00000000e+00 
 4.05700000e-08  3.30000000e+00  4.05700000e-08  3.30000000e+00  4.05700000e-08  3.29958785e+00  4.05700000e-08  3.29968180e+00  4.05700000e-08  0.00000000e+00  4.05700000e-08  0.00000000e+00 
 4.05900000e-08  3.29999999e+00  4.05900000e-08  3.29999999e+00  4.05900000e-08  3.29958885e+00  4.05900000e-08  3.29968256e+00  4.05900000e-08  0.00000000e+00  4.05900000e-08  0.00000000e+00 
 4.06100000e-08  3.30000000e+00  4.06100000e-08  3.30000000e+00  4.06100000e-08  3.29958982e+00  4.06100000e-08  3.29968333e+00  4.06100000e-08  0.00000000e+00  4.06100000e-08  0.00000000e+00 
 4.06300000e-08  3.29999999e+00  4.06300000e-08  3.29999999e+00  4.06300000e-08  3.29959081e+00  4.06300000e-08  3.29968409e+00  4.06300000e-08  0.00000000e+00  4.06300000e-08  0.00000000e+00 
 4.06500000e-08  3.30000000e+00  4.06500000e-08  3.30000000e+00  4.06500000e-08  3.29959177e+00  4.06500000e-08  3.29968484e+00  4.06500000e-08  0.00000000e+00  4.06500000e-08  0.00000000e+00 
 4.06700000e-08  3.29999999e+00  4.06700000e-08  3.29999999e+00  4.06700000e-08  3.29959275e+00  4.06700000e-08  3.29968560e+00  4.06700000e-08  0.00000000e+00  4.06700000e-08  0.00000000e+00 
 4.06900000e-08  3.30000000e+00  4.06900000e-08  3.30000000e+00  4.06900000e-08  3.29959371e+00  4.06900000e-08  3.29968634e+00  4.06900000e-08  0.00000000e+00  4.06900000e-08  0.00000000e+00 
 4.07100000e-08  3.29999999e+00  4.07100000e-08  3.29999999e+00  4.07100000e-08  3.29959467e+00  4.07100000e-08  3.29968709e+00  4.07100000e-08  0.00000000e+00  4.07100000e-08  0.00000000e+00 
 4.07300000e-08  3.30000000e+00  4.07300000e-08  3.30000000e+00  4.07300000e-08  3.29959562e+00  4.07300000e-08  3.29968783e+00  4.07300000e-08  0.00000000e+00  4.07300000e-08  0.00000000e+00 
 4.07500000e-08  3.29999999e+00  4.07500000e-08  3.29999999e+00  4.07500000e-08  3.29959658e+00  4.07500000e-08  3.29968857e+00  4.07500000e-08  0.00000000e+00  4.07500000e-08  0.00000000e+00 
 4.07700000e-08  3.30000000e+00  4.07700000e-08  3.30000000e+00  4.07700000e-08  3.29959752e+00  4.07700000e-08  3.29968931e+00  4.07700000e-08  0.00000000e+00  4.07700000e-08  0.00000000e+00 
 4.07900000e-08  3.29999999e+00  4.07900000e-08  3.29999999e+00  4.07900000e-08  3.29959847e+00  4.07900000e-08  3.29969004e+00  4.07900000e-08  0.00000000e+00  4.07900000e-08  0.00000000e+00 
 4.08100000e-08  3.30000000e+00  4.08100000e-08  3.30000000e+00  4.08100000e-08  3.29959940e+00  4.08100000e-08  3.29969077e+00  4.08100000e-08  0.00000000e+00  4.08100000e-08  0.00000000e+00 
 4.08300000e-08  3.29999999e+00  4.08300000e-08  3.29999999e+00  4.08300000e-08  3.29960034e+00  4.08300000e-08  3.29969150e+00  4.08300000e-08  0.00000000e+00  4.08300000e-08  0.00000000e+00 
 4.08500000e-08  3.30000000e+00  4.08500000e-08  3.30000000e+00  4.08500000e-08  3.29960127e+00  4.08500000e-08  3.29969222e+00  4.08500000e-08  0.00000000e+00  4.08500000e-08  0.00000000e+00 
 4.08700000e-08  3.29999999e+00  4.08700000e-08  3.29999999e+00  4.08700000e-08  3.29960220e+00  4.08700000e-08  3.29969294e+00  4.08700000e-08  0.00000000e+00  4.08700000e-08  0.00000000e+00 
 4.08900000e-08  3.30000000e+00  4.08900000e-08  3.30000000e+00  4.08900000e-08  3.29960312e+00  4.08900000e-08  3.29969366e+00  4.08900000e-08  0.00000000e+00  4.08900000e-08  0.00000000e+00 
 4.09100000e-08  3.29999999e+00  4.09100000e-08  3.29999999e+00  4.09100000e-08  3.29960404e+00  4.09100000e-08  3.29969437e+00  4.09100000e-08  0.00000000e+00  4.09100000e-08  0.00000000e+00 
 4.09300000e-08  3.30000000e+00  4.09300000e-08  3.30000000e+00  4.09300000e-08  3.29960495e+00  4.09300000e-08  3.29969508e+00  4.09300000e-08  0.00000000e+00  4.09300000e-08  0.00000000e+00 
 4.09500000e-08  3.29999999e+00  4.09500000e-08  3.29999999e+00  4.09500000e-08  3.29960587e+00  4.09500000e-08  3.29969579e+00  4.09500000e-08  0.00000000e+00  4.09500000e-08  0.00000000e+00 
 4.09700000e-08  3.30000000e+00  4.09700000e-08  3.30000000e+00  4.09700000e-08  3.29960677e+00  4.09700000e-08  3.29969649e+00  4.09700000e-08  0.00000000e+00  4.09700000e-08  0.00000000e+00 
 4.09900000e-08  3.29999999e+00  4.09900000e-08  3.29999999e+00  4.09900000e-08  3.29960767e+00  4.09900000e-08  3.29969719e+00  4.09900000e-08  0.00000000e+00  4.09900000e-08  0.00000000e+00 
 4.10100000e-08  3.30000000e+00  4.10100000e-08  3.30000000e+00  4.10100000e-08  3.29960857e+00  4.10100000e-08  3.29969789e+00  4.10100000e-08  0.00000000e+00  4.10100000e-08  0.00000000e+00 
 4.10300000e-08  3.29999999e+00  4.10300000e-08  3.29999999e+00  4.10300000e-08  3.29960947e+00  4.10300000e-08  3.29969859e+00  4.10300000e-08  0.00000000e+00  4.10300000e-08  0.00000000e+00 
 4.10500000e-08  3.30000000e+00  4.10500000e-08  3.30000000e+00  4.10500000e-08  3.29961035e+00  4.10500000e-08  3.29969928e+00  4.10500000e-08  0.00000000e+00  4.10500000e-08  0.00000000e+00 
 4.10700000e-08  3.29999999e+00  4.10700000e-08  3.29999999e+00  4.10700000e-08  3.29961124e+00  4.10700000e-08  3.29969997e+00  4.10700000e-08  0.00000000e+00  4.10700000e-08  0.00000000e+00 
 4.10900000e-08  3.30000000e+00  4.10900000e-08  3.30000000e+00  4.10900000e-08  3.29961212e+00  4.10900000e-08  3.29970065e+00  4.10900000e-08  0.00000000e+00  4.10900000e-08  0.00000000e+00 
 4.11100000e-08  3.29999999e+00  4.11100000e-08  3.29999999e+00  4.11100000e-08  3.29961300e+00  4.11100000e-08  3.29970133e+00  4.11100000e-08  0.00000000e+00  4.11100000e-08  0.00000000e+00 
 4.11300000e-08  3.30000000e+00  4.11300000e-08  3.30000000e+00  4.11300000e-08  3.29961387e+00  4.11300000e-08  3.29970201e+00  4.11300000e-08  0.00000000e+00  4.11300000e-08  0.00000000e+00 
 4.11500000e-08  3.29999999e+00  4.11500000e-08  3.29999999e+00  4.11500000e-08  3.29961475e+00  4.11500000e-08  3.29970269e+00  4.11500000e-08  0.00000000e+00  4.11500000e-08  0.00000000e+00 
 4.11700000e-08  3.30000000e+00  4.11700000e-08  3.30000000e+00  4.11700000e-08  3.29961561e+00  4.11700000e-08  3.29970336e+00  4.11700000e-08  0.00000000e+00  4.11700000e-08  0.00000000e+00 
 4.11900000e-08  3.29999999e+00  4.11900000e-08  3.29999999e+00  4.11900000e-08  3.29961648e+00  4.11900000e-08  3.29970403e+00  4.11900000e-08  0.00000000e+00  4.11900000e-08  0.00000000e+00 
 4.12100000e-08  3.30000000e+00  4.12100000e-08  3.30000000e+00  4.12100000e-08  3.29961734e+00  4.12100000e-08  3.29970470e+00  4.12100000e-08  0.00000000e+00  4.12100000e-08  0.00000000e+00 
 4.12300000e-08  3.29999999e+00  4.12300000e-08  3.29999999e+00  4.12300000e-08  3.29961820e+00  4.12300000e-08  3.29970537e+00  4.12300000e-08  0.00000000e+00  4.12300000e-08  0.00000000e+00 
 4.12500000e-08  3.30000000e+00  4.12500000e-08  3.30000000e+00  4.12500000e-08  3.29961905e+00  4.12500000e-08  3.29970603e+00  4.12500000e-08  0.00000000e+00  4.12500000e-08  0.00000000e+00 
 4.12700000e-08  3.29999999e+00  4.12700000e-08  3.29999999e+00  4.12700000e-08  3.29961990e+00  4.12700000e-08  3.29970669e+00  4.12700000e-08  0.00000000e+00  4.12700000e-08  0.00000000e+00 
 4.12900000e-08  3.30000000e+00  4.12900000e-08  3.30000000e+00  4.12900000e-08  3.29962074e+00  4.12900000e-08  3.29970734e+00  4.12900000e-08  0.00000000e+00  4.12900000e-08  0.00000000e+00 
 4.13100000e-08  3.29999999e+00  4.13100000e-08  3.29999999e+00  4.13100000e-08  3.29962159e+00  4.13100000e-08  3.29970800e+00  4.13100000e-08  0.00000000e+00  4.13100000e-08  0.00000000e+00 
 4.13300000e-08  3.30000000e+00  4.13300000e-08  3.30000000e+00  4.13300000e-08  3.29962242e+00  4.13300000e-08  3.29970865e+00  4.13300000e-08  0.00000000e+00  4.13300000e-08  0.00000000e+00 
 4.13500000e-08  3.29999999e+00  4.13500000e-08  3.29999999e+00  4.13500000e-08  3.29962326e+00  4.13500000e-08  3.29970930e+00  4.13500000e-08  0.00000000e+00  4.13500000e-08  0.00000000e+00 
 4.13700000e-08  3.30000000e+00  4.13700000e-08  3.30000000e+00  4.13700000e-08  3.29962409e+00  4.13700000e-08  3.29970994e+00  4.13700000e-08  0.00000000e+00  4.13700000e-08  0.00000000e+00 
 4.13900000e-08  3.29999999e+00  4.13900000e-08  3.29999999e+00  4.13900000e-08  3.29962492e+00  4.13900000e-08  3.29971059e+00  4.13900000e-08  0.00000000e+00  4.13900000e-08  0.00000000e+00 
 4.14100000e-08  3.30000000e+00  4.14100000e-08  3.30000000e+00  4.14100000e-08  3.29962574e+00  4.14100000e-08  3.29971123e+00  4.14100000e-08  0.00000000e+00  4.14100000e-08  0.00000000e+00 
 4.14300000e-08  3.29999999e+00  4.14300000e-08  3.29999999e+00  4.14300000e-08  3.29962657e+00  4.14300000e-08  3.29971186e+00  4.14300000e-08  0.00000000e+00  4.14300000e-08  0.00000000e+00 
 4.14500000e-08  3.30000000e+00  4.14500000e-08  3.30000000e+00  4.14500000e-08  3.29962738e+00  4.14500000e-08  3.29971250e+00  4.14500000e-08  0.00000000e+00  4.14500000e-08  0.00000000e+00 
 4.14700000e-08  3.29999999e+00  4.14700000e-08  3.29999999e+00  4.14700000e-08  3.29962820e+00  4.14700000e-08  3.29971313e+00  4.14700000e-08  0.00000000e+00  4.14700000e-08  0.00000000e+00 
 4.14900000e-08  3.30000000e+00  4.14900000e-08  3.30000000e+00  4.14900000e-08  3.29962900e+00  4.14900000e-08  3.29971376e+00  4.14900000e-08  0.00000000e+00  4.14900000e-08  0.00000000e+00 
 4.15100000e-08  3.29999999e+00  4.15100000e-08  3.29999999e+00  4.15100000e-08  3.29962981e+00  4.15100000e-08  3.29971439e+00  4.15100000e-08  0.00000000e+00  4.15100000e-08  0.00000000e+00 
 4.15300000e-08  3.30000000e+00  4.15300000e-08  3.30000000e+00  4.15300000e-08  3.29963061e+00  4.15300000e-08  3.29971501e+00  4.15300000e-08  0.00000000e+00  4.15300000e-08  0.00000000e+00 
 4.15500000e-08  3.29999999e+00  4.15500000e-08  3.29999999e+00  4.15500000e-08  3.29963142e+00  4.15500000e-08  3.29971563e+00  4.15500000e-08  0.00000000e+00  4.15500000e-08  0.00000000e+00 
 4.15700000e-08  3.30000000e+00  4.15700000e-08  3.30000000e+00  4.15700000e-08  3.29963221e+00  4.15700000e-08  3.29971625e+00  4.15700000e-08  0.00000000e+00  4.15700000e-08  0.00000000e+00 
 4.15900000e-08  3.29999999e+00  4.15900000e-08  3.29999999e+00  4.15900000e-08  3.29963301e+00  4.15900000e-08  3.29971687e+00  4.15900000e-08  0.00000000e+00  4.15900000e-08  0.00000000e+00 
 4.16100000e-08  3.30000000e+00  4.16100000e-08  3.30000000e+00  4.16100000e-08  3.29963379e+00  4.16100000e-08  3.29971748e+00  4.16100000e-08  0.00000000e+00  4.16100000e-08  0.00000000e+00 
 4.16300000e-08  3.29999999e+00  4.16300000e-08  3.29999999e+00  4.16300000e-08  3.29963459e+00  4.16300000e-08  3.29971809e+00  4.16300000e-08  0.00000000e+00  4.16300000e-08  0.00000000e+00 
 4.16500000e-08  3.30000000e+00  4.16500000e-08  3.30000000e+00  4.16500000e-08  3.29963537e+00  4.16500000e-08  3.29971870e+00  4.16500000e-08  0.00000000e+00  4.16500000e-08  0.00000000e+00 
 4.16700000e-08  3.29999999e+00  4.16700000e-08  3.29999999e+00  4.16700000e-08  3.29963615e+00  4.16700000e-08  3.29971931e+00  4.16700000e-08  0.00000000e+00  4.16700000e-08  0.00000000e+00 
 4.16900000e-08  3.30000000e+00  4.16900000e-08  3.30000000e+00  4.16900000e-08  3.29963692e+00  4.16900000e-08  3.29971991e+00  4.16900000e-08  0.00000000e+00  4.16900000e-08  0.00000000e+00 
 4.17100000e-08  3.29999999e+00  4.17100000e-08  3.29999999e+00  4.17100000e-08  3.29963771e+00  4.17100000e-08  3.29972051e+00  4.17100000e-08  0.00000000e+00  4.17100000e-08  0.00000000e+00 
 4.17300000e-08  3.30000000e+00  4.17300000e-08  3.30000000e+00  4.17300000e-08  3.29963847e+00  4.17300000e-08  3.29972111e+00  4.17300000e-08  0.00000000e+00  4.17300000e-08  0.00000000e+00 
 4.17500000e-08  3.29999999e+00  4.17500000e-08  3.29999999e+00  4.17500000e-08  3.29963924e+00  4.17500000e-08  3.29972171e+00  4.17500000e-08  0.00000000e+00  4.17500000e-08  0.00000000e+00 
 4.17700000e-08  3.30000000e+00  4.17700000e-08  3.30000000e+00  4.17700000e-08  3.29964000e+00  4.17700000e-08  3.29972230e+00  4.17700000e-08  0.00000000e+00  4.17700000e-08  0.00000000e+00 
 4.17900000e-08  3.29999999e+00  4.17900000e-08  3.29999999e+00  4.17900000e-08  3.29964077e+00  4.17900000e-08  3.29972289e+00  4.17900000e-08  0.00000000e+00  4.17900000e-08  0.00000000e+00 
 4.18100000e-08  3.30000000e+00  4.18100000e-08  3.30000000e+00  4.18100000e-08  3.29964152e+00  4.18100000e-08  3.29972348e+00  4.18100000e-08  0.00000000e+00  4.18100000e-08  0.00000000e+00 
 4.18300000e-08  3.29999999e+00  4.18300000e-08  3.29999999e+00  4.18300000e-08  3.29964229e+00  4.18300000e-08  3.29972407e+00  4.18300000e-08  0.00000000e+00  4.18300000e-08  0.00000000e+00 
 4.18500000e-08  3.30000000e+00  4.18500000e-08  3.30000000e+00  4.18500000e-08  3.29964303e+00  4.18500000e-08  3.29972465e+00  4.18500000e-08  0.00000000e+00  4.18500000e-08  0.00000000e+00 
 4.18700000e-08  3.29999999e+00  4.18700000e-08  3.29999999e+00  4.18700000e-08  3.29964379e+00  4.18700000e-08  3.29972523e+00  4.18700000e-08  0.00000000e+00  4.18700000e-08  0.00000000e+00 
 4.18900000e-08  3.30000000e+00  4.18900000e-08  3.30000000e+00  4.18900000e-08  3.29964453e+00  4.18900000e-08  3.29972581e+00  4.18900000e-08  0.00000000e+00  4.18900000e-08  0.00000000e+00 
 4.19100000e-08  3.29999999e+00  4.19100000e-08  3.29999999e+00  4.19100000e-08  3.29964528e+00  4.19100000e-08  3.29972639e+00  4.19100000e-08  0.00000000e+00  4.19100000e-08  0.00000000e+00 
 4.19300000e-08  3.30000000e+00  4.19300000e-08  3.30000000e+00  4.19300000e-08  3.29964601e+00  4.19300000e-08  3.29972696e+00  4.19300000e-08  0.00000000e+00  4.19300000e-08  0.00000000e+00 
 4.19500000e-08  3.29999999e+00  4.19500000e-08  3.29999999e+00  4.19500000e-08  3.29964676e+00  4.19500000e-08  3.29972754e+00  4.19500000e-08  0.00000000e+00  4.19500000e-08  0.00000000e+00 
 4.19700000e-08  3.30000000e+00  4.19700000e-08  3.30000000e+00  4.19700000e-08  3.29964749e+00  4.19700000e-08  3.29972810e+00  4.19700000e-08  0.00000000e+00  4.19700000e-08  0.00000000e+00 
 4.19850000e-08  3.29999999e+00  4.19850000e-08  3.29999999e+00  4.19850000e-08  3.29964804e+00  4.19850000e-08  3.29972853e+00  4.19850000e-08  0.00000000e+00  4.19850000e-08  0.00000000e+00 
 4.20000000e-08  3.30000000e+00  4.20000000e-08  3.30000000e+00  4.20000000e-08  3.29964858e+00  4.20000000e-08  3.29972896e+00  4.20000000e-08  2.18375682e-13  4.20000000e-08  0.00000000e+00 
 4.20020000e-08  3.30000799e+00  4.20020000e-08  3.30000799e+00  4.20020000e-08  3.30225915e+00  4.20020000e-08  3.30234150e+00  4.20020000e-08  6.60000000e-02  4.20020000e-08  0.00000000e+00 
 4.20060000e-08  3.30001877e+00  4.20060000e-08  3.30001878e+00  4.20060000e-08  3.30738917e+00  4.20060000e-08  3.30747378e+00  4.20060000e-08  1.98000000e-01  4.20060000e-08  0.00000000e+00 
 4.20140000e-08  3.30002102e+00  4.20140000e-08  3.30002103e+00  4.20140000e-08  3.31709028e+00  4.20140000e-08  3.31717970e+00  4.20140000e-08  4.62000000e-01  4.20140000e-08  0.00000000e+00 
 4.20300000e-08  3.30000807e+00  4.20300000e-08  3.30000811e+00  4.20300000e-08  3.33469018e+00  4.20300000e-08  3.33481052e+00  4.20300000e-08  9.90000000e-01  4.20300000e-08  0.00000000e+00 
 4.20500000e-08  3.30000027e+00  4.20500000e-08  3.30000026e+00  4.20500000e-08  3.35539683e+00  4.20500000e-08  3.35553648e+00  4.20500000e-08  1.65000000e+00  4.20500000e-08  0.00000000e+00 
 4.20700000e-08  3.30000258e+00  4.20700000e-08  3.30000248e+00  4.20700000e-08  3.37758348e+00  4.20700000e-08  3.37767084e+00  4.20700000e-08  2.31000000e+00  4.20700000e-08  0.00000000e+00 
 4.20850000e-08  3.30000059e+00  4.20850000e-08  3.30000048e+00  4.20850000e-08  3.39395174e+00  4.20850000e-08  3.39395559e+00  4.20850000e-08  2.80500000e+00  4.20850000e-08  0.00000000e+00 
 4.21000000e-08  3.29998554e+00  4.21000000e-08  3.29998538e+00  4.21000000e-08  3.40140604e+00  4.21000000e-08  3.40126496e+00  4.21000000e-08  3.30000000e+00  4.21000000e-08  0.00000000e+00 
 4.21020000e-08  3.29998503e+00  4.21020000e-08  3.29998479e+00  4.21020000e-08  3.40183387e+00  4.21020000e-08  3.40164551e+00  4.21020000e-08  3.30000000e+00  4.21020000e-08  0.00000000e+00 
 4.21060000e-08  3.29998523e+00  4.21060000e-08  3.29998486e+00  4.21060000e-08  3.40277207e+00  4.21060000e-08  3.40248127e+00  4.21060000e-08  3.30000000e+00  4.21060000e-08  0.00000000e+00 
 4.21140000e-08  3.29998915e+00  4.21140000e-08  3.29998867e+00  4.21140000e-08  3.40495871e+00  4.21140000e-08  3.40443784e+00  4.21140000e-08  3.30000000e+00  4.21140000e-08  0.00000000e+00 
 4.21300000e-08  3.29999752e+00  4.21300000e-08  3.29999712e+00  4.21300000e-08  3.41045993e+00  4.21300000e-08  3.40941647e+00  4.21300000e-08  3.30000000e+00  4.21300000e-08  0.00000000e+00 
 4.21500000e-08  3.30000129e+00  4.21500000e-08  3.30000125e+00  4.21500000e-08  3.41861136e+00  4.21500000e-08  3.41696386e+00  4.21500000e-08  3.30000000e+00  4.21500000e-08  0.00000000e+00 
 4.21700000e-08  3.29999933e+00  4.21700000e-08  3.29999979e+00  4.21700000e-08  3.42635339e+00  4.21700000e-08  3.42441308e+00  4.21700000e-08  3.30000000e+00  4.21700000e-08  0.00000000e+00 
 4.21900000e-08  3.29999634e+00  4.21900000e-08  3.29999720e+00  4.21900000e-08  3.43164380e+00  4.21900000e-08  3.42991270e+00  4.21900000e-08  3.30000000e+00  4.21900000e-08  0.00000000e+00 
 4.22100000e-08  3.29999394e+00  4.22100000e-08  3.29999494e+00  4.22100000e-08  3.43297022e+00  4.22100000e-08  3.43201537e+00  4.22100000e-08  3.30000000e+00  4.22100000e-08  0.00000000e+00 
 4.22300000e-08  3.29999290e+00  4.22300000e-08  3.29999383e+00  4.22300000e-08  3.42947678e+00  4.22300000e-08  3.42984662e+00  4.22300000e-08  3.30000000e+00  4.22300000e-08  0.00000000e+00 
 4.22500000e-08  3.29999254e+00  4.22500000e-08  3.29999327e+00  4.22500000e-08  3.42085094e+00  4.22500000e-08  3.42303815e+00  4.22500000e-08  3.30000000e+00  4.22500000e-08  0.00000000e+00 
 4.22700000e-08  3.29999312e+00  4.22700000e-08  3.29999355e+00  4.22700000e-08  3.40716516e+00  4.22700000e-08  3.41159635e+00  4.22700000e-08  3.30000000e+00  4.22700000e-08  0.00000000e+00 
 4.22900000e-08  3.29999419e+00  4.22900000e-08  3.29999435e+00  4.22900000e-08  3.38873492e+00  4.22900000e-08  3.39577184e+00  4.22900000e-08  3.30000000e+00  4.22900000e-08  0.00000000e+00 
 4.23100000e-08  3.29999543e+00  4.23100000e-08  3.29999539e+00  4.23100000e-08  3.36601196e+00  4.23100000e-08  3.37595605e+00  4.23100000e-08  3.30000000e+00  4.23100000e-08  0.00000000e+00 
 4.23300000e-08  3.29999662e+00  4.23300000e-08  3.29999648e+00  4.23300000e-08  3.33950857e+00  4.23300000e-08  3.35260598e+00  4.23300000e-08  3.30000000e+00  4.23300000e-08  0.00000000e+00 
 4.23500000e-08  3.29999763e+00  4.23500000e-08  3.29999747e+00  4.23500000e-08  3.30974685e+00  4.23500000e-08  3.32619385e+00  4.23500000e-08  3.30000000e+00  4.23500000e-08  0.00000000e+00 
 4.23700000e-08  3.29999842e+00  4.23700000e-08  3.29999829e+00  4.23700000e-08  3.27722689e+00  4.23700000e-08  3.29717518e+00  4.23700000e-08  3.30000000e+00  4.23700000e-08  0.00000000e+00 
 4.23900000e-08  3.29999902e+00  4.23900000e-08  3.29999892e+00  4.23900000e-08  3.24240643e+00  4.23900000e-08  3.26597137e+00  4.23900000e-08  3.30000000e+00  4.23900000e-08  0.00000000e+00 
 4.24100000e-08  3.29999946e+00  4.24100000e-08  3.29999940e+00  4.24100000e-08  3.20569343e+00  4.24100000e-08  3.23295850e+00  4.24100000e-08  3.30000000e+00  4.24100000e-08  0.00000000e+00 
 4.24300000e-08  3.29999978e+00  4.24300000e-08  3.29999974e+00  4.24300000e-08  3.16744113e+00  4.24300000e-08  3.19846621e+00  4.24300000e-08  3.30000000e+00  4.24300000e-08  0.00000000e+00 
 4.24500000e-08  3.30000002e+00  4.24500000e-08  3.29999998e+00  4.24500000e-08  3.12794991e+00  4.24500000e-08  3.16277597e+00  4.24500000e-08  3.30000000e+00  4.24500000e-08  0.00000000e+00 
 4.24700000e-08  3.30000019e+00  4.24700000e-08  3.30000016e+00  4.24700000e-08  3.08747242e+00  4.24700000e-08  3.12612541e+00  4.24700000e-08  3.30000000e+00  4.24700000e-08  0.00000000e+00 
 4.24900000e-08  3.30000030e+00  4.24900000e-08  3.30000028e+00  4.24900000e-08  3.04621922e+00  4.24900000e-08  3.08871314e+00  4.24900000e-08  3.30000000e+00  4.24900000e-08  0.00000000e+00 
 4.25100000e-08  3.30000036e+00  4.25100000e-08  3.30000035e+00  4.25100000e-08  3.00436441e+00  4.25100000e-08  3.05070374e+00  4.25100000e-08  3.30000000e+00  4.25100000e-08  0.00000000e+00 
 4.25300000e-08  3.30000040e+00  4.25300000e-08  3.30000039e+00  4.25300000e-08  2.96205091e+00  4.25300000e-08  3.01223257e+00  4.25300000e-08  3.30000000e+00  4.25300000e-08  0.00000000e+00 
 4.25500000e-08  3.30000042e+00  4.25500000e-08  3.30000041e+00  4.25500000e-08  2.91939570e+00  4.25500000e-08  2.97341059e+00  4.25500000e-08  3.30000000e+00  4.25500000e-08  0.00000000e+00 
 4.25700000e-08  3.30000043e+00  4.25700000e-08  3.30000042e+00  4.25700000e-08  2.87649414e+00  4.25700000e-08  2.93432830e+00  4.25700000e-08  3.30000000e+00  4.25700000e-08  0.00000000e+00 
 4.25900000e-08  3.30000044e+00  4.25900000e-08  3.30000042e+00  4.25900000e-08  2.83342398e+00  4.25900000e-08  2.89505943e+00  4.25900000e-08  3.30000000e+00  4.25900000e-08  0.00000000e+00 
 4.26100000e-08  3.30000043e+00  4.26100000e-08  3.30000041e+00  4.26100000e-08  2.79024844e+00  4.26100000e-08  2.85566390e+00  4.26100000e-08  3.30000000e+00  4.26100000e-08  0.00000000e+00 
 4.26300000e-08  3.30000043e+00  4.26300000e-08  3.30000040e+00  4.26300000e-08  2.74701915e+00  4.26300000e-08  2.81619048e+00  4.26300000e-08  3.30000000e+00  4.26300000e-08  0.00000000e+00 
 4.26500000e-08  3.30000042e+00  4.26500000e-08  3.30000039e+00  4.26500000e-08  2.70377821e+00  4.26500000e-08  2.77667882e+00  4.26500000e-08  3.30000000e+00  4.26500000e-08  0.00000000e+00 
 4.26700000e-08  3.30000041e+00  4.26700000e-08  3.30000038e+00  4.26700000e-08  2.66056019e+00  4.26700000e-08  2.73716132e+00  4.26700000e-08  3.30000000e+00  4.26700000e-08  0.00000000e+00 
 4.26900000e-08  3.30000040e+00  4.26900000e-08  3.30000037e+00  4.26900000e-08  2.61739350e+00  4.26900000e-08  2.69766444e+00  4.26900000e-08  3.30000000e+00  4.26900000e-08  0.00000000e+00 
 4.27100000e-08  3.30000039e+00  4.27100000e-08  3.30000036e+00  4.27100000e-08  2.57430175e+00  4.27100000e-08  2.65821000e+00  4.27100000e-08  3.30000000e+00  4.27100000e-08  0.00000000e+00 
 4.27300000e-08  3.30000038e+00  4.27300000e-08  3.30000035e+00  4.27300000e-08  2.53130457e+00  4.27300000e-08  2.61881597e+00  4.27300000e-08  3.30000000e+00  4.27300000e-08  0.00000000e+00 
 4.27500000e-08  3.30000037e+00  4.27500000e-08  3.30000034e+00  4.27500000e-08  2.48841863e+00  4.27500000e-08  2.57949740e+00  4.27500000e-08  3.30000000e+00  4.27500000e-08  0.00000000e+00 
 4.27700000e-08  3.30000036e+00  4.27700000e-08  3.30000032e+00  4.27700000e-08  2.44565808e+00  4.27700000e-08  2.54026687e+00  4.27700000e-08  3.30000000e+00  4.27700000e-08  0.00000000e+00 
 4.27900000e-08  3.30000035e+00  4.27900000e-08  3.30000031e+00  4.27900000e-08  2.40303527e+00  4.27900000e-08  2.50113516e+00  4.27900000e-08  3.30000000e+00  4.27900000e-08  0.00000000e+00 
 4.28100000e-08  3.30000034e+00  4.28100000e-08  3.30000031e+00  4.28100000e-08  2.36056100e+00  4.28100000e-08  2.46211149e+00  4.28100000e-08  3.30000000e+00  4.28100000e-08  0.00000000e+00 
 4.28300000e-08  3.30000033e+00  4.28300000e-08  3.30000030e+00  4.28300000e-08  2.31824509e+00  4.28300000e-08  2.42320402e+00  4.28300000e-08  3.30000000e+00  4.28300000e-08  0.00000000e+00 
 4.28500000e-08  3.30000032e+00  4.28500000e-08  3.30000029e+00  4.28500000e-08  2.27609644e+00  4.28500000e-08  2.38441993e+00  4.28500000e-08  3.30000000e+00  4.28500000e-08  0.00000000e+00 
 4.28700000e-08  3.30000032e+00  4.28700000e-08  3.30000028e+00  4.28700000e-08  2.23412349e+00  4.28700000e-08  2.34576584e+00  4.28700000e-08  3.30000000e+00  4.28700000e-08  0.00000000e+00 
 4.28900000e-08  3.30000031e+00  4.28900000e-08  3.30000027e+00  4.28900000e-08  2.19233426e+00  4.28900000e-08  2.30724781e+00  4.28900000e-08  3.30000000e+00  4.28900000e-08  0.00000000e+00 
 4.29100000e-08  3.30000031e+00  4.29100000e-08  3.30000027e+00  4.29100000e-08  2.15073666e+00  4.29100000e-08  2.26887166e+00  4.29100000e-08  3.30000000e+00  4.29100000e-08  0.00000000e+00 
 4.29300000e-08  3.30000030e+00  4.29300000e-08  3.30000026e+00  4.29300000e-08  2.10933849e+00  4.29300000e-08  2.23064294e+00  4.29300000e-08  3.30000000e+00  4.29300000e-08  0.00000000e+00 
 4.29500000e-08  3.30000030e+00  4.29500000e-08  3.30000026e+00  4.29500000e-08  2.06814777e+00  4.29500000e-08  2.19256718e+00  4.29500000e-08  3.30000000e+00  4.29500000e-08  0.00000000e+00 
 4.29700000e-08  3.30000030e+00  4.29700000e-08  3.30000025e+00  4.29700000e-08  2.02717263e+00  4.29700000e-08  2.15464987e+00  4.29700000e-08  3.30000000e+00  4.29700000e-08  0.00000000e+00 
 4.29900000e-08  3.30000030e+00  4.29900000e-08  3.30000025e+00  4.29900000e-08  1.98642160e+00  4.29900000e-08  2.11689662e+00  4.29900000e-08  3.30000000e+00  4.29900000e-08  0.00000000e+00 
 4.30100000e-08  3.30000030e+00  4.30100000e-08  3.30000025e+00  4.30100000e-08  1.94590346e+00  4.30100000e-08  2.07931313e+00  4.30100000e-08  3.30000000e+00  4.30100000e-08  0.00000000e+00 
 4.30300000e-08  3.30000030e+00  4.30300000e-08  3.30000025e+00  4.30300000e-08  1.90562732e+00  4.30300000e-08  2.04190534e+00  4.30300000e-08  3.30000000e+00  4.30300000e-08  0.00000000e+00 
 4.30500000e-08  3.30000030e+00  4.30500000e-08  3.30000025e+00  4.30500000e-08  1.86560210e+00  4.30500000e-08  2.00467933e+00  4.30500000e-08  3.30000000e+00  4.30500000e-08  0.00000000e+00 
 4.30700000e-08  3.30000030e+00  4.30700000e-08  3.30000024e+00  4.30700000e-08  1.82583571e+00  4.30700000e-08  1.96764144e+00  4.30700000e-08  3.30000000e+00  4.30700000e-08  0.00000000e+00 
 4.30900000e-08  3.30000030e+00  4.30900000e-08  3.30000024e+00  4.30900000e-08  1.78633300e+00  4.30900000e-08  1.93079814e+00  4.30900000e-08  3.30000000e+00  4.30900000e-08  0.00000000e+00 
 4.31100000e-08  3.30000029e+00  4.31100000e-08  3.30000024e+00  4.31100000e-08  1.74709695e+00  4.31100000e-08  1.89415601e+00  4.31100000e-08  3.30000000e+00  4.31100000e-08  0.00000000e+00 
 4.31300000e-08  3.30000029e+00  4.31300000e-08  3.30000024e+00  4.31300000e-08  1.70812592e+00  4.31300000e-08  1.85772139e+00  4.31300000e-08  3.30000000e+00  4.31300000e-08  0.00000000e+00 
 4.31500000e-08  3.30000028e+00  4.31500000e-08  3.30000024e+00  4.31500000e-08  1.66941296e+00  4.31500000e-08  1.82150010e+00  4.31500000e-08  3.30000000e+00  4.31500000e-08  0.00000000e+00 
 4.31700000e-08  3.30000027e+00  4.31700000e-08  3.30000024e+00  4.31700000e-08  1.63094606e+00  4.31700000e-08  1.78549606e+00  4.31700000e-08  3.30000000e+00  4.31700000e-08  0.00000000e+00 
 4.31900000e-08  3.30000025e+00  4.31900000e-08  3.30000024e+00  4.31900000e-08  1.59271006e+00  4.31900000e-08  1.74971067e+00  4.31900000e-08  3.30000000e+00  4.31900000e-08  0.00000000e+00 
 4.32100000e-08  3.30000023e+00  4.32100000e-08  3.30000024e+00  4.32100000e-08  1.55468886e+00  4.32100000e-08  1.71414330e+00  4.32100000e-08  3.30000000e+00  4.32100000e-08  0.00000000e+00 
 4.32300000e-08  3.30000022e+00  4.32300000e-08  3.30000023e+00  4.32300000e-08  1.51686773e+00  4.32300000e-08  1.67878980e+00  4.32300000e-08  3.30000000e+00  4.32300000e-08  0.00000000e+00 
 4.32500000e-08  3.30000021e+00  4.32500000e-08  3.30000022e+00  4.32500000e-08  1.47923442e+00  4.32500000e-08  1.64364236e+00  4.32500000e-08  3.30000000e+00  4.32500000e-08  0.00000000e+00 
 4.32700000e-08  3.30000020e+00  4.32700000e-08  3.30000021e+00  4.32700000e-08  1.44177980e+00  4.32700000e-08  1.60869039e+00  4.32700000e-08  3.30000000e+00  4.32700000e-08  0.00000000e+00 
 4.32900000e-08  3.30000019e+00  4.32900000e-08  3.30000020e+00  4.32900000e-08  1.40449751e+00  4.32900000e-08  1.57392173e+00  4.32900000e-08  3.30000000e+00  4.32900000e-08  0.00000000e+00 
 4.33100000e-08  3.30000018e+00  4.33100000e-08  3.30000019e+00  4.33100000e-08  1.36738374e+00  4.33100000e-08  1.53932430e+00  4.33100000e-08  3.30000000e+00  4.33100000e-08  0.00000000e+00 
 4.33300000e-08  3.30000018e+00  4.33300000e-08  3.30000018e+00  4.33300000e-08  1.33043659e+00  4.33300000e-08  1.50488714e+00  4.33300000e-08  3.30000000e+00  4.33300000e-08  0.00000000e+00 
 4.33500000e-08  3.30000018e+00  4.33500000e-08  3.30000017e+00  4.33500000e-08  1.29365587e+00  4.33500000e-08  1.47060122e+00  4.33500000e-08  3.30000000e+00  4.33500000e-08  0.00000000e+00 
 4.33700000e-08  3.30000017e+00  4.33700000e-08  3.30000016e+00  4.33700000e-08  1.25704261e+00  4.33700000e-08  1.43645957e+00  4.33700000e-08  3.30000000e+00  4.33700000e-08  0.00000000e+00 
 4.33900000e-08  3.30000017e+00  4.33900000e-08  3.30000015e+00  4.33900000e-08  1.22059917e+00  4.33900000e-08  1.40245723e+00  4.33900000e-08  3.30000000e+00  4.33900000e-08  0.00000000e+00 
 4.34100000e-08  3.30000017e+00  4.34100000e-08  3.30000015e+00  4.34100000e-08  1.18432893e+00  4.34100000e-08  1.36859089e+00  4.34100000e-08  3.30000000e+00  4.34100000e-08  0.00000000e+00 
 4.34300000e-08  3.30000018e+00  4.34300000e-08  3.30000014e+00  4.34300000e-08  1.14823668e+00  4.34300000e-08  1.33485871e+00  4.34300000e-08  3.30000000e+00  4.34300000e-08  0.00000000e+00 
 4.34500000e-08  3.30000018e+00  4.34500000e-08  3.30000014e+00  4.34500000e-08  1.11232866e+00  4.34500000e-08  1.30125994e+00  4.34500000e-08  3.30000000e+00  4.34500000e-08  0.00000000e+00 
 4.34700000e-08  3.30000018e+00  4.34700000e-08  3.30000014e+00  4.34700000e-08  1.07661332e+00  4.34700000e-08  1.26779483e+00  4.34700000e-08  3.30000000e+00  4.34700000e-08  0.00000000e+00 
 4.34900000e-08  3.30000019e+00  4.34900000e-08  3.30000014e+00  4.34900000e-08  1.04110199e+00  4.34900000e-08  1.23446439e+00  4.34900000e-08  3.30000000e+00  4.34900000e-08  0.00000000e+00 
 4.35100000e-08  3.30000020e+00  4.35100000e-08  3.30000014e+00  4.35100000e-08  1.00581075e+00  4.35100000e-08  1.20127047e+00  4.35100000e-08  3.30000000e+00  4.35100000e-08  0.00000000e+00 
 4.35300000e-08  3.30000021e+00  4.35300000e-08  3.30000014e+00  4.35300000e-08  9.70763017e-01  4.35300000e-08  1.16821564e+00  4.35300000e-08  3.30000000e+00  4.35300000e-08  0.00000000e+00 
 4.35500000e-08  3.30000024e+00  4.35500000e-08  3.30000014e+00  4.35500000e-08  9.35995017e-01  4.35500000e-08  1.13530344e+00  4.35500000e-08  3.30000000e+00  4.35500000e-08  0.00000000e+00 
 4.35700000e-08  3.30000028e+00  4.35700000e-08  3.30000015e+00  4.35700000e-08  9.01566033e-01  4.35700000e-08  1.10253861e+00  4.35700000e-08  3.30000000e+00  4.35700000e-08  0.00000000e+00 
 4.35900000e-08  3.30000035e+00  4.35900000e-08  3.30000015e+00  4.35900000e-08  8.67580665e-01  4.35900000e-08  1.06992792e+00  4.35900000e-08  3.30000000e+00  4.35900000e-08  0.00000000e+00 
 4.36100000e-08  3.30000048e+00  4.36100000e-08  3.30000016e+00  4.36100000e-08  8.34239817e-01  4.36100000e-08  1.03748241e+00  4.36100000e-08  3.30000000e+00  4.36100000e-08  0.00000000e+00 
 4.36300000e-08  3.30000076e+00  4.36300000e-08  3.30000018e+00  4.36300000e-08  8.01962505e-01  4.36300000e-08  1.00522447e+00  4.36300000e-08  3.30000000e+00  4.36300000e-08  0.00000000e+00 
 4.36500000e-08  3.30000134e+00  4.36500000e-08  3.30000022e+00  4.36500000e-08  7.71595109e-01  4.36500000e-08  9.73200671e-01  4.36500000e-08  3.30000000e+00  4.36500000e-08  0.00000000e+00 
 4.36700000e-08  3.30000220e+00  4.36700000e-08  3.30000027e+00  4.36700000e-08  7.44393609e-01  4.36700000e-08  9.41472240e-01  4.36700000e-08  3.30000000e+00  4.36700000e-08  0.00000000e+00 
 4.36900000e-08  3.30000296e+00  4.36900000e-08  3.30000029e+00  4.36900000e-08  7.21381176e-01  4.36900000e-08  9.10064870e-01  4.36900000e-08  3.30000000e+00  4.36900000e-08  0.00000000e+00 
 4.37100000e-08  3.30000312e+00  4.37100000e-08  3.30000025e+00  4.37100000e-08  7.02662222e-01  4.37100000e-08  8.78947592e-01  4.37100000e-08  3.30000000e+00  4.37100000e-08  0.00000000e+00 
 4.37300000e-08  3.30000271e+00  4.37300000e-08  3.30000020e+00  4.37300000e-08  6.87559369e-01  4.37300000e-08  8.48081250e-01  4.37300000e-08  3.30000000e+00  4.37300000e-08  0.00000000e+00 
 4.37500000e-08  3.30000211e+00  4.37500000e-08  3.30000022e+00  4.37500000e-08  6.75199789e-01  4.37500000e-08  8.17515038e-01  4.37500000e-08  3.30000000e+00  4.37500000e-08  0.00000000e+00 
 4.37700000e-08  3.30000157e+00  4.37700000e-08  3.30000041e+00  4.37700000e-08  6.64860107e-01  4.37700000e-08  7.87551806e-01  4.37700000e-08  3.30000000e+00  4.37700000e-08  0.00000000e+00 
 4.37900000e-08  3.30000118e+00  4.37900000e-08  3.30000093e+00  4.37900000e-08  6.56025188e-01  4.37900000e-08  7.58961498e-01  4.37900000e-08  3.30000000e+00  4.37900000e-08  0.00000000e+00 
 4.38100000e-08  3.30000091e+00  4.38100000e-08  3.30000174e+00  4.38100000e-08  6.48332897e-01  4.38100000e-08  7.32910419e-01  4.38100000e-08  3.30000000e+00  4.38100000e-08  0.00000000e+00 
 4.38300000e-08  3.30000069e+00  4.38300000e-08  3.30000243e+00  4.38300000e-08  6.41505073e-01  4.38300000e-08  7.10335169e-01  4.38300000e-08  3.30000000e+00  4.38300000e-08  0.00000000e+00 
 4.38500000e-08  3.30000050e+00  4.38500000e-08  3.30000260e+00  4.38500000e-08  6.35311156e-01  4.38500000e-08  6.91363592e-01  4.38500000e-08  3.30000000e+00  4.38500000e-08  0.00000000e+00 
 4.38700000e-08  3.30000033e+00  4.38700000e-08  3.30000229e+00  4.38700000e-08  6.29560843e-01  4.38700000e-08  6.75455272e-01  4.38700000e-08  3.30000000e+00  4.38700000e-08  0.00000000e+00 
 4.38900000e-08  3.30000021e+00  4.38900000e-08  3.30000179e+00  4.38900000e-08  6.24102717e-01  4.38900000e-08  6.61890212e-01  4.38900000e-08  3.30000000e+00  4.38900000e-08  0.00000000e+00 
 4.39100000e-08  3.30000012e+00  4.39100000e-08  3.30000134e+00  4.39100000e-08  6.18822222e-01  4.39100000e-08  6.50057800e-01  4.39100000e-08  3.30000000e+00  4.39100000e-08  0.00000000e+00 
 4.39300000e-08  3.30000007e+00  4.39300000e-08  3.30000099e+00  4.39300000e-08  6.13637662e-01  4.39300000e-08  6.39513404e-01  4.39300000e-08  3.30000000e+00  4.39300000e-08  0.00000000e+00 
 4.39500000e-08  3.30000003e+00  4.39500000e-08  3.30000075e+00  4.39500000e-08  6.08494683e-01  4.39500000e-08  6.29947462e-01  4.39500000e-08  3.30000000e+00  4.39500000e-08  0.00000000e+00 
 4.39700000e-08  3.30000000e+00  4.39700000e-08  3.30000058e+00  4.39700000e-08  6.03360030e-01  4.39700000e-08  6.21144186e-01  4.39700000e-08  3.30000000e+00  4.39700000e-08  0.00000000e+00 
 4.39900000e-08  3.29999999e+00  4.39900000e-08  3.30000046e+00  4.39900000e-08  5.98215933e-01  4.39900000e-08  6.12949400e-01  4.39900000e-08  3.30000000e+00  4.39900000e-08  0.00000000e+00 
 4.40100000e-08  3.29999998e+00  4.40100000e-08  3.30000037e+00  4.40100000e-08  5.93055206e-01  4.40100000e-08  6.05251490e-01  4.40100000e-08  3.30000000e+00  4.40100000e-08  0.00000000e+00 
 4.40300000e-08  3.29999998e+00  4.40300000e-08  3.30000031e+00  4.40300000e-08  5.87877679e-01  4.40300000e-08  5.97967245e-01  4.40300000e-08  3.30000000e+00  4.40300000e-08  0.00000000e+00 
 4.40500000e-08  3.29999999e+00  4.40500000e-08  3.30000026e+00  4.40500000e-08  5.82687457e-01  4.40500000e-08  5.91031305e-01  4.40500000e-08  3.30000000e+00  4.40500000e-08  0.00000000e+00 
 4.40700000e-08  3.29999999e+00  4.40700000e-08  3.30000022e+00  4.40700000e-08  5.77491031e-01  4.40700000e-08  5.84392115e-01  4.40700000e-08  3.30000000e+00  4.40700000e-08  0.00000000e+00 
 4.40900000e-08  3.30000000e+00  4.40900000e-08  3.30000019e+00  4.40900000e-08  5.72295882e-01  4.40900000e-08  5.78008124e-01  4.40900000e-08  3.30000000e+00  4.40900000e-08  0.00000000e+00 
 4.41100000e-08  3.30000000e+00  4.41100000e-08  3.30000016e+00  4.41100000e-08  5.67109700e-01  4.41100000e-08  5.71845357e-01  4.41100000e-08  3.30000000e+00  4.41100000e-08  0.00000000e+00 
 4.41300000e-08  3.30000001e+00  4.41300000e-08  3.30000014e+00  4.41300000e-08  5.61939769e-01  4.41300000e-08  5.65875658e-01  4.41300000e-08  3.30000000e+00  4.41300000e-08  0.00000000e+00 
 4.41500000e-08  3.30000001e+00  4.41500000e-08  3.30000012e+00  4.41500000e-08  5.56792745e-01  4.41500000e-08  5.60075548e-01  4.41500000e-08  3.30000000e+00  4.41500000e-08  0.00000000e+00 
 4.41700000e-08  3.30000002e+00  4.41700000e-08  3.30000011e+00  4.41700000e-08  5.51674416e-01  4.41700000e-08  5.54425285e-01  4.41700000e-08  3.30000000e+00  4.41700000e-08  0.00000000e+00 
 4.41900000e-08  3.30000002e+00  4.41900000e-08  3.30000010e+00  4.41900000e-08  5.46589735e-01  4.41900000e-08  5.48908267e-01  4.41900000e-08  3.30000000e+00  4.41900000e-08  0.00000000e+00 
 4.42100000e-08  3.30000002e+00  4.42100000e-08  3.30000009e+00  4.42100000e-08  5.41542754e-01  4.42100000e-08  5.43510450e-01  4.42100000e-08  3.30000000e+00  4.42100000e-08  0.00000000e+00 
 4.42300000e-08  3.30000003e+00  4.42300000e-08  3.30000008e+00  4.42300000e-08  5.36536754e-01  4.42300000e-08  5.38219997e-01  4.42300000e-08  3.30000000e+00  4.42300000e-08  0.00000000e+00 
 4.42500000e-08  3.30000003e+00  4.42500000e-08  3.30000007e+00  4.42500000e-08  5.31574246e-01  4.42500000e-08  5.33026869e-01  4.42500000e-08  3.30000000e+00  4.42500000e-08  0.00000000e+00 
 4.42700000e-08  3.30000003e+00  4.42700000e-08  3.30000006e+00  4.42700000e-08  5.26657134e-01  4.42700000e-08  5.27922604e-01  4.42700000e-08  3.30000000e+00  4.42700000e-08  0.00000000e+00 
 4.42900000e-08  3.30000003e+00  4.42900000e-08  3.30000006e+00  4.42900000e-08  5.21786728e-01  4.42900000e-08  5.22900013e-01  4.42900000e-08  3.30000000e+00  4.42900000e-08  0.00000000e+00 
 4.43100000e-08  3.30000003e+00  4.43100000e-08  3.30000005e+00  4.43100000e-08  5.16963905e-01  4.43100000e-08  5.17953034e-01  4.43100000e-08  3.30000000e+00  4.43100000e-08  0.00000000e+00 
 4.43300000e-08  3.30000003e+00  4.43300000e-08  3.30000005e+00  4.43300000e-08  5.12189117e-01  4.43300000e-08  5.13076498e-01  4.43300000e-08  3.30000000e+00  4.43300000e-08  0.00000000e+00 
 4.43500000e-08  3.30000003e+00  4.43500000e-08  3.30000005e+00  4.43500000e-08  5.07462539e-01  4.43500000e-08  5.08266040e-01  4.43500000e-08  3.30000000e+00  4.43500000e-08  0.00000000e+00 
 4.43700000e-08  3.30000003e+00  4.43700000e-08  3.30000004e+00  4.43700000e-08  5.02784054e-01  4.43700000e-08  5.03517908e-01  4.43700000e-08  3.30000000e+00  4.43700000e-08  0.00000000e+00 
 4.43900000e-08  3.30000003e+00  4.43900000e-08  3.30000004e+00  4.43900000e-08  4.98153391e-01  4.43900000e-08  4.98828924e-01  4.43900000e-08  3.30000000e+00  4.43900000e-08  0.00000000e+00 
 4.44100000e-08  3.30000003e+00  4.44100000e-08  3.30000004e+00  4.44100000e-08  4.93570089e-01  4.44100000e-08  4.94196324e-01  4.44100000e-08  3.30000000e+00  4.44100000e-08  0.00000000e+00 
 4.44300000e-08  3.30000003e+00  4.44300000e-08  3.30000004e+00  4.44300000e-08  4.89033618e-01  4.44300000e-08  4.89617751e-01  4.44300000e-08  3.30000000e+00  4.44300000e-08  0.00000000e+00 
 4.44500000e-08  3.30000003e+00  4.44500000e-08  3.30000004e+00  4.44500000e-08  4.84543333e-01  4.44500000e-08  4.85091123e-01  4.44500000e-08  3.30000000e+00  4.44500000e-08  0.00000000e+00 
 4.44700000e-08  3.30000003e+00  4.44700000e-08  3.30000003e+00  4.44700000e-08  4.80098577e-01  4.44700000e-08  4.80614651e-01  4.44700000e-08  3.30000000e+00  4.44700000e-08  0.00000000e+00 
 4.44900000e-08  3.30000003e+00  4.44900000e-08  3.30000003e+00  4.44900000e-08  4.75698623e-01  4.44900000e-08  4.76186724e-01  4.44900000e-08  3.30000000e+00  4.44900000e-08  0.00000000e+00 
 4.45100000e-08  3.30000003e+00  4.45100000e-08  3.30000003e+00  4.45100000e-08  4.71342769e-01  4.45100000e-08  4.71805943e-01  4.45100000e-08  3.30000000e+00  4.45100000e-08  0.00000000e+00 
 4.45300000e-08  3.30000003e+00  4.45300000e-08  3.30000003e+00  4.45300000e-08  4.67030271e-01  4.45300000e-08  4.67471025e-01  4.45300000e-08  3.30000000e+00  4.45300000e-08  0.00000000e+00 
 4.45500000e-08  3.30000003e+00  4.45500000e-08  3.30000003e+00  4.45500000e-08  4.62760433e-01  4.45500000e-08  4.63180844e-01  4.45500000e-08  3.30000000e+00  4.45500000e-08  0.00000000e+00 
 4.45700000e-08  3.30000003e+00  4.45700000e-08  3.30000003e+00  4.45700000e-08  4.58532531e-01  4.45700000e-08  4.58934344e-01  4.45700000e-08  3.30000000e+00  4.45700000e-08  0.00000000e+00 
 4.45900000e-08  3.30000003e+00  4.45900000e-08  3.30000003e+00  4.45900000e-08  4.54345899e-01  4.45900000e-08  4.54730592e-01  4.45900000e-08  3.30000000e+00  4.45900000e-08  0.00000000e+00 
 4.46100000e-08  3.30000003e+00  4.46100000e-08  3.30000003e+00  4.46100000e-08  4.50199852e-01  4.46100000e-08  4.50568699e-01  4.46100000e-08  3.30000000e+00  4.46100000e-08  0.00000000e+00 
 4.46300000e-08  3.30000003e+00  4.46300000e-08  3.30000003e+00  4.46300000e-08  4.46093769e-01  4.46300000e-08  4.46447871e-01  4.46300000e-08  3.30000000e+00  4.46300000e-08  0.00000000e+00 
 4.46500000e-08  3.30000003e+00  4.46500000e-08  3.30000003e+00  4.46500000e-08  4.42027009e-01  4.46500000e-08  4.42367338e-01  4.46500000e-08  3.30000000e+00  4.46500000e-08  0.00000000e+00 
 4.46700000e-08  3.30000003e+00  4.46700000e-08  3.30000003e+00  4.46700000e-08  4.37998996e-01  4.46700000e-08  4.38326410e-01  4.46700000e-08  3.30000000e+00  4.46700000e-08  0.00000000e+00 
 4.46900000e-08  3.30000003e+00  4.46900000e-08  3.30000003e+00  4.46900000e-08  4.34009138e-01  4.46900000e-08  4.34324410e-01  4.46900000e-08  3.30000000e+00  4.46900000e-08  0.00000000e+00 
 4.47100000e-08  3.30000002e+00  4.47100000e-08  3.30000003e+00  4.47100000e-08  4.30056904e-01  4.47100000e-08  4.30360727e-01  4.47100000e-08  3.30000000e+00  4.47100000e-08  0.00000000e+00 
 4.47300000e-08  3.30000002e+00  4.47300000e-08  3.30000002e+00  4.47300000e-08  4.26141746e-01  4.47300000e-08  4.26434754e-01  4.47300000e-08  3.30000000e+00  4.47300000e-08  0.00000000e+00 
 4.47500000e-08  3.30000002e+00  4.47500000e-08  3.30000002e+00  4.47500000e-08  4.22263173e-01  4.47500000e-08  4.22545943e-01  4.47500000e-08  3.30000000e+00  4.47500000e-08  0.00000000e+00 
 4.47700000e-08  3.30000002e+00  4.47700000e-08  3.30000002e+00  4.47700000e-08  4.18420677e-01  4.47700000e-08  4.18693743e-01  4.47700000e-08  3.30000000e+00  4.47700000e-08  0.00000000e+00 
 4.47900000e-08  3.30000002e+00  4.47900000e-08  3.30000002e+00  4.47900000e-08  4.14613806e-01  4.47900000e-08  4.14877657e-01  4.47900000e-08  3.30000000e+00  4.47900000e-08  0.00000000e+00 
 4.48100000e-08  3.30000002e+00  4.48100000e-08  3.30000002e+00  4.48100000e-08  4.10842086e-01  4.48100000e-08  4.11097181e-01  4.48100000e-08  3.30000000e+00  4.48100000e-08  0.00000000e+00 
 4.48300000e-08  3.30000002e+00  4.48300000e-08  3.30000002e+00  4.48300000e-08  4.07105098e-01  4.48300000e-08  4.07351858e-01  4.48300000e-08  3.30000000e+00  4.48300000e-08  0.00000000e+00 
 4.48500000e-08  3.30000002e+00  4.48500000e-08  3.30000002e+00  4.48500000e-08  4.03402399e-01  4.48500000e-08  4.03641222e-01  4.48500000e-08  3.30000000e+00  4.48500000e-08  0.00000000e+00 
 4.48700000e-08  3.30000002e+00  4.48700000e-08  3.30000002e+00  4.48700000e-08  3.99733598e-01  4.48700000e-08  3.99964853e-01  4.48700000e-08  3.30000000e+00  4.48700000e-08  0.00000000e+00 
 4.48900000e-08  3.30000002e+00  4.48900000e-08  3.30000002e+00  4.48900000e-08  3.96098280e-01  4.48900000e-08  3.96322314e-01  4.48900000e-08  3.30000000e+00  4.48900000e-08  0.00000000e+00 
 4.49100000e-08  3.30000002e+00  4.49100000e-08  3.30000002e+00  4.49100000e-08  3.92496079e-01  4.49100000e-08  3.92713216e-01  4.49100000e-08  3.30000000e+00  4.49100000e-08  0.00000000e+00 
 4.49300000e-08  3.30000002e+00  4.49300000e-08  3.30000002e+00  4.49300000e-08  3.88926603e-01  4.49300000e-08  3.89137149e-01  4.49300000e-08  3.30000000e+00  4.49300000e-08  0.00000000e+00 
 4.49500000e-08  3.30000002e+00  4.49500000e-08  3.30000002e+00  4.49500000e-08  3.85389508e-01  4.49500000e-08  3.85593749e-01  4.49500000e-08  3.30000000e+00  4.49500000e-08  0.00000000e+00 
 4.49700000e-08  3.30000002e+00  4.49700000e-08  3.30000002e+00  4.49700000e-08  3.81884422e-01  4.49700000e-08  3.82082631e-01  4.49700000e-08  3.30000000e+00  4.49700000e-08  0.00000000e+00 
 4.49850000e-08  3.30000002e+00  4.49850000e-08  3.30000002e+00  4.49850000e-08  3.79276427e-01  4.49850000e-08  3.79470278e-01  4.49850000e-08  3.30000000e+00  4.49850000e-08  0.00000000e+00 
 4.50000000e-08  3.30000002e+00  4.50000000e-08  3.30000002e+00  4.50000000e-08  3.76686096e-01  4.50000000e-08  3.76875730e-01  4.50000000e-08  3.30000000e+00  4.50000000e-08  0.00000000e+00 
